csd_code,municipality,region,year,survey_month,bedroom_type,avg_monthly_rent,quality_flag,quality_level,source_table
3518005,Ajax,Durham,1990,October,1 Bedroom,452.0,a,Excellent,rent_history_3518005_ajax
3518005,Ajax,Durham,1990,October,2 Bedroom,638.0,a,Excellent,rent_history_3518005_ajax
3518005,Ajax,Durham,1990,October,3 Bedroom,748.0,a,Excellent,rent_history_3518005_ajax
3518005,Ajax,Durham,1990,October,Total,648.0,a,Excellent,rent_history_3518005_ajax
3518005,Ajax,Durham,1991,October,1 Bedroom,514.0,a,Excellent,rent_history_3518005_ajax
3518005,Ajax,Durham,1991,October,2 Bedroom,697.0,a,Excellent,rent_history_3518005_ajax
3518005,Ajax,Durham,1991,October,3 Bedroom,816.0,a,Excellent,rent_history_3518005_ajax
3518005,Ajax,Durham,1991,October,Total,709.0,a,Excellent,rent_history_3518005_ajax
3518005,Ajax,Durham,1992,October,1 Bedroom,539.0,a,Excellent,rent_history_3518005_ajax
3518005,Ajax,Durham,1992,October,2 Bedroom,721.0,a,Excellent,rent_history_3518005_ajax
3518005,Ajax,Durham,1992,October,3 Bedroom,838.0,b,Very good,rent_history_3518005_ajax
3518005,Ajax,Durham,1992,October,Total,728.0,a,Excellent,rent_history_3518005_ajax
3518005,Ajax,Durham,1993,October,1 Bedroom,585.0,a,Excellent,rent_history_3518005_ajax
3518005,Ajax,Durham,1993,October,2 Bedroom,741.0,a,Excellent,rent_history_3518005_ajax
3518005,Ajax,Durham,1993,October,3 Bedroom,882.0,a,Excellent,rent_history_3518005_ajax
3518005,Ajax,Durham,1993,October,Total,761.0,a,Excellent,rent_history_3518005_ajax
3518005,Ajax,Durham,1994,October,1 Bedroom,594.0,a,Excellent,rent_history_3518005_ajax
3518005,Ajax,Durham,1994,October,2 Bedroom,764.0,a,Excellent,rent_history_3518005_ajax
3518005,Ajax,Durham,1994,October,3 Bedroom,848.0,a,Excellent,rent_history_3518005_ajax
3518005,Ajax,Durham,1994,October,Total,769.0,a,Excellent,rent_history_3518005_ajax
3518005,Ajax,Durham,1995,October,1 Bedroom,552.0,a,Excellent,rent_history_3518005_ajax
3518005,Ajax,Durham,1995,October,2 Bedroom,756.0,a,Excellent,rent_history_3518005_ajax
3518005,Ajax,Durham,1995,October,3 Bedroom,820.0,a,Excellent,rent_history_3518005_ajax
3518005,Ajax,Durham,1995,October,Total,755.0,a,Excellent,rent_history_3518005_ajax
3518005,Ajax,Durham,1996,October,1 Bedroom,576.0,a,Excellent,rent_history_3518005_ajax
3518005,Ajax,Durham,1996,October,2 Bedroom,771.0,a,Excellent,rent_history_3518005_ajax
3518005,Ajax,Durham,1996,October,3 Bedroom,854.0,a,Excellent,rent_history_3518005_ajax
3518005,Ajax,Durham,1996,October,Total,775.0,a,Excellent,rent_history_3518005_ajax
3518005,Ajax,Durham,1997,October,1 Bedroom,575.0,a,Excellent,rent_history_3518005_ajax
3518005,Ajax,Durham,1997,October,2 Bedroom,761.0,a,Excellent,rent_history_3518005_ajax
3518005,Ajax,Durham,1997,October,3 Bedroom,851.0,a,Excellent,rent_history_3518005_ajax
3518005,Ajax,Durham,1997,October,Total,769.0,a,Excellent,rent_history_3518005_ajax
3518005,Ajax,Durham,1998,October,1 Bedroom,633.0,a,Excellent,rent_history_3518005_ajax
3518005,Ajax,Durham,1998,October,2 Bedroom,798.0,a,Excellent,rent_history_3518005_ajax
3518005,Ajax,Durham,1998,October,3 Bedroom,886.0,a,Excellent,rent_history_3518005_ajax
3518005,Ajax,Durham,1998,October,Total,812.0,a,Excellent,rent_history_3518005_ajax
3518005,Ajax,Durham,1999,October,1 Bedroom,575.0,a,Excellent,rent_history_3518005_ajax
3518005,Ajax,Durham,1999,October,2 Bedroom,800.0,a,Excellent,rent_history_3518005_ajax
3518005,Ajax,Durham,1999,October,3 Bedroom,894.0,a,Excellent,rent_history_3518005_ajax
3518005,Ajax,Durham,1999,October,Total,802.0,a,Excellent,rent_history_3518005_ajax
3518005,Ajax,Durham,2000,October,1 Bedroom,676.0,a,Excellent,rent_history_3518005_ajax
3518005,Ajax,Durham,2000,October,2 Bedroom,860.0,a,Excellent,rent_history_3518005_ajax
3518005,Ajax,Durham,2000,October,3 Bedroom,945.0,a,Excellent,rent_history_3518005_ajax
3518005,Ajax,Durham,2000,October,Total,861.0,a,Excellent,rent_history_3518005_ajax
3518005,Ajax,Durham,2001,October,1 Bedroom,643.0,a,Excellent,rent_history_3518005_ajax
3518005,Ajax,Durham,2001,October,2 Bedroom,861.0,a,Excellent,rent_history_3518005_ajax
3518005,Ajax,Durham,2001,October,3 Bedroom,971.0,a,Excellent,rent_history_3518005_ajax
3518005,Ajax,Durham,2001,October,Total,871.0,a,Excellent,rent_history_3518005_ajax
3518005,Ajax,Durham,2002,October,1 Bedroom,735.0,a,Excellent,rent_history_3518005_ajax
3518005,Ajax,Durham,2002,October,2 Bedroom,903.0,a,Excellent,rent_history_3518005_ajax
3518005,Ajax,Durham,2002,October,3 Bedroom,1008.0,a,Excellent,rent_history_3518005_ajax
3518005,Ajax,Durham,2002,October,Total,909.0,a,Excellent,rent_history_3518005_ajax
3518005,Ajax,Durham,2003,October,1 Bedroom,740.0,a,Excellent,rent_history_3518005_ajax
3518005,Ajax,Durham,2003,October,2 Bedroom,1016.0,a,Excellent,rent_history_3518005_ajax
3518005,Ajax,Durham,2003,October,3 Bedroom,1169.0,a,Excellent,rent_history_3518005_ajax
3518005,Ajax,Durham,2003,October,Total,1018.0,a,Excellent,rent_history_3518005_ajax
3518005,Ajax,Durham,2004,October,1 Bedroom,740.0,a,Excellent,rent_history_3518005_ajax
3518005,Ajax,Durham,2004,October,2 Bedroom,1016.0,a,Excellent,rent_history_3518005_ajax
3518005,Ajax,Durham,2004,October,3 Bedroom,1151.0,a,Excellent,rent_history_3518005_ajax
3518005,Ajax,Durham,2004,October,Total,1027.0,a,Excellent,rent_history_3518005_ajax
3518005,Ajax,Durham,2005,October,1 Bedroom,768.0,a,Excellent,rent_history_3518005_ajax
3518005,Ajax,Durham,2005,October,2 Bedroom,969.0,a,Excellent,rent_history_3518005_ajax
3518005,Ajax,Durham,2005,October,3 Bedroom,1068.0,a,Excellent,rent_history_3518005_ajax
3518005,Ajax,Durham,2005,October,Total,978.0,a,Excellent,rent_history_3518005_ajax
3518005,Ajax,Durham,2006,October,1 Bedroom,737.0,a,Excellent,rent_history_3518005_ajax
3518005,Ajax,Durham,2006,October,2 Bedroom,940.0,a,Excellent,rent_history_3518005_ajax
3518005,Ajax,Durham,2006,October,3 Bedroom,1128.0,a,Excellent,rent_history_3518005_ajax
3518005,Ajax,Durham,2006,October,Total,959.0,a,Excellent,rent_history_3518005_ajax
3518005,Ajax,Durham,2007,October,1 Bedroom,716.0,a,Excellent,rent_history_3518005_ajax
3518005,Ajax,Durham,2007,October,2 Bedroom,899.0,a,Excellent,rent_history_3518005_ajax
3518005,Ajax,Durham,2007,October,3 Bedroom,974.0,a,Excellent,rent_history_3518005_ajax
3518005,Ajax,Durham,2007,October,Total,904.0,a,Excellent,rent_history_3518005_ajax
3518005,Ajax,Durham,2008,October,1 Bedroom,776.0,a,Excellent,rent_history_3518005_ajax
3518005,Ajax,Durham,2008,October,2 Bedroom,967.0,a,Excellent,rent_history_3518005_ajax
3518005,Ajax,Durham,2008,October,3 Bedroom,1070.0,a,Excellent,rent_history_3518005_ajax
3518005,Ajax,Durham,2008,October,Total,963.0,a,Excellent,rent_history_3518005_ajax
3518005,Ajax,Durham,2009,October,1 Bedroom,796.0,a,Excellent,rent_history_3518005_ajax
3518005,Ajax,Durham,2009,October,2 Bedroom,934.0,a,Excellent,rent_history_3518005_ajax
3518005,Ajax,Durham,2009,October,3 Bedroom,1011.0,b,Very good,rent_history_3518005_ajax
3518005,Ajax,Durham,2009,October,Total,938.0,a,Excellent,rent_history_3518005_ajax
3518005,Ajax,Durham,2010,October,1 Bedroom,801.0,a,Excellent,rent_history_3518005_ajax
3518005,Ajax,Durham,2010,October,2 Bedroom,991.0,a,Excellent,rent_history_3518005_ajax
3518005,Ajax,Durham,2010,October,3 Bedroom,1099.0,a,Excellent,rent_history_3518005_ajax
3518005,Ajax,Durham,2010,October,Total,1005.0,a,Excellent,rent_history_3518005_ajax
3518005,Ajax,Durham,2011,October,2 Bedroom,1035.0,a,Excellent,rent_history_3518005_ajax
3518005,Ajax,Durham,2011,October,3 Bedroom,1077.0,b,Very good,rent_history_3518005_ajax
3518005,Ajax,Durham,2011,October,Total,1039.0,a,Excellent,rent_history_3518005_ajax
3518005,Ajax,Durham,2012,October,2 Bedroom,1050.0,a,Excellent,rent_history_3518005_ajax
3518005,Ajax,Durham,2012,October,3 Bedroom,1105.0,a,Excellent,rent_history_3518005_ajax
3518005,Ajax,Durham,2012,October,Total,1064.0,a,Excellent,rent_history_3518005_ajax
3518005,Ajax,Durham,2013,October,1 Bedroom,818.0,a,Excellent,rent_history_3518005_ajax
3518005,Ajax,Durham,2013,October,2 Bedroom,1027.0,a,Excellent,rent_history_3518005_ajax
3518005,Ajax,Durham,2013,October,3 Bedroom,1248.0,a,Excellent,rent_history_3518005_ajax
3518005,Ajax,Durham,2013,October,Total,1067.0,a,Excellent,rent_history_3518005_ajax
3518005,Ajax,Durham,2014,October,1 Bedroom,882.0,a,Excellent,rent_history_3518005_ajax
3518005,Ajax,Durham,2014,October,2 Bedroom,1094.0,a,Excellent,rent_history_3518005_ajax
3518005,Ajax,Durham,2014,October,3 Bedroom,1255.0,a,Excellent,rent_history_3518005_ajax
3518005,Ajax,Durham,2014,October,Total,1115.0,a,Excellent,rent_history_3518005_ajax
3518005,Ajax,Durham,2015,October,1 Bedroom,902.0,a,Excellent,rent_history_3518005_ajax
3518005,Ajax,Durham,2015,October,2 Bedroom,1094.0,a,Excellent,rent_history_3518005_ajax
3518005,Ajax,Durham,2015,October,3 Bedroom,1319.0,a,Excellent,rent_history_3518005_ajax
3518005,Ajax,Durham,2015,October,Total,1128.0,a,Excellent,rent_history_3518005_ajax
3518005,Ajax,Durham,2016,October,2 Bedroom,1212.0,a,Excellent,rent_history_3518005_ajax
3518005,Ajax,Durham,2016,October,3 Bedroom,1272.0,b,Very good,rent_history_3518005_ajax
3518005,Ajax,Durham,2016,October,Total,1232.0,b,Very good,rent_history_3518005_ajax
3518005,Ajax,Durham,2017,October,1 Bedroom,976.0,a,Excellent,rent_history_3518005_ajax
3518005,Ajax,Durham,2017,October,2 Bedroom,1105.0,a,Excellent,rent_history_3518005_ajax
3518005,Ajax,Durham,2017,October,3 Bedroom,1250.0,a,Excellent,rent_history_3518005_ajax
3518005,Ajax,Durham,2017,October,Total,1127.0,a,Excellent,rent_history_3518005_ajax
3518005,Ajax,Durham,2018,October,1 Bedroom,963.0,a,Excellent,rent_history_3518005_ajax
3518005,Ajax,Durham,2018,October,2 Bedroom,1248.0,a,Excellent,rent_history_3518005_ajax
3518005,Ajax,Durham,2018,October,3 Bedroom,1378.0,a,Excellent,rent_history_3518005_ajax
3518005,Ajax,Durham,2018,October,Total,1254.0,a,Excellent,rent_history_3518005_ajax
3518005,Ajax,Durham,2019,October,1 Bedroom,989.0,a,Excellent,rent_history_3518005_ajax
3518005,Ajax,Durham,2019,October,2 Bedroom,1237.0,a,Excellent,rent_history_3518005_ajax
3518005,Ajax,Durham,2019,October,3 Bedroom,1516.0,a,Excellent,rent_history_3518005_ajax
3518005,Ajax,Durham,2019,October,Total,1241.0,a,Excellent,rent_history_3518005_ajax
3518005,Ajax,Durham,2020,October,1 Bedroom,1258.0,b,Very good,rent_history_3518005_ajax
3518005,Ajax,Durham,2020,October,2 Bedroom,1362.0,a,Excellent,rent_history_3518005_ajax
3518005,Ajax,Durham,2020,October,3 Bedroom,1481.0,a,Excellent,rent_history_3518005_ajax
3518005,Ajax,Durham,2020,October,Total,1390.0,a,Excellent,rent_history_3518005_ajax
3518005,Ajax,Durham,2021,October,1 Bedroom,965.0,a,Excellent,rent_history_3518005_ajax
3518005,Ajax,Durham,2021,October,2 Bedroom,1302.0,b,Very good,rent_history_3518005_ajax
3518005,Ajax,Durham,2021,October,3 Bedroom,1556.0,a,Excellent,rent_history_3518005_ajax
3518005,Ajax,Durham,2021,October,Total,1291.0,b,Very good,rent_history_3518005_ajax
3518005,Ajax,Durham,2022,October,1 Bedroom,1265.0,d,Poor - use with caution,rent_history_3518005_ajax
3518005,Ajax,Durham,2022,October,2 Bedroom,1532.0,a,Excellent,rent_history_3518005_ajax
3518005,Ajax,Durham,2022,October,3 Bedroom,1607.0,a,Excellent,rent_history_3518005_ajax
3518005,Ajax,Durham,2022,October,Total,1547.0,a,Excellent,rent_history_3518005_ajax
3518005,Ajax,Durham,2023,October,1 Bedroom,1456.0,b,Very good,rent_history_3518005_ajax
3518005,Ajax,Durham,2023,October,2 Bedroom,1809.0,a,Excellent,rent_history_3518005_ajax
3518005,Ajax,Durham,2023,October,3 Bedroom,2224.0,b,Very good,rent_history_3518005_ajax
3518005,Ajax,Durham,2023,October,Total,1879.0,b,Very good,rent_history_3518005_ajax
3518005,Ajax,Durham,2024,October,1 Bedroom,1115.0,b,Very good,rent_history_3518005_ajax
3518005,Ajax,Durham,2024,October,2 Bedroom,1645.0,a,Excellent,rent_history_3518005_ajax
3518005,Ajax,Durham,2024,October,3 Bedroom,1794.0,a,Excellent,rent_history_3518005_ajax
3518005,Ajax,Durham,2024,October,Total,1649.0,a,Excellent,rent_history_3518005_ajax
3518005,Ajax,Durham,2025,October,1 Bedroom,1216.0,b,Very good,rent_history_3518005_ajax
3518005,Ajax,Durham,2025,October,2 Bedroom,1727.0,a,Excellent,rent_history_3518005_ajax
3518005,Ajax,Durham,2025,October,3 Bedroom,1870.0,a,Excellent,rent_history_3518005_ajax
3518005,Ajax,Durham,2025,October,Total,1740.0,a,Excellent,rent_history_3518005_ajax
3519046,Aurora,York,1990,October,1 Bedroom,538.0,a,Excellent,rent_history_3519046_aurora
3519046,Aurora,York,1990,October,2 Bedroom,639.0,a,Excellent,rent_history_3519046_aurora
3519046,Aurora,York,1990,October,Studio,457.0,c,Good,rent_history_3519046_aurora
3519046,Aurora,York,1990,October,Total,586.0,a,Excellent,rent_history_3519046_aurora
3519046,Aurora,York,1991,October,1 Bedroom,573.0,a,Excellent,rent_history_3519046_aurora
3519046,Aurora,York,1991,October,2 Bedroom,678.0,b,Very good,rent_history_3519046_aurora
3519046,Aurora,York,1991,October,Total,619.0,a,Excellent,rent_history_3519046_aurora
3519046,Aurora,York,1992,October,1 Bedroom,589.0,a,Excellent,rent_history_3519046_aurora
3519046,Aurora,York,1992,October,2 Bedroom,693.0,b,Very good,rent_history_3519046_aurora
3519046,Aurora,York,1992,October,Studio,454.0,a,Excellent,rent_history_3519046_aurora
3519046,Aurora,York,1992,October,Total,632.0,a,Excellent,rent_history_3519046_aurora
3519046,Aurora,York,1993,October,1 Bedroom,617.0,a,Excellent,rent_history_3519046_aurora
3519046,Aurora,York,1993,October,2 Bedroom,708.0,b,Very good,rent_history_3519046_aurora
3519046,Aurora,York,1993,October,Total,657.0,b,Very good,rent_history_3519046_aurora
3519046,Aurora,York,1994,October,1 Bedroom,633.0,a,Excellent,rent_history_3519046_aurora
3519046,Aurora,York,1994,October,2 Bedroom,728.0,b,Very good,rent_history_3519046_aurora
3519046,Aurora,York,1994,October,Total,744.0,b,Very good,rent_history_3519046_aurora
3519046,Aurora,York,1995,October,1 Bedroom,666.0,a,Excellent,rent_history_3519046_aurora
3519046,Aurora,York,1995,October,2 Bedroom,809.0,a,Excellent,rent_history_3519046_aurora
3519046,Aurora,York,1995,October,Total,738.0,b,Very good,rent_history_3519046_aurora
3519046,Aurora,York,1996,October,1 Bedroom,672.0,a,Excellent,rent_history_3519046_aurora
3519046,Aurora,York,1996,October,2 Bedroom,811.0,a,Excellent,rent_history_3519046_aurora
3519046,Aurora,York,1996,October,3 Bedroom,916.0,a,Excellent,rent_history_3519046_aurora
3519046,Aurora,York,1996,October,Total,798.0,a,Excellent,rent_history_3519046_aurora
3519046,Aurora,York,1997,October,1 Bedroom,677.0,a,Excellent,rent_history_3519046_aurora
3519046,Aurora,York,1997,October,2 Bedroom,825.0,a,Excellent,rent_history_3519046_aurora
3519046,Aurora,York,1997,October,3 Bedroom,846.0,c,Good,rent_history_3519046_aurora
3519046,Aurora,York,1997,October,Studio,509.0,c,Good,rent_history_3519046_aurora
3519046,Aurora,York,1997,October,Total,748.0,a,Excellent,rent_history_3519046_aurora
3519046,Aurora,York,1998,October,1 Bedroom,689.0,a,Excellent,rent_history_3519046_aurora
3519046,Aurora,York,1998,October,2 Bedroom,823.0,a,Excellent,rent_history_3519046_aurora
3519046,Aurora,York,1998,October,Total,762.0,a,Excellent,rent_history_3519046_aurora
3519046,Aurora,York,1999,October,1 Bedroom,716.0,a,Excellent,rent_history_3519046_aurora
3519046,Aurora,York,1999,October,2 Bedroom,809.0,b,Very good,rent_history_3519046_aurora
3519046,Aurora,York,1999,October,3 Bedroom,820.0,c,Good,rent_history_3519046_aurora
3519046,Aurora,York,1999,October,Studio,505.0,a,Excellent,rent_history_3519046_aurora
3519046,Aurora,York,1999,October,Total,751.0,a,Excellent,rent_history_3519046_aurora
3519046,Aurora,York,2000,October,1 Bedroom,754.0,a,Excellent,rent_history_3519046_aurora
3519046,Aurora,York,2000,October,2 Bedroom,892.0,a,Excellent,rent_history_3519046_aurora
3519046,Aurora,York,2000,October,Studio,528.0,b,Very good,rent_history_3519046_aurora
3519046,Aurora,York,2000,October,Total,816.0,a,Excellent,rent_history_3519046_aurora
3519046,Aurora,York,2001,October,1 Bedroom,760.0,a,Excellent,rent_history_3519046_aurora
3519046,Aurora,York,2001,October,2 Bedroom,871.0,a,Excellent,rent_history_3519046_aurora
3519046,Aurora,York,2001,October,3 Bedroom,959.0,d,Poor - use with caution,rent_history_3519046_aurora
3519046,Aurora,York,2001,October,Total,818.0,a,Excellent,rent_history_3519046_aurora
3519046,Aurora,York,2002,October,1 Bedroom,780.0,a,Excellent,rent_history_3519046_aurora
3519046,Aurora,York,2002,October,2 Bedroom,925.0,a,Excellent,rent_history_3519046_aurora
3519046,Aurora,York,2002,October,3 Bedroom,849.0,b,Very good,rent_history_3519046_aurora
3519046,Aurora,York,2002,October,Studio,539.0,b,Very good,rent_history_3519046_aurora
3519046,Aurora,York,2002,October,Total,845.0,a,Excellent,rent_history_3519046_aurora
3519046,Aurora,York,2003,October,1 Bedroom,810.0,a,Excellent,rent_history_3519046_aurora
3519046,Aurora,York,2003,October,2 Bedroom,979.0,a,Excellent,rent_history_3519046_aurora
3519046,Aurora,York,2003,October,Total,892.0,a,Excellent,rent_history_3519046_aurora
3519046,Aurora,York,2004,October,1 Bedroom,816.0,a,Excellent,rent_history_3519046_aurora
3519046,Aurora,York,2004,October,2 Bedroom,955.0,a,Excellent,rent_history_3519046_aurora
3519046,Aurora,York,2004,October,Studio,612.0,a,Excellent,rent_history_3519046_aurora
3519046,Aurora,York,2004,October,Total,884.0,a,Excellent,rent_history_3519046_aurora
3519046,Aurora,York,2005,October,1 Bedroom,794.0,a,Excellent,rent_history_3519046_aurora
3519046,Aurora,York,2005,October,2 Bedroom,929.0,a,Excellent,rent_history_3519046_aurora
3519046,Aurora,York,2005,October,Studio,587.0,b,Very good,rent_history_3519046_aurora
3519046,Aurora,York,2005,October,Total,851.0,a,Excellent,rent_history_3519046_aurora
3519046,Aurora,York,2006,October,1 Bedroom,848.0,b,Very good,rent_history_3519046_aurora
3519046,Aurora,York,2006,October,3 Bedroom,1251.0,b,Very good,rent_history_3519046_aurora
3519046,Aurora,York,2006,October,Total,1102.0,d,Poor - use with caution,rent_history_3519046_aurora
3519046,Aurora,York,2007,October,1 Bedroom,867.0,a,Excellent,rent_history_3519046_aurora
3519046,Aurora,York,2007,October,2 Bedroom,1029.0,a,Excellent,rent_history_3519046_aurora
3519046,Aurora,York,2007,October,3 Bedroom,1221.0,a,Excellent,rent_history_3519046_aurora
3519046,Aurora,York,2007,October,Total,1048.0,a,Excellent,rent_history_3519046_aurora
3519046,Aurora,York,2008,October,1 Bedroom,902.0,a,Excellent,rent_history_3519046_aurora
3519046,Aurora,York,2008,October,2 Bedroom,1046.0,a,Excellent,rent_history_3519046_aurora
3519046,Aurora,York,2008,October,3 Bedroom,1279.0,a,Excellent,rent_history_3519046_aurora
3519046,Aurora,York,2008,October,Total,1073.0,a,Excellent,rent_history_3519046_aurora
3519046,Aurora,York,2009,October,1 Bedroom,908.0,b,Very good,rent_history_3519046_aurora
3519046,Aurora,York,2009,October,2 Bedroom,1024.0,b,Very good,rent_history_3519046_aurora
3519046,Aurora,York,2009,October,Total,1122.0,c,Good,rent_history_3519046_aurora
3519046,Aurora,York,2010,October,1 Bedroom,912.0,a,Excellent,rent_history_3519046_aurora
3519046,Aurora,York,2010,October,2 Bedroom,1083.0,a,Excellent,rent_history_3519046_aurora
3519046,Aurora,York,2010,October,3 Bedroom,1291.0,a,Excellent,rent_history_3519046_aurora
3519046,Aurora,York,2010,October,Total,1119.0,a,Excellent,rent_history_3519046_aurora
3519046,Aurora,York,2011,October,1 Bedroom,930.0,a,Excellent,rent_history_3519046_aurora
3519046,Aurora,York,2011,October,2 Bedroom,1094.0,c,Good,rent_history_3519046_aurora
3519046,Aurora,York,2011,October,Total,1078.0,b,Very good,rent_history_3519046_aurora
3519046,Aurora,York,2012,October,1 Bedroom,989.0,b,Very good,rent_history_3519046_aurora
3519046,Aurora,York,2012,October,2 Bedroom,1156.0,b,Very good,rent_history_3519046_aurora
3519046,Aurora,York,2012,October,Total,1102.0,a,Excellent,rent_history_3519046_aurora
3519046,Aurora,York,2013,October,1 Bedroom,1002.0,a,Excellent,rent_history_3519046_aurora
3519046,Aurora,York,2013,October,2 Bedroom,1190.0,a,Excellent,rent_history_3519046_aurora
3519046,Aurora,York,2013,October,3 Bedroom,1329.0,b,Very good,rent_history_3519046_aurora
3519046,Aurora,York,2013,October,Total,1144.0,a,Excellent,rent_history_3519046_aurora
3519046,Aurora,York,2014,October,1 Bedroom,1036.0,b,Very good,rent_history_3519046_aurora
3519046,Aurora,York,2014,October,2 Bedroom,1228.0,a,Excellent,rent_history_3519046_aurora
3519046,Aurora,York,2014,October,Total,1214.0,a,Excellent,rent_history_3519046_aurora
3519046,Aurora,York,2015,October,1 Bedroom,1112.0,a,Excellent,rent_history_3519046_aurora
3519046,Aurora,York,2015,October,2 Bedroom,1299.0,a,Excellent,rent_history_3519046_aurora
3519046,Aurora,York,2015,October,Total,1215.0,a,Excellent,rent_history_3519046_aurora
3519046,Aurora,York,2016,October,1 Bedroom,1076.0,a,Excellent,rent_history_3519046_aurora
3519046,Aurora,York,2016,October,2 Bedroom,1270.0,a,Excellent,rent_history_3519046_aurora
3519046,Aurora,York,2016,October,Total,1286.0,a,Excellent,rent_history_3519046_aurora
3519046,Aurora,York,2017,October,1 Bedroom,1200.0,b,Very good,rent_history_3519046_aurora
3519046,Aurora,York,2017,October,2 Bedroom,1402.0,a,Excellent,rent_history_3519046_aurora
3519046,Aurora,York,2017,October,Total,1369.0,a,Excellent,rent_history_3519046_aurora
3519046,Aurora,York,2018,October,1 Bedroom,1127.0,a,Excellent,rent_history_3519046_aurora
3519046,Aurora,York,2018,October,2 Bedroom,1347.0,a,Excellent,rent_history_3519046_aurora
3519046,Aurora,York,2018,October,Total,1298.0,b,Very good,rent_history_3519046_aurora
3519046,Aurora,York,2019,October,1 Bedroom,1171.0,a,Excellent,rent_history_3519046_aurora
3519046,Aurora,York,2019,October,2 Bedroom,1371.0,b,Very good,rent_history_3519046_aurora
3519046,Aurora,York,2019,October,Total,1338.0,b,Very good,rent_history_3519046_aurora
3519046,Aurora,York,2020,October,1 Bedroom,1296.0,a,Excellent,rent_history_3519046_aurora
3519046,Aurora,York,2020,October,2 Bedroom,1543.0,a,Excellent,rent_history_3519046_aurora
3519046,Aurora,York,2020,October,Total,1492.0,b,Very good,rent_history_3519046_aurora
3519046,Aurora,York,2021,October,1 Bedroom,1326.0,a,Excellent,rent_history_3519046_aurora
3519046,Aurora,York,2021,October,2 Bedroom,1668.0,a,Excellent,rent_history_3519046_aurora
3519046,Aurora,York,2021,October,Total,1586.0,b,Very good,rent_history_3519046_aurora
3519046,Aurora,York,2022,October,1 Bedroom,1259.0,b,Very good,rent_history_3519046_aurora
3519046,Aurora,York,2022,October,2 Bedroom,1559.0,b,Very good,rent_history_3519046_aurora
3519046,Aurora,York,2022,October,Total,1499.0,c,Good,rent_history_3519046_aurora
3519046,Aurora,York,2023,October,1 Bedroom,1371.0,b,Very good,rent_history_3519046_aurora
3519046,Aurora,York,2023,October,2 Bedroom,1794.0,b,Very good,rent_history_3519046_aurora
3519046,Aurora,York,2023,October,3 Bedroom,2065.0,b,Very good,rent_history_3519046_aurora
3519046,Aurora,York,2023,October,Total,1695.0,b,Very good,rent_history_3519046_aurora
3519046,Aurora,York,2024,October,1 Bedroom,1895.0,b,Very good,rent_history_3519046_aurora
3519046,Aurora,York,2024,October,2 Bedroom,2072.0,a,Excellent,rent_history_3519046_aurora
3519046,Aurora,York,2024,October,3 Bedroom,2255.0,a,Excellent,rent_history_3519046_aurora
3519046,Aurora,York,2024,October,Total,2035.0,a,Excellent,rent_history_3519046_aurora
3519046,Aurora,York,2025,October,1 Bedroom,1853.0,b,Very good,rent_history_3519046_aurora
3519046,Aurora,York,2025,October,2 Bedroom,2187.0,a,Excellent,rent_history_3519046_aurora
3519046,Aurora,York,2025,October,3 Bedroom,2960.0,a,Excellent,rent_history_3519046_aurora
3519046,Aurora,York,2025,October,Total,2191.0,b,Very good,rent_history_3519046_aurora
3521010,Brampton,Peel,1990,October,1 Bedroom,599.0,a,Excellent,rent_history_3521010_brampton
3521010,Brampton,Peel,1990,October,2 Bedroom,709.0,a,Excellent,rent_history_3521010_brampton
3521010,Brampton,Peel,1990,October,3 Bedroom,824.0,a,Excellent,rent_history_3521010_brampton
3521010,Brampton,Peel,1990,October,Studio,409.0,a,Excellent,rent_history_3521010_brampton
3521010,Brampton,Peel,1990,October,Total,686.0,a,Excellent,rent_history_3521010_brampton
3521010,Brampton,Peel,1991,October,1 Bedroom,633.0,a,Excellent,rent_history_3521010_brampton
3521010,Brampton,Peel,1991,October,2 Bedroom,760.0,a,Excellent,rent_history_3521010_brampton
3521010,Brampton,Peel,1991,October,3 Bedroom,894.0,a,Excellent,rent_history_3521010_brampton
3521010,Brampton,Peel,1991,October,Studio,456.0,a,Excellent,rent_history_3521010_brampton
3521010,Brampton,Peel,1991,October,Total,736.0,a,Excellent,rent_history_3521010_brampton
3521010,Brampton,Peel,1992,October,1 Bedroom,639.0,a,Excellent,rent_history_3521010_brampton
3521010,Brampton,Peel,1992,October,2 Bedroom,802.0,a,Excellent,rent_history_3521010_brampton
3521010,Brampton,Peel,1992,October,3 Bedroom,908.0,a,Excellent,rent_history_3521010_brampton
3521010,Brampton,Peel,1992,October,Studio,510.0,a,Excellent,rent_history_3521010_brampton
3521010,Brampton,Peel,1992,October,Total,767.0,a,Excellent,rent_history_3521010_brampton
3521010,Brampton,Peel,1993,October,1 Bedroom,657.0,a,Excellent,rent_history_3521010_brampton
3521010,Brampton,Peel,1993,October,2 Bedroom,777.0,a,Excellent,rent_history_3521010_brampton
3521010,Brampton,Peel,1993,October,3 Bedroom,928.0,a,Excellent,rent_history_3521010_brampton
3521010,Brampton,Peel,1993,October,Studio,510.0,a,Excellent,rent_history_3521010_brampton
3521010,Brampton,Peel,1993,October,Total,759.0,a,Excellent,rent_history_3521010_brampton
3521010,Brampton,Peel,1994,October,1 Bedroom,663.0,a,Excellent,rent_history_3521010_brampton
3521010,Brampton,Peel,1994,October,2 Bedroom,803.0,a,Excellent,rent_history_3521010_brampton
3521010,Brampton,Peel,1994,October,3 Bedroom,917.0,a,Excellent,rent_history_3521010_brampton
3521010,Brampton,Peel,1994,October,Studio,526.0,a,Excellent,rent_history_3521010_brampton
3521010,Brampton,Peel,1994,October,Total,773.0,a,Excellent,rent_history_3521010_brampton
3521010,Brampton,Peel,1995,October,1 Bedroom,677.0,a,Excellent,rent_history_3521010_brampton
3521010,Brampton,Peel,1995,October,2 Bedroom,813.0,a,Excellent,rent_history_3521010_brampton
3521010,Brampton,Peel,1995,October,3 Bedroom,929.0,a,Excellent,rent_history_3521010_brampton
3521010,Brampton,Peel,1995,October,Studio,525.0,a,Excellent,rent_history_3521010_brampton
3521010,Brampton,Peel,1995,October,Total,782.0,a,Excellent,rent_history_3521010_brampton
3521010,Brampton,Peel,1996,October,1 Bedroom,691.0,a,Excellent,rent_history_3521010_brampton
3521010,Brampton,Peel,1996,October,2 Bedroom,832.0,a,Excellent,rent_history_3521010_brampton
3521010,Brampton,Peel,1996,October,3 Bedroom,953.0,a,Excellent,rent_history_3521010_brampton
3521010,Brampton,Peel,1996,October,Studio,515.0,a,Excellent,rent_history_3521010_brampton
3521010,Brampton,Peel,1996,October,Total,802.0,a,Excellent,rent_history_3521010_brampton
3521010,Brampton,Peel,1997,October,1 Bedroom,704.0,a,Excellent,rent_history_3521010_brampton
3521010,Brampton,Peel,1997,October,2 Bedroom,831.0,a,Excellent,rent_history_3521010_brampton
3521010,Brampton,Peel,1997,October,3 Bedroom,939.0,a,Excellent,rent_history_3521010_brampton
3521010,Brampton,Peel,1997,October,Studio,542.0,a,Excellent,rent_history_3521010_brampton
3521010,Brampton,Peel,1997,October,Total,802.0,a,Excellent,rent_history_3521010_brampton
3521010,Brampton,Peel,1998,October,1 Bedroom,743.0,a,Excellent,rent_history_3521010_brampton
3521010,Brampton,Peel,1998,October,2 Bedroom,874.0,a,Excellent,rent_history_3521010_brampton
3521010,Brampton,Peel,1998,October,3 Bedroom,984.0,a,Excellent,rent_history_3521010_brampton
3521010,Brampton,Peel,1998,October,Studio,548.0,a,Excellent,rent_history_3521010_brampton
3521010,Brampton,Peel,1998,October,Total,842.0,a,Excellent,rent_history_3521010_brampton
3521010,Brampton,Peel,1999,October,1 Bedroom,780.0,a,Excellent,rent_history_3521010_brampton
3521010,Brampton,Peel,1999,October,2 Bedroom,914.0,a,Excellent,rent_history_3521010_brampton
3521010,Brampton,Peel,1999,October,3 Bedroom,1034.0,a,Excellent,rent_history_3521010_brampton
3521010,Brampton,Peel,1999,October,Studio,579.0,b,Very good,rent_history_3521010_brampton
3521010,Brampton,Peel,1999,October,Total,883.0,a,Excellent,rent_history_3521010_brampton
3521010,Brampton,Peel,2000,October,1 Bedroom,805.0,a,Excellent,rent_history_3521010_brampton
3521010,Brampton,Peel,2000,October,2 Bedroom,960.0,a,Excellent,rent_history_3521010_brampton
3521010,Brampton,Peel,2000,October,3 Bedroom,1086.0,a,Excellent,rent_history_3521010_brampton
3521010,Brampton,Peel,2000,October,Studio,622.0,a,Excellent,rent_history_3521010_brampton
3521010,Brampton,Peel,2000,October,Total,923.0,a,Excellent,rent_history_3521010_brampton
3521010,Brampton,Peel,2001,October,1 Bedroom,864.0,a,Excellent,rent_history_3521010_brampton
3521010,Brampton,Peel,2001,October,2 Bedroom,1010.0,a,Excellent,rent_history_3521010_brampton
3521010,Brampton,Peel,2001,October,3 Bedroom,1119.0,a,Excellent,rent_history_3521010_brampton
3521010,Brampton,Peel,2001,October,Studio,644.0,a,Excellent,rent_history_3521010_brampton
3521010,Brampton,Peel,2001,October,Total,969.0,a,Excellent,rent_history_3521010_brampton
3521010,Brampton,Peel,2002,October,1 Bedroom,872.0,a,Excellent,rent_history_3521010_brampton
3521010,Brampton,Peel,2002,October,2 Bedroom,1027.0,a,Excellent,rent_history_3521010_brampton
3521010,Brampton,Peel,2002,October,3 Bedroom,1116.0,a,Excellent,rent_history_3521010_brampton
3521010,Brampton,Peel,2002,October,Studio,674.0,a,Excellent,rent_history_3521010_brampton
3521010,Brampton,Peel,2002,October,Total,980.0,a,Excellent,rent_history_3521010_brampton
3521010,Brampton,Peel,2003,October,1 Bedroom,886.0,a,Excellent,rent_history_3521010_brampton
3521010,Brampton,Peel,2003,October,2 Bedroom,1022.0,a,Excellent,rent_history_3521010_brampton
3521010,Brampton,Peel,2003,October,3 Bedroom,1142.0,a,Excellent,rent_history_3521010_brampton
3521010,Brampton,Peel,2003,October,Studio,665.0,a,Excellent,rent_history_3521010_brampton
3521010,Brampton,Peel,2003,October,Total,983.0,a,Excellent,rent_history_3521010_brampton
3521010,Brampton,Peel,2004,October,1 Bedroom,887.0,a,Excellent,rent_history_3521010_brampton
3521010,Brampton,Peel,2004,October,2 Bedroom,1016.0,a,Excellent,rent_history_3521010_brampton
3521010,Brampton,Peel,2004,October,3 Bedroom,1150.0,a,Excellent,rent_history_3521010_brampton
3521010,Brampton,Peel,2004,October,Studio,688.0,a,Excellent,rent_history_3521010_brampton
3521010,Brampton,Peel,2004,October,Total,988.0,a,Excellent,rent_history_3521010_brampton
3521010,Brampton,Peel,2005,October,1 Bedroom,893.0,a,Excellent,rent_history_3521010_brampton
3521010,Brampton,Peel,2005,October,2 Bedroom,1005.0,a,Excellent,rent_history_3521010_brampton
3521010,Brampton,Peel,2005,October,3 Bedroom,1170.0,a,Excellent,rent_history_3521010_brampton
3521010,Brampton,Peel,2005,October,Studio,682.0,a,Excellent,rent_history_3521010_brampton
3521010,Brampton,Peel,2005,October,Total,989.0,a,Excellent,rent_history_3521010_brampton
3521010,Brampton,Peel,2006,October,1 Bedroom,888.0,a,Excellent,rent_history_3521010_brampton
3521010,Brampton,Peel,2006,October,2 Bedroom,1012.0,a,Excellent,rent_history_3521010_brampton
3521010,Brampton,Peel,2006,October,3 Bedroom,1156.0,a,Excellent,rent_history_3521010_brampton
3521010,Brampton,Peel,2006,October,Studio,668.0,a,Excellent,rent_history_3521010_brampton
3521010,Brampton,Peel,2006,October,Total,989.0,a,Excellent,rent_history_3521010_brampton
3521010,Brampton,Peel,2007,October,1 Bedroom,895.0,a,Excellent,rent_history_3521010_brampton
3521010,Brampton,Peel,2007,October,2 Bedroom,1022.0,a,Excellent,rent_history_3521010_brampton
3521010,Brampton,Peel,2007,October,3 Bedroom,1144.0,a,Excellent,rent_history_3521010_brampton
3521010,Brampton,Peel,2007,October,Studio,703.0,a,Excellent,rent_history_3521010_brampton
3521010,Brampton,Peel,2007,October,Total,987.0,a,Excellent,rent_history_3521010_brampton
3521010,Brampton,Peel,2008,October,1 Bedroom,931.0,a,Excellent,rent_history_3521010_brampton
3521010,Brampton,Peel,2008,October,2 Bedroom,1056.0,a,Excellent,rent_history_3521010_brampton
3521010,Brampton,Peel,2008,October,3 Bedroom,1217.0,a,Excellent,rent_history_3521010_brampton
3521010,Brampton,Peel,2008,October,Studio,704.0,a,Excellent,rent_history_3521010_brampton
3521010,Brampton,Peel,2008,October,Total,1033.0,a,Excellent,rent_history_3521010_brampton
3521010,Brampton,Peel,2009,October,1 Bedroom,930.0,a,Excellent,rent_history_3521010_brampton
3521010,Brampton,Peel,2009,October,2 Bedroom,1071.0,a,Excellent,rent_history_3521010_brampton
3521010,Brampton,Peel,2009,October,3 Bedroom,1202.0,a,Excellent,rent_history_3521010_brampton
3521010,Brampton,Peel,2009,October,Studio,718.0,a,Excellent,rent_history_3521010_brampton
3521010,Brampton,Peel,2009,October,Total,1044.0,a,Excellent,rent_history_3521010_brampton
3521010,Brampton,Peel,2010,October,1 Bedroom,937.0,a,Excellent,rent_history_3521010_brampton
3521010,Brampton,Peel,2010,October,2 Bedroom,1085.0,a,Excellent,rent_history_3521010_brampton
3521010,Brampton,Peel,2010,October,3 Bedroom,1234.0,a,Excellent,rent_history_3521010_brampton
3521010,Brampton,Peel,2010,October,Studio,737.0,a,Excellent,rent_history_3521010_brampton
3521010,Brampton,Peel,2010,October,Total,1050.0,a,Excellent,rent_history_3521010_brampton
3521010,Brampton,Peel,2011,October,1 Bedroom,953.0,a,Excellent,rent_history_3521010_brampton
3521010,Brampton,Peel,2011,October,2 Bedroom,1092.0,a,Excellent,rent_history_3521010_brampton
3521010,Brampton,Peel,2011,October,3 Bedroom,1226.0,a,Excellent,rent_history_3521010_brampton
3521010,Brampton,Peel,2011,October,Studio,748.0,a,Excellent,rent_history_3521010_brampton
3521010,Brampton,Peel,2011,October,Total,1058.0,a,Excellent,rent_history_3521010_brampton
3521010,Brampton,Peel,2012,October,1 Bedroom,983.0,a,Excellent,rent_history_3521010_brampton
3521010,Brampton,Peel,2012,October,2 Bedroom,1127.0,a,Excellent,rent_history_3521010_brampton
3521010,Brampton,Peel,2012,October,3 Bedroom,1291.0,a,Excellent,rent_history_3521010_brampton
3521010,Brampton,Peel,2012,October,Studio,761.0,a,Excellent,rent_history_3521010_brampton
3521010,Brampton,Peel,2012,October,Total,1095.0,a,Excellent,rent_history_3521010_brampton
3521010,Brampton,Peel,2013,October,1 Bedroom,1003.0,a,Excellent,rent_history_3521010_brampton
3521010,Brampton,Peel,2013,October,2 Bedroom,1148.0,a,Excellent,rent_history_3521010_brampton
3521010,Brampton,Peel,2013,October,3 Bedroom,1339.0,a,Excellent,rent_history_3521010_brampton
3521010,Brampton,Peel,2013,October,Studio,755.0,a,Excellent,rent_history_3521010_brampton
3521010,Brampton,Peel,2013,October,Total,1121.0,a,Excellent,rent_history_3521010_brampton
3521010,Brampton,Peel,2014,October,1 Bedroom,1032.0,a,Excellent,rent_history_3521010_brampton
3521010,Brampton,Peel,2014,October,2 Bedroom,1195.0,a,Excellent,rent_history_3521010_brampton
3521010,Brampton,Peel,2014,October,3 Bedroom,1374.0,a,Excellent,rent_history_3521010_brampton
3521010,Brampton,Peel,2014,October,Studio,794.0,b,Very good,rent_history_3521010_brampton
3521010,Brampton,Peel,2014,October,Total,1167.0,a,Excellent,rent_history_3521010_brampton
3521010,Brampton,Peel,2015,October,1 Bedroom,1049.0,a,Excellent,rent_history_3521010_brampton
3521010,Brampton,Peel,2015,October,2 Bedroom,1211.0,a,Excellent,rent_history_3521010_brampton
3521010,Brampton,Peel,2015,October,3 Bedroom,1379.0,a,Excellent,rent_history_3521010_brampton
3521010,Brampton,Peel,2015,October,Studio,769.0,a,Excellent,rent_history_3521010_brampton
3521010,Brampton,Peel,2015,October,Total,1171.0,a,Excellent,rent_history_3521010_brampton
3521010,Brampton,Peel,2016,October,1 Bedroom,1076.0,a,Excellent,rent_history_3521010_brampton
3521010,Brampton,Peel,2016,October,2 Bedroom,1243.0,a,Excellent,rent_history_3521010_brampton
3521010,Brampton,Peel,2016,October,3 Bedroom,1404.0,a,Excellent,rent_history_3521010_brampton
3521010,Brampton,Peel,2016,October,Studio,788.0,a,Excellent,rent_history_3521010_brampton
3521010,Brampton,Peel,2016,October,Total,1200.0,a,Excellent,rent_history_3521010_brampton
3521010,Brampton,Peel,2017,October,1 Bedroom,1121.0,a,Excellent,rent_history_3521010_brampton
3521010,Brampton,Peel,2017,October,2 Bedroom,1285.0,a,Excellent,rent_history_3521010_brampton
3521010,Brampton,Peel,2017,October,3 Bedroom,1438.0,a,Excellent,rent_history_3521010_brampton
3521010,Brampton,Peel,2017,October,Studio,827.0,b,Very good,rent_history_3521010_brampton
3521010,Brampton,Peel,2017,October,Total,1250.0,a,Excellent,rent_history_3521010_brampton
3521010,Brampton,Peel,2018,October,1 Bedroom,1160.0,a,Excellent,rent_history_3521010_brampton
3521010,Brampton,Peel,2018,October,2 Bedroom,1334.0,a,Excellent,rent_history_3521010_brampton
3521010,Brampton,Peel,2018,October,3 Bedroom,1540.0,a,Excellent,rent_history_3521010_brampton
3521010,Brampton,Peel,2018,October,Studio,842.0,a,Excellent,rent_history_3521010_brampton
3521010,Brampton,Peel,2018,October,Total,1294.0,a,Excellent,rent_history_3521010_brampton
3521010,Brampton,Peel,2019,October,1 Bedroom,1274.0,a,Excellent,rent_history_3521010_brampton
3521010,Brampton,Peel,2019,October,2 Bedroom,1447.0,a,Excellent,rent_history_3521010_brampton
3521010,Brampton,Peel,2019,October,3 Bedroom,1583.0,a,Excellent,rent_history_3521010_brampton
3521010,Brampton,Peel,2019,October,Studio,917.0,b,Very good,rent_history_3521010_brampton
3521010,Brampton,Peel,2019,October,Total,1401.0,a,Excellent,rent_history_3521010_brampton
3521010,Brampton,Peel,2020,October,1 Bedroom,1333.0,a,Excellent,rent_history_3521010_brampton
3521010,Brampton,Peel,2020,October,2 Bedroom,1515.0,a,Excellent,rent_history_3521010_brampton
3521010,Brampton,Peel,2020,October,3 Bedroom,1649.0,a,Excellent,rent_history_3521010_brampton
3521010,Brampton,Peel,2020,October,Studio,983.0,b,Very good,rent_history_3521010_brampton
3521010,Brampton,Peel,2020,October,Total,1464.0,a,Excellent,rent_history_3521010_brampton
3521010,Brampton,Peel,2021,October,1 Bedroom,1381.0,a,Excellent,rent_history_3521010_brampton
3521010,Brampton,Peel,2021,October,2 Bedroom,1573.0,a,Excellent,rent_history_3521010_brampton
3521010,Brampton,Peel,2021,October,3 Bedroom,1731.0,a,Excellent,rent_history_3521010_brampton
3521010,Brampton,Peel,2021,October,Studio,963.0,b,Very good,rent_history_3521010_brampton
3521010,Brampton,Peel,2021,October,Total,1513.0,a,Excellent,rent_history_3521010_brampton
3521010,Brampton,Peel,2022,October,1 Bedroom,1514.0,a,Excellent,rent_history_3521010_brampton
3521010,Brampton,Peel,2022,October,2 Bedroom,1689.0,a,Excellent,rent_history_3521010_brampton
3521010,Brampton,Peel,2022,October,3 Bedroom,1864.0,a,Excellent,rent_history_3521010_brampton
3521010,Brampton,Peel,2022,October,Studio,1230.0,b,Very good,rent_history_3521010_brampton
3521010,Brampton,Peel,2022,October,Total,1644.0,a,Excellent,rent_history_3521010_brampton
3521010,Brampton,Peel,2023,October,1 Bedroom,1622.0,a,Excellent,rent_history_3521010_brampton
3521010,Brampton,Peel,2023,October,2 Bedroom,1865.0,a,Excellent,rent_history_3521010_brampton
3521010,Brampton,Peel,2023,October,3 Bedroom,2048.0,a,Excellent,rent_history_3521010_brampton
3521010,Brampton,Peel,2023,October,Studio,1348.0,c,Good,rent_history_3521010_brampton
3521010,Brampton,Peel,2023,October,Total,1800.0,a,Excellent,rent_history_3521010_brampton
3521010,Brampton,Peel,2024,October,1 Bedroom,1693.0,a,Excellent,rent_history_3521010_brampton
3521010,Brampton,Peel,2024,October,2 Bedroom,1921.0,a,Excellent,rent_history_3521010_brampton
3521010,Brampton,Peel,2024,October,3 Bedroom,2033.0,a,Excellent,rent_history_3521010_brampton
3521010,Brampton,Peel,2024,October,Studio,1348.0,b,Very good,rent_history_3521010_brampton
3521010,Brampton,Peel,2024,October,Total,1850.0,a,Excellent,rent_history_3521010_brampton
3521010,Brampton,Peel,2025,October,1 Bedroom,1778.0,a,Excellent,rent_history_3521010_brampton
3521010,Brampton,Peel,2025,October,2 Bedroom,2025.0,a,Excellent,rent_history_3521010_brampton
3521010,Brampton,Peel,2025,October,3 Bedroom,2056.0,a,Excellent,rent_history_3521010_brampton
3521010,Brampton,Peel,2025,October,Studio,1430.0,b,Very good,rent_history_3521010_brampton
3521010,Brampton,Peel,2025,October,Total,1935.0,a,Excellent,rent_history_3521010_brampton
3518039,Brock,Durham,2008,October,1 Bedroom,695.0,a,Excellent,rent_history_3518039_brock
3518039,Brock,Durham,2008,October,2 Bedroom,766.0,a,Excellent,rent_history_3518039_brock
3518039,Brock,Durham,2008,October,Total,750.0,a,Excellent,rent_history_3518039_brock
3518039,Brock,Durham,2009,October,1 Bedroom,647.0,b,Very good,rent_history_3518039_brock
3518039,Brock,Durham,2009,October,2 Bedroom,760.0,a,Excellent,rent_history_3518039_brock
3518039,Brock,Durham,2009,October,3 Bedroom,850.0,c,Good,rent_history_3518039_brock
3518039,Brock,Durham,2009,October,Total,743.0,a,Excellent,rent_history_3518039_brock
3518039,Brock,Durham,2010,October,1 Bedroom,618.0,a,Excellent,rent_history_3518039_brock
3518039,Brock,Durham,2010,October,2 Bedroom,780.0,a,Excellent,rent_history_3518039_brock
3518039,Brock,Durham,2010,October,Total,731.0,a,Excellent,rent_history_3518039_brock
3518039,Brock,Durham,2011,October,1 Bedroom,644.0,b,Very good,rent_history_3518039_brock
3518039,Brock,Durham,2011,October,2 Bedroom,777.0,a,Excellent,rent_history_3518039_brock
3518039,Brock,Durham,2011,October,Total,739.0,a,Excellent,rent_history_3518039_brock
3518039,Brock,Durham,2012,October,1 Bedroom,677.0,a,Excellent,rent_history_3518039_brock
3518039,Brock,Durham,2012,October,2 Bedroom,747.0,a,Excellent,rent_history_3518039_brock
3518039,Brock,Durham,2012,October,Total,746.0,a,Excellent,rent_history_3518039_brock
3518039,Brock,Durham,2013,October,1 Bedroom,697.0,a,Excellent,rent_history_3518039_brock
3518039,Brock,Durham,2013,October,2 Bedroom,804.0,a,Excellent,rent_history_3518039_brock
3518039,Brock,Durham,2013,October,Total,775.0,a,Excellent,rent_history_3518039_brock
3518039,Brock,Durham,2014,October,1 Bedroom,857.0,b,Very good,rent_history_3518039_brock
3518039,Brock,Durham,2014,October,2 Bedroom,864.0,b,Very good,rent_history_3518039_brock
3518039,Brock,Durham,2014,October,Total,872.0,a,Excellent,rent_history_3518039_brock
3518039,Brock,Durham,2015,October,1 Bedroom,725.0,a,Excellent,rent_history_3518039_brock
3518039,Brock,Durham,2015,October,2 Bedroom,826.0,a,Excellent,rent_history_3518039_brock
3518039,Brock,Durham,2015,October,Total,799.0,a,Excellent,rent_history_3518039_brock
3518039,Brock,Durham,2016,October,1 Bedroom,803.0,a,Excellent,rent_history_3518039_brock
3518039,Brock,Durham,2016,October,2 Bedroom,886.0,a,Excellent,rent_history_3518039_brock
3518039,Brock,Durham,2016,October,Total,863.0,a,Excellent,rent_history_3518039_brock
3518039,Brock,Durham,2017,October,1 Bedroom,823.0,a,Excellent,rent_history_3518039_brock
3518039,Brock,Durham,2017,October,2 Bedroom,930.0,a,Excellent,rent_history_3518039_brock
3518039,Brock,Durham,2017,October,Total,900.0,a,Excellent,rent_history_3518039_brock
3518039,Brock,Durham,2018,October,1 Bedroom,862.0,a,Excellent,rent_history_3518039_brock
3518039,Brock,Durham,2018,October,2 Bedroom,927.0,a,Excellent,rent_history_3518039_brock
3518039,Brock,Durham,2018,October,Total,908.0,a,Excellent,rent_history_3518039_brock
3518039,Brock,Durham,2019,October,1 Bedroom,871.0,a,Excellent,rent_history_3518039_brock
3518039,Brock,Durham,2019,October,2 Bedroom,1009.0,a,Excellent,rent_history_3518039_brock
3518039,Brock,Durham,2019,October,Total,938.0,a,Excellent,rent_history_3518039_brock
3518039,Brock,Durham,2020,October,1 Bedroom,919.0,a,Excellent,rent_history_3518039_brock
3518039,Brock,Durham,2020,October,2 Bedroom,1007.0,a,Excellent,rent_history_3518039_brock
3518039,Brock,Durham,2020,October,Total,983.0,a,Excellent,rent_history_3518039_brock
3518039,Brock,Durham,2021,October,1 Bedroom,888.0,a,Excellent,rent_history_3518039_brock
3518039,Brock,Durham,2021,October,2 Bedroom,909.0,a,Excellent,rent_history_3518039_brock
3518039,Brock,Durham,2021,October,Total,901.0,a,Excellent,rent_history_3518039_brock
3518039,Brock,Durham,2022,October,1 Bedroom,1015.0,a,Excellent,rent_history_3518039_brock
3518039,Brock,Durham,2022,October,2 Bedroom,876.0,a,Excellent,rent_history_3518039_brock
3518039,Brock,Durham,2022,October,Total,905.0,a,Excellent,rent_history_3518039_brock
3518039,Brock,Durham,2023,October,1 Bedroom,1258.0,a,Excellent,rent_history_3518039_brock
3518039,Brock,Durham,2023,October,2 Bedroom,1196.0,b,Very good,rent_history_3518039_brock
3518039,Brock,Durham,2023,October,Total,1203.0,b,Very good,rent_history_3518039_brock
3518039,Brock,Durham,2024,October,1 Bedroom,1069.0,b,Very good,rent_history_3518039_brock
3518039,Brock,Durham,2024,October,2 Bedroom,1050.0,b,Very good,rent_history_3518039_brock
3518039,Brock,Durham,2024,October,Total,1050.0,a,Excellent,rent_history_3518039_brock
3518039,Brock,Durham,2025,October,1 Bedroom,1030.0,b,Very good,rent_history_3518039_brock
3518039,Brock,Durham,2025,October,2 Bedroom,1296.0,a,Excellent,rent_history_3518039_brock
3518039,Brock,Durham,2025,October,Total,1222.0,a,Excellent,rent_history_3518039_brock
3524002,Burlington,Halton,1990,October,1 Bedroom,542.0,a,Excellent,rent_history_3524002_burlington
3524002,Burlington,Halton,1990,October,2 Bedroom,597.0,a,Excellent,rent_history_3524002_burlington
3524002,Burlington,Halton,1990,October,3 Bedroom,716.0,a,Excellent,rent_history_3524002_burlington
3524002,Burlington,Halton,1990,October,Studio,362.0,b,Very good,rent_history_3524002_burlington
3524002,Burlington,Halton,1990,October,Total,602.0,a,Excellent,rent_history_3524002_burlington
3524002,Burlington,Halton,1991,October,1 Bedroom,557.0,a,Excellent,rent_history_3524002_burlington
3524002,Burlington,Halton,1991,October,2 Bedroom,628.0,a,Excellent,rent_history_3524002_burlington
3524002,Burlington,Halton,1991,October,3 Bedroom,769.0,a,Excellent,rent_history_3524002_burlington
3524002,Burlington,Halton,1991,October,Studio,423.0,c,Good,rent_history_3524002_burlington
3524002,Burlington,Halton,1991,October,Total,634.0,a,Excellent,rent_history_3524002_burlington
3524002,Burlington,Halton,1992,October,1 Bedroom,565.0,a,Excellent,rent_history_3524002_burlington
3524002,Burlington,Halton,1992,October,2 Bedroom,640.0,a,Excellent,rent_history_3524002_burlington
3524002,Burlington,Halton,1992,October,3 Bedroom,781.0,a,Excellent,rent_history_3524002_burlington
3524002,Burlington,Halton,1992,October,Studio,421.0,b,Very good,rent_history_3524002_burlington
3524002,Burlington,Halton,1992,October,Total,643.0,a,Excellent,rent_history_3524002_burlington
3524002,Burlington,Halton,1993,October,1 Bedroom,596.0,a,Excellent,rent_history_3524002_burlington
3524002,Burlington,Halton,1993,October,2 Bedroom,686.0,a,Excellent,rent_history_3524002_burlington
3524002,Burlington,Halton,1993,October,3 Bedroom,837.0,a,Excellent,rent_history_3524002_burlington
3524002,Burlington,Halton,1993,October,Studio,501.0,b,Very good,rent_history_3524002_burlington
3524002,Burlington,Halton,1993,October,Total,688.0,a,Excellent,rent_history_3524002_burlington
3524002,Burlington,Halton,1994,October,1 Bedroom,620.0,a,Excellent,rent_history_3524002_burlington
3524002,Burlington,Halton,1994,October,2 Bedroom,691.0,a,Excellent,rent_history_3524002_burlington
3524002,Burlington,Halton,1994,October,3 Bedroom,832.0,a,Excellent,rent_history_3524002_burlington
3524002,Burlington,Halton,1994,October,Studio,537.0,c,Good,rent_history_3524002_burlington
3524002,Burlington,Halton,1994,October,Total,698.0,a,Excellent,rent_history_3524002_burlington
3524002,Burlington,Halton,1995,October,1 Bedroom,641.0,a,Excellent,rent_history_3524002_burlington
3524002,Burlington,Halton,1995,October,2 Bedroom,711.0,a,Excellent,rent_history_3524002_burlington
3524002,Burlington,Halton,1995,October,3 Bedroom,849.0,a,Excellent,rent_history_3524002_burlington
3524002,Burlington,Halton,1995,October,Studio,505.0,b,Very good,rent_history_3524002_burlington
3524002,Burlington,Halton,1995,October,Total,719.0,a,Excellent,rent_history_3524002_burlington
3524002,Burlington,Halton,1996,October,1 Bedroom,651.0,a,Excellent,rent_history_3524002_burlington
3524002,Burlington,Halton,1996,October,2 Bedroom,736.0,a,Excellent,rent_history_3524002_burlington
3524002,Burlington,Halton,1996,October,3 Bedroom,882.0,a,Excellent,rent_history_3524002_burlington
3524002,Burlington,Halton,1996,October,Studio,531.0,b,Very good,rent_history_3524002_burlington
3524002,Burlington,Halton,1996,October,Total,737.0,a,Excellent,rent_history_3524002_burlington
3524002,Burlington,Halton,1997,October,1 Bedroom,665.0,a,Excellent,rent_history_3524002_burlington
3524002,Burlington,Halton,1997,October,2 Bedroom,751.0,a,Excellent,rent_history_3524002_burlington
3524002,Burlington,Halton,1997,October,3 Bedroom,905.0,a,Excellent,rent_history_3524002_burlington
3524002,Burlington,Halton,1997,October,Studio,580.0,b,Very good,rent_history_3524002_burlington
3524002,Burlington,Halton,1997,October,Total,756.0,a,Excellent,rent_history_3524002_burlington
3524002,Burlington,Halton,1998,October,1 Bedroom,722.0,a,Excellent,rent_history_3524002_burlington
3524002,Burlington,Halton,1998,October,2 Bedroom,802.0,a,Excellent,rent_history_3524002_burlington
3524002,Burlington,Halton,1998,October,3 Bedroom,930.0,a,Excellent,rent_history_3524002_burlington
3524002,Burlington,Halton,1998,October,Studio,583.0,b,Very good,rent_history_3524002_burlington
3524002,Burlington,Halton,1998,October,Total,801.0,a,Excellent,rent_history_3524002_burlington
3524002,Burlington,Halton,1999,October,1 Bedroom,750.0,a,Excellent,rent_history_3524002_burlington
3524002,Burlington,Halton,1999,October,2 Bedroom,838.0,a,Excellent,rent_history_3524002_burlington
3524002,Burlington,Halton,1999,October,3 Bedroom,978.0,a,Excellent,rent_history_3524002_burlington
3524002,Burlington,Halton,1999,October,Studio,571.0,b,Very good,rent_history_3524002_burlington
3524002,Burlington,Halton,1999,October,Total,835.0,a,Excellent,rent_history_3524002_burlington
3524002,Burlington,Halton,2000,October,1 Bedroom,768.0,a,Excellent,rent_history_3524002_burlington
3524002,Burlington,Halton,2000,October,2 Bedroom,876.0,a,Excellent,rent_history_3524002_burlington
3524002,Burlington,Halton,2000,October,3 Bedroom,1010.0,a,Excellent,rent_history_3524002_burlington
3524002,Burlington,Halton,2000,October,Studio,617.0,b,Very good,rent_history_3524002_burlington
3524002,Burlington,Halton,2000,October,Total,868.0,a,Excellent,rent_history_3524002_burlington
3524002,Burlington,Halton,2001,October,1 Bedroom,790.0,a,Excellent,rent_history_3524002_burlington
3524002,Burlington,Halton,2001,October,2 Bedroom,878.0,a,Excellent,rent_history_3524002_burlington
3524002,Burlington,Halton,2001,October,3 Bedroom,1028.0,a,Excellent,rent_history_3524002_burlington
3524002,Burlington,Halton,2001,October,Studio,595.0,b,Very good,rent_history_3524002_burlington
3524002,Burlington,Halton,2001,October,Total,878.0,a,Excellent,rent_history_3524002_burlington
3524002,Burlington,Halton,2002,October,1 Bedroom,823.0,a,Excellent,rent_history_3524002_burlington
3524002,Burlington,Halton,2002,October,2 Bedroom,935.0,a,Excellent,rent_history_3524002_burlington
3524002,Burlington,Halton,2002,October,3 Bedroom,1077.0,a,Excellent,rent_history_3524002_burlington
3524002,Burlington,Halton,2002,October,Studio,673.0,b,Very good,rent_history_3524002_burlington
3524002,Burlington,Halton,2002,October,Total,927.0,a,Excellent,rent_history_3524002_burlington
3524002,Burlington,Halton,2003,October,1 Bedroom,821.0,a,Excellent,rent_history_3524002_burlington
3524002,Burlington,Halton,2003,October,2 Bedroom,931.0,a,Excellent,rent_history_3524002_burlington
3524002,Burlington,Halton,2003,October,3 Bedroom,1081.0,a,Excellent,rent_history_3524002_burlington
3524002,Burlington,Halton,2003,October,Studio,662.0,a,Excellent,rent_history_3524002_burlington
3524002,Burlington,Halton,2003,October,Total,927.0,a,Excellent,rent_history_3524002_burlington
3524002,Burlington,Halton,2004,October,1 Bedroom,819.0,a,Excellent,rent_history_3524002_burlington
3524002,Burlington,Halton,2004,October,2 Bedroom,947.0,a,Excellent,rent_history_3524002_burlington
3524002,Burlington,Halton,2004,October,3 Bedroom,1111.0,a,Excellent,rent_history_3524002_burlington
3524002,Burlington,Halton,2004,October,Studio,660.0,a,Excellent,rent_history_3524002_burlington
3524002,Burlington,Halton,2004,October,Total,938.0,a,Excellent,rent_history_3524002_burlington
3524002,Burlington,Halton,2005,October,1 Bedroom,835.0,a,Excellent,rent_history_3524002_burlington
3524002,Burlington,Halton,2005,October,2 Bedroom,938.0,a,Excellent,rent_history_3524002_burlington
3524002,Burlington,Halton,2005,October,3 Bedroom,1082.0,a,Excellent,rent_history_3524002_burlington
3524002,Burlington,Halton,2005,October,Studio,665.0,b,Very good,rent_history_3524002_burlington
3524002,Burlington,Halton,2005,October,Total,932.0,a,Excellent,rent_history_3524002_burlington
3524002,Burlington,Halton,2006,October,1 Bedroom,849.0,a,Excellent,rent_history_3524002_burlington
3524002,Burlington,Halton,2006,October,2 Bedroom,958.0,a,Excellent,rent_history_3524002_burlington
3524002,Burlington,Halton,2006,October,3 Bedroom,1066.0,a,Excellent,rent_history_3524002_burlington
3524002,Burlington,Halton,2006,October,Studio,721.0,b,Very good,rent_history_3524002_burlington
3524002,Burlington,Halton,2006,October,Total,940.0,a,Excellent,rent_history_3524002_burlington
3524002,Burlington,Halton,2007,October,1 Bedroom,877.0,a,Excellent,rent_history_3524002_burlington
3524002,Burlington,Halton,2007,October,2 Bedroom,1002.0,a,Excellent,rent_history_3524002_burlington
3524002,Burlington,Halton,2007,October,3 Bedroom,1113.0,a,Excellent,rent_history_3524002_burlington
3524002,Burlington,Halton,2007,October,Studio,704.0,b,Very good,rent_history_3524002_burlington
3524002,Burlington,Halton,2007,October,Total,983.0,a,Excellent,rent_history_3524002_burlington
3524002,Burlington,Halton,2008,October,1 Bedroom,889.0,a,Excellent,rent_history_3524002_burlington
3524002,Burlington,Halton,2008,October,2 Bedroom,993.0,a,Excellent,rent_history_3524002_burlington
3524002,Burlington,Halton,2008,October,3 Bedroom,1171.0,a,Excellent,rent_history_3524002_burlington
3524002,Burlington,Halton,2008,October,Studio,833.0,a,Excellent,rent_history_3524002_burlington
3524002,Burlington,Halton,2008,October,Total,989.0,a,Excellent,rent_history_3524002_burlington
3524002,Burlington,Halton,2009,October,1 Bedroom,878.0,a,Excellent,rent_history_3524002_burlington
3524002,Burlington,Halton,2009,October,2 Bedroom,989.0,a,Excellent,rent_history_3524002_burlington
3524002,Burlington,Halton,2009,October,3 Bedroom,1172.0,a,Excellent,rent_history_3524002_burlington
3524002,Burlington,Halton,2009,October,Studio,721.0,b,Very good,rent_history_3524002_burlington
3524002,Burlington,Halton,2009,October,Total,990.0,a,Excellent,rent_history_3524002_burlington
3524002,Burlington,Halton,2010,October,1 Bedroom,929.0,a,Excellent,rent_history_3524002_burlington
3524002,Burlington,Halton,2010,October,2 Bedroom,1060.0,a,Excellent,rent_history_3524002_burlington
3524002,Burlington,Halton,2010,October,3 Bedroom,1223.0,a,Excellent,rent_history_3524002_burlington
3524002,Burlington,Halton,2010,October,Studio,848.0,b,Very good,rent_history_3524002_burlington
3524002,Burlington,Halton,2010,October,Total,1050.0,a,Excellent,rent_history_3524002_burlington
3524002,Burlington,Halton,2011,October,1 Bedroom,967.0,a,Excellent,rent_history_3524002_burlington
3524002,Burlington,Halton,2011,October,2 Bedroom,1097.0,a,Excellent,rent_history_3524002_burlington
3524002,Burlington,Halton,2011,October,3 Bedroom,1261.0,a,Excellent,rent_history_3524002_burlington
3524002,Burlington,Halton,2011,October,Studio,868.0,b,Very good,rent_history_3524002_burlington
3524002,Burlington,Halton,2011,October,Total,1088.0,a,Excellent,rent_history_3524002_burlington
3524002,Burlington,Halton,2012,October,1 Bedroom,986.0,a,Excellent,rent_history_3524002_burlington
3524002,Burlington,Halton,2012,October,2 Bedroom,1123.0,a,Excellent,rent_history_3524002_burlington
3524002,Burlington,Halton,2012,October,3 Bedroom,1286.0,a,Excellent,rent_history_3524002_burlington
3524002,Burlington,Halton,2012,October,Studio,897.0,b,Very good,rent_history_3524002_burlington
3524002,Burlington,Halton,2012,October,Total,1107.0,a,Excellent,rent_history_3524002_burlington
3524002,Burlington,Halton,2013,October,1 Bedroom,1020.0,a,Excellent,rent_history_3524002_burlington
3524002,Burlington,Halton,2013,October,2 Bedroom,1154.0,a,Excellent,rent_history_3524002_burlington
3524002,Burlington,Halton,2013,October,3 Bedroom,1333.0,a,Excellent,rent_history_3524002_burlington
3524002,Burlington,Halton,2013,October,Studio,930.0,b,Very good,rent_history_3524002_burlington
3524002,Burlington,Halton,2013,October,Total,1140.0,a,Excellent,rent_history_3524002_burlington
3524002,Burlington,Halton,2014,October,1 Bedroom,1077.0,a,Excellent,rent_history_3524002_burlington
3524002,Burlington,Halton,2014,October,2 Bedroom,1203.0,a,Excellent,rent_history_3524002_burlington
3524002,Burlington,Halton,2014,October,3 Bedroom,1371.0,a,Excellent,rent_history_3524002_burlington
3524002,Burlington,Halton,2014,October,Studio,933.0,b,Very good,rent_history_3524002_burlington
3524002,Burlington,Halton,2014,October,Total,1190.0,a,Excellent,rent_history_3524002_burlington
3524002,Burlington,Halton,2015,October,1 Bedroom,1123.0,a,Excellent,rent_history_3524002_burlington
3524002,Burlington,Halton,2015,October,2 Bedroom,1266.0,a,Excellent,rent_history_3524002_burlington
3524002,Burlington,Halton,2015,October,3 Bedroom,1422.0,a,Excellent,rent_history_3524002_burlington
3524002,Burlington,Halton,2015,October,Studio,859.0,b,Very good,rent_history_3524002_burlington
3524002,Burlington,Halton,2015,October,Total,1249.0,a,Excellent,rent_history_3524002_burlington
3524002,Burlington,Halton,2016,October,1 Bedroom,1158.0,a,Excellent,rent_history_3524002_burlington
3524002,Burlington,Halton,2016,October,2 Bedroom,1290.0,a,Excellent,rent_history_3524002_burlington
3524002,Burlington,Halton,2016,October,3 Bedroom,1476.0,a,Excellent,rent_history_3524002_burlington
3524002,Burlington,Halton,2016,October,Studio,909.0,a,Excellent,rent_history_3524002_burlington
3524002,Burlington,Halton,2016,October,Total,1275.0,a,Excellent,rent_history_3524002_burlington
3524002,Burlington,Halton,2017,October,1 Bedroom,1240.0,a,Excellent,rent_history_3524002_burlington
3524002,Burlington,Halton,2017,October,2 Bedroom,1365.0,a,Excellent,rent_history_3524002_burlington
3524002,Burlington,Halton,2017,October,3 Bedroom,1552.0,a,Excellent,rent_history_3524002_burlington
3524002,Burlington,Halton,2017,October,Studio,897.0,b,Very good,rent_history_3524002_burlington
3524002,Burlington,Halton,2017,October,Total,1357.0,a,Excellent,rent_history_3524002_burlington
3524002,Burlington,Halton,2018,October,1 Bedroom,1282.0,a,Excellent,rent_history_3524002_burlington
3524002,Burlington,Halton,2018,October,2 Bedroom,1405.0,a,Excellent,rent_history_3524002_burlington
3524002,Burlington,Halton,2018,October,3 Bedroom,1545.0,a,Excellent,rent_history_3524002_burlington
3524002,Burlington,Halton,2018,October,Studio,1456.0,d,Poor - use with caution,rent_history_3524002_burlington
3524002,Burlington,Halton,2018,October,Total,1394.0,a,Excellent,rent_history_3524002_burlington
3524002,Burlington,Halton,2019,October,1 Bedroom,1350.0,a,Excellent,rent_history_3524002_burlington
3524002,Burlington,Halton,2019,October,2 Bedroom,1511.0,a,Excellent,rent_history_3524002_burlington
3524002,Burlington,Halton,2019,October,3 Bedroom,1606.0,a,Excellent,rent_history_3524002_burlington
3524002,Burlington,Halton,2019,October,Studio,1047.0,b,Very good,rent_history_3524002_burlington
3524002,Burlington,Halton,2019,October,Total,1475.0,a,Excellent,rent_history_3524002_burlington
3524002,Burlington,Halton,2020,October,1 Bedroom,1461.0,a,Excellent,rent_history_3524002_burlington
3524002,Burlington,Halton,2020,October,2 Bedroom,1623.0,a,Excellent,rent_history_3524002_burlington
3524002,Burlington,Halton,2020,October,3 Bedroom,1640.0,a,Excellent,rent_history_3524002_burlington
3524002,Burlington,Halton,2020,October,Studio,1216.0,b,Very good,rent_history_3524002_burlington
3524002,Burlington,Halton,2020,October,Total,1573.0,a,Excellent,rent_history_3524002_burlington
3524002,Burlington,Halton,2021,October,1 Bedroom,1441.0,a,Excellent,rent_history_3524002_burlington
3524002,Burlington,Halton,2021,October,2 Bedroom,1631.0,a,Excellent,rent_history_3524002_burlington
3524002,Burlington,Halton,2021,October,3 Bedroom,1691.0,a,Excellent,rent_history_3524002_burlington
3524002,Burlington,Halton,2021,October,Studio,1237.0,b,Very good,rent_history_3524002_burlington
3524002,Burlington,Halton,2021,October,Total,1584.0,a,Excellent,rent_history_3524002_burlington
3524002,Burlington,Halton,2022,October,1 Bedroom,1533.0,a,Excellent,rent_history_3524002_burlington
3524002,Burlington,Halton,2022,October,2 Bedroom,1757.0,a,Excellent,rent_history_3524002_burlington
3524002,Burlington,Halton,2022,October,3 Bedroom,1772.0,a,Excellent,rent_history_3524002_burlington
3524002,Burlington,Halton,2022,October,Studio,1185.0,b,Very good,rent_history_3524002_burlington
3524002,Burlington,Halton,2022,October,Total,1688.0,a,Excellent,rent_history_3524002_burlington
3524002,Burlington,Halton,2023,October,1 Bedroom,1613.0,a,Excellent,rent_history_3524002_burlington
3524002,Burlington,Halton,2023,October,2 Bedroom,1823.0,a,Excellent,rent_history_3524002_burlington
3524002,Burlington,Halton,2023,October,3 Bedroom,1804.0,a,Excellent,rent_history_3524002_burlington
3524002,Burlington,Halton,2023,October,Studio,1196.0,b,Very good,rent_history_3524002_burlington
3524002,Burlington,Halton,2023,October,Total,1761.0,a,Excellent,rent_history_3524002_burlington
3524002,Burlington,Halton,2024,October,1 Bedroom,1726.0,a,Excellent,rent_history_3524002_burlington
3524002,Burlington,Halton,2024,October,2 Bedroom,1993.0,a,Excellent,rent_history_3524002_burlington
3524002,Burlington,Halton,2024,October,3 Bedroom,2112.0,a,Excellent,rent_history_3524002_burlington
3524002,Burlington,Halton,2024,October,Studio,1441.0,b,Very good,rent_history_3524002_burlington
3524002,Burlington,Halton,2024,October,Total,1929.0,a,Excellent,rent_history_3524002_burlington
3524002,Burlington,Halton,2025,October,1 Bedroom,1744.0,a,Excellent,rent_history_3524002_burlington
3524002,Burlington,Halton,2025,October,2 Bedroom,2050.0,a,Excellent,rent_history_3524002_burlington
3524002,Burlington,Halton,2025,October,3 Bedroom,2196.0,a,Excellent,rent_history_3524002_burlington
3524002,Burlington,Halton,2025,October,Studio,1539.0,c,Good,rent_history_3524002_burlington
3524002,Burlington,Halton,2025,October,Total,1977.0,a,Excellent,rent_history_3524002_burlington
3521024,Caledon,Peel,1991,October,2 Bedroom,580.0,a,Excellent,rent_history_3521024_caledon
3521024,Caledon,Peel,1991,October,Total,572.0,a,Excellent,rent_history_3521024_caledon
3521024,Caledon,Peel,1993,October,2 Bedroom,597.0,a,Excellent,rent_history_3521024_caledon
3521024,Caledon,Peel,1993,October,Total,562.0,a,Excellent,rent_history_3521024_caledon
3521024,Caledon,Peel,1994,October,1 Bedroom,559.0,a,Excellent,rent_history_3521024_caledon
3521024,Caledon,Peel,1994,October,2 Bedroom,652.0,a,Excellent,rent_history_3521024_caledon
3521024,Caledon,Peel,1994,October,Total,612.0,a,Excellent,rent_history_3521024_caledon
3521024,Caledon,Peel,1995,October,2 Bedroom,626.0,a,Excellent,rent_history_3521024_caledon
3521024,Caledon,Peel,1995,October,Total,627.0,a,Excellent,rent_history_3521024_caledon
3521024,Caledon,Peel,1996,October,2 Bedroom,689.0,a,Excellent,rent_history_3521024_caledon
3521024,Caledon,Peel,1996,October,Total,657.0,b,Very good,rent_history_3521024_caledon
3521024,Caledon,Peel,1997,October,2 Bedroom,728.0,a,Excellent,rent_history_3521024_caledon
3521024,Caledon,Peel,1997,October,Total,702.0,b,Very good,rent_history_3521024_caledon
3521024,Caledon,Peel,1999,October,2 Bedroom,736.0,a,Excellent,rent_history_3521024_caledon
3521024,Caledon,Peel,1999,October,Total,674.0,a,Excellent,rent_history_3521024_caledon
3521024,Caledon,Peel,2001,October,2 Bedroom,780.0,a,Excellent,rent_history_3521024_caledon
3521024,Caledon,Peel,2001,October,Total,743.0,a,Excellent,rent_history_3521024_caledon
3521024,Caledon,Peel,2003,October,2 Bedroom,839.0,a,Excellent,rent_history_3521024_caledon
3521024,Caledon,Peel,2003,October,Total,811.0,a,Excellent,rent_history_3521024_caledon
3521024,Caledon,Peel,2004,October,2 Bedroom,856.0,a,Excellent,rent_history_3521024_caledon
3521024,Caledon,Peel,2004,October,Total,820.0,a,Excellent,rent_history_3521024_caledon
3521024,Caledon,Peel,2005,October,2 Bedroom,810.0,a,Excellent,rent_history_3521024_caledon
3521024,Caledon,Peel,2005,October,Total,783.0,a,Excellent,rent_history_3521024_caledon
3521024,Caledon,Peel,2006,October,2 Bedroom,879.0,a,Excellent,rent_history_3521024_caledon
3521024,Caledon,Peel,2006,October,Total,850.0,a,Excellent,rent_history_3521024_caledon
3521024,Caledon,Peel,2007,October,2 Bedroom,829.0,a,Excellent,rent_history_3521024_caledon
3521024,Caledon,Peel,2007,October,Total,845.0,a,Excellent,rent_history_3521024_caledon
3521024,Caledon,Peel,2009,October,2 Bedroom,890.0,a,Excellent,rent_history_3521024_caledon
3521024,Caledon,Peel,2009,October,Total,868.0,a,Excellent,rent_history_3521024_caledon
3521024,Caledon,Peel,2014,October,1 Bedroom,977.0,b,Very good,rent_history_3521024_caledon
3521024,Caledon,Peel,2014,October,2 Bedroom,1017.0,a,Excellent,rent_history_3521024_caledon
3521024,Caledon,Peel,2014,October,Total,1003.0,a,Excellent,rent_history_3521024_caledon
3518017,Clarington,Durham,1990,October,1 Bedroom,549.0,a,Excellent,rent_history_3518017_clarington
3518017,Clarington,Durham,1990,October,2 Bedroom,623.0,a,Excellent,rent_history_3518017_clarington
3518017,Clarington,Durham,1990,October,3 Bedroom,671.0,a,Excellent,rent_history_3518017_clarington
3518017,Clarington,Durham,1990,October,Studio,400.0,a,Excellent,rent_history_3518017_clarington
3518017,Clarington,Durham,1990,October,Total,603.0,a,Excellent,rent_history_3518017_clarington
3518017,Clarington,Durham,1991,October,1 Bedroom,564.0,a,Excellent,rent_history_3518017_clarington
3518017,Clarington,Durham,1991,October,2 Bedroom,630.0,a,Excellent,rent_history_3518017_clarington
3518017,Clarington,Durham,1991,October,3 Bedroom,687.0,a,Excellent,rent_history_3518017_clarington
3518017,Clarington,Durham,1991,October,Total,613.0,a,Excellent,rent_history_3518017_clarington
3518017,Clarington,Durham,1992,October,1 Bedroom,584.0,a,Excellent,rent_history_3518017_clarington
3518017,Clarington,Durham,1992,October,2 Bedroom,651.0,a,Excellent,rent_history_3518017_clarington
3518017,Clarington,Durham,1992,October,3 Bedroom,712.0,a,Excellent,rent_history_3518017_clarington
3518017,Clarington,Durham,1992,October,Total,637.0,a,Excellent,rent_history_3518017_clarington
3518017,Clarington,Durham,1993,October,1 Bedroom,570.0,a,Excellent,rent_history_3518017_clarington
3518017,Clarington,Durham,1993,October,2 Bedroom,644.0,a,Excellent,rent_history_3518017_clarington
3518017,Clarington,Durham,1993,October,3 Bedroom,781.0,a,Excellent,rent_history_3518017_clarington
3518017,Clarington,Durham,1993,October,Total,634.0,a,Excellent,rent_history_3518017_clarington
3518017,Clarington,Durham,1994,October,1 Bedroom,546.0,a,Excellent,rent_history_3518017_clarington
3518017,Clarington,Durham,1994,October,2 Bedroom,627.0,a,Excellent,rent_history_3518017_clarington
3518017,Clarington,Durham,1994,October,3 Bedroom,748.0,a,Excellent,rent_history_3518017_clarington
3518017,Clarington,Durham,1994,October,Total,615.0,a,Excellent,rent_history_3518017_clarington
3518017,Clarington,Durham,1995,October,1 Bedroom,585.0,a,Excellent,rent_history_3518017_clarington
3518017,Clarington,Durham,1995,October,2 Bedroom,662.0,a,Excellent,rent_history_3518017_clarington
3518017,Clarington,Durham,1995,October,3 Bedroom,782.0,a,Excellent,rent_history_3518017_clarington
3518017,Clarington,Durham,1995,October,Studio,449.0,a,Excellent,rent_history_3518017_clarington
3518017,Clarington,Durham,1995,October,Total,650.0,a,Excellent,rent_history_3518017_clarington
3518017,Clarington,Durham,1996,October,1 Bedroom,603.0,a,Excellent,rent_history_3518017_clarington
3518017,Clarington,Durham,1996,October,2 Bedroom,672.0,a,Excellent,rent_history_3518017_clarington
3518017,Clarington,Durham,1996,October,3 Bedroom,811.0,a,Excellent,rent_history_3518017_clarington
3518017,Clarington,Durham,1996,October,Studio,462.0,a,Excellent,rent_history_3518017_clarington
3518017,Clarington,Durham,1996,October,Total,664.0,a,Excellent,rent_history_3518017_clarington
3518017,Clarington,Durham,1997,October,1 Bedroom,584.0,a,Excellent,rent_history_3518017_clarington
3518017,Clarington,Durham,1997,October,2 Bedroom,685.0,a,Excellent,rent_history_3518017_clarington
3518017,Clarington,Durham,1997,October,Total,660.0,a,Excellent,rent_history_3518017_clarington
3518017,Clarington,Durham,1998,October,1 Bedroom,606.0,a,Excellent,rent_history_3518017_clarington
3518017,Clarington,Durham,1998,October,2 Bedroom,702.0,a,Excellent,rent_history_3518017_clarington
3518017,Clarington,Durham,1998,October,3 Bedroom,824.0,a,Excellent,rent_history_3518017_clarington
3518017,Clarington,Durham,1998,October,Studio,488.0,a,Excellent,rent_history_3518017_clarington
3518017,Clarington,Durham,1998,October,Total,683.0,a,Excellent,rent_history_3518017_clarington
3518017,Clarington,Durham,1999,October,1 Bedroom,632.0,a,Excellent,rent_history_3518017_clarington
3518017,Clarington,Durham,1999,October,2 Bedroom,728.0,a,Excellent,rent_history_3518017_clarington
3518017,Clarington,Durham,1999,October,3 Bedroom,856.0,a,Excellent,rent_history_3518017_clarington
3518017,Clarington,Durham,1999,October,Total,703.0,a,Excellent,rent_history_3518017_clarington
3518017,Clarington,Durham,2000,October,1 Bedroom,640.0,a,Excellent,rent_history_3518017_clarington
3518017,Clarington,Durham,2000,October,2 Bedroom,768.0,a,Excellent,rent_history_3518017_clarington
3518017,Clarington,Durham,2000,October,3 Bedroom,863.0,a,Excellent,rent_history_3518017_clarington
3518017,Clarington,Durham,2000,October,Studio,513.0,a,Excellent,rent_history_3518017_clarington
3518017,Clarington,Durham,2000,October,Total,737.0,a,Excellent,rent_history_3518017_clarington
3518017,Clarington,Durham,2001,October,1 Bedroom,689.0,a,Excellent,rent_history_3518017_clarington
3518017,Clarington,Durham,2001,October,2 Bedroom,808.0,a,Excellent,rent_history_3518017_clarington
3518017,Clarington,Durham,2001,October,3 Bedroom,927.0,a,Excellent,rent_history_3518017_clarington
3518017,Clarington,Durham,2001,October,Studio,518.0,a,Excellent,rent_history_3518017_clarington
3518017,Clarington,Durham,2001,October,Total,775.0,a,Excellent,rent_history_3518017_clarington
3518017,Clarington,Durham,2002,October,1 Bedroom,689.0,a,Excellent,rent_history_3518017_clarington
3518017,Clarington,Durham,2002,October,2 Bedroom,812.0,a,Excellent,rent_history_3518017_clarington
3518017,Clarington,Durham,2002,October,3 Bedroom,935.0,a,Excellent,rent_history_3518017_clarington
3518017,Clarington,Durham,2002,October,Studio,552.0,a,Excellent,rent_history_3518017_clarington
3518017,Clarington,Durham,2002,October,Total,776.0,a,Excellent,rent_history_3518017_clarington
3518017,Clarington,Durham,2003,October,1 Bedroom,692.0,a,Excellent,rent_history_3518017_clarington
3518017,Clarington,Durham,2003,October,2 Bedroom,819.0,a,Excellent,rent_history_3518017_clarington
3518017,Clarington,Durham,2003,October,3 Bedroom,960.0,a,Excellent,rent_history_3518017_clarington
3518017,Clarington,Durham,2003,October,Studio,527.0,b,Very good,rent_history_3518017_clarington
3518017,Clarington,Durham,2003,October,Total,776.0,a,Excellent,rent_history_3518017_clarington
3518017,Clarington,Durham,2004,October,1 Bedroom,689.0,a,Excellent,rent_history_3518017_clarington
3518017,Clarington,Durham,2004,October,2 Bedroom,838.0,a,Excellent,rent_history_3518017_clarington
3518017,Clarington,Durham,2004,October,3 Bedroom,1005.0,a,Excellent,rent_history_3518017_clarington
3518017,Clarington,Durham,2004,October,Studio,569.0,a,Excellent,rent_history_3518017_clarington
3518017,Clarington,Durham,2004,October,Total,799.0,a,Excellent,rent_history_3518017_clarington
3518017,Clarington,Durham,2005,October,1 Bedroom,724.0,a,Excellent,rent_history_3518017_clarington
3518017,Clarington,Durham,2005,October,2 Bedroom,847.0,a,Excellent,rent_history_3518017_clarington
3518017,Clarington,Durham,2005,October,3 Bedroom,981.0,a,Excellent,rent_history_3518017_clarington
3518017,Clarington,Durham,2005,October,Studio,521.0,c,Good,rent_history_3518017_clarington
3518017,Clarington,Durham,2005,October,Total,801.0,a,Excellent,rent_history_3518017_clarington
3518017,Clarington,Durham,2006,October,1 Bedroom,716.0,a,Excellent,rent_history_3518017_clarington
3518017,Clarington,Durham,2006,October,2 Bedroom,849.0,a,Excellent,rent_history_3518017_clarington
3518017,Clarington,Durham,2006,October,3 Bedroom,1004.0,a,Excellent,rent_history_3518017_clarington
3518017,Clarington,Durham,2006,October,Total,809.0,a,Excellent,rent_history_3518017_clarington
3518017,Clarington,Durham,2007,October,1 Bedroom,709.0,a,Excellent,rent_history_3518017_clarington
3518017,Clarington,Durham,2007,October,2 Bedroom,850.0,a,Excellent,rent_history_3518017_clarington
3518017,Clarington,Durham,2007,October,Total,832.0,a,Excellent,rent_history_3518017_clarington
3518017,Clarington,Durham,2008,October,1 Bedroom,759.0,a,Excellent,rent_history_3518017_clarington
3518017,Clarington,Durham,2008,October,2 Bedroom,884.0,a,Excellent,rent_history_3518017_clarington
3518017,Clarington,Durham,2008,October,3 Bedroom,1144.0,a,Excellent,rent_history_3518017_clarington
3518017,Clarington,Durham,2008,October,Studio,642.0,b,Very good,rent_history_3518017_clarington
3518017,Clarington,Durham,2008,October,Total,853.0,a,Excellent,rent_history_3518017_clarington
3518017,Clarington,Durham,2009,October,1 Bedroom,699.0,a,Excellent,rent_history_3518017_clarington
3518017,Clarington,Durham,2009,October,2 Bedroom,877.0,a,Excellent,rent_history_3518017_clarington
3518017,Clarington,Durham,2009,October,3 Bedroom,1096.0,a,Excellent,rent_history_3518017_clarington
3518017,Clarington,Durham,2009,October,Studio,654.0,b,Very good,rent_history_3518017_clarington
3518017,Clarington,Durham,2009,October,Total,825.0,a,Excellent,rent_history_3518017_clarington
3518017,Clarington,Durham,2010,October,1 Bedroom,767.0,a,Excellent,rent_history_3518017_clarington
3518017,Clarington,Durham,2010,October,2 Bedroom,881.0,a,Excellent,rent_history_3518017_clarington
3518017,Clarington,Durham,2010,October,3 Bedroom,1192.0,a,Excellent,rent_history_3518017_clarington
3518017,Clarington,Durham,2010,October,Total,855.0,a,Excellent,rent_history_3518017_clarington
3518017,Clarington,Durham,2011,October,1 Bedroom,751.0,a,Excellent,rent_history_3518017_clarington
3518017,Clarington,Durham,2011,October,2 Bedroom,902.0,a,Excellent,rent_history_3518017_clarington
3518017,Clarington,Durham,2011,October,3 Bedroom,1103.0,a,Excellent,rent_history_3518017_clarington
3518017,Clarington,Durham,2011,October,Studio,673.0,a,Excellent,rent_history_3518017_clarington
3518017,Clarington,Durham,2011,October,Total,855.0,a,Excellent,rent_history_3518017_clarington
3518017,Clarington,Durham,2012,October,1 Bedroom,802.0,a,Excellent,rent_history_3518017_clarington
3518017,Clarington,Durham,2012,October,2 Bedroom,911.0,a,Excellent,rent_history_3518017_clarington
3518017,Clarington,Durham,2012,October,3 Bedroom,1462.0,a,Excellent,rent_history_3518017_clarington
3518017,Clarington,Durham,2012,October,Total,943.0,a,Excellent,rent_history_3518017_clarington
3518017,Clarington,Durham,2013,October,1 Bedroom,817.0,a,Excellent,rent_history_3518017_clarington
3518017,Clarington,Durham,2013,October,2 Bedroom,939.0,a,Excellent,rent_history_3518017_clarington
3518017,Clarington,Durham,2013,October,3 Bedroom,1207.0,b,Very good,rent_history_3518017_clarington
3518017,Clarington,Durham,2013,October,Total,911.0,a,Excellent,rent_history_3518017_clarington
3518017,Clarington,Durham,2014,October,1 Bedroom,916.0,a,Excellent,rent_history_3518017_clarington
3518017,Clarington,Durham,2014,October,2 Bedroom,1050.0,a,Excellent,rent_history_3518017_clarington
3518017,Clarington,Durham,2014,October,3 Bedroom,1447.0,b,Very good,rent_history_3518017_clarington
3518017,Clarington,Durham,2014,October,Studio,829.0,a,Excellent,rent_history_3518017_clarington
3518017,Clarington,Durham,2014,October,Total,1053.0,a,Excellent,rent_history_3518017_clarington
3518017,Clarington,Durham,2015,October,1 Bedroom,923.0,a,Excellent,rent_history_3518017_clarington
3518017,Clarington,Durham,2015,October,2 Bedroom,1071.0,a,Excellent,rent_history_3518017_clarington
3518017,Clarington,Durham,2015,October,3 Bedroom,1501.0,b,Very good,rent_history_3518017_clarington
3518017,Clarington,Durham,2015,October,Total,1068.0,a,Excellent,rent_history_3518017_clarington
3518017,Clarington,Durham,2016,October,1 Bedroom,866.0,c,Good,rent_history_3518017_clarington
3518017,Clarington,Durham,2016,October,2 Bedroom,979.0,a,Excellent,rent_history_3518017_clarington
3518017,Clarington,Durham,2016,October,3 Bedroom,1295.0,d,Poor - use with caution,rent_history_3518017_clarington
3518017,Clarington,Durham,2016,October,Total,964.0,a,Excellent,rent_history_3518017_clarington
3518017,Clarington,Durham,2017,October,1 Bedroom,964.0,a,Excellent,rent_history_3518017_clarington
3518017,Clarington,Durham,2017,October,2 Bedroom,1241.0,a,Excellent,rent_history_3518017_clarington
3518017,Clarington,Durham,2017,October,3 Bedroom,1501.0,b,Very good,rent_history_3518017_clarington
3518017,Clarington,Durham,2017,October,Total,1171.0,a,Excellent,rent_history_3518017_clarington
3518017,Clarington,Durham,2018,October,1 Bedroom,1050.0,a,Excellent,rent_history_3518017_clarington
3518017,Clarington,Durham,2018,October,2 Bedroom,1199.0,a,Excellent,rent_history_3518017_clarington
3518017,Clarington,Durham,2018,October,3 Bedroom,1538.0,b,Very good,rent_history_3518017_clarington
3518017,Clarington,Durham,2018,October,Total,1189.0,a,Excellent,rent_history_3518017_clarington
3518017,Clarington,Durham,2019,October,1 Bedroom,1231.0,b,Very good,rent_history_3518017_clarington
3518017,Clarington,Durham,2019,October,2 Bedroom,1347.0,a,Excellent,rent_history_3518017_clarington
3518017,Clarington,Durham,2019,October,3 Bedroom,1660.0,a,Excellent,rent_history_3518017_clarington
3518017,Clarington,Durham,2019,October,Total,1344.0,a,Excellent,rent_history_3518017_clarington
3518017,Clarington,Durham,2020,October,1 Bedroom,1133.0,a,Excellent,rent_history_3518017_clarington
3518017,Clarington,Durham,2020,October,2 Bedroom,1327.0,a,Excellent,rent_history_3518017_clarington
3518017,Clarington,Durham,2020,October,3 Bedroom,1745.0,a,Excellent,rent_history_3518017_clarington
3518017,Clarington,Durham,2020,October,Total,1306.0,a,Excellent,rent_history_3518017_clarington
3518017,Clarington,Durham,2021,October,1 Bedroom,1146.0,a,Excellent,rent_history_3518017_clarington
3518017,Clarington,Durham,2021,October,2 Bedroom,1359.0,a,Excellent,rent_history_3518017_clarington
3518017,Clarington,Durham,2021,October,3 Bedroom,1736.0,b,Very good,rent_history_3518017_clarington
3518017,Clarington,Durham,2021,October,Total,1267.0,a,Excellent,rent_history_3518017_clarington
3518017,Clarington,Durham,2022,October,1 Bedroom,1110.0,b,Very good,rent_history_3518017_clarington
3518017,Clarington,Durham,2022,October,2 Bedroom,1318.0,b,Very good,rent_history_3518017_clarington
3518017,Clarington,Durham,2022,October,3 Bedroom,1697.0,b,Very good,rent_history_3518017_clarington
3518017,Clarington,Durham,2022,October,Total,1296.0,b,Very good,rent_history_3518017_clarington
3518017,Clarington,Durham,2023,October,1 Bedroom,1403.0,b,Very good,rent_history_3518017_clarington
3518017,Clarington,Durham,2023,October,2 Bedroom,1595.0,a,Excellent,rent_history_3518017_clarington
3518017,Clarington,Durham,2023,October,3 Bedroom,1894.0,c,Good,rent_history_3518017_clarington
3518017,Clarington,Durham,2023,October,Total,1556.0,b,Very good,rent_history_3518017_clarington
3518017,Clarington,Durham,2024,October,2 Bedroom,1650.0,d,Poor - use with caution,rent_history_3518017_clarington
3518017,Clarington,Durham,2024,October,3 Bedroom,1977.0,a,Excellent,rent_history_3518017_clarington
3518017,Clarington,Durham,2024,October,Total,1563.0,c,Good,rent_history_3518017_clarington
3518017,Clarington,Durham,2025,October,1 Bedroom,1608.0,b,Very good,rent_history_3518017_clarington
3518017,Clarington,Durham,2025,October,2 Bedroom,1788.0,b,Very good,rent_history_3518017_clarington
3518017,Clarington,Durham,2025,October,3 Bedroom,1973.0,b,Very good,rent_history_3518017_clarington
3518017,Clarington,Durham,2025,October,Total,1728.0,a,Excellent,rent_history_3518017_clarington
3519070,Georgina,York,1990,October,1 Bedroom,492.0,a,Excellent,rent_history_3519070_georgina
3519070,Georgina,York,1990,October,2 Bedroom,618.0,a,Excellent,rent_history_3519070_georgina
3519070,Georgina,York,1990,October,Total,632.0,b,Very good,rent_history_3519070_georgina
3519070,Georgina,York,1991,October,1 Bedroom,532.0,a,Excellent,rent_history_3519070_georgina
3519070,Georgina,York,1991,October,2 Bedroom,683.0,a,Excellent,rent_history_3519070_georgina
3519070,Georgina,York,1991,October,Total,673.0,a,Excellent,rent_history_3519070_georgina
3519070,Georgina,York,1992,October,1 Bedroom,530.0,b,Very good,rent_history_3519070_georgina
3519070,Georgina,York,1992,October,2 Bedroom,676.0,a,Excellent,rent_history_3519070_georgina
3519070,Georgina,York,1992,October,Total,672.0,b,Very good,rent_history_3519070_georgina
3519070,Georgina,York,1993,October,1 Bedroom,539.0,a,Excellent,rent_history_3519070_georgina
3519070,Georgina,York,1993,October,2 Bedroom,685.0,b,Very good,rent_history_3519070_georgina
3519070,Georgina,York,1993,October,Total,667.0,b,Very good,rent_history_3519070_georgina
3519070,Georgina,York,1994,October,1 Bedroom,538.0,a,Excellent,rent_history_3519070_georgina
3519070,Georgina,York,1994,October,2 Bedroom,695.0,a,Excellent,rent_history_3519070_georgina
3519070,Georgina,York,1994,October,Total,670.0,a,Excellent,rent_history_3519070_georgina
3519070,Georgina,York,1995,October,1 Bedroom,563.0,a,Excellent,rent_history_3519070_georgina
3519070,Georgina,York,1995,October,2 Bedroom,683.0,b,Very good,rent_history_3519070_georgina
3519070,Georgina,York,1995,October,Total,669.0,b,Very good,rent_history_3519070_georgina
3519070,Georgina,York,1996,October,1 Bedroom,585.0,c,Good,rent_history_3519070_georgina
3519070,Georgina,York,1996,October,2 Bedroom,649.0,b,Very good,rent_history_3519070_georgina
3519070,Georgina,York,1996,October,Total,622.0,b,Very good,rent_history_3519070_georgina
3519070,Georgina,York,1997,October,1 Bedroom,559.0,b,Very good,rent_history_3519070_georgina
3519070,Georgina,York,1997,October,2 Bedroom,660.0,a,Excellent,rent_history_3519070_georgina
3519070,Georgina,York,1997,October,Total,673.0,b,Very good,rent_history_3519070_georgina
3519070,Georgina,York,1998,October,1 Bedroom,570.0,a,Excellent,rent_history_3519070_georgina
3519070,Georgina,York,1998,October,2 Bedroom,639.0,a,Excellent,rent_history_3519070_georgina
3519070,Georgina,York,1998,October,3 Bedroom,748.0,c,Good,rent_history_3519070_georgina
3519070,Georgina,York,1998,October,Total,647.0,a,Excellent,rent_history_3519070_georgina
3519070,Georgina,York,1999,October,1 Bedroom,581.0,a,Excellent,rent_history_3519070_georgina
3519070,Georgina,York,1999,October,2 Bedroom,668.0,a,Excellent,rent_history_3519070_georgina
3519070,Georgina,York,1999,October,Total,623.0,a,Excellent,rent_history_3519070_georgina
3519070,Georgina,York,2000,October,1 Bedroom,625.0,a,Excellent,rent_history_3519070_georgina
3519070,Georgina,York,2000,October,2 Bedroom,740.0,a,Excellent,rent_history_3519070_georgina
3519070,Georgina,York,2000,October,3 Bedroom,921.0,c,Good,rent_history_3519070_georgina
3519070,Georgina,York,2000,October,Total,729.0,b,Very good,rent_history_3519070_georgina
3519070,Georgina,York,2001,October,1 Bedroom,598.0,a,Excellent,rent_history_3519070_georgina
3519070,Georgina,York,2001,October,2 Bedroom,741.0,a,Excellent,rent_history_3519070_georgina
3519070,Georgina,York,2001,October,3 Bedroom,943.0,c,Good,rent_history_3519070_georgina
3519070,Georgina,York,2001,October,Total,726.0,b,Very good,rent_history_3519070_georgina
3519070,Georgina,York,2002,October,1 Bedroom,639.0,a,Excellent,rent_history_3519070_georgina
3519070,Georgina,York,2002,October,2 Bedroom,774.0,a,Excellent,rent_history_3519070_georgina
3519070,Georgina,York,2002,October,3 Bedroom,961.0,c,Good,rent_history_3519070_georgina
3519070,Georgina,York,2002,October,Total,779.0,b,Very good,rent_history_3519070_georgina
3519070,Georgina,York,2003,October,1 Bedroom,657.0,a,Excellent,rent_history_3519070_georgina
3519070,Georgina,York,2003,October,2 Bedroom,800.0,a,Excellent,rent_history_3519070_georgina
3519070,Georgina,York,2003,October,3 Bedroom,999.0,c,Good,rent_history_3519070_georgina
3519070,Georgina,York,2003,October,Total,807.0,b,Very good,rent_history_3519070_georgina
3519070,Georgina,York,2004,October,1 Bedroom,643.0,a,Excellent,rent_history_3519070_georgina
3519070,Georgina,York,2004,October,2 Bedroom,779.0,a,Excellent,rent_history_3519070_georgina
3519070,Georgina,York,2004,October,3 Bedroom,909.0,c,Good,rent_history_3519070_georgina
3519070,Georgina,York,2004,October,Total,760.0,a,Excellent,rent_history_3519070_georgina
3519070,Georgina,York,2005,October,1 Bedroom,634.0,c,Good,rent_history_3519070_georgina
3519070,Georgina,York,2005,October,2 Bedroom,764.0,b,Very good,rent_history_3519070_georgina
3519070,Georgina,York,2005,October,Total,782.0,c,Good,rent_history_3519070_georgina
3519070,Georgina,York,2006,October,1 Bedroom,663.0,a,Excellent,rent_history_3519070_georgina
3519070,Georgina,York,2006,October,2 Bedroom,801.0,a,Excellent,rent_history_3519070_georgina
3519070,Georgina,York,2006,October,Total,758.0,b,Very good,rent_history_3519070_georgina
3519070,Georgina,York,2007,October,1 Bedroom,672.0,a,Excellent,rent_history_3519070_georgina
3519070,Georgina,York,2007,October,2 Bedroom,803.0,a,Excellent,rent_history_3519070_georgina
3519070,Georgina,York,2007,October,3 Bedroom,1002.0,c,Good,rent_history_3519070_georgina
3519070,Georgina,York,2007,October,Total,778.0,b,Very good,rent_history_3519070_georgina
3519070,Georgina,York,2008,October,1 Bedroom,676.0,a,Excellent,rent_history_3519070_georgina
3519070,Georgina,York,2008,October,2 Bedroom,798.0,a,Excellent,rent_history_3519070_georgina
3519070,Georgina,York,2008,October,3 Bedroom,985.0,b,Very good,rent_history_3519070_georgina
3519070,Georgina,York,2008,October,Total,793.0,b,Very good,rent_history_3519070_georgina
3519070,Georgina,York,2009,October,1 Bedroom,664.0,a,Excellent,rent_history_3519070_georgina
3519070,Georgina,York,2009,October,2 Bedroom,804.0,a,Excellent,rent_history_3519070_georgina
3519070,Georgina,York,2009,October,3 Bedroom,1013.0,b,Very good,rent_history_3519070_georgina
3519070,Georgina,York,2009,October,Total,803.0,a,Excellent,rent_history_3519070_georgina
3519070,Georgina,York,2010,October,1 Bedroom,731.0,a,Excellent,rent_history_3519070_georgina
3519070,Georgina,York,2010,October,2 Bedroom,846.0,a,Excellent,rent_history_3519070_georgina
3519070,Georgina,York,2010,October,Total,812.0,a,Excellent,rent_history_3519070_georgina
3519070,Georgina,York,2011,October,1 Bedroom,733.0,a,Excellent,rent_history_3519070_georgina
3519070,Georgina,York,2011,October,2 Bedroom,783.0,a,Excellent,rent_history_3519070_georgina
3519070,Georgina,York,2011,October,3 Bedroom,879.0,a,Excellent,rent_history_3519070_georgina
3519070,Georgina,York,2011,October,Total,792.0,a,Excellent,rent_history_3519070_georgina
3519070,Georgina,York,2012,October,1 Bedroom,726.0,a,Excellent,rent_history_3519070_georgina
3519070,Georgina,York,2012,October,2 Bedroom,856.0,a,Excellent,rent_history_3519070_georgina
3519070,Georgina,York,2012,October,Total,846.0,a,Excellent,rent_history_3519070_georgina
3519070,Georgina,York,2013,October,1 Bedroom,750.0,a,Excellent,rent_history_3519070_georgina
3519070,Georgina,York,2013,October,2 Bedroom,795.0,a,Excellent,rent_history_3519070_georgina
3519070,Georgina,York,2013,October,Total,810.0,a,Excellent,rent_history_3519070_georgina
3519070,Georgina,York,2014,October,1 Bedroom,786.0,a,Excellent,rent_history_3519070_georgina
3519070,Georgina,York,2014,October,2 Bedroom,931.0,a,Excellent,rent_history_3519070_georgina
3519070,Georgina,York,2014,October,Total,920.0,a,Excellent,rent_history_3519070_georgina
3519070,Georgina,York,2015,October,1 Bedroom,760.0,a,Excellent,rent_history_3519070_georgina
3519070,Georgina,York,2015,October,2 Bedroom,778.0,a,Excellent,rent_history_3519070_georgina
3519070,Georgina,York,2015,October,Total,776.0,a,Excellent,rent_history_3519070_georgina
3519070,Georgina,York,2016,October,1 Bedroom,805.0,a,Excellent,rent_history_3519070_georgina
3519070,Georgina,York,2016,October,2 Bedroom,959.0,b,Very good,rent_history_3519070_georgina
3519070,Georgina,York,2016,October,Total,952.0,b,Very good,rent_history_3519070_georgina
3519070,Georgina,York,2017,October,1 Bedroom,798.0,b,Very good,rent_history_3519070_georgina
3519070,Georgina,York,2017,October,2 Bedroom,1001.0,b,Very good,rent_history_3519070_georgina
3519070,Georgina,York,2017,October,Total,958.0,b,Very good,rent_history_3519070_georgina
3519070,Georgina,York,2018,October,1 Bedroom,830.0,a,Excellent,rent_history_3519070_georgina
3519070,Georgina,York,2018,October,2 Bedroom,1008.0,b,Very good,rent_history_3519070_georgina
3519070,Georgina,York,2018,October,Total,969.0,b,Very good,rent_history_3519070_georgina
3519070,Georgina,York,2019,October,1 Bedroom,865.0,c,Good,rent_history_3519070_georgina
3519070,Georgina,York,2019,October,2 Bedroom,1164.0,b,Very good,rent_history_3519070_georgina
3519070,Georgina,York,2019,October,3 Bedroom,1369.0,a,Excellent,rent_history_3519070_georgina
3519070,Georgina,York,2019,October,Total,1181.0,b,Very good,rent_history_3519070_georgina
3519070,Georgina,York,2020,October,1 Bedroom,834.0,b,Very good,rent_history_3519070_georgina
3519070,Georgina,York,2020,October,2 Bedroom,1095.0,b,Very good,rent_history_3519070_georgina
3519070,Georgina,York,2020,October,Total,1211.0,b,Very good,rent_history_3519070_georgina
3519070,Georgina,York,2022,October,1 Bedroom,1033.0,b,Very good,rent_history_3519070_georgina
3519070,Georgina,York,2022,October,2 Bedroom,1140.0,c,Good,rent_history_3519070_georgina
3519070,Georgina,York,2022,October,Total,1166.0,c,Good,rent_history_3519070_georgina
3519070,Georgina,York,2023,October,1 Bedroom,934.0,b,Very good,rent_history_3519070_georgina
3519070,Georgina,York,2023,October,2 Bedroom,1431.0,c,Good,rent_history_3519070_georgina
3519070,Georgina,York,2023,October,Total,1245.0,c,Good,rent_history_3519070_georgina
3519070,Georgina,York,2024,October,3 Bedroom,1829.0,b,Very good,rent_history_3519070_georgina
3519070,Georgina,York,2024,October,Total,1533.0,d,Poor - use with caution,rent_history_3519070_georgina
3524015,Halton Hills,Halton,1990,October,1 Bedroom,468.0,a,Excellent,rent_history_3524015_halton_hills
3524015,Halton Hills,Halton,1990,October,2 Bedroom,622.0,a,Excellent,rent_history_3524015_halton_hills
3524015,Halton Hills,Halton,1990,October,3 Bedroom,822.0,a,Excellent,rent_history_3524015_halton_hills
3524015,Halton Hills,Halton,1990,October,Studio,384.0,b,Very good,rent_history_3524015_halton_hills
3524015,Halton Hills,Halton,1990,October,Total,581.0,a,Excellent,rent_history_3524015_halton_hills
3524015,Halton Hills,Halton,1991,October,1 Bedroom,489.0,a,Excellent,rent_history_3524015_halton_hills
3524015,Halton Hills,Halton,1991,October,2 Bedroom,641.0,a,Excellent,rent_history_3524015_halton_hills
3524015,Halton Hills,Halton,1991,October,3 Bedroom,931.0,a,Excellent,rent_history_3524015_halton_hills
3524015,Halton Hills,Halton,1991,October,Studio,383.0,b,Very good,rent_history_3524015_halton_hills
3524015,Halton Hills,Halton,1991,October,Total,614.0,a,Excellent,rent_history_3524015_halton_hills
3524015,Halton Hills,Halton,1992,October,1 Bedroom,534.0,a,Excellent,rent_history_3524015_halton_hills
3524015,Halton Hills,Halton,1992,October,2 Bedroom,681.0,a,Excellent,rent_history_3524015_halton_hills
3524015,Halton Hills,Halton,1992,October,3 Bedroom,866.0,a,Excellent,rent_history_3524015_halton_hills
3524015,Halton Hills,Halton,1992,October,Studio,408.0,b,Very good,rent_history_3524015_halton_hills
3524015,Halton Hills,Halton,1992,October,Total,649.0,a,Excellent,rent_history_3524015_halton_hills
3524015,Halton Hills,Halton,1993,October,1 Bedroom,529.0,a,Excellent,rent_history_3524015_halton_hills
3524015,Halton Hills,Halton,1993,October,2 Bedroom,678.0,a,Excellent,rent_history_3524015_halton_hills
3524015,Halton Hills,Halton,1993,October,3 Bedroom,864.0,a,Excellent,rent_history_3524015_halton_hills
3524015,Halton Hills,Halton,1993,October,Total,651.0,a,Excellent,rent_history_3524015_halton_hills
3524015,Halton Hills,Halton,1994,October,1 Bedroom,563.0,a,Excellent,rent_history_3524015_halton_hills
3524015,Halton Hills,Halton,1994,October,2 Bedroom,709.0,a,Excellent,rent_history_3524015_halton_hills
3524015,Halton Hills,Halton,1994,October,3 Bedroom,910.0,a,Excellent,rent_history_3524015_halton_hills
3524015,Halton Hills,Halton,1994,October,Studio,446.0,b,Very good,rent_history_3524015_halton_hills
3524015,Halton Hills,Halton,1994,October,Total,685.0,a,Excellent,rent_history_3524015_halton_hills
3524015,Halton Hills,Halton,1995,October,1 Bedroom,562.0,a,Excellent,rent_history_3524015_halton_hills
3524015,Halton Hills,Halton,1995,October,2 Bedroom,713.0,a,Excellent,rent_history_3524015_halton_hills
3524015,Halton Hills,Halton,1995,October,3 Bedroom,916.0,a,Excellent,rent_history_3524015_halton_hills
3524015,Halton Hills,Halton,1995,October,Studio,463.0,c,Good,rent_history_3524015_halton_hills
3524015,Halton Hills,Halton,1995,October,Total,688.0,a,Excellent,rent_history_3524015_halton_hills
3524015,Halton Hills,Halton,1996,October,1 Bedroom,595.0,a,Excellent,rent_history_3524015_halton_hills
3524015,Halton Hills,Halton,1996,October,2 Bedroom,730.0,a,Excellent,rent_history_3524015_halton_hills
3524015,Halton Hills,Halton,1996,October,3 Bedroom,896.0,a,Excellent,rent_history_3524015_halton_hills
3524015,Halton Hills,Halton,1996,October,Studio,534.0,b,Very good,rent_history_3524015_halton_hills
3524015,Halton Hills,Halton,1996,October,Total,704.0,a,Excellent,rent_history_3524015_halton_hills
3524015,Halton Hills,Halton,1997,October,1 Bedroom,609.0,a,Excellent,rent_history_3524015_halton_hills
3524015,Halton Hills,Halton,1997,October,2 Bedroom,725.0,a,Excellent,rent_history_3524015_halton_hills
3524015,Halton Hills,Halton,1997,October,3 Bedroom,914.0,a,Excellent,rent_history_3524015_halton_hills
3524015,Halton Hills,Halton,1997,October,Studio,538.0,b,Very good,rent_history_3524015_halton_hills
3524015,Halton Hills,Halton,1997,October,Total,709.0,a,Excellent,rent_history_3524015_halton_hills
3524015,Halton Hills,Halton,1998,October,1 Bedroom,621.0,a,Excellent,rent_history_3524015_halton_hills
3524015,Halton Hills,Halton,1998,October,2 Bedroom,757.0,a,Excellent,rent_history_3524015_halton_hills
3524015,Halton Hills,Halton,1998,October,3 Bedroom,918.0,a,Excellent,rent_history_3524015_halton_hills
3524015,Halton Hills,Halton,1998,October,Studio,484.0,b,Very good,rent_history_3524015_halton_hills
3524015,Halton Hills,Halton,1998,October,Total,724.0,a,Excellent,rent_history_3524015_halton_hills
3524015,Halton Hills,Halton,1999,October,1 Bedroom,625.0,a,Excellent,rent_history_3524015_halton_hills
3524015,Halton Hills,Halton,1999,October,2 Bedroom,802.0,a,Excellent,rent_history_3524015_halton_hills
3524015,Halton Hills,Halton,1999,October,3 Bedroom,962.0,a,Excellent,rent_history_3524015_halton_hills
3524015,Halton Hills,Halton,1999,October,Studio,536.0,d,Poor - use with caution,rent_history_3524015_halton_hills
3524015,Halton Hills,Halton,1999,October,Total,766.0,a,Excellent,rent_history_3524015_halton_hills
3524015,Halton Hills,Halton,2000,October,1 Bedroom,672.0,a,Excellent,rent_history_3524015_halton_hills
3524015,Halton Hills,Halton,2000,October,2 Bedroom,813.0,a,Excellent,rent_history_3524015_halton_hills
3524015,Halton Hills,Halton,2000,October,3 Bedroom,959.0,a,Excellent,rent_history_3524015_halton_hills
3524015,Halton Hills,Halton,2000,October,Studio,556.0,b,Very good,rent_history_3524015_halton_hills
3524015,Halton Hills,Halton,2000,October,Total,782.0,a,Excellent,rent_history_3524015_halton_hills
3524015,Halton Hills,Halton,2001,October,1 Bedroom,741.0,a,Excellent,rent_history_3524015_halton_hills
3524015,Halton Hills,Halton,2001,October,2 Bedroom,850.0,a,Excellent,rent_history_3524015_halton_hills
3524015,Halton Hills,Halton,2001,October,3 Bedroom,1070.0,a,Excellent,rent_history_3524015_halton_hills
3524015,Halton Hills,Halton,2001,October,Studio,538.0,a,Excellent,rent_history_3524015_halton_hills
3524015,Halton Hills,Halton,2001,October,Total,834.0,a,Excellent,rent_history_3524015_halton_hills
3524015,Halton Hills,Halton,2002,October,1 Bedroom,749.0,a,Excellent,rent_history_3524015_halton_hills
3524015,Halton Hills,Halton,2002,October,2 Bedroom,876.0,a,Excellent,rent_history_3524015_halton_hills
3524015,Halton Hills,Halton,2002,October,3 Bedroom,1038.0,a,Excellent,rent_history_3524015_halton_hills
3524015,Halton Hills,Halton,2002,October,Studio,527.0,a,Excellent,rent_history_3524015_halton_hills
3524015,Halton Hills,Halton,2002,October,Total,842.0,a,Excellent,rent_history_3524015_halton_hills
3524015,Halton Hills,Halton,2003,October,1 Bedroom,741.0,a,Excellent,rent_history_3524015_halton_hills
3524015,Halton Hills,Halton,2003,October,2 Bedroom,982.0,a,Excellent,rent_history_3524015_halton_hills
3524015,Halton Hills,Halton,2003,October,3 Bedroom,1127.0,a,Excellent,rent_history_3524015_halton_hills
3524015,Halton Hills,Halton,2003,October,Studio,550.0,a,Excellent,rent_history_3524015_halton_hills
3524015,Halton Hills,Halton,2003,October,Total,920.0,a,Excellent,rent_history_3524015_halton_hills
3524015,Halton Hills,Halton,2004,October,1 Bedroom,758.0,a,Excellent,rent_history_3524015_halton_hills
3524015,Halton Hills,Halton,2004,October,2 Bedroom,914.0,a,Excellent,rent_history_3524015_halton_hills
3524015,Halton Hills,Halton,2004,October,3 Bedroom,1060.0,a,Excellent,rent_history_3524015_halton_hills
3524015,Halton Hills,Halton,2004,October,Studio,599.0,a,Excellent,rent_history_3524015_halton_hills
3524015,Halton Hills,Halton,2004,October,Total,874.0,a,Excellent,rent_history_3524015_halton_hills
3524015,Halton Hills,Halton,2005,October,1 Bedroom,739.0,a,Excellent,rent_history_3524015_halton_hills
3524015,Halton Hills,Halton,2005,October,2 Bedroom,935.0,a,Excellent,rent_history_3524015_halton_hills
3524015,Halton Hills,Halton,2005,October,3 Bedroom,1135.0,a,Excellent,rent_history_3524015_halton_hills
3524015,Halton Hills,Halton,2005,October,Studio,604.0,b,Very good,rent_history_3524015_halton_hills
3524015,Halton Hills,Halton,2005,October,Total,892.0,a,Excellent,rent_history_3524015_halton_hills
3524015,Halton Hills,Halton,2006,October,1 Bedroom,767.0,a,Excellent,rent_history_3524015_halton_hills
3524015,Halton Hills,Halton,2006,October,2 Bedroom,935.0,a,Excellent,rent_history_3524015_halton_hills
3524015,Halton Hills,Halton,2006,October,3 Bedroom,1101.0,a,Excellent,rent_history_3524015_halton_hills
3524015,Halton Hills,Halton,2006,October,Studio,587.0,a,Excellent,rent_history_3524015_halton_hills
3524015,Halton Hills,Halton,2006,October,Total,908.0,a,Excellent,rent_history_3524015_halton_hills
3524015,Halton Hills,Halton,2007,October,1 Bedroom,786.0,a,Excellent,rent_history_3524015_halton_hills
3524015,Halton Hills,Halton,2007,October,2 Bedroom,964.0,a,Excellent,rent_history_3524015_halton_hills
3524015,Halton Hills,Halton,2007,October,3 Bedroom,1205.0,a,Excellent,rent_history_3524015_halton_hills
3524015,Halton Hills,Halton,2007,October,Studio,645.0,b,Very good,rent_history_3524015_halton_hills
3524015,Halton Hills,Halton,2007,October,Total,917.0,a,Excellent,rent_history_3524015_halton_hills
3524015,Halton Hills,Halton,2008,October,1 Bedroom,793.0,a,Excellent,rent_history_3524015_halton_hills
3524015,Halton Hills,Halton,2008,October,2 Bedroom,960.0,a,Excellent,rent_history_3524015_halton_hills
3524015,Halton Hills,Halton,2008,October,3 Bedroom,1221.0,a,Excellent,rent_history_3524015_halton_hills
3524015,Halton Hills,Halton,2008,October,Studio,627.0,a,Excellent,rent_history_3524015_halton_hills
3524015,Halton Hills,Halton,2008,October,Total,908.0,a,Excellent,rent_history_3524015_halton_hills
3524015,Halton Hills,Halton,2009,October,1 Bedroom,815.0,a,Excellent,rent_history_3524015_halton_hills
3524015,Halton Hills,Halton,2009,October,2 Bedroom,964.0,a,Excellent,rent_history_3524015_halton_hills
3524015,Halton Hills,Halton,2009,October,3 Bedroom,1227.0,a,Excellent,rent_history_3524015_halton_hills
3524015,Halton Hills,Halton,2009,October,Studio,654.0,a,Excellent,rent_history_3524015_halton_hills
3524015,Halton Hills,Halton,2009,October,Total,919.0,a,Excellent,rent_history_3524015_halton_hills
3524015,Halton Hills,Halton,2010,October,1 Bedroom,816.0,a,Excellent,rent_history_3524015_halton_hills
3524015,Halton Hills,Halton,2010,October,2 Bedroom,986.0,a,Excellent,rent_history_3524015_halton_hills
3524015,Halton Hills,Halton,2010,October,3 Bedroom,1246.0,a,Excellent,rent_history_3524015_halton_hills
3524015,Halton Hills,Halton,2010,October,Studio,657.0,a,Excellent,rent_history_3524015_halton_hills
3524015,Halton Hills,Halton,2010,October,Total,941.0,a,Excellent,rent_history_3524015_halton_hills
3524015,Halton Hills,Halton,2011,October,1 Bedroom,840.0,a,Excellent,rent_history_3524015_halton_hills
3524015,Halton Hills,Halton,2011,October,2 Bedroom,1009.0,a,Excellent,rent_history_3524015_halton_hills
3524015,Halton Hills,Halton,2011,October,3 Bedroom,1290.0,a,Excellent,rent_history_3524015_halton_hills
3524015,Halton Hills,Halton,2011,October,Studio,680.0,a,Excellent,rent_history_3524015_halton_hills
3524015,Halton Hills,Halton,2011,October,Total,969.0,a,Excellent,rent_history_3524015_halton_hills
3524015,Halton Hills,Halton,2012,October,1 Bedroom,827.0,a,Excellent,rent_history_3524015_halton_hills
3524015,Halton Hills,Halton,2012,October,2 Bedroom,1024.0,a,Excellent,rent_history_3524015_halton_hills
3524015,Halton Hills,Halton,2012,October,3 Bedroom,1329.0,a,Excellent,rent_history_3524015_halton_hills
3524015,Halton Hills,Halton,2012,October,Total,976.0,a,Excellent,rent_history_3524015_halton_hills
3524015,Halton Hills,Halton,2013,October,1 Bedroom,845.0,a,Excellent,rent_history_3524015_halton_hills
3524015,Halton Hills,Halton,2013,October,2 Bedroom,1059.0,a,Excellent,rent_history_3524015_halton_hills
3524015,Halton Hills,Halton,2013,October,3 Bedroom,1377.0,a,Excellent,rent_history_3524015_halton_hills
3524015,Halton Hills,Halton,2013,October,Studio,686.0,a,Excellent,rent_history_3524015_halton_hills
3524015,Halton Hills,Halton,2013,October,Total,995.0,a,Excellent,rent_history_3524015_halton_hills
3524015,Halton Hills,Halton,2014,October,1 Bedroom,867.0,a,Excellent,rent_history_3524015_halton_hills
3524015,Halton Hills,Halton,2014,October,2 Bedroom,1097.0,a,Excellent,rent_history_3524015_halton_hills
3524015,Halton Hills,Halton,2014,October,3 Bedroom,1426.0,a,Excellent,rent_history_3524015_halton_hills
3524015,Halton Hills,Halton,2014,October,Studio,695.0,b,Very good,rent_history_3524015_halton_hills
3524015,Halton Hills,Halton,2014,October,Total,1035.0,a,Excellent,rent_history_3524015_halton_hills
3524015,Halton Hills,Halton,2015,October,1 Bedroom,906.0,a,Excellent,rent_history_3524015_halton_hills
3524015,Halton Hills,Halton,2015,October,2 Bedroom,1121.0,a,Excellent,rent_history_3524015_halton_hills
3524015,Halton Hills,Halton,2015,October,3 Bedroom,1444.0,b,Very good,rent_history_3524015_halton_hills
3524015,Halton Hills,Halton,2015,October,Total,1062.0,a,Excellent,rent_history_3524015_halton_hills
3524015,Halton Hills,Halton,2016,October,1 Bedroom,917.0,a,Excellent,rent_history_3524015_halton_hills
3524015,Halton Hills,Halton,2016,October,2 Bedroom,1140.0,a,Excellent,rent_history_3524015_halton_hills
3524015,Halton Hills,Halton,2016,October,3 Bedroom,1528.0,a,Excellent,rent_history_3524015_halton_hills
3524015,Halton Hills,Halton,2016,October,Studio,697.0,a,Excellent,rent_history_3524015_halton_hills
3524015,Halton Hills,Halton,2016,October,Total,1079.0,a,Excellent,rent_history_3524015_halton_hills
3524015,Halton Hills,Halton,2017,October,1 Bedroom,936.0,b,Very good,rent_history_3524015_halton_hills
3524015,Halton Hills,Halton,2017,October,2 Bedroom,1172.0,a,Excellent,rent_history_3524015_halton_hills
3524015,Halton Hills,Halton,2017,October,3 Bedroom,1603.0,a,Excellent,rent_history_3524015_halton_hills
3524015,Halton Hills,Halton,2017,October,Studio,690.0,a,Excellent,rent_history_3524015_halton_hills
3524015,Halton Hills,Halton,2017,October,Total,1095.0,a,Excellent,rent_history_3524015_halton_hills
3524015,Halton Hills,Halton,2018,October,1 Bedroom,985.0,b,Very good,rent_history_3524015_halton_hills
3524015,Halton Hills,Halton,2018,October,2 Bedroom,1197.0,a,Excellent,rent_history_3524015_halton_hills
3524015,Halton Hills,Halton,2018,October,3 Bedroom,1672.0,a,Excellent,rent_history_3524015_halton_hills
3524015,Halton Hills,Halton,2018,October,Studio,759.0,a,Excellent,rent_history_3524015_halton_hills
3524015,Halton Hills,Halton,2018,October,Total,1141.0,a,Excellent,rent_history_3524015_halton_hills
3524015,Halton Hills,Halton,2019,October,1 Bedroom,1024.0,b,Very good,rent_history_3524015_halton_hills
3524015,Halton Hills,Halton,2019,October,2 Bedroom,1261.0,a,Excellent,rent_history_3524015_halton_hills
3524015,Halton Hills,Halton,2019,October,3 Bedroom,1700.0,a,Excellent,rent_history_3524015_halton_hills
3524015,Halton Hills,Halton,2019,October,Total,1205.0,a,Excellent,rent_history_3524015_halton_hills
3524015,Halton Hills,Halton,2020,October,1 Bedroom,1068.0,b,Very good,rent_history_3524015_halton_hills
3524015,Halton Hills,Halton,2020,October,2 Bedroom,1303.0,a,Excellent,rent_history_3524015_halton_hills
3524015,Halton Hills,Halton,2020,October,3 Bedroom,1661.0,a,Excellent,rent_history_3524015_halton_hills
3524015,Halton Hills,Halton,2020,October,Total,1245.0,a,Excellent,rent_history_3524015_halton_hills
3524015,Halton Hills,Halton,2021,October,1 Bedroom,1048.0,b,Very good,rent_history_3524015_halton_hills
3524015,Halton Hills,Halton,2021,October,2 Bedroom,1331.0,c,Good,rent_history_3524015_halton_hills
3524015,Halton Hills,Halton,2021,October,Total,1280.0,c,Good,rent_history_3524015_halton_hills
3524015,Halton Hills,Halton,2022,October,1 Bedroom,1215.0,b,Very good,rent_history_3524015_halton_hills
3524015,Halton Hills,Halton,2022,October,2 Bedroom,1437.0,a,Excellent,rent_history_3524015_halton_hills
3524015,Halton Hills,Halton,2022,October,Total,1385.0,b,Very good,rent_history_3524015_halton_hills
3524015,Halton Hills,Halton,2023,October,2 Bedroom,1176.0,a,Excellent,rent_history_3524015_halton_hills
3524015,Halton Hills,Halton,2023,October,Total,1155.0,a,Excellent,rent_history_3524015_halton_hills
3524015,Halton Hills,Halton,2024,October,1 Bedroom,1188.0,b,Very good,rent_history_3524015_halton_hills
3524015,Halton Hills,Halton,2024,October,2 Bedroom,1371.0,a,Excellent,rent_history_3524015_halton_hills
3524015,Halton Hills,Halton,2024,October,Total,1313.0,b,Very good,rent_history_3524015_halton_hills
3524015,Halton Hills,Halton,2025,October,1 Bedroom,1214.0,b,Very good,rent_history_3524015_halton_hills
3524015,Halton Hills,Halton,2025,October,2 Bedroom,1531.0,a,Excellent,rent_history_3524015_halton_hills
3524015,Halton Hills,Halton,2025,October,Total,1433.0,b,Very good,rent_history_3524015_halton_hills
3519036,Markham,York,1990,October,1 Bedroom,497.0,a,Excellent,rent_history_3519036_markham
3519036,Markham,York,1990,October,2 Bedroom,529.0,a,Excellent,rent_history_3519036_markham
3519036,Markham,York,1990,October,3 Bedroom,610.0,a,Excellent,rent_history_3519036_markham
3519036,Markham,York,1990,October,Studio,422.0,a,Excellent,rent_history_3519036_markham
3519036,Markham,York,1990,October,Total,519.0,a,Excellent,rent_history_3519036_markham
3519036,Markham,York,1991,October,1 Bedroom,493.0,a,Excellent,rent_history_3519036_markham
3519036,Markham,York,1991,October,2 Bedroom,562.0,a,Excellent,rent_history_3519036_markham
3519036,Markham,York,1991,October,3 Bedroom,668.0,a,Excellent,rent_history_3519036_markham
3519036,Markham,York,1991,October,Studio,496.0,a,Excellent,rent_history_3519036_markham
3519036,Markham,York,1991,October,Total,540.0,a,Excellent,rent_history_3519036_markham
3519036,Markham,York,1992,October,1 Bedroom,529.0,a,Excellent,rent_history_3519036_markham
3519036,Markham,York,1992,October,2 Bedroom,594.0,a,Excellent,rent_history_3519036_markham
3519036,Markham,York,1992,October,3 Bedroom,830.0,a,Excellent,rent_history_3519036_markham
3519036,Markham,York,1992,October,Studio,445.0,a,Excellent,rent_history_3519036_markham
3519036,Markham,York,1992,October,Total,587.0,a,Excellent,rent_history_3519036_markham
3519036,Markham,York,1993,October,1 Bedroom,555.0,a,Excellent,rent_history_3519036_markham
3519036,Markham,York,1993,October,2 Bedroom,624.0,a,Excellent,rent_history_3519036_markham
3519036,Markham,York,1993,October,3 Bedroom,849.0,a,Excellent,rent_history_3519036_markham
3519036,Markham,York,1993,October,Studio,509.0,a,Excellent,rent_history_3519036_markham
3519036,Markham,York,1993,October,Total,615.0,a,Excellent,rent_history_3519036_markham
3519036,Markham,York,1994,October,1 Bedroom,565.0,a,Excellent,rent_history_3519036_markham
3519036,Markham,York,1994,October,2 Bedroom,650.0,a,Excellent,rent_history_3519036_markham
3519036,Markham,York,1994,October,3 Bedroom,863.0,a,Excellent,rent_history_3519036_markham
3519036,Markham,York,1994,October,Studio,486.0,a,Excellent,rent_history_3519036_markham
3519036,Markham,York,1994,October,Total,633.0,a,Excellent,rent_history_3519036_markham
3519036,Markham,York,1995,October,1 Bedroom,600.0,a,Excellent,rent_history_3519036_markham
3519036,Markham,York,1995,October,2 Bedroom,680.0,a,Excellent,rent_history_3519036_markham
3519036,Markham,York,1995,October,3 Bedroom,878.0,a,Excellent,rent_history_3519036_markham
3519036,Markham,York,1995,October,Studio,503.0,a,Excellent,rent_history_3519036_markham
3519036,Markham,York,1995,October,Total,664.0,a,Excellent,rent_history_3519036_markham
3519036,Markham,York,1996,October,1 Bedroom,621.0,a,Excellent,rent_history_3519036_markham
3519036,Markham,York,1996,October,2 Bedroom,704.0,a,Excellent,rent_history_3519036_markham
3519036,Markham,York,1996,October,3 Bedroom,1004.0,a,Excellent,rent_history_3519036_markham
3519036,Markham,York,1996,October,Studio,542.0,a,Excellent,rent_history_3519036_markham
3519036,Markham,York,1996,October,Total,694.0,a,Excellent,rent_history_3519036_markham
3519036,Markham,York,1997,October,1 Bedroom,624.0,a,Excellent,rent_history_3519036_markham
3519036,Markham,York,1997,October,2 Bedroom,728.0,a,Excellent,rent_history_3519036_markham
3519036,Markham,York,1997,October,3 Bedroom,896.0,a,Excellent,rent_history_3519036_markham
3519036,Markham,York,1997,October,Studio,532.0,a,Excellent,rent_history_3519036_markham
3519036,Markham,York,1997,October,Total,696.0,a,Excellent,rent_history_3519036_markham
3519036,Markham,York,1998,October,1 Bedroom,657.0,a,Excellent,rent_history_3519036_markham
3519036,Markham,York,1998,October,2 Bedroom,765.0,a,Excellent,rent_history_3519036_markham
3519036,Markham,York,1998,October,3 Bedroom,957.0,a,Excellent,rent_history_3519036_markham
3519036,Markham,York,1998,October,Studio,529.0,a,Excellent,rent_history_3519036_markham
3519036,Markham,York,1998,October,Total,733.0,a,Excellent,rent_history_3519036_markham
3519036,Markham,York,1999,October,1 Bedroom,751.0,a,Excellent,rent_history_3519036_markham
3519036,Markham,York,1999,October,2 Bedroom,836.0,a,Excellent,rent_history_3519036_markham
3519036,Markham,York,1999,October,3 Bedroom,967.0,a,Excellent,rent_history_3519036_markham
3519036,Markham,York,1999,October,Studio,562.0,a,Excellent,rent_history_3519036_markham
3519036,Markham,York,1999,October,Total,799.0,a,Excellent,rent_history_3519036_markham
3519036,Markham,York,2000,October,1 Bedroom,729.0,a,Excellent,rent_history_3519036_markham
3519036,Markham,York,2000,October,2 Bedroom,855.0,a,Excellent,rent_history_3519036_markham
3519036,Markham,York,2000,October,3 Bedroom,1069.0,a,Excellent,rent_history_3519036_markham
3519036,Markham,York,2000,October,Studio,571.0,a,Excellent,rent_history_3519036_markham
3519036,Markham,York,2000,October,Total,818.0,a,Excellent,rent_history_3519036_markham
3519036,Markham,York,2001,October,1 Bedroom,841.0,a,Excellent,rent_history_3519036_markham
3519036,Markham,York,2001,October,2 Bedroom,962.0,a,Excellent,rent_history_3519036_markham
3519036,Markham,York,2001,October,3 Bedroom,1131.0,a,Excellent,rent_history_3519036_markham
3519036,Markham,York,2001,October,Studio,604.0,c,Good,rent_history_3519036_markham
3519036,Markham,York,2001,October,Total,929.0,a,Excellent,rent_history_3519036_markham
3519036,Markham,York,2002,October,1 Bedroom,829.0,a,Excellent,rent_history_3519036_markham
3519036,Markham,York,2002,October,2 Bedroom,982.0,a,Excellent,rent_history_3519036_markham
3519036,Markham,York,2002,October,3 Bedroom,1128.0,a,Excellent,rent_history_3519036_markham
3519036,Markham,York,2002,October,Studio,607.0,a,Excellent,rent_history_3519036_markham
3519036,Markham,York,2002,October,Total,928.0,a,Excellent,rent_history_3519036_markham
3519036,Markham,York,2003,October,1 Bedroom,886.0,a,Excellent,rent_history_3519036_markham
3519036,Markham,York,2003,October,2 Bedroom,1025.0,a,Excellent,rent_history_3519036_markham
3519036,Markham,York,2003,October,3 Bedroom,1184.0,a,Excellent,rent_history_3519036_markham
3519036,Markham,York,2003,October,Studio,665.0,a,Excellent,rent_history_3519036_markham
3519036,Markham,York,2003,October,Total,976.0,a,Excellent,rent_history_3519036_markham
3519036,Markham,York,2004,October,1 Bedroom,875.0,a,Excellent,rent_history_3519036_markham
3519036,Markham,York,2004,October,2 Bedroom,1028.0,a,Excellent,rent_history_3519036_markham
3519036,Markham,York,2004,October,3 Bedroom,1257.0,a,Excellent,rent_history_3519036_markham
3519036,Markham,York,2004,October,Studio,627.0,a,Excellent,rent_history_3519036_markham
3519036,Markham,York,2004,October,Total,1004.0,a,Excellent,rent_history_3519036_markham
3519036,Markham,York,2005,October,1 Bedroom,903.0,a,Excellent,rent_history_3519036_markham
3519036,Markham,York,2005,October,2 Bedroom,1037.0,a,Excellent,rent_history_3519036_markham
3519036,Markham,York,2005,October,3 Bedroom,1239.0,a,Excellent,rent_history_3519036_markham
3519036,Markham,York,2005,October,Studio,625.0,a,Excellent,rent_history_3519036_markham
3519036,Markham,York,2005,October,Total,995.0,a,Excellent,rent_history_3519036_markham
3519036,Markham,York,2006,October,1 Bedroom,924.0,a,Excellent,rent_history_3519036_markham
3519036,Markham,York,2006,October,2 Bedroom,1083.0,a,Excellent,rent_history_3519036_markham
3519036,Markham,York,2006,October,3 Bedroom,1249.0,a,Excellent,rent_history_3519036_markham
3519036,Markham,York,2006,October,Studio,621.0,a,Excellent,rent_history_3519036_markham
3519036,Markham,York,2006,October,Total,1019.0,a,Excellent,rent_history_3519036_markham
3519036,Markham,York,2007,October,1 Bedroom,909.0,a,Excellent,rent_history_3519036_markham
3519036,Markham,York,2007,October,2 Bedroom,1049.0,a,Excellent,rent_history_3519036_markham
3519036,Markham,York,2007,October,3 Bedroom,1177.0,b,Very good,rent_history_3519036_markham
3519036,Markham,York,2007,October,Total,998.0,a,Excellent,rent_history_3519036_markham
3519036,Markham,York,2008,October,1 Bedroom,944.0,a,Excellent,rent_history_3519036_markham
3519036,Markham,York,2008,October,2 Bedroom,1103.0,a,Excellent,rent_history_3519036_markham
3519036,Markham,York,2008,October,3 Bedroom,1296.0,a,Excellent,rent_history_3519036_markham
3519036,Markham,York,2008,October,Total,1067.0,a,Excellent,rent_history_3519036_markham
3519036,Markham,York,2009,October,1 Bedroom,931.0,b,Very good,rent_history_3519036_markham
3519036,Markham,York,2009,October,2 Bedroom,1056.0,b,Very good,rent_history_3519036_markham
3519036,Markham,York,2009,October,3 Bedroom,1220.0,b,Very good,rent_history_3519036_markham
3519036,Markham,York,2009,October,Total,997.0,b,Very good,rent_history_3519036_markham
3519036,Markham,York,2010,October,1 Bedroom,934.0,a,Excellent,rent_history_3519036_markham
3519036,Markham,York,2010,October,2 Bedroom,1059.0,a,Excellent,rent_history_3519036_markham
3519036,Markham,York,2010,October,3 Bedroom,1305.0,a,Excellent,rent_history_3519036_markham
3519036,Markham,York,2010,October,Studio,701.0,a,Excellent,rent_history_3519036_markham
3519036,Markham,York,2010,October,Total,1026.0,a,Excellent,rent_history_3519036_markham
3519036,Markham,York,2011,October,1 Bedroom,985.0,a,Excellent,rent_history_3519036_markham
3519036,Markham,York,2011,October,2 Bedroom,1124.0,a,Excellent,rent_history_3519036_markham
3519036,Markham,York,2011,October,3 Bedroom,1416.0,a,Excellent,rent_history_3519036_markham
3519036,Markham,York,2011,October,Total,1078.0,a,Excellent,rent_history_3519036_markham
3519036,Markham,York,2012,October,1 Bedroom,986.0,a,Excellent,rent_history_3519036_markham
3519036,Markham,York,2012,October,2 Bedroom,1149.0,a,Excellent,rent_history_3519036_markham
3519036,Markham,York,2012,October,3 Bedroom,1518.0,a,Excellent,rent_history_3519036_markham
3519036,Markham,York,2012,October,Studio,716.0,a,Excellent,rent_history_3519036_markham
3519036,Markham,York,2012,October,Total,1097.0,a,Excellent,rent_history_3519036_markham
3519036,Markham,York,2013,October,1 Bedroom,1029.0,a,Excellent,rent_history_3519036_markham
3519036,Markham,York,2013,October,2 Bedroom,1183.0,a,Excellent,rent_history_3519036_markham
3519036,Markham,York,2013,October,3 Bedroom,1333.0,a,Excellent,rent_history_3519036_markham
3519036,Markham,York,2013,October,Studio,773.0,a,Excellent,rent_history_3519036_markham
3519036,Markham,York,2013,October,Total,1128.0,a,Excellent,rent_history_3519036_markham
3519036,Markham,York,2014,October,1 Bedroom,1031.0,a,Excellent,rent_history_3519036_markham
3519036,Markham,York,2014,October,2 Bedroom,1191.0,a,Excellent,rent_history_3519036_markham
3519036,Markham,York,2014,October,3 Bedroom,1617.0,a,Excellent,rent_history_3519036_markham
3519036,Markham,York,2014,October,Total,1145.0,a,Excellent,rent_history_3519036_markham
3519036,Markham,York,2015,October,1 Bedroom,1092.0,a,Excellent,rent_history_3519036_markham
3519036,Markham,York,2015,October,2 Bedroom,1257.0,a,Excellent,rent_history_3519036_markham
3519036,Markham,York,2015,October,3 Bedroom,1401.0,a,Excellent,rent_history_3519036_markham
3519036,Markham,York,2015,October,Total,1197.0,a,Excellent,rent_history_3519036_markham
3519036,Markham,York,2016,October,1 Bedroom,1149.0,a,Excellent,rent_history_3519036_markham
3519036,Markham,York,2016,October,2 Bedroom,1271.0,a,Excellent,rent_history_3519036_markham
3519036,Markham,York,2016,October,3 Bedroom,1362.0,a,Excellent,rent_history_3519036_markham
3519036,Markham,York,2016,October,Total,1228.0,a,Excellent,rent_history_3519036_markham
3519036,Markham,York,2017,October,1 Bedroom,1234.0,a,Excellent,rent_history_3519036_markham
3519036,Markham,York,2017,October,2 Bedroom,1394.0,a,Excellent,rent_history_3519036_markham
3519036,Markham,York,2017,October,3 Bedroom,1544.0,a,Excellent,rent_history_3519036_markham
3519036,Markham,York,2017,October,Total,1339.0,a,Excellent,rent_history_3519036_markham
3519036,Markham,York,2018,October,1 Bedroom,1213.0,a,Excellent,rent_history_3519036_markham
3519036,Markham,York,2018,October,2 Bedroom,1408.0,a,Excellent,rent_history_3519036_markham
3519036,Markham,York,2018,October,3 Bedroom,1538.0,a,Excellent,rent_history_3519036_markham
3519036,Markham,York,2018,October,Total,1337.0,a,Excellent,rent_history_3519036_markham
3519036,Markham,York,2019,October,1 Bedroom,1373.0,a,Excellent,rent_history_3519036_markham
3519036,Markham,York,2019,October,2 Bedroom,1544.0,a,Excellent,rent_history_3519036_markham
3519036,Markham,York,2019,October,3 Bedroom,1639.0,a,Excellent,rent_history_3519036_markham
3519036,Markham,York,2019,October,Studio,1029.0,b,Very good,rent_history_3519036_markham
3519036,Markham,York,2019,October,Total,1483.0,a,Excellent,rent_history_3519036_markham
3519036,Markham,York,2020,October,1 Bedroom,1439.0,a,Excellent,rent_history_3519036_markham
3519036,Markham,York,2020,October,2 Bedroom,1600.0,a,Excellent,rent_history_3519036_markham
3519036,Markham,York,2020,October,3 Bedroom,1668.0,a,Excellent,rent_history_3519036_markham
3519036,Markham,York,2020,October,Total,1541.0,a,Excellent,rent_history_3519036_markham
3519036,Markham,York,2021,October,1 Bedroom,1421.0,a,Excellent,rent_history_3519036_markham
3519036,Markham,York,2021,October,2 Bedroom,1547.0,a,Excellent,rent_history_3519036_markham
3519036,Markham,York,2021,October,3 Bedroom,1727.0,a,Excellent,rent_history_3519036_markham
3519036,Markham,York,2021,October,Total,1503.0,a,Excellent,rent_history_3519036_markham
3519036,Markham,York,2022,October,1 Bedroom,1431.0,a,Excellent,rent_history_3519036_markham
3519036,Markham,York,2022,October,2 Bedroom,1593.0,a,Excellent,rent_history_3519036_markham
3519036,Markham,York,2022,October,3 Bedroom,1995.0,a,Excellent,rent_history_3519036_markham
3519036,Markham,York,2022,October,Total,1554.0,a,Excellent,rent_history_3519036_markham
3519036,Markham,York,2023,October,1 Bedroom,1541.0,a,Excellent,rent_history_3519036_markham
3519036,Markham,York,2023,October,2 Bedroom,1677.0,a,Excellent,rent_history_3519036_markham
3519036,Markham,York,2023,October,3 Bedroom,1880.0,a,Excellent,rent_history_3519036_markham
3519036,Markham,York,2023,October,Total,1630.0,a,Excellent,rent_history_3519036_markham
3519036,Markham,York,2024,October,1 Bedroom,1742.0,a,Excellent,rent_history_3519036_markham
3519036,Markham,York,2024,October,2 Bedroom,1893.0,a,Excellent,rent_history_3519036_markham
3519036,Markham,York,2024,October,3 Bedroom,1984.0,a,Excellent,rent_history_3519036_markham
3519036,Markham,York,2024,October,Total,1831.0,a,Excellent,rent_history_3519036_markham
3519036,Markham,York,2025,October,1 Bedroom,1885.0,b,Very good,rent_history_3519036_markham
3519036,Markham,York,2025,October,2 Bedroom,1996.0,c,Good,rent_history_3519036_markham
3519036,Markham,York,2025,October,3 Bedroom,1969.0,a,Excellent,rent_history_3519036_markham
3519036,Markham,York,2025,October,Total,1942.0,b,Very good,rent_history_3519036_markham
3524009,Milton,Halton,1990,October,1 Bedroom,499.0,a,Excellent,rent_history_3524009_milton
3524009,Milton,Halton,1990,October,2 Bedroom,602.0,b,Very good,rent_history_3524009_milton
3524009,Milton,Halton,1990,October,3 Bedroom,655.0,a,Excellent,rent_history_3524009_milton
3524009,Milton,Halton,1990,October,Studio,349.0,b,Very good,rent_history_3524009_milton
3524009,Milton,Halton,1990,October,Total,552.0,a,Excellent,rent_history_3524009_milton
3524009,Milton,Halton,1991,October,1 Bedroom,536.0,a,Excellent,rent_history_3524009_milton
3524009,Milton,Halton,1991,October,2 Bedroom,628.0,b,Very good,rent_history_3524009_milton
3524009,Milton,Halton,1991,October,3 Bedroom,674.0,a,Excellent,rent_history_3524009_milton
3524009,Milton,Halton,1991,October,Studio,376.0,b,Very good,rent_history_3524009_milton
3524009,Milton,Halton,1991,October,Total,584.0,a,Excellent,rent_history_3524009_milton
3524009,Milton,Halton,1992,October,1 Bedroom,551.0,b,Very good,rent_history_3524009_milton
3524009,Milton,Halton,1992,October,2 Bedroom,635.0,b,Very good,rent_history_3524009_milton
3524009,Milton,Halton,1992,October,Studio,406.0,b,Very good,rent_history_3524009_milton
3524009,Milton,Halton,1992,October,Total,591.0,b,Very good,rent_history_3524009_milton
3524009,Milton,Halton,1993,October,1 Bedroom,578.0,a,Excellent,rent_history_3524009_milton
3524009,Milton,Halton,1993,October,2 Bedroom,676.0,b,Very good,rent_history_3524009_milton
3524009,Milton,Halton,1993,October,3 Bedroom,686.0,a,Excellent,rent_history_3524009_milton
3524009,Milton,Halton,1993,October,Studio,451.0,a,Excellent,rent_history_3524009_milton
3524009,Milton,Halton,1993,October,Total,625.0,a,Excellent,rent_history_3524009_milton
3524009,Milton,Halton,1994,October,1 Bedroom,608.0,a,Excellent,rent_history_3524009_milton
3524009,Milton,Halton,1994,October,2 Bedroom,723.0,b,Very good,rent_history_3524009_milton
3524009,Milton,Halton,1994,October,3 Bedroom,783.0,b,Very good,rent_history_3524009_milton
3524009,Milton,Halton,1994,October,Studio,468.0,a,Excellent,rent_history_3524009_milton
3524009,Milton,Halton,1994,October,Total,666.0,b,Very good,rent_history_3524009_milton
3524009,Milton,Halton,1995,October,1 Bedroom,623.0,a,Excellent,rent_history_3524009_milton
3524009,Milton,Halton,1995,October,2 Bedroom,728.0,b,Very good,rent_history_3524009_milton
3524009,Milton,Halton,1995,October,Studio,439.0,b,Very good,rent_history_3524009_milton
3524009,Milton,Halton,1995,October,Total,674.0,a,Excellent,rent_history_3524009_milton
3524009,Milton,Halton,1996,October,1 Bedroom,652.0,a,Excellent,rent_history_3524009_milton
3524009,Milton,Halton,1996,October,2 Bedroom,749.0,b,Very good,rent_history_3524009_milton
3524009,Milton,Halton,1996,October,Studio,450.0,a,Excellent,rent_history_3524009_milton
3524009,Milton,Halton,1996,October,Total,699.0,a,Excellent,rent_history_3524009_milton
3524009,Milton,Halton,1997,October,1 Bedroom,646.0,a,Excellent,rent_history_3524009_milton
3524009,Milton,Halton,1997,October,2 Bedroom,740.0,b,Very good,rent_history_3524009_milton
3524009,Milton,Halton,1997,October,Studio,468.0,a,Excellent,rent_history_3524009_milton
3524009,Milton,Halton,1997,October,Total,691.0,b,Very good,rent_history_3524009_milton
3524009,Milton,Halton,1998,October,1 Bedroom,680.0,b,Very good,rent_history_3524009_milton
3524009,Milton,Halton,1998,October,2 Bedroom,798.0,b,Very good,rent_history_3524009_milton
3524009,Milton,Halton,1998,October,Studio,463.0,a,Excellent,rent_history_3524009_milton
3524009,Milton,Halton,1998,October,Total,738.0,b,Very good,rent_history_3524009_milton
3524009,Milton,Halton,1999,October,1 Bedroom,746.0,b,Very good,rent_history_3524009_milton
3524009,Milton,Halton,1999,October,2 Bedroom,868.0,b,Very good,rent_history_3524009_milton
3524009,Milton,Halton,1999,October,Studio,477.0,a,Excellent,rent_history_3524009_milton
3524009,Milton,Halton,1999,October,Total,805.0,b,Very good,rent_history_3524009_milton
3524009,Milton,Halton,2000,October,1 Bedroom,797.0,a,Excellent,rent_history_3524009_milton
3524009,Milton,Halton,2000,October,2 Bedroom,904.0,a,Excellent,rent_history_3524009_milton
3524009,Milton,Halton,2000,October,Studio,531.0,a,Excellent,rent_history_3524009_milton
3524009,Milton,Halton,2000,October,Total,848.0,a,Excellent,rent_history_3524009_milton
3524009,Milton,Halton,2001,October,1 Bedroom,723.0,b,Very good,rent_history_3524009_milton
3524009,Milton,Halton,2001,October,2 Bedroom,822.0,b,Very good,rent_history_3524009_milton
3524009,Milton,Halton,2001,October,Studio,494.0,a,Excellent,rent_history_3524009_milton
3524009,Milton,Halton,2001,October,Total,772.0,b,Very good,rent_history_3524009_milton
3524009,Milton,Halton,2002,October,1 Bedroom,825.0,a,Excellent,rent_history_3524009_milton
3524009,Milton,Halton,2002,October,2 Bedroom,913.0,a,Excellent,rent_history_3524009_milton
3524009,Milton,Halton,2002,October,Studio,564.0,b,Very good,rent_history_3524009_milton
3524009,Milton,Halton,2002,October,Total,866.0,a,Excellent,rent_history_3524009_milton
3524009,Milton,Halton,2003,October,1 Bedroom,825.0,a,Excellent,rent_history_3524009_milton
3524009,Milton,Halton,2003,October,2 Bedroom,919.0,b,Very good,rent_history_3524009_milton
3524009,Milton,Halton,2003,October,Studio,581.0,a,Excellent,rent_history_3524009_milton
3524009,Milton,Halton,2003,October,Total,867.0,a,Excellent,rent_history_3524009_milton
3524009,Milton,Halton,2004,October,1 Bedroom,846.0,a,Excellent,rent_history_3524009_milton
3524009,Milton,Halton,2004,October,2 Bedroom,953.0,a,Excellent,rent_history_3524009_milton
3524009,Milton,Halton,2004,October,Studio,640.0,b,Very good,rent_history_3524009_milton
3524009,Milton,Halton,2004,October,Total,899.0,a,Excellent,rent_history_3524009_milton
3524009,Milton,Halton,2005,October,1 Bedroom,847.0,a,Excellent,rent_history_3524009_milton
3524009,Milton,Halton,2005,October,2 Bedroom,959.0,a,Excellent,rent_history_3524009_milton
3524009,Milton,Halton,2005,October,Studio,635.0,a,Excellent,rent_history_3524009_milton
3524009,Milton,Halton,2005,October,Total,909.0,a,Excellent,rent_history_3524009_milton
3524009,Milton,Halton,2006,October,1 Bedroom,887.0,a,Excellent,rent_history_3524009_milton
3524009,Milton,Halton,2006,October,2 Bedroom,1010.0,b,Very good,rent_history_3524009_milton
3524009,Milton,Halton,2006,October,Studio,659.0,a,Excellent,rent_history_3524009_milton
3524009,Milton,Halton,2006,October,Total,955.0,b,Very good,rent_history_3524009_milton
3524009,Milton,Halton,2007,October,1 Bedroom,901.0,a,Excellent,rent_history_3524009_milton
3524009,Milton,Halton,2007,October,2 Bedroom,1012.0,a,Excellent,rent_history_3524009_milton
3524009,Milton,Halton,2007,October,Studio,596.0,a,Excellent,rent_history_3524009_milton
3524009,Milton,Halton,2007,October,Total,967.0,a,Excellent,rent_history_3524009_milton
3524009,Milton,Halton,2008,October,1 Bedroom,901.0,a,Excellent,rent_history_3524009_milton
3524009,Milton,Halton,2008,October,2 Bedroom,1003.0,a,Excellent,rent_history_3524009_milton
3524009,Milton,Halton,2008,October,Studio,652.0,b,Very good,rent_history_3524009_milton
3524009,Milton,Halton,2008,October,Total,956.0,a,Excellent,rent_history_3524009_milton
3524009,Milton,Halton,2009,October,1 Bedroom,940.0,a,Excellent,rent_history_3524009_milton
3524009,Milton,Halton,2009,October,2 Bedroom,1096.0,a,Excellent,rent_history_3524009_milton
3524009,Milton,Halton,2009,October,Total,1017.0,a,Excellent,rent_history_3524009_milton
3524009,Milton,Halton,2010,October,1 Bedroom,968.0,a,Excellent,rent_history_3524009_milton
3524009,Milton,Halton,2010,October,2 Bedroom,1106.0,a,Excellent,rent_history_3524009_milton
3524009,Milton,Halton,2010,October,Total,1039.0,a,Excellent,rent_history_3524009_milton
3524009,Milton,Halton,2011,October,1 Bedroom,977.0,a,Excellent,rent_history_3524009_milton
3524009,Milton,Halton,2011,October,2 Bedroom,1108.0,a,Excellent,rent_history_3524009_milton
3524009,Milton,Halton,2011,October,Total,1050.0,a,Excellent,rent_history_3524009_milton
3524009,Milton,Halton,2012,October,1 Bedroom,997.0,a,Excellent,rent_history_3524009_milton
3524009,Milton,Halton,2012,October,2 Bedroom,1144.0,a,Excellent,rent_history_3524009_milton
3524009,Milton,Halton,2012,October,Total,1072.0,a,Excellent,rent_history_3524009_milton
3524009,Milton,Halton,2013,October,1 Bedroom,1019.0,a,Excellent,rent_history_3524009_milton
3524009,Milton,Halton,2013,October,2 Bedroom,1141.0,a,Excellent,rent_history_3524009_milton
3524009,Milton,Halton,2013,October,Total,1082.0,a,Excellent,rent_history_3524009_milton
3524009,Milton,Halton,2014,October,1 Bedroom,1032.0,a,Excellent,rent_history_3524009_milton
3524009,Milton,Halton,2014,October,2 Bedroom,1148.0,a,Excellent,rent_history_3524009_milton
3524009,Milton,Halton,2014,October,Studio,752.0,b,Very good,rent_history_3524009_milton
3524009,Milton,Halton,2014,October,Total,1090.0,a,Excellent,rent_history_3524009_milton
3524009,Milton,Halton,2015,October,1 Bedroom,1069.0,a,Excellent,rent_history_3524009_milton
3524009,Milton,Halton,2015,October,2 Bedroom,1185.0,a,Excellent,rent_history_3524009_milton
3524009,Milton,Halton,2015,October,Studio,768.0,a,Excellent,rent_history_3524009_milton
3524009,Milton,Halton,2015,October,Total,1130.0,a,Excellent,rent_history_3524009_milton
3524009,Milton,Halton,2016,October,1 Bedroom,1103.0,a,Excellent,rent_history_3524009_milton
3524009,Milton,Halton,2016,October,2 Bedroom,1254.0,a,Excellent,rent_history_3524009_milton
3524009,Milton,Halton,2016,October,Total,1182.0,a,Excellent,rent_history_3524009_milton
3524009,Milton,Halton,2017,October,1 Bedroom,1151.0,b,Very good,rent_history_3524009_milton
3524009,Milton,Halton,2017,October,2 Bedroom,1249.0,b,Very good,rent_history_3524009_milton
3524009,Milton,Halton,2017,October,Total,1206.0,b,Very good,rent_history_3524009_milton
3524009,Milton,Halton,2018,October,1 Bedroom,1181.0,b,Very good,rent_history_3524009_milton
3524009,Milton,Halton,2018,October,2 Bedroom,1273.0,b,Very good,rent_history_3524009_milton
3524009,Milton,Halton,2018,October,Total,1234.0,b,Very good,rent_history_3524009_milton
3524009,Milton,Halton,2019,October,1 Bedroom,1210.0,b,Very good,rent_history_3524009_milton
3524009,Milton,Halton,2019,October,2 Bedroom,1340.0,b,Very good,rent_history_3524009_milton
3524009,Milton,Halton,2019,October,Total,1285.0,b,Very good,rent_history_3524009_milton
3524009,Milton,Halton,2020,October,1 Bedroom,1273.0,b,Very good,rent_history_3524009_milton
3524009,Milton,Halton,2020,October,2 Bedroom,1402.0,b,Very good,rent_history_3524009_milton
3524009,Milton,Halton,2020,October,Total,1345.0,b,Very good,rent_history_3524009_milton
3524009,Milton,Halton,2021,October,1 Bedroom,1283.0,a,Excellent,rent_history_3524009_milton
3524009,Milton,Halton,2021,October,2 Bedroom,1440.0,a,Excellent,rent_history_3524009_milton
3524009,Milton,Halton,2021,October,Total,1362.0,a,Excellent,rent_history_3524009_milton
3524009,Milton,Halton,2022,October,1 Bedroom,1378.0,a,Excellent,rent_history_3524009_milton
3524009,Milton,Halton,2022,October,2 Bedroom,1646.0,a,Excellent,rent_history_3524009_milton
3524009,Milton,Halton,2022,October,3 Bedroom,1508.0,a,Excellent,rent_history_3524009_milton
3524009,Milton,Halton,2022,October,Total,1512.0,a,Excellent,rent_history_3524009_milton
3524009,Milton,Halton,2023,October,1 Bedroom,1451.0,b,Very good,rent_history_3524009_milton
3524009,Milton,Halton,2023,October,2 Bedroom,1626.0,b,Very good,rent_history_3524009_milton
3524009,Milton,Halton,2023,October,Total,1531.0,b,Very good,rent_history_3524009_milton
3524009,Milton,Halton,2024,October,1 Bedroom,1655.0,b,Very good,rent_history_3524009_milton
3524009,Milton,Halton,2024,October,2 Bedroom,1762.0,b,Very good,rent_history_3524009_milton
3524009,Milton,Halton,2024,October,Total,1703.0,b,Very good,rent_history_3524009_milton
3524009,Milton,Halton,2025,October,1 Bedroom,1670.0,b,Very good,rent_history_3524009_milton
3524009,Milton,Halton,2025,October,2 Bedroom,1801.0,b,Very good,rent_history_3524009_milton
3524009,Milton,Halton,2025,October,Total,1735.0,b,Very good,rent_history_3524009_milton
3521005,Mississauga,Peel,1990,October,1 Bedroom,595.0,a,Excellent,rent_history_3521005_mississauga
3521005,Mississauga,Peel,1990,October,2 Bedroom,747.0,a,Excellent,rent_history_3521005_mississauga
3521005,Mississauga,Peel,1990,October,3 Bedroom,871.0,a,Excellent,rent_history_3521005_mississauga
3521005,Mississauga,Peel,1990,October,Studio,418.0,a,Excellent,rent_history_3521005_mississauga
3521005,Mississauga,Peel,1990,October,Total,710.0,a,Excellent,rent_history_3521005_mississauga
3521005,Mississauga,Peel,1991,October,1 Bedroom,619.0,a,Excellent,rent_history_3521005_mississauga
3521005,Mississauga,Peel,1991,October,2 Bedroom,778.0,a,Excellent,rent_history_3521005_mississauga
3521005,Mississauga,Peel,1991,October,3 Bedroom,894.0,a,Excellent,rent_history_3521005_mississauga
3521005,Mississauga,Peel,1991,October,Studio,502.0,a,Excellent,rent_history_3521005_mississauga
3521005,Mississauga,Peel,1991,October,Total,736.0,a,Excellent,rent_history_3521005_mississauga
3521005,Mississauga,Peel,1992,October,1 Bedroom,654.0,a,Excellent,rent_history_3521005_mississauga
3521005,Mississauga,Peel,1992,October,2 Bedroom,802.0,a,Excellent,rent_history_3521005_mississauga
3521005,Mississauga,Peel,1992,October,3 Bedroom,893.0,a,Excellent,rent_history_3521005_mississauga
3521005,Mississauga,Peel,1992,October,Studio,508.0,a,Excellent,rent_history_3521005_mississauga
3521005,Mississauga,Peel,1992,October,Total,760.0,a,Excellent,rent_history_3521005_mississauga
3521005,Mississauga,Peel,1993,October,1 Bedroom,660.0,a,Excellent,rent_history_3521005_mississauga
3521005,Mississauga,Peel,1993,October,2 Bedroom,819.0,a,Excellent,rent_history_3521005_mississauga
3521005,Mississauga,Peel,1993,October,3 Bedroom,903.0,a,Excellent,rent_history_3521005_mississauga
3521005,Mississauga,Peel,1993,October,Studio,544.0,a,Excellent,rent_history_3521005_mississauga
3521005,Mississauga,Peel,1993,October,Total,771.0,a,Excellent,rent_history_3521005_mississauga
3521005,Mississauga,Peel,1994,October,1 Bedroom,676.0,a,Excellent,rent_history_3521005_mississauga
3521005,Mississauga,Peel,1994,October,2 Bedroom,810.0,a,Excellent,rent_history_3521005_mississauga
3521005,Mississauga,Peel,1994,October,3 Bedroom,918.0,a,Excellent,rent_history_3521005_mississauga
3521005,Mississauga,Peel,1994,October,Studio,551.0,a,Excellent,rent_history_3521005_mississauga
3521005,Mississauga,Peel,1994,October,Total,772.0,a,Excellent,rent_history_3521005_mississauga
3521005,Mississauga,Peel,1995,October,1 Bedroom,682.0,a,Excellent,rent_history_3521005_mississauga
3521005,Mississauga,Peel,1995,October,2 Bedroom,833.0,a,Excellent,rent_history_3521005_mississauga
3521005,Mississauga,Peel,1995,October,3 Bedroom,929.0,a,Excellent,rent_history_3521005_mississauga
3521005,Mississauga,Peel,1995,October,Studio,562.0,a,Excellent,rent_history_3521005_mississauga
3521005,Mississauga,Peel,1995,October,Total,787.0,a,Excellent,rent_history_3521005_mississauga
3521005,Mississauga,Peel,1996,October,1 Bedroom,699.0,a,Excellent,rent_history_3521005_mississauga
3521005,Mississauga,Peel,1996,October,2 Bedroom,847.0,a,Excellent,rent_history_3521005_mississauga
3521005,Mississauga,Peel,1996,October,3 Bedroom,942.0,a,Excellent,rent_history_3521005_mississauga
3521005,Mississauga,Peel,1996,October,Studio,578.0,a,Excellent,rent_history_3521005_mississauga
3521005,Mississauga,Peel,1996,October,Total,801.0,a,Excellent,rent_history_3521005_mississauga
3521005,Mississauga,Peel,1997,October,1 Bedroom,714.0,a,Excellent,rent_history_3521005_mississauga
3521005,Mississauga,Peel,1997,October,2 Bedroom,845.0,a,Excellent,rent_history_3521005_mississauga
3521005,Mississauga,Peel,1997,October,3 Bedroom,942.0,a,Excellent,rent_history_3521005_mississauga
3521005,Mississauga,Peel,1997,October,Studio,589.0,a,Excellent,rent_history_3521005_mississauga
3521005,Mississauga,Peel,1997,October,Total,806.0,a,Excellent,rent_history_3521005_mississauga
3521005,Mississauga,Peel,1998,October,1 Bedroom,758.0,a,Excellent,rent_history_3521005_mississauga
3521005,Mississauga,Peel,1998,October,2 Bedroom,900.0,a,Excellent,rent_history_3521005_mississauga
3521005,Mississauga,Peel,1998,October,3 Bedroom,1028.0,a,Excellent,rent_history_3521005_mississauga
3521005,Mississauga,Peel,1998,October,Studio,639.0,a,Excellent,rent_history_3521005_mississauga
3521005,Mississauga,Peel,1998,October,Total,860.0,a,Excellent,rent_history_3521005_mississauga
3521005,Mississauga,Peel,1999,October,1 Bedroom,771.0,a,Excellent,rent_history_3521005_mississauga
3521005,Mississauga,Peel,1999,October,2 Bedroom,897.0,a,Excellent,rent_history_3521005_mississauga
3521005,Mississauga,Peel,1999,October,3 Bedroom,1036.0,a,Excellent,rent_history_3521005_mississauga
3521005,Mississauga,Peel,1999,October,Studio,695.0,a,Excellent,rent_history_3521005_mississauga
3521005,Mississauga,Peel,1999,October,Total,865.0,a,Excellent,rent_history_3521005_mississauga
3521005,Mississauga,Peel,2000,October,1 Bedroom,837.0,a,Excellent,rent_history_3521005_mississauga
3521005,Mississauga,Peel,2000,October,2 Bedroom,991.0,a,Excellent,rent_history_3521005_mississauga
3521005,Mississauga,Peel,2000,October,3 Bedroom,1125.0,a,Excellent,rent_history_3521005_mississauga
3521005,Mississauga,Peel,2000,October,Studio,666.0,a,Excellent,rent_history_3521005_mississauga
3521005,Mississauga,Peel,2000,October,Total,945.0,a,Excellent,rent_history_3521005_mississauga
3521005,Mississauga,Peel,2001,October,1 Bedroom,868.0,a,Excellent,rent_history_3521005_mississauga
3521005,Mississauga,Peel,2001,October,2 Bedroom,1002.0,a,Excellent,rent_history_3521005_mississauga
3521005,Mississauga,Peel,2001,October,3 Bedroom,1175.0,a,Excellent,rent_history_3521005_mississauga
3521005,Mississauga,Peel,2001,October,Studio,668.0,a,Excellent,rent_history_3521005_mississauga
3521005,Mississauga,Peel,2001,October,Total,970.0,a,Excellent,rent_history_3521005_mississauga
3521005,Mississauga,Peel,2002,October,1 Bedroom,903.0,a,Excellent,rent_history_3521005_mississauga
3521005,Mississauga,Peel,2002,October,2 Bedroom,1044.0,a,Excellent,rent_history_3521005_mississauga
3521005,Mississauga,Peel,2002,October,3 Bedroom,1204.0,a,Excellent,rent_history_3521005_mississauga
3521005,Mississauga,Peel,2002,October,Studio,690.0,a,Excellent,rent_history_3521005_mississauga
3521005,Mississauga,Peel,2002,October,Total,1007.0,a,Excellent,rent_history_3521005_mississauga
3521005,Mississauga,Peel,2003,October,1 Bedroom,897.0,a,Excellent,rent_history_3521005_mississauga
3521005,Mississauga,Peel,2003,October,2 Bedroom,1038.0,a,Excellent,rent_history_3521005_mississauga
3521005,Mississauga,Peel,2003,October,3 Bedroom,1205.0,a,Excellent,rent_history_3521005_mississauga
3521005,Mississauga,Peel,2003,October,Studio,685.0,a,Excellent,rent_history_3521005_mississauga
3521005,Mississauga,Peel,2003,October,Total,1002.0,a,Excellent,rent_history_3521005_mississauga
3521005,Mississauga,Peel,2004,October,1 Bedroom,889.0,a,Excellent,rent_history_3521005_mississauga
3521005,Mississauga,Peel,2004,October,2 Bedroom,1027.0,a,Excellent,rent_history_3521005_mississauga
3521005,Mississauga,Peel,2004,October,3 Bedroom,1224.0,a,Excellent,rent_history_3521005_mississauga
3521005,Mississauga,Peel,2004,October,Studio,694.0,a,Excellent,rent_history_3521005_mississauga
3521005,Mississauga,Peel,2004,October,Total,1003.0,a,Excellent,rent_history_3521005_mississauga
3521005,Mississauga,Peel,2005,October,1 Bedroom,903.0,a,Excellent,rent_history_3521005_mississauga
3521005,Mississauga,Peel,2005,October,2 Bedroom,1035.0,a,Excellent,rent_history_3521005_mississauga
3521005,Mississauga,Peel,2005,October,3 Bedroom,1217.0,a,Excellent,rent_history_3521005_mississauga
3521005,Mississauga,Peel,2005,October,Studio,702.0,a,Excellent,rent_history_3521005_mississauga
3521005,Mississauga,Peel,2005,October,Total,1010.0,a,Excellent,rent_history_3521005_mississauga
3521005,Mississauga,Peel,2006,October,1 Bedroom,898.0,a,Excellent,rent_history_3521005_mississauga
3521005,Mississauga,Peel,2006,October,2 Bedroom,1033.0,a,Excellent,rent_history_3521005_mississauga
3521005,Mississauga,Peel,2006,October,3 Bedroom,1194.0,a,Excellent,rent_history_3521005_mississauga
3521005,Mississauga,Peel,2006,October,Studio,696.0,a,Excellent,rent_history_3521005_mississauga
3521005,Mississauga,Peel,2006,October,Total,1001.0,a,Excellent,rent_history_3521005_mississauga
3521005,Mississauga,Peel,2007,October,1 Bedroom,891.0,a,Excellent,rent_history_3521005_mississauga
3521005,Mississauga,Peel,2007,October,2 Bedroom,1021.0,a,Excellent,rent_history_3521005_mississauga
3521005,Mississauga,Peel,2007,October,3 Bedroom,1232.0,a,Excellent,rent_history_3521005_mississauga
3521005,Mississauga,Peel,2007,October,Studio,716.0,a,Excellent,rent_history_3521005_mississauga
3521005,Mississauga,Peel,2007,October,Total,1002.0,a,Excellent,rent_history_3521005_mississauga
3521005,Mississauga,Peel,2008,October,1 Bedroom,925.0,a,Excellent,rent_history_3521005_mississauga
3521005,Mississauga,Peel,2008,October,2 Bedroom,1066.0,a,Excellent,rent_history_3521005_mississauga
3521005,Mississauga,Peel,2008,October,3 Bedroom,1264.0,a,Excellent,rent_history_3521005_mississauga
3521005,Mississauga,Peel,2008,October,Studio,715.0,a,Excellent,rent_history_3521005_mississauga
3521005,Mississauga,Peel,2008,October,Total,1042.0,a,Excellent,rent_history_3521005_mississauga
3521005,Mississauga,Peel,2009,October,1 Bedroom,928.0,a,Excellent,rent_history_3521005_mississauga
3521005,Mississauga,Peel,2009,October,2 Bedroom,1067.0,a,Excellent,rent_history_3521005_mississauga
3521005,Mississauga,Peel,2009,October,3 Bedroom,1292.0,a,Excellent,rent_history_3521005_mississauga
3521005,Mississauga,Peel,2009,October,Studio,725.0,a,Excellent,rent_history_3521005_mississauga
3521005,Mississauga,Peel,2009,October,Total,1049.0,a,Excellent,rent_history_3521005_mississauga
3521005,Mississauga,Peel,2010,October,1 Bedroom,949.0,a,Excellent,rent_history_3521005_mississauga
3521005,Mississauga,Peel,2010,October,2 Bedroom,1090.0,a,Excellent,rent_history_3521005_mississauga
3521005,Mississauga,Peel,2010,October,3 Bedroom,1281.0,a,Excellent,rent_history_3521005_mississauga
3521005,Mississauga,Peel,2010,October,Studio,723.0,a,Excellent,rent_history_3521005_mississauga
3521005,Mississauga,Peel,2010,October,Total,1064.0,a,Excellent,rent_history_3521005_mississauga
3521005,Mississauga,Peel,2011,October,1 Bedroom,975.0,a,Excellent,rent_history_3521005_mississauga
3521005,Mississauga,Peel,2011,October,2 Bedroom,1116.0,a,Excellent,rent_history_3521005_mississauga
3521005,Mississauga,Peel,2011,October,3 Bedroom,1331.0,a,Excellent,rent_history_3521005_mississauga
3521005,Mississauga,Peel,2011,October,Studio,757.0,a,Excellent,rent_history_3521005_mississauga
3521005,Mississauga,Peel,2011,October,Total,1094.0,a,Excellent,rent_history_3521005_mississauga
3521005,Mississauga,Peel,2012,October,1 Bedroom,995.0,a,Excellent,rent_history_3521005_mississauga
3521005,Mississauga,Peel,2012,October,2 Bedroom,1145.0,a,Excellent,rent_history_3521005_mississauga
3521005,Mississauga,Peel,2012,October,3 Bedroom,1361.0,a,Excellent,rent_history_3521005_mississauga
3521005,Mississauga,Peel,2012,October,Studio,770.0,a,Excellent,rent_history_3521005_mississauga
3521005,Mississauga,Peel,2012,October,Total,1121.0,a,Excellent,rent_history_3521005_mississauga
3521005,Mississauga,Peel,2013,October,1 Bedroom,1013.0,a,Excellent,rent_history_3521005_mississauga
3521005,Mississauga,Peel,2013,October,2 Bedroom,1170.0,a,Excellent,rent_history_3521005_mississauga
3521005,Mississauga,Peel,2013,October,3 Bedroom,1384.0,a,Excellent,rent_history_3521005_mississauga
3521005,Mississauga,Peel,2013,October,Studio,800.0,a,Excellent,rent_history_3521005_mississauga
3521005,Mississauga,Peel,2013,October,Total,1146.0,a,Excellent,rent_history_3521005_mississauga
3521005,Mississauga,Peel,2014,October,1 Bedroom,1050.0,a,Excellent,rent_history_3521005_mississauga
3521005,Mississauga,Peel,2014,October,2 Bedroom,1210.0,a,Excellent,rent_history_3521005_mississauga
3521005,Mississauga,Peel,2014,October,3 Bedroom,1417.0,a,Excellent,rent_history_3521005_mississauga
3521005,Mississauga,Peel,2014,October,Studio,827.0,a,Excellent,rent_history_3521005_mississauga
3521005,Mississauga,Peel,2014,October,Total,1177.0,a,Excellent,rent_history_3521005_mississauga
3521005,Mississauga,Peel,2015,October,1 Bedroom,1067.0,a,Excellent,rent_history_3521005_mississauga
3521005,Mississauga,Peel,2015,October,2 Bedroom,1243.0,a,Excellent,rent_history_3521005_mississauga
3521005,Mississauga,Peel,2015,October,3 Bedroom,1442.0,a,Excellent,rent_history_3521005_mississauga
3521005,Mississauga,Peel,2015,October,Studio,827.0,a,Excellent,rent_history_3521005_mississauga
3521005,Mississauga,Peel,2015,October,Total,1205.0,a,Excellent,rent_history_3521005_mississauga
3521005,Mississauga,Peel,2016,October,1 Bedroom,1109.0,a,Excellent,rent_history_3521005_mississauga
3521005,Mississauga,Peel,2016,October,2 Bedroom,1276.0,a,Excellent,rent_history_3521005_mississauga
3521005,Mississauga,Peel,2016,October,3 Bedroom,1501.0,a,Excellent,rent_history_3521005_mississauga
3521005,Mississauga,Peel,2016,October,Studio,866.0,a,Excellent,rent_history_3521005_mississauga
3521005,Mississauga,Peel,2016,October,Total,1244.0,a,Excellent,rent_history_3521005_mississauga
3521005,Mississauga,Peel,2017,October,1 Bedroom,1151.0,a,Excellent,rent_history_3521005_mississauga
3521005,Mississauga,Peel,2017,October,2 Bedroom,1330.0,a,Excellent,rent_history_3521005_mississauga
3521005,Mississauga,Peel,2017,October,3 Bedroom,1563.0,a,Excellent,rent_history_3521005_mississauga
3521005,Mississauga,Peel,2017,October,Studio,917.0,a,Excellent,rent_history_3521005_mississauga
3521005,Mississauga,Peel,2017,October,Total,1293.0,a,Excellent,rent_history_3521005_mississauga
3521005,Mississauga,Peel,2018,October,1 Bedroom,1233.0,a,Excellent,rent_history_3521005_mississauga
3521005,Mississauga,Peel,2018,October,2 Bedroom,1396.0,a,Excellent,rent_history_3521005_mississauga
3521005,Mississauga,Peel,2018,October,3 Bedroom,1590.0,a,Excellent,rent_history_3521005_mississauga
3521005,Mississauga,Peel,2018,October,Studio,922.0,a,Excellent,rent_history_3521005_mississauga
3521005,Mississauga,Peel,2018,October,Total,1363.0,a,Excellent,rent_history_3521005_mississauga
3521005,Mississauga,Peel,2019,October,1 Bedroom,1297.0,a,Excellent,rent_history_3521005_mississauga
3521005,Mississauga,Peel,2019,October,2 Bedroom,1462.0,a,Excellent,rent_history_3521005_mississauga
3521005,Mississauga,Peel,2019,October,3 Bedroom,1652.0,a,Excellent,rent_history_3521005_mississauga
3521005,Mississauga,Peel,2019,October,Studio,1007.0,a,Excellent,rent_history_3521005_mississauga
3521005,Mississauga,Peel,2019,October,Total,1425.0,a,Excellent,rent_history_3521005_mississauga
3521005,Mississauga,Peel,2020,October,1 Bedroom,1384.0,a,Excellent,rent_history_3521005_mississauga
3521005,Mississauga,Peel,2020,October,2 Bedroom,1554.0,a,Excellent,rent_history_3521005_mississauga
3521005,Mississauga,Peel,2020,October,3 Bedroom,1751.0,a,Excellent,rent_history_3521005_mississauga
3521005,Mississauga,Peel,2020,October,Studio,1052.0,a,Excellent,rent_history_3521005_mississauga
3521005,Mississauga,Peel,2020,October,Total,1515.0,a,Excellent,rent_history_3521005_mississauga
3521005,Mississauga,Peel,2021,October,1 Bedroom,1434.0,a,Excellent,rent_history_3521005_mississauga
3521005,Mississauga,Peel,2021,October,2 Bedroom,1609.0,a,Excellent,rent_history_3521005_mississauga
3521005,Mississauga,Peel,2021,October,3 Bedroom,1802.0,a,Excellent,rent_history_3521005_mississauga
3521005,Mississauga,Peel,2021,October,Studio,1099.0,a,Excellent,rent_history_3521005_mississauga
3521005,Mississauga,Peel,2021,October,Total,1569.0,a,Excellent,rent_history_3521005_mississauga
3521005,Mississauga,Peel,2022,October,1 Bedroom,1473.0,a,Excellent,rent_history_3521005_mississauga
3521005,Mississauga,Peel,2022,October,2 Bedroom,1661.0,a,Excellent,rent_history_3521005_mississauga
3521005,Mississauga,Peel,2022,October,3 Bedroom,1906.0,a,Excellent,rent_history_3521005_mississauga
3521005,Mississauga,Peel,2022,October,Studio,1130.0,b,Very good,rent_history_3521005_mississauga
3521005,Mississauga,Peel,2022,October,Total,1611.0,a,Excellent,rent_history_3521005_mississauga
3521005,Mississauga,Peel,2023,October,1 Bedroom,1627.0,a,Excellent,rent_history_3521005_mississauga
3521005,Mississauga,Peel,2023,October,2 Bedroom,1854.0,a,Excellent,rent_history_3521005_mississauga
3521005,Mississauga,Peel,2023,October,3 Bedroom,2001.0,a,Excellent,rent_history_3521005_mississauga
3521005,Mississauga,Peel,2023,October,Studio,1102.0,c,Good,rent_history_3521005_mississauga
3521005,Mississauga,Peel,2023,October,Total,1777.0,a,Excellent,rent_history_3521005_mississauga
3521005,Mississauga,Peel,2024,October,1 Bedroom,1752.0,a,Excellent,rent_history_3521005_mississauga
3521005,Mississauga,Peel,2024,October,2 Bedroom,1938.0,a,Excellent,rent_history_3521005_mississauga
3521005,Mississauga,Peel,2024,October,3 Bedroom,2073.0,a,Excellent,rent_history_3521005_mississauga
3521005,Mississauga,Peel,2024,October,Studio,1274.0,b,Very good,rent_history_3521005_mississauga
3521005,Mississauga,Peel,2024,October,Total,1877.0,a,Excellent,rent_history_3521005_mississauga
3521005,Mississauga,Peel,2025,October,1 Bedroom,1747.0,a,Excellent,rent_history_3521005_mississauga
3521005,Mississauga,Peel,2025,October,2 Bedroom,2001.0,a,Excellent,rent_history_3521005_mississauga
3521005,Mississauga,Peel,2025,October,3 Bedroom,2176.0,a,Excellent,rent_history_3521005_mississauga
3521005,Mississauga,Peel,2025,October,Studio,1262.0,b,Very good,rent_history_3521005_mississauga
3521005,Mississauga,Peel,2025,October,Total,1917.0,a,Excellent,rent_history_3521005_mississauga
3519048,Newmarket,York,1990,October,1 Bedroom,546.0,a,Excellent,rent_history_3519048_newmarket
3519048,Newmarket,York,1990,October,2 Bedroom,630.0,a,Excellent,rent_history_3519048_newmarket
3519048,Newmarket,York,1990,October,3 Bedroom,814.0,a,Excellent,rent_history_3519048_newmarket
3519048,Newmarket,York,1990,October,Studio,376.0,a,Excellent,rent_history_3519048_newmarket
3519048,Newmarket,York,1990,October,Total,593.0,a,Excellent,rent_history_3519048_newmarket
3519048,Newmarket,York,1991,October,1 Bedroom,562.0,a,Excellent,rent_history_3519048_newmarket
3519048,Newmarket,York,1991,October,2 Bedroom,675.0,a,Excellent,rent_history_3519048_newmarket
3519048,Newmarket,York,1991,October,3 Bedroom,882.0,a,Excellent,rent_history_3519048_newmarket
3519048,Newmarket,York,1991,October,Studio,376.0,a,Excellent,rent_history_3519048_newmarket
3519048,Newmarket,York,1991,October,Total,629.0,a,Excellent,rent_history_3519048_newmarket
3519048,Newmarket,York,1992,October,1 Bedroom,600.0,a,Excellent,rent_history_3519048_newmarket
3519048,Newmarket,York,1992,October,2 Bedroom,840.0,b,Very good,rent_history_3519048_newmarket
3519048,Newmarket,York,1992,October,3 Bedroom,868.0,a,Excellent,rent_history_3519048_newmarket
3519048,Newmarket,York,1992,October,Studio,444.0,b,Very good,rent_history_3519048_newmarket
3519048,Newmarket,York,1992,October,Total,740.0,b,Very good,rent_history_3519048_newmarket
3519048,Newmarket,York,1993,October,1 Bedroom,589.0,a,Excellent,rent_history_3519048_newmarket
3519048,Newmarket,York,1993,October,2 Bedroom,834.0,b,Very good,rent_history_3519048_newmarket
3519048,Newmarket,York,1993,October,3 Bedroom,842.0,a,Excellent,rent_history_3519048_newmarket
3519048,Newmarket,York,1993,October,Studio,426.0,a,Excellent,rent_history_3519048_newmarket
3519048,Newmarket,York,1993,October,Total,726.0,a,Excellent,rent_history_3519048_newmarket
3519048,Newmarket,York,1994,October,1 Bedroom,617.0,a,Excellent,rent_history_3519048_newmarket
3519048,Newmarket,York,1994,October,2 Bedroom,803.0,a,Excellent,rent_history_3519048_newmarket
3519048,Newmarket,York,1994,October,3 Bedroom,860.0,a,Excellent,rent_history_3519048_newmarket
3519048,Newmarket,York,1994,October,Studio,443.0,b,Very good,rent_history_3519048_newmarket
3519048,Newmarket,York,1994,October,Total,726.0,a,Excellent,rent_history_3519048_newmarket
3519048,Newmarket,York,1995,October,1 Bedroom,641.0,a,Excellent,rent_history_3519048_newmarket
3519048,Newmarket,York,1995,October,2 Bedroom,843.0,b,Very good,rent_history_3519048_newmarket
3519048,Newmarket,York,1995,October,3 Bedroom,858.0,b,Very good,rent_history_3519048_newmarket
3519048,Newmarket,York,1995,October,Studio,431.0,a,Excellent,rent_history_3519048_newmarket
3519048,Newmarket,York,1995,October,Total,766.0,b,Very good,rent_history_3519048_newmarket
3519048,Newmarket,York,1996,October,1 Bedroom,642.0,a,Excellent,rent_history_3519048_newmarket
3519048,Newmarket,York,1996,October,2 Bedroom,761.0,a,Excellent,rent_history_3519048_newmarket
3519048,Newmarket,York,1996,October,3 Bedroom,886.0,a,Excellent,rent_history_3519048_newmarket
3519048,Newmarket,York,1996,October,Studio,471.0,a,Excellent,rent_history_3519048_newmarket
3519048,Newmarket,York,1996,October,Total,717.0,a,Excellent,rent_history_3519048_newmarket
3519048,Newmarket,York,1997,October,1 Bedroom,660.0,a,Excellent,rent_history_3519048_newmarket
3519048,Newmarket,York,1997,October,2 Bedroom,761.0,a,Excellent,rent_history_3519048_newmarket
3519048,Newmarket,York,1997,October,3 Bedroom,896.0,a,Excellent,rent_history_3519048_newmarket
3519048,Newmarket,York,1997,October,Studio,467.0,b,Very good,rent_history_3519048_newmarket
3519048,Newmarket,York,1997,October,Total,722.0,a,Excellent,rent_history_3519048_newmarket
3519048,Newmarket,York,1998,October,1 Bedroom,665.0,a,Excellent,rent_history_3519048_newmarket
3519048,Newmarket,York,1998,October,2 Bedroom,909.0,b,Very good,rent_history_3519048_newmarket
3519048,Newmarket,York,1998,October,3 Bedroom,958.0,a,Excellent,rent_history_3519048_newmarket
3519048,Newmarket,York,1998,October,Studio,533.0,a,Excellent,rent_history_3519048_newmarket
3519048,Newmarket,York,1998,October,Total,816.0,b,Very good,rent_history_3519048_newmarket
3519048,Newmarket,York,1999,October,1 Bedroom,676.0,a,Excellent,rent_history_3519048_newmarket
3519048,Newmarket,York,1999,October,2 Bedroom,806.0,a,Excellent,rent_history_3519048_newmarket
3519048,Newmarket,York,1999,October,3 Bedroom,925.0,a,Excellent,rent_history_3519048_newmarket
3519048,Newmarket,York,1999,October,Studio,493.0,b,Very good,rent_history_3519048_newmarket
3519048,Newmarket,York,1999,October,Total,756.0,a,Excellent,rent_history_3519048_newmarket
3519048,Newmarket,York,2000,October,1 Bedroom,722.0,a,Excellent,rent_history_3519048_newmarket
3519048,Newmarket,York,2000,October,2 Bedroom,826.0,a,Excellent,rent_history_3519048_newmarket
3519048,Newmarket,York,2000,October,3 Bedroom,952.0,c,Good,rent_history_3519048_newmarket
3519048,Newmarket,York,2000,October,Studio,521.0,b,Very good,rent_history_3519048_newmarket
3519048,Newmarket,York,2000,October,Total,764.0,a,Excellent,rent_history_3519048_newmarket
3519048,Newmarket,York,2001,October,1 Bedroom,741.0,a,Excellent,rent_history_3519048_newmarket
3519048,Newmarket,York,2001,October,2 Bedroom,844.0,a,Excellent,rent_history_3519048_newmarket
3519048,Newmarket,York,2001,October,3 Bedroom,962.0,a,Excellent,rent_history_3519048_newmarket
3519048,Newmarket,York,2001,October,Studio,540.0,b,Very good,rent_history_3519048_newmarket
3519048,Newmarket,York,2001,October,Total,804.0,a,Excellent,rent_history_3519048_newmarket
3519048,Newmarket,York,2002,October,1 Bedroom,785.0,a,Excellent,rent_history_3519048_newmarket
3519048,Newmarket,York,2002,October,2 Bedroom,884.0,a,Excellent,rent_history_3519048_newmarket
3519048,Newmarket,York,2002,October,3 Bedroom,994.0,a,Excellent,rent_history_3519048_newmarket
3519048,Newmarket,York,2002,October,Studio,562.0,a,Excellent,rent_history_3519048_newmarket
3519048,Newmarket,York,2002,October,Total,839.0,a,Excellent,rent_history_3519048_newmarket
3519048,Newmarket,York,2003,October,1 Bedroom,772.0,a,Excellent,rent_history_3519048_newmarket
3519048,Newmarket,York,2003,October,2 Bedroom,887.0,a,Excellent,rent_history_3519048_newmarket
3519048,Newmarket,York,2003,October,3 Bedroom,1003.0,a,Excellent,rent_history_3519048_newmarket
3519048,Newmarket,York,2003,October,Studio,585.0,a,Excellent,rent_history_3519048_newmarket
3519048,Newmarket,York,2003,October,Total,835.0,a,Excellent,rent_history_3519048_newmarket
3519048,Newmarket,York,2004,October,1 Bedroom,811.0,a,Excellent,rent_history_3519048_newmarket
3519048,Newmarket,York,2004,October,2 Bedroom,915.0,a,Excellent,rent_history_3519048_newmarket
3519048,Newmarket,York,2004,October,3 Bedroom,1061.0,a,Excellent,rent_history_3519048_newmarket
3519048,Newmarket,York,2004,October,Studio,567.0,b,Very good,rent_history_3519048_newmarket
3519048,Newmarket,York,2004,October,Total,854.0,a,Excellent,rent_history_3519048_newmarket
3519048,Newmarket,York,2005,October,1 Bedroom,802.0,a,Excellent,rent_history_3519048_newmarket
3519048,Newmarket,York,2005,October,2 Bedroom,878.0,a,Excellent,rent_history_3519048_newmarket
3519048,Newmarket,York,2005,October,3 Bedroom,865.0,d,Poor - use with caution,rent_history_3519048_newmarket
3519048,Newmarket,York,2005,October,Studio,543.0,b,Very good,rent_history_3519048_newmarket
3519048,Newmarket,York,2005,October,Total,826.0,a,Excellent,rent_history_3519048_newmarket
3519048,Newmarket,York,2006,October,1 Bedroom,851.0,a,Excellent,rent_history_3519048_newmarket
3519048,Newmarket,York,2006,October,2 Bedroom,940.0,a,Excellent,rent_history_3519048_newmarket
3519048,Newmarket,York,2006,October,3 Bedroom,1031.0,a,Excellent,rent_history_3519048_newmarket
3519048,Newmarket,York,2006,October,Studio,585.0,a,Excellent,rent_history_3519048_newmarket
3519048,Newmarket,York,2006,October,Total,890.0,a,Excellent,rent_history_3519048_newmarket
3519048,Newmarket,York,2007,October,1 Bedroom,848.0,a,Excellent,rent_history_3519048_newmarket
3519048,Newmarket,York,2007,October,2 Bedroom,958.0,a,Excellent,rent_history_3519048_newmarket
3519048,Newmarket,York,2007,October,3 Bedroom,1081.0,a,Excellent,rent_history_3519048_newmarket
3519048,Newmarket,York,2007,October,Studio,622.0,a,Excellent,rent_history_3519048_newmarket
3519048,Newmarket,York,2007,October,Total,894.0,a,Excellent,rent_history_3519048_newmarket
3519048,Newmarket,York,2008,October,1 Bedroom,860.0,a,Excellent,rent_history_3519048_newmarket
3519048,Newmarket,York,2008,October,2 Bedroom,946.0,a,Excellent,rent_history_3519048_newmarket
3519048,Newmarket,York,2008,October,3 Bedroom,1141.0,a,Excellent,rent_history_3519048_newmarket
3519048,Newmarket,York,2008,October,Studio,625.0,a,Excellent,rent_history_3519048_newmarket
3519048,Newmarket,York,2008,October,Total,910.0,a,Excellent,rent_history_3519048_newmarket
3519048,Newmarket,York,2009,October,1 Bedroom,895.0,a,Excellent,rent_history_3519048_newmarket
3519048,Newmarket,York,2009,October,2 Bedroom,963.0,a,Excellent,rent_history_3519048_newmarket
3519048,Newmarket,York,2009,October,3 Bedroom,1185.0,a,Excellent,rent_history_3519048_newmarket
3519048,Newmarket,York,2009,October,Studio,660.0,a,Excellent,rent_history_3519048_newmarket
3519048,Newmarket,York,2009,October,Total,932.0,a,Excellent,rent_history_3519048_newmarket
3519048,Newmarket,York,2010,October,1 Bedroom,880.0,a,Excellent,rent_history_3519048_newmarket
3519048,Newmarket,York,2010,October,2 Bedroom,982.0,a,Excellent,rent_history_3519048_newmarket
3519048,Newmarket,York,2010,October,3 Bedroom,1202.0,b,Very good,rent_history_3519048_newmarket
3519048,Newmarket,York,2010,October,Studio,635.0,a,Excellent,rent_history_3519048_newmarket
3519048,Newmarket,York,2010,October,Total,920.0,a,Excellent,rent_history_3519048_newmarket
3519048,Newmarket,York,2011,October,1 Bedroom,947.0,a,Excellent,rent_history_3519048_newmarket
3519048,Newmarket,York,2011,October,2 Bedroom,1029.0,a,Excellent,rent_history_3519048_newmarket
3519048,Newmarket,York,2011,October,3 Bedroom,1199.0,c,Good,rent_history_3519048_newmarket
3519048,Newmarket,York,2011,October,Studio,677.0,a,Excellent,rent_history_3519048_newmarket
3519048,Newmarket,York,2011,October,Total,975.0,a,Excellent,rent_history_3519048_newmarket
3519048,Newmarket,York,2012,October,1 Bedroom,964.0,b,Very good,rent_history_3519048_newmarket
3519048,Newmarket,York,2012,October,2 Bedroom,1043.0,a,Excellent,rent_history_3519048_newmarket
3519048,Newmarket,York,2012,October,3 Bedroom,1276.0,b,Very good,rent_history_3519048_newmarket
3519048,Newmarket,York,2012,October,Studio,615.0,a,Excellent,rent_history_3519048_newmarket
3519048,Newmarket,York,2012,October,Total,991.0,a,Excellent,rent_history_3519048_newmarket
3519048,Newmarket,York,2013,October,1 Bedroom,990.0,a,Excellent,rent_history_3519048_newmarket
3519048,Newmarket,York,2013,October,2 Bedroom,1068.0,a,Excellent,rent_history_3519048_newmarket
3519048,Newmarket,York,2013,October,3 Bedroom,1259.0,b,Very good,rent_history_3519048_newmarket
3519048,Newmarket,York,2013,October,Studio,741.0,b,Very good,rent_history_3519048_newmarket
3519048,Newmarket,York,2013,October,Total,1022.0,a,Excellent,rent_history_3519048_newmarket
3519048,Newmarket,York,2014,October,1 Bedroom,1042.0,b,Very good,rent_history_3519048_newmarket
3519048,Newmarket,York,2014,October,2 Bedroom,1137.0,a,Excellent,rent_history_3519048_newmarket
3519048,Newmarket,York,2014,October,3 Bedroom,1207.0,c,Good,rent_history_3519048_newmarket
3519048,Newmarket,York,2014,October,Studio,703.0,a,Excellent,rent_history_3519048_newmarket
3519048,Newmarket,York,2014,October,Total,1067.0,b,Very good,rent_history_3519048_newmarket
3519048,Newmarket,York,2015,October,1 Bedroom,1057.0,b,Very good,rent_history_3519048_newmarket
3519048,Newmarket,York,2015,October,2 Bedroom,1173.0,a,Excellent,rent_history_3519048_newmarket
3519048,Newmarket,York,2015,October,3 Bedroom,1276.0,b,Very good,rent_history_3519048_newmarket
3519048,Newmarket,York,2015,October,Studio,696.0,a,Excellent,rent_history_3519048_newmarket
3519048,Newmarket,York,2015,October,Total,1092.0,b,Very good,rent_history_3519048_newmarket
3519048,Newmarket,York,2016,October,1 Bedroom,1069.0,b,Very good,rent_history_3519048_newmarket
3519048,Newmarket,York,2016,October,2 Bedroom,1178.0,a,Excellent,rent_history_3519048_newmarket
3519048,Newmarket,York,2016,October,Studio,738.0,b,Very good,rent_history_3519048_newmarket
3519048,Newmarket,York,2016,October,Total,1105.0,b,Very good,rent_history_3519048_newmarket
3519048,Newmarket,York,2017,October,1 Bedroom,1181.0,b,Very good,rent_history_3519048_newmarket
3519048,Newmarket,York,2017,October,2 Bedroom,1269.0,a,Excellent,rent_history_3519048_newmarket
3519048,Newmarket,York,2017,October,Studio,763.0,c,Good,rent_history_3519048_newmarket
3519048,Newmarket,York,2017,October,Total,1210.0,a,Excellent,rent_history_3519048_newmarket
3519048,Newmarket,York,2018,October,1 Bedroom,1161.0,b,Very good,rent_history_3519048_newmarket
3519048,Newmarket,York,2018,October,2 Bedroom,1308.0,a,Excellent,rent_history_3519048_newmarket
3519048,Newmarket,York,2018,October,Studio,759.0,b,Very good,rent_history_3519048_newmarket
3519048,Newmarket,York,2018,October,Total,1205.0,b,Very good,rent_history_3519048_newmarket
3519048,Newmarket,York,2019,October,1 Bedroom,1370.0,a,Excellent,rent_history_3519048_newmarket
3519048,Newmarket,York,2019,October,2 Bedroom,1461.0,a,Excellent,rent_history_3519048_newmarket
3519048,Newmarket,York,2019,October,Studio,798.0,a,Excellent,rent_history_3519048_newmarket
3519048,Newmarket,York,2019,October,Total,1387.0,a,Excellent,rent_history_3519048_newmarket
3519048,Newmarket,York,2020,October,1 Bedroom,1416.0,a,Excellent,rent_history_3519048_newmarket
3519048,Newmarket,York,2020,October,2 Bedroom,1527.0,a,Excellent,rent_history_3519048_newmarket
3519048,Newmarket,York,2020,October,Studio,757.0,b,Very good,rent_history_3519048_newmarket
3519048,Newmarket,York,2020,October,Total,1426.0,a,Excellent,rent_history_3519048_newmarket
3519048,Newmarket,York,2021,October,1 Bedroom,1273.0,d,Poor - use with caution,rent_history_3519048_newmarket
3519048,Newmarket,York,2021,October,2 Bedroom,1411.0,b,Very good,rent_history_3519048_newmarket
3519048,Newmarket,York,2021,October,Studio,754.0,c,Good,rent_history_3519048_newmarket
3519048,Newmarket,York,2021,October,Total,1283.0,c,Good,rent_history_3519048_newmarket
3519048,Newmarket,York,2022,October,1 Bedroom,1502.0,a,Excellent,rent_history_3519048_newmarket
3519048,Newmarket,York,2022,October,2 Bedroom,1530.0,a,Excellent,rent_history_3519048_newmarket
3519048,Newmarket,York,2022,October,Total,1480.0,a,Excellent,rent_history_3519048_newmarket
3519048,Newmarket,York,2023,October,1 Bedroom,1702.0,b,Very good,rent_history_3519048_newmarket
3519048,Newmarket,York,2023,October,2 Bedroom,1785.0,c,Good,rent_history_3519048_newmarket
3519048,Newmarket,York,2023,October,Total,1692.0,c,Good,rent_history_3519048_newmarket
3519048,Newmarket,York,2024,October,1 Bedroom,1590.0,a,Excellent,rent_history_3519048_newmarket
3519048,Newmarket,York,2024,October,2 Bedroom,2010.0,b,Very good,rent_history_3519048_newmarket
3519048,Newmarket,York,2024,October,Total,1755.0,b,Very good,rent_history_3519048_newmarket
3519048,Newmarket,York,2025,October,1 Bedroom,1951.0,b,Very good,rent_history_3519048_newmarket
3519048,Newmarket,York,2025,October,2 Bedroom,2384.0,c,Good,rent_history_3519048_newmarket
3519048,Newmarket,York,2025,October,Total,2128.0,b,Very good,rent_history_3519048_newmarket
3524001,Oakville,Halton,1990,October,1 Bedroom,546.0,a,Excellent,rent_history_3524001_oakville
3524001,Oakville,Halton,1990,October,2 Bedroom,649.0,a,Excellent,rent_history_3524001_oakville
3524001,Oakville,Halton,1990,October,3 Bedroom,816.0,a,Excellent,rent_history_3524001_oakville
3524001,Oakville,Halton,1990,October,Studio,432.0,a,Excellent,rent_history_3524001_oakville
3524001,Oakville,Halton,1990,October,Total,639.0,a,Excellent,rent_history_3524001_oakville
3524001,Oakville,Halton,1991,October,1 Bedroom,592.0,a,Excellent,rent_history_3524001_oakville
3524001,Oakville,Halton,1991,October,2 Bedroom,728.0,a,Excellent,rent_history_3524001_oakville
3524001,Oakville,Halton,1991,October,3 Bedroom,913.0,a,Excellent,rent_history_3524001_oakville
3524001,Oakville,Halton,1991,October,Studio,464.0,a,Excellent,rent_history_3524001_oakville
3524001,Oakville,Halton,1991,October,Total,713.0,a,Excellent,rent_history_3524001_oakville
3524001,Oakville,Halton,1992,October,1 Bedroom,603.0,a,Excellent,rent_history_3524001_oakville
3524001,Oakville,Halton,1992,October,2 Bedroom,722.0,a,Excellent,rent_history_3524001_oakville
3524001,Oakville,Halton,1992,October,3 Bedroom,933.0,a,Excellent,rent_history_3524001_oakville
3524001,Oakville,Halton,1992,October,Studio,467.0,a,Excellent,rent_history_3524001_oakville
3524001,Oakville,Halton,1992,October,Total,709.0,a,Excellent,rent_history_3524001_oakville
3524001,Oakville,Halton,1993,October,1 Bedroom,617.0,a,Excellent,rent_history_3524001_oakville
3524001,Oakville,Halton,1993,October,2 Bedroom,755.0,a,Excellent,rent_history_3524001_oakville
3524001,Oakville,Halton,1993,October,3 Bedroom,924.0,a,Excellent,rent_history_3524001_oakville
3524001,Oakville,Halton,1993,October,Studio,499.0,a,Excellent,rent_history_3524001_oakville
3524001,Oakville,Halton,1993,October,Total,736.0,a,Excellent,rent_history_3524001_oakville
3524001,Oakville,Halton,1994,October,1 Bedroom,645.0,a,Excellent,rent_history_3524001_oakville
3524001,Oakville,Halton,1994,October,2 Bedroom,776.0,a,Excellent,rent_history_3524001_oakville
3524001,Oakville,Halton,1994,October,3 Bedroom,945.0,a,Excellent,rent_history_3524001_oakville
3524001,Oakville,Halton,1994,October,Studio,494.0,a,Excellent,rent_history_3524001_oakville
3524001,Oakville,Halton,1994,October,Total,755.0,a,Excellent,rent_history_3524001_oakville
3524001,Oakville,Halton,1995,October,1 Bedroom,664.0,a,Excellent,rent_history_3524001_oakville
3524001,Oakville,Halton,1995,October,2 Bedroom,814.0,a,Excellent,rent_history_3524001_oakville
3524001,Oakville,Halton,1995,October,3 Bedroom,990.0,a,Excellent,rent_history_3524001_oakville
3524001,Oakville,Halton,1995,October,Studio,498.0,b,Very good,rent_history_3524001_oakville
3524001,Oakville,Halton,1995,October,Total,790.0,a,Excellent,rent_history_3524001_oakville
3524001,Oakville,Halton,1996,October,1 Bedroom,689.0,a,Excellent,rent_history_3524001_oakville
3524001,Oakville,Halton,1996,October,2 Bedroom,830.0,a,Excellent,rent_history_3524001_oakville
3524001,Oakville,Halton,1996,October,3 Bedroom,1025.0,a,Excellent,rent_history_3524001_oakville
3524001,Oakville,Halton,1996,October,Studio,543.0,a,Excellent,rent_history_3524001_oakville
3524001,Oakville,Halton,1996,October,Total,811.0,a,Excellent,rent_history_3524001_oakville
3524001,Oakville,Halton,1997,October,1 Bedroom,699.0,a,Excellent,rent_history_3524001_oakville
3524001,Oakville,Halton,1997,October,2 Bedroom,842.0,a,Excellent,rent_history_3524001_oakville
3524001,Oakville,Halton,1997,October,3 Bedroom,1023.0,a,Excellent,rent_history_3524001_oakville
3524001,Oakville,Halton,1997,October,Studio,523.0,a,Excellent,rent_history_3524001_oakville
3524001,Oakville,Halton,1997,October,Total,816.0,a,Excellent,rent_history_3524001_oakville
3524001,Oakville,Halton,1998,October,1 Bedroom,765.0,a,Excellent,rent_history_3524001_oakville
3524001,Oakville,Halton,1998,October,2 Bedroom,919.0,a,Excellent,rent_history_3524001_oakville
3524001,Oakville,Halton,1998,October,3 Bedroom,1091.0,a,Excellent,rent_history_3524001_oakville
3524001,Oakville,Halton,1998,October,Studio,593.0,a,Excellent,rent_history_3524001_oakville
3524001,Oakville,Halton,1998,October,Total,886.0,a,Excellent,rent_history_3524001_oakville
3524001,Oakville,Halton,1999,October,1 Bedroom,806.0,a,Excellent,rent_history_3524001_oakville
3524001,Oakville,Halton,1999,October,2 Bedroom,916.0,a,Excellent,rent_history_3524001_oakville
3524001,Oakville,Halton,1999,October,3 Bedroom,1121.0,c,Good,rent_history_3524001_oakville
3524001,Oakville,Halton,1999,October,Studio,622.0,a,Excellent,rent_history_3524001_oakville
3524001,Oakville,Halton,1999,October,Total,905.0,a,Excellent,rent_history_3524001_oakville
3524001,Oakville,Halton,2000,October,1 Bedroom,840.0,a,Excellent,rent_history_3524001_oakville
3524001,Oakville,Halton,2000,October,2 Bedroom,973.0,a,Excellent,rent_history_3524001_oakville
3524001,Oakville,Halton,2000,October,3 Bedroom,1145.0,a,Excellent,rent_history_3524001_oakville
3524001,Oakville,Halton,2000,October,Studio,653.0,a,Excellent,rent_history_3524001_oakville
3524001,Oakville,Halton,2000,October,Total,945.0,a,Excellent,rent_history_3524001_oakville
3524001,Oakville,Halton,2001,October,1 Bedroom,864.0,a,Excellent,rent_history_3524001_oakville
3524001,Oakville,Halton,2001,October,2 Bedroom,1032.0,a,Excellent,rent_history_3524001_oakville
3524001,Oakville,Halton,2001,October,3 Bedroom,1152.0,b,Very good,rent_history_3524001_oakville
3524001,Oakville,Halton,2001,October,Studio,666.0,a,Excellent,rent_history_3524001_oakville
3524001,Oakville,Halton,2001,October,Total,983.0,a,Excellent,rent_history_3524001_oakville
3524001,Oakville,Halton,2002,October,1 Bedroom,898.0,a,Excellent,rent_history_3524001_oakville
3524001,Oakville,Halton,2002,October,2 Bedroom,1043.0,a,Excellent,rent_history_3524001_oakville
3524001,Oakville,Halton,2002,October,3 Bedroom,1241.0,a,Excellent,rent_history_3524001_oakville
3524001,Oakville,Halton,2002,October,Studio,703.0,a,Excellent,rent_history_3524001_oakville
3524001,Oakville,Halton,2002,October,Total,1010.0,a,Excellent,rent_history_3524001_oakville
3524001,Oakville,Halton,2003,October,1 Bedroom,917.0,a,Excellent,rent_history_3524001_oakville
3524001,Oakville,Halton,2003,October,2 Bedroom,1058.0,a,Excellent,rent_history_3524001_oakville
3524001,Oakville,Halton,2003,October,3 Bedroom,1249.0,a,Excellent,rent_history_3524001_oakville
3524001,Oakville,Halton,2003,October,Studio,703.0,a,Excellent,rent_history_3524001_oakville
3524001,Oakville,Halton,2003,October,Total,1039.0,a,Excellent,rent_history_3524001_oakville
3524001,Oakville,Halton,2004,October,1 Bedroom,918.0,a,Excellent,rent_history_3524001_oakville
3524001,Oakville,Halton,2004,October,2 Bedroom,1073.0,a,Excellent,rent_history_3524001_oakville
3524001,Oakville,Halton,2004,October,3 Bedroom,1182.0,a,Excellent,rent_history_3524001_oakville
3524001,Oakville,Halton,2004,October,Studio,724.0,a,Excellent,rent_history_3524001_oakville
3524001,Oakville,Halton,2004,October,Total,1032.0,a,Excellent,rent_history_3524001_oakville
3524001,Oakville,Halton,2005,October,1 Bedroom,905.0,a,Excellent,rent_history_3524001_oakville
3524001,Oakville,Halton,2005,October,2 Bedroom,1064.0,a,Excellent,rent_history_3524001_oakville
3524001,Oakville,Halton,2005,October,3 Bedroom,1227.0,a,Excellent,rent_history_3524001_oakville
3524001,Oakville,Halton,2005,October,Studio,731.0,a,Excellent,rent_history_3524001_oakville
3524001,Oakville,Halton,2005,October,Total,1029.0,a,Excellent,rent_history_3524001_oakville
3524001,Oakville,Halton,2006,October,1 Bedroom,924.0,a,Excellent,rent_history_3524001_oakville
3524001,Oakville,Halton,2006,October,2 Bedroom,1081.0,a,Excellent,rent_history_3524001_oakville
3524001,Oakville,Halton,2006,October,3 Bedroom,1212.0,a,Excellent,rent_history_3524001_oakville
3524001,Oakville,Halton,2006,October,Studio,728.0,a,Excellent,rent_history_3524001_oakville
3524001,Oakville,Halton,2006,October,Total,1053.0,a,Excellent,rent_history_3524001_oakville
3524001,Oakville,Halton,2007,October,1 Bedroom,951.0,a,Excellent,rent_history_3524001_oakville
3524001,Oakville,Halton,2007,October,2 Bedroom,1099.0,a,Excellent,rent_history_3524001_oakville
3524001,Oakville,Halton,2007,October,3 Bedroom,1243.0,a,Excellent,rent_history_3524001_oakville
3524001,Oakville,Halton,2007,October,Studio,755.0,a,Excellent,rent_history_3524001_oakville
3524001,Oakville,Halton,2007,October,Total,1057.0,a,Excellent,rent_history_3524001_oakville
3524001,Oakville,Halton,2008,October,1 Bedroom,953.0,a,Excellent,rent_history_3524001_oakville
3524001,Oakville,Halton,2008,October,2 Bedroom,1126.0,a,Excellent,rent_history_3524001_oakville
3524001,Oakville,Halton,2008,October,3 Bedroom,1240.0,a,Excellent,rent_history_3524001_oakville
3524001,Oakville,Halton,2008,October,Studio,761.0,a,Excellent,rent_history_3524001_oakville
3524001,Oakville,Halton,2008,October,Total,1082.0,a,Excellent,rent_history_3524001_oakville
3524001,Oakville,Halton,2009,October,1 Bedroom,979.0,a,Excellent,rent_history_3524001_oakville
3524001,Oakville,Halton,2009,October,2 Bedroom,1136.0,a,Excellent,rent_history_3524001_oakville
3524001,Oakville,Halton,2009,October,3 Bedroom,1292.0,a,Excellent,rent_history_3524001_oakville
3524001,Oakville,Halton,2009,October,Studio,769.0,a,Excellent,rent_history_3524001_oakville
3524001,Oakville,Halton,2009,October,Total,1102.0,a,Excellent,rent_history_3524001_oakville
3524001,Oakville,Halton,2010,October,1 Bedroom,980.0,a,Excellent,rent_history_3524001_oakville
3524001,Oakville,Halton,2010,October,2 Bedroom,1147.0,a,Excellent,rent_history_3524001_oakville
3524001,Oakville,Halton,2010,October,3 Bedroom,1298.0,a,Excellent,rent_history_3524001_oakville
3524001,Oakville,Halton,2010,October,Studio,790.0,a,Excellent,rent_history_3524001_oakville
3524001,Oakville,Halton,2010,October,Total,1104.0,a,Excellent,rent_history_3524001_oakville
3524001,Oakville,Halton,2011,October,1 Bedroom,997.0,a,Excellent,rent_history_3524001_oakville
3524001,Oakville,Halton,2011,October,2 Bedroom,1177.0,a,Excellent,rent_history_3524001_oakville
3524001,Oakville,Halton,2011,October,3 Bedroom,1345.0,a,Excellent,rent_history_3524001_oakville
3524001,Oakville,Halton,2011,October,Studio,775.0,a,Excellent,rent_history_3524001_oakville
3524001,Oakville,Halton,2011,October,Total,1133.0,a,Excellent,rent_history_3524001_oakville
3524001,Oakville,Halton,2012,October,1 Bedroom,1081.0,a,Excellent,rent_history_3524001_oakville
3524001,Oakville,Halton,2012,October,2 Bedroom,1250.0,a,Excellent,rent_history_3524001_oakville
3524001,Oakville,Halton,2012,October,3 Bedroom,1406.0,a,Excellent,rent_history_3524001_oakville
3524001,Oakville,Halton,2012,October,Studio,855.0,a,Excellent,rent_history_3524001_oakville
3524001,Oakville,Halton,2012,October,Total,1207.0,a,Excellent,rent_history_3524001_oakville
3524001,Oakville,Halton,2013,October,1 Bedroom,1099.0,a,Excellent,rent_history_3524001_oakville
3524001,Oakville,Halton,2013,October,2 Bedroom,1275.0,a,Excellent,rent_history_3524001_oakville
3524001,Oakville,Halton,2013,October,3 Bedroom,1432.0,b,Very good,rent_history_3524001_oakville
3524001,Oakville,Halton,2013,October,Studio,886.0,a,Excellent,rent_history_3524001_oakville
3524001,Oakville,Halton,2013,October,Total,1224.0,a,Excellent,rent_history_3524001_oakville
3524001,Oakville,Halton,2014,October,1 Bedroom,1131.0,a,Excellent,rent_history_3524001_oakville
3524001,Oakville,Halton,2014,October,2 Bedroom,1312.0,a,Excellent,rent_history_3524001_oakville
3524001,Oakville,Halton,2014,October,3 Bedroom,1496.0,a,Excellent,rent_history_3524001_oakville
3524001,Oakville,Halton,2014,October,Studio,912.0,a,Excellent,rent_history_3524001_oakville
3524001,Oakville,Halton,2014,October,Total,1269.0,a,Excellent,rent_history_3524001_oakville
3524001,Oakville,Halton,2015,October,1 Bedroom,1157.0,a,Excellent,rent_history_3524001_oakville
3524001,Oakville,Halton,2015,October,2 Bedroom,1350.0,a,Excellent,rent_history_3524001_oakville
3524001,Oakville,Halton,2015,October,3 Bedroom,1548.0,b,Very good,rent_history_3524001_oakville
3524001,Oakville,Halton,2015,October,Studio,930.0,a,Excellent,rent_history_3524001_oakville
3524001,Oakville,Halton,2015,October,Total,1301.0,a,Excellent,rent_history_3524001_oakville
3524001,Oakville,Halton,2016,October,1 Bedroom,1214.0,a,Excellent,rent_history_3524001_oakville
3524001,Oakville,Halton,2016,October,2 Bedroom,1412.0,a,Excellent,rent_history_3524001_oakville
3524001,Oakville,Halton,2016,October,3 Bedroom,1632.0,b,Very good,rent_history_3524001_oakville
3524001,Oakville,Halton,2016,October,Studio,977.0,b,Very good,rent_history_3524001_oakville
3524001,Oakville,Halton,2016,October,Total,1372.0,a,Excellent,rent_history_3524001_oakville
3524001,Oakville,Halton,2017,October,1 Bedroom,1257.0,a,Excellent,rent_history_3524001_oakville
3524001,Oakville,Halton,2017,October,2 Bedroom,1456.0,a,Excellent,rent_history_3524001_oakville
3524001,Oakville,Halton,2017,October,3 Bedroom,1764.0,b,Very good,rent_history_3524001_oakville
3524001,Oakville,Halton,2017,October,Studio,984.0,a,Excellent,rent_history_3524001_oakville
3524001,Oakville,Halton,2017,October,Total,1421.0,a,Excellent,rent_history_3524001_oakville
3524001,Oakville,Halton,2018,October,1 Bedroom,1310.0,a,Excellent,rent_history_3524001_oakville
3524001,Oakville,Halton,2018,October,2 Bedroom,1498.0,a,Excellent,rent_history_3524001_oakville
3524001,Oakville,Halton,2018,October,3 Bedroom,1719.0,b,Very good,rent_history_3524001_oakville
3524001,Oakville,Halton,2018,October,Studio,1047.0,a,Excellent,rent_history_3524001_oakville
3524001,Oakville,Halton,2018,October,Total,1454.0,a,Excellent,rent_history_3524001_oakville
3524001,Oakville,Halton,2019,October,1 Bedroom,1387.0,a,Excellent,rent_history_3524001_oakville
3524001,Oakville,Halton,2019,October,2 Bedroom,1592.0,a,Excellent,rent_history_3524001_oakville
3524001,Oakville,Halton,2019,October,3 Bedroom,1972.0,a,Excellent,rent_history_3524001_oakville
3524001,Oakville,Halton,2019,October,Studio,1123.0,a,Excellent,rent_history_3524001_oakville
3524001,Oakville,Halton,2019,October,Total,1562.0,a,Excellent,rent_history_3524001_oakville
3524001,Oakville,Halton,2020,October,1 Bedroom,1472.0,a,Excellent,rent_history_3524001_oakville
3524001,Oakville,Halton,2020,October,2 Bedroom,1746.0,a,Excellent,rent_history_3524001_oakville
3524001,Oakville,Halton,2020,October,3 Bedroom,2062.0,a,Excellent,rent_history_3524001_oakville
3524001,Oakville,Halton,2020,October,Studio,1172.0,a,Excellent,rent_history_3524001_oakville
3524001,Oakville,Halton,2020,October,Total,1694.0,a,Excellent,rent_history_3524001_oakville
3524001,Oakville,Halton,2021,October,1 Bedroom,1489.0,a,Excellent,rent_history_3524001_oakville
3524001,Oakville,Halton,2021,October,2 Bedroom,1801.0,a,Excellent,rent_history_3524001_oakville
3524001,Oakville,Halton,2021,October,3 Bedroom,1959.0,a,Excellent,rent_history_3524001_oakville
3524001,Oakville,Halton,2021,October,Studio,1230.0,a,Excellent,rent_history_3524001_oakville
3524001,Oakville,Halton,2021,October,Total,1713.0,a,Excellent,rent_history_3524001_oakville
3524001,Oakville,Halton,2022,October,1 Bedroom,1542.0,a,Excellent,rent_history_3524001_oakville
3524001,Oakville,Halton,2022,October,2 Bedroom,1896.0,a,Excellent,rent_history_3524001_oakville
3524001,Oakville,Halton,2022,October,3 Bedroom,1939.0,a,Excellent,rent_history_3524001_oakville
3524001,Oakville,Halton,2022,October,Studio,1161.0,b,Very good,rent_history_3524001_oakville
3524001,Oakville,Halton,2022,October,Total,1783.0,a,Excellent,rent_history_3524001_oakville
3524001,Oakville,Halton,2023,October,1 Bedroom,1680.0,a,Excellent,rent_history_3524001_oakville
3524001,Oakville,Halton,2023,October,2 Bedroom,1980.0,a,Excellent,rent_history_3524001_oakville
3524001,Oakville,Halton,2023,October,3 Bedroom,2386.0,b,Very good,rent_history_3524001_oakville
3524001,Oakville,Halton,2023,October,Studio,1299.0,c,Good,rent_history_3524001_oakville
3524001,Oakville,Halton,2023,October,Total,1925.0,a,Excellent,rent_history_3524001_oakville
3524001,Oakville,Halton,2024,October,1 Bedroom,1888.0,a,Excellent,rent_history_3524001_oakville
3524001,Oakville,Halton,2024,October,2 Bedroom,2226.0,a,Excellent,rent_history_3524001_oakville
3524001,Oakville,Halton,2024,October,3 Bedroom,2297.0,b,Very good,rent_history_3524001_oakville
3524001,Oakville,Halton,2024,October,Studio,1317.0,a,Excellent,rent_history_3524001_oakville
3524001,Oakville,Halton,2024,October,Total,2116.0,a,Excellent,rent_history_3524001_oakville
3524001,Oakville,Halton,2025,October,1 Bedroom,1915.0,a,Excellent,rent_history_3524001_oakville
3524001,Oakville,Halton,2025,October,2 Bedroom,2309.0,b,Very good,rent_history_3524001_oakville
3524001,Oakville,Halton,2025,October,3 Bedroom,2385.0,b,Very good,rent_history_3524001_oakville
3524001,Oakville,Halton,2025,October,Studio,1477.0,a,Excellent,rent_history_3524001_oakville
3524001,Oakville,Halton,2025,October,Total,2192.0,b,Very good,rent_history_3524001_oakville
3518013,Oshawa,Durham,1990,October,1 Bedroom,517.0,a,Excellent,rent_history_3518013_oshawa
3518013,Oshawa,Durham,1990,October,2 Bedroom,602.0,a,Excellent,rent_history_3518013_oshawa
3518013,Oshawa,Durham,1990,October,3 Bedroom,760.0,a,Excellent,rent_history_3518013_oshawa
3518013,Oshawa,Durham,1990,October,Studio,416.0,a,Excellent,rent_history_3518013_oshawa
3518013,Oshawa,Durham,1990,October,Total,613.0,a,Excellent,rent_history_3518013_oshawa
3518013,Oshawa,Durham,1991,October,1 Bedroom,548.0,a,Excellent,rent_history_3518013_oshawa
3518013,Oshawa,Durham,1991,October,2 Bedroom,637.0,a,Excellent,rent_history_3518013_oshawa
3518013,Oshawa,Durham,1991,October,3 Bedroom,772.0,a,Excellent,rent_history_3518013_oshawa
3518013,Oshawa,Durham,1991,October,Studio,438.0,b,Very good,rent_history_3518013_oshawa
3518013,Oshawa,Durham,1991,October,Total,641.0,a,Excellent,rent_history_3518013_oshawa
3518013,Oshawa,Durham,1992,October,1 Bedroom,552.0,a,Excellent,rent_history_3518013_oshawa
3518013,Oshawa,Durham,1992,October,2 Bedroom,644.0,a,Excellent,rent_history_3518013_oshawa
3518013,Oshawa,Durham,1992,October,3 Bedroom,769.0,a,Excellent,rent_history_3518013_oshawa
3518013,Oshawa,Durham,1992,October,Studio,468.0,a,Excellent,rent_history_3518013_oshawa
3518013,Oshawa,Durham,1992,October,Total,644.0,a,Excellent,rent_history_3518013_oshawa
3518013,Oshawa,Durham,1993,October,1 Bedroom,559.0,a,Excellent,rent_history_3518013_oshawa
3518013,Oshawa,Durham,1993,October,2 Bedroom,659.0,a,Excellent,rent_history_3518013_oshawa
3518013,Oshawa,Durham,1993,October,3 Bedroom,790.0,a,Excellent,rent_history_3518013_oshawa
3518013,Oshawa,Durham,1993,October,Studio,448.0,a,Excellent,rent_history_3518013_oshawa
3518013,Oshawa,Durham,1993,October,Total,658.0,a,Excellent,rent_history_3518013_oshawa
3518013,Oshawa,Durham,1994,October,1 Bedroom,573.0,a,Excellent,rent_history_3518013_oshawa
3518013,Oshawa,Durham,1994,October,2 Bedroom,657.0,a,Excellent,rent_history_3518013_oshawa
3518013,Oshawa,Durham,1994,October,3 Bedroom,781.0,a,Excellent,rent_history_3518013_oshawa
3518013,Oshawa,Durham,1994,October,Studio,453.0,a,Excellent,rent_history_3518013_oshawa
3518013,Oshawa,Durham,1994,October,Total,660.0,a,Excellent,rent_history_3518013_oshawa
3518013,Oshawa,Durham,1995,October,1 Bedroom,588.0,a,Excellent,rent_history_3518013_oshawa
3518013,Oshawa,Durham,1995,October,2 Bedroom,684.0,a,Excellent,rent_history_3518013_oshawa
3518013,Oshawa,Durham,1995,October,3 Bedroom,807.0,a,Excellent,rent_history_3518013_oshawa
3518013,Oshawa,Durham,1995,October,Studio,470.0,a,Excellent,rent_history_3518013_oshawa
3518013,Oshawa,Durham,1995,October,Total,682.0,a,Excellent,rent_history_3518013_oshawa
3518013,Oshawa,Durham,1996,October,1 Bedroom,603.0,a,Excellent,rent_history_3518013_oshawa
3518013,Oshawa,Durham,1996,October,2 Bedroom,694.0,a,Excellent,rent_history_3518013_oshawa
3518013,Oshawa,Durham,1996,October,3 Bedroom,830.0,a,Excellent,rent_history_3518013_oshawa
3518013,Oshawa,Durham,1996,October,Studio,464.0,a,Excellent,rent_history_3518013_oshawa
3518013,Oshawa,Durham,1996,October,Total,689.0,a,Excellent,rent_history_3518013_oshawa
3518013,Oshawa,Durham,1997,October,1 Bedroom,589.0,a,Excellent,rent_history_3518013_oshawa
3518013,Oshawa,Durham,1997,October,2 Bedroom,683.0,a,Excellent,rent_history_3518013_oshawa
3518013,Oshawa,Durham,1997,October,3 Bedroom,813.0,a,Excellent,rent_history_3518013_oshawa
3518013,Oshawa,Durham,1997,October,Studio,466.0,a,Excellent,rent_history_3518013_oshawa
3518013,Oshawa,Durham,1997,October,Total,677.0,a,Excellent,rent_history_3518013_oshawa
3518013,Oshawa,Durham,1998,October,1 Bedroom,636.0,a,Excellent,rent_history_3518013_oshawa
3518013,Oshawa,Durham,1998,October,2 Bedroom,721.0,a,Excellent,rent_history_3518013_oshawa
3518013,Oshawa,Durham,1998,October,3 Bedroom,849.0,a,Excellent,rent_history_3518013_oshawa
3518013,Oshawa,Durham,1998,October,Studio,504.0,a,Excellent,rent_history_3518013_oshawa
3518013,Oshawa,Durham,1998,October,Total,717.0,a,Excellent,rent_history_3518013_oshawa
3518013,Oshawa,Durham,1999,October,1 Bedroom,638.0,a,Excellent,rent_history_3518013_oshawa
3518013,Oshawa,Durham,1999,October,2 Bedroom,738.0,a,Excellent,rent_history_3518013_oshawa
3518013,Oshawa,Durham,1999,October,3 Bedroom,859.0,a,Excellent,rent_history_3518013_oshawa
3518013,Oshawa,Durham,1999,October,Studio,495.0,a,Excellent,rent_history_3518013_oshawa
3518013,Oshawa,Durham,1999,October,Total,730.0,a,Excellent,rent_history_3518013_oshawa
3518013,Oshawa,Durham,2000,October,1 Bedroom,665.0,a,Excellent,rent_history_3518013_oshawa
3518013,Oshawa,Durham,2000,October,2 Bedroom,762.0,a,Excellent,rent_history_3518013_oshawa
3518013,Oshawa,Durham,2000,October,3 Bedroom,883.0,a,Excellent,rent_history_3518013_oshawa
3518013,Oshawa,Durham,2000,October,Studio,502.0,a,Excellent,rent_history_3518013_oshawa
3518013,Oshawa,Durham,2000,October,Total,756.0,a,Excellent,rent_history_3518013_oshawa
3518013,Oshawa,Durham,2001,October,1 Bedroom,678.0,a,Excellent,rent_history_3518013_oshawa
3518013,Oshawa,Durham,2001,October,2 Bedroom,784.0,a,Excellent,rent_history_3518013_oshawa
3518013,Oshawa,Durham,2001,October,3 Bedroom,915.0,a,Excellent,rent_history_3518013_oshawa
3518013,Oshawa,Durham,2001,October,Studio,534.0,a,Excellent,rent_history_3518013_oshawa
3518013,Oshawa,Durham,2001,October,Total,774.0,a,Excellent,rent_history_3518013_oshawa
3518013,Oshawa,Durham,2002,October,1 Bedroom,685.0,a,Excellent,rent_history_3518013_oshawa
3518013,Oshawa,Durham,2002,October,2 Bedroom,803.0,a,Excellent,rent_history_3518013_oshawa
3518013,Oshawa,Durham,2002,October,3 Bedroom,943.0,a,Excellent,rent_history_3518013_oshawa
3518013,Oshawa,Durham,2002,October,Studio,551.0,a,Excellent,rent_history_3518013_oshawa
3518013,Oshawa,Durham,2002,October,Total,793.0,a,Excellent,rent_history_3518013_oshawa
3518013,Oshawa,Durham,2003,October,1 Bedroom,726.0,a,Excellent,rent_history_3518013_oshawa
3518013,Oshawa,Durham,2003,October,2 Bedroom,831.0,a,Excellent,rent_history_3518013_oshawa
3518013,Oshawa,Durham,2003,October,3 Bedroom,937.0,a,Excellent,rent_history_3518013_oshawa
3518013,Oshawa,Durham,2003,October,Studio,578.0,a,Excellent,rent_history_3518013_oshawa
3518013,Oshawa,Durham,2003,October,Total,819.0,a,Excellent,rent_history_3518013_oshawa
3518013,Oshawa,Durham,2004,October,1 Bedroom,740.0,a,Excellent,rent_history_3518013_oshawa
3518013,Oshawa,Durham,2004,October,2 Bedroom,846.0,a,Excellent,rent_history_3518013_oshawa
3518013,Oshawa,Durham,2004,October,3 Bedroom,991.0,a,Excellent,rent_history_3518013_oshawa
3518013,Oshawa,Durham,2004,October,Studio,594.0,a,Excellent,rent_history_3518013_oshawa
3518013,Oshawa,Durham,2004,October,Total,838.0,a,Excellent,rent_history_3518013_oshawa
3518013,Oshawa,Durham,2005,October,1 Bedroom,732.0,a,Excellent,rent_history_3518013_oshawa
3518013,Oshawa,Durham,2005,October,2 Bedroom,844.0,a,Excellent,rent_history_3518013_oshawa
3518013,Oshawa,Durham,2005,October,3 Bedroom,1011.0,a,Excellent,rent_history_3518013_oshawa
3518013,Oshawa,Durham,2005,October,Studio,589.0,a,Excellent,rent_history_3518013_oshawa
3518013,Oshawa,Durham,2005,October,Total,833.0,a,Excellent,rent_history_3518013_oshawa
3518013,Oshawa,Durham,2006,October,1 Bedroom,736.0,a,Excellent,rent_history_3518013_oshawa
3518013,Oshawa,Durham,2006,October,2 Bedroom,850.0,a,Excellent,rent_history_3518013_oshawa
3518013,Oshawa,Durham,2006,October,3 Bedroom,1053.0,a,Excellent,rent_history_3518013_oshawa
3518013,Oshawa,Durham,2006,October,Studio,599.0,a,Excellent,rent_history_3518013_oshawa
3518013,Oshawa,Durham,2006,October,Total,845.0,a,Excellent,rent_history_3518013_oshawa
3518013,Oshawa,Durham,2007,October,1 Bedroom,754.0,a,Excellent,rent_history_3518013_oshawa
3518013,Oshawa,Durham,2007,October,2 Bedroom,868.0,a,Excellent,rent_history_3518013_oshawa
3518013,Oshawa,Durham,2007,October,3 Bedroom,1016.0,a,Excellent,rent_history_3518013_oshawa
3518013,Oshawa,Durham,2007,October,Studio,601.0,a,Excellent,rent_history_3518013_oshawa
3518013,Oshawa,Durham,2007,October,Total,856.0,a,Excellent,rent_history_3518013_oshawa
3518013,Oshawa,Durham,2008,October,1 Bedroom,773.0,a,Excellent,rent_history_3518013_oshawa
3518013,Oshawa,Durham,2008,October,2 Bedroom,878.0,a,Excellent,rent_history_3518013_oshawa
3518013,Oshawa,Durham,2008,October,3 Bedroom,1058.0,a,Excellent,rent_history_3518013_oshawa
3518013,Oshawa,Durham,2008,October,Studio,628.0,a,Excellent,rent_history_3518013_oshawa
3518013,Oshawa,Durham,2008,October,Total,870.0,a,Excellent,rent_history_3518013_oshawa
3518013,Oshawa,Durham,2009,October,1 Bedroom,764.0,a,Excellent,rent_history_3518013_oshawa
3518013,Oshawa,Durham,2009,October,2 Bedroom,888.0,a,Excellent,rent_history_3518013_oshawa
3518013,Oshawa,Durham,2009,October,3 Bedroom,1066.0,a,Excellent,rent_history_3518013_oshawa
3518013,Oshawa,Durham,2009,October,Studio,611.0,a,Excellent,rent_history_3518013_oshawa
3518013,Oshawa,Durham,2009,October,Total,875.0,a,Excellent,rent_history_3518013_oshawa
3518013,Oshawa,Durham,2010,October,1 Bedroom,787.0,a,Excellent,rent_history_3518013_oshawa
3518013,Oshawa,Durham,2010,October,2 Bedroom,892.0,a,Excellent,rent_history_3518013_oshawa
3518013,Oshawa,Durham,2010,October,3 Bedroom,1075.0,a,Excellent,rent_history_3518013_oshawa
3518013,Oshawa,Durham,2010,October,Studio,641.0,a,Excellent,rent_history_3518013_oshawa
3518013,Oshawa,Durham,2010,October,Total,886.0,a,Excellent,rent_history_3518013_oshawa
3518013,Oshawa,Durham,2011,October,1 Bedroom,802.0,a,Excellent,rent_history_3518013_oshawa
3518013,Oshawa,Durham,2011,October,2 Bedroom,924.0,a,Excellent,rent_history_3518013_oshawa
3518013,Oshawa,Durham,2011,October,3 Bedroom,1110.0,a,Excellent,rent_history_3518013_oshawa
3518013,Oshawa,Durham,2011,October,Studio,653.0,a,Excellent,rent_history_3518013_oshawa
3518013,Oshawa,Durham,2011,October,Total,912.0,a,Excellent,rent_history_3518013_oshawa
3518013,Oshawa,Durham,2012,October,1 Bedroom,817.0,a,Excellent,rent_history_3518013_oshawa
3518013,Oshawa,Durham,2012,October,2 Bedroom,926.0,a,Excellent,rent_history_3518013_oshawa
3518013,Oshawa,Durham,2012,October,3 Bedroom,1112.0,a,Excellent,rent_history_3518013_oshawa
3518013,Oshawa,Durham,2012,October,Studio,645.0,a,Excellent,rent_history_3518013_oshawa
3518013,Oshawa,Durham,2012,October,Total,919.0,a,Excellent,rent_history_3518013_oshawa
3518013,Oshawa,Durham,2013,October,1 Bedroom,857.0,a,Excellent,rent_history_3518013_oshawa
3518013,Oshawa,Durham,2013,October,2 Bedroom,981.0,a,Excellent,rent_history_3518013_oshawa
3518013,Oshawa,Durham,2013,October,3 Bedroom,1191.0,a,Excellent,rent_history_3518013_oshawa
3518013,Oshawa,Durham,2013,October,Studio,680.0,a,Excellent,rent_history_3518013_oshawa
3518013,Oshawa,Durham,2013,October,Total,976.0,a,Excellent,rent_history_3518013_oshawa
3518013,Oshawa,Durham,2014,October,1 Bedroom,858.0,a,Excellent,rent_history_3518013_oshawa
3518013,Oshawa,Durham,2014,October,2 Bedroom,1002.0,a,Excellent,rent_history_3518013_oshawa
3518013,Oshawa,Durham,2014,October,3 Bedroom,1212.0,a,Excellent,rent_history_3518013_oshawa
3518013,Oshawa,Durham,2014,October,Studio,680.0,a,Excellent,rent_history_3518013_oshawa
3518013,Oshawa,Durham,2014,October,Total,994.0,a,Excellent,rent_history_3518013_oshawa
3518013,Oshawa,Durham,2015,October,1 Bedroom,880.0,a,Excellent,rent_history_3518013_oshawa
3518013,Oshawa,Durham,2015,October,2 Bedroom,1028.0,a,Excellent,rent_history_3518013_oshawa
3518013,Oshawa,Durham,2015,October,3 Bedroom,1236.0,a,Excellent,rent_history_3518013_oshawa
3518013,Oshawa,Durham,2015,October,Studio,723.0,a,Excellent,rent_history_3518013_oshawa
3518013,Oshawa,Durham,2015,October,Total,1021.0,a,Excellent,rent_history_3518013_oshawa
3518013,Oshawa,Durham,2016,October,1 Bedroom,972.0,a,Excellent,rent_history_3518013_oshawa
3518013,Oshawa,Durham,2016,October,2 Bedroom,1124.0,a,Excellent,rent_history_3518013_oshawa
3518013,Oshawa,Durham,2016,October,3 Bedroom,1295.0,a,Excellent,rent_history_3518013_oshawa
3518013,Oshawa,Durham,2016,October,Studio,752.0,a,Excellent,rent_history_3518013_oshawa
3518013,Oshawa,Durham,2016,October,Total,1104.0,a,Excellent,rent_history_3518013_oshawa
3518013,Oshawa,Durham,2017,October,1 Bedroom,1048.0,a,Excellent,rent_history_3518013_oshawa
3518013,Oshawa,Durham,2017,October,2 Bedroom,1190.0,a,Excellent,rent_history_3518013_oshawa
3518013,Oshawa,Durham,2017,October,3 Bedroom,1331.0,a,Excellent,rent_history_3518013_oshawa
3518013,Oshawa,Durham,2017,October,Studio,789.0,b,Very good,rent_history_3518013_oshawa
3518013,Oshawa,Durham,2017,October,Total,1164.0,a,Excellent,rent_history_3518013_oshawa
3518013,Oshawa,Durham,2018,October,1 Bedroom,1204.0,b,Very good,rent_history_3518013_oshawa
3518013,Oshawa,Durham,2018,October,2 Bedroom,1275.0,a,Excellent,rent_history_3518013_oshawa
3518013,Oshawa,Durham,2018,October,3 Bedroom,1432.0,a,Excellent,rent_history_3518013_oshawa
3518013,Oshawa,Durham,2018,October,Studio,827.0,a,Excellent,rent_history_3518013_oshawa
3518013,Oshawa,Durham,2018,October,Total,1267.0,a,Excellent,rent_history_3518013_oshawa
3518013,Oshawa,Durham,2019,October,1 Bedroom,1164.0,a,Excellent,rent_history_3518013_oshawa
3518013,Oshawa,Durham,2019,October,2 Bedroom,1268.0,a,Excellent,rent_history_3518013_oshawa
3518013,Oshawa,Durham,2019,October,3 Bedroom,1477.0,a,Excellent,rent_history_3518013_oshawa
3518013,Oshawa,Durham,2019,October,Studio,838.0,a,Excellent,rent_history_3518013_oshawa
3518013,Oshawa,Durham,2019,October,Total,1259.0,a,Excellent,rent_history_3518013_oshawa
3518013,Oshawa,Durham,2020,October,1 Bedroom,1162.0,a,Excellent,rent_history_3518013_oshawa
3518013,Oshawa,Durham,2020,October,2 Bedroom,1360.0,a,Excellent,rent_history_3518013_oshawa
3518013,Oshawa,Durham,2020,October,3 Bedroom,1637.0,b,Very good,rent_history_3518013_oshawa
3518013,Oshawa,Durham,2020,October,Studio,900.0,b,Very good,rent_history_3518013_oshawa
3518013,Oshawa,Durham,2020,October,Total,1333.0,a,Excellent,rent_history_3518013_oshawa
3518013,Oshawa,Durham,2021,October,1 Bedroom,1288.0,a,Excellent,rent_history_3518013_oshawa
3518013,Oshawa,Durham,2021,October,2 Bedroom,1441.0,a,Excellent,rent_history_3518013_oshawa
3518013,Oshawa,Durham,2021,October,3 Bedroom,1696.0,a,Excellent,rent_history_3518013_oshawa
3518013,Oshawa,Durham,2021,October,Studio,1014.0,a,Excellent,rent_history_3518013_oshawa
3518013,Oshawa,Durham,2021,October,Total,1431.0,a,Excellent,rent_history_3518013_oshawa
3518013,Oshawa,Durham,2022,October,1 Bedroom,1290.0,b,Very good,rent_history_3518013_oshawa
3518013,Oshawa,Durham,2022,October,2 Bedroom,1492.0,a,Excellent,rent_history_3518013_oshawa
3518013,Oshawa,Durham,2022,October,3 Bedroom,1969.0,a,Excellent,rent_history_3518013_oshawa
3518013,Oshawa,Durham,2022,October,Studio,1124.0,b,Very good,rent_history_3518013_oshawa
3518013,Oshawa,Durham,2022,October,Total,1491.0,a,Excellent,rent_history_3518013_oshawa
3518013,Oshawa,Durham,2023,October,1 Bedroom,1425.0,a,Excellent,rent_history_3518013_oshawa
3518013,Oshawa,Durham,2023,October,2 Bedroom,1665.0,a,Excellent,rent_history_3518013_oshawa
3518013,Oshawa,Durham,2023,October,3 Bedroom,2172.0,a,Excellent,rent_history_3518013_oshawa
3518013,Oshawa,Durham,2023,October,Studio,1068.0,b,Very good,rent_history_3518013_oshawa
3518013,Oshawa,Durham,2023,October,Total,1678.0,a,Excellent,rent_history_3518013_oshawa
3518013,Oshawa,Durham,2024,October,1 Bedroom,1636.0,b,Very good,rent_history_3518013_oshawa
3518013,Oshawa,Durham,2024,October,2 Bedroom,1702.0,a,Excellent,rent_history_3518013_oshawa
3518013,Oshawa,Durham,2024,October,3 Bedroom,2074.0,b,Very good,rent_history_3518013_oshawa
3518013,Oshawa,Durham,2024,October,Studio,1274.0,b,Very good,rent_history_3518013_oshawa
3518013,Oshawa,Durham,2024,October,Total,1722.0,a,Excellent,rent_history_3518013_oshawa
3518013,Oshawa,Durham,2025,October,1 Bedroom,1598.0,a,Excellent,rent_history_3518013_oshawa
3518013,Oshawa,Durham,2025,October,2 Bedroom,1780.0,a,Excellent,rent_history_3518013_oshawa
3518013,Oshawa,Durham,2025,October,3 Bedroom,2228.0,b,Very good,rent_history_3518013_oshawa
3518013,Oshawa,Durham,2025,October,Studio,1318.0,b,Very good,rent_history_3518013_oshawa
3518013,Oshawa,Durham,2025,October,Total,1777.0,a,Excellent,rent_history_3518013_oshawa
3518001,Pickering,Durham,1990,October,3 Bedroom,940.0,a,Excellent,rent_history_3518001_pickering
3518001,Pickering,Durham,1990,October,Total,928.0,a,Excellent,rent_history_3518001_pickering
3518001,Pickering,Durham,1991,October,1 Bedroom,964.0,a,Excellent,rent_history_3518001_pickering
3518001,Pickering,Durham,1991,October,2 Bedroom,1010.0,a,Excellent,rent_history_3518001_pickering
3518001,Pickering,Durham,1991,October,3 Bedroom,940.0,a,Excellent,rent_history_3518001_pickering
3518001,Pickering,Durham,1991,October,Total,953.0,a,Excellent,rent_history_3518001_pickering
3518001,Pickering,Durham,1992,October,1 Bedroom,900.0,a,Excellent,rent_history_3518001_pickering
3518001,Pickering,Durham,1992,October,2 Bedroom,1033.0,a,Excellent,rent_history_3518001_pickering
3518001,Pickering,Durham,1992,October,3 Bedroom,807.0,a,Excellent,rent_history_3518001_pickering
3518001,Pickering,Durham,1992,October,Total,838.0,a,Excellent,rent_history_3518001_pickering
3518001,Pickering,Durham,1993,October,1 Bedroom,885.0,a,Excellent,rent_history_3518001_pickering
3518001,Pickering,Durham,1993,October,2 Bedroom,1167.0,a,Excellent,rent_history_3518001_pickering
3518001,Pickering,Durham,1993,October,3 Bedroom,803.0,a,Excellent,rent_history_3518001_pickering
3518001,Pickering,Durham,1993,October,Total,854.0,a,Excellent,rent_history_3518001_pickering
3518001,Pickering,Durham,1994,October,1 Bedroom,829.0,a,Excellent,rent_history_3518001_pickering
3518001,Pickering,Durham,1994,October,3 Bedroom,808.0,a,Excellent,rent_history_3518001_pickering
3518001,Pickering,Durham,1994,October,Total,833.0,a,Excellent,rent_history_3518001_pickering
3518001,Pickering,Durham,1995,October,1 Bedroom,805.0,a,Excellent,rent_history_3518001_pickering
3518001,Pickering,Durham,1995,October,3 Bedroom,875.0,a,Excellent,rent_history_3518001_pickering
3518001,Pickering,Durham,1995,October,Total,879.0,a,Excellent,rent_history_3518001_pickering
3518001,Pickering,Durham,1996,October,1 Bedroom,804.0,a,Excellent,rent_history_3518001_pickering
3518001,Pickering,Durham,1996,October,2 Bedroom,941.0,a,Excellent,rent_history_3518001_pickering
3518001,Pickering,Durham,1996,October,3 Bedroom,879.0,a,Excellent,rent_history_3518001_pickering
3518001,Pickering,Durham,1996,October,Total,871.0,a,Excellent,rent_history_3518001_pickering
3518001,Pickering,Durham,1997,October,3 Bedroom,893.0,a,Excellent,rent_history_3518001_pickering
3518001,Pickering,Durham,1997,October,Total,891.0,a,Excellent,rent_history_3518001_pickering
3518001,Pickering,Durham,1998,October,3 Bedroom,942.0,a,Excellent,rent_history_3518001_pickering
3518001,Pickering,Durham,1998,October,Total,932.0,a,Excellent,rent_history_3518001_pickering
3518001,Pickering,Durham,1999,October,3 Bedroom,970.0,a,Excellent,rent_history_3518001_pickering
3518001,Pickering,Durham,1999,October,Total,958.0,a,Excellent,rent_history_3518001_pickering
3518001,Pickering,Durham,2000,October,3 Bedroom,1030.0,a,Excellent,rent_history_3518001_pickering
3518001,Pickering,Durham,2000,October,Total,1017.0,a,Excellent,rent_history_3518001_pickering
3518001,Pickering,Durham,2001,October,3 Bedroom,1068.0,a,Excellent,rent_history_3518001_pickering
3518001,Pickering,Durham,2001,October,Total,1054.0,a,Excellent,rent_history_3518001_pickering
3518001,Pickering,Durham,2002,October,3 Bedroom,1129.0,a,Excellent,rent_history_3518001_pickering
3518001,Pickering,Durham,2002,October,Total,1117.0,a,Excellent,rent_history_3518001_pickering
3518001,Pickering,Durham,2003,October,Total,1098.0,d,Poor - use with caution,rent_history_3518001_pickering
3518001,Pickering,Durham,2004,October,3 Bedroom,1100.0,a,Excellent,rent_history_3518001_pickering
3518001,Pickering,Durham,2004,October,Total,1088.0,a,Excellent,rent_history_3518001_pickering
3518001,Pickering,Durham,2005,October,3 Bedroom,1170.0,a,Excellent,rent_history_3518001_pickering
3518001,Pickering,Durham,2005,October,Total,1160.0,a,Excellent,rent_history_3518001_pickering
3518001,Pickering,Durham,2006,October,3 Bedroom,1165.0,a,Excellent,rent_history_3518001_pickering
3518001,Pickering,Durham,2006,October,Total,1155.0,a,Excellent,rent_history_3518001_pickering
3518001,Pickering,Durham,2007,October,3 Bedroom,1136.0,a,Excellent,rent_history_3518001_pickering
3518001,Pickering,Durham,2007,October,Total,1135.0,a,Excellent,rent_history_3518001_pickering
3518001,Pickering,Durham,2008,October,3 Bedroom,1144.0,a,Excellent,rent_history_3518001_pickering
3518001,Pickering,Durham,2008,October,Total,1143.0,a,Excellent,rent_history_3518001_pickering
3518001,Pickering,Durham,2009,October,3 Bedroom,1159.0,a,Excellent,rent_history_3518001_pickering
3518001,Pickering,Durham,2009,October,Total,1158.0,a,Excellent,rent_history_3518001_pickering
3518001,Pickering,Durham,2010,October,3 Bedroom,1178.0,a,Excellent,rent_history_3518001_pickering
3518001,Pickering,Durham,2010,October,Total,1171.0,a,Excellent,rent_history_3518001_pickering
3518001,Pickering,Durham,2011,October,3 Bedroom,1182.0,a,Excellent,rent_history_3518001_pickering
3518001,Pickering,Durham,2011,October,Total,1178.0,a,Excellent,rent_history_3518001_pickering
3518001,Pickering,Durham,2012,October,3 Bedroom,1217.0,a,Excellent,rent_history_3518001_pickering
3518001,Pickering,Durham,2012,October,Total,1210.0,a,Excellent,rent_history_3518001_pickering
3518001,Pickering,Durham,2013,October,3 Bedroom,1246.0,a,Excellent,rent_history_3518001_pickering
3518001,Pickering,Durham,2013,October,Total,1240.0,a,Excellent,rent_history_3518001_pickering
3518001,Pickering,Durham,2014,October,3 Bedroom,1254.0,a,Excellent,rent_history_3518001_pickering
3518001,Pickering,Durham,2014,October,Total,1247.0,a,Excellent,rent_history_3518001_pickering
3518001,Pickering,Durham,2015,October,3 Bedroom,1300.0,a,Excellent,rent_history_3518001_pickering
3518001,Pickering,Durham,2015,October,Total,1289.0,a,Excellent,rent_history_3518001_pickering
3518001,Pickering,Durham,2016,October,3 Bedroom,1313.0,a,Excellent,rent_history_3518001_pickering
3518001,Pickering,Durham,2016,October,Total,1306.0,a,Excellent,rent_history_3518001_pickering
3518001,Pickering,Durham,2017,October,3 Bedroom,1349.0,a,Excellent,rent_history_3518001_pickering
3518001,Pickering,Durham,2017,October,Total,1341.0,a,Excellent,rent_history_3518001_pickering
3518001,Pickering,Durham,2018,October,3 Bedroom,1414.0,a,Excellent,rent_history_3518001_pickering
3518001,Pickering,Durham,2018,October,Total,1395.0,a,Excellent,rent_history_3518001_pickering
3518001,Pickering,Durham,2019,October,3 Bedroom,1481.0,a,Excellent,rent_history_3518001_pickering
3518001,Pickering,Durham,2019,October,Total,1468.0,a,Excellent,rent_history_3518001_pickering
3518001,Pickering,Durham,2020,October,3 Bedroom,1537.0,a,Excellent,rent_history_3518001_pickering
3518001,Pickering,Durham,2020,October,Total,1521.0,a,Excellent,rent_history_3518001_pickering
3518001,Pickering,Durham,2021,October,3 Bedroom,1564.0,a,Excellent,rent_history_3518001_pickering
3518001,Pickering,Durham,2021,October,Total,1563.0,a,Excellent,rent_history_3518001_pickering
3518001,Pickering,Durham,2022,October,3 Bedroom,1611.0,a,Excellent,rent_history_3518001_pickering
3518001,Pickering,Durham,2022,October,Total,1599.0,a,Excellent,rent_history_3518001_pickering
3518001,Pickering,Durham,2023,October,3 Bedroom,1848.0,a,Excellent,rent_history_3518001_pickering
3518001,Pickering,Durham,2023,October,Total,1846.0,a,Excellent,rent_history_3518001_pickering
3518001,Pickering,Durham,2024,October,3 Bedroom,1749.0,a,Excellent,rent_history_3518001_pickering
3518001,Pickering,Durham,2024,October,Total,1747.0,a,Excellent,rent_history_3518001_pickering
3518001,Pickering,Durham,2025,October,3 Bedroom,1828.0,a,Excellent,rent_history_3518001_pickering
3518001,Pickering,Durham,2025,October,Total,1826.0,a,Excellent,rent_history_3518001_pickering
3519038,Richmond Hill,York,1990,October,1 Bedroom,543.0,a,Excellent,rent_history_3519038_richmond_hill
3519038,Richmond Hill,York,1990,October,2 Bedroom,636.0,a,Excellent,rent_history_3519038_richmond_hill
3519038,Richmond Hill,York,1990,October,3 Bedroom,799.0,a,Excellent,rent_history_3519038_richmond_hill
3519038,Richmond Hill,York,1990,October,Studio,456.0,a,Excellent,rent_history_3519038_richmond_hill
3519038,Richmond Hill,York,1990,October,Total,601.0,a,Excellent,rent_history_3519038_richmond_hill
3519038,Richmond Hill,York,1991,October,1 Bedroom,551.0,b,Very good,rent_history_3519038_richmond_hill
3519038,Richmond Hill,York,1991,October,2 Bedroom,641.0,a,Excellent,rent_history_3519038_richmond_hill
3519038,Richmond Hill,York,1991,October,3 Bedroom,833.0,c,Good,rent_history_3519038_richmond_hill
3519038,Richmond Hill,York,1991,October,Studio,480.0,c,Good,rent_history_3519038_richmond_hill
3519038,Richmond Hill,York,1991,October,Total,610.0,a,Excellent,rent_history_3519038_richmond_hill
3519038,Richmond Hill,York,1992,October,1 Bedroom,579.0,a,Excellent,rent_history_3519038_richmond_hill
3519038,Richmond Hill,York,1992,October,2 Bedroom,686.0,a,Excellent,rent_history_3519038_richmond_hill
3519038,Richmond Hill,York,1992,October,3 Bedroom,868.0,a,Excellent,rent_history_3519038_richmond_hill
3519038,Richmond Hill,York,1992,October,Studio,517.0,a,Excellent,rent_history_3519038_richmond_hill
3519038,Richmond Hill,York,1992,October,Total,648.0,a,Excellent,rent_history_3519038_richmond_hill
3519038,Richmond Hill,York,1993,October,1 Bedroom,613.0,a,Excellent,rent_history_3519038_richmond_hill
3519038,Richmond Hill,York,1993,October,2 Bedroom,707.0,a,Excellent,rent_history_3519038_richmond_hill
3519038,Richmond Hill,York,1993,October,3 Bedroom,865.0,a,Excellent,rent_history_3519038_richmond_hill
3519038,Richmond Hill,York,1993,October,Studio,528.0,a,Excellent,rent_history_3519038_richmond_hill
3519038,Richmond Hill,York,1993,October,Total,670.0,a,Excellent,rent_history_3519038_richmond_hill
3519038,Richmond Hill,York,1994,October,1 Bedroom,641.0,a,Excellent,rent_history_3519038_richmond_hill
3519038,Richmond Hill,York,1994,October,2 Bedroom,731.0,a,Excellent,rent_history_3519038_richmond_hill
3519038,Richmond Hill,York,1994,October,3 Bedroom,906.0,a,Excellent,rent_history_3519038_richmond_hill
3519038,Richmond Hill,York,1994,October,Studio,545.0,a,Excellent,rent_history_3519038_richmond_hill
3519038,Richmond Hill,York,1994,October,Total,697.0,a,Excellent,rent_history_3519038_richmond_hill
3519038,Richmond Hill,York,1995,October,1 Bedroom,651.0,a,Excellent,rent_history_3519038_richmond_hill
3519038,Richmond Hill,York,1995,October,2 Bedroom,749.0,a,Excellent,rent_history_3519038_richmond_hill
3519038,Richmond Hill,York,1995,October,3 Bedroom,937.0,a,Excellent,rent_history_3519038_richmond_hill
3519038,Richmond Hill,York,1995,October,Studio,545.0,a,Excellent,rent_history_3519038_richmond_hill
3519038,Richmond Hill,York,1995,October,Total,712.0,a,Excellent,rent_history_3519038_richmond_hill
3519038,Richmond Hill,York,1996,October,1 Bedroom,676.0,a,Excellent,rent_history_3519038_richmond_hill
3519038,Richmond Hill,York,1996,October,2 Bedroom,772.0,a,Excellent,rent_history_3519038_richmond_hill
3519038,Richmond Hill,York,1996,October,3 Bedroom,967.0,a,Excellent,rent_history_3519038_richmond_hill
3519038,Richmond Hill,York,1996,October,Studio,551.0,a,Excellent,rent_history_3519038_richmond_hill
3519038,Richmond Hill,York,1996,October,Total,735.0,a,Excellent,rent_history_3519038_richmond_hill
3519038,Richmond Hill,York,1997,October,1 Bedroom,679.0,a,Excellent,rent_history_3519038_richmond_hill
3519038,Richmond Hill,York,1997,October,2 Bedroom,787.0,a,Excellent,rent_history_3519038_richmond_hill
3519038,Richmond Hill,York,1997,October,3 Bedroom,980.0,a,Excellent,rent_history_3519038_richmond_hill
3519038,Richmond Hill,York,1997,October,Studio,580.0,a,Excellent,rent_history_3519038_richmond_hill
3519038,Richmond Hill,York,1997,October,Total,746.0,a,Excellent,rent_history_3519038_richmond_hill
3519038,Richmond Hill,York,1998,October,1 Bedroom,708.0,a,Excellent,rent_history_3519038_richmond_hill
3519038,Richmond Hill,York,1998,October,2 Bedroom,829.0,a,Excellent,rent_history_3519038_richmond_hill
3519038,Richmond Hill,York,1998,October,3 Bedroom,1026.0,a,Excellent,rent_history_3519038_richmond_hill
3519038,Richmond Hill,York,1998,October,Studio,589.0,a,Excellent,rent_history_3519038_richmond_hill
3519038,Richmond Hill,York,1998,October,Total,782.0,a,Excellent,rent_history_3519038_richmond_hill
3519038,Richmond Hill,York,1999,October,1 Bedroom,735.0,a,Excellent,rent_history_3519038_richmond_hill
3519038,Richmond Hill,York,1999,October,2 Bedroom,850.0,a,Excellent,rent_history_3519038_richmond_hill
3519038,Richmond Hill,York,1999,October,3 Bedroom,1053.0,a,Excellent,rent_history_3519038_richmond_hill
3519038,Richmond Hill,York,1999,October,Studio,621.0,a,Excellent,rent_history_3519038_richmond_hill
3519038,Richmond Hill,York,1999,October,Total,806.0,a,Excellent,rent_history_3519038_richmond_hill
3519038,Richmond Hill,York,2000,October,1 Bedroom,794.0,a,Excellent,rent_history_3519038_richmond_hill
3519038,Richmond Hill,York,2000,October,2 Bedroom,923.0,a,Excellent,rent_history_3519038_richmond_hill
3519038,Richmond Hill,York,2000,October,3 Bedroom,1143.0,a,Excellent,rent_history_3519038_richmond_hill
3519038,Richmond Hill,York,2000,October,Studio,706.0,a,Excellent,rent_history_3519038_richmond_hill
3519038,Richmond Hill,York,2000,October,Total,882.0,a,Excellent,rent_history_3519038_richmond_hill
3519038,Richmond Hill,York,2001,October,1 Bedroom,813.0,a,Excellent,rent_history_3519038_richmond_hill
3519038,Richmond Hill,York,2001,October,2 Bedroom,958.0,a,Excellent,rent_history_3519038_richmond_hill
3519038,Richmond Hill,York,2001,October,3 Bedroom,1187.0,b,Very good,rent_history_3519038_richmond_hill
3519038,Richmond Hill,York,2001,October,Studio,703.0,a,Excellent,rent_history_3519038_richmond_hill
3519038,Richmond Hill,York,2001,October,Total,894.0,a,Excellent,rent_history_3519038_richmond_hill
3519038,Richmond Hill,York,2002,October,1 Bedroom,862.0,a,Excellent,rent_history_3519038_richmond_hill
3519038,Richmond Hill,York,2002,October,2 Bedroom,1010.0,a,Excellent,rent_history_3519038_richmond_hill
3519038,Richmond Hill,York,2002,October,3 Bedroom,1290.0,b,Very good,rent_history_3519038_richmond_hill
3519038,Richmond Hill,York,2002,October,Studio,723.0,b,Very good,rent_history_3519038_richmond_hill
3519038,Richmond Hill,York,2002,October,Total,946.0,a,Excellent,rent_history_3519038_richmond_hill
3519038,Richmond Hill,York,2003,October,1 Bedroom,835.0,a,Excellent,rent_history_3519038_richmond_hill
3519038,Richmond Hill,York,2003,October,2 Bedroom,943.0,a,Excellent,rent_history_3519038_richmond_hill
3519038,Richmond Hill,York,2003,October,3 Bedroom,1077.0,b,Very good,rent_history_3519038_richmond_hill
3519038,Richmond Hill,York,2003,October,Studio,710.0,b,Very good,rent_history_3519038_richmond_hill
3519038,Richmond Hill,York,2003,October,Total,889.0,a,Excellent,rent_history_3519038_richmond_hill
3519038,Richmond Hill,York,2004,October,1 Bedroom,899.0,a,Excellent,rent_history_3519038_richmond_hill
3519038,Richmond Hill,York,2004,October,2 Bedroom,1073.0,a,Excellent,rent_history_3519038_richmond_hill
3519038,Richmond Hill,York,2004,October,3 Bedroom,1359.0,a,Excellent,rent_history_3519038_richmond_hill
3519038,Richmond Hill,York,2004,October,Studio,785.0,a,Excellent,rent_history_3519038_richmond_hill
3519038,Richmond Hill,York,2004,October,Total,1011.0,a,Excellent,rent_history_3519038_richmond_hill
3519038,Richmond Hill,York,2005,October,1 Bedroom,884.0,a,Excellent,rent_history_3519038_richmond_hill
3519038,Richmond Hill,York,2005,October,2 Bedroom,1055.0,a,Excellent,rent_history_3519038_richmond_hill
3519038,Richmond Hill,York,2005,October,3 Bedroom,1287.0,a,Excellent,rent_history_3519038_richmond_hill
3519038,Richmond Hill,York,2005,October,Studio,782.0,a,Excellent,rent_history_3519038_richmond_hill
3519038,Richmond Hill,York,2005,October,Total,989.0,a,Excellent,rent_history_3519038_richmond_hill
3519038,Richmond Hill,York,2006,October,1 Bedroom,916.0,a,Excellent,rent_history_3519038_richmond_hill
3519038,Richmond Hill,York,2006,October,2 Bedroom,1105.0,a,Excellent,rent_history_3519038_richmond_hill
3519038,Richmond Hill,York,2006,October,3 Bedroom,1328.0,a,Excellent,rent_history_3519038_richmond_hill
3519038,Richmond Hill,York,2006,October,Studio,793.0,a,Excellent,rent_history_3519038_richmond_hill
3519038,Richmond Hill,York,2006,October,Total,1030.0,a,Excellent,rent_history_3519038_richmond_hill
3519038,Richmond Hill,York,2007,October,1 Bedroom,910.0,a,Excellent,rent_history_3519038_richmond_hill
3519038,Richmond Hill,York,2007,October,2 Bedroom,1097.0,a,Excellent,rent_history_3519038_richmond_hill
3519038,Richmond Hill,York,2007,October,3 Bedroom,1368.0,a,Excellent,rent_history_3519038_richmond_hill
3519038,Richmond Hill,York,2007,October,Studio,792.0,a,Excellent,rent_history_3519038_richmond_hill
3519038,Richmond Hill,York,2007,October,Total,1022.0,a,Excellent,rent_history_3519038_richmond_hill
3519038,Richmond Hill,York,2008,October,1 Bedroom,930.0,a,Excellent,rent_history_3519038_richmond_hill
3519038,Richmond Hill,York,2008,October,2 Bedroom,1138.0,a,Excellent,rent_history_3519038_richmond_hill
3519038,Richmond Hill,York,2008,October,3 Bedroom,1359.0,a,Excellent,rent_history_3519038_richmond_hill
3519038,Richmond Hill,York,2008,October,Studio,807.0,a,Excellent,rent_history_3519038_richmond_hill
3519038,Richmond Hill,York,2008,October,Total,1060.0,a,Excellent,rent_history_3519038_richmond_hill
3519038,Richmond Hill,York,2009,October,1 Bedroom,957.0,a,Excellent,rent_history_3519038_richmond_hill
3519038,Richmond Hill,York,2009,October,2 Bedroom,1132.0,a,Excellent,rent_history_3519038_richmond_hill
3519038,Richmond Hill,York,2009,October,3 Bedroom,1372.0,a,Excellent,rent_history_3519038_richmond_hill
3519038,Richmond Hill,York,2009,October,Studio,843.0,a,Excellent,rent_history_3519038_richmond_hill
3519038,Richmond Hill,York,2009,October,Total,1072.0,a,Excellent,rent_history_3519038_richmond_hill
3519038,Richmond Hill,York,2010,October,1 Bedroom,971.0,a,Excellent,rent_history_3519038_richmond_hill
3519038,Richmond Hill,York,2010,October,2 Bedroom,1147.0,a,Excellent,rent_history_3519038_richmond_hill
3519038,Richmond Hill,York,2010,October,3 Bedroom,1405.0,a,Excellent,rent_history_3519038_richmond_hill
3519038,Richmond Hill,York,2010,October,Studio,829.0,a,Excellent,rent_history_3519038_richmond_hill
3519038,Richmond Hill,York,2010,October,Total,1072.0,a,Excellent,rent_history_3519038_richmond_hill
3519038,Richmond Hill,York,2011,October,1 Bedroom,1015.0,a,Excellent,rent_history_3519038_richmond_hill
3519038,Richmond Hill,York,2011,October,2 Bedroom,1210.0,a,Excellent,rent_history_3519038_richmond_hill
3519038,Richmond Hill,York,2011,October,3 Bedroom,1476.0,a,Excellent,rent_history_3519038_richmond_hill
3519038,Richmond Hill,York,2011,October,Studio,842.0,a,Excellent,rent_history_3519038_richmond_hill
3519038,Richmond Hill,York,2011,October,Total,1132.0,a,Excellent,rent_history_3519038_richmond_hill
3519038,Richmond Hill,York,2012,October,1 Bedroom,1020.0,a,Excellent,rent_history_3519038_richmond_hill
3519038,Richmond Hill,York,2012,October,2 Bedroom,1240.0,a,Excellent,rent_history_3519038_richmond_hill
3519038,Richmond Hill,York,2012,October,3 Bedroom,1453.0,a,Excellent,rent_history_3519038_richmond_hill
3519038,Richmond Hill,York,2012,October,Studio,827.0,a,Excellent,rent_history_3519038_richmond_hill
3519038,Richmond Hill,York,2012,October,Total,1147.0,a,Excellent,rent_history_3519038_richmond_hill
3519038,Richmond Hill,York,2013,October,1 Bedroom,1047.0,a,Excellent,rent_history_3519038_richmond_hill
3519038,Richmond Hill,York,2013,October,2 Bedroom,1239.0,a,Excellent,rent_history_3519038_richmond_hill
3519038,Richmond Hill,York,2013,October,3 Bedroom,1463.0,a,Excellent,rent_history_3519038_richmond_hill
3519038,Richmond Hill,York,2013,October,Studio,870.0,a,Excellent,rent_history_3519038_richmond_hill
3519038,Richmond Hill,York,2013,October,Total,1162.0,a,Excellent,rent_history_3519038_richmond_hill
3519038,Richmond Hill,York,2014,October,1 Bedroom,1082.0,a,Excellent,rent_history_3519038_richmond_hill
3519038,Richmond Hill,York,2014,October,2 Bedroom,1299.0,a,Excellent,rent_history_3519038_richmond_hill
3519038,Richmond Hill,York,2014,October,3 Bedroom,1521.0,a,Excellent,rent_history_3519038_richmond_hill
3519038,Richmond Hill,York,2014,October,Studio,877.0,a,Excellent,rent_history_3519038_richmond_hill
3519038,Richmond Hill,York,2014,October,Total,1207.0,a,Excellent,rent_history_3519038_richmond_hill
3519038,Richmond Hill,York,2015,October,1 Bedroom,1150.0,a,Excellent,rent_history_3519038_richmond_hill
3519038,Richmond Hill,York,2015,October,2 Bedroom,1349.0,a,Excellent,rent_history_3519038_richmond_hill
3519038,Richmond Hill,York,2015,October,3 Bedroom,1538.0,a,Excellent,rent_history_3519038_richmond_hill
3519038,Richmond Hill,York,2015,October,Studio,900.0,a,Excellent,rent_history_3519038_richmond_hill
3519038,Richmond Hill,York,2015,October,Total,1265.0,a,Excellent,rent_history_3519038_richmond_hill
3519038,Richmond Hill,York,2016,October,1 Bedroom,1136.0,a,Excellent,rent_history_3519038_richmond_hill
3519038,Richmond Hill,York,2016,October,2 Bedroom,1327.0,a,Excellent,rent_history_3519038_richmond_hill
3519038,Richmond Hill,York,2016,October,3 Bedroom,1488.0,a,Excellent,rent_history_3519038_richmond_hill
3519038,Richmond Hill,York,2016,October,Studio,909.0,b,Very good,rent_history_3519038_richmond_hill
3519038,Richmond Hill,York,2016,October,Total,1246.0,a,Excellent,rent_history_3519038_richmond_hill
3519038,Richmond Hill,York,2017,October,1 Bedroom,1154.0,a,Excellent,rent_history_3519038_richmond_hill
3519038,Richmond Hill,York,2017,October,2 Bedroom,1393.0,a,Excellent,rent_history_3519038_richmond_hill
3519038,Richmond Hill,York,2017,October,3 Bedroom,1631.0,a,Excellent,rent_history_3519038_richmond_hill
3519038,Richmond Hill,York,2017,October,Studio,939.0,a,Excellent,rent_history_3519038_richmond_hill
3519038,Richmond Hill,York,2017,October,Total,1292.0,a,Excellent,rent_history_3519038_richmond_hill
3519038,Richmond Hill,York,2018,October,1 Bedroom,1146.0,a,Excellent,rent_history_3519038_richmond_hill
3519038,Richmond Hill,York,2018,October,2 Bedroom,1363.0,a,Excellent,rent_history_3519038_richmond_hill
3519038,Richmond Hill,York,2018,October,3 Bedroom,1591.0,b,Very good,rent_history_3519038_richmond_hill
3519038,Richmond Hill,York,2018,October,Studio,1020.0,b,Very good,rent_history_3519038_richmond_hill
3519038,Richmond Hill,York,2018,October,Total,1282.0,a,Excellent,rent_history_3519038_richmond_hill
3519038,Richmond Hill,York,2019,October,1 Bedroom,1213.0,a,Excellent,rent_history_3519038_richmond_hill
3519038,Richmond Hill,York,2019,October,2 Bedroom,1394.0,a,Excellent,rent_history_3519038_richmond_hill
3519038,Richmond Hill,York,2019,October,3 Bedroom,1617.0,b,Very good,rent_history_3519038_richmond_hill
3519038,Richmond Hill,York,2019,October,Studio,1011.0,b,Very good,rent_history_3519038_richmond_hill
3519038,Richmond Hill,York,2019,October,Total,1320.0,a,Excellent,rent_history_3519038_richmond_hill
3519038,Richmond Hill,York,2020,October,1 Bedroom,1385.0,a,Excellent,rent_history_3519038_richmond_hill
3519038,Richmond Hill,York,2020,October,2 Bedroom,1597.0,b,Very good,rent_history_3519038_richmond_hill
3519038,Richmond Hill,York,2020,October,3 Bedroom,1842.0,b,Very good,rent_history_3519038_richmond_hill
3519038,Richmond Hill,York,2020,October,Studio,1109.0,b,Very good,rent_history_3519038_richmond_hill
3519038,Richmond Hill,York,2020,October,Total,1503.0,a,Excellent,rent_history_3519038_richmond_hill
3519038,Richmond Hill,York,2021,October,1 Bedroom,1342.0,a,Excellent,rent_history_3519038_richmond_hill
3519038,Richmond Hill,York,2021,October,2 Bedroom,1539.0,a,Excellent,rent_history_3519038_richmond_hill
3519038,Richmond Hill,York,2021,October,3 Bedroom,1960.0,b,Very good,rent_history_3519038_richmond_hill
3519038,Richmond Hill,York,2021,October,Studio,1180.0,c,Good,rent_history_3519038_richmond_hill
3519038,Richmond Hill,York,2021,October,Total,1473.0,a,Excellent,rent_history_3519038_richmond_hill
3519038,Richmond Hill,York,2022,October,1 Bedroom,1348.0,a,Excellent,rent_history_3519038_richmond_hill
3519038,Richmond Hill,York,2022,October,2 Bedroom,1579.0,a,Excellent,rent_history_3519038_richmond_hill
3519038,Richmond Hill,York,2022,October,3 Bedroom,2031.0,b,Very good,rent_history_3519038_richmond_hill
3519038,Richmond Hill,York,2022,October,Studio,1315.0,b,Very good,rent_history_3519038_richmond_hill
3519038,Richmond Hill,York,2022,October,Total,1522.0,a,Excellent,rent_history_3519038_richmond_hill
3519038,Richmond Hill,York,2023,October,1 Bedroom,1479.0,b,Very good,rent_history_3519038_richmond_hill
3519038,Richmond Hill,York,2023,October,2 Bedroom,1877.0,b,Very good,rent_history_3519038_richmond_hill
3519038,Richmond Hill,York,2023,October,3 Bedroom,2019.0,b,Very good,rent_history_3519038_richmond_hill
3519038,Richmond Hill,York,2023,October,Studio,1233.0,d,Poor - use with caution,rent_history_3519038_richmond_hill
3519038,Richmond Hill,York,2023,October,Total,1713.0,b,Very good,rent_history_3519038_richmond_hill
3519038,Richmond Hill,York,2024,October,1 Bedroom,1534.0,a,Excellent,rent_history_3519038_richmond_hill
3519038,Richmond Hill,York,2024,October,2 Bedroom,1931.0,a,Excellent,rent_history_3519038_richmond_hill
3519038,Richmond Hill,York,2024,October,3 Bedroom,2233.0,a,Excellent,rent_history_3519038_richmond_hill
3519038,Richmond Hill,York,2024,October,Studio,1199.0,c,Good,rent_history_3519038_richmond_hill
3519038,Richmond Hill,York,2024,October,Total,1761.0,a,Excellent,rent_history_3519038_richmond_hill
3519038,Richmond Hill,York,2025,October,1 Bedroom,1583.0,a,Excellent,rent_history_3519038_richmond_hill
3519038,Richmond Hill,York,2025,October,2 Bedroom,1827.0,a,Excellent,rent_history_3519038_richmond_hill
3519038,Richmond Hill,York,2025,October,3 Bedroom,2332.0,c,Good,rent_history_3519038_richmond_hill
3519038,Richmond Hill,York,2025,October,Studio,1328.0,c,Good,rent_history_3519038_richmond_hill
3519038,Richmond Hill,York,2025,October,Total,1726.0,a,Excellent,rent_history_3519038_richmond_hill
3518020,Scugog,Durham,2008,October,1 Bedroom,741.0,a,Excellent,rent_history_3518020_scugog
3518020,Scugog,Durham,2008,October,2 Bedroom,869.0,a,Excellent,rent_history_3518020_scugog
3518020,Scugog,Durham,2008,October,Total,894.0,a,Excellent,rent_history_3518020_scugog
3518020,Scugog,Durham,2009,October,1 Bedroom,755.0,a,Excellent,rent_history_3518020_scugog
3518020,Scugog,Durham,2009,October,2 Bedroom,906.0,a,Excellent,rent_history_3518020_scugog
3518020,Scugog,Durham,2009,October,Total,813.0,a,Excellent,rent_history_3518020_scugog
3518020,Scugog,Durham,2010,October,1 Bedroom,779.0,a,Excellent,rent_history_3518020_scugog
3518020,Scugog,Durham,2010,October,2 Bedroom,921.0,a,Excellent,rent_history_3518020_scugog
3518020,Scugog,Durham,2010,October,Total,964.0,a,Excellent,rent_history_3518020_scugog
3518020,Scugog,Durham,2011,October,1 Bedroom,750.0,b,Very good,rent_history_3518020_scugog
3518020,Scugog,Durham,2011,October,2 Bedroom,882.0,a,Excellent,rent_history_3518020_scugog
3518020,Scugog,Durham,2011,October,Total,959.0,a,Excellent,rent_history_3518020_scugog
3518020,Scugog,Durham,2012,October,1 Bedroom,832.0,a,Excellent,rent_history_3518020_scugog
3518020,Scugog,Durham,2012,October,2 Bedroom,958.0,a,Excellent,rent_history_3518020_scugog
3518020,Scugog,Durham,2012,October,Total,1001.0,a,Excellent,rent_history_3518020_scugog
3518020,Scugog,Durham,2013,October,1 Bedroom,820.0,a,Excellent,rent_history_3518020_scugog
3518020,Scugog,Durham,2013,October,2 Bedroom,973.0,a,Excellent,rent_history_3518020_scugog
3518020,Scugog,Durham,2013,October,Total,1016.0,a,Excellent,rent_history_3518020_scugog
3518020,Scugog,Durham,2014,October,1 Bedroom,751.0,a,Excellent,rent_history_3518020_scugog
3518020,Scugog,Durham,2014,October,2 Bedroom,888.0,a,Excellent,rent_history_3518020_scugog
3518020,Scugog,Durham,2014,October,Total,975.0,a,Excellent,rent_history_3518020_scugog
3518020,Scugog,Durham,2015,October,1 Bedroom,762.0,b,Very good,rent_history_3518020_scugog
3518020,Scugog,Durham,2015,October,2 Bedroom,935.0,a,Excellent,rent_history_3518020_scugog
3518020,Scugog,Durham,2015,October,Total,1026.0,a,Excellent,rent_history_3518020_scugog
3518020,Scugog,Durham,2016,October,1 Bedroom,748.0,b,Very good,rent_history_3518020_scugog
3518020,Scugog,Durham,2016,October,2 Bedroom,922.0,a,Excellent,rent_history_3518020_scugog
3518020,Scugog,Durham,2016,October,Total,1027.0,a,Excellent,rent_history_3518020_scugog
3518020,Scugog,Durham,2017,October,1 Bedroom,853.0,b,Very good,rent_history_3518020_scugog
3518020,Scugog,Durham,2017,October,2 Bedroom,871.0,a,Excellent,rent_history_3518020_scugog
3518020,Scugog,Durham,2017,October,Total,865.0,a,Excellent,rent_history_3518020_scugog
3518020,Scugog,Durham,2018,October,1 Bedroom,841.0,b,Very good,rent_history_3518020_scugog
3518020,Scugog,Durham,2018,October,2 Bedroom,876.0,b,Very good,rent_history_3518020_scugog
3518020,Scugog,Durham,2018,October,Total,858.0,b,Very good,rent_history_3518020_scugog
3518020,Scugog,Durham,2019,October,1 Bedroom,839.0,b,Very good,rent_history_3518020_scugog
3518020,Scugog,Durham,2019,October,2 Bedroom,1002.0,a,Excellent,rent_history_3518020_scugog
3518020,Scugog,Durham,2019,October,Total,1098.0,a,Excellent,rent_history_3518020_scugog
3518020,Scugog,Durham,2020,October,1 Bedroom,868.0,c,Good,rent_history_3518020_scugog
3518020,Scugog,Durham,2020,October,2 Bedroom,1064.0,b,Very good,rent_history_3518020_scugog
3518020,Scugog,Durham,2020,October,Total,1111.0,a,Excellent,rent_history_3518020_scugog
3518020,Scugog,Durham,2021,October,1 Bedroom,959.0,b,Very good,rent_history_3518020_scugog
3518020,Scugog,Durham,2021,October,2 Bedroom,1198.0,a,Excellent,rent_history_3518020_scugog
3518020,Scugog,Durham,2021,October,Total,1310.0,a,Excellent,rent_history_3518020_scugog
3518020,Scugog,Durham,2022,October,1 Bedroom,1112.0,d,Poor - use with caution,rent_history_3518020_scugog
3518020,Scugog,Durham,2022,October,2 Bedroom,1265.0,c,Good,rent_history_3518020_scugog
3518020,Scugog,Durham,2022,October,Total,1193.0,c,Good,rent_history_3518020_scugog
3518020,Scugog,Durham,2023,October,1 Bedroom,1129.0,c,Good,rent_history_3518020_scugog
3518020,Scugog,Durham,2023,October,2 Bedroom,1244.0,b,Very good,rent_history_3518020_scugog
3518020,Scugog,Durham,2023,October,Total,1314.0,a,Excellent,rent_history_3518020_scugog
3518020,Scugog,Durham,2024,October,1 Bedroom,1078.0,d,Poor - use with caution,rent_history_3518020_scugog
3518020,Scugog,Durham,2024,October,2 Bedroom,1327.0,d,Poor - use with caution,rent_history_3518020_scugog
3518020,Scugog,Durham,2024,October,Total,1226.0,c,Good,rent_history_3518020_scugog
3518020,Scugog,Durham,2025,October,1 Bedroom,1117.0,c,Good,rent_history_3518020_scugog
3518020,Scugog,Durham,2025,October,2 Bedroom,1452.0,c,Good,rent_history_3518020_scugog
3518020,Scugog,Durham,2025,October,Total,1436.0,a,Excellent,rent_history_3518020_scugog
3520005,Toronto,Toronto,1998,October,1 Bedroom,727.0,a,Excellent,rent_history_3520005_toronto
3520005,Toronto,Toronto,1998,October,2 Bedroom,882.0,a,Excellent,rent_history_3520005_toronto
3520005,Toronto,Toronto,1998,October,3 Bedroom,1069.0,a,Excellent,rent_history_3520005_toronto
3520005,Toronto,Toronto,1998,October,Studio,588.0,a,Excellent,rent_history_3520005_toronto
3520005,Toronto,Toronto,1998,October,Total,808.0,a,Excellent,rent_history_3520005_toronto
3520005,Toronto,Toronto,1999,October,1 Bedroom,772.0,a,Excellent,rent_history_3520005_toronto
3520005,Toronto,Toronto,1999,October,2 Bedroom,925.0,a,Excellent,rent_history_3520005_toronto
3520005,Toronto,Toronto,1999,October,3 Bedroom,1105.0,a,Excellent,rent_history_3520005_toronto
3520005,Toronto,Toronto,1999,October,Studio,626.0,a,Excellent,rent_history_3520005_toronto
3520005,Toronto,Toronto,1999,October,Total,849.0,a,Excellent,rent_history_3520005_toronto
3520005,Toronto,Toronto,2000,October,1 Bedroom,833.0,a,Excellent,rent_history_3520005_toronto
3520005,Toronto,Toronto,2000,October,2 Bedroom,984.0,a,Excellent,rent_history_3520005_toronto
3520005,Toronto,Toronto,2000,October,3 Bedroom,1194.0,a,Excellent,rent_history_3520005_toronto
3520005,Toronto,Toronto,2000,October,Studio,685.0,a,Excellent,rent_history_3520005_toronto
3520005,Toronto,Toronto,2000,October,Total,912.0,a,Excellent,rent_history_3520005_toronto
3520005,Toronto,Toronto,2001,October,1 Bedroom,870.0,a,Excellent,rent_history_3520005_toronto
3520005,Toronto,Toronto,2001,October,2 Bedroom,1039.0,a,Excellent,rent_history_3520005_toronto
3520005,Toronto,Toronto,2001,October,3 Bedroom,1243.0,a,Excellent,rent_history_3520005_toronto
3520005,Toronto,Toronto,2001,October,Studio,698.0,a,Excellent,rent_history_3520005_toronto
3520005,Toronto,Toronto,2001,October,Total,955.0,a,Excellent,rent_history_3520005_toronto
3520005,Toronto,Toronto,2002,October,1 Bedroom,894.0,a,Excellent,rent_history_3520005_toronto
3520005,Toronto,Toronto,2002,October,2 Bedroom,1055.0,a,Excellent,rent_history_3520005_toronto
3520005,Toronto,Toronto,2002,October,3 Bedroom,1284.0,a,Excellent,rent_history_3520005_toronto
3520005,Toronto,Toronto,2002,October,Studio,733.0,a,Excellent,rent_history_3520005_toronto
3520005,Toronto,Toronto,2002,October,Total,981.0,a,Excellent,rent_history_3520005_toronto
3520005,Toronto,Toronto,2003,October,1 Bedroom,884.0,a,Excellent,rent_history_3520005_toronto
3520005,Toronto,Toronto,2003,October,2 Bedroom,1045.0,a,Excellent,rent_history_3520005_toronto
3520005,Toronto,Toronto,2003,October,3 Bedroom,1236.0,a,Excellent,rent_history_3520005_toronto
3520005,Toronto,Toronto,2003,October,Studio,734.0,a,Excellent,rent_history_3520005_toronto
3520005,Toronto,Toronto,2003,October,Total,967.0,a,Excellent,rent_history_3520005_toronto
3520005,Toronto,Toronto,2004,October,1 Bedroom,888.0,a,Excellent,rent_history_3520005_toronto
3520005,Toronto,Toronto,2004,October,2 Bedroom,1061.0,a,Excellent,rent_history_3520005_toronto
3520005,Toronto,Toronto,2004,October,3 Bedroom,1263.0,a,Excellent,rent_history_3520005_toronto
3520005,Toronto,Toronto,2004,October,Studio,730.0,a,Excellent,rent_history_3520005_toronto
3520005,Toronto,Toronto,2004,October,Total,978.0,a,Excellent,rent_history_3520005_toronto
3520005,Toronto,Toronto,2005,October,1 Bedroom,889.0,a,Excellent,rent_history_3520005_toronto
3520005,Toronto,Toronto,2005,October,2 Bedroom,1060.0,a,Excellent,rent_history_3520005_toronto
3520005,Toronto,Toronto,2005,October,3 Bedroom,1267.0,a,Excellent,rent_history_3520005_toronto
3520005,Toronto,Toronto,2005,October,Studio,726.0,a,Excellent,rent_history_3520005_toronto
3520005,Toronto,Toronto,2005,October,Total,977.0,a,Excellent,rent_history_3520005_toronto
3520005,Toronto,Toronto,2006,October,1 Bedroom,897.0,a,Excellent,rent_history_3520005_toronto
3520005,Toronto,Toronto,2006,October,2 Bedroom,1078.0,a,Excellent,rent_history_3520005_toronto
3520005,Toronto,Toronto,2006,October,3 Bedroom,1298.0,a,Excellent,rent_history_3520005_toronto
3520005,Toronto,Toronto,2006,October,Studio,743.0,a,Excellent,rent_history_3520005_toronto
3520005,Toronto,Toronto,2006,October,Total,995.0,a,Excellent,rent_history_3520005_toronto
3520005,Toronto,Toronto,2007,October,1 Bedroom,902.0,a,Excellent,rent_history_3520005_toronto
3520005,Toronto,Toronto,2007,October,2 Bedroom,1073.0,a,Excellent,rent_history_3520005_toronto
3520005,Toronto,Toronto,2007,October,3 Bedroom,1282.0,a,Excellent,rent_history_3520005_toronto
3520005,Toronto,Toronto,2007,October,Studio,742.0,a,Excellent,rent_history_3520005_toronto
3520005,Toronto,Toronto,2007,October,Total,991.0,a,Excellent,rent_history_3520005_toronto
3520005,Toronto,Toronto,2008,October,1 Bedroom,929.0,a,Excellent,rent_history_3520005_toronto
3520005,Toronto,Toronto,2008,October,2 Bedroom,1104.0,a,Excellent,rent_history_3520005_toronto
3520005,Toronto,Toronto,2008,October,3 Bedroom,1312.0,a,Excellent,rent_history_3520005_toronto
3520005,Toronto,Toronto,2008,October,Studio,767.0,a,Excellent,rent_history_3520005_toronto
3520005,Toronto,Toronto,2008,October,Total,1018.0,a,Excellent,rent_history_3520005_toronto
3520005,Toronto,Toronto,2009,October,1 Bedroom,927.0,a,Excellent,rent_history_3520005_toronto
3520005,Toronto,Toronto,2009,October,2 Bedroom,1106.0,a,Excellent,rent_history_3520005_toronto
3520005,Toronto,Toronto,2009,October,3 Bedroom,1320.0,a,Excellent,rent_history_3520005_toronto
3520005,Toronto,Toronto,2009,October,Studio,759.0,a,Excellent,rent_history_3520005_toronto
3520005,Toronto,Toronto,2009,October,Total,1014.0,a,Excellent,rent_history_3520005_toronto
3520005,Toronto,Toronto,2010,October,1 Bedroom,950.0,a,Excellent,rent_history_3520005_toronto
3520005,Toronto,Toronto,2010,October,2 Bedroom,1135.0,a,Excellent,rent_history_3520005_toronto
3520005,Toronto,Toronto,2010,October,3 Bedroom,1354.0,a,Excellent,rent_history_3520005_toronto
3520005,Toronto,Toronto,2010,October,Studio,779.0,a,Excellent,rent_history_3520005_toronto
3520005,Toronto,Toronto,2010,October,Total,1046.0,a,Excellent,rent_history_3520005_toronto
3520005,Toronto,Toronto,2011,October,1 Bedroom,979.0,a,Excellent,rent_history_3520005_toronto
3520005,Toronto,Toronto,2011,October,2 Bedroom,1161.0,a,Excellent,rent_history_3520005_toronto
3520005,Toronto,Toronto,2011,October,3 Bedroom,1383.0,a,Excellent,rent_history_3520005_toronto
3520005,Toronto,Toronto,2011,October,Studio,822.0,a,Excellent,rent_history_3520005_toronto
3520005,Toronto,Toronto,2011,October,Total,1072.0,a,Excellent,rent_history_3520005_toronto
3520005,Toronto,Toronto,2012,October,1 Bedroom,1010.0,a,Excellent,rent_history_3520005_toronto
3520005,Toronto,Toronto,2012,October,2 Bedroom,1194.0,a,Excellent,rent_history_3520005_toronto
3520005,Toronto,Toronto,2012,October,3 Bedroom,1443.0,a,Excellent,rent_history_3520005_toronto
3520005,Toronto,Toronto,2012,October,Studio,840.0,a,Excellent,rent_history_3520005_toronto
3520005,Toronto,Toronto,2012,October,Total,1108.0,a,Excellent,rent_history_3520005_toronto
3520005,Toronto,Toronto,2013,October,1 Bedroom,1035.0,a,Excellent,rent_history_3520005_toronto
3520005,Toronto,Toronto,2013,October,2 Bedroom,1225.0,a,Excellent,rent_history_3520005_toronto
3520005,Toronto,Toronto,2013,October,3 Bedroom,1493.0,a,Excellent,rent_history_3520005_toronto
3520005,Toronto,Toronto,2013,October,Studio,876.0,a,Excellent,rent_history_3520005_toronto
3520005,Toronto,Toronto,2013,October,Total,1139.0,a,Excellent,rent_history_3520005_toronto
3520005,Toronto,Toronto,2014,October,1 Bedroom,1071.0,a,Excellent,rent_history_3520005_toronto
3520005,Toronto,Toronto,2014,October,2 Bedroom,1264.0,a,Excellent,rent_history_3520005_toronto
3520005,Toronto,Toronto,2014,October,3 Bedroom,1488.0,a,Excellent,rent_history_3520005_toronto
3520005,Toronto,Toronto,2014,October,Studio,899.0,a,Excellent,rent_history_3520005_toronto
3520005,Toronto,Toronto,2014,October,Total,1170.0,a,Excellent,rent_history_3520005_toronto
3520005,Toronto,Toronto,2015,October,1 Bedroom,1110.0,a,Excellent,rent_history_3520005_toronto
3520005,Toronto,Toronto,2015,October,2 Bedroom,1301.0,a,Excellent,rent_history_3520005_toronto
3520005,Toronto,Toronto,2015,October,3 Bedroom,1544.0,a,Excellent,rent_history_3520005_toronto
3520005,Toronto,Toronto,2015,October,Studio,942.0,a,Excellent,rent_history_3520005_toronto
3520005,Toronto,Toronto,2015,October,Total,1211.0,a,Excellent,rent_history_3520005_toronto
3520005,Toronto,Toronto,2016,October,1 Bedroom,1137.0,a,Excellent,rent_history_3520005_toronto
3520005,Toronto,Toronto,2016,October,2 Bedroom,1341.0,a,Excellent,rent_history_3520005_toronto
3520005,Toronto,Toronto,2016,October,3 Bedroom,1549.0,a,Excellent,rent_history_3520005_toronto
3520005,Toronto,Toronto,2016,October,Studio,962.0,a,Excellent,rent_history_3520005_toronto
3520005,Toronto,Toronto,2016,October,Total,1241.0,a,Excellent,rent_history_3520005_toronto
3520005,Toronto,Toronto,2017,October,1 Bedroom,1202.0,a,Excellent,rent_history_3520005_toronto
3520005,Toronto,Toronto,2017,October,2 Bedroom,1426.0,a,Excellent,rent_history_3520005_toronto
3520005,Toronto,Toronto,2017,October,3 Bedroom,1610.0,a,Excellent,rent_history_3520005_toronto
3520005,Toronto,Toronto,2017,October,Studio,1019.0,a,Excellent,rent_history_3520005_toronto
3520005,Toronto,Toronto,2017,October,Total,1313.0,a,Excellent,rent_history_3520005_toronto
3520005,Toronto,Toronto,2018,October,1 Bedroom,1270.0,a,Excellent,rent_history_3520005_toronto
3520005,Toronto,Toronto,2018,October,2 Bedroom,1494.0,a,Excellent,rent_history_3520005_toronto
3520005,Toronto,Toronto,2018,October,3 Bedroom,1674.0,a,Excellent,rent_history_3520005_toronto
3520005,Toronto,Toronto,2018,October,Studio,1089.0,a,Excellent,rent_history_3520005_toronto
3520005,Toronto,Toronto,2018,October,Total,1378.0,a,Excellent,rent_history_3520005_toronto
3520005,Toronto,Toronto,2019,October,1 Bedroom,1374.0,a,Excellent,rent_history_3520005_toronto
3520005,Toronto,Toronto,2019,October,2 Bedroom,1592.0,a,Excellent,rent_history_3520005_toronto
3520005,Toronto,Toronto,2019,October,3 Bedroom,1764.0,a,Excellent,rent_history_3520005_toronto
3520005,Toronto,Toronto,2019,October,Studio,1148.0,a,Excellent,rent_history_3520005_toronto
3520005,Toronto,Toronto,2019,October,Total,1476.0,a,Excellent,rent_history_3520005_toronto
3520005,Toronto,Toronto,2020,October,1 Bedroom,1431.0,a,Excellent,rent_history_3520005_toronto
3520005,Toronto,Toronto,2020,October,2 Bedroom,1664.0,a,Excellent,rent_history_3520005_toronto
3520005,Toronto,Toronto,2020,October,3 Bedroom,1901.0,a,Excellent,rent_history_3520005_toronto
3520005,Toronto,Toronto,2020,October,Studio,1211.0,a,Excellent,rent_history_3520005_toronto
3520005,Toronto,Toronto,2020,October,Total,1545.0,a,Excellent,rent_history_3520005_toronto
3520005,Toronto,Toronto,2021,October,1 Bedroom,1447.0,a,Excellent,rent_history_3520005_toronto
3520005,Toronto,Toronto,2021,October,2 Bedroom,1705.0,a,Excellent,rent_history_3520005_toronto
3520005,Toronto,Toronto,2021,October,3 Bedroom,1970.0,a,Excellent,rent_history_3520005_toronto
3520005,Toronto,Toronto,2021,October,Studio,1225.0,a,Excellent,rent_history_3520005_toronto
3520005,Toronto,Toronto,2021,October,Total,1577.0,a,Excellent,rent_history_3520005_toronto
3520005,Toronto,Toronto,2022,October,1 Bedroom,1538.0,a,Excellent,rent_history_3520005_toronto
3520005,Toronto,Toronto,2022,October,2 Bedroom,1811.0,a,Excellent,rent_history_3520005_toronto
3520005,Toronto,Toronto,2022,October,3 Bedroom,2077.0,a,Excellent,rent_history_3520005_toronto
3520005,Toronto,Toronto,2022,October,Studio,1317.0,a,Excellent,rent_history_3520005_toronto
3520005,Toronto,Toronto,2022,October,Total,1678.0,a,Excellent,rent_history_3520005_toronto
3520005,Toronto,Toronto,2023,October,1 Bedroom,1708.0,a,Excellent,rent_history_3520005_toronto
3520005,Toronto,Toronto,2023,October,2 Bedroom,1990.0,a,Excellent,rent_history_3520005_toronto
3520005,Toronto,Toronto,2023,October,3 Bedroom,2222.0,a,Excellent,rent_history_3520005_toronto
3520005,Toronto,Toronto,2023,October,Studio,1427.0,a,Excellent,rent_history_3520005_toronto
3520005,Toronto,Toronto,2023,October,Total,1845.0,a,Excellent,rent_history_3520005_toronto
3520005,Toronto,Toronto,2024,October,1 Bedroom,1715.0,a,Excellent,rent_history_3520005_toronto
3520005,Toronto,Toronto,2024,October,2 Bedroom,1984.0,a,Excellent,rent_history_3520005_toronto
3520005,Toronto,Toronto,2024,October,3 Bedroom,2232.0,a,Excellent,rent_history_3520005_toronto
3520005,Toronto,Toronto,2024,October,Studio,1456.0,a,Excellent,rent_history_3520005_toronto
3520005,Toronto,Toronto,2024,October,Total,1851.0,a,Excellent,rent_history_3520005_toronto
3520005,Toronto,Toronto,2025,October,1 Bedroom,1763.0,a,Excellent,rent_history_3520005_toronto
3520005,Toronto,Toronto,2025,October,2 Bedroom,2055.0,a,Excellent,rent_history_3520005_toronto
3520005,Toronto,Toronto,2025,October,3 Bedroom,2342.0,a,Excellent,rent_history_3520005_toronto
3520005,Toronto,Toronto,2025,October,Studio,1499.0,a,Excellent,rent_history_3520005_toronto
3520005,Toronto,Toronto,2025,October,Total,1916.0,a,Excellent,rent_history_3520005_toronto
3518029,Uxbridge,Durham,1990,October,1 Bedroom,586.0,b,Very good,rent_history_3518029_uxbridge
3518029,Uxbridge,Durham,1990,October,2 Bedroom,683.0,b,Very good,rent_history_3518029_uxbridge
3518029,Uxbridge,Durham,1990,October,Total,643.0,b,Very good,rent_history_3518029_uxbridge
3518029,Uxbridge,Durham,1991,October,1 Bedroom,567.0,b,Very good,rent_history_3518029_uxbridge
3518029,Uxbridge,Durham,1991,October,2 Bedroom,747.0,d,Poor - use with caution,rent_history_3518029_uxbridge
3518029,Uxbridge,Durham,1991,October,Total,661.0,c,Good,rent_history_3518029_uxbridge
3518029,Uxbridge,Durham,1992,October,1 Bedroom,581.0,b,Very good,rent_history_3518029_uxbridge
3518029,Uxbridge,Durham,1992,October,2 Bedroom,742.0,b,Very good,rent_history_3518029_uxbridge
3518029,Uxbridge,Durham,1992,October,Total,677.0,b,Very good,rent_history_3518029_uxbridge
3518029,Uxbridge,Durham,1993,October,1 Bedroom,596.0,b,Very good,rent_history_3518029_uxbridge
3518029,Uxbridge,Durham,1993,October,2 Bedroom,737.0,c,Good,rent_history_3518029_uxbridge
3518029,Uxbridge,Durham,1993,October,Total,678.0,c,Good,rent_history_3518029_uxbridge
3518029,Uxbridge,Durham,1994,October,1 Bedroom,604.0,b,Very good,rent_history_3518029_uxbridge
3518029,Uxbridge,Durham,1994,October,2 Bedroom,755.0,c,Good,rent_history_3518029_uxbridge
3518029,Uxbridge,Durham,1994,October,Total,698.0,c,Good,rent_history_3518029_uxbridge
3518029,Uxbridge,Durham,1995,October,1 Bedroom,667.0,c,Good,rent_history_3518029_uxbridge
3518029,Uxbridge,Durham,1995,October,2 Bedroom,787.0,c,Good,rent_history_3518029_uxbridge
3518029,Uxbridge,Durham,1995,October,Total,743.0,c,Good,rent_history_3518029_uxbridge
3518029,Uxbridge,Durham,1996,October,1 Bedroom,639.0,b,Very good,rent_history_3518029_uxbridge
3518029,Uxbridge,Durham,1996,October,2 Bedroom,767.0,b,Very good,rent_history_3518029_uxbridge
3518029,Uxbridge,Durham,1996,October,Total,718.0,b,Very good,rent_history_3518029_uxbridge
3518029,Uxbridge,Durham,1997,October,1 Bedroom,627.0,b,Very good,rent_history_3518029_uxbridge
3518029,Uxbridge,Durham,1997,October,2 Bedroom,769.0,b,Very good,rent_history_3518029_uxbridge
3518029,Uxbridge,Durham,1997,October,Total,714.0,b,Very good,rent_history_3518029_uxbridge
3518029,Uxbridge,Durham,1998,October,1 Bedroom,646.0,a,Excellent,rent_history_3518029_uxbridge
3518029,Uxbridge,Durham,1998,October,2 Bedroom,781.0,b,Very good,rent_history_3518029_uxbridge
3518029,Uxbridge,Durham,1998,October,Total,728.0,b,Very good,rent_history_3518029_uxbridge
3518029,Uxbridge,Durham,1999,October,1 Bedroom,689.0,b,Very good,rent_history_3518029_uxbridge
3518029,Uxbridge,Durham,1999,October,2 Bedroom,853.0,b,Very good,rent_history_3518029_uxbridge
3518029,Uxbridge,Durham,1999,October,Total,798.0,b,Very good,rent_history_3518029_uxbridge
3518029,Uxbridge,Durham,2000,October,1 Bedroom,743.0,c,Good,rent_history_3518029_uxbridge
3518029,Uxbridge,Durham,2000,October,2 Bedroom,1011.0,c,Good,rent_history_3518029_uxbridge
3518029,Uxbridge,Durham,2000,October,Total,918.0,c,Good,rent_history_3518029_uxbridge
3518029,Uxbridge,Durham,2001,October,1 Bedroom,743.0,a,Excellent,rent_history_3518029_uxbridge
3518029,Uxbridge,Durham,2001,October,2 Bedroom,969.0,b,Very good,rent_history_3518029_uxbridge
3518029,Uxbridge,Durham,2001,October,Total,874.0,a,Excellent,rent_history_3518029_uxbridge
3518029,Uxbridge,Durham,2002,October,1 Bedroom,758.0,a,Excellent,rent_history_3518029_uxbridge
3518029,Uxbridge,Durham,2002,October,2 Bedroom,1028.0,b,Very good,rent_history_3518029_uxbridge
3518029,Uxbridge,Durham,2002,October,Total,928.0,a,Excellent,rent_history_3518029_uxbridge
3518029,Uxbridge,Durham,2003,October,1 Bedroom,976.0,c,Good,rent_history_3518029_uxbridge
3518029,Uxbridge,Durham,2003,October,2 Bedroom,1196.0,d,Poor - use with caution,rent_history_3518029_uxbridge
3518029,Uxbridge,Durham,2003,October,Total,1127.0,d,Poor - use with caution,rent_history_3518029_uxbridge
3518029,Uxbridge,Durham,2004,October,1 Bedroom,774.0,b,Very good,rent_history_3518029_uxbridge
3518029,Uxbridge,Durham,2004,October,2 Bedroom,1052.0,b,Very good,rent_history_3518029_uxbridge
3518029,Uxbridge,Durham,2004,October,Total,963.0,b,Very good,rent_history_3518029_uxbridge
3518029,Uxbridge,Durham,2005,October,1 Bedroom,768.0,b,Very good,rent_history_3518029_uxbridge
3518029,Uxbridge,Durham,2005,October,2 Bedroom,1135.0,b,Very good,rent_history_3518029_uxbridge
3518029,Uxbridge,Durham,2005,October,Total,993.0,c,Good,rent_history_3518029_uxbridge
3518029,Uxbridge,Durham,2006,October,1 Bedroom,839.0,a,Excellent,rent_history_3518029_uxbridge
3518029,Uxbridge,Durham,2006,October,2 Bedroom,1078.0,d,Poor - use with caution,rent_history_3518029_uxbridge
3518029,Uxbridge,Durham,2006,October,Total,984.0,c,Good,rent_history_3518029_uxbridge
3518029,Uxbridge,Durham,2007,October,1 Bedroom,877.0,c,Good,rent_history_3518029_uxbridge
3518029,Uxbridge,Durham,2007,October,Total,986.0,d,Poor - use with caution,rent_history_3518029_uxbridge
3518029,Uxbridge,Durham,2008,October,1 Bedroom,850.0,c,Good,rent_history_3518029_uxbridge
3518029,Uxbridge,Durham,2008,October,2 Bedroom,1024.0,c,Good,rent_history_3518029_uxbridge
3518029,Uxbridge,Durham,2008,October,3 Bedroom,1136.0,a,Excellent,rent_history_3518029_uxbridge
3518029,Uxbridge,Durham,2008,October,Total,969.0,c,Good,rent_history_3518029_uxbridge
3518029,Uxbridge,Durham,2009,October,1 Bedroom,889.0,b,Very good,rent_history_3518029_uxbridge
3518029,Uxbridge,Durham,2009,October,2 Bedroom,1148.0,d,Poor - use with caution,rent_history_3518029_uxbridge
3518029,Uxbridge,Durham,2009,October,Total,1046.0,c,Good,rent_history_3518029_uxbridge
3518029,Uxbridge,Durham,2010,October,1 Bedroom,866.0,a,Excellent,rent_history_3518029_uxbridge
3518029,Uxbridge,Durham,2010,October,2 Bedroom,1084.0,d,Poor - use with caution,rent_history_3518029_uxbridge
3518029,Uxbridge,Durham,2010,October,Total,990.0,c,Good,rent_history_3518029_uxbridge
3518029,Uxbridge,Durham,2012,October,1 Bedroom,952.0,a,Excellent,rent_history_3518029_uxbridge
3518029,Uxbridge,Durham,2012,October,2 Bedroom,1179.0,d,Poor - use with caution,rent_history_3518029_uxbridge
3518029,Uxbridge,Durham,2012,October,Total,1090.0,c,Good,rent_history_3518029_uxbridge
3518029,Uxbridge,Durham,2013,October,1 Bedroom,982.0,a,Excellent,rent_history_3518029_uxbridge
3518029,Uxbridge,Durham,2013,October,2 Bedroom,1440.0,c,Good,rent_history_3518029_uxbridge
3518029,Uxbridge,Durham,2013,October,3 Bedroom,1799.0,a,Excellent,rent_history_3518029_uxbridge
3518029,Uxbridge,Durham,2013,October,Total,1273.0,b,Very good,rent_history_3518029_uxbridge
3518029,Uxbridge,Durham,2014,October,1 Bedroom,981.0,b,Very good,rent_history_3518029_uxbridge
3518029,Uxbridge,Durham,2014,October,2 Bedroom,1179.0,c,Good,rent_history_3518029_uxbridge
3518029,Uxbridge,Durham,2014,October,Total,1094.0,b,Very good,rent_history_3518029_uxbridge
3518029,Uxbridge,Durham,2015,October,1 Bedroom,1016.0,b,Very good,rent_history_3518029_uxbridge
3518029,Uxbridge,Durham,2015,October,2 Bedroom,1195.0,c,Good,rent_history_3518029_uxbridge
3518029,Uxbridge,Durham,2015,October,Total,1117.0,c,Good,rent_history_3518029_uxbridge
3518029,Uxbridge,Durham,2016,October,1 Bedroom,1049.0,c,Good,rent_history_3518029_uxbridge
3518029,Uxbridge,Durham,2016,October,2 Bedroom,1207.0,d,Poor - use with caution,rent_history_3518029_uxbridge
3518029,Uxbridge,Durham,2016,October,Total,1143.0,c,Good,rent_history_3518029_uxbridge
3518029,Uxbridge,Durham,2017,October,1 Bedroom,1086.0,c,Good,rent_history_3518029_uxbridge
3518029,Uxbridge,Durham,2017,October,2 Bedroom,1355.0,d,Poor - use with caution,rent_history_3518029_uxbridge
3518029,Uxbridge,Durham,2017,October,3 Bedroom,1302.0,c,Good,rent_history_3518029_uxbridge
3518029,Uxbridge,Durham,2017,October,Total,1227.0,d,Poor - use with caution,rent_history_3518029_uxbridge
3518029,Uxbridge,Durham,2019,October,1 Bedroom,1102.0,b,Very good,rent_history_3518029_uxbridge
3518029,Uxbridge,Durham,2019,October,2 Bedroom,1505.0,d,Poor - use with caution,rent_history_3518029_uxbridge
3518029,Uxbridge,Durham,2019,October,Total,1293.0,c,Good,rent_history_3518029_uxbridge
3518029,Uxbridge,Durham,2020,October,1 Bedroom,1174.0,c,Good,rent_history_3518029_uxbridge
3518029,Uxbridge,Durham,2020,October,2 Bedroom,1398.0,d,Poor - use with caution,rent_history_3518029_uxbridge
3518029,Uxbridge,Durham,2020,October,Total,1285.0,d,Poor - use with caution,rent_history_3518029_uxbridge
3518029,Uxbridge,Durham,2021,October,1 Bedroom,1249.0,c,Good,rent_history_3518029_uxbridge
3518029,Uxbridge,Durham,2021,October,2 Bedroom,1501.0,d,Poor - use with caution,rent_history_3518029_uxbridge
3518029,Uxbridge,Durham,2021,October,Total,1394.0,d,Poor - use with caution,rent_history_3518029_uxbridge
3518029,Uxbridge,Durham,2022,October,1 Bedroom,1389.0,b,Very good,rent_history_3518029_uxbridge
3518029,Uxbridge,Durham,2022,October,2 Bedroom,1575.0,d,Poor - use with caution,rent_history_3518029_uxbridge
3518029,Uxbridge,Durham,2022,October,Total,1455.0,c,Good,rent_history_3518029_uxbridge
3518029,Uxbridge,Durham,2023,October,1 Bedroom,1320.0,b,Very good,rent_history_3518029_uxbridge
3518029,Uxbridge,Durham,2023,October,2 Bedroom,1755.0,d,Poor - use with caution,rent_history_3518029_uxbridge
3518029,Uxbridge,Durham,2023,October,Total,1535.0,d,Poor - use with caution,rent_history_3518029_uxbridge
3518029,Uxbridge,Durham,2024,October,2 Bedroom,1933.0,d,Poor - use with caution,rent_history_3518029_uxbridge
3518009,Whitby,Durham,1990,October,1 Bedroom,574.0,a,Excellent,rent_history_3518009_whitby
3518009,Whitby,Durham,1990,October,2 Bedroom,624.0,a,Excellent,rent_history_3518009_whitby
3518009,Whitby,Durham,1990,October,3 Bedroom,672.0,a,Excellent,rent_history_3518009_whitby
3518009,Whitby,Durham,1990,October,Studio,608.0,b,Very good,rent_history_3518009_whitby
3518009,Whitby,Durham,1990,October,Total,612.0,a,Excellent,rent_history_3518009_whitby
3518009,Whitby,Durham,1991,October,1 Bedroom,599.0,a,Excellent,rent_history_3518009_whitby
3518009,Whitby,Durham,1991,October,2 Bedroom,674.0,a,Excellent,rent_history_3518009_whitby
3518009,Whitby,Durham,1991,October,3 Bedroom,838.0,a,Excellent,rent_history_3518009_whitby
3518009,Whitby,Durham,1991,October,Studio,576.0,a,Excellent,rent_history_3518009_whitby
3518009,Whitby,Durham,1991,October,Total,671.0,a,Excellent,rent_history_3518009_whitby
3518009,Whitby,Durham,1992,October,1 Bedroom,594.0,a,Excellent,rent_history_3518009_whitby
3518009,Whitby,Durham,1992,October,2 Bedroom,687.0,a,Excellent,rent_history_3518009_whitby
3518009,Whitby,Durham,1992,October,3 Bedroom,875.0,a,Excellent,rent_history_3518009_whitby
3518009,Whitby,Durham,1992,October,Studio,584.0,a,Excellent,rent_history_3518009_whitby
3518009,Whitby,Durham,1992,October,Total,682.0,a,Excellent,rent_history_3518009_whitby
3518009,Whitby,Durham,1993,October,1 Bedroom,604.0,a,Excellent,rent_history_3518009_whitby
3518009,Whitby,Durham,1993,October,2 Bedroom,672.0,a,Excellent,rent_history_3518009_whitby
3518009,Whitby,Durham,1993,October,3 Bedroom,864.0,a,Excellent,rent_history_3518009_whitby
3518009,Whitby,Durham,1993,October,Studio,535.0,a,Excellent,rent_history_3518009_whitby
3518009,Whitby,Durham,1993,October,Total,676.0,a,Excellent,rent_history_3518009_whitby
3518009,Whitby,Durham,1994,October,1 Bedroom,619.0,a,Excellent,rent_history_3518009_whitby
3518009,Whitby,Durham,1994,October,2 Bedroom,684.0,a,Excellent,rent_history_3518009_whitby
3518009,Whitby,Durham,1994,October,3 Bedroom,888.0,a,Excellent,rent_history_3518009_whitby
3518009,Whitby,Durham,1994,October,Studio,552.0,c,Good,rent_history_3518009_whitby
3518009,Whitby,Durham,1994,October,Total,691.0,a,Excellent,rent_history_3518009_whitby
3518009,Whitby,Durham,1995,October,1 Bedroom,653.0,a,Excellent,rent_history_3518009_whitby
3518009,Whitby,Durham,1995,October,2 Bedroom,728.0,a,Excellent,rent_history_3518009_whitby
3518009,Whitby,Durham,1995,October,3 Bedroom,874.0,a,Excellent,rent_history_3518009_whitby
3518009,Whitby,Durham,1995,October,Studio,556.0,a,Excellent,rent_history_3518009_whitby
3518009,Whitby,Durham,1995,October,Total,714.0,a,Excellent,rent_history_3518009_whitby
3518009,Whitby,Durham,1996,October,1 Bedroom,660.0,a,Excellent,rent_history_3518009_whitby
3518009,Whitby,Durham,1996,October,2 Bedroom,741.0,a,Excellent,rent_history_3518009_whitby
3518009,Whitby,Durham,1996,October,3 Bedroom,873.0,a,Excellent,rent_history_3518009_whitby
3518009,Whitby,Durham,1996,October,Studio,608.0,a,Excellent,rent_history_3518009_whitby
3518009,Whitby,Durham,1996,October,Total,728.0,a,Excellent,rent_history_3518009_whitby
3518009,Whitby,Durham,1997,October,1 Bedroom,647.0,a,Excellent,rent_history_3518009_whitby
3518009,Whitby,Durham,1997,October,2 Bedroom,733.0,a,Excellent,rent_history_3518009_whitby
3518009,Whitby,Durham,1997,October,3 Bedroom,809.0,a,Excellent,rent_history_3518009_whitby
3518009,Whitby,Durham,1997,October,Studio,610.0,b,Very good,rent_history_3518009_whitby
3518009,Whitby,Durham,1997,October,Total,702.0,a,Excellent,rent_history_3518009_whitby
3518009,Whitby,Durham,1998,October,1 Bedroom,662.0,a,Excellent,rent_history_3518009_whitby
3518009,Whitby,Durham,1998,October,2 Bedroom,756.0,a,Excellent,rent_history_3518009_whitby
3518009,Whitby,Durham,1998,October,3 Bedroom,837.0,a,Excellent,rent_history_3518009_whitby
3518009,Whitby,Durham,1998,October,Studio,575.0,c,Good,rent_history_3518009_whitby
3518009,Whitby,Durham,1998,October,Total,734.0,a,Excellent,rent_history_3518009_whitby
3518009,Whitby,Durham,1999,October,1 Bedroom,680.0,a,Excellent,rent_history_3518009_whitby
3518009,Whitby,Durham,1999,October,2 Bedroom,781.0,a,Excellent,rent_history_3518009_whitby
3518009,Whitby,Durham,1999,October,3 Bedroom,883.0,a,Excellent,rent_history_3518009_whitby
3518009,Whitby,Durham,1999,October,Studio,608.0,a,Excellent,rent_history_3518009_whitby
3518009,Whitby,Durham,1999,October,Total,757.0,a,Excellent,rent_history_3518009_whitby
3518009,Whitby,Durham,2000,October,1 Bedroom,750.0,a,Excellent,rent_history_3518009_whitby
3518009,Whitby,Durham,2000,October,2 Bedroom,842.0,a,Excellent,rent_history_3518009_whitby
3518009,Whitby,Durham,2000,October,3 Bedroom,915.0,a,Excellent,rent_history_3518009_whitby
3518009,Whitby,Durham,2000,October,Studio,590.0,c,Good,rent_history_3518009_whitby
3518009,Whitby,Durham,2000,October,Total,818.0,a,Excellent,rent_history_3518009_whitby
3518009,Whitby,Durham,2001,October,1 Bedroom,730.0,a,Excellent,rent_history_3518009_whitby
3518009,Whitby,Durham,2001,October,2 Bedroom,862.0,a,Excellent,rent_history_3518009_whitby
3518009,Whitby,Durham,2001,October,3 Bedroom,952.0,a,Excellent,rent_history_3518009_whitby
3518009,Whitby,Durham,2001,October,Studio,553.0,a,Excellent,rent_history_3518009_whitby
3518009,Whitby,Durham,2001,October,Total,802.0,a,Excellent,rent_history_3518009_whitby
3518009,Whitby,Durham,2002,October,1 Bedroom,786.0,a,Excellent,rent_history_3518009_whitby
3518009,Whitby,Durham,2002,October,2 Bedroom,894.0,a,Excellent,rent_history_3518009_whitby
3518009,Whitby,Durham,2002,October,3 Bedroom,982.0,a,Excellent,rent_history_3518009_whitby
3518009,Whitby,Durham,2002,October,Studio,663.0,c,Good,rent_history_3518009_whitby
3518009,Whitby,Durham,2002,October,Total,855.0,a,Excellent,rent_history_3518009_whitby
3518009,Whitby,Durham,2003,October,1 Bedroom,825.0,a,Excellent,rent_history_3518009_whitby
3518009,Whitby,Durham,2003,October,2 Bedroom,903.0,a,Excellent,rent_history_3518009_whitby
3518009,Whitby,Durham,2003,October,3 Bedroom,1012.0,a,Excellent,rent_history_3518009_whitby
3518009,Whitby,Durham,2003,October,Studio,628.0,a,Excellent,rent_history_3518009_whitby
3518009,Whitby,Durham,2003,October,Total,884.0,a,Excellent,rent_history_3518009_whitby
3518009,Whitby,Durham,2004,October,1 Bedroom,787.0,a,Excellent,rent_history_3518009_whitby
3518009,Whitby,Durham,2004,October,2 Bedroom,879.0,a,Excellent,rent_history_3518009_whitby
3518009,Whitby,Durham,2004,October,3 Bedroom,993.0,a,Excellent,rent_history_3518009_whitby
3518009,Whitby,Durham,2004,October,Studio,658.0,c,Good,rent_history_3518009_whitby
3518009,Whitby,Durham,2004,October,Total,849.0,a,Excellent,rent_history_3518009_whitby
3518009,Whitby,Durham,2005,October,1 Bedroom,817.0,a,Excellent,rent_history_3518009_whitby
3518009,Whitby,Durham,2005,October,2 Bedroom,899.0,a,Excellent,rent_history_3518009_whitby
3518009,Whitby,Durham,2005,October,3 Bedroom,998.0,a,Excellent,rent_history_3518009_whitby
3518009,Whitby,Durham,2005,October,Studio,693.0,c,Good,rent_history_3518009_whitby
3518009,Whitby,Durham,2005,October,Total,873.0,a,Excellent,rent_history_3518009_whitby
3518009,Whitby,Durham,2006,October,1 Bedroom,819.0,a,Excellent,rent_history_3518009_whitby
3518009,Whitby,Durham,2006,October,2 Bedroom,908.0,a,Excellent,rent_history_3518009_whitby
3518009,Whitby,Durham,2006,October,3 Bedroom,1025.0,a,Excellent,rent_history_3518009_whitby
3518009,Whitby,Durham,2006,October,Studio,699.0,c,Good,rent_history_3518009_whitby
3518009,Whitby,Durham,2006,October,Total,885.0,a,Excellent,rent_history_3518009_whitby
3518009,Whitby,Durham,2007,October,1 Bedroom,818.0,a,Excellent,rent_history_3518009_whitby
3518009,Whitby,Durham,2007,October,2 Bedroom,923.0,a,Excellent,rent_history_3518009_whitby
3518009,Whitby,Durham,2007,October,3 Bedroom,1011.0,a,Excellent,rent_history_3518009_whitby
3518009,Whitby,Durham,2007,October,Studio,659.0,b,Very good,rent_history_3518009_whitby
3518009,Whitby,Durham,2007,October,Total,883.0,a,Excellent,rent_history_3518009_whitby
3518009,Whitby,Durham,2008,October,1 Bedroom,829.0,a,Excellent,rent_history_3518009_whitby
3518009,Whitby,Durham,2008,October,2 Bedroom,940.0,a,Excellent,rent_history_3518009_whitby
3518009,Whitby,Durham,2008,October,3 Bedroom,1026.0,a,Excellent,rent_history_3518009_whitby
3518009,Whitby,Durham,2008,October,Studio,696.0,b,Very good,rent_history_3518009_whitby
3518009,Whitby,Durham,2008,October,Total,905.0,a,Excellent,rent_history_3518009_whitby
3518009,Whitby,Durham,2009,October,1 Bedroom,855.0,a,Excellent,rent_history_3518009_whitby
3518009,Whitby,Durham,2009,October,2 Bedroom,959.0,a,Excellent,rent_history_3518009_whitby
3518009,Whitby,Durham,2009,October,3 Bedroom,1045.0,a,Excellent,rent_history_3518009_whitby
3518009,Whitby,Durham,2009,October,Studio,745.0,d,Poor - use with caution,rent_history_3518009_whitby
3518009,Whitby,Durham,2009,October,Total,926.0,a,Excellent,rent_history_3518009_whitby
3518009,Whitby,Durham,2010,October,1 Bedroom,869.0,a,Excellent,rent_history_3518009_whitby
3518009,Whitby,Durham,2010,October,2 Bedroom,962.0,a,Excellent,rent_history_3518009_whitby
3518009,Whitby,Durham,2010,October,3 Bedroom,1050.0,a,Excellent,rent_history_3518009_whitby
3518009,Whitby,Durham,2010,October,Studio,717.0,b,Very good,rent_history_3518009_whitby
3518009,Whitby,Durham,2010,October,Total,932.0,a,Excellent,rent_history_3518009_whitby
3518009,Whitby,Durham,2011,October,1 Bedroom,892.0,a,Excellent,rent_history_3518009_whitby
3518009,Whitby,Durham,2011,October,2 Bedroom,1023.0,a,Excellent,rent_history_3518009_whitby
3518009,Whitby,Durham,2011,October,3 Bedroom,1068.0,a,Excellent,rent_history_3518009_whitby
3518009,Whitby,Durham,2011,October,Studio,710.0,b,Very good,rent_history_3518009_whitby
3518009,Whitby,Durham,2011,October,Total,975.0,a,Excellent,rent_history_3518009_whitby
3518009,Whitby,Durham,2012,October,1 Bedroom,909.0,a,Excellent,rent_history_3518009_whitby
3518009,Whitby,Durham,2012,October,2 Bedroom,1007.0,a,Excellent,rent_history_3518009_whitby
3518009,Whitby,Durham,2012,October,3 Bedroom,1083.0,a,Excellent,rent_history_3518009_whitby
3518009,Whitby,Durham,2012,October,Studio,775.0,c,Good,rent_history_3518009_whitby
3518009,Whitby,Durham,2012,October,Total,969.0,a,Excellent,rent_history_3518009_whitby
3518009,Whitby,Durham,2013,October,1 Bedroom,938.0,a,Excellent,rent_history_3518009_whitby
3518009,Whitby,Durham,2013,October,2 Bedroom,1021.0,a,Excellent,rent_history_3518009_whitby
3518009,Whitby,Durham,2013,October,3 Bedroom,1122.0,a,Excellent,rent_history_3518009_whitby
3518009,Whitby,Durham,2013,October,Studio,789.0,c,Good,rent_history_3518009_whitby
3518009,Whitby,Durham,2013,October,Total,992.0,a,Excellent,rent_history_3518009_whitby
3518009,Whitby,Durham,2014,October,1 Bedroom,951.0,a,Excellent,rent_history_3518009_whitby
3518009,Whitby,Durham,2014,October,2 Bedroom,1040.0,a,Excellent,rent_history_3518009_whitby
3518009,Whitby,Durham,2014,October,3 Bedroom,1128.0,a,Excellent,rent_history_3518009_whitby
3518009,Whitby,Durham,2014,October,Studio,799.0,b,Very good,rent_history_3518009_whitby
3518009,Whitby,Durham,2014,October,Total,1009.0,a,Excellent,rent_history_3518009_whitby
3518009,Whitby,Durham,2015,October,1 Bedroom,963.0,a,Excellent,rent_history_3518009_whitby
3518009,Whitby,Durham,2015,October,2 Bedroom,1066.0,a,Excellent,rent_history_3518009_whitby
3518009,Whitby,Durham,2015,October,3 Bedroom,1152.0,a,Excellent,rent_history_3518009_whitby
3518009,Whitby,Durham,2015,October,Studio,861.0,a,Excellent,rent_history_3518009_whitby
3518009,Whitby,Durham,2015,October,Total,1020.0,a,Excellent,rent_history_3518009_whitby
3518009,Whitby,Durham,2016,October,1 Bedroom,1019.0,a,Excellent,rent_history_3518009_whitby
3518009,Whitby,Durham,2016,October,2 Bedroom,1103.0,a,Excellent,rent_history_3518009_whitby
3518009,Whitby,Durham,2016,October,3 Bedroom,1221.0,b,Very good,rent_history_3518009_whitby
3518009,Whitby,Durham,2016,October,Total,1053.0,a,Excellent,rent_history_3518009_whitby
3518009,Whitby,Durham,2017,October,1 Bedroom,1027.0,a,Excellent,rent_history_3518009_whitby
3518009,Whitby,Durham,2017,October,2 Bedroom,1124.0,a,Excellent,rent_history_3518009_whitby
3518009,Whitby,Durham,2017,October,3 Bedroom,1251.0,a,Excellent,rent_history_3518009_whitby
3518009,Whitby,Durham,2017,October,Studio,895.0,c,Good,rent_history_3518009_whitby
3518009,Whitby,Durham,2017,October,Total,1096.0,a,Excellent,rent_history_3518009_whitby
3518009,Whitby,Durham,2018,October,1 Bedroom,1069.0,a,Excellent,rent_history_3518009_whitby
3518009,Whitby,Durham,2018,October,2 Bedroom,1152.0,a,Excellent,rent_history_3518009_whitby
3518009,Whitby,Durham,2018,October,3 Bedroom,1290.0,a,Excellent,rent_history_3518009_whitby
3518009,Whitby,Durham,2018,October,Studio,905.0,d,Poor - use with caution,rent_history_3518009_whitby
3518009,Whitby,Durham,2018,October,Total,1138.0,a,Excellent,rent_history_3518009_whitby
3518009,Whitby,Durham,2019,October,1 Bedroom,1178.0,a,Excellent,rent_history_3518009_whitby
3518009,Whitby,Durham,2019,October,2 Bedroom,1251.0,a,Excellent,rent_history_3518009_whitby
3518009,Whitby,Durham,2019,October,3 Bedroom,1325.0,a,Excellent,rent_history_3518009_whitby
3518009,Whitby,Durham,2019,October,Studio,1036.0,c,Good,rent_history_3518009_whitby
3518009,Whitby,Durham,2019,October,Total,1227.0,a,Excellent,rent_history_3518009_whitby
3518009,Whitby,Durham,2020,October,1 Bedroom,1252.0,a,Excellent,rent_history_3518009_whitby
3518009,Whitby,Durham,2020,October,2 Bedroom,1330.0,a,Excellent,rent_history_3518009_whitby
3518009,Whitby,Durham,2020,October,3 Bedroom,1425.0,a,Excellent,rent_history_3518009_whitby
3518009,Whitby,Durham,2020,October,Studio,1022.0,d,Poor - use with caution,rent_history_3518009_whitby
3518009,Whitby,Durham,2020,October,Total,1304.0,a,Excellent,rent_history_3518009_whitby
3518009,Whitby,Durham,2021,October,1 Bedroom,1272.0,a,Excellent,rent_history_3518009_whitby
3518009,Whitby,Durham,2021,October,2 Bedroom,1390.0,a,Excellent,rent_history_3518009_whitby
3518009,Whitby,Durham,2021,October,3 Bedroom,1471.0,a,Excellent,rent_history_3518009_whitby
3518009,Whitby,Durham,2021,October,Studio,890.0,d,Poor - use with caution,rent_history_3518009_whitby
3518009,Whitby,Durham,2021,October,Total,1356.0,a,Excellent,rent_history_3518009_whitby
3518009,Whitby,Durham,2022,October,1 Bedroom,1312.0,a,Excellent,rent_history_3518009_whitby
3518009,Whitby,Durham,2022,October,2 Bedroom,1393.0,a,Excellent,rent_history_3518009_whitby
3518009,Whitby,Durham,2022,October,3 Bedroom,1444.0,a,Excellent,rent_history_3518009_whitby
3518009,Whitby,Durham,2022,October,Studio,1010.0,b,Very good,rent_history_3518009_whitby
3518009,Whitby,Durham,2022,October,Total,1349.0,a,Excellent,rent_history_3518009_whitby
3518009,Whitby,Durham,2023,October,1 Bedroom,1287.0,b,Very good,rent_history_3518009_whitby
3518009,Whitby,Durham,2023,October,2 Bedroom,1433.0,a,Excellent,rent_history_3518009_whitby
3518009,Whitby,Durham,2023,October,3 Bedroom,1535.0,a,Excellent,rent_history_3518009_whitby
3518009,Whitby,Durham,2023,October,Total,1397.0,a,Excellent,rent_history_3518009_whitby
3518009,Whitby,Durham,2024,October,1 Bedroom,1525.0,b,Very good,rent_history_3518009_whitby
3518009,Whitby,Durham,2024,October,2 Bedroom,1656.0,a,Excellent,rent_history_3518009_whitby
3518009,Whitby,Durham,2024,October,3 Bedroom,1743.0,a,Excellent,rent_history_3518009_whitby
3518009,Whitby,Durham,2024,October,Studio,1184.0,c,Good,rent_history_3518009_whitby
3518009,Whitby,Durham,2024,October,Total,1641.0,a,Excellent,rent_history_3518009_whitby
3518009,Whitby,Durham,2025,October,1 Bedroom,1525.0,a,Excellent,rent_history_3518009_whitby
3518009,Whitby,Durham,2025,October,2 Bedroom,1673.0,a,Excellent,rent_history_3518009_whitby
3518009,Whitby,Durham,2025,October,3 Bedroom,1761.0,a,Excellent,rent_history_3518009_whitby
3518009,Whitby,Durham,2025,October,Studio,1394.0,b,Very good,rent_history_3518009_whitby
3518009,Whitby,Durham,2025,October,Total,1634.0,a,Excellent,rent_history_3518009_whitby
3519044,Whitchurch Stouffville,York,1990,October,1 Bedroom,520.0,a,Excellent,rent_history_3519044_whitchurch_stouffville
3519044,Whitchurch Stouffville,York,1990,October,2 Bedroom,605.0,a,Excellent,rent_history_3519044_whitchurch_stouffville
3519044,Whitchurch Stouffville,York,1990,October,Total,573.0,a,Excellent,rent_history_3519044_whitchurch_stouffville
3519044,Whitchurch Stouffville,York,1991,October,1 Bedroom,544.0,a,Excellent,rent_history_3519044_whitchurch_stouffville
3519044,Whitchurch Stouffville,York,1991,October,2 Bedroom,653.0,a,Excellent,rent_history_3519044_whitchurch_stouffville
3519044,Whitchurch Stouffville,York,1991,October,Total,613.0,a,Excellent,rent_history_3519044_whitchurch_stouffville
3519044,Whitchurch Stouffville,York,1992,October,1 Bedroom,566.0,a,Excellent,rent_history_3519044_whitchurch_stouffville
3519044,Whitchurch Stouffville,York,1992,October,2 Bedroom,657.0,a,Excellent,rent_history_3519044_whitchurch_stouffville
3519044,Whitchurch Stouffville,York,1992,October,Total,622.0,a,Excellent,rent_history_3519044_whitchurch_stouffville
3519044,Whitchurch Stouffville,York,1993,October,1 Bedroom,578.0,a,Excellent,rent_history_3519044_whitchurch_stouffville
3519044,Whitchurch Stouffville,York,1993,October,2 Bedroom,708.0,a,Excellent,rent_history_3519044_whitchurch_stouffville
3519044,Whitchurch Stouffville,York,1993,October,Total,661.0,a,Excellent,rent_history_3519044_whitchurch_stouffville
3519044,Whitchurch Stouffville,York,1994,October,1 Bedroom,569.0,a,Excellent,rent_history_3519044_whitchurch_stouffville
3519044,Whitchurch Stouffville,York,1994,October,2 Bedroom,695.0,a,Excellent,rent_history_3519044_whitchurch_stouffville
3519044,Whitchurch Stouffville,York,1994,October,Total,651.0,a,Excellent,rent_history_3519044_whitchurch_stouffville
3519044,Whitchurch Stouffville,York,1995,October,1 Bedroom,652.0,a,Excellent,rent_history_3519044_whitchurch_stouffville
3519044,Whitchurch Stouffville,York,1995,October,2 Bedroom,751.0,a,Excellent,rent_history_3519044_whitchurch_stouffville
3519044,Whitchurch Stouffville,York,1995,October,Total,712.0,a,Excellent,rent_history_3519044_whitchurch_stouffville
3519044,Whitchurch Stouffville,York,1996,October,1 Bedroom,689.0,b,Very good,rent_history_3519044_whitchurch_stouffville
3519044,Whitchurch Stouffville,York,1996,October,2 Bedroom,777.0,a,Excellent,rent_history_3519044_whitchurch_stouffville
3519044,Whitchurch Stouffville,York,1996,October,Total,748.0,a,Excellent,rent_history_3519044_whitchurch_stouffville
3519044,Whitchurch Stouffville,York,1997,October,1 Bedroom,698.0,a,Excellent,rent_history_3519044_whitchurch_stouffville
3519044,Whitchurch Stouffville,York,1997,October,2 Bedroom,757.0,a,Excellent,rent_history_3519044_whitchurch_stouffville
3519044,Whitchurch Stouffville,York,1997,October,Total,739.0,a,Excellent,rent_history_3519044_whitchurch_stouffville
3519044,Whitchurch Stouffville,York,1998,October,2 Bedroom,795.0,b,Very good,rent_history_3519044_whitchurch_stouffville
3519044,Whitchurch Stouffville,York,1998,October,Total,749.0,a,Excellent,rent_history_3519044_whitchurch_stouffville
3519044,Whitchurch Stouffville,York,1999,October,1 Bedroom,742.0,a,Excellent,rent_history_3519044_whitchurch_stouffville
3519044,Whitchurch Stouffville,York,1999,October,2 Bedroom,812.0,a,Excellent,rent_history_3519044_whitchurch_stouffville
3519044,Whitchurch Stouffville,York,1999,October,Total,786.0,a,Excellent,rent_history_3519044_whitchurch_stouffville
3519044,Whitchurch Stouffville,York,2004,October,1 Bedroom,857.0,a,Excellent,rent_history_3519044_whitchurch_stouffville
3519044,Whitchurch Stouffville,York,2004,October,2 Bedroom,914.0,a,Excellent,rent_history_3519044_whitchurch_stouffville
3519044,Whitchurch Stouffville,York,2004,October,Total,891.0,a,Excellent,rent_history_3519044_whitchurch_stouffville
3519044,Whitchurch Stouffville,York,2005,October,1 Bedroom,818.0,a,Excellent,rent_history_3519044_whitchurch_stouffville
3519044,Whitchurch Stouffville,York,2005,October,2 Bedroom,909.0,a,Excellent,rent_history_3519044_whitchurch_stouffville
3519044,Whitchurch Stouffville,York,2005,October,Total,873.0,a,Excellent,rent_history_3519044_whitchurch_stouffville
3519044,Whitchurch Stouffville,York,2006,October,1 Bedroom,860.0,a,Excellent,rent_history_3519044_whitchurch_stouffville
3519044,Whitchurch Stouffville,York,2006,October,2 Bedroom,940.0,a,Excellent,rent_history_3519044_whitchurch_stouffville
3519044,Whitchurch Stouffville,York,2006,October,Total,905.0,a,Excellent,rent_history_3519044_whitchurch_stouffville
3519044,Whitchurch Stouffville,York,2007,October,2 Bedroom,1035.0,b,Very good,rent_history_3519044_whitchurch_stouffville
3519044,Whitchurch Stouffville,York,2007,October,Total,965.0,b,Very good,rent_history_3519044_whitchurch_stouffville
3519044,Whitchurch Stouffville,York,2008,October,2 Bedroom,1001.0,b,Very good,rent_history_3519044_whitchurch_stouffville
3519044,Whitchurch Stouffville,York,2008,October,Total,938.0,b,Very good,rent_history_3519044_whitchurch_stouffville
3519044,Whitchurch Stouffville,York,2010,October,1 Bedroom,907.0,a,Excellent,rent_history_3519044_whitchurch_stouffville
3519044,Whitchurch Stouffville,York,2010,October,2 Bedroom,950.0,a,Excellent,rent_history_3519044_whitchurch_stouffville
3519044,Whitchurch Stouffville,York,2010,October,Total,934.0,a,Excellent,rent_history_3519044_whitchurch_stouffville
3519044,Whitchurch Stouffville,York,2011,October,1 Bedroom,929.0,a,Excellent,rent_history_3519044_whitchurch_stouffville
3519044,Whitchurch Stouffville,York,2011,October,2 Bedroom,1001.0,a,Excellent,rent_history_3519044_whitchurch_stouffville
3519044,Whitchurch Stouffville,York,2011,October,Total,970.0,a,Excellent,rent_history_3519044_whitchurch_stouffville
3519044,Whitchurch Stouffville,York,2012,October,1 Bedroom,959.0,a,Excellent,rent_history_3519044_whitchurch_stouffville
3519044,Whitchurch Stouffville,York,2012,October,2 Bedroom,1025.0,a,Excellent,rent_history_3519044_whitchurch_stouffville
3519044,Whitchurch Stouffville,York,2012,October,Total,997.0,a,Excellent,rent_history_3519044_whitchurch_stouffville
3519044,Whitchurch Stouffville,York,2013,October,1 Bedroom,1002.0,a,Excellent,rent_history_3519044_whitchurch_stouffville
3519044,Whitchurch Stouffville,York,2013,October,2 Bedroom,1050.0,a,Excellent,rent_history_3519044_whitchurch_stouffville
3519044,Whitchurch Stouffville,York,2013,October,Total,1030.0,a,Excellent,rent_history_3519044_whitchurch_stouffville
3519044,Whitchurch Stouffville,York,2014,October,1 Bedroom,1050.0,a,Excellent,rent_history_3519044_whitchurch_stouffville
3519044,Whitchurch Stouffville,York,2014,October,2 Bedroom,1101.0,a,Excellent,rent_history_3519044_whitchurch_stouffville
3519044,Whitchurch Stouffville,York,2014,October,Total,1080.0,a,Excellent,rent_history_3519044_whitchurch_stouffville
3519044,Whitchurch Stouffville,York,2015,October,1 Bedroom,1080.0,c,Good,rent_history_3519044_whitchurch_stouffville
3519044,Whitchurch Stouffville,York,2015,October,2 Bedroom,1107.0,b,Very good,rent_history_3519044_whitchurch_stouffville
3519044,Whitchurch Stouffville,York,2015,October,Total,1098.0,b,Very good,rent_history_3519044_whitchurch_stouffville
3519044,Whitchurch Stouffville,York,2016,October,1 Bedroom,1112.0,a,Excellent,rent_history_3519044_whitchurch_stouffville
3519044,Whitchurch Stouffville,York,2016,October,2 Bedroom,1179.0,a,Excellent,rent_history_3519044_whitchurch_stouffville
3519044,Whitchurch Stouffville,York,2016,October,Total,1153.0,a,Excellent,rent_history_3519044_whitchurch_stouffville
3519044,Whitchurch Stouffville,York,2017,October,1 Bedroom,1116.0,c,Good,rent_history_3519044_whitchurch_stouffville
3519044,Whitchurch Stouffville,York,2017,October,2 Bedroom,1167.0,b,Very good,rent_history_3519044_whitchurch_stouffville
3519044,Whitchurch Stouffville,York,2017,October,Total,1153.0,b,Very good,rent_history_3519044_whitchurch_stouffville
3519044,Whitchurch Stouffville,York,2019,October,2 Bedroom,1222.0,b,Very good,rent_history_3519044_whitchurch_stouffville
3519044,Whitchurch Stouffville,York,2019,October,Total,1197.0,b,Very good,rent_history_3519044_whitchurch_stouffville
