REF_DATE,GEO,DGUID,Family characteristics,UOM,UOM_ID,SCALAR_FACTOR,SCALAR_ID,VECTOR,COORDINATE,VALUE,STATUS,SYMBOL,TERMINATED,DECIMALS
2000,Canada,2021A11124,All tax filers,Number,223,units,0,v21187309,1.1,22248670,,,,0
2000,Canada,2021A11124,"All tax filers and dependants, all age groups",Number,223,units,0,v21187310,1.2,29891290,,,,0
2000,Canada,2021A11124,"Tax filers and dependants, under age 15 years",Number,223,units,0,v21187311,1.3,5824310,,,,0
2000,Canada,2021A11124,Tax filers and dependants aged 15 to 64 years,Number,223,units,0,v21187312,1.4,20260360,,,,0
2000,Canada,2021A11124,Tax filers and dependants aged 65 years and over,Number,223,units,0,v21187313,1.5,3806620,,,,0
2000,Canada,2021A11124,All families,Number,223,units,0,v21187314,1.6,8436100,,,,0
2000,Canada,2021A11124,Couple families,Number,223,units,0,v21187315,1.7,7118340,,,,0
2000,Canada,2021A11124,One-parent families,Number,223,units,0,v21187316,1.8,1317760,,,,0
2000,Canada,2021A11124,"Median total income, all families",Dollars,81,units,0,v21187317,1.9,50800,,,,0
2000,Canada,2021A11124,"Per capita income, all families",Dollars,81,units,0,v21187318,1.10,21800,,,t,0
2000,Canada,2021A11124,"Median total income, couple families",Dollars,81,units,0,v21187319,1.11,56500,,,,0
2000,Canada,2021A11124,"Per capita income, couple families",Dollars,81,units,0,v21187320,1.12,23200,,,t,0
2000,Canada,2021A11124,"Median total income, one-parent families",Dollars,81,units,0,v21187321,1.13,24900,,,,0
2000,Canada,2021A11124,"Per capita income, one-parent families",Dollars,81,units,0,v21187322,1.14,12700,,,t,0
2000,Canada,2021A11124,Total persons in families,Number,223,units,0,v21187323,1.15,25017950,,,,0
2000,Canada,2021A11124,Persons in couple families,Number,223,units,0,v21187324,1.16,21605030,,,,0
2000,Canada,2021A11124,Persons in one-parent families,Number,223,units,0,v21187325,1.17,3412920,,,,0
2000,Canada,2021A11124,Persons not in census families,Number,223,units,0,v21187326,1.18,4873340,,,,0
2000,Canada,2021A11124,"Median total income, persons not in census families",Dollars,81,units,0,v21187327,1.19,18600,,,t,0
2000,Canada,2021A11124,"Per capita income, persons not in census families",Dollars,81,units,0,v21187328,1.20,26800,,,t,0
2000,Canada,2021A11124,Families with employment income,Number,223,units,0,v21187329,1.21,6995500,,,,0
2000,Canada,2021A11124,Median employment income of families,Dollars,81,units,0,v21187330,1.22,48600,,,,0
2000,Canada,2021A11124,Persons not in census families with employment income,Number,223,units,0,v21187331,1.23,2905480,,,,0
2000,Canada,2021A11124,Median employment income of persons not in census families,Dollars,81,units,0,v21187332,1.24,21200,,,,0
2000,Canada,2021A11124,Dual-earner couple families,Number,223,units,0,v21187333,1.25,4130610,,,,0
2000,Canada,2021A11124,Median employment income of dual-earner couple families,Dollars,81,units,0,v21187334,1.26,62500,,,,0
2000,Canada,2021A11124,Single-earner-male couple families,Number,223,units,0,v21187335,1.27,1167260,,,,0
2000,Canada,2021A11124,Median employment income of single-earner-male couple families,Dollars,81,units,0,v21187336,1.28,30100,,,,0
2000,Canada,2021A11124,Single-earner-female couple families,Number,223,units,0,v21187337,1.29,425960,,,,0
2000,Canada,2021A11124,Median employment income of single-earner-female couple families,Dollars,81,units,0,v21187338,1.30,16900,,,,0
2000,Canada,2021A11124,Families with government transfers,Number,223,units,0,v21187339,1.31,6947880,,,,0
2000,Canada,2021A11124,Average government transfers to families,Dollars,81,units,0,v21187340,1.32,7700,,,t,0
2000,Canada,2021A11124,Persons not in census families with government transfers,Number,223,units,0,v21187341,1.33,3991590,,,,0
2000,Canada,2021A11124,Average government transfers to persons not in census families,Dollars,81,units,0,v21187342,1.34,6400,,,t,0
2000,Canada,2021A11124,Families with labour income,Number,223,units,0,v21187343,1.35,7019610,,,,0
2000,Canada,2021A11124,Families receiving Employment Insurance benefits,Number,223,units,0,v21187344,1.36,1534760,,,,0
2000,Canada,2021A11124,Average Employment Insurance benefits received by families,Dollars,81,units,0,v21187345,1.37,4900,,,t,0
2000,Canada,2021A11124,Persons not in census families with labour income,Number,223,units,0,v21187346,1.38,2923920,,,,0
2000,Canada,2021A11124,Persons not in census families receiving Employment Insurance benefits,Number,223,units,0,v21187347,1.39,389450,,,,0
2000,Canada,2021A11124,Average Employment Insurance benefits received by persons not in census families,Dollars,81,units,0,v21187348,1.40,4200,,,t,0
2000,Ontario,2021A000235,All tax filers,Number,223,units,0,v21187909,16.1,8393800,,,,0
2000,Ontario,2021A000235,"All tax filers and dependants, all age groups",Number,223,units,0,v21187910,16.2,11331080,,,,0
2000,Ontario,2021A000235,"Tax filers and dependants, under age 15 years",Number,223,units,0,v21187911,16.3,2252680,,,,0
2000,Ontario,2021A000235,Tax filers and dependants aged 15 to 64 years,Number,223,units,0,v21187912,16.4,7634220,,,,0
2000,Ontario,2021A000235,Tax filers and dependants aged 65 years and over,Number,223,units,0,v21187913,16.5,1444180,,,,0
2000,Ontario,2021A000235,All families,Number,223,units,0,v21187914,16.6,3217670,,,,0
2000,Ontario,2021A000235,Couple families,Number,223,units,0,v21187915,16.7,2725440,,,,0
2000,Ontario,2021A000235,One-parent families,Number,223,units,0,v21187916,16.8,492220,,,,0
2000,Ontario,2021A000235,"Median total income, all families",Dollars,81,units,0,v21187917,16.9,55700,,,,0
2000,Ontario,2021A000235,"Per capita income, all families",Dollars,81,units,0,v21187918,16.10,24100,,,t,0
2000,Ontario,2021A000235,"Median total income, couple families",Dollars,81,units,0,v21187919,16.11,61800,,,,0
2000,Ontario,2021A000235,"Per capita income, couple families",Dollars,81,units,0,v21187920,16.12,25700,,,t,0
2000,Ontario,2021A000235,"Median total income, one-parent families",Dollars,81,units,0,v21187921,16.13,27200,,,,0
2000,Ontario,2021A000235,"Per capita income, one-parent families",Dollars,81,units,0,v21187922,16.14,13900,,,t,0
2000,Ontario,2021A000235,Total persons in families,Number,223,units,0,v21187923,16.15,9602290,,,,0
2000,Ontario,2021A000235,Persons in couple families,Number,223,units,0,v21187924,16.16,8327010,,,,0
2000,Ontario,2021A000235,Persons in one-parent families,Number,223,units,0,v21187925,16.17,1275280,,,,0
2000,Ontario,2021A000235,Persons not in census families,Number,223,units,0,v21187926,16.18,1728800,,,,0
2000,Ontario,2021A000235,"Median total income, persons not in census families",Dollars,81,units,0,v21187927,16.19,20900,,,t,0
2000,Ontario,2021A000235,"Per capita income, persons not in census families",Dollars,81,units,0,v21187928,16.20,29800,,,t,0
2000,Ontario,2021A000235,Families with employment income,Number,223,units,0,v21187929,16.21,2669650,,,,0
2000,Ontario,2021A000235,Median employment income of families,Dollars,81,units,0,v21187930,16.22,54200,,,,0
2000,Ontario,2021A000235,Persons not in census families with employment income,Number,223,units,0,v21187931,16.23,1036620,,,,0
2000,Ontario,2021A000235,Median employment income of persons not in census families,Dollars,81,units,0,v21187932,16.24,23600,,,,0
2000,Ontario,2021A000235,Dual-earner couple families,Number,223,units,0,v21187933,16.25,1566030,,,,0
2000,Ontario,2021A000235,Median employment income of dual-earner couple families,Dollars,81,units,0,v21187934,16.26,69300,,,,0
2000,Ontario,2021A000235,Single-earner-male couple families,Number,223,units,0,v21187935,16.27,453310,,,,0
2000,Ontario,2021A000235,Median employment income of single-earner-male couple families,Dollars,81,units,0,v21187936,16.28,32700,,,,0
2000,Ontario,2021A000235,Single-earner-female couple families,Number,223,units,0,v21187937,16.29,170000,,,,0
2000,Ontario,2021A000235,Median employment income of single-earner-female couple families,Dollars,81,units,0,v21187938,16.30,19200,,,,0
2000,Ontario,2021A000235,Families with government transfers,Number,223,units,0,v21187939,16.31,2564030,,,,0
2000,Ontario,2021A000235,Average government transfers to families,Dollars,81,units,0,v21187940,16.32,7600,,,t,0
2000,Ontario,2021A000235,Persons not in census families with government transfers,Number,223,units,0,v21187941,16.33,1357390,,,,0
2000,Ontario,2021A000235,Average government transfers to persons not in census families,Dollars,81,units,0,v21187942,16.34,6800,,,t,0
2000,Ontario,2021A000235,Families with labour income,Number,223,units,0,v21187943,16.35,2675770,,,,0
2000,Ontario,2021A000235,Families receiving Employment Insurance benefits,Number,223,units,0,v21187944,16.36,433450,,,,0
2000,Ontario,2021A000235,Average Employment Insurance benefits received by families,Dollars,81,units,0,v21187945,16.37,4500,,,t,0
2000,Ontario,2021A000235,Persons not in census families with labour income,Number,223,units,0,v21187946,16.38,1041230,,,,0
2000,Ontario,2021A000235,Persons not in census families receiving Employment Insurance benefits,Number,223,units,0,v21187947,16.39,90900,,,,0
2000,Ontario,2021A000235,Average Employment Insurance benefits received by persons not in census families,Dollars,81,units,0,v21187948,16.40,4000,,,t,0
2000,"Oshawa, Ontario",2016S0503532,All tax filers,Number,223,units,0,v21187989,18.1,206070,,,,0
2000,"Oshawa, Ontario",2016S0503532,"All tax filers and dependants, all age groups",Number,223,units,0,v21187990,18.2,290180,,,,0
2000,"Oshawa, Ontario",2016S0503532,"Tax filers and dependants, under age 15 years",Number,223,units,0,v21187991,18.3,65880,,,,0
2000,"Oshawa, Ontario",2016S0503532,Tax filers and dependants aged 15 to 64 years,Number,223,units,0,v21187992,18.4,193850,,,,0
2000,"Oshawa, Ontario",2016S0503532,Tax filers and dependants aged 65 years and over,Number,223,units,0,v21187993,18.5,30450,,,,0
2000,"Oshawa, Ontario",2016S0503532,All families,Number,223,units,0,v21187994,18.6,83460,,,,0
2000,"Oshawa, Ontario",2016S0503532,Couple families,Number,223,units,0,v21187995,18.7,70130,,,,0
2000,"Oshawa, Ontario",2016S0503532,One-parent families,Number,223,units,0,v21187996,18.8,13330,,,,0
2000,"Oshawa, Ontario",2016S0503532,"Median total income, all families",Dollars,81,units,0,v21187997,18.9,64800,,,,0
2000,"Oshawa, Ontario",2016S0503532,"Per capita income, all families",Dollars,81,units,0,v21187998,18.10,23900,,,t,0
2000,"Oshawa, Ontario",2016S0503532,"Median total income, couple families",Dollars,81,units,0,v21187999,18.11,71800,,,,0
2000,"Oshawa, Ontario",2016S0503532,"Per capita income, couple families",Dollars,81,units,0,v21188000,18.12,25500,,,t,0
2000,"Oshawa, Ontario",2016S0503532,"Median total income, one-parent families",Dollars,81,units,0,v21188001,18.13,28600,,,,0
2000,"Oshawa, Ontario",2016S0503532,"Per capita income, one-parent families",Dollars,81,units,0,v21188002,18.14,13700,,,t,0
2000,"Oshawa, Ontario",2016S0503532,Total persons in families,Number,223,units,0,v21188003,18.15,254890,,,,0
2000,"Oshawa, Ontario",2016S0503532,Persons in couple families,Number,223,units,0,v21188004,18.16,219860,,,,0
2000,"Oshawa, Ontario",2016S0503532,Persons in one-parent families,Number,223,units,0,v21188005,18.17,35030,,,,0
2000,"Oshawa, Ontario",2016S0503532,Persons not in census families,Number,223,units,0,v21188006,18.18,35290,,,,0
2000,"Oshawa, Ontario",2016S0503532,"Median total income, persons not in census families",Dollars,81,units,0,v21188007,18.19,24000,,,t,0
2000,"Oshawa, Ontario",2016S0503532,"Per capita income, persons not in census families",Dollars,81,units,0,v21188008,18.20,31000,,,t,0
2000,"Oshawa, Ontario",2016S0503532,Families with employment income,Number,223,units,0,v21188009,18.21,71610,,,,0
2000,"Oshawa, Ontario",2016S0503532,Median employment income of families,Dollars,81,units,0,v21188010,18.22,64600,,,,0
2000,"Oshawa, Ontario",2016S0503532,Persons not in census families with employment income,Number,223,units,0,v21188011,18.23,21910,,,,0
2000,"Oshawa, Ontario",2016S0503532,Median employment income of persons not in census families,Dollars,81,units,0,v21188012,18.24,27600,,,,0
2000,"Oshawa, Ontario",2016S0503532,Dual-earner couple families,Number,223,units,0,v21188013,18.25,43540,,,,0
2000,"Oshawa, Ontario",2016S0503532,Median employment income of dual-earner couple families,Dollars,81,units,0,v21188014,18.26,78500,,,,0
2000,"Oshawa, Ontario",2016S0503532,Single-earner-male couple families,Number,223,units,0,v21188015,18.27,12280,,,,0
2000,"Oshawa, Ontario",2016S0503532,Median employment income of single-earner-male couple families,Dollars,81,units,0,v21188016,18.28,44300,,,,0
2000,"Oshawa, Ontario",2016S0503532,Single-earner-female couple families,Number,223,units,0,v21188017,18.29,3570,,,,0
2000,"Oshawa, Ontario",2016S0503532,Median employment income of single-earner-female couple families,Dollars,81,units,0,v21188018,18.30,21700,,,,0
2000,"Oshawa, Ontario",2016S0503532,Families with government transfers,Number,223,units,0,v21188019,18.31,63920,,,,0
2000,"Oshawa, Ontario",2016S0503532,Average government transfers to families,Dollars,81,units,0,v21188020,18.32,7000,,,t,0
2000,"Oshawa, Ontario",2016S0503532,Persons not in census families with government transfers,Number,223,units,0,v21188021,18.33,26530,,,,0
2000,"Oshawa, Ontario",2016S0503532,Average government transfers to persons not in census families,Dollars,81,units,0,v21188022,18.34,7200,,,t,0
2000,"Oshawa, Ontario",2016S0503532,Families with labour income,Number,223,units,0,v21188023,18.35,71730,,,,0
2000,"Oshawa, Ontario",2016S0503532,Families receiving Employment Insurance benefits,Number,223,units,0,v21188024,18.36,10840,,,,0
2000,"Oshawa, Ontario",2016S0503532,Average Employment Insurance benefits received by families,Dollars,81,units,0,v21188025,18.37,4400,,,t,0
2000,"Oshawa, Ontario",2016S0503532,Persons not in census families with labour income,Number,223,units,0,v21188026,18.38,21980,,,,0
2000,"Oshawa, Ontario",2016S0503532,Persons not in census families receiving Employment Insurance benefits,Number,223,units,0,v21188027,18.39,1920,,,,0
2000,"Oshawa, Ontario",2016S0503532,Average Employment Insurance benefits received by persons not in census families,Dollars,81,units,0,v21188028,18.40,3800,,,t,0
2000,"Toronto, Ontario",2016S0503535,All tax filers,Number,223,units,0,v21188029,19.1,3421850,,,,0
2000,"Toronto, Ontario",2016S0503535,"All tax filers and dependants, all age groups",Number,223,units,0,v21188030,19.2,4601930,,,,0
2000,"Toronto, Ontario",2016S0503535,"Tax filers and dependants, under age 15 years",Number,223,units,0,v21188031,19.3,907000,,,,0
2000,"Toronto, Ontario",2016S0503535,Tax filers and dependants aged 15 to 64 years,Number,223,units,0,v21188032,19.4,3176460,,,,0
2000,"Toronto, Ontario",2016S0503535,Tax filers and dependants aged 65 years and over,Number,223,units,0,v21188033,19.5,518470,,,,0
2000,"Toronto, Ontario",2016S0503535,All families,Number,223,units,0,v21188034,19.6,1299290,,,,0
2000,"Toronto, Ontario",2016S0503535,Couple families,Number,223,units,0,v21188035,19.7,1097590,,,,0
2000,"Toronto, Ontario",2016S0503535,One-parent families,Number,223,units,0,v21188036,19.8,201700,,,,0
2000,"Toronto, Ontario",2016S0503535,"Median total income, all families",Dollars,81,units,0,v21188037,19.9,55300,,,,0
2000,"Toronto, Ontario",2016S0503535,"Per capita income, all families",Dollars,81,units,0,v21188038,19.10,26000,,,t,0
2000,"Toronto, Ontario",2016S0503535,"Median total income, couple families",Dollars,81,units,0,v21188039,19.11,61700,,,,0
2000,"Toronto, Ontario",2016S0503535,"Per capita income, couple families",Dollars,81,units,0,v21188040,19.12,27700,,,t,0
2000,"Toronto, Ontario",2016S0503535,"Median total income, one-parent families",Dollars,81,units,0,v21188041,19.13,29400,,,,0
2000,"Toronto, Ontario",2016S0503535,"Per capita income, one-parent families",Dollars,81,units,0,v21188042,19.14,15200,,,t,0
2000,"Toronto, Ontario",2016S0503535,Total persons in families,Number,223,units,0,v21188043,19.15,3905420,,,,0
2000,"Toronto, Ontario",2016S0503535,Persons in couple families,Number,223,units,0,v21188044,19.16,3387630,,,,0
2000,"Toronto, Ontario",2016S0503535,Persons in one-parent families,Number,223,units,0,v21188045,19.17,517800,,,,0
2000,"Toronto, Ontario",2016S0503535,Persons not in census families,Number,223,units,0,v21188046,19.18,696510,,,,0
2000,"Toronto, Ontario",2016S0503535,"Median total income, persons not in census families",Dollars,81,units,0,v21188047,19.19,21600,,,t,0
2000,"Toronto, Ontario",2016S0503535,"Per capita income, persons not in census families",Dollars,81,units,0,v21188048,19.20,32000,,,t,0
2000,"Toronto, Ontario",2016S0503535,Families with employment income,Number,223,units,0,v21188049,19.21,1083890,,,,0
2000,"Toronto, Ontario",2016S0503535,Median employment income of families,Dollars,81,units,0,v21188050,19.22,55100,,,,0
2000,"Toronto, Ontario",2016S0503535,Persons not in census families with employment income,Number,223,units,0,v21188051,19.23,439220,,,,0
2000,"Toronto, Ontario",2016S0503535,Median employment income of persons not in census families,Dollars,81,units,0,v21188052,19.24,26400,,,,0
2000,"Toronto, Ontario",2016S0503535,Dual-earner couple families,Number,223,units,0,v21188053,19.25,625950,,,,0
2000,"Toronto, Ontario",2016S0503535,Median employment income of dual-earner couple families,Dollars,81,units,0,v21188054,19.26,71100,,,,0
2000,"Toronto, Ontario",2016S0503535,Single-earner-male couple families,Number,223,units,0,v21188055,19.27,185970,,,,0
2000,"Toronto, Ontario",2016S0503535,Median employment income of single-earner-male couple families,Dollars,81,units,0,v21188056,19.28,31600,,,,0
2000,"Toronto, Ontario",2016S0503535,Single-earner-female couple families,Number,223,units,0,v21188057,19.29,74990,,,,0
2000,"Toronto, Ontario",2016S0503535,Median employment income of single-earner-female couple families,Dollars,81,units,0,v21188058,19.30,21100,,,,0
2000,"Toronto, Ontario",2016S0503535,Families with government transfers,Number,223,units,0,v21188059,19.31,1017140,,,,0
2000,"Toronto, Ontario",2016S0503535,Average government transfers to families,Dollars,81,units,0,v21188060,19.32,6900,,,t,0
2000,"Toronto, Ontario",2016S0503535,Persons not in census families with government transfers,Number,223,units,0,v21188061,19.33,524450,,,,0
2000,"Toronto, Ontario",2016S0503535,Average government transfers to persons not in census families,Dollars,81,units,0,v21188062,19.34,6000,,,t,0
2000,"Toronto, Ontario",2016S0503535,Families with labour income,Number,223,units,0,v21188063,19.35,1086420,,,,0
2000,"Toronto, Ontario",2016S0503535,Families receiving Employment Insurance benefits,Number,223,units,0,v21188064,19.36,155520,,,,0
2000,"Toronto, Ontario",2016S0503535,Average Employment Insurance benefits received by families,Dollars,81,units,0,v21188065,19.37,4600,,,t,0
2000,"Toronto, Ontario",2016S0503535,Persons not in census families with labour income,Number,223,units,0,v21188066,19.38,441080,,,,0
2000,"Toronto, Ontario",2016S0503535,Persons not in census families receiving Employment Insurance benefits,Number,223,units,0,v21188067,19.39,29590,,,,0
2000,"Toronto, Ontario",2016S0503535,Average Employment Insurance benefits received by persons not in census families,Dollars,81,units,0,v21188068,19.40,4100,,,t,0
2000,"Hamilton, Ontario",2016S0503537,All tax filers,Number,223,units,0,v21188069,20.1,479380,,,,0
2000,"Hamilton, Ontario",2016S0503537,"All tax filers and dependants, all age groups",Number,223,units,0,v21188070,20.2,643360,,,,0
2000,"Hamilton, Ontario",2016S0503537,"Tax filers and dependants, under age 15 years",Number,223,units,0,v21188071,20.3,125750,,,,0
2000,"Hamilton, Ontario",2016S0503537,Tax filers and dependants aged 15 to 64 years,Number,223,units,0,v21188072,20.4,425440,,,,0
2000,"Hamilton, Ontario",2016S0503537,Tax filers and dependants aged 65 years and over,Number,223,units,0,v21188073,20.5,92170,,,,0
2000,"Hamilton, Ontario",2016S0503537,All families,Number,223,units,0,v21188074,20.6,183940,,,,0
2000,"Hamilton, Ontario",2016S0503537,Couple families,Number,223,units,0,v21188075,20.7,155750,,,,0
2000,"Hamilton, Ontario",2016S0503537,One-parent families,Number,223,units,0,v21188076,20.8,28190,,,,0
2000,"Hamilton, Ontario",2016S0503537,"Median total income, all families",Dollars,81,units,0,v21188077,20.9,59800,,,,0
2000,"Hamilton, Ontario",2016S0503537,"Per capita income, all families",Dollars,81,units,0,v21188078,20.10,24600,,,t,0
2000,"Hamilton, Ontario",2016S0503537,"Median total income, couple families",Dollars,81,units,0,v21188079,20.11,65900,,,,0
2000,"Hamilton, Ontario",2016S0503537,"Per capita income, couple families",Dollars,81,units,0,v21188080,20.12,26200,,,t,0
2000,"Hamilton, Ontario",2016S0503537,"Median total income, one-parent families",Dollars,81,units,0,v21188081,20.13,27700,,,,0
2000,"Hamilton, Ontario",2016S0503537,"Per capita income, one-parent families",Dollars,81,units,0,v21188082,20.14,14100,,,t,0
2000,"Hamilton, Ontario",2016S0503537,Total persons in families,Number,223,units,0,v21188083,20.15,547620,,,,0
2000,"Hamilton, Ontario",2016S0503537,Persons in couple families,Number,223,units,0,v21188084,20.16,474560,,,,0
2000,"Hamilton, Ontario",2016S0503537,Persons in one-parent families,Number,223,units,0,v21188085,20.17,73060,,,,0
2000,"Hamilton, Ontario",2016S0503537,Persons not in census families,Number,223,units,0,v21188086,20.18,95740,,,,0
2000,"Hamilton, Ontario",2016S0503537,"Median total income, persons not in census families",Dollars,81,units,0,v21188087,20.19,21600,,,t,0
2000,"Hamilton, Ontario",2016S0503537,"Per capita income, persons not in census families",Dollars,81,units,0,v21188088,20.20,29900,,,t,0
2000,"Hamilton, Ontario",2016S0503537,Families with employment income,Number,223,units,0,v21188089,20.21,150790,,,,0
2000,"Hamilton, Ontario",2016S0503537,Median employment income of families,Dollars,81,units,0,v21188090,20.22,59400,,,,0
2000,"Hamilton, Ontario",2016S0503537,Persons not in census families with employment income,Number,223,units,0,v21188091,20.23,52660,,,,0
2000,"Hamilton, Ontario",2016S0503537,Median employment income of persons not in census families,Dollars,81,units,0,v21188092,20.24,25300,,,,0
2000,"Hamilton, Ontario",2016S0503537,Dual-earner couple families,Number,223,units,0,v21188093,20.25,89100,,,,0
2000,"Hamilton, Ontario",2016S0503537,Median employment income of dual-earner couple families,Dollars,81,units,0,v21188094,20.26,73500,,,,0
2000,"Hamilton, Ontario",2016S0503537,Single-earner-male couple families,Number,223,units,0,v21188095,20.27,26470,,,,0
2000,"Hamilton, Ontario",2016S0503537,Median employment income of single-earner-male couple families,Dollars,81,units,0,v21188096,20.28,38600,,,,0
2000,"Hamilton, Ontario",2016S0503537,Single-earner-female couple families,Number,223,units,0,v21188097,20.29,8880,,,,0
2000,"Hamilton, Ontario",2016S0503537,Median employment income of single-earner-female couple families,Dollars,81,units,0,v21188098,20.30,19500,,,,0
2000,"Hamilton, Ontario",2016S0503537,Families with government transfers,Number,223,units,0,v21188099,20.31,145720,,,,0
2000,"Hamilton, Ontario",2016S0503537,Average government transfers to families,Dollars,81,units,0,v21188100,20.32,8200,,,t,0
2000,"Hamilton, Ontario",2016S0503537,Persons not in census families with government transfers,Number,223,units,0,v21188101,20.33,76340,,,,0
2000,"Hamilton, Ontario",2016S0503537,Average government transfers to persons not in census families,Dollars,81,units,0,v21188102,20.34,7600,,,t,0
2000,"Hamilton, Ontario",2016S0503537,Families with labour income,Number,223,units,0,v21188103,20.35,151070,,,,0
2000,"Hamilton, Ontario",2016S0503537,Families receiving Employment Insurance benefits,Number,223,units,0,v21188104,20.36,22750,,,,0
2000,"Hamilton, Ontario",2016S0503537,Average Employment Insurance benefits received by families,Dollars,81,units,0,v21188105,20.37,4300,,,t,0
2000,"Hamilton, Ontario",2016S0503537,Persons not in census families with labour income,Number,223,units,0,v21188106,20.38,52880,,,,0
2000,"Hamilton, Ontario",2016S0503537,Persons not in census families receiving Employment Insurance benefits,Number,223,units,0,v21188107,20.39,4450,,,,0
2000,"Hamilton, Ontario",2016S0503537,Average Employment Insurance benefits received by persons not in census families,Dollars,81,units,0,v21188108,20.40,3900,,,t,0
2001,Canada,2021A11124,All tax filers,Number,223,units,0,v21187309,1.1,22804290,,,,0
2001,Canada,2021A11124,"All tax filers and dependants, all age groups",Number,223,units,0,v21187310,1.2,30228420,,,,0
2001,Canada,2021A11124,"Tax filers and dependants, under age 15 years",Number,223,units,0,v21187311,1.3,5799920,,,,0
2001,Canada,2021A11124,Tax filers and dependants aged 15 to 64 years,Number,223,units,0,v21187312,1.4,20542960,,,,0
2001,Canada,2021A11124,Tax filers and dependants aged 65 years and over,Number,223,units,0,v21187313,1.5,3885540,,,,0
2001,Canada,2021A11124,All families,Number,223,units,0,v21187314,1.6,8594080,,,,0
2001,Canada,2021A11124,Couple families,Number,223,units,0,v21187315,1.7,7187680,,,,0
2001,Canada,2021A11124,One-parent families,Number,223,units,0,v21187316,1.8,1406400,,,,0
2001,Canada,2021A11124,"Median total income, all families",Dollars,81,units,0,v21187317,1.9,53500,,,,0
2001,Canada,2021A11124,"Per capita income, all families",Dollars,81,units,0,v21187318,1.10,22900,,,t,0
2001,Canada,2021A11124,"Median total income, couple families",Dollars,81,units,0,v21187319,1.11,59600,,,,0
2001,Canada,2021A11124,"Per capita income, couple families",Dollars,81,units,0,v21187320,1.12,24500,,,t,0
2001,Canada,2021A11124,"Median total income, one-parent families",Dollars,81,units,0,v21187321,1.13,27200,,,,0
2001,Canada,2021A11124,"Per capita income, one-parent families",Dollars,81,units,0,v21187322,1.14,13600,,,t,0
2001,Canada,2021A11124,Total persons in families,Number,223,units,0,v21187323,1.15,25497520,,,,0
2001,Canada,2021A11124,Persons in couple families,Number,223,units,0,v21187324,1.16,21844690,,,,0
2001,Canada,2021A11124,Persons in one-parent families,Number,223,units,0,v21187325,1.17,3652830,,,,0
2001,Canada,2021A11124,Persons not in census families,Number,223,units,0,v21187326,1.18,4730900,,,,0
2001,Canada,2021A11124,"Median total income, persons not in census families",Dollars,81,units,0,v21187327,1.19,20100,,,t,0
2001,Canada,2021A11124,"Per capita income, persons not in census families",Dollars,81,units,0,v21187328,1.20,28500,,,t,0
2001,Canada,2021A11124,Families with employment income,Number,223,units,0,v21187329,1.21,7268840,,,,0
2001,Canada,2021A11124,Median employment income of families,Dollars,81,units,0,v21187330,1.22,49900,,,,0
2001,Canada,2021A11124,Persons not in census families with employment income,Number,223,units,0,v21187331,1.23,2781550,,,,0
2001,Canada,2021A11124,Median employment income of persons not in census families,Dollars,81,units,0,v21187332,1.24,23200,,,,0
2001,Canada,2021A11124,Dual-earner couple families,Number,223,units,0,v21187333,1.25,4294790,,,,0
2001,Canada,2021A11124,Median employment income of dual-earner couple families,Dollars,81,units,0,v21187334,1.26,64200,,,,0
2001,Canada,2021A11124,Single-earner-male couple families,Number,223,units,0,v21187335,1.27,1161280,,,,0
2001,Canada,2021A11124,Median employment income of single-earner-male couple families,Dollars,81,units,0,v21187336,1.28,29700,,,,0
2001,Canada,2021A11124,Single-earner-female couple families,Number,223,units,0,v21187337,1.29,420630,,,,0
2001,Canada,2021A11124,Median employment income of single-earner-female couple families,Dollars,81,units,0,v21187338,1.30,16600,,,,0
2001,Canada,2021A11124,Families with government transfers,Number,223,units,0,v21187339,1.31,7110130,,,,0
2001,Canada,2021A11124,Average government transfers to families,Dollars,81,units,0,v21187340,1.32,8100,,,t,0
2001,Canada,2021A11124,Persons not in census families with government transfers,Number,223,units,0,v21187341,1.33,3812810,,,,0
2001,Canada,2021A11124,Average government transfers to persons not in census families,Dollars,81,units,0,v21187342,1.34,6900,,,t,0
2001,Canada,2021A11124,Families with labour income,Number,223,units,0,v21187343,1.35,7293850,,,,0
2001,Canada,2021A11124,Families receiving Employment Insurance benefits,Number,223,units,0,v21187344,1.36,1676250,,,,0
2001,Canada,2021A11124,Average Employment Insurance benefits received by families,Dollars,81,units,0,v21187345,1.37,5400,,,t,0
2001,Canada,2021A11124,Persons not in census families with labour income,Number,223,units,0,v21187346,1.38,2799210,,,,0
2001,Canada,2021A11124,Persons not in census families receiving Employment Insurance benefits,Number,223,units,0,v21187347,1.39,382940,,,,0
2001,Canada,2021A11124,Average Employment Insurance benefits received by persons not in census families,Dollars,81,units,0,v21187348,1.40,4400,,,t,0
2001,Ontario,2021A000235,All tax filers,Number,223,units,0,v21187909,16.1,8656270,,,,0
2001,Ontario,2021A000235,"All tax filers and dependants, all age groups",Number,223,units,0,v21187910,16.2,11534120,,,,0
2001,Ontario,2021A000235,"Tax filers and dependants, under age 15 years",Number,223,units,0,v21187911,16.3,2268580,,,,0
2001,Ontario,2021A000235,Tax filers and dependants aged 15 to 64 years,Number,223,units,0,v21187912,16.4,7788210,,,,0
2001,Ontario,2021A000235,Tax filers and dependants aged 65 years and over,Number,223,units,0,v21187913,16.5,1477330,,,,0
2001,Ontario,2021A000235,All families,Number,223,units,0,v21187914,16.6,3294970,,,,0
2001,Ontario,2021A000235,Couple families,Number,223,units,0,v21187915,16.7,2766660,,,,0
2001,Ontario,2021A000235,One-parent families,Number,223,units,0,v21187916,16.8,528310,,,,0
2001,Ontario,2021A000235,"Median total income, all families",Dollars,81,units,0,v21187917,16.9,58400,,,,0
2001,Ontario,2021A000235,"Per capita income, all families",Dollars,81,units,0,v21187918,16.10,25200,,,t,0
2001,Ontario,2021A000235,"Median total income, couple families",Dollars,81,units,0,v21187919,16.11,64900,,,,0
2001,Ontario,2021A000235,"Per capita income, couple families",Dollars,81,units,0,v21187920,16.12,26900,,,t,0
2001,Ontario,2021A000235,"Median total income, one-parent families",Dollars,81,units,0,v21187921,16.13,29600,,,,0
2001,Ontario,2021A000235,"Per capita income, one-parent families",Dollars,81,units,0,v21187922,16.14,14800,,,t,0
2001,Ontario,2021A000235,Total persons in families,Number,223,units,0,v21187923,16.15,9844810,,,,0
2001,Ontario,2021A000235,Persons in couple families,Number,223,units,0,v21187924,16.16,8473630,,,,0
2001,Ontario,2021A000235,Persons in one-parent families,Number,223,units,0,v21187925,16.17,1371180,,,,0
2001,Ontario,2021A000235,Persons not in census families,Number,223,units,0,v21187926,16.18,1689310,,,,0
2001,Ontario,2021A000235,"Median total income, persons not in census families",Dollars,81,units,0,v21187927,16.19,22300,,,t,0
2001,Ontario,2021A000235,"Per capita income, persons not in census families",Dollars,81,units,0,v21187928,16.20,31400,,,t,0
2001,Ontario,2021A000235,Families with employment income,Number,223,units,0,v21187929,16.21,2802670,,,,0
2001,Ontario,2021A000235,Median employment income of families,Dollars,81,units,0,v21187930,16.22,55200,,,,0
2001,Ontario,2021A000235,Persons not in census families with employment income,Number,223,units,0,v21187931,16.23,994630,,,,0
2001,Ontario,2021A000235,Median employment income of persons not in census families,Dollars,81,units,0,v21187932,16.24,25700,,,,0
2001,Ontario,2021A000235,Dual-earner couple families,Number,223,units,0,v21187933,16.25,1643090,,,,0
2001,Ontario,2021A000235,Median employment income of dual-earner couple families,Dollars,81,units,0,v21187934,16.26,70700,,,,0
2001,Ontario,2021A000235,Single-earner-male couple families,Number,223,units,0,v21187935,16.27,459020,,,,0
2001,Ontario,2021A000235,Median employment income of single-earner-male couple families,Dollars,81,units,0,v21187936,16.28,31700,,,,0
2001,Ontario,2021A000235,Single-earner-female couple families,Number,223,units,0,v21187937,16.29,168590,,,,0
2001,Ontario,2021A000235,Median employment income of single-earner-female couple families,Dollars,81,units,0,v21187938,16.30,18700,,,,0
2001,Ontario,2021A000235,Families with government transfers,Number,223,units,0,v21187939,16.31,2649590,,,,0
2001,Ontario,2021A000235,Average government transfers to families,Dollars,81,units,0,v21187940,16.32,7900,,,t,0
2001,Ontario,2021A000235,Persons not in census families with government transfers,Number,223,units,0,v21187941,16.33,1314410,,,,0
2001,Ontario,2021A000235,Average government transfers to persons not in census families,Dollars,81,units,0,v21187942,16.34,7200,,,t,0
2001,Ontario,2021A000235,Families with labour income,Number,223,units,0,v21187943,16.35,2809390,,,,0
2001,Ontario,2021A000235,Families receiving Employment Insurance benefits,Number,223,units,0,v21187944,16.36,507320,,,,0
2001,Ontario,2021A000235,Average Employment Insurance benefits received by families,Dollars,81,units,0,v21187945,16.37,4900,,,t,0
2001,Ontario,2021A000235,Persons not in census families with labour income,Number,223,units,0,v21187946,16.38,999390,,,,0
2001,Ontario,2021A000235,Persons not in census families receiving Employment Insurance benefits,Number,223,units,0,v21187947,16.39,98890,,,,0
2001,Ontario,2021A000235,Average Employment Insurance benefits received by persons not in census families,Dollars,81,units,0,v21187948,16.40,4200,,,t,0
2001,"Oshawa, Ontario",2016S0503532,All tax filers,Number,223,units,0,v21187989,18.1,214890,,,,0
2001,"Oshawa, Ontario",2016S0503532,"All tax filers and dependants, all age groups",Number,223,units,0,v21187990,18.2,297750,,,,0
2001,"Oshawa, Ontario",2016S0503532,"Tax filers and dependants, under age 15 years",Number,223,units,0,v21187991,18.3,66820,,,,0
2001,"Oshawa, Ontario",2016S0503532,Tax filers and dependants aged 15 to 64 years,Number,223,units,0,v21187992,18.4,199170,,,,0
2001,"Oshawa, Ontario",2016S0503532,Tax filers and dependants aged 65 years and over,Number,223,units,0,v21187993,18.5,31770,,,,0
2001,"Oshawa, Ontario",2016S0503532,All families,Number,223,units,0,v21187994,18.6,85780,,,,0
2001,"Oshawa, Ontario",2016S0503532,Couple families,Number,223,units,0,v21187995,18.7,71430,,,,0
2001,"Oshawa, Ontario",2016S0503532,One-parent families,Number,223,units,0,v21187996,18.8,14350,,,,0
2001,"Oshawa, Ontario",2016S0503532,"Median total income, all families",Dollars,81,units,0,v21187997,18.9,67700,,,,0
2001,"Oshawa, Ontario",2016S0503532,"Per capita income, all families",Dollars,81,units,0,v21187998,18.10,25000,,,t,0
2001,"Oshawa, Ontario",2016S0503532,"Median total income, couple families",Dollars,81,units,0,v21187999,18.11,75200,,,,0
2001,"Oshawa, Ontario",2016S0503532,"Per capita income, couple families",Dollars,81,units,0,v21188000,18.12,26800,,,t,0
2001,"Oshawa, Ontario",2016S0503532,"Median total income, one-parent families",Dollars,81,units,0,v21188001,18.13,31300,,,,0
2001,"Oshawa, Ontario",2016S0503532,"Per capita income, one-parent families",Dollars,81,units,0,v21188002,18.14,14600,,,t,0
2001,"Oshawa, Ontario",2016S0503532,Total persons in families,Number,223,units,0,v21188003,18.15,261770,,,,0
2001,"Oshawa, Ontario",2016S0503532,Persons in couple families,Number,223,units,0,v21188004,18.16,224040,,,,0
2001,"Oshawa, Ontario",2016S0503532,Persons in one-parent families,Number,223,units,0,v21188005,18.17,37730,,,,0
2001,"Oshawa, Ontario",2016S0503532,Persons not in census families,Number,223,units,0,v21188006,18.18,35980,,,,0
2001,"Oshawa, Ontario",2016S0503532,"Median total income, persons not in census families",Dollars,81,units,0,v21188007,18.19,25500,,,t,0
2001,"Oshawa, Ontario",2016S0503532,"Per capita income, persons not in census families",Dollars,81,units,0,v21188008,18.20,32400,,,t,0
2001,"Oshawa, Ontario",2016S0503532,Families with employment income,Number,223,units,0,v21188009,18.21,76060,,,,0
2001,"Oshawa, Ontario",2016S0503532,Median employment income of families,Dollars,81,units,0,v21188010,18.22,65300,,,,0
2001,"Oshawa, Ontario",2016S0503532,Persons not in census families with employment income,Number,223,units,0,v21188011,18.23,22240,,,,0
2001,"Oshawa, Ontario",2016S0503532,Median employment income of persons not in census families,Dollars,81,units,0,v21188012,18.24,29300,,,,0
2001,"Oshawa, Ontario",2016S0503532,Dual-earner couple families,Number,223,units,0,v21188013,18.25,46540,,,,0
2001,"Oshawa, Ontario",2016S0503532,Median employment income of dual-earner couple families,Dollars,81,units,0,v21188014,18.26,79700,,,,0
2001,"Oshawa, Ontario",2016S0503532,Single-earner-male couple families,Number,223,units,0,v21188015,18.27,12370,,,,0
2001,"Oshawa, Ontario",2016S0503532,Median employment income of single-earner-male couple families,Dollars,81,units,0,v21188016,18.28,43000,,,,0
2001,"Oshawa, Ontario",2016S0503532,Single-earner-female couple families,Number,223,units,0,v21188017,18.29,3440,,,,0
2001,"Oshawa, Ontario",2016S0503532,Median employment income of single-earner-female couple families,Dollars,81,units,0,v21188018,18.30,20900,,,,0
2001,"Oshawa, Ontario",2016S0503532,Families with government transfers,Number,223,units,0,v21188019,18.31,66650,,,,0
2001,"Oshawa, Ontario",2016S0503532,Average government transfers to families,Dollars,81,units,0,v21188020,18.32,7300,,,t,0
2001,"Oshawa, Ontario",2016S0503532,Persons not in census families with government transfers,Number,223,units,0,v21188021,18.33,26880,,,,0
2001,"Oshawa, Ontario",2016S0503532,Average government transfers to persons not in census families,Dollars,81,units,0,v21188022,18.34,7600,,,t,0
2001,"Oshawa, Ontario",2016S0503532,Families with labour income,Number,223,units,0,v21188023,18.35,76200,,,,0
2001,"Oshawa, Ontario",2016S0503532,Families receiving Employment Insurance benefits,Number,223,units,0,v21188024,18.36,13770,,,,0
2001,"Oshawa, Ontario",2016S0503532,Average Employment Insurance benefits received by families,Dollars,81,units,0,v21188025,18.37,4800,,,t,0
2001,"Oshawa, Ontario",2016S0503532,Persons not in census families with labour income,Number,223,units,0,v21188026,18.38,22330,,,,0
2001,"Oshawa, Ontario",2016S0503532,Persons not in census families receiving Employment Insurance benefits,Number,223,units,0,v21188027,18.39,2490,,,,0
2001,"Oshawa, Ontario",2016S0503532,Average Employment Insurance benefits received by persons not in census families,Dollars,81,units,0,v21188028,18.40,3800,,,t,0
2001,"Toronto, Ontario",2016S0503535,All tax filers,Number,223,units,0,v21188029,19.1,3565770,,,,0
2001,"Toronto, Ontario",2016S0503535,"All tax filers and dependants, all age groups",Number,223,units,0,v21188030,19.2,4744390,,,,0
2001,"Toronto, Ontario",2016S0503535,"Tax filers and dependants, under age 15 years",Number,223,units,0,v21188031,19.3,929280,,,,0
2001,"Toronto, Ontario",2016S0503535,Tax filers and dependants aged 15 to 64 years,Number,223,units,0,v21188032,19.4,3280030,,,,0
2001,"Toronto, Ontario",2016S0503535,Tax filers and dependants aged 65 years and over,Number,223,units,0,v21188033,19.5,535080,,,,0
2001,"Toronto, Ontario",2016S0503535,All families,Number,223,units,0,v21188034,19.6,1344850,,,,0
2001,"Toronto, Ontario",2016S0503535,Couple families,Number,223,units,0,v21188035,19.7,1129170,,,,0
2001,"Toronto, Ontario",2016S0503535,One-parent families,Number,223,units,0,v21188036,19.8,215680,,,,0
2001,"Toronto, Ontario",2016S0503535,"Median total income, all families",Dollars,81,units,0,v21188037,19.9,57900,,,,0
2001,"Toronto, Ontario",2016S0503535,"Per capita income, all families",Dollars,81,units,0,v21188038,19.10,27300,,,t,0
2001,"Toronto, Ontario",2016S0503535,"Median total income, couple families",Dollars,81,units,0,v21188039,19.11,64700,,,,0
2001,"Toronto, Ontario",2016S0503535,"Per capita income, couple families",Dollars,81,units,0,v21188040,19.12,29000,,,t,0
2001,"Toronto, Ontario",2016S0503535,"Median total income, one-parent families",Dollars,81,units,0,v21188041,19.13,31900,,,,0
2001,"Toronto, Ontario",2016S0503535,"Per capita income, one-parent families",Dollars,81,units,0,v21188042,19.14,16200,,,t,0
2001,"Toronto, Ontario",2016S0503535,Total persons in families,Number,223,units,0,v21188043,19.15,4046290,,,,0
2001,"Toronto, Ontario",2016S0503535,Persons in couple families,Number,223,units,0,v21188044,19.16,3491690,,,,0
2001,"Toronto, Ontario",2016S0503535,Persons in one-parent families,Number,223,units,0,v21188045,19.17,554590,,,,0
2001,"Toronto, Ontario",2016S0503535,Persons not in census families,Number,223,units,0,v21188046,19.18,698110,,,,0
2001,"Toronto, Ontario",2016S0503535,"Median total income, persons not in census families",Dollars,81,units,0,v21188047,19.19,22600,,,t,0
2001,"Toronto, Ontario",2016S0503535,"Per capita income, persons not in census families",Dollars,81,units,0,v21188048,19.20,33500,,,t,0
2001,"Toronto, Ontario",2016S0503535,Families with employment income,Number,223,units,0,v21188049,19.21,1151720,,,,0
2001,"Toronto, Ontario",2016S0503535,Median employment income of families,Dollars,81,units,0,v21188050,19.22,56100,,,,0
2001,"Toronto, Ontario",2016S0503535,Persons not in census families with employment income,Number,223,units,0,v21188051,19.23,436860,,,,0
2001,"Toronto, Ontario",2016S0503535,Median employment income of persons not in census families,Dollars,81,units,0,v21188052,19.24,27700,,,,0
2001,"Toronto, Ontario",2016S0503535,Dual-earner couple families,Number,223,units,0,v21188053,19.25,665130,,,,0
2001,"Toronto, Ontario",2016S0503535,Median employment income of dual-earner couple families,Dollars,81,units,0,v21188054,19.26,72700,,,,0
2001,"Toronto, Ontario",2016S0503535,Single-earner-male couple families,Number,223,units,0,v21188055,19.27,192120,,,,0
2001,"Toronto, Ontario",2016S0503535,Median employment income of single-earner-male couple families,Dollars,81,units,0,v21188056,19.28,31000,,,,0
2001,"Toronto, Ontario",2016S0503535,Single-earner-female couple families,Number,223,units,0,v21188057,19.29,76540,,,,0
2001,"Toronto, Ontario",2016S0503535,Median employment income of single-earner-female couple families,Dollars,81,units,0,v21188058,19.30,20300,,,,0
2001,"Toronto, Ontario",2016S0503535,Families with government transfers,Number,223,units,0,v21188059,19.31,1059610,,,,0
2001,"Toronto, Ontario",2016S0503535,Average government transfers to families,Dollars,81,units,0,v21188060,19.32,7100,,,t,0
2001,"Toronto, Ontario",2016S0503535,Persons not in census families with government transfers,Number,223,units,0,v21188061,19.33,522710,,,,0
2001,"Toronto, Ontario",2016S0503535,Average government transfers to persons not in census families,Dollars,81,units,0,v21188062,19.34,6200,,,t,0
2001,"Toronto, Ontario",2016S0503535,Families with labour income,Number,223,units,0,v21188063,19.35,1154580,,,,0
2001,"Toronto, Ontario",2016S0503535,Families receiving Employment Insurance benefits,Number,223,units,0,v21188064,19.36,182360,,,,0
2001,"Toronto, Ontario",2016S0503535,Average Employment Insurance benefits received by families,Dollars,81,units,0,v21188065,19.37,5100,,,t,0
2001,"Toronto, Ontario",2016S0503535,Persons not in census families with labour income,Number,223,units,0,v21188066,19.38,438910,,,,0
2001,"Toronto, Ontario",2016S0503535,Persons not in census families receiving Employment Insurance benefits,Number,223,units,0,v21188067,19.39,34030,,,,0
2001,"Toronto, Ontario",2016S0503535,Average Employment Insurance benefits received by persons not in census families,Dollars,81,units,0,v21188068,19.40,4300,,,t,0
2001,"Hamilton, Ontario",2016S0503537,All tax filers,Number,223,units,0,v21188069,20.1,496630,,,,0
2001,"Hamilton, Ontario",2016S0503537,"All tax filers and dependants, all age groups",Number,223,units,0,v21188070,20.2,657370,,,,0
2001,"Hamilton, Ontario",2016S0503537,"Tax filers and dependants, under age 15 years",Number,223,units,0,v21188071,20.3,126850,,,,0
2001,"Hamilton, Ontario",2016S0503537,Tax filers and dependants aged 15 to 64 years,Number,223,units,0,v21188072,20.4,435900,,,,0
2001,"Hamilton, Ontario",2016S0503537,Tax filers and dependants aged 65 years and over,Number,223,units,0,v21188073,20.5,94620,,,,0
2001,"Hamilton, Ontario",2016S0503537,All families,Number,223,units,0,v21188074,20.6,188380,,,,0
2001,"Hamilton, Ontario",2016S0503537,Couple families,Number,223,units,0,v21188075,20.7,158480,,,,0
2001,"Hamilton, Ontario",2016S0503537,One-parent families,Number,223,units,0,v21188076,20.8,29900,,,,0
2001,"Hamilton, Ontario",2016S0503537,"Median total income, all families",Dollars,81,units,0,v21188077,20.9,62300,,,,0
2001,"Hamilton, Ontario",2016S0503537,"Per capita income, all families",Dollars,81,units,0,v21188078,20.10,25700,,,t,0
2001,"Hamilton, Ontario",2016S0503537,"Median total income, couple families",Dollars,81,units,0,v21188079,20.11,68700,,,,0
2001,"Hamilton, Ontario",2016S0503537,"Per capita income, couple families",Dollars,81,units,0,v21188080,20.12,27500,,,t,0
2001,"Hamilton, Ontario",2016S0503537,"Median total income, one-parent families",Dollars,81,units,0,v21188081,20.13,30100,,,,0
2001,"Hamilton, Ontario",2016S0503537,"Per capita income, one-parent families",Dollars,81,units,0,v21188082,20.14,14900,,,t,0
2001,"Hamilton, Ontario",2016S0503537,Total persons in families,Number,223,units,0,v21188083,20.15,560120,,,,0
2001,"Hamilton, Ontario",2016S0503537,Persons in couple families,Number,223,units,0,v21188084,20.16,482330,,,,0
2001,"Hamilton, Ontario",2016S0503537,Persons in one-parent families,Number,223,units,0,v21188085,20.17,77790,,,,0
2001,"Hamilton, Ontario",2016S0503537,Persons not in census families,Number,223,units,0,v21188086,20.18,97250,,,,0
2001,"Hamilton, Ontario",2016S0503537,"Median total income, persons not in census families",Dollars,81,units,0,v21188087,20.19,22800,,,t,0
2001,"Hamilton, Ontario",2016S0503537,"Per capita income, persons not in census families",Dollars,81,units,0,v21188088,20.20,30600,,,t,0
2001,"Hamilton, Ontario",2016S0503537,Families with employment income,Number,223,units,0,v21188089,20.21,158880,,,,0
2001,"Hamilton, Ontario",2016S0503537,Median employment income of families,Dollars,81,units,0,v21188090,20.22,60000,,,,0
2001,"Hamilton, Ontario",2016S0503537,Persons not in census families with employment income,Number,223,units,0,v21188091,20.23,53480,,,,0
2001,"Hamilton, Ontario",2016S0503537,Median employment income of persons not in census families,Dollars,81,units,0,v21188092,20.24,26500,,,,0
2001,"Hamilton, Ontario",2016S0503537,Dual-earner couple families,Number,223,units,0,v21188093,20.25,94370,,,,0
2001,"Hamilton, Ontario",2016S0503537,Median employment income of dual-earner couple families,Dollars,81,units,0,v21188094,20.26,74800,,,,0
2001,"Hamilton, Ontario",2016S0503537,Single-earner-male couple families,Number,223,units,0,v21188095,20.27,26840,,,,0
2001,"Hamilton, Ontario",2016S0503537,Median employment income of single-earner-male couple families,Dollars,81,units,0,v21188096,20.28,35700,,,,0
2001,"Hamilton, Ontario",2016S0503537,Single-earner-female couple families,Number,223,units,0,v21188097,20.29,8760,,,,0
2001,"Hamilton, Ontario",2016S0503537,Median employment income of single-earner-female couple families,Dollars,81,units,0,v21188098,20.30,18700,,,,0
2001,"Hamilton, Ontario",2016S0503537,Families with government transfers,Number,223,units,0,v21188099,20.31,150130,,,,0
2001,"Hamilton, Ontario",2016S0503537,Average government transfers to families,Dollars,81,units,0,v21188100,20.32,8600,,,t,0
2001,"Hamilton, Ontario",2016S0503537,Persons not in census families with government transfers,Number,223,units,0,v21188101,20.33,76760,,,,0
2001,"Hamilton, Ontario",2016S0503537,Average government transfers to persons not in census families,Dollars,81,units,0,v21188102,20.34,7900,,,t,0
2001,"Hamilton, Ontario",2016S0503537,Families with labour income,Number,223,units,0,v21188103,20.35,159180,,,,0
2001,"Hamilton, Ontario",2016S0503537,Families receiving Employment Insurance benefits,Number,223,units,0,v21188104,20.36,26380,,,,0
2001,"Hamilton, Ontario",2016S0503537,Average Employment Insurance benefits received by families,Dollars,81,units,0,v21188105,20.37,5000,,,t,0
2001,"Hamilton, Ontario",2016S0503537,Persons not in census families with labour income,Number,223,units,0,v21188106,20.38,53720,,,,0
2001,"Hamilton, Ontario",2016S0503537,Persons not in census families receiving Employment Insurance benefits,Number,223,units,0,v21188107,20.39,5000,,,,0
2001,"Hamilton, Ontario",2016S0503537,Average Employment Insurance benefits received by persons not in census families,Dollars,81,units,0,v21188108,20.40,4300,,,t,0
2002,Canada,2021A11124,All tax filers,Number,223,units,0,v21187309,1.1,22967720,,,,0
2002,Canada,2021A11124,"All tax filers and dependants, all age groups",Number,223,units,0,v21187310,1.2,30465870,,,,0
2002,Canada,2021A11124,"Tax filers and dependants, under age 15 years",Number,223,units,0,v21187311,1.3,5825560,,,,0
2002,Canada,2021A11124,Tax filers and dependants aged 15 to 64 years,Number,223,units,0,v21187312,1.4,20693710,,,,0
2002,Canada,2021A11124,Tax filers and dependants aged 65 years and over,Number,223,units,0,v21187313,1.5,3946610,,,,0
2002,Canada,2021A11124,All families,Number,223,units,0,v21187314,1.6,8653270,,,,0
2002,Canada,2021A11124,Couple families,Number,223,units,0,v21187315,1.7,7249010,,,,0
2002,Canada,2021A11124,One-parent families,Number,223,units,0,v21187316,1.8,1404260,,,,0
2002,Canada,2021A11124,"Median total income, all families",Dollars,81,units,0,v21187317,1.9,55000,,,,0
2002,Canada,2021A11124,"Per capita income, all families",Dollars,81,units,0,v21187318,1.10,23400,,,t,0
2002,Canada,2021A11124,"Median total income, couple families",Dollars,81,units,0,v21187319,1.11,61200,,,,0
2002,Canada,2021A11124,"Per capita income, couple families",Dollars,81,units,0,v21187320,1.12,24900,,,t,0
2002,Canada,2021A11124,"Median total income, one-parent families",Dollars,81,units,0,v21187321,1.13,28100,,,,0
2002,Canada,2021A11124,"Per capita income, one-parent families",Dollars,81,units,0,v21187322,1.14,14000,,,t,0
2002,Canada,2021A11124,Total persons in families,Number,223,units,0,v21187323,1.15,25819530,,,,0
2002,Canada,2021A11124,Persons in couple families,Number,223,units,0,v21187324,1.16,22168330,,,,0
2002,Canada,2021A11124,Persons in one-parent families,Number,223,units,0,v21187325,1.17,3651200,,,,0
2002,Canada,2021A11124,Persons not in census families,Number,223,units,0,v21187326,1.18,4646340,,,,0
2002,Canada,2021A11124,"Median total income, persons not in census families",Dollars,81,units,0,v21187327,1.19,20100,,,t,0
2002,Canada,2021A11124,"Per capita income, persons not in census families",Dollars,81,units,0,v21187328,1.20,28700,,,t,0
2002,Canada,2021A11124,Families with employment income,Number,223,units,0,v21187329,1.21,7316920,,,,0
2002,Canada,2021A11124,Median employment income of families,Dollars,81,units,0,v21187330,1.22,51300,,,,0
2002,Canada,2021A11124,Persons not in census families with employment income,Number,223,units,0,v21187331,1.23,2672710,,,,0
2002,Canada,2021A11124,Median employment income of persons not in census families,Dollars,81,units,0,v21187332,1.24,23400,,,,0
2002,Canada,2021A11124,Dual-earner couple families,Number,223,units,0,v21187333,1.25,4282360,,,,0
2002,Canada,2021A11124,Median employment income of dual-earner couple families,Dollars,81,units,0,v21187334,1.26,66000,,,,0
2002,Canada,2021A11124,Single-earner-male couple families,Number,223,units,0,v21187335,1.27,1186790,,,,0
2002,Canada,2021A11124,Median employment income of single-earner-male couple families,Dollars,81,units,0,v21187336,1.28,30100,,,,0
2002,Canada,2021A11124,Single-earner-female couple families,Number,223,units,0,v21187337,1.29,452500,,,,0
2002,Canada,2021A11124,Median employment income of single-earner-female couple families,Dollars,81,units,0,v21187338,1.30,17900,,,,0
2002,Canada,2021A11124,Families with government transfers,Number,223,units,0,v21187339,1.31,7199770,,,,0
2002,Canada,2021A11124,Average government transfers to families,Dollars,81,units,0,v21187340,1.32,8500,,,t,0
2002,Canada,2021A11124,Persons not in census families with government transfers,Number,223,units,0,v21187341,1.33,3790040,,,,0
2002,Canada,2021A11124,Average government transfers to persons not in census families,Dollars,81,units,0,v21187342,1.34,7300,,,t,0
2002,Canada,2021A11124,Families with labour income,Number,223,units,0,v21187343,1.35,7347670,,,,0
2002,Canada,2021A11124,Families receiving Employment Insurance benefits,Number,223,units,0,v21187344,1.36,1775550,,,,0
2002,Canada,2021A11124,Average Employment Insurance benefits received by families,Dollars,81,units,0,v21187345,1.37,5900,,,t,0
2002,Canada,2021A11124,Persons not in census families with labour income,Number,223,units,0,v21187346,1.38,2693860,,,,0
2002,Canada,2021A11124,Persons not in census families receiving Employment Insurance benefits,Number,223,units,0,v21187347,1.39,378280,,,,0
2002,Canada,2021A11124,Average Employment Insurance benefits received by persons not in census families,Dollars,81,units,0,v21187348,1.40,4800,,,t,0
2002,Ontario,2021A000235,All tax filers,Number,223,units,0,v21187909,16.1,8727780,,,,0
2002,Ontario,2021A000235,"All tax filers and dependants, all age groups",Number,223,units,0,v21187910,16.2,11669770,,,,0
2002,Ontario,2021A000235,"Tax filers and dependants, under age 15 years",Number,223,units,0,v21187911,16.3,2301480,,,,0
2002,Ontario,2021A000235,Tax filers and dependants aged 15 to 64 years,Number,223,units,0,v21187912,16.4,7866160,,,,0
2002,Ontario,2021A000235,Tax filers and dependants aged 65 years and over,Number,223,units,0,v21187913,16.5,1502120,,,,0
2002,Ontario,2021A000235,All families,Number,223,units,0,v21187914,16.6,3331660,,,,0
2002,Ontario,2021A000235,Couple families,Number,223,units,0,v21187915,16.7,2804720,,,,0
2002,Ontario,2021A000235,One-parent families,Number,223,units,0,v21187916,16.8,526940,,,,0
2002,Ontario,2021A000235,"Median total income, all families",Dollars,81,units,0,v21187917,16.9,59600,,,,0
2002,Ontario,2021A000235,"Per capita income, all families",Dollars,81,units,0,v21187918,16.10,25400,,,t,0
2002,Ontario,2021A000235,"Median total income, couple families",Dollars,81,units,0,v21187919,16.11,66100,,,,0
2002,Ontario,2021A000235,"Per capita income, couple families",Dollars,81,units,0,v21187920,16.12,27000,,,t,0
2002,Ontario,2021A000235,"Median total income, one-parent families",Dollars,81,units,0,v21187921,16.13,30500,,,,0
2002,Ontario,2021A000235,"Per capita income, one-parent families",Dollars,81,units,0,v21187922,16.14,15200,,,t,0
2002,Ontario,2021A000235,Total persons in families,Number,223,units,0,v21187923,16.15,10020050,,,,0
2002,Ontario,2021A000235,Persons in couple families,Number,223,units,0,v21187924,16.16,8653830,,,,0
2002,Ontario,2021A000235,Persons in one-parent families,Number,223,units,0,v21187925,16.17,1366220,,,,0
2002,Ontario,2021A000235,Persons not in census families,Number,223,units,0,v21187926,16.18,1649720,,,,0
2002,Ontario,2021A000235,"Median total income, persons not in census families",Dollars,81,units,0,v21187927,16.19,22000,,,t,0
2002,Ontario,2021A000235,"Per capita income, persons not in census families",Dollars,81,units,0,v21187928,16.20,31400,,,t,0
2002,Ontario,2021A000235,Families with employment income,Number,223,units,0,v21187929,16.21,2832870,,,,0
2002,Ontario,2021A000235,Median employment income of families,Dollars,81,units,0,v21187930,16.22,56300,,,,0
2002,Ontario,2021A000235,Persons not in census families with employment income,Number,223,units,0,v21187931,16.23,946090,,,,0
2002,Ontario,2021A000235,Median employment income of persons not in census families,Dollars,81,units,0,v21187932,16.24,25400,,,,0
2002,Ontario,2021A000235,Dual-earner couple families,Number,223,units,0,v21187933,16.25,1644600,,,,0
2002,Ontario,2021A000235,Median employment income of dual-earner couple families,Dollars,81,units,0,v21187934,16.26,72400,,,,0
2002,Ontario,2021A000235,Single-earner-male couple families,Number,223,units,0,v21187935,16.27,474490,,,,0
2002,Ontario,2021A000235,Median employment income of single-earner-male couple families,Dollars,81,units,0,v21187936,16.28,31900,,,,0
2002,Ontario,2021A000235,Single-earner-female couple families,Number,223,units,0,v21187937,16.29,183190,,,,0
2002,Ontario,2021A000235,Median employment income of single-earner-female couple families,Dollars,81,units,0,v21187938,16.30,19900,,,,0
2002,Ontario,2021A000235,Families with government transfers,Number,223,units,0,v21187939,16.31,2708910,,,,0
2002,Ontario,2021A000235,Average government transfers to families,Dollars,81,units,0,v21187940,16.32,8200,,,t,0
2002,Ontario,2021A000235,Persons not in census families with government transfers,Number,223,units,0,v21187941,16.33,1310390,,,,0
2002,Ontario,2021A000235,Average government transfers to persons not in census families,Dollars,81,units,0,v21187942,16.34,7600,,,t,0
2002,Ontario,2021A000235,Families with labour income,Number,223,units,0,v21187943,16.35,2842210,,,,0
2002,Ontario,2021A000235,Families receiving Employment Insurance benefits,Number,223,units,0,v21187944,16.36,552290,,,,0
2002,Ontario,2021A000235,Average Employment Insurance benefits received by families,Dollars,81,units,0,v21187945,16.37,5700,,,t,0
2002,Ontario,2021A000235,Persons not in census families with labour income,Number,223,units,0,v21187946,16.38,952790,,,,0
2002,Ontario,2021A000235,Persons not in census families receiving Employment Insurance benefits,Number,223,units,0,v21187947,16.39,98190,,,,0
2002,Ontario,2021A000235,Average Employment Insurance benefits received by persons not in census families,Dollars,81,units,0,v21187948,16.40,4700,,,t,0
2002,"Oshawa, Ontario",2016S0503532,All tax filers,Number,223,units,0,v21187989,18.1,214350,,,,0
2002,"Oshawa, Ontario",2016S0503532,"All tax filers and dependants, all age groups",Number,223,units,0,v21187990,18.2,297600,,,,0
2002,"Oshawa, Ontario",2016S0503532,"Tax filers and dependants, under age 15 years",Number,223,units,0,v21187991,18.3,66270,,,,0
2002,"Oshawa, Ontario",2016S0503532,Tax filers and dependants aged 15 to 64 years,Number,223,units,0,v21187992,18.4,199220,,,,0
2002,"Oshawa, Ontario",2016S0503532,Tax filers and dependants aged 65 years and over,Number,223,units,0,v21187993,18.5,32110,,,,0
2002,"Oshawa, Ontario",2016S0503532,All families,Number,223,units,0,v21187994,18.6,85510,,,,0
2002,"Oshawa, Ontario",2016S0503532,Couple families,Number,223,units,0,v21187995,18.7,71390,,,,0
2002,"Oshawa, Ontario",2016S0503532,One-parent families,Number,223,units,0,v21187996,18.8,14120,,,,0
2002,"Oshawa, Ontario",2016S0503532,"Median total income, all families",Dollars,81,units,0,v21187997,18.9,70300,,,,0
2002,"Oshawa, Ontario",2016S0503532,"Per capita income, all families",Dollars,81,units,0,v21187998,18.10,25900,,,t,0
2002,"Oshawa, Ontario",2016S0503532,"Median total income, couple families",Dollars,81,units,0,v21187999,18.11,77900,,,,0
2002,"Oshawa, Ontario",2016S0503532,"Per capita income, couple families",Dollars,81,units,0,v21188000,18.12,27600,,,t,0
2002,"Oshawa, Ontario",2016S0503532,"Median total income, one-parent families",Dollars,81,units,0,v21188001,18.13,32600,,,,0
2002,"Oshawa, Ontario",2016S0503532,"Per capita income, one-parent families",Dollars,81,units,0,v21188002,18.14,15100,,,t,0
2002,"Oshawa, Ontario",2016S0503532,Total persons in families,Number,223,units,0,v21188003,18.15,262880,,,,0
2002,"Oshawa, Ontario",2016S0503532,Persons in couple families,Number,223,units,0,v21188004,18.16,225710,,,,0
2002,"Oshawa, Ontario",2016S0503532,Persons in one-parent families,Number,223,units,0,v21188005,18.17,37170,,,,0
2002,"Oshawa, Ontario",2016S0503532,Persons not in census families,Number,223,units,0,v21188006,18.18,34730,,,,0
2002,"Oshawa, Ontario",2016S0503532,"Median total income, persons not in census families",Dollars,81,units,0,v21188007,18.19,25100,,,t,0
2002,"Oshawa, Ontario",2016S0503532,"Per capita income, persons not in census families",Dollars,81,units,0,v21188008,18.20,32700,,,t,0
2002,"Oshawa, Ontario",2016S0503532,Families with employment income,Number,223,units,0,v21188009,18.21,75720,,,,0
2002,"Oshawa, Ontario",2016S0503532,Median employment income of families,Dollars,81,units,0,v21188010,18.22,67700,,,,0
2002,"Oshawa, Ontario",2016S0503532,Persons not in census families with employment income,Number,223,units,0,v21188011,18.23,20970,,,,0
2002,"Oshawa, Ontario",2016S0503532,Median employment income of persons not in census families,Dollars,81,units,0,v21188012,18.24,28900,,,,0
2002,"Oshawa, Ontario",2016S0503532,Dual-earner couple families,Number,223,units,0,v21188013,18.25,45830,,,,0
2002,"Oshawa, Ontario",2016S0503532,Median employment income of dual-earner couple families,Dollars,81,units,0,v21188014,18.26,82500,,,,0
2002,"Oshawa, Ontario",2016S0503532,Single-earner-male couple families,Number,223,units,0,v21188015,18.27,12590,,,,0
2002,"Oshawa, Ontario",2016S0503532,Median employment income of single-earner-male couple families,Dollars,81,units,0,v21188016,18.28,44000,,,,0
2002,"Oshawa, Ontario",2016S0503532,Single-earner-female couple families,Number,223,units,0,v21188017,18.29,3850,,,,0
2002,"Oshawa, Ontario",2016S0503532,Median employment income of single-earner-female couple families,Dollars,81,units,0,v21188018,18.30,23100,,,,0
2002,"Oshawa, Ontario",2016S0503532,Families with government transfers,Number,223,units,0,v21188019,18.31,67090,,,,0
2002,"Oshawa, Ontario",2016S0503532,Average government transfers to families,Dollars,81,units,0,v21188020,18.32,7700,,,t,0
2002,"Oshawa, Ontario",2016S0503532,Persons not in census families with government transfers,Number,223,units,0,v21188021,18.33,26610,,,,0
2002,"Oshawa, Ontario",2016S0503532,Average government transfers to persons not in census families,Dollars,81,units,0,v21188022,18.34,7900,,,t,0
2002,"Oshawa, Ontario",2016S0503532,Families with labour income,Number,223,units,0,v21188023,18.35,75900,,,,0
2002,"Oshawa, Ontario",2016S0503532,Families receiving Employment Insurance benefits,Number,223,units,0,v21188024,18.36,14840,,,,0
2002,"Oshawa, Ontario",2016S0503532,Average Employment Insurance benefits received by families,Dollars,81,units,0,v21188025,18.37,5500,,,t,0
2002,"Oshawa, Ontario",2016S0503532,Persons not in census families with labour income,Number,223,units,0,v21188026,18.38,21100,,,,0
2002,"Oshawa, Ontario",2016S0503532,Persons not in census families receiving Employment Insurance benefits,Number,223,units,0,v21188027,18.39,2350,,,,0
2002,"Oshawa, Ontario",2016S0503532,Average Employment Insurance benefits received by persons not in census families,Dollars,81,units,0,v21188028,18.40,4100,,,t,0
2002,"Toronto, Ontario",2016S0503535,All tax filers,Number,223,units,0,v21188029,19.1,3628290,,,,0
2002,"Toronto, Ontario",2016S0503535,"All tax filers and dependants, all age groups",Number,223,units,0,v21188030,19.2,4860570,,,,0
2002,"Toronto, Ontario",2016S0503535,"Tax filers and dependants, under age 15 years",Number,223,units,0,v21188031,19.3,964560,,,,0
2002,"Toronto, Ontario",2016S0503535,Tax filers and dependants aged 15 to 64 years,Number,223,units,0,v21188032,19.4,3347060,,,,0
2002,"Toronto, Ontario",2016S0503535,Tax filers and dependants aged 65 years and over,Number,223,units,0,v21188033,19.5,548960,,,,0
2002,"Toronto, Ontario",2016S0503535,All families,Number,223,units,0,v21188034,19.6,1378710,,,,0
2002,"Toronto, Ontario",2016S0503535,Couple families,Number,223,units,0,v21188035,19.7,1162940,,,,0
2002,"Toronto, Ontario",2016S0503535,One-parent families,Number,223,units,0,v21188036,19.8,215770,,,,0
2002,"Toronto, Ontario",2016S0503535,"Median total income, all families",Dollars,81,units,0,v21188037,19.9,58200,,,,0
2002,"Toronto, Ontario",2016S0503535,"Per capita income, all families",Dollars,81,units,0,v21188038,19.10,27100,,,t,0
2002,"Toronto, Ontario",2016S0503535,"Median total income, couple families",Dollars,81,units,0,v21188039,19.11,64800,,,,0
2002,"Toronto, Ontario",2016S0503535,"Per capita income, couple families",Dollars,81,units,0,v21188040,19.12,28700,,,t,0
2002,"Toronto, Ontario",2016S0503535,"Median total income, one-parent families",Dollars,81,units,0,v21188041,19.13,32600,,,,0
2002,"Toronto, Ontario",2016S0503535,"Per capita income, one-parent families",Dollars,81,units,0,v21188042,19.14,16600,,,t,0
2002,"Toronto, Ontario",2016S0503535,Total persons in families,Number,223,units,0,v21188043,19.15,4174640,,,,0
2002,"Toronto, Ontario",2016S0503535,Persons in couple families,Number,223,units,0,v21188044,19.16,3621610,,,,0
2002,"Toronto, Ontario",2016S0503535,Persons in one-parent families,Number,223,units,0,v21188045,19.17,553030,,,,0
2002,"Toronto, Ontario",2016S0503535,Persons not in census families,Number,223,units,0,v21188046,19.18,685930,,,,0
2002,"Toronto, Ontario",2016S0503535,"Median total income, persons not in census families",Dollars,81,units,0,v21188047,19.19,21800,,,t,0
2002,"Toronto, Ontario",2016S0503535,"Per capita income, persons not in census families",Dollars,81,units,0,v21188048,19.20,33200,,,t,0
2002,"Toronto, Ontario",2016S0503535,Families with employment income,Number,223,units,0,v21188049,19.21,1179790,,,,0
2002,"Toronto, Ontario",2016S0503535,Median employment income of families,Dollars,81,units,0,v21188050,19.22,56400,,,,0
2002,"Toronto, Ontario",2016S0503535,Persons not in census families with employment income,Number,223,units,0,v21188051,19.23,418770,,,,0
2002,"Toronto, Ontario",2016S0503535,Median employment income of persons not in census families,Dollars,81,units,0,v21188052,19.24,27100,,,,0
2002,"Toronto, Ontario",2016S0503535,Dual-earner couple families,Number,223,units,0,v21188053,19.25,674000,,,,0
2002,"Toronto, Ontario",2016S0503535,Median employment income of dual-earner couple families,Dollars,81,units,0,v21188054,19.26,73400,,,,0
2002,"Toronto, Ontario",2016S0503535,Single-earner-male couple families,Number,223,units,0,v21188055,19.27,203430,,,,0
2002,"Toronto, Ontario",2016S0503535,Median employment income of single-earner-male couple families,Dollars,81,units,0,v21188056,19.28,31400,,,,0
2002,"Toronto, Ontario",2016S0503535,Single-earner-female couple families,Number,223,units,0,v21188057,19.29,84300,,,,0
2002,"Toronto, Ontario",2016S0503535,Median employment income of single-earner-female couple families,Dollars,81,units,0,v21188058,19.30,21300,,,,0
2002,"Toronto, Ontario",2016S0503535,Families with government transfers,Number,223,units,0,v21188059,19.31,1107090,,,,0
2002,"Toronto, Ontario",2016S0503535,Average government transfers to families,Dollars,81,units,0,v21188060,19.32,7500,,,t,0
2002,"Toronto, Ontario",2016S0503535,Persons not in census families with government transfers,Number,223,units,0,v21188061,19.33,525690,,,,0
2002,"Toronto, Ontario",2016S0503535,Average government transfers to persons not in census families,Dollars,81,units,0,v21188062,19.34,6600,,,t,0
2002,"Toronto, Ontario",2016S0503535,Families with labour income,Number,223,units,0,v21188063,19.35,1183940,,,,0
2002,"Toronto, Ontario",2016S0503535,Families receiving Employment Insurance benefits,Number,223,units,0,v21188064,19.36,211470,,,,0
2002,"Toronto, Ontario",2016S0503535,Average Employment Insurance benefits received by families,Dollars,81,units,0,v21188065,19.37,6100,,,t,0
2002,"Toronto, Ontario",2016S0503535,Persons not in census families with labour income,Number,223,units,0,v21188066,19.38,421790,,,,0
2002,"Toronto, Ontario",2016S0503535,Persons not in census families receiving Employment Insurance benefits,Number,223,units,0,v21188067,19.39,35960,,,,0
2002,"Toronto, Ontario",2016S0503535,Average Employment Insurance benefits received by persons not in census families,Dollars,81,units,0,v21188068,19.40,5000,,,t,0
2002,"Hamilton, Ontario",2016S0503537,All tax filers,Number,223,units,0,v21188069,20.1,496950,,,,0
2002,"Hamilton, Ontario",2016S0503537,"All tax filers and dependants, all age groups",Number,223,units,0,v21188070,20.2,660170,,,,0
2002,"Hamilton, Ontario",2016S0503537,"Tax filers and dependants, under age 15 years",Number,223,units,0,v21188071,20.3,127500,,,,0
2002,"Hamilton, Ontario",2016S0503537,Tax filers and dependants aged 15 to 64 years,Number,223,units,0,v21188072,20.4,437000,,,,0
2002,"Hamilton, Ontario",2016S0503537,Tax filers and dependants aged 65 years and over,Number,223,units,0,v21188073,20.5,95680,,,,0
2002,"Hamilton, Ontario",2016S0503537,All families,Number,223,units,0,v21188074,20.6,188850,,,,0
2002,"Hamilton, Ontario",2016S0503537,Couple families,Number,223,units,0,v21188075,20.7,158940,,,,0
2002,"Hamilton, Ontario",2016S0503537,One-parent families,Number,223,units,0,v21188076,20.8,29910,,,,0
2002,"Hamilton, Ontario",2016S0503537,"Median total income, all families",Dollars,81,units,0,v21188077,20.9,63800,,,,0
2002,"Hamilton, Ontario",2016S0503537,"Per capita income, all families",Dollars,81,units,0,v21188078,20.10,26100,,,t,0
2002,"Hamilton, Ontario",2016S0503537,"Median total income, couple families",Dollars,81,units,0,v21188079,20.11,70500,,,,0
2002,"Hamilton, Ontario",2016S0503537,"Per capita income, couple families",Dollars,81,units,0,v21188080,20.12,27800,,,t,0
2002,"Hamilton, Ontario",2016S0503537,"Median total income, one-parent families",Dollars,81,units,0,v21188081,20.13,30800,,,,0
2002,"Hamilton, Ontario",2016S0503537,"Per capita income, one-parent families",Dollars,81,units,0,v21188082,20.14,15300,,,t,0
2002,"Hamilton, Ontario",2016S0503537,Total persons in families,Number,223,units,0,v21188083,20.15,565370,,,,0
2002,"Hamilton, Ontario",2016S0503537,Persons in couple families,Number,223,units,0,v21188084,20.16,487780,,,,0
2002,"Hamilton, Ontario",2016S0503537,Persons in one-parent families,Number,223,units,0,v21188085,20.17,77600,,,,0
2002,"Hamilton, Ontario",2016S0503537,Persons not in census families,Number,223,units,0,v21188086,20.18,94800,,,,0
2002,"Hamilton, Ontario",2016S0503537,"Median total income, persons not in census families",Dollars,81,units,0,v21188087,20.19,22500,,,t,0
2002,"Hamilton, Ontario",2016S0503537,"Per capita income, persons not in census families",Dollars,81,units,0,v21188088,20.20,30700,,,t,0
2002,"Hamilton, Ontario",2016S0503537,Families with employment income,Number,223,units,0,v21188089,20.21,159340,,,,0
2002,"Hamilton, Ontario",2016S0503537,Median employment income of families,Dollars,81,units,0,v21188090,20.22,61300,,,,0
2002,"Hamilton, Ontario",2016S0503537,Persons not in census families with employment income,Number,223,units,0,v21188091,20.23,50430,,,,0
2002,"Hamilton, Ontario",2016S0503537,Median employment income of persons not in census families,Dollars,81,units,0,v21188092,20.24,26000,,,,0
2002,"Hamilton, Ontario",2016S0503537,Dual-earner couple families,Number,223,units,0,v21188093,20.25,93450,,,,0
2002,"Hamilton, Ontario",2016S0503537,Median employment income of dual-earner couple families,Dollars,81,units,0,v21188094,20.26,77000,,,,0
2002,"Hamilton, Ontario",2016S0503537,Single-earner-male couple families,Number,223,units,0,v21188095,20.27,27460,,,,0
2002,"Hamilton, Ontario",2016S0503537,Median employment income of single-earner-male couple families,Dollars,81,units,0,v21188096,20.28,35800,,,,0
2002,"Hamilton, Ontario",2016S0503537,Single-earner-female couple families,Number,223,units,0,v21188097,20.29,9550,,,,0
2002,"Hamilton, Ontario",2016S0503537,Median employment income of single-earner-female couple families,Dollars,81,units,0,v21188098,20.30,20300,,,,0
2002,"Hamilton, Ontario",2016S0503537,Families with government transfers,Number,223,units,0,v21188099,20.31,152200,,,,0
2002,"Hamilton, Ontario",2016S0503537,Average government transfers to families,Dollars,81,units,0,v21188100,20.32,8900,,,t,0
2002,"Hamilton, Ontario",2016S0503537,Persons not in census families with government transfers,Number,223,units,0,v21188101,20.33,76660,,,,0
2002,"Hamilton, Ontario",2016S0503537,Average government transfers to persons not in census families,Dollars,81,units,0,v21188102,20.34,8300,,,t,0
2002,"Hamilton, Ontario",2016S0503537,Families with labour income,Number,223,units,0,v21188103,20.35,159780,,,,0
2002,"Hamilton, Ontario",2016S0503537,Families receiving Employment Insurance benefits,Number,223,units,0,v21188104,20.36,29010,,,,0
2002,"Hamilton, Ontario",2016S0503537,Average Employment Insurance benefits received by families,Dollars,81,units,0,v21188105,20.37,5500,,,t,0
2002,"Hamilton, Ontario",2016S0503537,Persons not in census families with labour income,Number,223,units,0,v21188106,20.38,50740,,,,0
2002,"Hamilton, Ontario",2016S0503537,Persons not in census families receiving Employment Insurance benefits,Number,223,units,0,v21188107,20.39,5110,,,,0
2002,"Hamilton, Ontario",2016S0503537,Average Employment Insurance benefits received by persons not in census families,Dollars,81,units,0,v21188108,20.40,4500,,,t,0
2003,Canada,2021A11124,All tax filers,Number,223,units,0,v21187309,1.1,23267830,,,,0
2003,Canada,2021A11124,"All tax filers and dependants, all age groups",Number,223,units,0,v21187310,1.2,30695230,,,,0
2003,Canada,2021A11124,"Tax filers and dependants, under age 15 years",Number,223,units,0,v21187311,1.3,5791330,,,,0
2003,Canada,2021A11124,Tax filers and dependants aged 15 to 64 years,Number,223,units,0,v21187312,1.4,20880130,,,,0
2003,Canada,2021A11124,Tax filers and dependants aged 65 years and over,Number,223,units,0,v21187313,1.5,4023780,,,,0
2003,Canada,2021A11124,All families,Number,223,units,0,v21187314,1.6,8770720,,,,0
2003,Canada,2021A11124,Couple families,Number,223,units,0,v21187315,1.7,7319570,,,,0
2003,Canada,2021A11124,One-parent families,Number,223,units,0,v21187316,1.8,1451150,,,,0
2003,Canada,2021A11124,"Median total income, all families",Dollars,81,units,0,v21187317,1.9,56000,,,,0
2003,Canada,2021A11124,"Per capita income, all families",Dollars,81,units,0,v21187318,1.10,24000,,,t,0
2003,Canada,2021A11124,"Median total income, couple families",Dollars,81,units,0,v21187319,1.11,62600,,,,0
2003,Canada,2021A11124,"Per capita income, couple families",Dollars,81,units,0,v21187320,1.12,25700,,,t,0
2003,Canada,2021A11124,"Median total income, one-parent families",Dollars,81,units,0,v21187321,1.13,28600,,,,0
2003,Canada,2021A11124,"Per capita income, one-parent families",Dollars,81,units,0,v21187322,1.14,14200,,,t,0
2003,Canada,2021A11124,Total persons in families,Number,223,units,0,v21187323,1.15,25903070,,,,0
2003,Canada,2021A11124,Persons in couple families,Number,223,units,0,v21187324,1.16,22126520,,,,0
2003,Canada,2021A11124,Persons in one-parent families,Number,223,units,0,v21187325,1.17,3776550,,,,0
2003,Canada,2021A11124,Persons not in census families,Number,223,units,0,v21187326,1.18,4792160,,,,0
2003,Canada,2021A11124,"Median total income, persons not in census families",Dollars,81,units,0,v21187327,1.19,20600,,,t,0
2003,Canada,2021A11124,"Per capita income, persons not in census families",Dollars,81,units,0,v21187328,1.20,29500,,,t,0
2003,Canada,2021A11124,Families with employment income,Number,223,units,0,v21187329,1.21,7431390,,,,0
2003,Canada,2021A11124,Median employment income of families,Dollars,81,units,0,v21187330,1.22,52100,,,,0
2003,Canada,2021A11124,Persons not in census families with employment income,Number,223,units,0,v21187331,1.23,2812000,,,,0
2003,Canada,2021A11124,Median employment income of persons not in census families,Dollars,81,units,0,v21187332,1.24,23600,,,,0
2003,Canada,2021A11124,Dual-earner couple families,Number,223,units,0,v21187333,1.25,4374280,,,,0
2003,Canada,2021A11124,Median employment income of dual-earner couple families,Dollars,81,units,0,v21187334,1.26,67500,,,,0
2003,Canada,2021A11124,Single-earner-male couple families,Number,223,units,0,v21187335,1.27,1165630,,,,0
2003,Canada,2021A11124,Median employment income of single-earner-male couple families,Dollars,81,units,0,v21187336,1.28,29800,,,,0
2003,Canada,2021A11124,Single-earner-female couple families,Number,223,units,0,v21187337,1.29,459240,,,,0
2003,Canada,2021A11124,Median employment income of single-earner-female couple families,Dollars,81,units,0,v21187338,1.30,17600,,,,0
2003,Canada,2021A11124,Families with government transfers,Number,223,units,0,v21187339,1.31,7267450,,,,0
2003,Canada,2021A11124,Average government transfers to families,Dollars,81,units,0,v21187340,1.32,8600,,,t,0
2003,Canada,2021A11124,Persons not in census families with government transfers,Number,223,units,0,v21187341,1.33,3914860,,,,0
2003,Canada,2021A11124,Average government transfers to persons not in census families,Dollars,81,units,0,v21187342,1.34,7300,,,t,0
2003,Canada,2021A11124,Families with labour income,Number,223,units,0,v21187343,1.35,7462590,,,,0
2003,Canada,2021A11124,Families receiving Employment Insurance benefits,Number,223,units,0,v21187344,1.36,1773440,,,,0
2003,Canada,2021A11124,Average Employment Insurance benefits received by families,Dollars,81,units,0,v21187345,1.37,6000,,,t,0
2003,Canada,2021A11124,Persons not in census families with labour income,Number,223,units,0,v21187346,1.38,2832610,,,,0
2003,Canada,2021A11124,Persons not in census families receiving Employment Insurance benefits,Number,223,units,0,v21187347,1.39,393060,,,,0
2003,Canada,2021A11124,Average Employment Insurance benefits received by persons not in census families,Dollars,81,units,0,v21187348,1.40,4800,,,t,0
2003,Ontario,2021A000235,All tax filers,Number,223,units,0,v21187909,16.1,8850040,,,,0
2003,Ontario,2021A000235,"All tax filers and dependants, all age groups",Number,223,units,0,v21187910,16.2,11786380,,,,0
2003,Ontario,2021A000235,"Tax filers and dependants, under age 15 years",Number,223,units,0,v21187911,16.3,2301000,,,,0
2003,Ontario,2021A000235,Tax filers and dependants aged 15 to 64 years,Number,223,units,0,v21187912,16.4,7952620,,,,0
2003,Ontario,2021A000235,Tax filers and dependants aged 65 years and over,Number,223,units,0,v21187913,16.5,1532760,,,,0
2003,Ontario,2021A000235,All families,Number,223,units,0,v21187914,16.6,3380530,,,,0
2003,Ontario,2021A000235,Couple families,Number,223,units,0,v21187915,16.7,2830190,,,,0
2003,Ontario,2021A000235,One-parent families,Number,223,units,0,v21187916,16.8,550340,,,,0
2003,Ontario,2021A000235,"Median total income, all families",Dollars,81,units,0,v21187917,16.9,60500,,,,0
2003,Ontario,2021A000235,"Per capita income, all families",Dollars,81,units,0,v21187918,16.10,26000,,,t,0
2003,Ontario,2021A000235,"Median total income, couple families",Dollars,81,units,0,v21187919,16.11,67500,,,,0
2003,Ontario,2021A000235,"Per capita income, couple families",Dollars,81,units,0,v21187920,16.12,27800,,,t,0
2003,Ontario,2021A000235,"Median total income, one-parent families",Dollars,81,units,0,v21187921,16.13,30800,,,,0
2003,Ontario,2021A000235,"Per capita income, one-parent families",Dollars,81,units,0,v21187922,16.14,15400,,,t,0
2003,Ontario,2021A000235,Total persons in families,Number,223,units,0,v21187923,16.15,10084140,,,,0
2003,Ontario,2021A000235,Persons in couple families,Number,223,units,0,v21187924,16.16,8657200,,,,0
2003,Ontario,2021A000235,Persons in one-parent families,Number,223,units,0,v21187925,16.17,1426940,,,,0
2003,Ontario,2021A000235,Persons not in census families,Number,223,units,0,v21187926,16.18,1702240,,,,0
2003,Ontario,2021A000235,"Median total income, persons not in census families",Dollars,81,units,0,v21187927,16.19,22500,,,t,0
2003,Ontario,2021A000235,"Per capita income, persons not in census families",Dollars,81,units,0,v21187928,16.20,32100,,,t,0
2003,Ontario,2021A000235,Families with employment income,Number,223,units,0,v21187929,16.21,2871690,,,,0
2003,Ontario,2021A000235,Median employment income of families,Dollars,81,units,0,v21187930,16.22,57300,,,,0
2003,Ontario,2021A000235,Persons not in census families with employment income,Number,223,units,0,v21187931,16.23,989770,,,,0
2003,Ontario,2021A000235,Median employment income of persons not in census families,Dollars,81,units,0,v21187932,16.24,25700,,,,0
2003,Ontario,2021A000235,Dual-earner couple families,Number,223,units,0,v21187933,16.25,1671070,,,,0
2003,Ontario,2021A000235,Median employment income of dual-earner couple families,Dollars,81,units,0,v21187934,16.26,74400,,,,0
2003,Ontario,2021A000235,Single-earner-male couple families,Number,223,units,0,v21187935,16.27,470550,,,,0
2003,Ontario,2021A000235,Median employment income of single-earner-male couple families,Dollars,81,units,0,v21187936,16.28,31500,,,,0
2003,Ontario,2021A000235,Single-earner-female couple families,Number,223,units,0,v21187937,16.29,183900,,,,0
2003,Ontario,2021A000235,Median employment income of single-earner-female couple families,Dollars,81,units,0,v21187938,16.30,19800,,,,0
2003,Ontario,2021A000235,Families with government transfers,Number,223,units,0,v21187939,16.31,2719970,,,,0
2003,Ontario,2021A000235,Average government transfers to families,Dollars,81,units,0,v21187940,16.32,8400,,,t,0
2003,Ontario,2021A000235,Persons not in census families with government transfers,Number,223,units,0,v21187941,16.33,1347820,,,,0
2003,Ontario,2021A000235,Average government transfers to persons not in census families,Dollars,81,units,0,v21187942,16.34,7700,,,t,0
2003,Ontario,2021A000235,Families with labour income,Number,223,units,0,v21187943,16.35,2881280,,,,0
2003,Ontario,2021A000235,Families receiving Employment Insurance benefits,Number,223,units,0,v21187944,16.36,548720,,,,0
2003,Ontario,2021A000235,Average Employment Insurance benefits received by families,Dollars,81,units,0,v21187945,16.37,5700,,,t,0
2003,Ontario,2021A000235,Persons not in census families with labour income,Number,223,units,0,v21187946,16.38,996020,,,,0
2003,Ontario,2021A000235,Persons not in census families receiving Employment Insurance benefits,Number,223,units,0,v21187947,16.39,101910,,,,0
2003,Ontario,2021A000235,Average Employment Insurance benefits received by persons not in census families,Dollars,81,units,0,v21187948,16.40,4700,,,t,0
2003,"Oshawa, Ontario",2016S0503532,All tax filers,Number,223,units,0,v21187989,18.1,225570,,,,0
2003,"Oshawa, Ontario",2016S0503532,"All tax filers and dependants, all age groups",Number,223,units,0,v21187990,18.2,310870,,,,0
2003,"Oshawa, Ontario",2016S0503532,"Tax filers and dependants, under age 15 years",Number,223,units,0,v21187991,18.3,68220,,,,0
2003,"Oshawa, Ontario",2016S0503532,Tax filers and dependants aged 15 to 64 years,Number,223,units,0,v21187992,18.4,208780,,,,0
2003,"Oshawa, Ontario",2016S0503532,Tax filers and dependants aged 65 years and over,Number,223,units,0,v21187993,18.5,33860,,,,0
2003,"Oshawa, Ontario",2016S0503532,All families,Number,223,units,0,v21187994,18.6,90080,,,,0
2003,"Oshawa, Ontario",2016S0503532,Couple families,Number,223,units,0,v21187995,18.7,74600,,,,0
2003,"Oshawa, Ontario",2016S0503532,One-parent families,Number,223,units,0,v21187996,18.8,15480,,,,0
2003,"Oshawa, Ontario",2016S0503532,"Median total income, all families",Dollars,81,units,0,v21187997,18.9,72400,,,,0
2003,"Oshawa, Ontario",2016S0503532,"Per capita income, all families",Dollars,81,units,0,v21187998,18.10,26900,,,t,0
2003,"Oshawa, Ontario",2016S0503532,"Median total income, couple families",Dollars,81,units,0,v21187999,18.11,80300,,,,0
2003,"Oshawa, Ontario",2016S0503532,"Per capita income, couple families",Dollars,81,units,0,v21188000,18.12,28800,,,t,0
2003,"Oshawa, Ontario",2016S0503532,"Median total income, one-parent families",Dollars,81,units,0,v21188001,18.13,34600,,,,0
2003,"Oshawa, Ontario",2016S0503532,"Per capita income, one-parent families",Dollars,81,units,0,v21188002,18.14,15800,,,t,0
2003,"Oshawa, Ontario",2016S0503532,Total persons in families,Number,223,units,0,v21188003,18.15,273430,,,,0
2003,"Oshawa, Ontario",2016S0503532,Persons in couple families,Number,223,units,0,v21188004,18.16,232790,,,,0
2003,"Oshawa, Ontario",2016S0503532,Persons in one-parent families,Number,223,units,0,v21188005,18.17,40650,,,,0
2003,"Oshawa, Ontario",2016S0503532,Persons not in census families,Number,223,units,0,v21188006,18.18,37430,,,,0
2003,"Oshawa, Ontario",2016S0503532,"Median total income, persons not in census families",Dollars,81,units,0,v21188007,18.19,26600,,,t,0
2003,"Oshawa, Ontario",2016S0503532,"Per capita income, persons not in census families",Dollars,81,units,0,v21188008,18.20,34600,,,t,0
2003,"Oshawa, Ontario",2016S0503532,Families with employment income,Number,223,units,0,v21188009,18.21,80100,,,,0
2003,"Oshawa, Ontario",2016S0503532,Median employment income of families,Dollars,81,units,0,v21188010,18.22,69900,,,,0
2003,"Oshawa, Ontario",2016S0503532,Persons not in census families with employment income,Number,223,units,0,v21188011,18.23,23200,,,,0
2003,"Oshawa, Ontario",2016S0503532,Median employment income of persons not in census families,Dollars,81,units,0,v21188012,18.24,30800,,,,0
2003,"Oshawa, Ontario",2016S0503532,Dual-earner couple families,Number,223,units,0,v21188013,18.25,48810,,,,0
2003,"Oshawa, Ontario",2016S0503532,Median employment income of dual-earner couple families,Dollars,81,units,0,v21188014,18.26,85600,,,,0
2003,"Oshawa, Ontario",2016S0503532,Single-earner-male couple families,Number,223,units,0,v21188015,18.27,12630,,,,0
2003,"Oshawa, Ontario",2016S0503532,Median employment income of single-earner-male couple families,Dollars,81,units,0,v21188016,18.28,44700,,,,0
2003,"Oshawa, Ontario",2016S0503532,Single-earner-female couple families,Number,223,units,0,v21188017,18.29,3860,,,,0
2003,"Oshawa, Ontario",2016S0503532,Median employment income of single-earner-female couple families,Dollars,81,units,0,v21188018,18.30,22800,,,,0
2003,"Oshawa, Ontario",2016S0503532,Families with government transfers,Number,223,units,0,v21188019,18.31,69220,,,,0
2003,"Oshawa, Ontario",2016S0503532,Average government transfers to families,Dollars,81,units,0,v21188020,18.32,7800,,,t,0
2003,"Oshawa, Ontario",2016S0503532,Persons not in census families with government transfers,Number,223,units,0,v21188021,18.33,27760,,,,0
2003,"Oshawa, Ontario",2016S0503532,Average government transfers to persons not in census families,Dollars,81,units,0,v21188022,18.34,8200,,,t,0
2003,"Oshawa, Ontario",2016S0503532,Families with labour income,Number,223,units,0,v21188023,18.35,80290,,,,0
2003,"Oshawa, Ontario",2016S0503532,Families receiving Employment Insurance benefits,Number,223,units,0,v21188024,18.36,13950,,,,0
2003,"Oshawa, Ontario",2016S0503532,Average Employment Insurance benefits received by families,Dollars,81,units,0,v21188025,18.37,5800,,,t,0
2003,"Oshawa, Ontario",2016S0503532,Persons not in census families with labour income,Number,223,units,0,v21188026,18.38,23310,,,,0
2003,"Oshawa, Ontario",2016S0503532,Persons not in census families receiving Employment Insurance benefits,Number,223,units,0,v21188027,18.39,2190,,,,0
2003,"Oshawa, Ontario",2016S0503532,Average Employment Insurance benefits received by persons not in census families,Dollars,81,units,0,v21188028,18.40,4300,,,t,0
2003,"Toronto, Ontario",2016S0503535,All tax filers,Number,223,units,0,v21188029,19.1,3671930,,,,0
2003,"Toronto, Ontario",2016S0503535,"All tax filers and dependants, all age groups",Number,223,units,0,v21188030,19.2,4908270,,,,0
2003,"Toronto, Ontario",2016S0503535,"Tax filers and dependants, under age 15 years",Number,223,units,0,v21188031,19.3,968440,,,,0
2003,"Toronto, Ontario",2016S0503535,Tax filers and dependants aged 15 to 64 years,Number,223,units,0,v21188032,19.4,3379560,,,,0
2003,"Toronto, Ontario",2016S0503535,Tax filers and dependants aged 65 years and over,Number,223,units,0,v21188033,19.5,560280,,,,0
2003,"Toronto, Ontario",2016S0503535,All families,Number,223,units,0,v21188034,19.6,1397100,,,,0
2003,"Toronto, Ontario",2016S0503535,Couple families,Number,223,units,0,v21188035,19.7,1169690,,,,0
2003,"Toronto, Ontario",2016S0503535,One-parent families,Number,223,units,0,v21188036,19.8,227410,,,,0
2003,"Toronto, Ontario",2016S0503535,"Median total income, all families",Dollars,81,units,0,v21188037,19.9,58500,,,,0
2003,"Toronto, Ontario",2016S0503535,"Per capita income, all families",Dollars,81,units,0,v21188038,19.10,27500,,,t,0
2003,"Toronto, Ontario",2016S0503535,"Median total income, couple families",Dollars,81,units,0,v21188039,19.11,65700,,,,0
2003,"Toronto, Ontario",2016S0503535,"Per capita income, couple families",Dollars,81,units,0,v21188040,19.12,29300,,,t,0
2003,"Toronto, Ontario",2016S0503535,"Median total income, one-parent families",Dollars,81,units,0,v21188041,19.13,32300,,,,0
2003,"Toronto, Ontario",2016S0503535,"Per capita income, one-parent families",Dollars,81,units,0,v21188042,19.14,16600,,,t,0
2003,"Toronto, Ontario",2016S0503535,Total persons in families,Number,223,units,0,v21188043,19.15,4207950,,,,0
2003,"Toronto, Ontario",2016S0503535,Persons in couple families,Number,223,units,0,v21188044,19.16,3625310,,,,0
2003,"Toronto, Ontario",2016S0503535,Persons in one-parent families,Number,223,units,0,v21188045,19.17,582650,,,,0
2003,"Toronto, Ontario",2016S0503535,Persons not in census families,Number,223,units,0,v21188046,19.18,700320,,,,0
2003,"Toronto, Ontario",2016S0503535,"Median total income, persons not in census families",Dollars,81,units,0,v21188047,19.19,22000,,,t,0
2003,"Toronto, Ontario",2016S0503535,"Per capita income, persons not in census families",Dollars,81,units,0,v21188048,19.20,33700,,,t,0
2003,"Toronto, Ontario",2016S0503535,Families with employment income,Number,223,units,0,v21188049,19.21,1190990,,,,0
2003,"Toronto, Ontario",2016S0503535,Median employment income of families,Dollars,81,units,0,v21188050,19.22,57000,,,,0
2003,"Toronto, Ontario",2016S0503535,Persons not in census families with employment income,Number,223,units,0,v21188051,19.23,430080,,,,0
2003,"Toronto, Ontario",2016S0503535,Median employment income of persons not in census families,Dollars,81,units,0,v21188052,19.24,27100,,,,0
2003,"Toronto, Ontario",2016S0503535,Dual-earner couple families,Number,223,units,0,v21188053,19.25,679500,,,,0
2003,"Toronto, Ontario",2016S0503535,Median employment income of dual-earner couple families,Dollars,81,units,0,v21188054,19.26,75100,,,,0
2003,"Toronto, Ontario",2016S0503535,Single-earner-male couple families,Number,223,units,0,v21188055,19.27,202120,,,,0
2003,"Toronto, Ontario",2016S0503535,Median employment income of single-earner-male couple families,Dollars,81,units,0,v21188056,19.28,31300,,,,0
2003,"Toronto, Ontario",2016S0503535,Single-earner-female couple families,Number,223,units,0,v21188057,19.29,84630,,,,0
2003,"Toronto, Ontario",2016S0503535,Median employment income of single-earner-female couple families,Dollars,81,units,0,v21188058,19.30,21100,,,,0
2003,"Toronto, Ontario",2016S0503535,Families with government transfers,Number,223,units,0,v21188059,19.31,1108080,,,,0
2003,"Toronto, Ontario",2016S0503535,Average government transfers to families,Dollars,81,units,0,v21188060,19.32,7700,,,t,0
2003,"Toronto, Ontario",2016S0503535,Persons not in census families with government transfers,Number,223,units,0,v21188061,19.33,536920,,,,0
2003,"Toronto, Ontario",2016S0503535,Average government transfers to persons not in census families,Dollars,81,units,0,v21188062,19.34,6700,,,t,0
2003,"Toronto, Ontario",2016S0503535,Families with labour income,Number,223,units,0,v21188063,19.35,1195480,,,,0
2003,"Toronto, Ontario",2016S0503535,Families receiving Employment Insurance benefits,Number,223,units,0,v21188064,19.36,210940,,,,0
2003,"Toronto, Ontario",2016S0503535,Average Employment Insurance benefits received by families,Dollars,81,units,0,v21188065,19.37,6100,,,t,0
2003,"Toronto, Ontario",2016S0503535,Persons not in census families with labour income,Number,223,units,0,v21188066,19.38,432860,,,,0
2003,"Toronto, Ontario",2016S0503535,Persons not in census families receiving Employment Insurance benefits,Number,223,units,0,v21188067,19.39,36590,,,,0
2003,"Toronto, Ontario",2016S0503535,Average Employment Insurance benefits received by persons not in census families,Dollars,81,units,0,v21188068,19.40,5000,,,t,0
2003,"Hamilton, Ontario",2016S0503537,All tax filers,Number,223,units,0,v21188069,20.1,504020,,,,0
2003,"Hamilton, Ontario",2016S0503537,"All tax filers and dependants, all age groups",Number,223,units,0,v21188070,20.2,666620,,,,0
2003,"Hamilton, Ontario",2016S0503537,"Tax filers and dependants, under age 15 years",Number,223,units,0,v21188071,20.3,127670,,,,0
2003,"Hamilton, Ontario",2016S0503537,Tax filers and dependants aged 15 to 64 years,Number,223,units,0,v21188072,20.4,441320,,,,0
2003,"Hamilton, Ontario",2016S0503537,Tax filers and dependants aged 65 years and over,Number,223,units,0,v21188073,20.5,97630,,,,0
2003,"Hamilton, Ontario",2016S0503537,All families,Number,223,units,0,v21188074,20.6,191460,,,,0
2003,"Hamilton, Ontario",2016S0503537,Couple families,Number,223,units,0,v21188075,20.7,160390,,,,0
2003,"Hamilton, Ontario",2016S0503537,One-parent families,Number,223,units,0,v21188076,20.8,31070,,,,0
2003,"Hamilton, Ontario",2016S0503537,"Median total income, all families",Dollars,81,units,0,v21188077,20.9,65200,,,,0
2003,"Hamilton, Ontario",2016S0503537,"Per capita income, all families",Dollars,81,units,0,v21188078,20.10,27000,,,t,0
2003,"Hamilton, Ontario",2016S0503537,"Median total income, couple families",Dollars,81,units,0,v21188079,20.11,72400,,,,0
2003,"Hamilton, Ontario",2016S0503537,"Per capita income, couple families",Dollars,81,units,0,v21188080,20.12,28900,,,t,0
2003,"Hamilton, Ontario",2016S0503537,"Median total income, one-parent families",Dollars,81,units,0,v21188081,20.13,31500,,,,0
2003,"Hamilton, Ontario",2016S0503537,"Per capita income, one-parent families",Dollars,81,units,0,v21188082,20.14,15700,,,t,0
2003,"Hamilton, Ontario",2016S0503537,Total persons in families,Number,223,units,0,v21188083,20.15,568890,,,,0
2003,"Hamilton, Ontario",2016S0503537,Persons in couple families,Number,223,units,0,v21188084,20.16,488210,,,,0
2003,"Hamilton, Ontario",2016S0503537,Persons in one-parent families,Number,223,units,0,v21188085,20.17,80680,,,,0
2003,"Hamilton, Ontario",2016S0503537,Persons not in census families,Number,223,units,0,v21188086,20.18,97740,,,,0
2003,"Hamilton, Ontario",2016S0503537,"Median total income, persons not in census families",Dollars,81,units,0,v21188087,20.19,23300,,,t,0
2003,"Hamilton, Ontario",2016S0503537,"Per capita income, persons not in census families",Dollars,81,units,0,v21188088,20.20,31700,,,t,0
2003,"Hamilton, Ontario",2016S0503537,Families with employment income,Number,223,units,0,v21188089,20.21,161440,,,,0
2003,"Hamilton, Ontario",2016S0503537,Median employment income of families,Dollars,81,units,0,v21188090,20.22,62900,,,,0
2003,"Hamilton, Ontario",2016S0503537,Persons not in census families with employment income,Number,223,units,0,v21188091,20.23,53120,,,,0
2003,"Hamilton, Ontario",2016S0503537,Median employment income of persons not in census families,Dollars,81,units,0,v21188092,20.24,26900,,,,0
2003,"Hamilton, Ontario",2016S0503537,Dual-earner couple families,Number,223,units,0,v21188093,20.25,95170,,,,0
2003,"Hamilton, Ontario",2016S0503537,Median employment income of dual-earner couple families,Dollars,81,units,0,v21188094,20.26,79600,,,,0
2003,"Hamilton, Ontario",2016S0503537,Single-earner-male couple families,Number,223,units,0,v21188095,20.27,27120,,,,0
2003,"Hamilton, Ontario",2016S0503537,Median employment income of single-earner-male couple families,Dollars,81,units,0,v21188096,20.28,35600,,,,0
2003,"Hamilton, Ontario",2016S0503537,Single-earner-female couple families,Number,223,units,0,v21188097,20.29,9480,,,,0
2003,"Hamilton, Ontario",2016S0503537,Median employment income of single-earner-female couple families,Dollars,81,units,0,v21188098,20.30,20100,,,,0
2003,"Hamilton, Ontario",2016S0503537,Families with government transfers,Number,223,units,0,v21188099,20.31,153110,,,,0
2003,"Hamilton, Ontario",2016S0503537,Average government transfers to families,Dollars,81,units,0,v21188100,20.32,9100,,,t,0
2003,"Hamilton, Ontario",2016S0503537,Persons not in census families with government transfers,Number,223,units,0,v21188101,20.33,78170,,,,0
2003,"Hamilton, Ontario",2016S0503537,Average government transfers to persons not in census families,Dollars,81,units,0,v21188102,20.34,8500,,,t,0
2003,"Hamilton, Ontario",2016S0503537,Families with labour income,Number,223,units,0,v21188103,20.35,161940,,,,0
2003,"Hamilton, Ontario",2016S0503537,Families receiving Employment Insurance benefits,Number,223,units,0,v21188104,20.36,29130,,,,0
2003,"Hamilton, Ontario",2016S0503537,Average Employment Insurance benefits received by families,Dollars,81,units,0,v21188105,20.37,5500,,,t,0
2003,"Hamilton, Ontario",2016S0503537,Persons not in census families with labour income,Number,223,units,0,v21188106,20.38,53440,,,,0
2003,"Hamilton, Ontario",2016S0503537,Persons not in census families receiving Employment Insurance benefits,Number,223,units,0,v21188107,20.39,5260,,,,0
2003,"Hamilton, Ontario",2016S0503537,Average Employment Insurance benefits received by persons not in census families,Dollars,81,units,0,v21188108,20.40,4300,,,t,0
2004,Canada,2021A11124,All tax filers,Number,223,units,0,v21187309,1.1,23624530,,,,0
2004,Canada,2021A11124,"All tax filers and dependants, all age groups",Number,223,units,0,v21187310,1.2,31041180,,,,0
2004,Canada,2021A11124,"Tax filers and dependants, under age 15 years",Number,223,units,0,v21187311,1.3,5776200,,,,0
2004,Canada,2021A11124,Tax filers and dependants aged 15 to 64 years,Number,223,units,0,v21187312,1.4,21175340,,,,0
2004,Canada,2021A11124,Tax filers and dependants aged 65 years and over,Number,223,units,0,v21187313,1.5,4089650,,,,0
2004,Canada,2021A11124,All families,Number,223,units,0,v21187314,1.6,8893300,,,,0
2004,Canada,2021A11124,Couple families,Number,223,units,0,v21187315,1.7,7449160,,,,0
2004,Canada,2021A11124,One-parent families,Number,223,units,0,v21187316,1.8,1444150,,,,0
2004,Canada,2021A11124,"Median total income, all families",Dollars,81,units,0,v21187317,1.9,58100,,,,0
2004,Canada,2021A11124,"Per capita income, all families",Dollars,81,units,0,v21187318,1.10,25100,,,t,0
2004,Canada,2021A11124,"Median total income, couple families",Dollars,81,units,0,v21187319,1.11,64800,,,,0
2004,Canada,2021A11124,"Per capita income, couple families",Dollars,81,units,0,v21187320,1.12,26900,,,t,0
2004,Canada,2021A11124,"Median total income, one-parent families",Dollars,81,units,0,v21187321,1.13,29500,,,,0
2004,Canada,2021A11124,"Per capita income, one-parent families",Dollars,81,units,0,v21187322,1.14,14700,,,t,0
2004,Canada,2021A11124,Total persons in families,Number,223,units,0,v21187323,1.15,26193700,,,,0
2004,Canada,2021A11124,Persons in couple families,Number,223,units,0,v21187324,1.16,22436600,,,,0
2004,Canada,2021A11124,Persons in one-parent families,Number,223,units,0,v21187325,1.17,3757100,,,,0
2004,Canada,2021A11124,Persons not in census families,Number,223,units,0,v21187326,1.18,4847480,,,,0
2004,Canada,2021A11124,"Median total income, persons not in census families",Dollars,81,units,0,v21187327,1.19,21100,,,t,0
2004,Canada,2021A11124,"Per capita income, persons not in census families",Dollars,81,units,0,v21187328,1.20,30300,,,t,0
2004,Canada,2021A11124,Families with employment income,Number,223,units,0,v21187329,1.21,7552850,,,,0
2004,Canada,2021A11124,Median employment income of families,Dollars,81,units,0,v21187330,1.22,53900,,,,0
2004,Canada,2021A11124,Persons not in census families with employment income,Number,223,units,0,v21187331,1.23,2857440,,,,0
2004,Canada,2021A11124,Median employment income of persons not in census families,Dollars,81,units,0,v21187332,1.24,23800,,,,0
2004,Canada,2021A11124,Dual-earner couple families,Number,223,units,0,v21187333,1.25,4472390,,,,0
2004,Canada,2021A11124,Median employment income of dual-earner couple families,Dollars,81,units,0,v21187334,1.26,69700,,,,0
2004,Canada,2021A11124,Single-earner-male couple families,Number,223,units,0,v21187335,1.27,1183230,,,,0
2004,Canada,2021A11124,Median employment income of single-earner-male couple families,Dollars,81,units,0,v21187336,1.28,30000,,,,0
2004,Canada,2021A11124,Single-earner-female couple families,Number,223,units,0,v21187337,1.29,471160,,,,0
2004,Canada,2021A11124,Median employment income of single-earner-female couple families,Dollars,81,units,0,v21187338,1.30,18000,,,,0
2004,Canada,2021A11124,Families with government transfers,Number,223,units,0,v21187339,1.31,7365060,,,,0
2004,Canada,2021A11124,Average government transfers to families,Dollars,81,units,0,v21187340,1.32,8800,,,t,0
2004,Canada,2021A11124,Persons not in census families with government transfers,Number,223,units,0,v21187341,1.33,3918450,,,,0
2004,Canada,2021A11124,Average government transfers to persons not in census families,Dollars,81,units,0,v21187342,1.34,7600,,,t,0
2004,Canada,2021A11124,Families with labour income,Number,223,units,0,v21187343,1.35,7582620,,,,0
2004,Canada,2021A11124,Families receiving Employment Insurance benefits,Number,223,units,0,v21187344,1.36,1752840,,,,0
2004,Canada,2021A11124,Average Employment Insurance benefits received by families,Dollars,81,units,0,v21187345,1.37,6100,,,t,0
2004,Canada,2021A11124,Persons not in census families with labour income,Number,223,units,0,v21187346,1.38,2877210,,,,0
2004,Canada,2021A11124,Persons not in census families receiving Employment Insurance benefits,Number,223,units,0,v21187347,1.39,379270,,,,0
2004,Canada,2021A11124,Average Employment Insurance benefits received by persons not in census families,Dollars,81,units,0,v21187348,1.40,4900,,,t,0
2004,Ontario,2021A000235,All tax filers,Number,223,units,0,v21187909,16.1,8993400,,,,0
2004,Ontario,2021A000235,"All tax filers and dependants, all age groups",Number,223,units,0,v21187910,16.2,11940300,,,,0
2004,Ontario,2021A000235,"Tax filers and dependants, under age 15 years",Number,223,units,0,v21187911,16.3,2302560,,,,0
2004,Ontario,2021A000235,Tax filers and dependants aged 15 to 64 years,Number,223,units,0,v21187912,16.4,8078430,,,,0
2004,Ontario,2021A000235,Tax filers and dependants aged 65 years and over,Number,223,units,0,v21187913,16.5,1559320,,,,0
2004,Ontario,2021A000235,All families,Number,223,units,0,v21187914,16.6,3435190,,,,0
2004,Ontario,2021A000235,Couple families,Number,223,units,0,v21187915,16.7,2883680,,,,0
2004,Ontario,2021A000235,One-parent families,Number,223,units,0,v21187916,16.8,551520,,,,0
2004,Ontario,2021A000235,"Median total income, all families",Dollars,81,units,0,v21187917,16.9,62500,,,,0
2004,Ontario,2021A000235,"Per capita income, all families",Dollars,81,units,0,v21187918,16.10,27000,,,t,0
2004,Ontario,2021A000235,"Median total income, couple families",Dollars,81,units,0,v21187919,16.11,69600,,,,0
2004,Ontario,2021A000235,"Per capita income, couple families",Dollars,81,units,0,v21187920,16.12,28800,,,t,0
2004,Ontario,2021A000235,"Median total income, one-parent families",Dollars,81,units,0,v21187921,16.13,31800,,,,0
2004,Ontario,2021A000235,"Per capita income, one-parent families",Dollars,81,units,0,v21187922,16.14,15900,,,t,0
2004,Ontario,2021A000235,Total persons in families,Number,223,units,0,v21187923,16.15,10229820,,,,0
2004,Ontario,2021A000235,Persons in couple families,Number,223,units,0,v21187924,16.16,8801810,,,,0
2004,Ontario,2021A000235,Persons in one-parent families,Number,223,units,0,v21187925,16.17,1428010,,,,0
2004,Ontario,2021A000235,Persons not in census families,Number,223,units,0,v21187926,16.18,1710490,,,,0
2004,Ontario,2021A000235,"Median total income, persons not in census families",Dollars,81,units,0,v21187927,16.19,22900,,,t,0
2004,Ontario,2021A000235,"Per capita income, persons not in census families",Dollars,81,units,0,v21187928,16.20,32800,,,t,0
2004,Ontario,2021A000235,Families with employment income,Number,223,units,0,v21187929,16.21,2923010,,,,0
2004,Ontario,2021A000235,Median employment income of families,Dollars,81,units,0,v21187930,16.22,58900,,,,0
2004,Ontario,2021A000235,Persons not in census families with employment income,Number,223,units,0,v21187931,16.23,995690,,,,0
2004,Ontario,2021A000235,Median employment income of persons not in census families,Dollars,81,units,0,v21187932,16.24,25700,,,,0
2004,Ontario,2021A000235,Dual-earner couple families,Number,223,units,0,v21187933,16.25,1707330,,,,0
2004,Ontario,2021A000235,Median employment income of dual-earner couple families,Dollars,81,units,0,v21187934,16.26,76600,,,,0
2004,Ontario,2021A000235,Single-earner-male couple families,Number,223,units,0,v21187935,16.27,477930,,,,0
2004,Ontario,2021A000235,Median employment income of single-earner-male couple families,Dollars,81,units,0,v21187936,16.28,31300,,,,0
2004,Ontario,2021A000235,Single-earner-female couple families,Number,223,units,0,v21187937,16.29,190420,,,,0
2004,Ontario,2021A000235,Median employment income of single-earner-female couple families,Dollars,81,units,0,v21187938,16.30,20200,,,,0
2004,Ontario,2021A000235,Families with government transfers,Number,223,units,0,v21187939,16.31,2783280,,,,0
2004,Ontario,2021A000235,Average government transfers to families,Dollars,81,units,0,v21187940,16.32,8600,,,t,0
2004,Ontario,2021A000235,Persons not in census families with government transfers,Number,223,units,0,v21187941,16.33,1349000,,,,0
2004,Ontario,2021A000235,Average government transfers to persons not in census families,Dollars,81,units,0,v21187942,16.34,7900,,,t,0
2004,Ontario,2021A000235,Families with labour income,Number,223,units,0,v21187943,16.35,2932520,,,,0
2004,Ontario,2021A000235,Families receiving Employment Insurance benefits,Number,223,units,0,v21187944,16.36,545190,,,,0
2004,Ontario,2021A000235,Average Employment Insurance benefits received by families,Dollars,81,units,0,v21187945,16.37,5900,,,t,0
2004,Ontario,2021A000235,Persons not in census families with labour income,Number,223,units,0,v21187946,16.38,1001660,,,,0
2004,Ontario,2021A000235,Persons not in census families receiving Employment Insurance benefits,Number,223,units,0,v21187947,16.39,96910,,,,0
2004,Ontario,2021A000235,Average Employment Insurance benefits received by persons not in census families,Dollars,81,units,0,v21187948,16.40,4800,,,t,0
2004,"Oshawa, Ontario",2016S0503532,All tax filers,Number,223,units,0,v21187989,18.1,231830,,,,0
2004,"Oshawa, Ontario",2016S0503532,"All tax filers and dependants, all age groups",Number,223,units,0,v21187990,18.2,317920,,,,0
2004,"Oshawa, Ontario",2016S0503532,"Tax filers and dependants, under age 15 years",Number,223,units,0,v21187991,18.3,68580,,,,0
2004,"Oshawa, Ontario",2016S0503532,Tax filers and dependants aged 15 to 64 years,Number,223,units,0,v21187992,18.4,214440,,,,0
2004,"Oshawa, Ontario",2016S0503532,Tax filers and dependants aged 65 years and over,Number,223,units,0,v21187993,18.5,34900,,,,0
2004,"Oshawa, Ontario",2016S0503532,All families,Number,223,units,0,v21187994,18.6,92340,,,,0
2004,"Oshawa, Ontario",2016S0503532,Couple families,Number,223,units,0,v21187995,18.7,76990,,,,0
2004,"Oshawa, Ontario",2016S0503532,One-parent families,Number,223,units,0,v21187996,18.8,15350,,,,0
2004,"Oshawa, Ontario",2016S0503532,"Median total income, all families",Dollars,81,units,0,v21187997,18.9,75000,,,,0
2004,"Oshawa, Ontario",2016S0503532,"Per capita income, all families",Dollars,81,units,0,v21187998,18.10,27900,,,t,0
2004,"Oshawa, Ontario",2016S0503532,"Median total income, couple families",Dollars,81,units,0,v21187999,18.11,83100,,,,0
2004,"Oshawa, Ontario",2016S0503532,"Per capita income, couple families",Dollars,81,units,0,v21188000,18.12,29800,,,t,0
2004,"Oshawa, Ontario",2016S0503532,"Median total income, one-parent families",Dollars,81,units,0,v21188001,18.13,35700,,,,0
2004,"Oshawa, Ontario",2016S0503532,"Per capita income, one-parent families",Dollars,81,units,0,v21188002,18.14,16500,,,t,0
2004,"Oshawa, Ontario",2016S0503532,Total persons in families,Number,223,units,0,v21188003,18.15,280010,,,,0
2004,"Oshawa, Ontario",2016S0503532,Persons in couple families,Number,223,units,0,v21188004,18.16,239950,,,,0
2004,"Oshawa, Ontario",2016S0503532,Persons in one-parent families,Number,223,units,0,v21188005,18.17,40050,,,,0
2004,"Oshawa, Ontario",2016S0503532,Persons not in census families,Number,223,units,0,v21188006,18.18,37910,,,,0
2004,"Oshawa, Ontario",2016S0503532,"Median total income, persons not in census families",Dollars,81,units,0,v21188007,18.19,27000,,,t,0
2004,"Oshawa, Ontario",2016S0503532,"Per capita income, persons not in census families",Dollars,81,units,0,v21188008,18.20,35000,,,t,0
2004,"Oshawa, Ontario",2016S0503532,Families with employment income,Number,223,units,0,v21188009,18.21,82290,,,,0
2004,"Oshawa, Ontario",2016S0503532,Median employment income of families,Dollars,81,units,0,v21188010,18.22,71800,,,,0
2004,"Oshawa, Ontario",2016S0503532,Persons not in census families with employment income,Number,223,units,0,v21188011,18.23,23420,,,,0
2004,"Oshawa, Ontario",2016S0503532,Median employment income of persons not in census families,Dollars,81,units,0,v21188012,18.24,31100,,,,0
2004,"Oshawa, Ontario",2016S0503532,Dual-earner couple families,Number,223,units,0,v21188013,18.25,50590,,,,0
2004,"Oshawa, Ontario",2016S0503532,Median employment income of dual-earner couple families,Dollars,81,units,0,v21188014,18.26,87700,,,,0
2004,"Oshawa, Ontario",2016S0503532,Single-earner-male couple families,Number,223,units,0,v21188015,18.27,13000,,,,0
2004,"Oshawa, Ontario",2016S0503532,Median employment income of single-earner-male couple families,Dollars,81,units,0,v21188016,18.28,44500,,,,0
2004,"Oshawa, Ontario",2016S0503532,Single-earner-female couple families,Number,223,units,0,v21188017,18.29,4090,,,,0
2004,"Oshawa, Ontario",2016S0503532,Median employment income of single-earner-female couple families,Dollars,81,units,0,v21188018,18.30,22700,,,,0
2004,"Oshawa, Ontario",2016S0503532,Families with government transfers,Number,223,units,0,v21188019,18.31,71940,,,,0
2004,"Oshawa, Ontario",2016S0503532,Average government transfers to families,Dollars,81,units,0,v21188020,18.32,8000,,,t,0
2004,"Oshawa, Ontario",2016S0503532,Persons not in census families with government transfers,Number,223,units,0,v21188021,18.33,28130,,,,0
2004,"Oshawa, Ontario",2016S0503532,Average government transfers to persons not in census families,Dollars,81,units,0,v21188022,18.34,8400,,,t,0
2004,"Oshawa, Ontario",2016S0503532,Families with labour income,Number,223,units,0,v21188023,18.35,82480,,,,0
2004,"Oshawa, Ontario",2016S0503532,Families receiving Employment Insurance benefits,Number,223,units,0,v21188024,18.36,14250,,,,0
2004,"Oshawa, Ontario",2016S0503532,Average Employment Insurance benefits received by families,Dollars,81,units,0,v21188025,18.37,6200,,,t,0
2004,"Oshawa, Ontario",2016S0503532,Persons not in census families with labour income,Number,223,units,0,v21188026,18.38,23530,,,,0
2004,"Oshawa, Ontario",2016S0503532,Persons not in census families receiving Employment Insurance benefits,Number,223,units,0,v21188027,18.39,2020,,,,0
2004,"Oshawa, Ontario",2016S0503532,Average Employment Insurance benefits received by persons not in census families,Dollars,81,units,0,v21188028,18.40,4500,,,t,0
2004,"Toronto, Ontario",2016S0503535,All tax filers,Number,223,units,0,v21188029,19.1,3754540,,,,0
2004,"Toronto, Ontario",2016S0503535,"All tax filers and dependants, all age groups",Number,223,units,0,v21188030,19.2,5008310,,,,0
2004,"Toronto, Ontario",2016S0503535,"Tax filers and dependants, under age 15 years",Number,223,units,0,v21188031,19.3,979770,,,,0
2004,"Toronto, Ontario",2016S0503535,Tax filers and dependants aged 15 to 64 years,Number,223,units,0,v21188032,19.4,3454460,,,,0
2004,"Toronto, Ontario",2016S0503535,Tax filers and dependants aged 65 years and over,Number,223,units,0,v21188033,19.5,574080,,,,0
2004,"Toronto, Ontario",2016S0503535,All families,Number,223,units,0,v21188034,19.6,1428980,,,,0
2004,"Toronto, Ontario",2016S0503535,Couple families,Number,223,units,0,v21188035,19.7,1198880,,,,0
2004,"Toronto, Ontario",2016S0503535,One-parent families,Number,223,units,0,v21188036,19.8,230090,,,,0
2004,"Toronto, Ontario",2016S0503535,"Median total income, all families",Dollars,81,units,0,v21188037,19.9,60100,,,,0
2004,"Toronto, Ontario",2016S0503535,"Per capita income, all families",Dollars,81,units,0,v21188038,19.10,28500,,,t,0
2004,"Toronto, Ontario",2016S0503535,"Median total income, couple families",Dollars,81,units,0,v21188039,19.11,67500,,,,0
2004,"Toronto, Ontario",2016S0503535,"Per capita income, couple families",Dollars,81,units,0,v21188040,19.12,30300,,,t,0
2004,"Toronto, Ontario",2016S0503535,"Median total income, one-parent families",Dollars,81,units,0,v21188041,19.13,33100,,,,0
2004,"Toronto, Ontario",2016S0503535,"Per capita income, one-parent families",Dollars,81,units,0,v21188042,19.14,17200,,,t,0
2004,"Toronto, Ontario",2016S0503535,Total persons in families,Number,223,units,0,v21188043,19.15,4302010,,,,0
2004,"Toronto, Ontario",2016S0503535,Persons in couple families,Number,223,units,0,v21188044,19.16,3713310,,,,0
2004,"Toronto, Ontario",2016S0503535,Persons in one-parent families,Number,223,units,0,v21188045,19.17,588700,,,,0
2004,"Toronto, Ontario",2016S0503535,Persons not in census families,Number,223,units,0,v21188046,19.18,706300,,,,0
2004,"Toronto, Ontario",2016S0503535,"Median total income, persons not in census families",Dollars,81,units,0,v21188047,19.19,22200,,,t,0
2004,"Toronto, Ontario",2016S0503535,"Per capita income, persons not in census families",Dollars,81,units,0,v21188048,19.20,34400,,,t,0
2004,"Toronto, Ontario",2016S0503535,Families with employment income,Number,223,units,0,v21188049,19.21,1219820,,,,0
2004,"Toronto, Ontario",2016S0503535,Median employment income of families,Dollars,81,units,0,v21188050,19.22,58600,,,,0
2004,"Toronto, Ontario",2016S0503535,Persons not in census families with employment income,Number,223,units,0,v21188051,19.23,434080,,,,0
2004,"Toronto, Ontario",2016S0503535,Median employment income of persons not in census families,Dollars,81,units,0,v21188052,19.24,27200,,,,0
2004,"Toronto, Ontario",2016S0503535,Dual-earner couple families,Number,223,units,0,v21188053,19.25,698010,,,,0
2004,"Toronto, Ontario",2016S0503535,Median employment income of dual-earner couple families,Dollars,81,units,0,v21188054,19.26,77100,,,,0
2004,"Toronto, Ontario",2016S0503535,Single-earner-male couple families,Number,223,units,0,v21188055,19.27,206800,,,,0
2004,"Toronto, Ontario",2016S0503535,Median employment income of single-earner-male couple families,Dollars,81,units,0,v21188056,19.28,31900,,,,0
2004,"Toronto, Ontario",2016S0503535,Single-earner-female couple families,Number,223,units,0,v21188057,19.29,87580,,,,0
2004,"Toronto, Ontario",2016S0503535,Median employment income of single-earner-female couple families,Dollars,81,units,0,v21188058,19.30,21400,,,,0
2004,"Toronto, Ontario",2016S0503535,Families with government transfers,Number,223,units,0,v21188059,19.31,1141330,,,,0
2004,"Toronto, Ontario",2016S0503535,Average government transfers to families,Dollars,81,units,0,v21188060,19.32,7800,,,t,0
2004,"Toronto, Ontario",2016S0503535,Persons not in census families with government transfers,Number,223,units,0,v21188061,19.33,539180,,,,0
2004,"Toronto, Ontario",2016S0503535,Average government transfers to persons not in census families,Dollars,81,units,0,v21188062,19.34,6900,,,t,0
2004,"Toronto, Ontario",2016S0503535,Families with labour income,Number,223,units,0,v21188063,19.35,1224250,,,,0
2004,"Toronto, Ontario",2016S0503535,Families receiving Employment Insurance benefits,Number,223,units,0,v21188064,19.36,208670,,,,0
2004,"Toronto, Ontario",2016S0503535,Average Employment Insurance benefits received by families,Dollars,81,units,0,v21188065,19.37,6300,,,t,0
2004,"Toronto, Ontario",2016S0503535,Persons not in census families with labour income,Number,223,units,0,v21188066,19.38,436780,,,,0
2004,"Toronto, Ontario",2016S0503535,Persons not in census families receiving Employment Insurance benefits,Number,223,units,0,v21188067,19.39,34490,,,,0
2004,"Toronto, Ontario",2016S0503535,Average Employment Insurance benefits received by persons not in census families,Dollars,81,units,0,v21188068,19.40,5100,,,t,0
2004,"Hamilton, Ontario",2016S0503537,All tax filers,Number,223,units,0,v21188069,20.1,509620,,,,0
2004,"Hamilton, Ontario",2016S0503537,"All tax filers and dependants, all age groups",Number,223,units,0,v21188070,20.2,671740,,,,0
2004,"Hamilton, Ontario",2016S0503537,"Tax filers and dependants, under age 15 years",Number,223,units,0,v21188071,20.3,127030,,,,0
2004,"Hamilton, Ontario",2016S0503537,Tax filers and dependants aged 15 to 64 years,Number,223,units,0,v21188072,20.4,445960,,,,0
2004,"Hamilton, Ontario",2016S0503537,Tax filers and dependants aged 65 years and over,Number,223,units,0,v21188073,20.5,98750,,,,0
2004,"Hamilton, Ontario",2016S0503537,All families,Number,223,units,0,v21188074,20.6,193340,,,,0
2004,"Hamilton, Ontario",2016S0503537,Couple families,Number,223,units,0,v21188075,20.7,161870,,,,0
2004,"Hamilton, Ontario",2016S0503537,One-parent families,Number,223,units,0,v21188076,20.8,31480,,,,0
2004,"Hamilton, Ontario",2016S0503537,"Median total income, all families",Dollars,81,units,0,v21188077,20.9,67100,,,,0
2004,"Hamilton, Ontario",2016S0503537,"Per capita income, all families",Dollars,81,units,0,v21188078,20.10,27800,,,t,0
2004,"Hamilton, Ontario",2016S0503537,"Median total income, couple families",Dollars,81,units,0,v21188079,20.11,74500,,,,0
2004,"Hamilton, Ontario",2016S0503537,"Per capita income, couple families",Dollars,81,units,0,v21188080,20.12,29700,,,t,0
2004,"Hamilton, Ontario",2016S0503537,"Median total income, one-parent families",Dollars,81,units,0,v21188081,20.13,32800,,,,0
2004,"Hamilton, Ontario",2016S0503537,"Per capita income, one-parent families",Dollars,81,units,0,v21188082,20.14,16300,,,t,0
2004,"Hamilton, Ontario",2016S0503537,Total persons in families,Number,223,units,0,v21188083,20.15,573750,,,,0
2004,"Hamilton, Ontario",2016S0503537,Persons in couple families,Number,223,units,0,v21188084,20.16,492160,,,,0
2004,"Hamilton, Ontario",2016S0503537,Persons in one-parent families,Number,223,units,0,v21188085,20.17,81590,,,,0
2004,"Hamilton, Ontario",2016S0503537,Persons not in census families,Number,223,units,0,v21188086,20.18,97980,,,,0
2004,"Hamilton, Ontario",2016S0503537,"Median total income, persons not in census families",Dollars,81,units,0,v21188087,20.19,23800,,,t,0
2004,"Hamilton, Ontario",2016S0503537,"Per capita income, persons not in census families",Dollars,81,units,0,v21188088,20.20,32500,,,t,0
2004,"Hamilton, Ontario",2016S0503537,Families with employment income,Number,223,units,0,v21188089,20.21,163320,,,,0
2004,"Hamilton, Ontario",2016S0503537,Median employment income of families,Dollars,81,units,0,v21188090,20.22,64300,,,,0
2004,"Hamilton, Ontario",2016S0503537,Persons not in census families with employment income,Number,223,units,0,v21188091,20.23,53440,,,,0
2004,"Hamilton, Ontario",2016S0503537,Median employment income of persons not in census families,Dollars,81,units,0,v21188092,20.24,26400,,,,0
2004,"Hamilton, Ontario",2016S0503537,Dual-earner couple families,Number,223,units,0,v21188093,20.25,96430,,,,0
2004,"Hamilton, Ontario",2016S0503537,Median employment income of dual-earner couple families,Dollars,81,units,0,v21188094,20.26,81600,,,,0
2004,"Hamilton, Ontario",2016S0503537,Single-earner-male couple families,Number,223,units,0,v21188095,20.27,27430,,,,0
2004,"Hamilton, Ontario",2016S0503537,Median employment income of single-earner-male couple families,Dollars,81,units,0,v21188096,20.28,35000,,,,0
2004,"Hamilton, Ontario",2016S0503537,Single-earner-female couple families,Number,223,units,0,v21188097,20.29,9650,,,,0
2004,"Hamilton, Ontario",2016S0503537,Median employment income of single-earner-female couple families,Dollars,81,units,0,v21188098,20.30,21000,,,,0
2004,"Hamilton, Ontario",2016S0503537,Families with government transfers,Number,223,units,0,v21188099,20.31,156020,,,,0
2004,"Hamilton, Ontario",2016S0503537,Average government transfers to families,Dollars,81,units,0,v21188100,20.32,9400,,,t,0
2004,"Hamilton, Ontario",2016S0503537,Persons not in census families with government transfers,Number,223,units,0,v21188101,20.33,78550,,,,0
2004,"Hamilton, Ontario",2016S0503537,Average government transfers to persons not in census families,Dollars,81,units,0,v21188102,20.34,8700,,,t,0
2004,"Hamilton, Ontario",2016S0503537,Families with labour income,Number,223,units,0,v21188103,20.35,163800,,,,0
2004,"Hamilton, Ontario",2016S0503537,Families receiving Employment Insurance benefits,Number,223,units,0,v21188104,20.36,29400,,,,0
2004,"Hamilton, Ontario",2016S0503537,Average Employment Insurance benefits received by families,Dollars,81,units,0,v21188105,20.37,5800,,,t,0
2004,"Hamilton, Ontario",2016S0503537,Persons not in census families with labour income,Number,223,units,0,v21188106,20.38,53720,,,,0
2004,"Hamilton, Ontario",2016S0503537,Persons not in census families receiving Employment Insurance benefits,Number,223,units,0,v21188107,20.39,5170,,,,0
2004,"Hamilton, Ontario",2016S0503537,Average Employment Insurance benefits received by persons not in census families,Dollars,81,units,0,v21188108,20.40,4600,,,t,0
2005,Canada,2021A11124,All tax filers,Number,223,units,0,v21187309,1.1,23951820,,,,0
2005,Canada,2021A11124,"All tax filers and dependants, all age groups",Number,223,units,0,v21187310,1.2,31099150,,,,0
2005,Canada,2021A11124,"Tax filers and dependants, under age 15 years",Number,223,units,0,v21187311,1.3,5620550,,,,0
2005,Canada,2021A11124,Tax filers and dependants aged 15 to 64 years,Number,223,units,0,v21187312,1.4,21307310,,,,0
2005,Canada,2021A11124,Tax filers and dependants aged 65 years and over,Number,223,units,0,v21187313,1.5,4171290,,,,0
2005,Canada,2021A11124,All families,Number,223,units,0,v21187314,1.6,8942100,,,,0
2005,Canada,2021A11124,Couple families,Number,223,units,0,v21187315,1.7,7486160,,,,0
2005,Canada,2021A11124,One-parent families,Number,223,units,0,v21187316,1.8,1455940,,,,0
2005,Canada,2021A11124,"Median total income, all families",Dollars,81,units,0,v21187317,1.9,60600,,,,0
2005,Canada,2021A11124,"Per capita income, all families",Dollars,81,units,0,v21187318,1.10,26600,,,t,0
2005,Canada,2021A11124,"Median total income, couple families",Dollars,81,units,0,v21187319,1.11,67600,,,,0
2005,Canada,2021A11124,"Per capita income, couple families",Dollars,81,units,0,v21187320,1.12,28500,,,t,0
2005,Canada,2021A11124,"Median total income, one-parent families",Dollars,81,units,0,v21187321,1.13,30000,,,,0
2005,Canada,2021A11124,"Per capita income, one-parent families",Dollars,81,units,0,v21187322,1.14,15200,,,t,0
2005,Canada,2021A11124,Total persons in families,Number,223,units,0,v21187323,1.15,26071080,,,,0
2005,Canada,2021A11124,Persons in couple families,Number,223,units,0,v21187324,1.16,22350920,,,,0
2005,Canada,2021A11124,Persons in one-parent families,Number,223,units,0,v21187325,1.17,3720160,,,,0
2005,Canada,2021A11124,Persons not in census families,Number,223,units,0,v21187326,1.18,5028070,,,,0
2005,Canada,2021A11124,"Median total income, persons not in census families",Dollars,81,units,0,v21187327,1.19,21800,,,t,0
2005,Canada,2021A11124,"Per capita income, persons not in census families",Dollars,81,units,0,v21187328,1.20,31200,,,t,0
2005,Canada,2021A11124,Families with employment income,Number,223,units,0,v21187329,1.21,7608020,,,,0
2005,Canada,2021A11124,Median employment income of families,Dollars,81,units,0,v21187330,1.22,56000,,,,0
2005,Canada,2021A11124,Persons not in census families with employment income,Number,223,units,0,v21187331,1.23,2997870,,,,0
2005,Canada,2021A11124,Median employment income of persons not in census families,Dollars,81,units,0,v21187332,1.24,24400,,,,0
2005,Canada,2021A11124,Dual-earner couple families,Number,223,units,0,v21187333,1.25,4544160,,,,0
2005,Canada,2021A11124,Median employment income of dual-earner couple families,Dollars,81,units,0,v21187334,1.26,72000,,,,0
2005,Canada,2021A11124,Single-earner-male couple families,Number,223,units,0,v21187335,1.27,1186910,,,,0
2005,Canada,2021A11124,Median employment income of single-earner-male couple families,Dollars,81,units,0,v21187336,1.28,30100,,,,0
2005,Canada,2021A11124,Single-earner-female couple families,Number,223,units,0,v21187337,1.29,479950,,,,0
2005,Canada,2021A11124,Median employment income of single-earner-female couple families,Dollars,81,units,0,v21187338,1.30,18600,,,,0
2005,Canada,2021A11124,Families with government transfers,Number,223,units,0,v21187339,1.31,7384040,,,,0
2005,Canada,2021A11124,Average government transfers to families,Dollars,81,units,0,v21187340,1.32,9200,,,t,0
2005,Canada,2021A11124,Persons not in census families with government transfers,Number,223,units,0,v21187341,1.33,4054970,,,,0
2005,Canada,2021A11124,Average government transfers to persons not in census families,Dollars,81,units,0,v21187342,1.34,7600,,,t,0
2005,Canada,2021A11124,Families with labour income,Number,223,units,0,v21187343,1.35,7635510,,,,0
2005,Canada,2021A11124,Families receiving Employment Insurance benefits,Number,223,units,0,v21187344,1.36,1693080,,,,0
2005,Canada,2021A11124,Average Employment Insurance benefits received by families,Dollars,81,units,0,v21187345,1.37,6200,,,t,0
2005,Canada,2021A11124,Persons not in census families with labour income,Number,223,units,0,v21187346,1.38,3016330,,,,0
2005,Canada,2021A11124,Persons not in census families receiving Employment Insurance benefits,Number,223,units,0,v21187347,1.39,375010,,,,0
2005,Canada,2021A11124,Average Employment Insurance benefits received by persons not in census families,Dollars,81,units,0,v21187348,1.40,4900,,,t,0
2005,Ontario,2021A000235,All tax filers,Number,223,units,0,v21187909,16.1,9117120,,,,0
2005,Ontario,2021A000235,"All tax filers and dependants, all age groups",Number,223,units,0,v21187910,16.2,11977440,,,,0
2005,Ontario,2021A000235,"Tax filers and dependants, under age 15 years",Number,223,units,0,v21187911,16.3,2250240,,,,0
2005,Ontario,2021A000235,Tax filers and dependants aged 15 to 64 years,Number,223,units,0,v21187912,16.4,8138120,,,,0
2005,Ontario,2021A000235,Tax filers and dependants aged 65 years and over,Number,223,units,0,v21187913,16.5,1589070,,,,0
2005,Ontario,2021A000235,All families,Number,223,units,0,v21187914,16.6,3460010,,,,0
2005,Ontario,2021A000235,Couple families,Number,223,units,0,v21187915,16.7,2891660,,,,0
2005,Ontario,2021A000235,One-parent families,Number,223,units,0,v21187916,16.8,568350,,,,0
2005,Ontario,2021A000235,"Median total income, all families",Dollars,81,units,0,v21187917,16.9,64500,,,,0
2005,Ontario,2021A000235,"Per capita income, all families",Dollars,81,units,0,v21187918,16.10,28300,,,t,0
2005,Ontario,2021A000235,"Median total income, couple families",Dollars,81,units,0,v21187919,16.11,72100,,,,0
2005,Ontario,2021A000235,"Per capita income, couple families",Dollars,81,units,0,v21187920,16.12,30300,,,t,0
2005,Ontario,2021A000235,"Median total income, one-parent families",Dollars,81,units,0,v21187921,16.13,31300,,,,0
2005,Ontario,2021A000235,"Per capita income, one-parent families",Dollars,81,units,0,v21187922,16.14,16000,,,t,0
2005,Ontario,2021A000235,Total persons in families,Number,223,units,0,v21187923,16.15,10207630,,,,0
2005,Ontario,2021A000235,Persons in couple families,Number,223,units,0,v21187924,16.16,8752600,,,,0
2005,Ontario,2021A000235,Persons in one-parent families,Number,223,units,0,v21187925,16.17,1455030,,,,0
2005,Ontario,2021A000235,Persons not in census families,Number,223,units,0,v21187926,16.18,1769810,,,,0
2005,Ontario,2021A000235,"Median total income, persons not in census families",Dollars,81,units,0,v21187927,16.19,23400,,,t,0
2005,Ontario,2021A000235,"Per capita income, persons not in census families",Dollars,81,units,0,v21187928,16.20,33600,,,t,0
2005,Ontario,2021A000235,Families with employment income,Number,223,units,0,v21187929,16.21,2950080,,,,0
2005,Ontario,2021A000235,Median employment income of families,Dollars,81,units,0,v21187930,16.22,60600,,,,0
2005,Ontario,2021A000235,Persons not in census families with employment income,Number,223,units,0,v21187931,16.23,1041680,,,,0
2005,Ontario,2021A000235,Median employment income of persons not in census families,Dollars,81,units,0,v21187932,16.24,25800,,,,0
2005,Ontario,2021A000235,Dual-earner couple families,Number,223,units,0,v21187933,16.25,1736250,,,,0
2005,Ontario,2021A000235,Median employment income of dual-earner couple families,Dollars,81,units,0,v21187934,16.26,78600,,,,0
2005,Ontario,2021A000235,Single-earner-male couple families,Number,223,units,0,v21187935,16.27,479750,,,,0
2005,Ontario,2021A000235,Median employment income of single-earner-male couple families,Dollars,81,units,0,v21187936,16.28,31200,,,,0
2005,Ontario,2021A000235,Single-earner-female couple families,Number,223,units,0,v21187937,16.29,195310,,,,0
2005,Ontario,2021A000235,Median employment income of single-earner-female couple families,Dollars,81,units,0,v21187938,16.30,20400,,,,0
2005,Ontario,2021A000235,Families with government transfers,Number,223,units,0,v21187939,16.31,2807660,,,,0
2005,Ontario,2021A000235,Average government transfers to families,Dollars,81,units,0,v21187940,16.32,8900,,,t,0
2005,Ontario,2021A000235,Persons not in census families with government transfers,Number,223,units,0,v21187941,16.33,1397900,,,,0
2005,Ontario,2021A000235,Average government transfers to persons not in census families,Dollars,81,units,0,v21187942,16.34,8000,,,t,0
2005,Ontario,2021A000235,Families with labour income,Number,223,units,0,v21187943,16.35,2958900,,,,0
2005,Ontario,2021A000235,Families receiving Employment Insurance benefits,Number,223,units,0,v21187944,16.36,535830,,,,0
2005,Ontario,2021A000235,Average Employment Insurance benefits received by families,Dollars,81,units,0,v21187945,16.37,5900,,,t,0
2005,Ontario,2021A000235,Persons not in census families with labour income,Number,223,units,0,v21187946,16.38,1047400,,,,0
2005,Ontario,2021A000235,Persons not in census families receiving Employment Insurance benefits,Number,223,units,0,v21187947,16.39,96430,,,,0
2005,Ontario,2021A000235,Average Employment Insurance benefits received by persons not in census families,Dollars,81,units,0,v21187948,16.40,4700,,,t,0
2005,"Oshawa, Ontario",2016S0503532,All tax filers,Number,223,units,0,v21187989,18.1,236360,,,,0
2005,"Oshawa, Ontario",2016S0503532,"All tax filers and dependants, all age groups",Number,223,units,0,v21187990,18.2,320680,,,,0
2005,"Oshawa, Ontario",2016S0503532,"Tax filers and dependants, under age 15 years",Number,223,units,0,v21187991,18.3,66930,,,,0
2005,"Oshawa, Ontario",2016S0503532,Tax filers and dependants aged 15 to 64 years,Number,223,units,0,v21187992,18.4,217880,,,,0
2005,"Oshawa, Ontario",2016S0503532,Tax filers and dependants aged 65 years and over,Number,223,units,0,v21187993,18.5,35870,,,,0
2005,"Oshawa, Ontario",2016S0503532,All families,Number,223,units,0,v21187994,18.6,93470,,,,0
2005,"Oshawa, Ontario",2016S0503532,Couple families,Number,223,units,0,v21187995,18.7,77810,,,,0
2005,"Oshawa, Ontario",2016S0503532,One-parent families,Number,223,units,0,v21187996,18.8,15660,,,,0
2005,"Oshawa, Ontario",2016S0503532,"Median total income, all families",Dollars,81,units,0,v21187997,18.9,76800,,,,0
2005,"Oshawa, Ontario",2016S0503532,"Per capita income, all families",Dollars,81,units,0,v21187998,18.10,28800,,,t,0
2005,"Oshawa, Ontario",2016S0503532,"Median total income, couple families",Dollars,81,units,0,v21187999,18.11,85400,,,,0
2005,"Oshawa, Ontario",2016S0503532,"Per capita income, couple families",Dollars,81,units,0,v21188000,18.12,30800,,,t,0
2005,"Oshawa, Ontario",2016S0503532,"Median total income, one-parent families",Dollars,81,units,0,v21188001,18.13,35700,,,,0
2005,"Oshawa, Ontario",2016S0503532,"Per capita income, one-parent families",Dollars,81,units,0,v21188002,18.14,16700,,,t,0
2005,"Oshawa, Ontario",2016S0503532,Total persons in families,Number,223,units,0,v21188003,18.15,280970,,,,0
2005,"Oshawa, Ontario",2016S0503532,Persons in couple families,Number,223,units,0,v21188004,18.16,240680,,,,0
2005,"Oshawa, Ontario",2016S0503532,Persons in one-parent families,Number,223,units,0,v21188005,18.17,40290,,,,0
2005,"Oshawa, Ontario",2016S0503532,Persons not in census families,Number,223,units,0,v21188006,18.18,39710,,,,0
2005,"Oshawa, Ontario",2016S0503532,"Median total income, persons not in census families",Dollars,81,units,0,v21188007,18.19,27600,,,t,0
2005,"Oshawa, Ontario",2016S0503532,"Per capita income, persons not in census families",Dollars,81,units,0,v21188008,18.20,35500,,,t,0
2005,"Oshawa, Ontario",2016S0503532,Families with employment income,Number,223,units,0,v21188009,18.21,83390,,,,0
2005,"Oshawa, Ontario",2016S0503532,Median employment income of families,Dollars,81,units,0,v21188010,18.22,73400,,,,0
2005,"Oshawa, Ontario",2016S0503532,Persons not in census families with employment income,Number,223,units,0,v21188011,18.23,24850,,,,0
2005,"Oshawa, Ontario",2016S0503532,Median employment income of persons not in census families,Dollars,81,units,0,v21188012,18.24,30700,,,,0
2005,"Oshawa, Ontario",2016S0503532,Dual-earner couple families,Number,223,units,0,v21188013,18.25,51770,,,,0
2005,"Oshawa, Ontario",2016S0503532,Median employment income of dual-earner couple families,Dollars,81,units,0,v21188014,18.26,89600,,,,0
2005,"Oshawa, Ontario",2016S0503532,Single-earner-male couple families,Number,223,units,0,v21188015,18.27,13010,,,,0
2005,"Oshawa, Ontario",2016S0503532,Median employment income of single-earner-male couple families,Dollars,81,units,0,v21188016,18.28,43300,,,,0
2005,"Oshawa, Ontario",2016S0503532,Single-earner-female couple families,Number,223,units,0,v21188017,18.29,4120,,,,0
2005,"Oshawa, Ontario",2016S0503532,Median employment income of single-earner-female couple families,Dollars,81,units,0,v21188018,18.30,23300,,,,0
2005,"Oshawa, Ontario",2016S0503532,Families with government transfers,Number,223,units,0,v21188019,18.31,73890,,,,0
2005,"Oshawa, Ontario",2016S0503532,Average government transfers to families,Dollars,81,units,0,v21188020,18.32,8200,,,t,0
2005,"Oshawa, Ontario",2016S0503532,Persons not in census families with government transfers,Number,223,units,0,v21188021,18.33,30030,,,,0
2005,"Oshawa, Ontario",2016S0503532,Average government transfers to persons not in census families,Dollars,81,units,0,v21188022,18.34,8300,,,t,0
2005,"Oshawa, Ontario",2016S0503532,Families with labour income,Number,223,units,0,v21188023,18.35,83570,,,,0
2005,"Oshawa, Ontario",2016S0503532,Families receiving Employment Insurance benefits,Number,223,units,0,v21188024,18.36,16450,,,,0
2005,"Oshawa, Ontario",2016S0503532,Average Employment Insurance benefits received by families,Dollars,81,units,0,v21188025,18.37,5600,,,t,0
2005,"Oshawa, Ontario",2016S0503532,Persons not in census families with labour income,Number,223,units,0,v21188026,18.38,24930,,,,0
2005,"Oshawa, Ontario",2016S0503532,Persons not in census families receiving Employment Insurance benefits,Number,223,units,0,v21188027,18.39,2610,,,,0
2005,"Oshawa, Ontario",2016S0503532,Average Employment Insurance benefits received by persons not in census families,Dollars,81,units,0,v21188028,18.40,3900,,,t,0
2005,"Toronto, Ontario",2016S0503535,All tax filers,Number,223,units,0,v21188029,19.1,3827610,,,,0
2005,"Toronto, Ontario",2016S0503535,"All tax filers and dependants, all age groups",Number,223,units,0,v21188030,19.2,5062800,,,,0
2005,"Toronto, Ontario",2016S0503535,"Tax filers and dependants, under age 15 years",Number,223,units,0,v21188031,19.3,974190,,,,0
2005,"Toronto, Ontario",2016S0503535,Tax filers and dependants aged 15 to 64 years,Number,223,units,0,v21188032,19.4,3500300,,,,0
2005,"Toronto, Ontario",2016S0503535,Tax filers and dependants aged 65 years and over,Number,223,units,0,v21188033,19.5,588320,,,,0
2005,"Toronto, Ontario",2016S0503535,All families,Number,223,units,0,v21188034,19.6,1449100,,,,0
2005,"Toronto, Ontario",2016S0503535,Couple families,Number,223,units,0,v21188035,19.7,1204870,,,,0
2005,"Toronto, Ontario",2016S0503535,One-parent families,Number,223,units,0,v21188036,19.8,244230,,,,0
2005,"Toronto, Ontario",2016S0503535,"Median total income, all families",Dollars,81,units,0,v21188037,19.9,61800,,,,0
2005,"Toronto, Ontario",2016S0503535,"Per capita income, all families",Dollars,81,units,0,v21188038,19.10,29800,,,t,0
2005,"Toronto, Ontario",2016S0503535,"Median total income, couple families",Dollars,81,units,0,v21188039,19.11,69900,,,,0
2005,"Toronto, Ontario",2016S0503535,"Per capita income, couple families",Dollars,81,units,0,v21188040,19.12,31900,,,t,0
2005,"Toronto, Ontario",2016S0503535,"Median total income, one-parent families",Dollars,81,units,0,v21188041,19.13,31600,,,,0
2005,"Toronto, Ontario",2016S0503535,"Per capita income, one-parent families",Dollars,81,units,0,v21188042,19.14,16800,,,t,0
2005,"Toronto, Ontario",2016S0503535,Total persons in families,Number,223,units,0,v21188043,19.15,4331950,,,,0
2005,"Toronto, Ontario",2016S0503535,Persons in couple families,Number,223,units,0,v21188044,19.16,3709860,,,,0
2005,"Toronto, Ontario",2016S0503535,Persons in one-parent families,Number,223,units,0,v21188045,19.17,622090,,,,0
2005,"Toronto, Ontario",2016S0503535,Persons not in census families,Number,223,units,0,v21188046,19.18,730860,,,,0
2005,"Toronto, Ontario",2016S0503535,"Median total income, persons not in census families",Dollars,81,units,0,v21188047,19.19,22600,,,t,0
2005,"Toronto, Ontario",2016S0503535,"Per capita income, persons not in census families",Dollars,81,units,0,v21188048,19.20,35200,,,t,0
2005,"Toronto, Ontario",2016S0503535,Families with employment income,Number,223,units,0,v21188049,19.21,1239450,,,,0
2005,"Toronto, Ontario",2016S0503535,Median employment income of families,Dollars,81,units,0,v21188050,19.22,60000,,,,0
2005,"Toronto, Ontario",2016S0503535,Persons not in census families with employment income,Number,223,units,0,v21188051,19.23,451480,,,,0
2005,"Toronto, Ontario",2016S0503535,Median employment income of persons not in census families,Dollars,81,units,0,v21188052,19.24,27500,,,,0
2005,"Toronto, Ontario",2016S0503535,Dual-earner couple families,Number,223,units,0,v21188053,19.25,714270,,,,0
2005,"Toronto, Ontario",2016S0503535,Median employment income of dual-earner couple families,Dollars,81,units,0,v21188054,19.26,78700,,,,0
2005,"Toronto, Ontario",2016S0503535,Single-earner-male couple families,Number,223,units,0,v21188055,19.27,209080,,,,0
2005,"Toronto, Ontario",2016S0503535,Median employment income of single-earner-male couple families,Dollars,81,units,0,v21188056,19.28,32000,,,,0
2005,"Toronto, Ontario",2016S0503535,Single-earner-female couple families,Number,223,units,0,v21188057,19.29,90370,,,,0
2005,"Toronto, Ontario",2016S0503535,Median employment income of single-earner-female couple families,Dollars,81,units,0,v21188058,19.30,21400,,,,0
2005,"Toronto, Ontario",2016S0503535,Families with government transfers,Number,223,units,0,v21188059,19.31,1161010,,,,0
2005,"Toronto, Ontario",2016S0503535,Average government transfers to families,Dollars,81,units,0,v21188060,19.32,8100,,,t,0
2005,"Toronto, Ontario",2016S0503535,Persons not in census families with government transfers,Number,223,units,0,v21188061,19.33,559330,,,,0
2005,"Toronto, Ontario",2016S0503535,Average government transfers to persons not in census families,Dollars,81,units,0,v21188062,19.34,7000,,,t,0
2005,"Toronto, Ontario",2016S0503535,Families with labour income,Number,223,units,0,v21188063,19.35,1243700,,,,0
2005,"Toronto, Ontario",2016S0503535,Families receiving Employment Insurance benefits,Number,223,units,0,v21188064,19.36,207050,,,,0
2005,"Toronto, Ontario",2016S0503535,Average Employment Insurance benefits received by families,Dollars,81,units,0,v21188065,19.37,6400,,,t,0
2005,"Toronto, Ontario",2016S0503535,Persons not in census families with labour income,Number,223,units,0,v21188066,19.38,454060,,,,0
2005,"Toronto, Ontario",2016S0503535,Persons not in census families receiving Employment Insurance benefits,Number,223,units,0,v21188067,19.39,33950,,,,0
2005,"Toronto, Ontario",2016S0503535,Average Employment Insurance benefits received by persons not in census families,Dollars,81,units,0,v21188068,19.40,5000,,,t,0
2005,"Hamilton, Ontario",2016S0503537,All tax filers,Number,223,units,0,v21188069,20.1,514550,,,,0
2005,"Hamilton, Ontario",2016S0503537,"All tax filers and dependants, all age groups",Number,223,units,0,v21188070,20.2,671240,,,,0
2005,"Hamilton, Ontario",2016S0503537,"Tax filers and dependants, under age 15 years",Number,223,units,0,v21188071,20.3,123670,,,,0
2005,"Hamilton, Ontario",2016S0503537,Tax filers and dependants aged 15 to 64 years,Number,223,units,0,v21188072,20.4,447370,,,,0
2005,"Hamilton, Ontario",2016S0503537,Tax filers and dependants aged 65 years and over,Number,223,units,0,v21188073,20.5,100190,,,,0
2005,"Hamilton, Ontario",2016S0503537,All families,Number,223,units,0,v21188074,20.6,193700,,,,0
2005,"Hamilton, Ontario",2016S0503537,Couple families,Number,223,units,0,v21188075,20.7,161640,,,,0
2005,"Hamilton, Ontario",2016S0503537,One-parent families,Number,223,units,0,v21188076,20.8,32070,,,,0
2005,"Hamilton, Ontario",2016S0503537,"Median total income, all families",Dollars,81,units,0,v21188077,20.9,69500,,,,0
2005,"Hamilton, Ontario",2016S0503537,"Per capita income, all families",Dollars,81,units,0,v21188078,20.10,29400,,,t,0
2005,"Hamilton, Ontario",2016S0503537,"Median total income, couple families",Dollars,81,units,0,v21188079,20.11,77500,,,,0
2005,"Hamilton, Ontario",2016S0503537,"Per capita income, couple families",Dollars,81,units,0,v21188080,20.12,31500,,,t,0
2005,"Hamilton, Ontario",2016S0503537,"Median total income, one-parent families",Dollars,81,units,0,v21188081,20.13,32900,,,,0
2005,"Hamilton, Ontario",2016S0503537,"Per capita income, one-parent families",Dollars,81,units,0,v21188082,20.14,16800,,,t,0
2005,"Hamilton, Ontario",2016S0503537,Total persons in families,Number,223,units,0,v21188083,20.15,570040,,,,0
2005,"Hamilton, Ontario",2016S0503537,Persons in couple families,Number,223,units,0,v21188084,20.16,487840,,,,0
2005,"Hamilton, Ontario",2016S0503537,Persons in one-parent families,Number,223,units,0,v21188085,20.17,82200,,,,0
2005,"Hamilton, Ontario",2016S0503537,Persons not in census families,Number,223,units,0,v21188086,20.18,101200,,,,0
2005,"Hamilton, Ontario",2016S0503537,"Median total income, persons not in census families",Dollars,81,units,0,v21188087,20.19,24400,,,t,0
2005,"Hamilton, Ontario",2016S0503537,"Per capita income, persons not in census families",Dollars,81,units,0,v21188088,20.20,33500,,,t,0
2005,"Hamilton, Ontario",2016S0503537,Families with employment income,Number,223,units,0,v21188089,20.21,164180,,,,0
2005,"Hamilton, Ontario",2016S0503537,Median employment income of families,Dollars,81,units,0,v21188090,20.22,66200,,,,0
2005,"Hamilton, Ontario",2016S0503537,Persons not in census families with employment income,Number,223,units,0,v21188091,20.23,55990,,,,0
2005,"Hamilton, Ontario",2016S0503537,Median employment income of persons not in census families,Dollars,81,units,0,v21188092,20.24,26700,,,,0
2005,"Hamilton, Ontario",2016S0503537,Dual-earner couple families,Number,223,units,0,v21188093,20.25,97790,,,,0
2005,"Hamilton, Ontario",2016S0503537,Median employment income of dual-earner couple families,Dollars,81,units,0,v21188094,20.26,84000,,,,0
2005,"Hamilton, Ontario",2016S0503537,Single-earner-male couple families,Number,223,units,0,v21188095,20.27,27020,,,,0
2005,"Hamilton, Ontario",2016S0503537,Median employment income of single-earner-male couple families,Dollars,81,units,0,v21188096,20.28,34800,,,,0
2005,"Hamilton, Ontario",2016S0503537,Single-earner-female couple families,Number,223,units,0,v21188097,20.29,9960,,,,0
2005,"Hamilton, Ontario",2016S0503537,Median employment income of single-earner-female couple families,Dollars,81,units,0,v21188098,20.30,21600,,,,0
2005,"Hamilton, Ontario",2016S0503537,Families with government transfers,Number,223,units,0,v21188099,20.31,156590,,,,0
2005,"Hamilton, Ontario",2016S0503537,Average government transfers to families,Dollars,81,units,0,v21188100,20.32,9600,,,t,0
2005,"Hamilton, Ontario",2016S0503537,Persons not in census families with government transfers,Number,223,units,0,v21188101,20.33,81020,,,,0
2005,"Hamilton, Ontario",2016S0503537,Average government transfers to persons not in census families,Dollars,81,units,0,v21188102,20.34,8800,,,t,0
2005,"Hamilton, Ontario",2016S0503537,Families with labour income,Number,223,units,0,v21188103,20.35,164660,,,,0
2005,"Hamilton, Ontario",2016S0503537,Families receiving Employment Insurance benefits,Number,223,units,0,v21188104,20.36,28350,,,,0
2005,"Hamilton, Ontario",2016S0503537,Average Employment Insurance benefits received by families,Dollars,81,units,0,v21188105,20.37,5900,,,t,0
2005,"Hamilton, Ontario",2016S0503537,Persons not in census families with labour income,Number,223,units,0,v21188106,20.38,56290,,,,0
2005,"Hamilton, Ontario",2016S0503537,Persons not in census families receiving Employment Insurance benefits,Number,223,units,0,v21188107,20.39,5170,,,,0
2005,"Hamilton, Ontario",2016S0503537,Average Employment Insurance benefits received by persons not in census families,Dollars,81,units,0,v21188108,20.40,4500,,,t,0
2006,Canada,2021A11124,All tax filers,Number,223,units,0,v21187309,1.1,24258900,,,,0
2006,Canada,2021A11124,"All tax filers and dependants, all age groups",Number,223,units,0,v21187310,1.2,31492030,,,,0
2006,Canada,2021A11124,"Tax filers and dependants, under age 15 years",Number,223,units,0,v21187311,1.3,5660570,,,,0
2006,Canada,2021A11124,Tax filers and dependants aged 15 to 64 years,Number,223,units,0,v21187312,1.4,21560780,,,,0
2006,Canada,2021A11124,Tax filers and dependants aged 65 years and over,Number,223,units,0,v21187313,1.5,4270680,,,,0
2006,Canada,2021A11124,All families,Number,223,units,0,v21187314,1.6,9020650,,,,0
2006,Canada,2021A11124,Couple families,Number,223,units,0,v21187315,1.7,7629330,,,,0
2006,Canada,2021A11124,One-parent families,Number,223,units,0,v21187316,1.8,1391330,,,,0
2006,Canada,2021A11124,"Median total income, all families",Dollars,81,units,0,v21187317,1.9,63600,,,,0
2006,Canada,2021A11124,"Per capita income, all families",Dollars,81,units,0,v21187318,1.10,28200,,,t,0
2006,Canada,2021A11124,"Median total income, couple families",Dollars,81,units,0,v21187319,1.11,70400,,,,0
2006,Canada,2021A11124,"Per capita income, couple families",Dollars,81,units,0,v21187320,1.12,30000,,,t,0
2006,Canada,2021A11124,"Median total income, one-parent families",Dollars,81,units,0,v21187321,1.13,33000,,,,0
2006,Canada,2021A11124,"Per capita income, one-parent families",Dollars,81,units,0,v21187322,1.14,16700,,,t,0
2006,Canada,2021A11124,Total persons in families,Number,223,units,0,v21187323,1.15,26355000,,,,0
2006,Canada,2021A11124,Persons in couple families,Number,223,units,0,v21187324,1.16,22815740,,,,0
2006,Canada,2021A11124,Persons in one-parent families,Number,223,units,0,v21187325,1.17,3539260,,,,0
2006,Canada,2021A11124,Persons not in census families,Number,223,units,0,v21187326,1.18,5137030,,,,0
2006,Canada,2021A11124,"Median total income, persons not in census families",Dollars,81,units,0,v21187327,1.19,22800,,,t,0
2006,Canada,2021A11124,"Per capita income, persons not in census families",Dollars,81,units,0,v21187328,1.20,32800,,,t,0
2006,Canada,2021A11124,Families with employment income,Number,223,units,0,v21187329,1.21,7682300,,,,0
2006,Canada,2021A11124,Median employment income of families,Dollars,81,units,0,v21187330,1.22,58300,,,,0
2006,Canada,2021A11124,Persons not in census families with employment income,Number,223,units,0,v21187331,1.23,3077680,,,,0
2006,Canada,2021A11124,Median employment income of persons not in census families,Dollars,81,units,0,v21187332,1.24,25300,,,,0
2006,Canada,2021A11124,Dual-earner couple families,Number,223,units,0,v21187333,1.25,4607760,,,,0
2006,Canada,2021A11124,Median employment income of dual-earner couple families,Dollars,81,units,0,v21187334,1.26,74900,,,,0
2006,Canada,2021A11124,Single-earner-male couple families,Number,223,units,0,v21187335,1.27,1198280,,,,0
2006,Canada,2021A11124,Median employment income of single-earner-male couple families,Dollars,81,units,0,v21187336,1.28,30700,,,,0
2006,Canada,2021A11124,Single-earner-female couple families,Number,223,units,0,v21187337,1.29,497590,,,,0
2006,Canada,2021A11124,Median employment income of single-earner-female couple families,Dollars,81,units,0,v21187338,1.30,19100,,,,0
2006,Canada,2021A11124,Families with government transfers,Number,223,units,0,v21187339,1.31,7767960,,,,0
2006,Canada,2021A11124,Average government transfers to families,Dollars,81,units,0,v21187340,1.32,9500,,,t,0
2006,Canada,2021A11124,Persons not in census families with government transfers,Number,223,units,0,v21187341,1.33,4271190,,,,0
2006,Canada,2021A11124,Average government transfers to persons not in census families,Dollars,81,units,0,v21187342,1.34,7700,,,t,0
2006,Canada,2021A11124,Families with labour income,Number,223,units,0,v21187343,1.35,7709190,,,,0
2006,Canada,2021A11124,Families receiving Employment Insurance benefits,Number,223,units,0,v21187344,1.36,1682970,,,,0
2006,Canada,2021A11124,Average Employment Insurance benefits received by families,Dollars,81,units,0,v21187345,1.37,6600,,,t,0
2006,Canada,2021A11124,Persons not in census families with labour income,Number,223,units,0,v21187346,1.38,3095660,,,,0
2006,Canada,2021A11124,Persons not in census families receiving Employment Insurance benefits,Number,223,units,0,v21187347,1.39,370390,,,,0
2006,Canada,2021A11124,Average Employment Insurance benefits received by persons not in census families,Dollars,81,units,0,v21187348,1.40,5000,,,t,0
2006,Ontario,2021A000235,All tax filers,Number,223,units,0,v21187909,16.1,9227570,,,,0
2006,Ontario,2021A000235,"All tax filers and dependants, all age groups",Number,223,units,0,v21187910,16.2,12151890,,,,0
2006,Ontario,2021A000235,"Tax filers and dependants, under age 15 years",Number,223,units,0,v21187911,16.3,2282860,,,,0
2006,Ontario,2021A000235,Tax filers and dependants aged 15 to 64 years,Number,223,units,0,v21187912,16.4,8240740,,,,0
2006,Ontario,2021A000235,Tax filers and dependants aged 65 years and over,Number,223,units,0,v21187913,16.5,1628300,,,,0
2006,Ontario,2021A000235,All families,Number,223,units,0,v21187914,16.6,3491380,,,,0
2006,Ontario,2021A000235,Couple families,Number,223,units,0,v21187915,16.7,2952140,,,,0
2006,Ontario,2021A000235,One-parent families,Number,223,units,0,v21187916,16.8,539250,,,,0
2006,Ontario,2021A000235,"Median total income, all families",Dollars,81,units,0,v21187917,16.9,66600,,,,0
2006,Ontario,2021A000235,"Per capita income, all families",Dollars,81,units,0,v21187918,16.10,29400,,,t,0
2006,Ontario,2021A000235,"Median total income, couple families",Dollars,81,units,0,v21187919,16.11,73900,,,,0
2006,Ontario,2021A000235,"Per capita income, couple families",Dollars,81,units,0,v21187920,16.12,31200,,,t,0
2006,Ontario,2021A000235,"Median total income, one-parent families",Dollars,81,units,0,v21187921,16.13,34300,,,,0
2006,Ontario,2021A000235,"Per capita income, one-parent families",Dollars,81,units,0,v21187922,16.14,17500,,,t,0
2006,Ontario,2021A000235,Total persons in families,Number,223,units,0,v21187923,16.15,10353130,,,,0
2006,Ontario,2021A000235,Persons in couple families,Number,223,units,0,v21187924,16.16,8978490,,,,0
2006,Ontario,2021A000235,Persons in one-parent families,Number,223,units,0,v21187925,16.17,1374640,,,,0
2006,Ontario,2021A000235,Persons not in census families,Number,223,units,0,v21187926,16.18,1798770,,,,0
2006,Ontario,2021A000235,"Median total income, persons not in census families",Dollars,81,units,0,v21187927,16.19,23900,,,t,0
2006,Ontario,2021A000235,"Per capita income, persons not in census families",Dollars,81,units,0,v21187928,16.20,34800,,,t,0
2006,Ontario,2021A000235,Families with employment income,Number,223,units,0,v21187929,16.21,2975590,,,,0
2006,Ontario,2021A000235,Median employment income of families,Dollars,81,units,0,v21187930,16.22,62200,,,,0
2006,Ontario,2021A000235,Persons not in census families with employment income,Number,223,units,0,v21187931,16.23,1058810,,,,0
2006,Ontario,2021A000235,Median employment income of persons not in census families,Dollars,81,units,0,v21187932,16.24,26200,,,,0
2006,Ontario,2021A000235,Dual-earner couple families,Number,223,units,0,v21187933,16.25,1754690,,,,0
2006,Ontario,2021A000235,Median employment income of dual-earner couple families,Dollars,81,units,0,v21187934,16.26,80700,,,,0
2006,Ontario,2021A000235,Single-earner-male couple families,Number,223,units,0,v21187935,16.27,487010,,,,0
2006,Ontario,2021A000235,Median employment income of single-earner-male couple families,Dollars,81,units,0,v21187936,16.28,31200,,,,0
2006,Ontario,2021A000235,Single-earner-female couple families,Number,223,units,0,v21187937,16.29,202360,,,,0
2006,Ontario,2021A000235,Median employment income of single-earner-female couple families,Dollars,81,units,0,v21187938,16.30,20700,,,,0
2006,Ontario,2021A000235,Families with government transfers,Number,223,units,0,v21187939,16.31,2907670,,,,0
2006,Ontario,2021A000235,Average government transfers to families,Dollars,81,units,0,v21187940,16.32,9200,,,t,0
2006,Ontario,2021A000235,Persons not in census families with government transfers,Number,223,units,0,v21187941,16.33,1422390,,,,0
2006,Ontario,2021A000235,Average government transfers to persons not in census families,Dollars,81,units,0,v21187942,16.34,8300,,,t,0
2006,Ontario,2021A000235,Families with labour income,Number,223,units,0,v21187943,16.35,2984350,,,,0
2006,Ontario,2021A000235,Families receiving Employment Insurance benefits,Number,223,units,0,v21187944,16.36,541930,,,,0
2006,Ontario,2021A000235,Average Employment Insurance benefits received by families,Dollars,81,units,0,v21187945,16.37,6000,,,t,0
2006,Ontario,2021A000235,Persons not in census families with labour income,Number,223,units,0,v21187946,16.38,1064490,,,,0
2006,Ontario,2021A000235,Persons not in census families receiving Employment Insurance benefits,Number,223,units,0,v21187947,16.39,96860,,,,0
2006,Ontario,2021A000235,Average Employment Insurance benefits received by persons not in census families,Dollars,81,units,0,v21187948,16.40,4800,,,t,0
2006,"Oshawa, Ontario",2016S0503532,All tax filers,Number,223,units,0,v21187989,18.1,240070,,,,0
2006,"Oshawa, Ontario",2016S0503532,"All tax filers and dependants, all age groups",Number,223,units,0,v21187990,18.2,326000,,,,0
2006,"Oshawa, Ontario",2016S0503532,"Tax filers and dependants, under age 15 years",Number,223,units,0,v21187991,18.3,67700,,,,0
2006,"Oshawa, Ontario",2016S0503532,Tax filers and dependants aged 15 to 64 years,Number,223,units,0,v21187992,18.4,221260,,,,0
2006,"Oshawa, Ontario",2016S0503532,Tax filers and dependants aged 65 years and over,Number,223,units,0,v21187993,18.5,37040,,,,0
2006,"Oshawa, Ontario",2016S0503532,All families,Number,223,units,0,v21187994,18.6,94560,,,,0
2006,"Oshawa, Ontario",2016S0503532,Couple families,Number,223,units,0,v21187995,18.7,79150,,,,0
2006,"Oshawa, Ontario",2016S0503532,One-parent families,Number,223,units,0,v21187996,18.8,15410,,,,0
2006,"Oshawa, Ontario",2016S0503532,"Median total income, all families",Dollars,81,units,0,v21187997,18.9,78900,,,,0
2006,"Oshawa, Ontario",2016S0503532,"Per capita income, all families",Dollars,81,units,0,v21187998,18.10,29700,,,t,0
2006,"Oshawa, Ontario",2016S0503532,"Median total income, couple families",Dollars,81,units,0,v21187999,18.11,87500,,,,0
2006,"Oshawa, Ontario",2016S0503532,"Per capita income, couple families",Dollars,81,units,0,v21188000,18.12,31700,,,t,0
2006,"Oshawa, Ontario",2016S0503532,"Median total income, one-parent families",Dollars,81,units,0,v21188001,18.13,38700,,,,0
2006,"Oshawa, Ontario",2016S0503532,"Per capita income, one-parent families",Dollars,81,units,0,v21188002,18.14,17900,,,t,0
2006,"Oshawa, Ontario",2016S0503532,Total persons in families,Number,223,units,0,v21188003,18.15,285630,,,,0
2006,"Oshawa, Ontario",2016S0503532,Persons in couple families,Number,223,units,0,v21188004,18.16,246030,,,,0
2006,"Oshawa, Ontario",2016S0503532,Persons in one-parent families,Number,223,units,0,v21188005,18.17,39610,,,,0
2006,"Oshawa, Ontario",2016S0503532,Persons not in census families,Number,223,units,0,v21188006,18.18,40370,,,,0
2006,"Oshawa, Ontario",2016S0503532,"Median total income, persons not in census families",Dollars,81,units,0,v21188007,18.19,28200,,,t,0
2006,"Oshawa, Ontario",2016S0503532,"Per capita income, persons not in census families",Dollars,81,units,0,v21188008,18.20,36500,,,t,0
2006,"Oshawa, Ontario",2016S0503532,Families with employment income,Number,223,units,0,v21188009,18.21,84230,,,,0
2006,"Oshawa, Ontario",2016S0503532,Median employment income of families,Dollars,81,units,0,v21188010,18.22,74800,,,,0
2006,"Oshawa, Ontario",2016S0503532,Persons not in census families with employment income,Number,223,units,0,v21188011,18.23,25150,,,,0
2006,"Oshawa, Ontario",2016S0503532,Median employment income of persons not in census families,Dollars,81,units,0,v21188012,18.24,30600,,,,0
2006,"Oshawa, Ontario",2016S0503532,Dual-earner couple families,Number,223,units,0,v21188013,18.25,52310,,,,0
2006,"Oshawa, Ontario",2016S0503532,Median employment income of dual-earner couple families,Dollars,81,units,0,v21188014,18.26,91800,,,,0
2006,"Oshawa, Ontario",2016S0503532,Single-earner-male couple families,Number,223,units,0,v21188015,18.27,13150,,,,0
2006,"Oshawa, Ontario",2016S0503532,Median employment income of single-earner-male couple families,Dollars,81,units,0,v21188016,18.28,43200,,,,0
2006,"Oshawa, Ontario",2016S0503532,Single-earner-female couple families,Number,223,units,0,v21188017,18.29,4190,,,,0
2006,"Oshawa, Ontario",2016S0503532,Median employment income of single-earner-female couple families,Dollars,81,units,0,v21188018,18.30,23200,,,,0
2006,"Oshawa, Ontario",2016S0503532,Families with government transfers,Number,223,units,0,v21188019,18.31,76930,,,,0
2006,"Oshawa, Ontario",2016S0503532,Average government transfers to families,Dollars,81,units,0,v21188020,18.32,8600,,,t,0
2006,"Oshawa, Ontario",2016S0503532,Persons not in census families with government transfers,Number,223,units,0,v21188021,18.33,30760,,,,0
2006,"Oshawa, Ontario",2016S0503532,Average government transfers to persons not in census families,Dollars,81,units,0,v21188022,18.34,8600,,,t,0
2006,"Oshawa, Ontario",2016S0503532,Families with labour income,Number,223,units,0,v21188023,18.35,84410,,,,0
2006,"Oshawa, Ontario",2016S0503532,Families receiving Employment Insurance benefits,Number,223,units,0,v21188024,18.36,16770,,,,0
2006,"Oshawa, Ontario",2016S0503532,Average Employment Insurance benefits received by families,Dollars,81,units,0,v21188025,18.37,5700,,,t,0
2006,"Oshawa, Ontario",2016S0503532,Persons not in census families with labour income,Number,223,units,0,v21188026,18.38,25290,,,,0
2006,"Oshawa, Ontario",2016S0503532,Persons not in census families receiving Employment Insurance benefits,Number,223,units,0,v21188027,18.39,2780,,,,0
2006,"Oshawa, Ontario",2016S0503532,Average Employment Insurance benefits received by persons not in census families,Dollars,81,units,0,v21188028,18.40,4000,,,t,0
2006,"Toronto, Ontario",2016S0503535,All tax filers,Number,223,units,0,v21188029,19.1,3902950,,,,0
2006,"Toronto, Ontario",2016S0503535,"All tax filers and dependants, all age groups",Number,223,units,0,v21188030,19.2,5189590,,,,0
2006,"Toronto, Ontario",2016S0503535,"Tax filers and dependants, under age 15 years",Number,223,units,0,v21188031,19.3,1004010,,,,0
2006,"Toronto, Ontario",2016S0503535,Tax filers and dependants aged 15 to 64 years,Number,223,units,0,v21188032,19.4,3578610,,,,0
2006,"Toronto, Ontario",2016S0503535,Tax filers and dependants aged 65 years and over,Number,223,units,0,v21188033,19.5,606960,,,,0
2006,"Toronto, Ontario",2016S0503535,All families,Number,223,units,0,v21188034,19.6,1472730,,,,0
2006,"Toronto, Ontario",2016S0503535,Couple families,Number,223,units,0,v21188035,19.7,1244430,,,,0
2006,"Toronto, Ontario",2016S0503535,One-parent families,Number,223,units,0,v21188036,19.8,228300,,,,0
2006,"Toronto, Ontario",2016S0503535,"Median total income, all families",Dollars,81,units,0,v21188037,19.9,63800,,,,0
2006,"Toronto, Ontario",2016S0503535,"Per capita income, all families",Dollars,81,units,0,v21188038,19.10,30900,,,t,0
2006,"Toronto, Ontario",2016S0503535,"Median total income, couple families",Dollars,81,units,0,v21188039,19.11,71200,,,,0
2006,"Toronto, Ontario",2016S0503535,"Per capita income, couple families",Dollars,81,units,0,v21188040,19.12,32800,,,t,0
2006,"Toronto, Ontario",2016S0503535,"Median total income, one-parent families",Dollars,81,units,0,v21188041,19.13,35600,,,,0
2006,"Toronto, Ontario",2016S0503535,"Per capita income, one-parent families",Dollars,81,units,0,v21188042,19.14,18800,,,t,0
2006,"Toronto, Ontario",2016S0503535,Total persons in families,Number,223,units,0,v21188043,19.15,4440630,,,,0
2006,"Toronto, Ontario",2016S0503535,Persons in couple families,Number,223,units,0,v21188044,19.16,3861680,,,,0
2006,"Toronto, Ontario",2016S0503535,Persons in one-parent families,Number,223,units,0,v21188045,19.17,578950,,,,0
2006,"Toronto, Ontario",2016S0503535,Persons not in census families,Number,223,units,0,v21188046,19.18,748960,,,,0
2006,"Toronto, Ontario",2016S0503535,"Median total income, persons not in census families",Dollars,81,units,0,v21188047,19.19,22900,,,t,0
2006,"Toronto, Ontario",2016S0503535,"Per capita income, persons not in census families",Dollars,81,units,0,v21188048,19.20,36400,,,t,0
2006,"Toronto, Ontario",2016S0503535,Families with employment income,Number,223,units,0,v21188049,19.21,1258610,,,,0
2006,"Toronto, Ontario",2016S0503535,Median employment income of families,Dollars,81,units,0,v21188050,19.22,61600,,,,0
2006,"Toronto, Ontario",2016S0503535,Persons not in census families with employment income,Number,223,units,0,v21188051,19.23,460750,,,,0
2006,"Toronto, Ontario",2016S0503535,Median employment income of persons not in census families,Dollars,81,units,0,v21188052,19.24,28000,,,,0
2006,"Toronto, Ontario",2016S0503535,Dual-earner couple families,Number,223,units,0,v21188053,19.25,726690,,,,0
2006,"Toronto, Ontario",2016S0503535,Median employment income of dual-earner couple families,Dollars,81,units,0,v21188054,19.26,81000,,,,0
2006,"Toronto, Ontario",2016S0503535,Single-earner-male couple families,Number,223,units,0,v21188055,19.27,213430,,,,0
2006,"Toronto, Ontario",2016S0503535,Median employment income of single-earner-male couple families,Dollars,81,units,0,v21188056,19.28,32300,,,,0
2006,"Toronto, Ontario",2016S0503535,Single-earner-female couple families,Number,223,units,0,v21188057,19.29,93860,,,,0
2006,"Toronto, Ontario",2016S0503535,Median employment income of single-earner-female couple families,Dollars,81,units,0,v21188058,19.30,21500,,,,0
2006,"Toronto, Ontario",2016S0503535,Families with government transfers,Number,223,units,0,v21188059,19.31,1220410,,,,0
2006,"Toronto, Ontario",2016S0503535,Average government transfers to families,Dollars,81,units,0,v21188060,19.32,8300,,,t,0
2006,"Toronto, Ontario",2016S0503535,Persons not in census families with government transfers,Number,223,units,0,v21188061,19.33,572130,,,,0
2006,"Toronto, Ontario",2016S0503535,Average government transfers to persons not in census families,Dollars,81,units,0,v21188062,19.34,7300,,,t,0
2006,"Toronto, Ontario",2016S0503535,Families with labour income,Number,223,units,0,v21188063,19.35,1262880,,,,0
2006,"Toronto, Ontario",2016S0503535,Families receiving Employment Insurance benefits,Number,223,units,0,v21188064,19.36,207930,,,,0
2006,"Toronto, Ontario",2016S0503535,Average Employment Insurance benefits received by families,Dollars,81,units,0,v21188065,19.37,6400,,,t,0
2006,"Toronto, Ontario",2016S0503535,Persons not in census families with labour income,Number,223,units,0,v21188066,19.38,463250,,,,0
2006,"Toronto, Ontario",2016S0503535,Persons not in census families receiving Employment Insurance benefits,Number,223,units,0,v21188067,19.39,32920,,,,0
2006,"Toronto, Ontario",2016S0503535,Average Employment Insurance benefits received by persons not in census families,Dollars,81,units,0,v21188068,19.40,5000,,,t,0
2006,"Hamilton, Ontario",2016S0503537,All tax filers,Number,223,units,0,v21188069,20.1,515180,,,,0
2006,"Hamilton, Ontario",2016S0503537,"All tax filers and dependants, all age groups",Number,223,units,0,v21188070,20.2,673390,,,,0
2006,"Hamilton, Ontario",2016S0503537,"Tax filers and dependants, under age 15 years",Number,223,units,0,v21188071,20.3,124560,,,,0
2006,"Hamilton, Ontario",2016S0503537,Tax filers and dependants aged 15 to 64 years,Number,223,units,0,v21188072,20.4,447620,,,,0
2006,"Hamilton, Ontario",2016S0503537,Tax filers and dependants aged 65 years and over,Number,223,units,0,v21188073,20.5,101220,,,,0
2006,"Hamilton, Ontario",2016S0503537,All families,Number,223,units,0,v21188074,20.6,193320,,,,0
2006,"Hamilton, Ontario",2016S0503537,Couple families,Number,223,units,0,v21188075,20.7,162500,,,,0
2006,"Hamilton, Ontario",2016S0503537,One-parent families,Number,223,units,0,v21188076,20.8,30820,,,,0
2006,"Hamilton, Ontario",2016S0503537,"Median total income, all families",Dollars,81,units,0,v21188077,20.9,71600,,,,0
2006,"Hamilton, Ontario",2016S0503537,"Per capita income, all families",Dollars,81,units,0,v21188078,20.10,30400,,,t,0
2006,"Hamilton, Ontario",2016S0503537,"Median total income, couple families",Dollars,81,units,0,v21188079,20.11,79300,,,,0
2006,"Hamilton, Ontario",2016S0503537,"Per capita income, couple families",Dollars,81,units,0,v21188080,20.12,32300,,,t,0
2006,"Hamilton, Ontario",2016S0503537,"Median total income, one-parent families",Dollars,81,units,0,v21188081,20.13,35900,,,,0
2006,"Hamilton, Ontario",2016S0503537,"Per capita income, one-parent families",Dollars,81,units,0,v21188082,20.14,18300,,,t,0
2006,"Hamilton, Ontario",2016S0503537,Total persons in families,Number,223,units,0,v21188083,20.15,571830,,,,0
2006,"Hamilton, Ontario",2016S0503537,Persons in couple families,Number,223,units,0,v21188084,20.16,493160,,,,0
2006,"Hamilton, Ontario",2016S0503537,Persons in one-parent families,Number,223,units,0,v21188085,20.17,78660,,,,0
2006,"Hamilton, Ontario",2016S0503537,Persons not in census families,Number,223,units,0,v21188086,20.18,101570,,,,0
2006,"Hamilton, Ontario",2016S0503537,"Median total income, persons not in census families",Dollars,81,units,0,v21188087,20.19,25000,,,t,0
2006,"Hamilton, Ontario",2016S0503537,"Per capita income, persons not in census families",Dollars,81,units,0,v21188088,20.20,34500,,,t,0
2006,"Hamilton, Ontario",2016S0503537,Families with employment income,Number,223,units,0,v21188089,20.21,163870,,,,0
2006,"Hamilton, Ontario",2016S0503537,Median employment income of families,Dollars,81,units,0,v21188090,20.22,67400,,,,0
2006,"Hamilton, Ontario",2016S0503537,Persons not in census families with employment income,Number,223,units,0,v21188091,20.23,56500,,,,0
2006,"Hamilton, Ontario",2016S0503537,Median employment income of persons not in census families,Dollars,81,units,0,v21188092,20.24,26800,,,,0
2006,"Hamilton, Ontario",2016S0503537,Dual-earner couple families,Number,223,units,0,v21188093,20.25,97700,,,,0
2006,"Hamilton, Ontario",2016S0503537,Median employment income of dual-earner couple families,Dollars,81,units,0,v21188094,20.26,86000,,,,0
2006,"Hamilton, Ontario",2016S0503537,Single-earner-male couple families,Number,223,units,0,v21188095,20.27,26900,,,,0
2006,"Hamilton, Ontario",2016S0503537,Median employment income of single-earner-male couple families,Dollars,81,units,0,v21188096,20.28,33100,,,,0
2006,"Hamilton, Ontario",2016S0503537,Single-earner-female couple families,Number,223,units,0,v21188097,20.29,10220,,,,0
2006,"Hamilton, Ontario",2016S0503537,Median employment income of single-earner-female couple families,Dollars,81,units,0,v21188098,20.30,21800,,,,0
2006,"Hamilton, Ontario",2016S0503537,Families with government transfers,Number,223,units,0,v21188099,20.31,160430,,,,0
2006,"Hamilton, Ontario",2016S0503537,Average government transfers to families,Dollars,81,units,0,v21188100,20.32,9900,,,t,0
2006,"Hamilton, Ontario",2016S0503537,Persons not in census families with government transfers,Number,223,units,0,v21188101,20.33,81770,,,,0
2006,"Hamilton, Ontario",2016S0503537,Average government transfers to persons not in census families,Dollars,81,units,0,v21188102,20.34,9000,,,t,0
2006,"Hamilton, Ontario",2016S0503537,Families with labour income,Number,223,units,0,v21188103,20.35,164300,,,,0
2006,"Hamilton, Ontario",2016S0503537,Families receiving Employment Insurance benefits,Number,223,units,0,v21188104,20.36,27990,,,,0
2006,"Hamilton, Ontario",2016S0503537,Average Employment Insurance benefits received by families,Dollars,81,units,0,v21188105,20.37,6000,,,t,0
2006,"Hamilton, Ontario",2016S0503537,Persons not in census families with labour income,Number,223,units,0,v21188106,20.38,56760,,,,0
2006,"Hamilton, Ontario",2016S0503537,Persons not in census families receiving Employment Insurance benefits,Number,223,units,0,v21188107,20.39,4930,,,,0
2006,"Hamilton, Ontario",2016S0503537,Average Employment Insurance benefits received by persons not in census families,Dollars,81,units,0,v21188108,20.40,4700,,,t,0
2007,Canada,2021A11124,All tax filers,Number,223,units,0,v21187309,1.1,24623550,,,,0
2007,Canada,2021A11124,"All tax filers and dependants, all age groups",Number,223,units,0,v21187310,1.2,31772910,,,,0
2007,Canada,2021A11124,"Tax filers and dependants, under age 15 years",Number,223,units,0,v21187311,1.3,5641480,,,,0
2007,Canada,2021A11124,Tax filers and dependants aged 15 to 64 years,Number,223,units,0,v21187312,1.4,21778860,,,,0
2007,Canada,2021A11124,Tax filers and dependants aged 65 years and over,Number,223,units,0,v21187313,1.5,4352560,,,,0
2007,Canada,2021A11124,All families,Number,223,units,0,v21187314,1.6,9107190,,,,0
2007,Canada,2021A11124,Couple families,Number,223,units,0,v21187315,1.7,7727870,,,,0
2007,Canada,2021A11124,One-parent families,Number,223,units,0,v21187316,1.8,1379310,,,,0
2007,Canada,2021A11124,"Median total income, all families",Dollars,81,units,0,v21187317,1.9,66550,,,,0
2007,Canada,2021A11124,"Median total income of persons with income, all families",Dollars,81,units,0,v52318444,1.41,29150,,,,0
2007,Canada,2021A11124,"Median total income, couple families",Dollars,81,units,0,v21187319,1.11,73420,,,,0
2007,Canada,2021A11124,"Median total income of persons with income, couple families",Dollars,81,units,0,v52318445,1.42,29910,,,,0
2007,Canada,2021A11124,"Median total income, one-parent families",Dollars,81,units,0,v21187321,1.13,34540,,,,0
2007,Canada,2021A11124,"Median total income of persons with income, one-parent families",Dollars,81,units,0,v52318446,1.43,23770,,,,0
2007,Canada,2021A11124,Total persons in families,Number,223,units,0,v21187323,1.15,26549130,,,,0
2007,Canada,2021A11124,Persons in couple families,Number,223,units,0,v21187324,1.16,23038240,,,,0
2007,Canada,2021A11124,Persons in one-parent families,Number,223,units,0,v21187325,1.17,3510900,,,,0
2007,Canada,2021A11124,Persons not in census families,Number,223,units,0,v21187326,1.18,5223770,,,,0
2007,Canada,2021A11124,Median total income of persons not in census families with income,Dollars,81,units,0,v52318447,1.44,23960,,,,0
2007,Canada,2021A11124,Families with employment income,Number,223,units,0,v21187329,1.21,7805620,,,,0
2007,Canada,2021A11124,Median employment income of families,Dollars,81,units,0,v21187330,1.22,60500,,,,0
2007,Canada,2021A11124,Persons not in census families with employment income,Number,223,units,0,v21187331,1.23,3170250,,,,0
2007,Canada,2021A11124,Median employment income of persons not in census families,Dollars,81,units,0,v21187332,1.24,26330,,,,0
2007,Canada,2021A11124,Dual-earner couple families,Number,223,units,0,v21187333,1.25,4733480,,,,0
2007,Canada,2021A11124,Median employment income of dual-earner couple families,Dollars,81,units,0,v21187334,1.26,77570,,,,0
2007,Canada,2021A11124,Single-earner-male couple families,Number,223,units,0,v21187335,1.27,1200010,,,,0
2007,Canada,2021A11124,Median employment income of single-earner-male couple families,Dollars,81,units,0,v21187336,1.28,30390,,,,0
2007,Canada,2021A11124,Single-earner-female couple families,Number,223,units,0,v21187337,1.29,512760,,,,0
2007,Canada,2021A11124,Median employment income of single-earner-female couple families,Dollars,81,units,0,v21187338,1.30,18810,,,,0
2007,Canada,2021A11124,Families with government transfers,Number,223,units,0,v21187339,1.31,7567730,,,,0
2007,Canada,2021A11124,Median government transfers to families,Dollars,81,units,0,v52318448,1.45,6700,,,,0
2007,Canada,2021A11124,Persons not in census families with government transfers,Number,223,units,0,v21187341,1.33,4187270,,,,0
2007,Canada,2021A11124,Median government transfers to persons not in census families,Dollars,81,units,0,v52318449,1.46,7830,,,,0
2007,Canada,2021A11124,Families with labour income,Number,223,units,0,v21187343,1.35,7831690,,,,0
2007,Canada,2021A11124,Families receiving Employment Insurance benefits,Number,223,units,0,v21187344,1.36,1684630,,,,0
2007,Canada,2021A11124,Median Employment Insurance benefits received by families,Dollars,81,units,0,v52318450,1.47,5230,,,,0
2007,Canada,2021A11124,Persons not in census families with labour income,Number,223,units,0,v21187346,1.38,3187500,,,,0
2007,Canada,2021A11124,Persons not in census families receiving Employment Insurance benefits,Number,223,units,0,v21187347,1.39,366270,,,,0
2007,Canada,2021A11124,Median Employment Insurance benefits received by persons not in census families,Dollars,81,units,0,v52318451,1.48,4140,,,,0
2007,Ontario,2021A000235,All tax filers,Number,223,units,0,v21187909,16.1,9357090,,,,0
2007,Ontario,2021A000235,"All tax filers and dependants, all age groups",Number,223,units,0,v21187910,16.2,12251930,,,,0
2007,Ontario,2021A000235,"Tax filers and dependants, under age 15 years",Number,223,units,0,v21187911,16.3,2273630,,,,0
2007,Ontario,2021A000235,Tax filers and dependants aged 15 to 64 years,Number,223,units,0,v21187912,16.4,8320440,,,,0
2007,Ontario,2021A000235,Tax filers and dependants aged 65 years and over,Number,223,units,0,v21187913,16.5,1657860,,,,0
2007,Ontario,2021A000235,All families,Number,223,units,0,v21187914,16.6,3520710,,,,0
2007,Ontario,2021A000235,Couple families,Number,223,units,0,v21187915,16.7,2983620,,,,0
2007,Ontario,2021A000235,One-parent families,Number,223,units,0,v21187916,16.8,537090,,,,0
2007,Ontario,2021A000235,"Median total income, all families",Dollars,81,units,0,v21187917,16.9,69190,,,,0
2007,Ontario,2021A000235,"Median total income of persons with income, all families",Dollars,81,units,0,v52318564,16.41,30180,,,,0
2007,Ontario,2021A000235,"Median total income, couple families",Dollars,81,units,0,v21187919,16.11,76510,,,,0
2007,Ontario,2021A000235,"Median total income of persons with income, couple families",Dollars,81,units,0,v52318565,16.42,30980,,,,0
2007,Ontario,2021A000235,"Median total income, one-parent families",Dollars,81,units,0,v21187921,16.13,35630,,,,0
2007,Ontario,2021A000235,"Median total income of persons with income, one-parent families",Dollars,81,units,0,v52318566,16.43,24580,,,,0
2007,Ontario,2021A000235,Total persons in families,Number,223,units,0,v21187923,16.15,10424810,,,,0
2007,Ontario,2021A000235,Persons in couple families,Number,223,units,0,v21187924,16.16,9055090,,,,0
2007,Ontario,2021A000235,Persons in one-parent families,Number,223,units,0,v21187925,16.17,1369720,,,,0
2007,Ontario,2021A000235,Persons not in census families,Number,223,units,0,v21187926,16.18,1827120,,,,0
2007,Ontario,2021A000235,Median total income of persons not in census families with income,Dollars,81,units,0,v52318567,16.44,24910,,,,0
2007,Ontario,2021A000235,Families with employment income,Number,223,units,0,v21187929,16.21,3012020,,,,0
2007,Ontario,2021A000235,Median employment income of families,Dollars,81,units,0,v21187930,16.22,63910,,,,0
2007,Ontario,2021A000235,Persons not in census families with employment income,Number,223,units,0,v21187931,16.23,1082060,,,,0
2007,Ontario,2021A000235,Median employment income of persons not in census families,Dollars,81,units,0,v21187932,16.24,26910,,,,0
2007,Ontario,2021A000235,Dual-earner couple families,Number,223,units,0,v21187933,16.25,1788070,,,,0
2007,Ontario,2021A000235,Median employment income of dual-earner couple families,Dollars,81,units,0,v21187934,16.26,83010,,,,0
2007,Ontario,2021A000235,Single-earner-male couple families,Number,223,units,0,v21187935,16.27,492450,,,,0
2007,Ontario,2021A000235,Median employment income of single-earner-male couple families,Dollars,81,units,0,v21187936,16.28,30400,,,,0
2007,Ontario,2021A000235,Single-earner-female couple families,Number,223,units,0,v21187937,16.29,206600,,,,0
2007,Ontario,2021A000235,Median employment income of single-earner-female couple families,Dollars,81,units,0,v21187938,16.30,20760,,,,0
2007,Ontario,2021A000235,Families with government transfers,Number,223,units,0,v21187939,16.31,2908560,,,,0
2007,Ontario,2021A000235,Median government transfers to families,Dollars,81,units,0,v52318568,16.45,5710,,,,0
2007,Ontario,2021A000235,Persons not in census families with government transfers,Number,223,units,0,v21187941,16.33,1441060,,,,0
2007,Ontario,2021A000235,Median government transfers to persons not in census families,Dollars,81,units,0,v52318569,16.46,8660,,,,0
2007,Ontario,2021A000235,Families with labour income,Number,223,units,0,v21187943,16.35,3021340,,,,0
2007,Ontario,2021A000235,Families receiving Employment Insurance benefits,Number,223,units,0,v21187944,16.36,551410,,,,0
2007,Ontario,2021A000235,Median Employment Insurance benefits received by families,Dollars,81,units,0,v52318570,16.47,4680,,,,0
2007,Ontario,2021A000235,Persons not in census families with labour income,Number,223,units,0,v21187946,16.38,1088020,,,,0
2007,Ontario,2021A000235,Persons not in census families receiving Employment Insurance benefits,Number,223,units,0,v21187947,16.39,98600,,,,0
2007,Ontario,2021A000235,Median Employment Insurance benefits received by persons not in census families,Dollars,81,units,0,v52318571,16.48,3780,,,,0
2007,"Oshawa, Ontario",2016S0503532,All tax filers,Number,223,units,0,v21187989,18.1,244790,,,,0
2007,"Oshawa, Ontario",2016S0503532,"All tax filers and dependants, all age groups",Number,223,units,0,v21187990,18.2,329970,,,,0
2007,"Oshawa, Ontario",2016S0503532,"Tax filers and dependants, under age 15 years",Number,223,units,0,v21187991,18.3,67400,,,,0
2007,"Oshawa, Ontario",2016S0503532,Tax filers and dependants aged 15 to 64 years,Number,223,units,0,v21187992,18.4,224520,,,,0
2007,"Oshawa, Ontario",2016S0503532,Tax filers and dependants aged 65 years and over,Number,223,units,0,v21187993,18.5,38050,,,,0
2007,"Oshawa, Ontario",2016S0503532,All families,Number,223,units,0,v21187994,18.6,95730,,,,0
2007,"Oshawa, Ontario",2016S0503532,Couple families,Number,223,units,0,v21187995,18.7,80030,,,,0
2007,"Oshawa, Ontario",2016S0503532,One-parent families,Number,223,units,0,v21187996,18.8,15700,,,,0
2007,"Oshawa, Ontario",2016S0503532,"Median total income, all families",Dollars,81,units,0,v21187997,18.9,81570,,,,0
2007,"Oshawa, Ontario",2016S0503532,"Median total income of persons with income, all families",Dollars,81,units,0,v52318580,18.41,35820,,,,0
2007,"Oshawa, Ontario",2016S0503532,"Median total income, couple families",Dollars,81,units,0,v21187999,18.11,90430,,,,0
2007,"Oshawa, Ontario",2016S0503532,"Median total income of persons with income, couple families",Dollars,81,units,0,v52318581,18.42,36930,,,,0
2007,"Oshawa, Ontario",2016S0503532,"Median total income, one-parent families",Dollars,81,units,0,v21188001,18.13,39390,,,,0
2007,"Oshawa, Ontario",2016S0503532,"Median total income of persons with income, one-parent families",Dollars,81,units,0,v52318582,18.43,27600,,,,0
2007,"Oshawa, Ontario",2016S0503532,Total persons in families,Number,223,units,0,v21188003,18.15,288650,,,,0
2007,"Oshawa, Ontario",2016S0503532,Persons in couple families,Number,223,units,0,v21188004,18.16,248500,,,,0
2007,"Oshawa, Ontario",2016S0503532,Persons in one-parent families,Number,223,units,0,v21188005,18.17,40150,,,,0
2007,"Oshawa, Ontario",2016S0503532,Persons not in census families,Number,223,units,0,v21188006,18.18,41320,,,,0
2007,"Oshawa, Ontario",2016S0503532,Median total income of persons not in census families with income,Dollars,81,units,0,v52318583,18.44,28860,,,,0
2007,"Oshawa, Ontario",2016S0503532,Families with employment income,Number,223,units,0,v21188009,18.21,85420,,,,0
2007,"Oshawa, Ontario",2016S0503532,Median employment income of families,Dollars,81,units,0,v21188010,18.22,76770,,,,0
2007,"Oshawa, Ontario",2016S0503532,Persons not in census families with employment income,Number,223,units,0,v21188011,18.23,25860,,,,0
2007,"Oshawa, Ontario",2016S0503532,Median employment income of persons not in census families,Dollars,81,units,0,v21188012,18.24,30070,,,,0
2007,"Oshawa, Ontario",2016S0503532,Dual-earner couple families,Number,223,units,0,v21188013,18.25,53120,,,,0
2007,"Oshawa, Ontario",2016S0503532,Median employment income of dual-earner couple families,Dollars,81,units,0,v21188014,18.26,94510,,,,0
2007,"Oshawa, Ontario",2016S0503532,Single-earner-male couple families,Number,223,units,0,v21188015,18.27,13440,,,,0
2007,"Oshawa, Ontario",2016S0503532,Median employment income of single-earner-male couple families,Dollars,81,units,0,v21188016,18.28,41450,,,,0
2007,"Oshawa, Ontario",2016S0503532,Single-earner-female couple families,Number,223,units,0,v21188017,18.29,4230,,,,0
2007,"Oshawa, Ontario",2016S0503532,Median employment income of single-earner-female couple families,Dollars,81,units,0,v21188018,18.30,22800,,,,0
2007,"Oshawa, Ontario",2016S0503532,Families with government transfers,Number,223,units,0,v21188019,18.31,77400,,,,0
2007,"Oshawa, Ontario",2016S0503532,Median government transfers to families,Dollars,81,units,0,v52318584,18.45,4940,,,,0
2007,"Oshawa, Ontario",2016S0503532,Persons not in census families with government transfers,Number,223,units,0,v21188021,18.33,31420,,,,0
2007,"Oshawa, Ontario",2016S0503532,Median government transfers to persons not in census families,Dollars,81,units,0,v52318585,18.46,9580,,,,0
2007,"Oshawa, Ontario",2016S0503532,Families with labour income,Number,223,units,0,v21188023,18.35,85610,,,,0
2007,"Oshawa, Ontario",2016S0503532,Families receiving Employment Insurance benefits,Number,223,units,0,v21188024,18.36,16130,,,,0
2007,"Oshawa, Ontario",2016S0503532,Median Employment Insurance benefits received by families,Dollars,81,units,0,v52318586,18.47,4280,,,,0
2007,"Oshawa, Ontario",2016S0503532,Persons not in census families with labour income,Number,223,units,0,v21188026,18.38,25980,,,,0
2007,"Oshawa, Ontario",2016S0503532,Persons not in census families receiving Employment Insurance benefits,Number,223,units,0,v21188027,18.39,2570,,,,0
2007,"Oshawa, Ontario",2016S0503532,Median Employment Insurance benefits received by persons not in census families,Dollars,81,units,0,v52318587,18.48,3050,,,,0
2007,"Toronto, Ontario",2016S0503535,All tax filers,Number,223,units,0,v21188029,19.1,3976840,,,,0
2007,"Toronto, Ontario",2016S0503535,"All tax filers and dependants, all age groups",Number,223,units,0,v21188030,19.2,5267390,,,,0
2007,"Toronto, Ontario",2016S0503535,"Tax filers and dependants, under age 15 years",Number,223,units,0,v21188031,19.3,1009650,,,,0
2007,"Toronto, Ontario",2016S0503535,Tax filers and dependants aged 15 to 64 years,Number,223,units,0,v21188032,19.4,3638740,,,,0
2007,"Toronto, Ontario",2016S0503535,Tax filers and dependants aged 65 years and over,Number,223,units,0,v21188033,19.5,619010,,,,0
2007,"Toronto, Ontario",2016S0503535,All families,Number,223,units,0,v21188034,19.6,1494090,,,,0
2007,"Toronto, Ontario",2016S0503535,Couple families,Number,223,units,0,v21188035,19.7,1265760,,,,0
2007,"Toronto, Ontario",2016S0503535,One-parent families,Number,223,units,0,v21188036,19.8,228330,,,,0
2007,"Toronto, Ontario",2016S0503535,"Median total income, all families",Dollars,81,units,0,v21188037,19.9,66560,,,,0
2007,"Toronto, Ontario",2016S0503535,"Median total income of persons with income, all families",Dollars,81,units,0,v52318588,19.41,28930,,,,0
2007,"Toronto, Ontario",2016S0503535,"Median total income, couple families",Dollars,81,units,0,v21188039,19.11,73970,,,,0
2007,"Toronto, Ontario",2016S0503535,"Median total income of persons with income, couple families",Dollars,81,units,0,v52318589,19.42,29440,,,,0
2007,"Toronto, Ontario",2016S0503535,"Median total income, one-parent families",Dollars,81,units,0,v21188041,19.13,37090,,,,0
2007,"Toronto, Ontario",2016S0503535,"Median total income of persons with income, one-parent families",Dollars,81,units,0,v52318590,19.43,25410,,,,0
2007,"Toronto, Ontario",2016S0503535,Total persons in families,Number,223,units,0,v21188043,19.15,4504330,,,,0
2007,"Toronto, Ontario",2016S0503535,Persons in couple families,Number,223,units,0,v21188044,19.16,3924610,,,,0
2007,"Toronto, Ontario",2016S0503535,Persons in one-parent families,Number,223,units,0,v21188045,19.17,579720,,,,0
2007,"Toronto, Ontario",2016S0503535,Persons not in census families,Number,223,units,0,v21188046,19.18,763070,,,,0
2007,"Toronto, Ontario",2016S0503535,Median total income of persons not in census families with income,Dollars,81,units,0,v52318591,19.44,23740,,,,0
2007,"Toronto, Ontario",2016S0503535,Families with employment income,Number,223,units,0,v21188049,19.21,1283840,,,,0
2007,"Toronto, Ontario",2016S0503535,Median employment income of families,Dollars,81,units,0,v21188050,19.22,63690,,,,0
2007,"Toronto, Ontario",2016S0503535,Persons not in census families with employment income,Number,223,units,0,v21188051,19.23,470520,,,,0
2007,"Toronto, Ontario",2016S0503535,Median employment income of persons not in census families,Dollars,81,units,0,v21188052,19.24,28800,,,,0
2007,"Toronto, Ontario",2016S0503535,Dual-earner couple families,Number,223,units,0,v21188053,19.25,747670,,,,0
2007,"Toronto, Ontario",2016S0503535,Median employment income of dual-earner couple families,Dollars,81,units,0,v21188054,19.26,83430,,,,0
2007,"Toronto, Ontario",2016S0503535,Single-earner-male couple families,Number,223,units,0,v21188055,19.27,215810,,,,0
2007,"Toronto, Ontario",2016S0503535,Median employment income of single-earner-male couple families,Dollars,81,units,0,v21188056,19.28,32390,,,,0
2007,"Toronto, Ontario",2016S0503535,Single-earner-female couple families,Number,223,units,0,v21188057,19.29,96720,,,,0
2007,"Toronto, Ontario",2016S0503535,Median employment income of single-earner-female couple families,Dollars,81,units,0,v21188058,19.30,21560,,,,0
2007,"Toronto, Ontario",2016S0503535,Families with government transfers,Number,223,units,0,v21188059,19.31,1223990,,,,0
2007,"Toronto, Ontario",2016S0503535,Median government transfers to families,Dollars,81,units,0,v52318592,19.45,4450,,,,0
2007,"Toronto, Ontario",2016S0503535,Persons not in census families with government transfers,Number,223,units,0,v21188061,19.33,580410,,,,0
2007,"Toronto, Ontario",2016S0503535,Median government transfers to persons not in census families,Dollars,81,units,0,v52318593,19.46,5270,,,,0
2007,"Toronto, Ontario",2016S0503535,Families with labour income,Number,223,units,0,v21188063,19.35,1288390,,,,0
2007,"Toronto, Ontario",2016S0503535,Families receiving Employment Insurance benefits,Number,223,units,0,v21188064,19.36,212020,,,,0
2007,"Toronto, Ontario",2016S0503535,Median Employment Insurance benefits received by families,Dollars,81,units,0,v52318594,19.47,5190,,,,0
2007,"Toronto, Ontario",2016S0503535,Persons not in census families with labour income,Number,223,units,0,v21188066,19.38,473220,,,,0
2007,"Toronto, Ontario",2016S0503535,Persons not in census families receiving Employment Insurance benefits,Number,223,units,0,v21188067,19.39,33040,,,,0
2007,"Toronto, Ontario",2016S0503535,Median Employment Insurance benefits received by persons not in census families,Dollars,81,units,0,v52318595,19.48,3990,,,,0
2007,"Hamilton, Ontario",2016S0503537,All tax filers,Number,223,units,0,v21188069,20.1,520110,,,,0
2007,"Hamilton, Ontario",2016S0503537,"All tax filers and dependants, all age groups",Number,223,units,0,v21188070,20.2,675500,,,,0
2007,"Hamilton, Ontario",2016S0503537,"Tax filers and dependants, under age 15 years",Number,223,units,0,v21188071,20.3,123360,,,,0
2007,"Hamilton, Ontario",2016S0503537,Tax filers and dependants aged 15 to 64 years,Number,223,units,0,v21188072,20.4,449680,,,,0
2007,"Hamilton, Ontario",2016S0503537,Tax filers and dependants aged 65 years and over,Number,223,units,0,v21188073,20.5,102470,,,,0
2007,"Hamilton, Ontario",2016S0503537,All families,Number,223,units,0,v21188074,20.6,193680,,,,0
2007,"Hamilton, Ontario",2016S0503537,Couple families,Number,223,units,0,v21188075,20.7,162880,,,,0
2007,"Hamilton, Ontario",2016S0503537,One-parent families,Number,223,units,0,v21188076,20.8,30800,,,,0
2007,"Hamilton, Ontario",2016S0503537,"Median total income, all families",Dollars,81,units,0,v21188077,20.9,74480,,,,0
2007,"Hamilton, Ontario",2016S0503537,"Median total income of persons with income, all families",Dollars,81,units,0,v52318596,20.41,32120,,,,0
2007,"Hamilton, Ontario",2016S0503537,"Median total income, couple families",Dollars,81,units,0,v21188079,20.11,82270,,,,0
2007,"Hamilton, Ontario",2016S0503537,"Median total income of persons with income, couple families",Dollars,81,units,0,v52318597,20.42,33080,,,,0
2007,"Hamilton, Ontario",2016S0503537,"Median total income, one-parent families",Dollars,81,units,0,v21188081,20.13,37500,,,,0
2007,"Hamilton, Ontario",2016S0503537,"Median total income of persons with income, one-parent families",Dollars,81,units,0,v52318598,20.43,25530,,,,0
2007,"Hamilton, Ontario",2016S0503537,Total persons in families,Number,223,units,0,v21188083,20.15,572620,,,,0
2007,"Hamilton, Ontario",2016S0503537,Persons in couple families,Number,223,units,0,v21188084,20.16,494140,,,,0
2007,"Hamilton, Ontario",2016S0503537,Persons in one-parent families,Number,223,units,0,v21188085,20.17,78470,,,,0
2007,"Hamilton, Ontario",2016S0503537,Persons not in census families,Number,223,units,0,v21188086,20.18,102890,,,,0
2007,"Hamilton, Ontario",2016S0503537,Median total income of persons not in census families with income,Dollars,81,units,0,v52318599,20.44,26010,,,,0
2007,"Hamilton, Ontario",2016S0503537,Families with employment income,Number,223,units,0,v21188089,20.21,164790,,,,0
2007,"Hamilton, Ontario",2016S0503537,Median employment income of families,Dollars,81,units,0,v21188090,20.22,69290,,,,0
2007,"Hamilton, Ontario",2016S0503537,Persons not in census families with employment income,Number,223,units,0,v21188091,20.23,57760,,,,0
2007,"Hamilton, Ontario",2016S0503537,Median employment income of persons not in census families,Dollars,81,units,0,v21188092,20.24,27290,,,,0
2007,"Hamilton, Ontario",2016S0503537,Dual-earner couple families,Number,223,units,0,v21188093,20.25,98710,,,,0
2007,"Hamilton, Ontario",2016S0503537,Median employment income of dual-earner couple families,Dollars,81,units,0,v21188094,20.26,88590,,,,0
2007,"Hamilton, Ontario",2016S0503537,Single-earner-male couple families,Number,223,units,0,v21188095,20.27,26790,,,,0
2007,"Hamilton, Ontario",2016S0503537,Median employment income of single-earner-male couple families,Dollars,81,units,0,v21188096,20.28,31700,,,,0
2007,"Hamilton, Ontario",2016S0503537,Single-earner-female couple families,Number,223,units,0,v21188097,20.29,10390,,,,0
2007,"Hamilton, Ontario",2016S0503537,Median employment income of single-earner-female couple families,Dollars,81,units,0,v21188098,20.30,22080,,,,0
2007,"Hamilton, Ontario",2016S0503537,Families with government transfers,Number,223,units,0,v21188099,20.31,160050,,,,0
2007,"Hamilton, Ontario",2016S0503537,Median government transfers to families,Dollars,81,units,0,v52318600,20.45,6460,,,,0
2007,"Hamilton, Ontario",2016S0503537,Persons not in census families with government transfers,Number,223,units,0,v21188101,20.33,82510,,,,0
2007,"Hamilton, Ontario",2016S0503537,Median government transfers to persons not in census families,Dollars,81,units,0,v52318601,20.46,10890,,,,0
2007,"Hamilton, Ontario",2016S0503537,Families with labour income,Number,223,units,0,v21188103,20.35,165200,,,,0
2007,"Hamilton, Ontario",2016S0503537,Families receiving Employment Insurance benefits,Number,223,units,0,v21188104,20.36,28120,,,,0
2007,"Hamilton, Ontario",2016S0503537,Median Employment Insurance benefits received by families,Dollars,81,units,0,v52318602,20.47,4650,,,,0
2007,"Hamilton, Ontario",2016S0503537,Persons not in census families with labour income,Number,223,units,0,v21188106,20.38,58060,,,,0
2007,"Hamilton, Ontario",2016S0503537,Persons not in census families receiving Employment Insurance benefits,Number,223,units,0,v21188107,20.39,4990,,,,0
2007,"Hamilton, Ontario",2016S0503537,Median Employment Insurance benefits received by persons not in census families,Dollars,81,units,0,v52318603,20.48,3710,,,,0
2008,Canada,2021A11124,All tax filers,Number,223,units,0,v21187309,1.1,24986960,,,,0
2008,Canada,2021A11124,"All tax filers and dependants, all age groups",Number,223,units,0,v21187310,1.2,32124240,,,,0
2008,Canada,2021A11124,"Tax filers and dependants, under age 15 years",Number,223,units,0,v21187311,1.3,5662710,,,,0
2008,Canada,2021A11124,Tax filers and dependants aged 15 to 64 years,Number,223,units,0,v21187312,1.4,21986910,,,,0
2008,Canada,2021A11124,Tax filers and dependants aged 65 years and over,Number,223,units,0,v21187313,1.5,4474620,,,,0
2008,Canada,2021A11124,All families,Number,223,units,0,v21187314,1.6,9215530,,,,0
2008,Canada,2021A11124,Couple families,Number,223,units,0,v21187315,1.7,7832060,,,,0
2008,Canada,2021A11124,One-parent families,Number,223,units,0,v21187316,1.8,1383470,,,,0
2008,Canada,2021A11124,"Median total income, all families",Dollars,81,units,0,v21187317,1.9,68860,,,,0
2008,Canada,2021A11124,"Median total income of persons with income, all families",Dollars,81,units,0,v52318444,1.41,30130,,,,0
2008,Canada,2021A11124,"Median total income, couple families",Dollars,81,units,0,v21187319,1.11,75880,,,,0
2008,Canada,2021A11124,"Median total income of persons with income, couple families",Dollars,81,units,0,v52318445,1.42,30880,,,,0
2008,Canada,2021A11124,"Median total income, one-parent families",Dollars,81,units,0,v21187321,1.13,35990,,,,0
2008,Canada,2021A11124,"Median total income of persons with income, one-parent families",Dollars,81,units,0,v52318446,1.43,24630,,,,0
2008,Canada,2021A11124,Total persons in families,Number,223,units,0,v21187323,1.15,26793340,,,,0
2008,Canada,2021A11124,Persons in couple families,Number,223,units,0,v21187324,1.16,23273450,,,,0
2008,Canada,2021A11124,Persons in one-parent families,Number,223,units,0,v21187325,1.17,3519890,,,,0
2008,Canada,2021A11124,Persons not in census families,Number,223,units,0,v21187326,1.18,5330900,,,,0
2008,Canada,2021A11124,Median total income of persons not in census families with income,Dollars,81,units,0,v52318447,1.44,24810,,,,0
2008,Canada,2021A11124,Families with employment income,Number,223,units,0,v21187329,1.21,7909890,,,,0
2008,Canada,2021A11124,Median employment income of families,Dollars,81,units,0,v21187330,1.22,62360,,,,0
2008,Canada,2021A11124,Persons not in census families with employment income,Number,223,units,0,v21187331,1.23,3244430,,,,0
2008,Canada,2021A11124,Median employment income of persons not in census families,Dollars,81,units,0,v21187332,1.24,27130,,,,0
2008,Canada,2021A11124,Dual-earner couple families,Number,223,units,0,v21187333,1.25,4776870,,,,0
2008,Canada,2021A11124,Median employment income of dual-earner couple families,Dollars,81,units,0,v21187334,1.26,80330,,,,0
2008,Canada,2021A11124,Single-earner-male couple families,Number,223,units,0,v21187335,1.27,1232300,,,,0
2008,Canada,2021A11124,Median employment income of single-earner-male couple families,Dollars,81,units,0,v21187336,1.28,30600,,,,0
2008,Canada,2021A11124,Single-earner-female couple families,Number,223,units,0,v21187337,1.29,529620,,,,0
2008,Canada,2021A11124,Median employment income of single-earner-female couple families,Dollars,81,units,0,v21187338,1.30,19820,,,,0
2008,Canada,2021A11124,Families with government transfers,Number,223,units,0,v21187339,1.31,7863900,,,,0
2008,Canada,2021A11124,Median government transfers to families,Dollars,81,units,0,v52318448,1.45,6640,,,,0
2008,Canada,2021A11124,Persons not in census families with government transfers,Number,223,units,0,v21187341,1.33,4417220,,,,0
2008,Canada,2021A11124,Median government transfers to persons not in census families,Dollars,81,units,0,v52318449,1.46,7310,,,,0
2008,Canada,2021A11124,Families with labour income,Number,223,units,0,v21187343,1.35,7935000,,,,0
2008,Canada,2021A11124,Families receiving Employment Insurance benefits,Number,223,units,0,v21187344,1.36,1725460,,,,0
2008,Canada,2021A11124,Median Employment Insurance benefits received by families,Dollars,81,units,0,v52318450,1.47,5310,,,,0
2008,Canada,2021A11124,Persons not in census families with labour income,Number,223,units,0,v21187346,1.38,3261360,,,,0
2008,Canada,2021A11124,Persons not in census families receiving Employment Insurance benefits,Number,223,units,0,v21187347,1.39,379740,,,,0
2008,Canada,2021A11124,Median Employment Insurance benefits received by persons not in census families,Dollars,81,units,0,v52318451,1.48,4210,,,,0
2008,Ontario,2021A000235,All tax filers,Number,223,units,0,v21187909,16.1,9489130,,,,0
2008,Ontario,2021A000235,"All tax filers and dependants, all age groups",Number,223,units,0,v21187910,16.2,12365180,,,,0
2008,Ontario,2021A000235,"Tax filers and dependants, under age 15 years",Number,223,units,0,v21187911,16.3,2265340,,,,0
2008,Ontario,2021A000235,Tax filers and dependants aged 15 to 64 years,Number,223,units,0,v21187912,16.4,8395040,,,,0
2008,Ontario,2021A000235,Tax filers and dependants aged 65 years and over,Number,223,units,0,v21187913,16.5,1704790,,,,0
2008,Ontario,2021A000235,All families,Number,223,units,0,v21187914,16.6,3556370,,,,0
2008,Ontario,2021A000235,Couple families,Number,223,units,0,v21187915,16.7,3017330,,,,0
2008,Ontario,2021A000235,One-parent families,Number,223,units,0,v21187916,16.8,539030,,,,0
2008,Ontario,2021A000235,"Median total income, all families",Dollars,81,units,0,v21187917,16.9,70910,,,,0
2008,Ontario,2021A000235,"Median total income of persons with income, all families",Dollars,81,units,0,v52318564,16.41,30820,,,,0
2008,Ontario,2021A000235,"Median total income, couple families",Dollars,81,units,0,v21187919,16.11,78350,,,,0
2008,Ontario,2021A000235,"Median total income of persons with income, couple families",Dollars,81,units,0,v52318565,16.42,31620,,,,0
2008,Ontario,2021A000235,"Median total income, one-parent families",Dollars,81,units,0,v21187921,16.13,36840,,,,0
2008,Ontario,2021A000235,"Median total income of persons with income, one-parent families",Dollars,81,units,0,v52318566,16.43,25230,,,,0
2008,Ontario,2021A000235,Total persons in families,Number,223,units,0,v21187923,16.15,10500930,,,,0
2008,Ontario,2021A000235,Persons in couple families,Number,223,units,0,v21187924,16.16,9126380,,,,0
2008,Ontario,2021A000235,Persons in one-parent families,Number,223,units,0,v21187925,16.17,1374550,,,,0
2008,Ontario,2021A000235,Persons not in census families,Number,223,units,0,v21187926,16.18,1864250,,,,0
2008,Ontario,2021A000235,Median total income of persons not in census families with income,Dollars,81,units,0,v52318567,16.44,25450,,,,0
2008,Ontario,2021A000235,Families with employment income,Number,223,units,0,v21187929,16.21,3046670,,,,0
2008,Ontario,2021A000235,Median employment income of families,Dollars,81,units,0,v21187930,16.22,65100,,,,0
2008,Ontario,2021A000235,Persons not in census families with employment income,Number,223,units,0,v21187931,16.23,1105220,,,,0
2008,Ontario,2021A000235,Median employment income of persons not in census families,Dollars,81,units,0,v21187932,16.24,27070,,,,0
2008,Ontario,2021A000235,Dual-earner couple families,Number,223,units,0,v21187933,16.25,1799400,,,,0
2008,Ontario,2021A000235,Median employment income of dual-earner couple families,Dollars,81,units,0,v21187934,16.26,85190,,,,0
2008,Ontario,2021A000235,Single-earner-male couple families,Number,223,units,0,v21187935,16.27,503060,,,,0
2008,Ontario,2021A000235,Median employment income of single-earner-male couple families,Dollars,81,units,0,v21187936,16.28,29690,,,,0
2008,Ontario,2021A000235,Single-earner-female couple families,Number,223,units,0,v21187937,16.29,215420,,,,0
2008,Ontario,2021A000235,Median employment income of single-earner-female couple families,Dollars,81,units,0,v21187938,16.30,21170,,,,0
2008,Ontario,2021A000235,Families with government transfers,Number,223,units,0,v21187939,16.31,2946350,,,,0
2008,Ontario,2021A000235,Median government transfers to families,Dollars,81,units,0,v52318568,16.45,6130,,,,0
2008,Ontario,2021A000235,Persons not in census families with government transfers,Number,223,units,0,v21187941,16.33,1473150,,,,0
2008,Ontario,2021A000235,Median government transfers to persons not in census families,Dollars,81,units,0,v52318569,16.46,8890,,,,0
2008,Ontario,2021A000235,Families with labour income,Number,223,units,0,v21187943,16.35,3055870,,,,0
2008,Ontario,2021A000235,Families receiving Employment Insurance benefits,Number,223,units,0,v21187944,16.36,578890,,,,0
2008,Ontario,2021A000235,Median Employment Insurance benefits received by families,Dollars,81,units,0,v52318570,16.47,4790,,,,0
2008,Ontario,2021A000235,Persons not in census families with labour income,Number,223,units,0,v21187946,16.38,1111320,,,,0
2008,Ontario,2021A000235,Persons not in census families receiving Employment Insurance benefits,Number,223,units,0,v21187947,16.39,105680,,,,0
2008,Ontario,2021A000235,Median Employment Insurance benefits received by persons not in census families,Dollars,81,units,0,v52318571,16.48,3900,,,,0
2008,"Oshawa, Ontario",2016S0503532,All tax filers,Number,223,units,0,v21187989,18.1,249320,,,,0
2008,"Oshawa, Ontario",2016S0503532,"All tax filers and dependants, all age groups",Number,223,units,0,v21187990,18.2,333800,,,,0
2008,"Oshawa, Ontario",2016S0503532,"Tax filers and dependants, under age 15 years",Number,223,units,0,v21187991,18.3,66980,,,,0
2008,"Oshawa, Ontario",2016S0503532,Tax filers and dependants aged 15 to 64 years,Number,223,units,0,v21187992,18.4,227310,,,,0
2008,"Oshawa, Ontario",2016S0503532,Tax filers and dependants aged 65 years and over,Number,223,units,0,v21187993,18.5,39510,,,,0
2008,"Oshawa, Ontario",2016S0503532,All families,Number,223,units,0,v21187994,18.6,96930,,,,0
2008,"Oshawa, Ontario",2016S0503532,Couple families,Number,223,units,0,v21187995,18.7,81070,,,,0
2008,"Oshawa, Ontario",2016S0503532,One-parent families,Number,223,units,0,v21187996,18.8,15860,,,,0
2008,"Oshawa, Ontario",2016S0503532,"Median total income, all families",Dollars,81,units,0,v21187997,18.9,83220,,,,0
2008,"Oshawa, Ontario",2016S0503532,"Median total income of persons with income, all families",Dollars,81,units,0,v52318580,18.41,36390,,,,0
2008,"Oshawa, Ontario",2016S0503532,"Median total income, couple families",Dollars,81,units,0,v21187999,18.11,92050,,,,0
2008,"Oshawa, Ontario",2016S0503532,"Median total income of persons with income, couple families",Dollars,81,units,0,v52318581,18.42,37600,,,,0
2008,"Oshawa, Ontario",2016S0503532,"Median total income, one-parent families",Dollars,81,units,0,v21188001,18.13,40590,,,,0
2008,"Oshawa, Ontario",2016S0503532,"Median total income of persons with income, one-parent families",Dollars,81,units,0,v52318582,18.43,27680,,,,0
2008,"Oshawa, Ontario",2016S0503532,Total persons in families,Number,223,units,0,v21188003,18.15,291380,,,,0
2008,"Oshawa, Ontario",2016S0503532,Persons in couple families,Number,223,units,0,v21188004,18.16,250850,,,,0
2008,"Oshawa, Ontario",2016S0503532,Persons in one-parent families,Number,223,units,0,v21188005,18.17,40530,,,,0
2008,"Oshawa, Ontario",2016S0503532,Persons not in census families,Number,223,units,0,v21188006,18.18,42420,,,,0
2008,"Oshawa, Ontario",2016S0503532,Median total income of persons not in census families with income,Dollars,81,units,0,v52318583,18.44,29530,,,,0
2008,"Oshawa, Ontario",2016S0503532,Families with employment income,Number,223,units,0,v21188009,18.21,86530,,,,0
2008,"Oshawa, Ontario",2016S0503532,Median employment income of families,Dollars,81,units,0,v21188010,18.22,77150,,,,0
2008,"Oshawa, Ontario",2016S0503532,Persons not in census families with employment income,Number,223,units,0,v21188011,18.23,26470,,,,0
2008,"Oshawa, Ontario",2016S0503532,Median employment income of persons not in census families,Dollars,81,units,0,v21188012,18.24,29330,,,,0
2008,"Oshawa, Ontario",2016S0503532,Dual-earner couple families,Number,223,units,0,v21188013,18.25,53700,,,,0
2008,"Oshawa, Ontario",2016S0503532,Median employment income of dual-earner couple families,Dollars,81,units,0,v21188014,18.26,95600,,,,0
2008,"Oshawa, Ontario",2016S0503532,Single-earner-male couple families,Number,223,units,0,v21188015,18.27,13560,,,,0
2008,"Oshawa, Ontario",2016S0503532,Median employment income of single-earner-male couple families,Dollars,81,units,0,v21188016,18.28,38950,,,,0
2008,"Oshawa, Ontario",2016S0503532,Single-earner-female couple families,Number,223,units,0,v21188017,18.29,4470,,,,0
2008,"Oshawa, Ontario",2016S0503532,Median employment income of single-earner-female couple families,Dollars,81,units,0,v21188018,18.30,24400,,,,0
2008,"Oshawa, Ontario",2016S0503532,Families with government transfers,Number,223,units,0,v21188019,18.31,79480,,,,0
2008,"Oshawa, Ontario",2016S0503532,Median government transfers to families,Dollars,81,units,0,v52318584,18.45,5850,,,,0
2008,"Oshawa, Ontario",2016S0503532,Persons not in census families with government transfers,Number,223,units,0,v21188021,18.33,32910,,,,0
2008,"Oshawa, Ontario",2016S0503532,Median government transfers to persons not in census families,Dollars,81,units,0,v52318585,18.46,9890,,,,0
2008,"Oshawa, Ontario",2016S0503532,Families with labour income,Number,223,units,0,v21188023,18.35,86740,,,,0
2008,"Oshawa, Ontario",2016S0503532,Families receiving Employment Insurance benefits,Number,223,units,0,v21188024,18.36,18670,,,,0
2008,"Oshawa, Ontario",2016S0503532,Median Employment Insurance benefits received by families,Dollars,81,units,0,v52318586,18.47,5250,,,,0
2008,"Oshawa, Ontario",2016S0503532,Persons not in census families with labour income,Number,223,units,0,v21188026,18.38,26610,,,,0
2008,"Oshawa, Ontario",2016S0503532,Persons not in census families receiving Employment Insurance benefits,Number,223,units,0,v21188027,18.39,3160,,,,0
2008,"Oshawa, Ontario",2016S0503532,Median Employment Insurance benefits received by persons not in census families,Dollars,81,units,0,v52318587,18.48,4160,,,,0
2008,"Toronto, Ontario",2016S0503535,All tax filers,Number,223,units,0,v21188029,19.1,4060350,,,,0
2008,"Toronto, Ontario",2016S0503535,"All tax filers and dependants, all age groups",Number,223,units,0,v21188030,19.2,5352760,,,,0
2008,"Toronto, Ontario",2016S0503535,"Tax filers and dependants, under age 15 years",Number,223,units,0,v21188031,19.3,1012550,,,,0
2008,"Toronto, Ontario",2016S0503535,Tax filers and dependants aged 15 to 64 years,Number,223,units,0,v21188032,19.4,3700680,,,,0
2008,"Toronto, Ontario",2016S0503535,Tax filers and dependants aged 65 years and over,Number,223,units,0,v21188033,19.5,639530,,,,0
2008,"Toronto, Ontario",2016S0503535,All families,Number,223,units,0,v21188034,19.6,1517790,,,,0
2008,"Toronto, Ontario",2016S0503535,Couple families,Number,223,units,0,v21188035,19.7,1287680,,,,0
2008,"Toronto, Ontario",2016S0503535,One-parent families,Number,223,units,0,v21188036,19.8,230120,,,,0
2008,"Toronto, Ontario",2016S0503535,"Median total income, all families",Dollars,81,units,0,v21188037,19.9,68120,,,,0
2008,"Toronto, Ontario",2016S0503535,"Median total income of persons with income, all families",Dollars,81,units,0,v52318588,19.41,29400,,,,0
2008,"Toronto, Ontario",2016S0503535,"Median total income, couple families",Dollars,81,units,0,v21188039,19.11,75630,,,,0
2008,"Toronto, Ontario",2016S0503535,"Median total income of persons with income, couple families",Dollars,81,units,0,v52318589,19.42,29890,,,,0
2008,"Toronto, Ontario",2016S0503535,"Median total income, one-parent families",Dollars,81,units,0,v21188041,19.13,38380,,,,0
2008,"Toronto, Ontario",2016S0503535,"Median total income of persons with income, one-parent families",Dollars,81,units,0,v52318590,19.43,26030,,,,0
2008,"Toronto, Ontario",2016S0503535,Total persons in families,Number,223,units,0,v21188043,19.15,4567840,,,,0
2008,"Toronto, Ontario",2016S0503535,Persons in couple families,Number,223,units,0,v21188044,19.16,3983490,,,,0
2008,"Toronto, Ontario",2016S0503535,Persons in one-parent families,Number,223,units,0,v21188045,19.17,584350,,,,0
2008,"Toronto, Ontario",2016S0503535,Persons not in census families,Number,223,units,0,v21188046,19.18,784910,,,,0
2008,"Toronto, Ontario",2016S0503535,Median total income of persons not in census families with income,Dollars,81,units,0,v52318591,19.44,24030,,,,0
2008,"Toronto, Ontario",2016S0503535,Families with employment income,Number,223,units,0,v21188049,19.21,1307400,,,,0
2008,"Toronto, Ontario",2016S0503535,Median employment income of families,Dollars,81,units,0,v21188050,19.22,64920,,,,0
2008,"Toronto, Ontario",2016S0503535,Persons not in census families with employment income,Number,223,units,0,v21188051,19.23,484430,,,,0
2008,"Toronto, Ontario",2016S0503535,Median employment income of persons not in census families,Dollars,81,units,0,v21188052,19.24,28970,,,,0
2008,"Toronto, Ontario",2016S0503535,Dual-earner couple families,Number,223,units,0,v21188053,19.25,756730,,,,0
2008,"Toronto, Ontario",2016S0503535,Median employment income of dual-earner couple families,Dollars,81,units,0,v21188054,19.26,85670,,,,0
2008,"Toronto, Ontario",2016S0503535,Single-earner-male couple families,Number,223,units,0,v21188055,19.27,221340,,,,0
2008,"Toronto, Ontario",2016S0503535,Median employment income of single-earner-male couple families,Dollars,81,units,0,v21188056,19.28,32410,,,,0
2008,"Toronto, Ontario",2016S0503535,Single-earner-female couple families,Number,223,units,0,v21188057,19.29,101980,,,,0
2008,"Toronto, Ontario",2016S0503535,Median employment income of single-earner-female couple families,Dollars,81,units,0,v21188058,19.30,21760,,,,0
2008,"Toronto, Ontario",2016S0503535,Families with government transfers,Number,223,units,0,v21188059,19.31,1246600,,,,0
2008,"Toronto, Ontario",2016S0503535,Median government transfers to families,Dollars,81,units,0,v52318592,19.45,4760,,,,0
2008,"Toronto, Ontario",2016S0503535,Persons not in census families with government transfers,Number,223,units,0,v21188061,19.33,597600,,,,0
2008,"Toronto, Ontario",2016S0503535,Median government transfers to persons not in census families,Dollars,81,units,0,v52318593,19.46,5490,,,,0
2008,"Toronto, Ontario",2016S0503535,Families with labour income,Number,223,units,0,v21188063,19.35,1311770,,,,0
2008,"Toronto, Ontario",2016S0503535,Families receiving Employment Insurance benefits,Number,223,units,0,v21188064,19.36,224720,,,,0
2008,"Toronto, Ontario",2016S0503535,Median Employment Insurance benefits received by families,Dollars,81,units,0,v52318594,19.47,5230,,,,0
2008,"Toronto, Ontario",2016S0503535,Persons not in census families with labour income,Number,223,units,0,v21188066,19.38,487080,,,,0
2008,"Toronto, Ontario",2016S0503535,Persons not in census families receiving Employment Insurance benefits,Number,223,units,0,v21188067,19.39,35340,,,,0
2008,"Toronto, Ontario",2016S0503535,Median Employment Insurance benefits received by persons not in census families,Dollars,81,units,0,v52318595,19.48,4150,,,,0
2008,"Hamilton, Ontario",2016S0503537,All tax filers,Number,223,units,0,v21188069,20.1,524420,,,,0
2008,"Hamilton, Ontario",2016S0503537,"All tax filers and dependants, all age groups",Number,223,units,0,v21188070,20.2,678030,,,,0
2008,"Hamilton, Ontario",2016S0503537,"Tax filers and dependants, under age 15 years",Number,223,units,0,v21188071,20.3,122580,,,,0
2008,"Hamilton, Ontario",2016S0503537,Tax filers and dependants aged 15 to 64 years,Number,223,units,0,v21188072,20.4,450850,,,,0
2008,"Hamilton, Ontario",2016S0503537,Tax filers and dependants aged 65 years and over,Number,223,units,0,v21188073,20.5,104590,,,,0
2008,"Hamilton, Ontario",2016S0503537,All families,Number,223,units,0,v21188074,20.6,194290,,,,0
2008,"Hamilton, Ontario",2016S0503537,Couple families,Number,223,units,0,v21188075,20.7,163410,,,,0
2008,"Hamilton, Ontario",2016S0503537,One-parent families,Number,223,units,0,v21188076,20.8,30880,,,,0
2008,"Hamilton, Ontario",2016S0503537,"Median total income, all families",Dollars,81,units,0,v21188077,20.9,76220,,,,0
2008,"Hamilton, Ontario",2016S0503537,"Median total income of persons with income, all families",Dollars,81,units,0,v52318596,20.41,32710,,,,0
2008,"Hamilton, Ontario",2016S0503537,"Median total income, couple families",Dollars,81,units,0,v21188079,20.11,84260,,,,0
2008,"Hamilton, Ontario",2016S0503537,"Median total income of persons with income, couple families",Dollars,81,units,0,v52318597,20.42,33680,,,,0
2008,"Hamilton, Ontario",2016S0503537,"Median total income, one-parent families",Dollars,81,units,0,v21188081,20.13,38480,,,,0
2008,"Hamilton, Ontario",2016S0503537,"Median total income of persons with income, one-parent families",Dollars,81,units,0,v52318598,20.43,26160,,,,0
2008,"Hamilton, Ontario",2016S0503537,Total persons in families,Number,223,units,0,v21188083,20.15,573490,,,,0
2008,"Hamilton, Ontario",2016S0503537,Persons in couple families,Number,223,units,0,v21188084,20.16,494730,,,,0
2008,"Hamilton, Ontario",2016S0503537,Persons in one-parent families,Number,223,units,0,v21188085,20.17,78750,,,,0
2008,"Hamilton, Ontario",2016S0503537,Persons not in census families,Number,223,units,0,v21188086,20.18,104540,,,,0
2008,"Hamilton, Ontario",2016S0503537,Median total income of persons not in census families with income,Dollars,81,units,0,v52318599,20.44,26790,,,,0
2008,"Hamilton, Ontario",2016S0503537,Families with employment income,Number,223,units,0,v21188089,20.21,165440,,,,0
2008,"Hamilton, Ontario",2016S0503537,Median employment income of families,Dollars,81,units,0,v21188090,20.22,70850,,,,0
2008,"Hamilton, Ontario",2016S0503537,Persons not in census families with employment income,Number,223,units,0,v21188091,20.23,58980,,,,0
2008,"Hamilton, Ontario",2016S0503537,Median employment income of persons not in census families,Dollars,81,units,0,v21188092,20.24,27440,,,,0
2008,"Hamilton, Ontario",2016S0503537,Dual-earner couple families,Number,223,units,0,v21188093,20.25,98640,,,,0
2008,"Hamilton, Ontario",2016S0503537,Median employment income of dual-earner couple families,Dollars,81,units,0,v21188094,20.26,91040,,,,0
2008,"Hamilton, Ontario",2016S0503537,Single-earner-male couple families,Number,223,units,0,v21188095,20.27,26880,,,,0
2008,"Hamilton, Ontario",2016S0503537,Median employment income of single-earner-male couple families,Dollars,81,units,0,v21188096,20.28,30350,,,,0
2008,"Hamilton, Ontario",2016S0503537,Single-earner-female couple families,Number,223,units,0,v21188097,20.29,10840,,,,0
2008,"Hamilton, Ontario",2016S0503537,Median employment income of single-earner-female couple families,Dollars,81,units,0,v21188098,20.30,22910,,,,0
2008,"Hamilton, Ontario",2016S0503537,Families with government transfers,Number,223,units,0,v21188099,20.31,161290,,,,0
2008,"Hamilton, Ontario",2016S0503537,Median government transfers to families,Dollars,81,units,0,v52318600,20.45,6980,,,,0
2008,"Hamilton, Ontario",2016S0503537,Persons not in census families with government transfers,Number,223,units,0,v21188101,20.33,84110,,,,0
2008,"Hamilton, Ontario",2016S0503537,Median government transfers to persons not in census families,Dollars,81,units,0,v52318601,20.46,11170,,,,0
2008,"Hamilton, Ontario",2016S0503537,Families with labour income,Number,223,units,0,v21188103,20.35,165880,,,,0
2008,"Hamilton, Ontario",2016S0503537,Families receiving Employment Insurance benefits,Number,223,units,0,v21188104,20.36,29780,,,,0
2008,"Hamilton, Ontario",2016S0503537,Median Employment Insurance benefits received by families,Dollars,81,units,0,v52318602,20.47,4460,,,,0
2008,"Hamilton, Ontario",2016S0503537,Persons not in census families with labour income,Number,223,units,0,v21188106,20.38,59280,,,,0
2008,"Hamilton, Ontario",2016S0503537,Persons not in census families receiving Employment Insurance benefits,Number,223,units,0,v21188107,20.39,5510,,,,0
2008,"Hamilton, Ontario",2016S0503537,Median Employment Insurance benefits received by persons not in census families,Dollars,81,units,0,v52318603,20.48,3480,,,,0
2009,Canada,2021A11124,All tax filers,Number,223,units,0,v21187309,1.1,25244320,,,,0
2009,Canada,2021A11124,"All tax filers and dependants, all age groups",Number,223,units,0,v21187310,1.2,32425050,,,,0
2009,Canada,2021A11124,"Tax filers and dependants, under age 15 years",Number,223,units,0,v21187311,1.3,5670360,,,,0
2009,Canada,2021A11124,Tax filers and dependants aged 15 to 64 years,Number,223,units,0,v21187312,1.4,22152260,,,,0
2009,Canada,2021A11124,Tax filers and dependants aged 65 years and over,Number,223,units,0,v21187313,1.5,4602430,,,,0
2009,Canada,2021A11124,All families,Number,223,units,0,v21187314,1.6,9315780,,,,0
2009,Canada,2021A11124,Couple families,Number,223,units,0,v21187315,1.7,7926210,,,,0
2009,Canada,2021A11124,One-parent families,Number,223,units,0,v21187316,1.8,1389570,,,,0
2009,Canada,2021A11124,"Median total income, all families",Dollars,81,units,0,v21187317,1.9,68410,,,,0
2009,Canada,2021A11124,"Median total income of persons with income, all families",Dollars,81,units,0,v52318444,1.41,30090,,,,0
2009,Canada,2021A11124,"Median total income, couple families",Dollars,81,units,0,v21187319,1.11,75320,,,,0
2009,Canada,2021A11124,"Median total income of persons with income, couple families",Dollars,81,units,0,v52318445,1.42,30840,,,,0
2009,Canada,2021A11124,"Median total income, one-parent families",Dollars,81,units,0,v21187321,1.13,36100,,,,0
2009,Canada,2021A11124,"Median total income of persons with income, one-parent families",Dollars,81,units,0,v52318446,1.43,24580,,,,0
2009,Canada,2021A11124,Total persons in families,Number,223,units,0,v21187323,1.15,27026190,,,,0
2009,Canada,2021A11124,Persons in couple families,Number,223,units,0,v21187324,1.16,23491120,,,,0
2009,Canada,2021A11124,Persons in one-parent families,Number,223,units,0,v21187325,1.17,3535070,,,,0
2009,Canada,2021A11124,Persons not in census families,Number,223,units,0,v21187326,1.18,5398860,,,,0
2009,Canada,2021A11124,Median total income of persons not in census families with income,Dollars,81,units,0,v52318447,1.44,24700,,,,0
2009,Canada,2021A11124,Families with employment income,Number,223,units,0,v21187329,1.21,7953500,,,,0
2009,Canada,2021A11124,Median employment income of families,Dollars,81,units,0,v21187330,1.22,61050,,,,0
2009,Canada,2021A11124,Persons not in census families with employment income,Number,223,units,0,v21187331,1.23,3240720,,,,0
2009,Canada,2021A11124,Median employment income of persons not in census families,Dollars,81,units,0,v21187332,1.24,26400,,,,0
2009,Canada,2021A11124,Dual-earner couple families,Number,223,units,0,v21187333,1.25,4748930,,,,0
2009,Canada,2021A11124,Median employment income of dual-earner couple families,Dollars,81,units,0,v21187334,1.26,79920,,,,0
2009,Canada,2021A11124,Single-earner-male couple families,Number,223,units,0,v21187335,1.27,1278480,,,,0
2009,Canada,2021A11124,Median employment income of single-earner-male couple families,Dollars,81,units,0,v21187336,1.28,29020,,,,0
2009,Canada,2021A11124,Single-earner-female couple families,Number,223,units,0,v21187337,1.29,569280,,,,0
2009,Canada,2021A11124,Median employment income of single-earner-female couple families,Dollars,81,units,0,v21187338,1.30,20340,,,,0
2009,Canada,2021A11124,Families with government transfers,Number,223,units,0,v21187339,1.31,8044530,,,,0
2009,Canada,2021A11124,Median government transfers to families,Dollars,81,units,0,v52318448,1.45,7520,,,,0
2009,Canada,2021A11124,Persons not in census families with government transfers,Number,223,units,0,v21187341,1.33,4550420,,,,0
2009,Canada,2021A11124,Median government transfers to persons not in census families,Dollars,81,units,0,v52318449,1.46,7900,,,,0
2009,Canada,2021A11124,Families with labour income,Number,223,units,0,v21187343,1.35,7990870,,,,0
2009,Canada,2021A11124,Families receiving Employment Insurance benefits,Number,223,units,0,v21187344,1.36,2082120,,,,0
2009,Canada,2021A11124,Median Employment Insurance benefits received by families,Dollars,81,units,0,v52318450,1.47,6160,,,,0
2009,Canada,2021A11124,Persons not in census families with labour income,Number,223,units,0,v21187346,1.38,3270200,,,,0
2009,Canada,2021A11124,Persons not in census families receiving Employment Insurance benefits,Number,223,units,0,v21187347,1.39,489370,,,,0
2009,Canada,2021A11124,Median Employment Insurance benefits received by persons not in census families,Dollars,81,units,0,v52318451,1.48,5160,,,,0
2009,Ontario,2021A000235,All tax filers,Number,223,units,0,v21187909,16.1,9626960,,,,0
2009,Ontario,2021A000235,"All tax filers and dependants, all age groups",Number,223,units,0,v21187910,16.2,12508080,,,,0
2009,Ontario,2021A000235,"Tax filers and dependants, under age 15 years",Number,223,units,0,v21187911,16.3,2263780,,,,0
2009,Ontario,2021A000235,Tax filers and dependants aged 15 to 64 years,Number,223,units,0,v21187912,16.4,8491840,,,,0
2009,Ontario,2021A000235,Tax filers and dependants aged 65 years and over,Number,223,units,0,v21187913,16.5,1752460,,,,0
2009,Ontario,2021A000235,All families,Number,223,units,0,v21187914,16.6,3601470,,,,0
2009,Ontario,2021A000235,Couple families,Number,223,units,0,v21187915,16.7,3057010,,,,0
2009,Ontario,2021A000235,One-parent families,Number,223,units,0,v21187916,16.8,544470,,,,0
2009,Ontario,2021A000235,"Median total income, all families",Dollars,81,units,0,v21187917,16.9,69790,,,,0
2009,Ontario,2021A000235,"Median total income of persons with income, all families",Dollars,81,units,0,v52318564,16.41,30410,,,,0
2009,Ontario,2021A000235,"Median total income, couple families",Dollars,81,units,0,v21187919,16.11,77060,,,,0
2009,Ontario,2021A000235,"Median total income of persons with income, couple families",Dollars,81,units,0,v52318565,16.42,31200,,,,0
2009,Ontario,2021A000235,"Median total income, one-parent families",Dollars,81,units,0,v21187921,16.13,36780,,,,0
2009,Ontario,2021A000235,"Median total income of persons with income, one-parent families",Dollars,81,units,0,v52318566,16.43,25040,,,,0
2009,Ontario,2021A000235,Total persons in families,Number,223,units,0,v21187923,16.15,10609690,,,,0
2009,Ontario,2021A000235,Persons in couple families,Number,223,units,0,v21187924,16.16,9222260,,,,0
2009,Ontario,2021A000235,Persons in one-parent families,Number,223,units,0,v21187925,16.17,1387430,,,,0
2009,Ontario,2021A000235,Persons not in census families,Number,223,units,0,v21187926,16.18,1898390,,,,0
2009,Ontario,2021A000235,Median total income of persons not in census families with income,Dollars,81,units,0,v52318567,16.44,25090,,,,0
2009,Ontario,2021A000235,Families with employment income,Number,223,units,0,v21187929,16.21,3069700,,,,0
2009,Ontario,2021A000235,Median employment income of families,Dollars,81,units,0,v21187930,16.22,62840,,,,0
2009,Ontario,2021A000235,Persons not in census families with employment income,Number,223,units,0,v21187931,16.23,1111000,,,,0
2009,Ontario,2021A000235,Median employment income of persons not in census families,Dollars,81,units,0,v21187932,16.24,25910,,,,0
2009,Ontario,2021A000235,Dual-earner couple families,Number,223,units,0,v21187933,16.25,1788420,,,,0
2009,Ontario,2021A000235,Median employment income of dual-earner couple families,Dollars,81,units,0,v21187934,16.26,83990,,,,0
2009,Ontario,2021A000235,Single-earner-male couple families,Number,223,units,0,v21187935,16.27,520960,,,,0
2009,Ontario,2021A000235,Median employment income of single-earner-male couple families,Dollars,81,units,0,v21187936,16.28,27080,,,,0
2009,Ontario,2021A000235,Single-earner-female couple families,Number,223,units,0,v21187937,16.29,233630,,,,0
2009,Ontario,2021A000235,Median employment income of single-earner-female couple families,Dollars,81,units,0,v21187938,16.30,21250,,,,0
2009,Ontario,2021A000235,Families with government transfers,Number,223,units,0,v21187939,16.31,3032720,,,,0
2009,Ontario,2021A000235,Median government transfers to families,Dollars,81,units,0,v52318568,16.45,7340,,,,0
2009,Ontario,2021A000235,Persons not in census families with government transfers,Number,223,units,0,v21187941,16.33,1533990,,,,0
2009,Ontario,2021A000235,Median government transfers to persons not in census families,Dollars,81,units,0,v52318569,16.46,9390,,,,0
2009,Ontario,2021A000235,Families with labour income,Number,223,units,0,v21187943,16.35,3084830,,,,0
2009,Ontario,2021A000235,Families receiving Employment Insurance benefits,Number,223,units,0,v21187944,16.36,745400,,,,0
2009,Ontario,2021A000235,Median Employment Insurance benefits received by families,Dollars,81,units,0,v52318570,16.47,5810,,,,0
2009,Ontario,2021A000235,Persons not in census families with labour income,Number,223,units,0,v21187946,16.38,1122690,,,,0
2009,Ontario,2021A000235,Persons not in census families receiving Employment Insurance benefits,Number,223,units,0,v21187947,16.39,146880,,,,0
2009,Ontario,2021A000235,Median Employment Insurance benefits received by persons not in census families,Dollars,81,units,0,v52318571,16.48,5020,,,,0
2009,"Oshawa, Ontario",2016S0503532,All tax filers,Number,223,units,0,v21187989,18.1,255130,,,,0
2009,"Oshawa, Ontario",2016S0503532,"All tax filers and dependants, all age groups",Number,223,units,0,v21187990,18.2,339950,,,,0
2009,"Oshawa, Ontario",2016S0503532,"Tax filers and dependants, under age 15 years",Number,223,units,0,v21187991,18.3,67250,,,,0
2009,"Oshawa, Ontario",2016S0503532,Tax filers and dependants aged 15 to 64 years,Number,223,units,0,v21187992,18.4,231470,,,,0
2009,"Oshawa, Ontario",2016S0503532,Tax filers and dependants aged 65 years and over,Number,223,units,0,v21187993,18.5,41240,,,,0
2009,"Oshawa, Ontario",2016S0503532,All families,Number,223,units,0,v21187994,18.6,98800,,,,0
2009,"Oshawa, Ontario",2016S0503532,Couple families,Number,223,units,0,v21187995,18.7,82600,,,,0
2009,"Oshawa, Ontario",2016S0503532,One-parent families,Number,223,units,0,v21187996,18.8,16190,,,,0
2009,"Oshawa, Ontario",2016S0503532,"Median total income, all families",Dollars,81,units,0,v21187997,18.9,81560,,,,0
2009,"Oshawa, Ontario",2016S0503532,"Median total income of persons with income, all families",Dollars,81,units,0,v52318580,18.41,36010,,,,0
2009,"Oshawa, Ontario",2016S0503532,"Median total income, couple families",Dollars,81,units,0,v21187999,18.11,90190,,,,0
2009,"Oshawa, Ontario",2016S0503532,"Median total income of persons with income, couple families",Dollars,81,units,0,v52318581,18.42,37170,,,,0
2009,"Oshawa, Ontario",2016S0503532,"Median total income, one-parent families",Dollars,81,units,0,v21188001,18.13,40300,,,,0
2009,"Oshawa, Ontario",2016S0503532,"Median total income of persons with income, one-parent families",Dollars,81,units,0,v52318582,18.43,27490,,,,0
2009,"Oshawa, Ontario",2016S0503532,Total persons in families,Number,223,units,0,v21188003,18.15,295900,,,,0
2009,"Oshawa, Ontario",2016S0503532,Persons in couple families,Number,223,units,0,v21188004,18.16,254510,,,,0
2009,"Oshawa, Ontario",2016S0503532,Persons in one-parent families,Number,223,units,0,v21188005,18.17,41390,,,,0
2009,"Oshawa, Ontario",2016S0503532,Persons not in census families,Number,223,units,0,v21188006,18.18,44050,,,,0
2009,"Oshawa, Ontario",2016S0503532,Median total income of persons not in census families with income,Dollars,81,units,0,v52318583,18.44,28950,,,,0
2009,"Oshawa, Ontario",2016S0503532,Families with employment income,Number,223,units,0,v21188009,18.21,87670,,,,0
2009,"Oshawa, Ontario",2016S0503532,Median employment income of families,Dollars,81,units,0,v21188010,18.22,73810,,,,0
2009,"Oshawa, Ontario",2016S0503532,Persons not in census families with employment income,Number,223,units,0,v21188011,18.23,27240,,,,0
2009,"Oshawa, Ontario",2016S0503532,Median employment income of persons not in census families,Dollars,81,units,0,v21188012,18.24,27340,,,,0
2009,"Oshawa, Ontario",2016S0503532,Dual-earner couple families,Number,223,units,0,v21188013,18.25,53650,,,,0
2009,"Oshawa, Ontario",2016S0503532,Median employment income of dual-earner couple families,Dollars,81,units,0,v21188014,18.26,93380,,,,0
2009,"Oshawa, Ontario",2016S0503532,Single-earner-male couple families,Number,223,units,0,v21188015,18.27,14210,,,,0
2009,"Oshawa, Ontario",2016S0503532,Median employment income of single-earner-male couple families,Dollars,81,units,0,v21188016,18.28,33050,,,,0
2009,"Oshawa, Ontario",2016S0503532,Single-earner-female couple families,Number,223,units,0,v21188017,18.29,4990,,,,0
2009,"Oshawa, Ontario",2016S0503532,Median employment income of single-earner-female couple families,Dollars,81,units,0,v21188018,18.30,24710,,,,0
2009,"Oshawa, Ontario",2016S0503532,Families with government transfers,Number,223,units,0,v21188019,18.31,82260,,,,0
2009,"Oshawa, Ontario",2016S0503532,Median government transfers to families,Dollars,81,units,0,v52318584,18.45,6770,,,,0
2009,"Oshawa, Ontario",2016S0503532,Persons not in census families with government transfers,Number,223,units,0,v21188021,18.33,34790,,,,0
2009,"Oshawa, Ontario",2016S0503532,Median government transfers to persons not in census families,Dollars,81,units,0,v52318585,18.46,10390,,,,0
2009,"Oshawa, Ontario",2016S0503532,Families with labour income,Number,223,units,0,v21188023,18.35,88040,,,,0
2009,"Oshawa, Ontario",2016S0503532,Families receiving Employment Insurance benefits,Number,223,units,0,v21188024,18.36,21650,,,,0
2009,"Oshawa, Ontario",2016S0503532,Median Employment Insurance benefits received by families,Dollars,81,units,0,v52318586,18.47,6090,,,,0
2009,"Oshawa, Ontario",2016S0503532,Persons not in census families with labour income,Number,223,units,0,v21188026,18.38,27510,,,,0
2009,"Oshawa, Ontario",2016S0503532,Persons not in census families receiving Employment Insurance benefits,Number,223,units,0,v21188027,18.39,3920,,,,0
2009,"Oshawa, Ontario",2016S0503532,Median Employment Insurance benefits received by persons not in census families,Dollars,81,units,0,v52318587,18.48,5220,,,,0
2009,"Toronto, Ontario",2016S0503535,All tax filers,Number,223,units,0,v21188029,19.1,4133390,,,,0
2009,"Toronto, Ontario",2016S0503535,"All tax filers and dependants, all age groups",Number,223,units,0,v21188030,19.2,5435680,,,,0
2009,"Toronto, Ontario",2016S0503535,"Tax filers and dependants, under age 15 years",Number,223,units,0,v21188031,19.3,1015650,,,,0
2009,"Toronto, Ontario",2016S0503535,Tax filers and dependants aged 15 to 64 years,Number,223,units,0,v21188032,19.4,3760300,,,,0
2009,"Toronto, Ontario",2016S0503535,Tax filers and dependants aged 65 years and over,Number,223,units,0,v21188033,19.5,659730,,,,0
2009,"Toronto, Ontario",2016S0503535,All families,Number,223,units,0,v21188034,19.6,1542210,,,,0
2009,"Toronto, Ontario",2016S0503535,Couple families,Number,223,units,0,v21188035,19.7,1309490,,,,0
2009,"Toronto, Ontario",2016S0503535,One-parent families,Number,223,units,0,v21188036,19.8,232720,,,,0
2009,"Toronto, Ontario",2016S0503535,"Median total income, all families",Dollars,81,units,0,v21188037,19.9,66790,,,,0
2009,"Toronto, Ontario",2016S0503535,"Median total income of persons with income, all families",Dollars,81,units,0,v52318588,19.41,28760,,,,0
2009,"Toronto, Ontario",2016S0503535,"Median total income, couple families",Dollars,81,units,0,v21188039,19.11,74110,,,,0
2009,"Toronto, Ontario",2016S0503535,"Median total income of persons with income, couple families",Dollars,81,units,0,v52318589,19.42,29230,,,,0
2009,"Toronto, Ontario",2016S0503535,"Median total income, one-parent families",Dollars,81,units,0,v21188041,19.13,38250,,,,0
2009,"Toronto, Ontario",2016S0503535,"Median total income of persons with income, one-parent families",Dollars,81,units,0,v52318590,19.43,25630,,,,0
2009,"Toronto, Ontario",2016S0503535,Total persons in families,Number,223,units,0,v21188043,19.15,4635960,,,,0
2009,"Toronto, Ontario",2016S0503535,Persons in couple families,Number,223,units,0,v21188044,19.16,4045430,,,,0
2009,"Toronto, Ontario",2016S0503535,Persons in one-parent families,Number,223,units,0,v21188045,19.17,590530,,,,0
2009,"Toronto, Ontario",2016S0503535,Persons not in census families,Number,223,units,0,v21188046,19.18,799730,,,,0
2009,"Toronto, Ontario",2016S0503535,Median total income of persons not in census families with income,Dollars,81,units,0,v52318591,19.44,23580,,,,0
2009,"Toronto, Ontario",2016S0503535,Families with employment income,Number,223,units,0,v21188049,19.21,1321970,,,,0
2009,"Toronto, Ontario",2016S0503535,Median employment income of families,Dollars,81,units,0,v21188050,19.22,62790,,,,0
2009,"Toronto, Ontario",2016S0503535,Persons not in census families with employment income,Number,223,units,0,v21188051,19.23,488340,,,,0
2009,"Toronto, Ontario",2016S0503535,Median employment income of persons not in census families,Dollars,81,units,0,v21188052,19.24,27880,,,,0
2009,"Toronto, Ontario",2016S0503535,Dual-earner couple families,Number,223,units,0,v21188053,19.25,752160,,,,0
2009,"Toronto, Ontario",2016S0503535,Median employment income of dual-earner couple families,Dollars,81,units,0,v21188054,19.26,84670,,,,0
2009,"Toronto, Ontario",2016S0503535,Single-earner-male couple families,Number,223,units,0,v21188055,19.27,230840,,,,0
2009,"Toronto, Ontario",2016S0503535,Median employment income of single-earner-male couple families,Dollars,81,units,0,v21188056,19.28,30590,,,,0
2009,"Toronto, Ontario",2016S0503535,Single-earner-female couple families,Number,223,units,0,v21188057,19.29,111560,,,,0
2009,"Toronto, Ontario",2016S0503535,Median employment income of single-earner-female couple families,Dollars,81,units,0,v21188058,19.30,21590,,,,0
2009,"Toronto, Ontario",2016S0503535,Families with government transfers,Number,223,units,0,v21188059,19.31,1286740,,,,0
2009,"Toronto, Ontario",2016S0503535,Median government transfers to families,Dollars,81,units,0,v52318592,19.45,5750,,,,0
2009,"Toronto, Ontario",2016S0503535,Persons not in census families with government transfers,Number,223,units,0,v21188061,19.33,625080,,,,0
2009,"Toronto, Ontario",2016S0503535,Median government transfers to persons not in census families,Dollars,81,units,0,v52318593,19.46,6250,,,,0
2009,"Toronto, Ontario",2016S0503535,Families with labour income,Number,223,units,0,v21188063,19.35,1329340,,,,0
2009,"Toronto, Ontario",2016S0503535,Families receiving Employment Insurance benefits,Number,223,units,0,v21188064,19.36,297990,,,,0
2009,"Toronto, Ontario",2016S0503535,Median Employment Insurance benefits received by families,Dollars,81,units,0,v52318594,19.47,6100,,,,0
2009,"Toronto, Ontario",2016S0503535,Persons not in census families with labour income,Number,223,units,0,v21188066,19.38,493480,,,,0
2009,"Toronto, Ontario",2016S0503535,Persons not in census families receiving Employment Insurance benefits,Number,223,units,0,v21188067,19.39,52280,,,,0
2009,"Toronto, Ontario",2016S0503535,Median Employment Insurance benefits received by persons not in census families,Dollars,81,units,0,v52318595,19.48,5130,,,,0
2009,"Hamilton, Ontario",2016S0503537,All tax filers,Number,223,units,0,v21188069,20.1,532600,,,,0
2009,"Hamilton, Ontario",2016S0503537,"All tax filers and dependants, all age groups",Number,223,units,0,v21188070,20.2,686350,,,,0
2009,"Hamilton, Ontario",2016S0503537,"Tax filers and dependants, under age 15 years",Number,223,units,0,v21188071,20.3,122710,,,,0
2009,"Hamilton, Ontario",2016S0503537,Tax filers and dependants aged 15 to 64 years,Number,223,units,0,v21188072,20.4,456400,,,,0
2009,"Hamilton, Ontario",2016S0503537,Tax filers and dependants aged 65 years and over,Number,223,units,0,v21188073,20.5,107240,,,,0
2009,"Hamilton, Ontario",2016S0503537,All families,Number,223,units,0,v21188074,20.6,196870,,,,0
2009,"Hamilton, Ontario",2016S0503537,Couple families,Number,223,units,0,v21188075,20.7,165570,,,,0
2009,"Hamilton, Ontario",2016S0503537,One-parent families,Number,223,units,0,v21188076,20.8,31300,,,,0
2009,"Hamilton, Ontario",2016S0503537,"Median total income, all families",Dollars,81,units,0,v21188077,20.9,74660,,,,0
2009,"Hamilton, Ontario",2016S0503537,"Median total income of persons with income, all families",Dollars,81,units,0,v52318596,20.41,32250,,,,0
2009,"Hamilton, Ontario",2016S0503537,"Median total income, couple families",Dollars,81,units,0,v21188079,20.11,82660,,,,0
2009,"Hamilton, Ontario",2016S0503537,"Median total income of persons with income, couple families",Dollars,81,units,0,v52318597,20.42,33220,,,,0
2009,"Hamilton, Ontario",2016S0503537,"Median total income, one-parent families",Dollars,81,units,0,v21188081,20.13,38280,,,,0
2009,"Hamilton, Ontario",2016S0503537,"Median total income of persons with income, one-parent families",Dollars,81,units,0,v52318598,20.43,25620,,,,0
2009,"Hamilton, Ontario",2016S0503537,Total persons in families,Number,223,units,0,v21188083,20.15,579530,,,,0
2009,"Hamilton, Ontario",2016S0503537,Persons in couple families,Number,223,units,0,v21188084,20.16,499740,,,,0
2009,"Hamilton, Ontario",2016S0503537,Persons in one-parent families,Number,223,units,0,v21188085,20.17,79790,,,,0
2009,"Hamilton, Ontario",2016S0503537,Persons not in census families,Number,223,units,0,v21188086,20.18,106820,,,,0
2009,"Hamilton, Ontario",2016S0503537,Median total income of persons not in census families with income,Dollars,81,units,0,v52318599,20.44,26480,,,,0
2009,"Hamilton, Ontario",2016S0503537,Families with employment income,Number,223,units,0,v21188089,20.21,167210,,,,0
2009,"Hamilton, Ontario",2016S0503537,Median employment income of families,Dollars,81,units,0,v21188090,20.22,67920,,,,0
2009,"Hamilton, Ontario",2016S0503537,Persons not in census families with employment income,Number,223,units,0,v21188091,20.23,59630,,,,0
2009,"Hamilton, Ontario",2016S0503537,Median employment income of persons not in census families,Dollars,81,units,0,v21188092,20.24,26000,,,,0
2009,"Hamilton, Ontario",2016S0503537,Dual-earner couple families,Number,223,units,0,v21188093,20.25,98420,,,,0
2009,"Hamilton, Ontario",2016S0503537,Median employment income of dual-earner couple families,Dollars,81,units,0,v21188094,20.26,89500,,,,0
2009,"Hamilton, Ontario",2016S0503537,Single-earner-male couple families,Number,223,units,0,v21188095,20.27,28380,,,,0
2009,"Hamilton, Ontario",2016S0503537,Median employment income of single-earner-male couple families,Dollars,81,units,0,v21188096,20.28,24390,,,,0
2009,"Hamilton, Ontario",2016S0503537,Single-earner-female couple families,Number,223,units,0,v21188097,20.29,11540,,,,0
2009,"Hamilton, Ontario",2016S0503537,Median employment income of single-earner-female couple families,Dollars,81,units,0,v21188098,20.30,23600,,,,0
2009,"Hamilton, Ontario",2016S0503537,Families with government transfers,Number,223,units,0,v21188099,20.31,166470,,,,0
2009,"Hamilton, Ontario",2016S0503537,Median government transfers to families,Dollars,81,units,0,v52318600,20.45,8260,,,,0
2009,"Hamilton, Ontario",2016S0503537,Persons not in census families with government transfers,Number,223,units,0,v21188101,20.33,87810,,,,0
2009,"Hamilton, Ontario",2016S0503537,Median government transfers to persons not in census families,Dollars,81,units,0,v52318601,20.46,11490,,,,0
2009,"Hamilton, Ontario",2016S0503537,Families with labour income,Number,223,units,0,v21188103,20.35,167910,,,,0
2009,"Hamilton, Ontario",2016S0503537,Families receiving Employment Insurance benefits,Number,223,units,0,v21188104,20.36,39280,,,,0
2009,"Hamilton, Ontario",2016S0503537,Median Employment Insurance benefits received by families,Dollars,81,units,0,v52318602,20.47,5560,,,,0
2009,"Hamilton, Ontario",2016S0503537,Persons not in census families with labour income,Number,223,units,0,v21188106,20.38,60240,,,,0
2009,"Hamilton, Ontario",2016S0503537,Persons not in census families receiving Employment Insurance benefits,Number,223,units,0,v21188107,20.39,8030,,,,0
2009,"Hamilton, Ontario",2016S0503537,Median Employment Insurance benefits received by persons not in census families,Dollars,81,units,0,v52318603,20.48,4670,,,,0
2010,Canada,2021A11124,All tax filers,Number,223,units,0,v21187309,1.1,25484240,,,,0
2010,Canada,2021A11124,"All tax filers and dependants, all age groups",Number,223,units,0,v21187310,1.2,32700430,,,,0
2010,Canada,2021A11124,"Tax filers and dependants, under age 15 years",Number,223,units,0,v21187311,1.3,5692100,,,,0
2010,Canada,2021A11124,Tax filers and dependants aged 15 to 64 years,Number,223,units,0,v21187312,1.4,22279380,,,,0
2010,Canada,2021A11124,Tax filers and dependants aged 65 years and over,Number,223,units,0,v21187313,1.5,4728950,,,,0
2010,Canada,2021A11124,All families,Number,223,units,0,v21187314,1.6,9391250,,,,0
2010,Canada,2021A11124,Couple families,Number,223,units,0,v21187315,1.7,7989380,,,,0
2010,Canada,2021A11124,One-parent families,Number,223,units,0,v21187316,1.8,1401870,,,,0
2010,Canada,2021A11124,"Median total income, all families",Dollars,81,units,0,v21187317,1.9,69860,,,,0
2010,Canada,2021A11124,"Median total income of persons with income, all families",Dollars,81,units,0,v52318444,1.41,30630,,,,0
2010,Canada,2021A11124,"Median total income, couple families",Dollars,81,units,0,v21187319,1.11,76950,,,,0
2010,Canada,2021A11124,"Median total income of persons with income, couple families",Dollars,81,units,0,v52318445,1.42,31390,,,,0
2010,Canada,2021A11124,"Median total income, one-parent families",Dollars,81,units,0,v21187321,1.13,37050,,,,0
2010,Canada,2021A11124,"Median total income of persons with income, one-parent families",Dollars,81,units,0,v52318446,1.43,25310,,,,0
2010,Canada,2021A11124,Total persons in families,Number,223,units,0,v21187323,1.15,27203000,,,,0
2010,Canada,2021A11124,Persons in couple families,Number,223,units,0,v21187324,1.16,23633900,,,,0
2010,Canada,2021A11124,Persons in one-parent families,Number,223,units,0,v21187325,1.17,3569100,,,,0
2010,Canada,2021A11124,Persons not in census families,Number,223,units,0,v21187326,1.18,5497430,,,,0
2010,Canada,2021A11124,Median total income of persons not in census families with income,Dollars,81,units,0,v52318447,1.44,24680,,,,0
2010,Canada,2021A11124,Families with employment income,Number,223,units,0,v21187329,1.21,7992180,,,,0
2010,Canada,2021A11124,Median employment income of families,Dollars,81,units,0,v21187330,1.22,62390,,,,0
2010,Canada,2021A11124,Persons not in census families with employment income,Number,223,units,0,v21187331,1.23,3282160,,,,0
2010,Canada,2021A11124,Median employment income of persons not in census families,Dollars,81,units,0,v21187332,1.24,26790,,,,0
2010,Canada,2021A11124,Dual-earner couple families,Number,223,units,0,v21187333,1.25,4735300,,,,0
2010,Canada,2021A11124,Median employment income of dual-earner couple families,Dollars,81,units,0,v21187334,1.26,81960,,,,0
2010,Canada,2021A11124,Single-earner-male couple families,Number,223,units,0,v21187335,1.27,1308900,,,,0
2010,Canada,2021A11124,Median employment income of single-earner-male couple families,Dollars,81,units,0,v21187336,1.28,29800,,,,0
2010,Canada,2021A11124,Single-earner-female couple families,Number,223,units,0,v21187337,1.29,594740,,,,0
2010,Canada,2021A11124,Median employment income of single-earner-female couple families,Dollars,81,units,0,v21187338,1.30,21190,,,,0
2010,Canada,2021A11124,Families with government transfers,Number,223,units,0,v21187339,1.31,8436990,,,,0
2010,Canada,2021A11124,Median government transfers to families,Dollars,81,units,0,v52318448,1.45,7440,,,,0
2010,Canada,2021A11124,Persons not in census families with government transfers,Number,223,units,0,v21187341,1.33,4785840,,,,0
2010,Canada,2021A11124,Median government transfers to persons not in census families,Dollars,81,units,0,v52318449,1.46,7480,,,,0
2010,Canada,2021A11124,Families with labour income,Number,223,units,0,v21187343,1.35,8033800,,,,0
2010,Canada,2021A11124,Families receiving Employment Insurance benefits,Number,223,units,0,v21187344,1.36,2000650,,,,0
2010,Canada,2021A11124,Median Employment Insurance benefits received by families,Dollars,81,units,0,v52318450,1.47,6050,,,,0
2010,Canada,2021A11124,Persons not in census families with labour income,Number,223,units,0,v21187346,1.38,3315990,,,,0
2010,Canada,2021A11124,Persons not in census families receiving Employment Insurance benefits,Number,223,units,0,v21187347,1.39,475460,,,,0
2010,Canada,2021A11124,Median Employment Insurance benefits received by persons not in census families,Dollars,81,units,0,v52318451,1.48,5000,,,,0
2010,Ontario,2021A000235,All tax filers,Number,223,units,0,v21187909,16.1,9696020,,,,0
2010,Ontario,2021A000235,"All tax filers and dependants, all age groups",Number,223,units,0,v21187910,16.2,12593440,,,,0
2010,Ontario,2021A000235,"Tax filers and dependants, under age 15 years",Number,223,units,0,v21187911,16.3,2258800,,,,0
2010,Ontario,2021A000235,Tax filers and dependants aged 15 to 64 years,Number,223,units,0,v21187912,16.4,8538950,,,,0
2010,Ontario,2021A000235,Tax filers and dependants aged 65 years and over,Number,223,units,0,v21187913,16.5,1795700,,,,0
2010,Ontario,2021A000235,All families,Number,223,units,0,v21187914,16.6,3624280,,,,0
2010,Ontario,2021A000235,Couple families,Number,223,units,0,v21187915,16.7,3073980,,,,0
2010,Ontario,2021A000235,One-parent families,Number,223,units,0,v21187916,16.8,550290,,,,0
2010,Ontario,2021A000235,"Median total income, all families",Dollars,81,units,0,v21187917,16.9,71540,,,,0
2010,Ontario,2021A000235,"Median total income of persons with income, all families",Dollars,81,units,0,v52318564,16.41,30790,,,,0
2010,Ontario,2021A000235,"Median total income, couple families",Dollars,81,units,0,v21187919,16.11,79050,,,,0
2010,Ontario,2021A000235,"Median total income of persons with income, couple families",Dollars,81,units,0,v52318565,16.42,31550,,,,0
2010,Ontario,2021A000235,"Median total income, one-parent families",Dollars,81,units,0,v21187921,16.13,38300,,,,0
2010,Ontario,2021A000235,"Median total income of persons with income, one-parent families",Dollars,81,units,0,v52318566,16.43,25940,,,,0
2010,Ontario,2021A000235,Total persons in families,Number,223,units,0,v21187923,16.15,10660370,,,,0
2010,Ontario,2021A000235,Persons in couple families,Number,223,units,0,v21187924,16.16,9257100,,,,0
2010,Ontario,2021A000235,Persons in one-parent families,Number,223,units,0,v21187925,16.17,1403270,,,,0
2010,Ontario,2021A000235,Persons not in census families,Number,223,units,0,v21187926,16.18,1933070,,,,0
2010,Ontario,2021A000235,Median total income of persons not in census families with income,Dollars,81,units,0,v52318567,16.44,24940,,,,0
2010,Ontario,2021A000235,Families with employment income,Number,223,units,0,v21187929,16.21,3080530,,,,0
2010,Ontario,2021A000235,Median employment income of families,Dollars,81,units,0,v21187930,16.22,64260,,,,0
2010,Ontario,2021A000235,Persons not in census families with employment income,Number,223,units,0,v21187931,16.23,1127230,,,,0
2010,Ontario,2021A000235,Median employment income of persons not in census families,Dollars,81,units,0,v21187932,16.24,26320,,,,0
2010,Ontario,2021A000235,Dual-earner couple families,Number,223,units,0,v21187933,16.25,1778830,,,,0
2010,Ontario,2021A000235,Median employment income of dual-earner couple families,Dollars,81,units,0,v21187934,16.26,86370,,,,0
2010,Ontario,2021A000235,Single-earner-male couple families,Number,223,units,0,v21187935,16.27,534300,,,,0
2010,Ontario,2021A000235,Median employment income of single-earner-male couple families,Dollars,81,units,0,v21187936,16.28,27590,,,,0
2010,Ontario,2021A000235,Single-earner-female couple families,Number,223,units,0,v21187937,16.29,242720,,,,0
2010,Ontario,2021A000235,Median employment income of single-earner-female couple families,Dollars,81,units,0,v21187938,16.30,22230,,,,0
2010,Ontario,2021A000235,Families with government transfers,Number,223,units,0,v21187939,16.31,3562310,,,,0
2010,Ontario,2021A000235,Median government transfers to families,Dollars,81,units,0,v52318568,16.45,5810,,,,0
2010,Ontario,2021A000235,Persons not in census families with government transfers,Number,223,units,0,v21187941,16.33,1849010,,,,0
2010,Ontario,2021A000235,Median government transfers to persons not in census families,Dollars,81,units,0,v52318569,16.46,5470,,,,0
2010,Ontario,2021A000235,Families with labour income,Number,223,units,0,v21187943,16.35,3097430,,,,0
2010,Ontario,2021A000235,Families receiving Employment Insurance benefits,Number,223,units,0,v21187944,16.36,686870,,,,0
2010,Ontario,2021A000235,Median Employment Insurance benefits received by families,Dollars,81,units,0,v52318570,16.47,5640,,,,0
2010,Ontario,2021A000235,Persons not in census families with labour income,Number,223,units,0,v21187946,16.38,1140680,,,,0
2010,Ontario,2021A000235,Persons not in census families receiving Employment Insurance benefits,Number,223,units,0,v21187947,16.39,136230,,,,0
2010,Ontario,2021A000235,Median Employment Insurance benefits received by persons not in census families,Dollars,81,units,0,v52318571,16.48,4800,,,,0
2010,"Oshawa, Ontario",2016S0503532,All tax filers,Number,223,units,0,v21187989,18.1,257330,,,,0
2010,"Oshawa, Ontario",2016S0503532,"All tax filers and dependants, all age groups",Number,223,units,0,v21187990,18.2,342810,,,,0
2010,"Oshawa, Ontario",2016S0503532,"Tax filers and dependants, under age 15 years",Number,223,units,0,v21187991,18.3,67380,,,,0
2010,"Oshawa, Ontario",2016S0503532,Tax filers and dependants aged 15 to 64 years,Number,223,units,0,v21187992,18.4,232800,,,,0
2010,"Oshawa, Ontario",2016S0503532,Tax filers and dependants aged 65 years and over,Number,223,units,0,v21187993,18.5,42630,,,,0
2010,"Oshawa, Ontario",2016S0503532,All families,Number,223,units,0,v21187994,18.6,99500,,,,0
2010,"Oshawa, Ontario",2016S0503532,Couple families,Number,223,units,0,v21187995,18.7,82970,,,,0
2010,"Oshawa, Ontario",2016S0503532,One-parent families,Number,223,units,0,v21187996,18.8,16530,,,,0
2010,"Oshawa, Ontario",2016S0503532,"Median total income, all families",Dollars,81,units,0,v21187997,18.9,82270,,,,0
2010,"Oshawa, Ontario",2016S0503532,"Median total income of persons with income, all families",Dollars,81,units,0,v52318580,18.41,36060,,,,0
2010,"Oshawa, Ontario",2016S0503532,"Median total income, couple families",Dollars,81,units,0,v21187999,18.11,91320,,,,0
2010,"Oshawa, Ontario",2016S0503532,"Median total income of persons with income, couple families",Dollars,81,units,0,v52318581,18.42,37240,,,,0
2010,"Oshawa, Ontario",2016S0503532,"Median total income, one-parent families",Dollars,81,units,0,v21188001,18.13,41300,,,,0
2010,"Oshawa, Ontario",2016S0503532,"Median total income of persons with income, one-parent families",Dollars,81,units,0,v52318582,18.43,28010,,,,0
2010,"Oshawa, Ontario",2016S0503532,Total persons in families,Number,223,units,0,v21188003,18.15,297520,,,,0
2010,"Oshawa, Ontario",2016S0503532,Persons in couple families,Number,223,units,0,v21188004,18.16,255050,,,,0
2010,"Oshawa, Ontario",2016S0503532,Persons in one-parent families,Number,223,units,0,v21188005,18.17,42470,,,,0
2010,"Oshawa, Ontario",2016S0503532,Persons not in census families,Number,223,units,0,v21188006,18.18,45280,,,,0
2010,"Oshawa, Ontario",2016S0503532,Median total income of persons not in census families with income,Dollars,81,units,0,v52318583,18.44,28290,,,,0
2010,"Oshawa, Ontario",2016S0503532,Families with employment income,Number,223,units,0,v21188009,18.21,88050,,,,0
2010,"Oshawa, Ontario",2016S0503532,Median employment income of families,Dollars,81,units,0,v21188010,18.22,74050,,,,0
2010,"Oshawa, Ontario",2016S0503532,Persons not in census families with employment income,Number,223,units,0,v21188011,18.23,27790,,,,0
2010,"Oshawa, Ontario",2016S0503532,Median employment income of persons not in census families,Dollars,81,units,0,v21188012,18.24,26850,,,,0
2010,"Oshawa, Ontario",2016S0503532,Dual-earner couple families,Number,223,units,0,v21188013,18.25,53050,,,,0
2010,"Oshawa, Ontario",2016S0503532,Median employment income of dual-earner couple families,Dollars,81,units,0,v21188014,18.26,95050,,,,0
2010,"Oshawa, Ontario",2016S0503532,Single-earner-male couple families,Number,223,units,0,v21188015,18.27,14620,,,,0
2010,"Oshawa, Ontario",2016S0503532,Median employment income of single-earner-male couple families,Dollars,81,units,0,v21188016,18.28,31950,,,,0
2010,"Oshawa, Ontario",2016S0503532,Single-earner-female couple families,Number,223,units,0,v21188017,18.29,5350,,,,0
2010,"Oshawa, Ontario",2016S0503532,Median employment income of single-earner-female couple families,Dollars,81,units,0,v21188018,18.30,24830,,,,0
2010,"Oshawa, Ontario",2016S0503532,Families with government transfers,Number,223,units,0,v21188019,18.31,98080,,,,0
2010,"Oshawa, Ontario",2016S0503532,Median government transfers to families,Dollars,81,units,0,v52318584,18.45,5150,,,,0
2010,"Oshawa, Ontario",2016S0503532,Persons not in census families with government transfers,Number,223,units,0,v21188021,18.33,43270,,,,0
2010,"Oshawa, Ontario",2016S0503532,Median government transfers to persons not in census families,Dollars,81,units,0,v52318585,18.46,6280,,,,0
2010,"Oshawa, Ontario",2016S0503532,Families with labour income,Number,223,units,0,v21188023,18.35,88450,,,,0
2010,"Oshawa, Ontario",2016S0503532,Families receiving Employment Insurance benefits,Number,223,units,0,v21188024,18.36,20070,,,,0
2010,"Oshawa, Ontario",2016S0503532,Median Employment Insurance benefits received by families,Dollars,81,units,0,v52318586,18.47,6110,,,,0
2010,"Oshawa, Ontario",2016S0503532,Persons not in census families with labour income,Number,223,units,0,v21188026,18.38,28110,,,,0
2010,"Oshawa, Ontario",2016S0503532,Persons not in census families receiving Employment Insurance benefits,Number,223,units,0,v21188027,18.39,3620,,,,0
2010,"Oshawa, Ontario",2016S0503532,Median Employment Insurance benefits received by persons not in census families,Dollars,81,units,0,v52318587,18.48,5010,,,,0
2010,"Toronto, Ontario",2016S0503535,All tax filers,Number,223,units,0,v21188029,19.1,4187280,,,,0
2010,"Toronto, Ontario",2016S0503535,"All tax filers and dependants, all age groups",Number,223,units,0,v21188030,19.2,5506330,,,,0
2010,"Toronto, Ontario",2016S0503535,"Tax filers and dependants, under age 15 years",Number,223,units,0,v21188031,19.3,1019820,,,,0
2010,"Toronto, Ontario",2016S0503535,Tax filers and dependants aged 15 to 64 years,Number,223,units,0,v21188032,19.4,3807660,,,,0
2010,"Toronto, Ontario",2016S0503535,Tax filers and dependants aged 65 years and over,Number,223,units,0,v21188033,19.5,678860,,,,0
2010,"Toronto, Ontario",2016S0503535,All families,Number,223,units,0,v21188034,19.6,1560890,,,,0
2010,"Toronto, Ontario",2016S0503535,Couple families,Number,223,units,0,v21188035,19.7,1325490,,,,0
2010,"Toronto, Ontario",2016S0503535,One-parent families,Number,223,units,0,v21188036,19.8,235400,,,,0
2010,"Toronto, Ontario",2016S0503535,"Median total income, all families",Dollars,81,units,0,v21188037,19.9,68110,,,,0
2010,"Toronto, Ontario",2016S0503535,"Median total income of persons with income, all families",Dollars,81,units,0,v52318588,19.41,28730,,,,0
2010,"Toronto, Ontario",2016S0503535,"Median total income, couple families",Dollars,81,units,0,v21188039,19.11,75580,,,,0
2010,"Toronto, Ontario",2016S0503535,"Median total income of persons with income, couple families",Dollars,81,units,0,v52318589,19.42,29170,,,,0
2010,"Toronto, Ontario",2016S0503535,"Median total income, one-parent families",Dollars,81,units,0,v21188041,19.13,39340,,,,0
2010,"Toronto, Ontario",2016S0503535,"Median total income of persons with income, one-parent families",Dollars,81,units,0,v52318590,19.43,26100,,,,0
2010,"Toronto, Ontario",2016S0503535,Total persons in families,Number,223,units,0,v21188043,19.15,4688470,,,,0
2010,"Toronto, Ontario",2016S0503535,Persons in couple families,Number,223,units,0,v21188044,19.16,4090640,,,,0
2010,"Toronto, Ontario",2016S0503535,Persons in one-parent families,Number,223,units,0,v21188045,19.17,597840,,,,0
2010,"Toronto, Ontario",2016S0503535,Persons not in census families,Number,223,units,0,v21188046,19.18,817860,,,,0
2010,"Toronto, Ontario",2016S0503535,Median total income of persons not in census families with income,Dollars,81,units,0,v52318591,19.44,23230,,,,0
2010,"Toronto, Ontario",2016S0503535,Families with employment income,Number,223,units,0,v21188049,19.21,1335080,,,,0
2010,"Toronto, Ontario",2016S0503535,Median employment income of families,Dollars,81,units,0,v21188050,19.22,63960,,,,0
2010,"Toronto, Ontario",2016S0503535,Persons not in census families with employment income,Number,223,units,0,v21188051,19.23,497730,,,,0
2010,"Toronto, Ontario",2016S0503535,Median employment income of persons not in census families,Dollars,81,units,0,v21188052,19.24,27890,,,,0
2010,"Toronto, Ontario",2016S0503535,Dual-earner couple families,Number,223,units,0,v21188053,19.25,754050,,,,0
2010,"Toronto, Ontario",2016S0503535,Median employment income of dual-earner couple families,Dollars,81,units,0,v21188054,19.26,86740,,,,0
2010,"Toronto, Ontario",2016S0503535,Single-earner-male couple families,Number,223,units,0,v21188055,19.27,237790,,,,0
2010,"Toronto, Ontario",2016S0503535,Median employment income of single-earner-male couple families,Dollars,81,units,0,v21188056,19.28,31140,,,,0
2010,"Toronto, Ontario",2016S0503535,Single-earner-female couple families,Number,223,units,0,v21188057,19.29,116060,,,,0
2010,"Toronto, Ontario",2016S0503535,Median employment income of single-earner-female couple families,Dollars,81,units,0,v21188058,19.30,22420,,,,0
2010,"Toronto, Ontario",2016S0503535,Families with government transfers,Number,223,units,0,v21188059,19.31,1527880,,,,0
2010,"Toronto, Ontario",2016S0503535,Median government transfers to families,Dollars,81,units,0,v52318592,19.45,4530,,,,0
2010,"Toronto, Ontario",2016S0503535,Persons not in census families with government transfers,Number,223,units,0,v21188061,19.33,773170,,,,0
2010,"Toronto, Ontario",2016S0503535,Median government transfers to persons not in census families,Dollars,81,units,0,v52318593,19.46,1660,,,,0
2010,"Toronto, Ontario",2016S0503535,Families with labour income,Number,223,units,0,v21188063,19.35,1343320,,,,0
2010,"Toronto, Ontario",2016S0503535,Families receiving Employment Insurance benefits,Number,223,units,0,v21188064,19.36,278330,,,,0
2010,"Toronto, Ontario",2016S0503535,Median Employment Insurance benefits received by families,Dollars,81,units,0,v52318594,19.47,5940,,,,0
2010,"Toronto, Ontario",2016S0503535,Persons not in census families with labour income,Number,223,units,0,v21188066,19.38,504070,,,,0
2010,"Toronto, Ontario",2016S0503535,Persons not in census families receiving Employment Insurance benefits,Number,223,units,0,v21188067,19.39,49780,,,,0
2010,"Toronto, Ontario",2016S0503535,Median Employment Insurance benefits received by persons not in census families,Dollars,81,units,0,v52318595,19.48,4960,,,,0
2010,"Hamilton, Ontario",2016S0503537,All tax filers,Number,223,units,0,v21188069,20.1,536040,,,,0
2010,"Hamilton, Ontario",2016S0503537,"All tax filers and dependants, all age groups",Number,223,units,0,v21188070,20.2,690730,,,,0
2010,"Hamilton, Ontario",2016S0503537,"Tax filers and dependants, under age 15 years",Number,223,units,0,v21188071,20.3,122520,,,,0
2010,"Hamilton, Ontario",2016S0503537,Tax filers and dependants aged 15 to 64 years,Number,223,units,0,v21188072,20.4,458900,,,,0
2010,"Hamilton, Ontario",2016S0503537,Tax filers and dependants aged 65 years and over,Number,223,units,0,v21188073,20.5,109320,,,,0
2010,"Hamilton, Ontario",2016S0503537,All families,Number,223,units,0,v21188074,20.6,198020,,,,0
2010,"Hamilton, Ontario",2016S0503537,Couple families,Number,223,units,0,v21188075,20.7,166280,,,,0
2010,"Hamilton, Ontario",2016S0503537,One-parent families,Number,223,units,0,v21188076,20.8,31750,,,,0
2010,"Hamilton, Ontario",2016S0503537,"Median total income, all families",Dollars,81,units,0,v21188077,20.9,76730,,,,0
2010,"Hamilton, Ontario",2016S0503537,"Median total income of persons with income, all families",Dollars,81,units,0,v52318596,20.41,32780,,,,0
2010,"Hamilton, Ontario",2016S0503537,"Median total income, couple families",Dollars,81,units,0,v21188079,20.11,84930,,,,0
2010,"Hamilton, Ontario",2016S0503537,"Median total income of persons with income, couple families",Dollars,81,units,0,v52318597,20.42,33800,,,,0
2010,"Hamilton, Ontario",2016S0503537,"Median total income, one-parent families",Dollars,81,units,0,v21188081,20.13,39900,,,,0
2010,"Hamilton, Ontario",2016S0503537,"Median total income of persons with income, one-parent families",Dollars,81,units,0,v52318598,20.43,26530,,,,0
2010,"Hamilton, Ontario",2016S0503537,Total persons in families,Number,223,units,0,v21188083,20.15,582000,,,,0
2010,"Hamilton, Ontario",2016S0503537,Persons in couple families,Number,223,units,0,v21188084,20.16,501160,,,,0
2010,"Hamilton, Ontario",2016S0503537,Persons in one-parent families,Number,223,units,0,v21188085,20.17,80840,,,,0
2010,"Hamilton, Ontario",2016S0503537,Persons not in census families,Number,223,units,0,v21188086,20.18,108730,,,,0
2010,"Hamilton, Ontario",2016S0503537,Median total income of persons not in census families with income,Dollars,81,units,0,v52318599,20.44,26230,,,,0
2010,"Hamilton, Ontario",2016S0503537,Families with employment income,Number,223,units,0,v21188089,20.21,167840,,,,0
2010,"Hamilton, Ontario",2016S0503537,Median employment income of families,Dollars,81,units,0,v21188090,20.22,69620,,,,0
2010,"Hamilton, Ontario",2016S0503537,Persons not in census families with employment income,Number,223,units,0,v21188091,20.23,60420,,,,0
2010,"Hamilton, Ontario",2016S0503537,Median employment income of persons not in census families,Dollars,81,units,0,v21188092,20.24,26840,,,,0
2010,"Hamilton, Ontario",2016S0503537,Dual-earner couple families,Number,223,units,0,v21188093,20.25,97950,,,,0
2010,"Hamilton, Ontario",2016S0503537,Median employment income of dual-earner couple families,Dollars,81,units,0,v21188094,20.26,92070,,,,0
2010,"Hamilton, Ontario",2016S0503537,Single-earner-male couple families,Number,223,units,0,v21188095,20.27,28970,,,,0
2010,"Hamilton, Ontario",2016S0503537,Median employment income of single-earner-male couple families,Dollars,81,units,0,v21188096,20.28,25310,,,,0
2010,"Hamilton, Ontario",2016S0503537,Single-earner-female couple families,Number,223,units,0,v21188097,20.29,12080,,,,0
2010,"Hamilton, Ontario",2016S0503537,Median employment income of single-earner-female couple families,Dollars,81,units,0,v21188098,20.30,24370,,,,0
2010,"Hamilton, Ontario",2016S0503537,Families with government transfers,Number,223,units,0,v21188099,20.31,194990,,,,0
2010,"Hamilton, Ontario",2016S0503537,Median government transfers to families,Dollars,81,units,0,v52318600,20.45,6370,,,,0
2010,"Hamilton, Ontario",2016S0503537,Persons not in census families with government transfers,Number,223,units,0,v21188101,20.33,104780,,,,0
2010,"Hamilton, Ontario",2016S0503537,Median government transfers to persons not in census families,Dollars,81,units,0,v52318601,20.46,7620,,,,0
2010,"Hamilton, Ontario",2016S0503537,Families with labour income,Number,223,units,0,v21188103,20.35,168640,,,,0
2010,"Hamilton, Ontario",2016S0503537,Families receiving Employment Insurance benefits,Number,223,units,0,v21188104,20.36,35290,,,,0
2010,"Hamilton, Ontario",2016S0503537,Median Employment Insurance benefits received by families,Dollars,81,units,0,v52318602,20.47,5330,,,,0
2010,"Hamilton, Ontario",2016S0503537,Persons not in census families with labour income,Number,223,units,0,v21188106,20.38,61130,,,,0
2010,"Hamilton, Ontario",2016S0503537,Persons not in census families receiving Employment Insurance benefits,Number,223,units,0,v21188107,20.39,7120,,,,0
2010,"Hamilton, Ontario",2016S0503537,Median Employment Insurance benefits received by persons not in census families,Dollars,81,units,0,v52318603,20.48,4530,,,,0
2011,Canada,2021A11124,All tax filers,Number,223,units,0,v21187309,1.1,25869670,,,,0
2011,Canada,2021A11124,"All tax filers and dependants, all age groups",Number,223,units,0,v21187310,1.2,33087940,,,,0
2011,Canada,2021A11124,"Tax filers and dependants, under age 15 years",Number,223,units,0,v21187311,1.3,5717770,,,,0
2011,Canada,2021A11124,Tax filers and dependants aged 15 to 64 years,Number,223,units,0,v21187312,1.4,22458310,,,,0
2011,Canada,2021A11124,Tax filers and dependants aged 65 years and over,Number,223,units,0,v21187313,1.5,4911860,,,,0
2011,Canada,2021A11124,All families,Number,223,units,0,v21187314,1.6,9495900,,,,0
2011,Canada,2021A11124,Couple families,Number,223,units,0,v21187315,1.7,8091960,,,,0
2011,Canada,2021A11124,One-parent families,Number,223,units,0,v21187316,1.8,1403940,,,,0
2011,Canada,2021A11124,"Median total income, all families",Dollars,81,units,0,v21187317,1.9,72240,,,,0
2011,Canada,2021A11124,"Median total income of persons with income, all families",Dollars,81,units,0,v52318444,1.41,31580,,,,0
2011,Canada,2021A11124,"Median total income, couple families",Dollars,81,units,0,v21187319,1.11,79530,,,,0
2011,Canada,2021A11124,"Median total income of persons with income, couple families",Dollars,81,units,0,v52318445,1.42,32400,,,,0
2011,Canada,2021A11124,"Median total income, one-parent families",Dollars,81,units,0,v21187321,1.13,37900,,,,0
2011,Canada,2021A11124,"Median total income of persons with income, one-parent families",Dollars,81,units,0,v52318446,1.43,25770,,,,0
2011,Canada,2021A11124,Total persons in families,Number,223,units,0,v21187323,1.15,27463020,,,,0
2011,Canada,2021A11124,Persons in couple families,Number,223,units,0,v21187324,1.16,23889320,,,,0
2011,Canada,2021A11124,Persons in one-parent families,Number,223,units,0,v21187325,1.17,3573700,,,,0
2011,Canada,2021A11124,Persons not in census families,Number,223,units,0,v21187326,1.18,5624920,,,,0
2011,Canada,2021A11124,Median total income of persons not in census families with income,Dollars,81,units,0,v52318447,1.44,25660,,,,0
2011,Canada,2021A11124,Families with employment income,Number,223,units,0,v21187329,1.21,8109730,,,,0
2011,Canada,2021A11124,Median employment income of families,Dollars,81,units,0,v21187330,1.22,64730,,,,0
2011,Canada,2021A11124,Persons not in census families with employment income,Number,223,units,0,v21187331,1.23,3397050,,,,0
2011,Canada,2021A11124,Median employment income of persons not in census families,Dollars,81,units,0,v21187332,1.24,27710,,,,0
2011,Canada,2021A11124,Dual-earner couple families,Number,223,units,0,v21187333,1.25,4828610,,,,0
2011,Canada,2021A11124,Median employment income of dual-earner couple families,Dollars,81,units,0,v21187334,1.26,84710,,,,0
2011,Canada,2021A11124,Single-earner-male couple families,Number,223,units,0,v21187335,1.27,1318840,,,,0
2011,Canada,2021A11124,Median employment income of single-earner-male couple families,Dollars,81,units,0,v21187336,1.28,30380,,,,0
2011,Canada,2021A11124,Single-earner-female couple families,Number,223,units,0,v21187337,1.29,604220,,,,0
2011,Canada,2021A11124,Median employment income of single-earner-female couple families,Dollars,81,units,0,v21187338,1.30,21350,,,,0
2011,Canada,2021A11124,Families with government transfers,Number,223,units,0,v21187339,1.31,8446190,,,,0
2011,Canada,2021A11124,Median government transfers to families,Dollars,81,units,0,v52318448,1.45,7410,,,,0
2011,Canada,2021A11124,Persons not in census families with government transfers,Number,223,units,0,v21187341,1.33,4839910,,,,0
2011,Canada,2021A11124,Median government transfers to persons not in census families,Dollars,81,units,0,v52318449,1.46,7680,,,,0
2011,Canada,2021A11124,Families with labour income,Number,223,units,0,v21187343,1.35,8144130,,,,0
2011,Canada,2021A11124,Families receiving Employment Insurance benefits,Number,223,units,0,v21187344,1.36,1851330,,,,0
2011,Canada,2021A11124,Median Employment Insurance benefits received by families,Dollars,81,units,0,v52318450,1.47,6010,,,,0
2011,Canada,2021A11124,Persons not in census families with labour income,Number,223,units,0,v21187346,1.38,3423750,,,,0
2011,Canada,2021A11124,Persons not in census families receiving Employment Insurance benefits,Number,223,units,0,v21187347,1.39,437090,,,,0
2011,Canada,2021A11124,Median Employment Insurance benefits received by persons not in census families,Dollars,81,units,0,v52318451,1.48,4930,,,,0
2011,Ontario,2021A000235,All tax filers,Number,223,units,0,v21187909,16.1,9817430,,,,0
2011,Ontario,2021A000235,"All tax filers and dependants, all age groups",Number,223,units,0,v21187910,16.2,12707860,,,,0
2011,Ontario,2021A000235,"Tax filers and dependants, under age 15 years",Number,223,units,0,v21187911,16.3,2254710,,,,0
2011,Ontario,2021A000235,Tax filers and dependants aged 15 to 64 years,Number,223,units,0,v21187912,16.4,8587410,,,,0
2011,Ontario,2021A000235,Tax filers and dependants aged 65 years and over,Number,223,units,0,v21187913,16.5,1865750,,,,0
2011,Ontario,2021A000235,All families,Number,223,units,0,v21187914,16.6,3656820,,,,0
2011,Ontario,2021A000235,Couple families,Number,223,units,0,v21187915,16.7,3104350,,,,0
2011,Ontario,2021A000235,One-parent families,Number,223,units,0,v21187916,16.8,552480,,,,0
2011,Ontario,2021A000235,"Median total income, all families",Dollars,81,units,0,v21187917,16.9,73290,,,,0
2011,Ontario,2021A000235,"Median total income of persons with income, all families",Dollars,81,units,0,v52318564,16.41,31450,,,,0
2011,Ontario,2021A000235,"Median total income, couple families",Dollars,81,units,0,v21187919,16.11,80990,,,,0
2011,Ontario,2021A000235,"Median total income of persons with income, couple families",Dollars,81,units,0,v52318565,16.42,32290,,,,0
2011,Ontario,2021A000235,"Median total income, one-parent families",Dollars,81,units,0,v21187921,16.13,38440,,,,0
2011,Ontario,2021A000235,"Median total income of persons with income, one-parent families",Dollars,81,units,0,v52318566,16.43,26140,,,,0
2011,Ontario,2021A000235,Total persons in families,Number,223,units,0,v21187923,16.15,10738060,,,,0
2011,Ontario,2021A000235,Persons in couple families,Number,223,units,0,v21187924,16.16,9329300,,,,0
2011,Ontario,2021A000235,Persons in one-parent families,Number,223,units,0,v21187925,16.17,1408760,,,,0
2011,Ontario,2021A000235,Persons not in census families,Number,223,units,0,v21187926,16.18,1969800,,,,0
2011,Ontario,2021A000235,Median total income of persons not in census families with income,Dollars,81,units,0,v52318567,16.44,26250,,,,0
2011,Ontario,2021A000235,Families with employment income,Number,223,units,0,v21187929,16.21,3113690,,,,0
2011,Ontario,2021A000235,Median employment income of families,Dollars,81,units,0,v21187930,16.22,66320,,,,0
2011,Ontario,2021A000235,Persons not in census families with employment income,Number,223,units,0,v21187931,16.23,1162710,,,,0
2011,Ontario,2021A000235,Median employment income of persons not in census families,Dollars,81,units,0,v21187932,16.24,27300,,,,0
2011,Ontario,2021A000235,Dual-earner couple families,Number,223,units,0,v21187933,16.25,1803940,,,,0
2011,Ontario,2021A000235,Median employment income of dual-earner couple families,Dollars,81,units,0,v21187934,16.26,88900,,,,0
2011,Ontario,2021A000235,Single-earner-male couple families,Number,223,units,0,v21187935,16.27,538300,,,,0
2011,Ontario,2021A000235,Median employment income of single-earner-male couple families,Dollars,81,units,0,v21187936,16.28,28320,,,,0
2011,Ontario,2021A000235,Single-earner-female couple families,Number,223,units,0,v21187937,16.29,243030,,,,0
2011,Ontario,2021A000235,Median employment income of single-earner-female couple families,Dollars,81,units,0,v21187938,16.30,22660,,,,0
2011,Ontario,2021A000235,Families with government transfers,Number,223,units,0,v21187939,16.31,3547300,,,,0
2011,Ontario,2021A000235,Median government transfers to families,Dollars,81,units,0,v52318568,16.45,5620,,,,0
2011,Ontario,2021A000235,Persons not in census families with government transfers,Number,223,units,0,v21187941,16.33,1873180,,,,0
2011,Ontario,2021A000235,Median government transfers to persons not in census families,Dollars,81,units,0,v52318569,16.46,5620,,,,0
2011,Ontario,2021A000235,Families with labour income,Number,223,units,0,v21187943,16.35,3127380,,,,0
2011,Ontario,2021A000235,Families receiving Employment Insurance benefits,Number,223,units,0,v21187944,16.36,617200,,,,0
2011,Ontario,2021A000235,Median Employment Insurance benefits received by families,Dollars,81,units,0,v52318570,16.47,5560,,,,0
2011,Ontario,2021A000235,Persons not in census families with labour income,Number,223,units,0,v21187946,16.38,1172870,,,,0
2011,Ontario,2021A000235,Persons not in census families receiving Employment Insurance benefits,Number,223,units,0,v21187947,16.39,121770,,,,0
2011,Ontario,2021A000235,Median Employment Insurance benefits received by persons not in census families,Dollars,81,units,0,v52318571,16.48,4680,,,,0
2011,"Oshawa, Ontario",2016S0503532,All tax filers,Number,223,units,0,v21187989,18.1,262530,,,,0
2011,"Oshawa, Ontario",2016S0503532,"All tax filers and dependants, all age groups",Number,223,units,0,v21187990,18.2,348170,,,,0
2011,"Oshawa, Ontario",2016S0503532,"Tax filers and dependants, under age 15 years",Number,223,units,0,v21187991,18.3,67790,,,,0
2011,"Oshawa, Ontario",2016S0503532,Tax filers and dependants aged 15 to 64 years,Number,223,units,0,v21187992,18.4,235340,,,,0
2011,"Oshawa, Ontario",2016S0503532,Tax filers and dependants aged 65 years and over,Number,223,units,0,v21187993,18.5,45040,,,,0
2011,"Oshawa, Ontario",2016S0503532,All families,Number,223,units,0,v21187994,18.6,101140,,,,0
2011,"Oshawa, Ontario",2016S0503532,Couple families,Number,223,units,0,v21187995,18.7,84220,,,,0
2011,"Oshawa, Ontario",2016S0503532,One-parent families,Number,223,units,0,v21187996,18.8,16920,,,,0
2011,"Oshawa, Ontario",2016S0503532,"Median total income, all families",Dollars,81,units,0,v21187997,18.9,84070,,,,0
2011,"Oshawa, Ontario",2016S0503532,"Median total income of persons with income, all families",Dollars,81,units,0,v52318580,18.41,36830,,,,0
2011,"Oshawa, Ontario",2016S0503532,"Median total income, couple families",Dollars,81,units,0,v21187999,18.11,93360,,,,0
2011,"Oshawa, Ontario",2016S0503532,"Median total income of persons with income, couple families",Dollars,81,units,0,v52318581,18.42,38100,,,,0
2011,"Oshawa, Ontario",2016S0503532,"Median total income, one-parent families",Dollars,81,units,0,v21188001,18.13,41980,,,,0
2011,"Oshawa, Ontario",2016S0503532,"Median total income of persons with income, one-parent families",Dollars,81,units,0,v52318582,18.43,28410,,,,0
2011,"Oshawa, Ontario",2016S0503532,Total persons in families,Number,223,units,0,v21188003,18.15,301750,,,,0
2011,"Oshawa, Ontario",2016S0503532,Persons in couple families,Number,223,units,0,v21188004,18.16,258280,,,,0
2011,"Oshawa, Ontario",2016S0503532,Persons in one-parent families,Number,223,units,0,v21188005,18.17,43470,,,,0
2011,"Oshawa, Ontario",2016S0503532,Persons not in census families,Number,223,units,0,v21188006,18.18,46430,,,,0
2011,"Oshawa, Ontario",2016S0503532,Median total income of persons not in census families with income,Dollars,81,units,0,v52318583,18.44,29690,,,,0
2011,"Oshawa, Ontario",2016S0503532,Families with employment income,Number,223,units,0,v21188009,18.21,89530,,,,0
2011,"Oshawa, Ontario",2016S0503532,Median employment income of families,Dollars,81,units,0,v21188010,18.22,76860,,,,0
2011,"Oshawa, Ontario",2016S0503532,Persons not in census families with employment income,Number,223,units,0,v21188011,18.23,28670,,,,0
2011,"Oshawa, Ontario",2016S0503532,Median employment income of persons not in census families,Dollars,81,units,0,v21188012,18.24,28230,,,,0
2011,"Oshawa, Ontario",2016S0503532,Dual-earner couple families,Number,223,units,0,v21188013,18.25,53940,,,,0
2011,"Oshawa, Ontario",2016S0503532,Median employment income of dual-earner couple families,Dollars,81,units,0,v21188014,18.26,98260,,,,0
2011,"Oshawa, Ontario",2016S0503532,Single-earner-male couple families,Number,223,units,0,v21188015,18.27,14730,,,,0
2011,"Oshawa, Ontario",2016S0503532,Median employment income of single-earner-male couple families,Dollars,81,units,0,v21188016,18.28,31970,,,,0
2011,"Oshawa, Ontario",2016S0503532,Single-earner-female couple families,Number,223,units,0,v21188017,18.29,5480,,,,0
2011,"Oshawa, Ontario",2016S0503532,Median employment income of single-earner-female couple families,Dollars,81,units,0,v21188018,18.30,25610,,,,0
2011,"Oshawa, Ontario",2016S0503532,Families with government transfers,Number,223,units,0,v21188019,18.31,98260,,,,0
2011,"Oshawa, Ontario",2016S0503532,Median government transfers to families,Dollars,81,units,0,v52318584,18.45,4880,,,,0
2011,"Oshawa, Ontario",2016S0503532,Persons not in census families with government transfers,Number,223,units,0,v21188021,18.33,44000,,,,0
2011,"Oshawa, Ontario",2016S0503532,Median government transfers to persons not in census families,Dollars,81,units,0,v52318585,18.46,6380,,,,0
2011,"Oshawa, Ontario",2016S0503532,Families with labour income,Number,223,units,0,v21188023,18.35,89860,,,,0
2011,"Oshawa, Ontario",2016S0503532,Families receiving Employment Insurance benefits,Number,223,units,0,v21188024,18.36,18180,,,,0
2011,"Oshawa, Ontario",2016S0503532,Median Employment Insurance benefits received by families,Dollars,81,units,0,v52318586,18.47,5940,,,,0
2011,"Oshawa, Ontario",2016S0503532,Persons not in census families with labour income,Number,223,units,0,v21188026,18.38,28910,,,,0
2011,"Oshawa, Ontario",2016S0503532,Persons not in census families receiving Employment Insurance benefits,Number,223,units,0,v21188027,18.39,3070,,,,0
2011,"Oshawa, Ontario",2016S0503532,Median Employment Insurance benefits received by persons not in census families,Dollars,81,units,0,v52318587,18.48,5270,,,,0
2011,"Toronto, Ontario",2016S0503535,All tax filers,Number,223,units,0,v21188029,19.1,4262210,,,,0
2011,"Toronto, Ontario",2016S0503535,"All tax filers and dependants, all age groups",Number,223,units,0,v21188030,19.2,5584560,,,,0
2011,"Toronto, Ontario",2016S0503535,"Tax filers and dependants, under age 15 years",Number,223,units,0,v21188031,19.3,1020950,,,,0
2011,"Toronto, Ontario",2016S0503535,Tax filers and dependants aged 15 to 64 years,Number,223,units,0,v21188032,19.4,3855990,,,,0
2011,"Toronto, Ontario",2016S0503535,Tax filers and dependants aged 65 years and over,Number,223,units,0,v21188033,19.5,707620,,,,0
2011,"Toronto, Ontario",2016S0503535,All families,Number,223,units,0,v21188034,19.6,1581920,,,,0
2011,"Toronto, Ontario",2016S0503535,Couple families,Number,223,units,0,v21188035,19.7,1345230,,,,0
2011,"Toronto, Ontario",2016S0503535,One-parent families,Number,223,units,0,v21188036,19.8,236680,,,,0
2011,"Toronto, Ontario",2016S0503535,"Median total income, all families",Dollars,81,units,0,v21188037,19.9,69740,,,,0
2011,"Toronto, Ontario",2016S0503535,"Median total income of persons with income, all families",Dollars,81,units,0,v52318588,19.41,29310,,,,0
2011,"Toronto, Ontario",2016S0503535,"Median total income, couple families",Dollars,81,units,0,v21188039,19.11,77350,,,,0
2011,"Toronto, Ontario",2016S0503535,"Median total income of persons with income, couple families",Dollars,81,units,0,v52318589,19.42,29790,,,,0
2011,"Toronto, Ontario",2016S0503535,"Median total income, one-parent families",Dollars,81,units,0,v21188041,19.13,39590,,,,0
2011,"Toronto, Ontario",2016S0503535,"Median total income of persons with income, one-parent families",Dollars,81,units,0,v52318590,19.43,26400,,,,0
2011,"Toronto, Ontario",2016S0503535,Total persons in families,Number,223,units,0,v21188043,19.15,4747600,,,,0
2011,"Toronto, Ontario",2016S0503535,Persons in couple families,Number,223,units,0,v21188044,19.16,4146600,,,,0
2011,"Toronto, Ontario",2016S0503535,Persons in one-parent families,Number,223,units,0,v21188045,19.17,601000,,,,0
2011,"Toronto, Ontario",2016S0503535,Persons not in census families,Number,223,units,0,v21188046,19.18,836970,,,,0
2011,"Toronto, Ontario",2016S0503535,Median total income of persons not in census families with income,Dollars,81,units,0,v52318591,19.44,24510,,,,0
2011,"Toronto, Ontario",2016S0503535,Families with employment income,Number,223,units,0,v21188049,19.21,1355700,,,,0
2011,"Toronto, Ontario",2016S0503535,Median employment income of families,Dollars,81,units,0,v21188050,19.22,65900,,,,0
2011,"Toronto, Ontario",2016S0503535,Persons not in census families with employment income,Number,223,units,0,v21188051,19.23,515380,,,,0
2011,"Toronto, Ontario",2016S0503535,Median employment income of persons not in census families,Dollars,81,units,0,v21188052,19.24,28700,,,,0
2011,"Toronto, Ontario",2016S0503535,Dual-earner couple families,Number,223,units,0,v21188053,19.25,768650,,,,0
2011,"Toronto, Ontario",2016S0503535,Median employment income of dual-earner couple families,Dollars,81,units,0,v21188054,19.26,88930,,,,0
2011,"Toronto, Ontario",2016S0503535,Single-earner-male couple families,Number,223,units,0,v21188055,19.27,240450,,,,0
2011,"Toronto, Ontario",2016S0503535,Median employment income of single-earner-male couple families,Dollars,81,units,0,v21188056,19.28,32090,,,,0
2011,"Toronto, Ontario",2016S0503535,Single-earner-female couple families,Number,223,units,0,v21188057,19.29,116700,,,,0
2011,"Toronto, Ontario",2016S0503535,Median employment income of single-earner-female couple families,Dollars,81,units,0,v21188058,19.30,22920,,,,0
2011,"Toronto, Ontario",2016S0503535,Families with government transfers,Number,223,units,0,v21188059,19.31,1524430,,,,0
2011,"Toronto, Ontario",2016S0503535,Median government transfers to families,Dollars,81,units,0,v52318592,19.45,4360,,,,0
2011,"Toronto, Ontario",2016S0503535,Persons not in census families with government transfers,Number,223,units,0,v21188061,19.33,787050,,,,0
2011,"Toronto, Ontario",2016S0503535,Median government transfers to persons not in census families,Dollars,81,units,0,v52318593,19.46,2210,,,,0
2011,"Toronto, Ontario",2016S0503535,Families with labour income,Number,223,units,0,v21188063,19.35,1362530,,,,0
2011,"Toronto, Ontario",2016S0503535,Families receiving Employment Insurance benefits,Number,223,units,0,v21188064,19.36,246430,,,,0
2011,"Toronto, Ontario",2016S0503535,Median Employment Insurance benefits received by families,Dollars,81,units,0,v52318594,19.47,5940,,,,0
2011,"Toronto, Ontario",2016S0503535,Persons not in census families with labour income,Number,223,units,0,v21188066,19.38,520190,,,,0
2011,"Toronto, Ontario",2016S0503535,Persons not in census families receiving Employment Insurance benefits,Number,223,units,0,v21188067,19.39,43660,,,,0
2011,"Toronto, Ontario",2016S0503535,Median Employment Insurance benefits received by persons not in census families,Dollars,81,units,0,v52318595,19.48,4910,,,,0
2011,"Hamilton, Ontario",2016S0503537,All tax filers,Number,223,units,0,v21188069,20.1,542050,,,,0
2011,"Hamilton, Ontario",2016S0503537,"All tax filers and dependants, all age groups",Number,223,units,0,v21188070,20.2,696780,,,,0
2011,"Hamilton, Ontario",2016S0503537,"Tax filers and dependants, under age 15 years",Number,223,units,0,v21188071,20.3,122760,,,,0
2011,"Hamilton, Ontario",2016S0503537,Tax filers and dependants aged 15 to 64 years,Number,223,units,0,v21188072,20.4,461180,,,,0
2011,"Hamilton, Ontario",2016S0503537,Tax filers and dependants aged 65 years and over,Number,223,units,0,v21188073,20.5,112840,,,,0
2011,"Hamilton, Ontario",2016S0503537,All families,Number,223,units,0,v21188074,20.6,199680,,,,0
2011,"Hamilton, Ontario",2016S0503537,Couple families,Number,223,units,0,v21188075,20.7,167800,,,,0
2011,"Hamilton, Ontario",2016S0503537,One-parent families,Number,223,units,0,v21188076,20.8,31880,,,,0
2011,"Hamilton, Ontario",2016S0503537,"Median total income, all families",Dollars,81,units,0,v21188077,20.9,78520,,,,0
2011,"Hamilton, Ontario",2016S0503537,"Median total income of persons with income, all families",Dollars,81,units,0,v52318596,20.41,33450,,,,0
2011,"Hamilton, Ontario",2016S0503537,"Median total income, couple families",Dollars,81,units,0,v21188079,20.11,86970,,,,0
2011,"Hamilton, Ontario",2016S0503537,"Median total income of persons with income, couple families",Dollars,81,units,0,v52318597,20.42,34570,,,,0
2011,"Hamilton, Ontario",2016S0503537,"Median total income, one-parent families",Dollars,81,units,0,v21188081,20.13,39970,,,,0
2011,"Hamilton, Ontario",2016S0503537,"Median total income of persons with income, one-parent families",Dollars,81,units,0,v52318598,20.43,26420,,,,0
2011,"Hamilton, Ontario",2016S0503537,Total persons in families,Number,223,units,0,v21188083,20.15,586550,,,,0
2011,"Hamilton, Ontario",2016S0503537,Persons in couple families,Number,223,units,0,v21188084,20.16,505320,,,,0
2011,"Hamilton, Ontario",2016S0503537,Persons in one-parent families,Number,223,units,0,v21188085,20.17,81230,,,,0
2011,"Hamilton, Ontario",2016S0503537,Persons not in census families,Number,223,units,0,v21188086,20.18,110230,,,,0
2011,"Hamilton, Ontario",2016S0503537,Median total income of persons not in census families with income,Dollars,81,units,0,v52318599,20.44,27600,,,,0
2011,"Hamilton, Ontario",2016S0503537,Families with employment income,Number,223,units,0,v21188089,20.21,169920,,,,0
2011,"Hamilton, Ontario",2016S0503537,Median employment income of families,Dollars,81,units,0,v21188090,20.22,71460,,,,0
2011,"Hamilton, Ontario",2016S0503537,Persons not in census families with employment income,Number,223,units,0,v21188091,20.23,62370,,,,0
2011,"Hamilton, Ontario",2016S0503537,Median employment income of persons not in census families,Dollars,81,units,0,v21188092,20.24,27420,,,,0
2011,"Hamilton, Ontario",2016S0503537,Dual-earner couple families,Number,223,units,0,v21188093,20.25,99600,,,,0
2011,"Hamilton, Ontario",2016S0503537,Median employment income of dual-earner couple families,Dollars,81,units,0,v21188094,20.26,94190,,,,0
2011,"Hamilton, Ontario",2016S0503537,Single-earner-male couple families,Number,223,units,0,v21188095,20.27,29240,,,,0
2011,"Hamilton, Ontario",2016S0503537,Median employment income of single-earner-male couple families,Dollars,81,units,0,v21188096,20.28,25790,,,,0
2011,"Hamilton, Ontario",2016S0503537,Single-earner-female couple families,Number,223,units,0,v21188097,20.29,12000,,,,0
2011,"Hamilton, Ontario",2016S0503537,Median employment income of single-earner-female couple families,Dollars,81,units,0,v21188098,20.30,24280,,,,0
2011,"Hamilton, Ontario",2016S0503537,Families with government transfers,Number,223,units,0,v21188099,20.31,194180,,,,0
2011,"Hamilton, Ontario",2016S0503537,Median government transfers to families,Dollars,81,units,0,v52318600,20.45,6150,,,,0
2011,"Hamilton, Ontario",2016S0503537,Persons not in census families with government transfers,Number,223,units,0,v21188101,20.33,105530,,,,0
2011,"Hamilton, Ontario",2016S0503537,Median government transfers to persons not in census families,Dollars,81,units,0,v52318601,20.46,8070,,,,0
2011,"Hamilton, Ontario",2016S0503537,Families with labour income,Number,223,units,0,v21188103,20.35,170520,,,,0
2011,"Hamilton, Ontario",2016S0503537,Families receiving Employment Insurance benefits,Number,223,units,0,v21188104,20.36,31860,,,,0
2011,"Hamilton, Ontario",2016S0503537,Median Employment Insurance benefits received by families,Dollars,81,units,0,v52318602,20.47,5270,,,,0
2011,"Hamilton, Ontario",2016S0503537,Persons not in census families with labour income,Number,223,units,0,v21188106,20.38,62870,,,,0
2011,"Hamilton, Ontario",2016S0503537,Persons not in census families receiving Employment Insurance benefits,Number,223,units,0,v21188107,20.39,6490,,,,0
2011,"Hamilton, Ontario",2016S0503537,Median Employment Insurance benefits received by persons not in census families,Dollars,81,units,0,v52318603,20.48,4310,,,,0
2012,Canada,2021A11124,All tax filers,Number,223,units,0,v21187309,1.1,26155710,,,,0
2012,Canada,2021A11124,"All tax filers and dependants, all age groups",Number,223,units,0,v21187310,1.2,33399630,,,,0
2012,Canada,2021A11124,"Tax filers and dependants, under age 15 years",Number,223,units,0,v21187311,1.3,5765650,,,,0
2012,Canada,2021A11124,Tax filers and dependants aged 15 to 64 years,Number,223,units,0,v21187312,1.4,22520630,,,,0
2012,Canada,2021A11124,Tax filers and dependants aged 65 years and over,Number,223,units,0,v21187313,1.5,5113350,,,,0
2012,Canada,2021A11124,All families,Number,223,units,0,v21187314,1.6,9579970,,,,0
2012,Canada,2021A11124,Couple families,Number,223,units,0,v21187315,1.7,8169080,,,,0
2012,Canada,2021A11124,One-parent families,Number,223,units,0,v21187316,1.8,1410890,,,,0
2012,Canada,2021A11124,"Median total income, all families",Dollars,81,units,0,v21187317,1.9,74540,,,,0
2012,Canada,2021A11124,"Median total income of persons with income, all families",Dollars,81,units,0,v52318444,1.41,32810,,,,0
2012,Canada,2021A11124,"Median total income, couple families",Dollars,81,units,0,v21187319,1.11,81980,,,,0
2012,Canada,2021A11124,"Median total income of persons with income, couple families",Dollars,81,units,0,v52318445,1.42,33660,,,,0
2012,Canada,2021A11124,"Median total income, one-parent families",Dollars,81,units,0,v21187321,1.13,39350,,,,0
2012,Canada,2021A11124,"Median total income of persons with income, one-parent families",Dollars,81,units,0,v52318446,1.43,26740,,,,0
2012,Canada,2021A11124,Total persons in families,Number,223,units,0,v21187323,1.15,27679880,,,,0
2012,Canada,2021A11124,Persons in couple families,Number,223,units,0,v21187324,1.16,24086920,,,,0
2012,Canada,2021A11124,Persons in one-parent families,Number,223,units,0,v21187325,1.17,3592960,,,,0
2012,Canada,2021A11124,Persons not in census families,Number,223,units,0,v21187326,1.18,5719750,,,,0
2012,Canada,2021A11124,Median total income of persons not in census families with income,Dollars,81,units,0,v52318447,1.44,26570,,,,0
2012,Canada,2021A11124,Families with employment income,Number,223,units,0,v21187329,1.21,8176200,,,,0
2012,Canada,2021A11124,Median employment income of families,Dollars,81,units,0,v21187330,1.22,66650,,,,0
2012,Canada,2021A11124,Persons not in census families with employment income,Number,223,units,0,v21187331,1.23,3459890,,,,0
2012,Canada,2021A11124,Median employment income of persons not in census families,Dollars,81,units,0,v21187332,1.24,28590,,,,0
2012,Canada,2021A11124,Dual-earner couple families,Number,223,units,0,v21187333,1.25,4849310,,,,0
2012,Canada,2021A11124,Median employment income of dual-earner couple families,Dollars,81,units,0,v21187334,1.26,87230,,,,0
2012,Canada,2021A11124,Single-earner-male couple families,Number,223,units,0,v21187335,1.27,1351200,,,,0
2012,Canada,2021A11124,Median employment income of single-earner-male couple families,Dollars,81,units,0,v21187336,1.28,31380,,,,0
2012,Canada,2021A11124,Single-earner-female couple families,Number,223,units,0,v21187337,1.29,614890,,,,0
2012,Canada,2021A11124,Median employment income of single-earner-female couple families,Dollars,81,units,0,v21187338,1.30,22090,,,,0
2012,Canada,2021A11124,Families with government transfers,Number,223,units,0,v21187339,1.31,8092170,,,,0
2012,Canada,2021A11124,Median government transfers to families,Dollars,81,units,0,v52318448,1.45,8390,,,,0
2012,Canada,2021A11124,Persons not in census families with government transfers,Number,223,units,0,v21187341,1.33,4721460,,,,0
2012,Canada,2021A11124,Median government transfers to persons not in census families,Dollars,81,units,0,v52318449,1.46,8860,,,,0
2012,Canada,2021A11124,Families with labour income,Number,223,units,0,v21187343,1.35,8206250,,,,0
2012,Canada,2021A11124,Families receiving Employment Insurance benefits,Number,223,units,0,v21187344,1.36,1782890,,,,0
2012,Canada,2021A11124,Median Employment Insurance benefits received by families,Dollars,81,units,0,v52318450,1.47,6080,,,,0
2012,Canada,2021A11124,Persons not in census families with labour income,Number,223,units,0,v21187346,1.38,3482460,,,,0
2012,Canada,2021A11124,Persons not in census families receiving Employment Insurance benefits,Number,223,units,0,v21187347,1.39,421930,,,,0
2012,Canada,2021A11124,Median Employment Insurance benefits received by persons not in census families,Dollars,81,units,0,v52318451,1.48,4890,,,,0
2012,Ontario,2021A000235,All tax filers,Number,223,units,0,v21187909,16.1,9908300,,,,0
2012,Ontario,2021A000235,"All tax filers and dependants, all age groups",Number,223,units,0,v21187910,16.2,12796300,,,,0
2012,Ontario,2021A000235,"Tax filers and dependants, under age 15 years",Number,223,units,0,v21187911,16.3,2256980,,,,0
2012,Ontario,2021A000235,Tax filers and dependants aged 15 to 64 years,Number,223,units,0,v21187912,16.4,8594170,,,,0
2012,Ontario,2021A000235,Tax filers and dependants aged 65 years and over,Number,223,units,0,v21187913,16.5,1945150,,,,0
2012,Ontario,2021A000235,All families,Number,223,units,0,v21187914,16.6,3682440,,,,0
2012,Ontario,2021A000235,Couple families,Number,223,units,0,v21187915,16.7,3125810,,,,0
2012,Ontario,2021A000235,One-parent families,Number,223,units,0,v21187916,16.8,556630,,,,0
2012,Ontario,2021A000235,"Median total income, all families",Dollars,81,units,0,v21187917,16.9,74890,,,,0
2012,Ontario,2021A000235,"Median total income of persons with income, all families",Dollars,81,units,0,v52318564,16.41,32620,,,,0
2012,Ontario,2021A000235,"Median total income, couple families",Dollars,81,units,0,v21187919,16.11,82760,,,,0
2012,Ontario,2021A000235,"Median total income of persons with income, couple families",Dollars,81,units,0,v52318565,16.42,33550,,,,0
2012,Ontario,2021A000235,"Median total income, one-parent families",Dollars,81,units,0,v21187921,16.13,39340,,,,0
2012,Ontario,2021A000235,"Median total income of persons with income, one-parent families",Dollars,81,units,0,v52318566,16.43,26730,,,,0
2012,Ontario,2021A000235,Total persons in families,Number,223,units,0,v21187923,16.15,10799930,,,,0
2012,Ontario,2021A000235,Persons in couple families,Number,223,units,0,v21187924,16.16,9380930,,,,0
2012,Ontario,2021A000235,Persons in one-parent families,Number,223,units,0,v21187925,16.17,1419010,,,,0
2012,Ontario,2021A000235,Persons not in census families,Number,223,units,0,v21187926,16.18,1996360,,,,0
2012,Ontario,2021A000235,Median total income of persons not in census families with income,Dollars,81,units,0,v52318567,16.44,26790,,,,0
2012,Ontario,2021A000235,Families with employment income,Number,223,units,0,v21187929,16.21,3128480,,,,0
2012,Ontario,2021A000235,Median employment income of families,Dollars,81,units,0,v21187930,16.22,67900,,,,0
2012,Ontario,2021A000235,Persons not in census families with employment income,Number,223,units,0,v21187931,16.23,1176640,,,,0
2012,Ontario,2021A000235,Median employment income of persons not in census families,Dollars,81,units,0,v21187932,16.24,27980,,,,0
2012,Ontario,2021A000235,Dual-earner couple families,Number,223,units,0,v21187933,16.25,1802200,,,,0
2012,Ontario,2021A000235,Median employment income of dual-earner couple families,Dollars,81,units,0,v21187934,16.26,91150,,,,0
2012,Ontario,2021A000235,Single-earner-male couple families,Number,223,units,0,v21187935,16.27,549870,,,,0
2012,Ontario,2021A000235,Median employment income of single-earner-male couple families,Dollars,81,units,0,v21187936,16.28,29220,,,,0
2012,Ontario,2021A000235,Single-earner-female couple families,Number,223,units,0,v21187937,16.29,246670,,,,0
2012,Ontario,2021A000235,Median employment income of single-earner-female couple families,Dollars,81,units,0,v21187938,16.30,23310,,,,0
2012,Ontario,2021A000235,Families with government transfers,Number,223,units,0,v21187939,16.31,3151720,,,,0
2012,Ontario,2021A000235,Median government transfers to families,Dollars,81,units,0,v52318568,16.45,7670,,,,0
2012,Ontario,2021A000235,Persons not in census families with government transfers,Number,223,units,0,v21187941,16.33,1671890,,,,0
2012,Ontario,2021A000235,Median government transfers to persons not in census families,Dollars,81,units,0,v52318569,16.46,9140,,,,0
2012,Ontario,2021A000235,Families with labour income,Number,223,units,0,v21187943,16.35,3140260,,,,0
2012,Ontario,2021A000235,Families receiving Employment Insurance benefits,Number,223,units,0,v21187944,16.36,589440,,,,0
2012,Ontario,2021A000235,Median Employment Insurance benefits received by families,Dollars,81,units,0,v52318570,16.47,5610,,,,0
2012,Ontario,2021A000235,Persons not in census families with labour income,Number,223,units,0,v21187946,16.38,1185060,,,,0
2012,Ontario,2021A000235,Persons not in census families receiving Employment Insurance benefits,Number,223,units,0,v21187947,16.39,116720,,,,0
2012,Ontario,2021A000235,Median Employment Insurance benefits received by persons not in census families,Dollars,81,units,0,v52318571,16.48,4670,,,,0
2012,"Oshawa, Ontario",2016S0503532,All tax filers,Number,223,units,0,v21187989,18.1,266630,,,,0
2012,"Oshawa, Ontario",2016S0503532,"All tax filers and dependants, all age groups",Number,223,units,0,v21187990,18.2,352590,,,,0
2012,"Oshawa, Ontario",2016S0503532,"Tax filers and dependants, under age 15 years",Number,223,units,0,v21187991,18.3,68390,,,,0
2012,"Oshawa, Ontario",2016S0503532,Tax filers and dependants aged 15 to 64 years,Number,223,units,0,v21187992,18.4,236910,,,,0
2012,"Oshawa, Ontario",2016S0503532,Tax filers and dependants aged 65 years and over,Number,223,units,0,v21187993,18.5,47290,,,,0
2012,"Oshawa, Ontario",2016S0503532,All families,Number,223,units,0,v21187994,18.6,102320,,,,0
2012,"Oshawa, Ontario",2016S0503532,Couple families,Number,223,units,0,v21187995,18.7,85080,,,,0
2012,"Oshawa, Ontario",2016S0503532,One-parent families,Number,223,units,0,v21187996,18.8,17240,,,,0
2012,"Oshawa, Ontario",2016S0503532,"Median total income, all families",Dollars,81,units,0,v21187997,18.9,86160,,,,0
2012,"Oshawa, Ontario",2016S0503532,"Median total income of persons with income, all families",Dollars,81,units,0,v52318580,18.41,37780,,,,0
2012,"Oshawa, Ontario",2016S0503532,"Median total income, couple families",Dollars,81,units,0,v21187999,18.11,95670,,,,0
2012,"Oshawa, Ontario",2016S0503532,"Median total income of persons with income, couple families",Dollars,81,units,0,v52318581,18.42,39160,,,,0
2012,"Oshawa, Ontario",2016S0503532,"Median total income, one-parent families",Dollars,81,units,0,v21188001,18.13,42690,,,,0
2012,"Oshawa, Ontario",2016S0503532,"Median total income of persons with income, one-parent families",Dollars,81,units,0,v52318582,18.43,29030,,,,0
2012,"Oshawa, Ontario",2016S0503532,Total persons in families,Number,223,units,0,v21188003,18.15,305360,,,,0
2012,"Oshawa, Ontario",2016S0503532,Persons in couple families,Number,223,units,0,v21188004,18.16,260970,,,,0
2012,"Oshawa, Ontario",2016S0503532,Persons in one-parent families,Number,223,units,0,v21188005,18.17,44390,,,,0
2012,"Oshawa, Ontario",2016S0503532,Persons not in census families,Number,223,units,0,v21188006,18.18,47230,,,,0
2012,"Oshawa, Ontario",2016S0503532,Median total income of persons not in census families with income,Dollars,81,units,0,v52318583,18.44,30270,,,,0
2012,"Oshawa, Ontario",2016S0503532,Families with employment income,Number,223,units,0,v21188009,18.21,90420,,,,0
2012,"Oshawa, Ontario",2016S0503532,Median employment income of families,Dollars,81,units,0,v21188010,18.22,79130,,,,0
2012,"Oshawa, Ontario",2016S0503532,Persons not in census families with employment income,Number,223,units,0,v21188011,18.23,29060,,,,0
2012,"Oshawa, Ontario",2016S0503532,Median employment income of persons not in census families,Dollars,81,units,0,v21188012,18.24,28750,,,,0
2012,"Oshawa, Ontario",2016S0503532,Dual-earner couple families,Number,223,units,0,v21188013,18.25,54100,,,,0
2012,"Oshawa, Ontario",2016S0503532,Median employment income of dual-earner couple families,Dollars,81,units,0,v21188014,18.26,100920,,,,0
2012,"Oshawa, Ontario",2016S0503532,Single-earner-male couple families,Number,223,units,0,v21188015,18.27,15110,,,,0
2012,"Oshawa, Ontario",2016S0503532,Median employment income of single-earner-male couple families,Dollars,81,units,0,v21188016,18.28,33340,,,,0
2012,"Oshawa, Ontario",2016S0503532,Single-earner-female couple families,Number,223,units,0,v21188017,18.29,5600,,,,0
2012,"Oshawa, Ontario",2016S0503532,Median employment income of single-earner-female couple families,Dollars,81,units,0,v21188018,18.30,25960,,,,0
2012,"Oshawa, Ontario",2016S0503532,Families with government transfers,Number,223,units,0,v21188019,18.31,87580,,,,0
2012,"Oshawa, Ontario",2016S0503532,Median government transfers to families,Dollars,81,units,0,v52318584,18.45,7090,,,,0
2012,"Oshawa, Ontario",2016S0503532,Persons not in census families with government transfers,Number,223,units,0,v21188021,18.33,39000,,,,0
2012,"Oshawa, Ontario",2016S0503532,Median government transfers to persons not in census families,Dollars,81,units,0,v52318585,18.46,10340,,,,0
2012,"Oshawa, Ontario",2016S0503532,Families with labour income,Number,223,units,0,v21188023,18.35,90720,,,,0
2012,"Oshawa, Ontario",2016S0503532,Families receiving Employment Insurance benefits,Number,223,units,0,v21188024,18.36,18300,,,,0
2012,"Oshawa, Ontario",2016S0503532,Median Employment Insurance benefits received by families,Dollars,81,units,0,v52318586,18.47,5700,,,,0
2012,"Oshawa, Ontario",2016S0503532,Persons not in census families with labour income,Number,223,units,0,v21188026,18.38,29240,,,,0
2012,"Oshawa, Ontario",2016S0503532,Persons not in census families receiving Employment Insurance benefits,Number,223,units,0,v21188027,18.39,3070,,,,0
2012,"Oshawa, Ontario",2016S0503532,Median Employment Insurance benefits received by persons not in census families,Dollars,81,units,0,v52318587,18.48,4460,,,,0
2012,"Toronto, Ontario",2016S0503535,All tax filers,Number,223,units,0,v21188029,19.1,4325960,,,,0
2012,"Toronto, Ontario",2016S0503535,"All tax filers and dependants, all age groups",Number,223,units,0,v21188030,19.2,5654750,,,,0
2012,"Toronto, Ontario",2016S0503535,"Tax filers and dependants, under age 15 years",Number,223,units,0,v21188031,19.3,1025360,,,,0
2012,"Toronto, Ontario",2016S0503535,Tax filers and dependants aged 15 to 64 years,Number,223,units,0,v21188032,19.4,3886580,,,,0
2012,"Toronto, Ontario",2016S0503535,Tax filers and dependants aged 65 years and over,Number,223,units,0,v21188033,19.5,742820,,,,0
2012,"Toronto, Ontario",2016S0503535,All families,Number,223,units,0,v21188034,19.6,1601020,,,,0
2012,"Toronto, Ontario",2016S0503535,Couple families,Number,223,units,0,v21188035,19.7,1362740,,,,0
2012,"Toronto, Ontario",2016S0503535,One-parent families,Number,223,units,0,v21188036,19.8,238270,,,,0
2012,"Toronto, Ontario",2016S0503535,"Median total income, all families",Dollars,81,units,0,v21188037,19.9,71210,,,,0
2012,"Toronto, Ontario",2016S0503535,"Median total income of persons with income, all families",Dollars,81,units,0,v52318588,19.41,30480,,,,0
2012,"Toronto, Ontario",2016S0503535,"Median total income, couple families",Dollars,81,units,0,v21188039,19.11,78990,,,,0
2012,"Toronto, Ontario",2016S0503535,"Median total income of persons with income, couple families",Dollars,81,units,0,v52318589,19.42,31050,,,,0
2012,"Toronto, Ontario",2016S0503535,"Median total income, one-parent families",Dollars,81,units,0,v21188041,19.13,40280,,,,0
2012,"Toronto, Ontario",2016S0503535,"Median total income of persons with income, one-parent families",Dollars,81,units,0,v52318590,19.43,26930,,,,0
2012,"Toronto, Ontario",2016S0503535,Total persons in families,Number,223,units,0,v21188043,19.15,4801600,,,,0
2012,"Toronto, Ontario",2016S0503535,Persons in couple families,Number,223,units,0,v21188044,19.16,4196900,,,,0
2012,"Toronto, Ontario",2016S0503535,Persons in one-parent families,Number,223,units,0,v21188045,19.17,604700,,,,0
2012,"Toronto, Ontario",2016S0503535,Persons not in census families,Number,223,units,0,v21188046,19.18,853160,,,,0
2012,"Toronto, Ontario",2016S0503535,Median total income of persons not in census families with income,Dollars,81,units,0,v52318591,19.44,24900,,,,0
2012,"Toronto, Ontario",2016S0503535,Families with employment income,Number,223,units,0,v21188049,19.21,1368940,,,,0
2012,"Toronto, Ontario",2016S0503535,Median employment income of families,Dollars,81,units,0,v21188050,19.22,67530,,,,0
2012,"Toronto, Ontario",2016S0503535,Persons not in census families with employment income,Number,223,units,0,v21188051,19.23,525510,,,,0
2012,"Toronto, Ontario",2016S0503535,Median employment income of persons not in census families,Dollars,81,units,0,v21188052,19.24,29150,,,,0
2012,"Toronto, Ontario",2016S0503535,Dual-earner couple families,Number,223,units,0,v21188053,19.25,773650,,,,0
2012,"Toronto, Ontario",2016S0503535,Median employment income of dual-earner couple families,Dollars,81,units,0,v21188054,19.26,90970,,,,0
2012,"Toronto, Ontario",2016S0503535,Single-earner-male couple families,Number,223,units,0,v21188055,19.27,245870,,,,0
2012,"Toronto, Ontario",2016S0503535,Median employment income of single-earner-male couple families,Dollars,81,units,0,v21188056,19.28,33360,,,,0
2012,"Toronto, Ontario",2016S0503535,Single-earner-female couple families,Number,223,units,0,v21188057,19.29,118600,,,,0
2012,"Toronto, Ontario",2016S0503535,Median employment income of single-earner-female couple families,Dollars,81,units,0,v21188058,19.30,23540,,,,0
2012,"Toronto, Ontario",2016S0503535,Families with government transfers,Number,223,units,0,v21188059,19.31,1362200,,,,0
2012,"Toronto, Ontario",2016S0503535,Median government transfers to families,Dollars,81,units,0,v52318592,19.45,5960,,,,0
2012,"Toronto, Ontario",2016S0503535,Persons not in census families with government transfers,Number,223,units,0,v21188061,19.33,694440,,,,0
2012,"Toronto, Ontario",2016S0503535,Median government transfers to persons not in census families,Dollars,81,units,0,v52318593,19.46,5630,,,,0
2012,"Toronto, Ontario",2016S0503535,Families with labour income,Number,223,units,0,v21188063,19.35,1374710,,,,0
2012,"Toronto, Ontario",2016S0503535,Families receiving Employment Insurance benefits,Number,223,units,0,v21188064,19.36,235600,,,,0
2012,"Toronto, Ontario",2016S0503535,Median Employment Insurance benefits received by families,Dollars,81,units,0,v52318594,19.47,5890,,,,0
2012,"Toronto, Ontario",2016S0503535,Persons not in census families with labour income,Number,223,units,0,v21188066,19.38,529480,,,,0
2012,"Toronto, Ontario",2016S0503535,Persons not in census families receiving Employment Insurance benefits,Number,223,units,0,v21188067,19.39,41890,,,,0
2012,"Toronto, Ontario",2016S0503535,Median Employment Insurance benefits received by persons not in census families,Dollars,81,units,0,v52318595,19.48,4810,,,,0
2012,"Hamilton, Ontario",2016S0503537,All tax filers,Number,223,units,0,v21188069,20.1,546630,,,,0
2012,"Hamilton, Ontario",2016S0503537,"All tax filers and dependants, all age groups",Number,223,units,0,v21188070,20.2,701460,,,,0
2012,"Hamilton, Ontario",2016S0503537,"Tax filers and dependants, under age 15 years",Number,223,units,0,v21188071,20.3,123280,,,,0
2012,"Hamilton, Ontario",2016S0503537,Tax filers and dependants aged 15 to 64 years,Number,223,units,0,v21188072,20.4,461720,,,,0
2012,"Hamilton, Ontario",2016S0503537,Tax filers and dependants aged 65 years and over,Number,223,units,0,v21188073,20.5,116470,,,,0
2012,"Hamilton, Ontario",2016S0503537,All families,Number,223,units,0,v21188074,20.6,201000,,,,0
2012,"Hamilton, Ontario",2016S0503537,Couple families,Number,223,units,0,v21188075,20.7,168720,,,,0
2012,"Hamilton, Ontario",2016S0503537,One-parent families,Number,223,units,0,v21188076,20.8,32280,,,,0
2012,"Hamilton, Ontario",2016S0503537,"Median total income, all families",Dollars,81,units,0,v21188077,20.9,80400,,,,0
2012,"Hamilton, Ontario",2016S0503537,"Median total income of persons with income, all families",Dollars,81,units,0,v52318596,20.41,34720,,,,0
2012,"Hamilton, Ontario",2016S0503537,"Median total income, couple families",Dollars,81,units,0,v21188079,20.11,89190,,,,0
2012,"Hamilton, Ontario",2016S0503537,"Median total income of persons with income, couple families",Dollars,81,units,0,v52318597,20.42,35920,,,,0
2012,"Hamilton, Ontario",2016S0503537,"Median total income, one-parent families",Dollars,81,units,0,v21188081,20.13,41170,,,,0
2012,"Hamilton, Ontario",2016S0503537,"Median total income of persons with income, one-parent families",Dollars,81,units,0,v52318598,20.43,27110,,,,0
2012,"Hamilton, Ontario",2016S0503537,Total persons in families,Number,223,units,0,v21188083,20.15,590000,,,,0
2012,"Hamilton, Ontario",2016S0503537,Persons in couple families,Number,223,units,0,v21188084,20.16,507660,,,,0
2012,"Hamilton, Ontario",2016S0503537,Persons in one-parent families,Number,223,units,0,v21188085,20.17,82340,,,,0
2012,"Hamilton, Ontario",2016S0503537,Persons not in census families,Number,223,units,0,v21188086,20.18,111460,,,,0
2012,"Hamilton, Ontario",2016S0503537,Median total income of persons not in census families with income,Dollars,81,units,0,v52318599,20.44,28130,,,,0
2012,"Hamilton, Ontario",2016S0503537,Families with employment income,Number,223,units,0,v21188089,20.21,171330,,,,0
2012,"Hamilton, Ontario",2016S0503537,Median employment income of families,Dollars,81,units,0,v21188090,20.22,73280,,,,0
2012,"Hamilton, Ontario",2016S0503537,Persons not in census families with employment income,Number,223,units,0,v21188091,20.23,63380,,,,0
2012,"Hamilton, Ontario",2016S0503537,Median employment income of persons not in census families,Dollars,81,units,0,v21188092,20.24,28120,,,,0
2012,"Hamilton, Ontario",2016S0503537,Dual-earner couple families,Number,223,units,0,v21188093,20.25,99890,,,,0
2012,"Hamilton, Ontario",2016S0503537,Median employment income of dual-earner couple families,Dollars,81,units,0,v21188094,20.26,96740,,,,0
2012,"Hamilton, Ontario",2016S0503537,Single-earner-male couple families,Number,223,units,0,v21188095,20.27,29810,,,,0
2012,"Hamilton, Ontario",2016S0503537,Median employment income of single-earner-male couple families,Dollars,81,units,0,v21188096,20.28,26210,,,,0
2012,"Hamilton, Ontario",2016S0503537,Single-earner-female couple families,Number,223,units,0,v21188097,20.29,12210,,,,0
2012,"Hamilton, Ontario",2016S0503537,Median employment income of single-earner-female couple families,Dollars,81,units,0,v21188098,20.30,24690,,,,0
2012,"Hamilton, Ontario",2016S0503537,Families with government transfers,Number,223,units,0,v21188099,20.31,172490,,,,0
2012,"Hamilton, Ontario",2016S0503537,Median government transfers to families,Dollars,81,units,0,v52318600,20.45,8370,,,,0
2012,"Hamilton, Ontario",2016S0503537,Persons not in census families with government transfers,Number,223,units,0,v21188101,20.33,94620,,,,0
2012,"Hamilton, Ontario",2016S0503537,Median government transfers to persons not in census families,Dollars,81,units,0,v52318601,20.46,11630,,,,0
2012,"Hamilton, Ontario",2016S0503537,Families with labour income,Number,223,units,0,v21188103,20.35,171890,,,,0
2012,"Hamilton, Ontario",2016S0503537,Families receiving Employment Insurance benefits,Number,223,units,0,v21188104,20.36,30140,,,,0
2012,"Hamilton, Ontario",2016S0503537,Median Employment Insurance benefits received by families,Dollars,81,units,0,v52318602,20.47,5240,,,,0
2012,"Hamilton, Ontario",2016S0503537,Persons not in census families with labour income,Number,223,units,0,v21188106,20.38,63750,,,,0
2012,"Hamilton, Ontario",2016S0503537,Persons not in census families receiving Employment Insurance benefits,Number,223,units,0,v21188107,20.39,6000,,,,0
2012,"Hamilton, Ontario",2016S0503537,Median Employment Insurance benefits received by persons not in census families,Dollars,81,units,0,v52318603,20.48,4280,,,,0
2013,Canada,2021A11124,All tax filers,Number,223,units,0,v21187309,1.1,26520770,,,,0
2013,Canada,2021A11124,"All tax filers and dependants, all age groups",Number,223,units,0,v21187310,1.2,33784140,,,,0
2013,Canada,2021A11124,"Tax filers and dependants, under age 15 years",Number,223,units,0,v21187311,1.3,5807350,,,,0
2013,Canada,2021A11124,Tax filers and dependants aged 15 to 64 years,Number,223,units,0,v21187312,1.4,22665020,,,,0
2013,Canada,2021A11124,Tax filers and dependants aged 65 years and over,Number,223,units,0,v21187313,1.5,5311770,,,,0
2013,Canada,2021A11124,All families,Number,223,units,0,v21187314,1.6,9681570,,,,0
2013,Canada,2021A11124,Couple families,Number,223,units,0,v21187315,1.7,8273180,,,,0
2013,Canada,2021A11124,One-parent families,Number,223,units,0,v21187316,1.8,1408400,,,,0
2013,Canada,2021A11124,"Median total income, all families",Dollars,81,units,0,v21187317,1.9,76550,,,,0
2013,Canada,2021A11124,"Median total income of persons with income, all families",Dollars,81,units,0,v52318444,1.41,33610,,,,0
2013,Canada,2021A11124,"Median total income, couple families",Dollars,81,units,0,v21187319,1.11,84080,,,,0
2013,Canada,2021A11124,"Median total income of persons with income, couple families",Dollars,81,units,0,v52318445,1.42,34510,,,,0
2013,Canada,2021A11124,"Median total income, one-parent families",Dollars,81,units,0,v21187321,1.13,40380,,,,0
2013,Canada,2021A11124,"Median total income of persons with income, one-parent families",Dollars,81,units,0,v52318446,1.43,27160,,,,0
2013,Canada,2021A11124,Total persons in families,Number,223,units,0,v21187323,1.15,27936710,,,,0
2013,Canada,2021A11124,Persons in couple families,Number,223,units,0,v21187324,1.16,24349900,,,,0
2013,Canada,2021A11124,Persons in one-parent families,Number,223,units,0,v21187325,1.17,3586810,,,,0
2013,Canada,2021A11124,Persons not in census families,Number,223,units,0,v21187326,1.18,5847420,,,,0
2013,Canada,2021A11124,Median total income of persons not in census families with income,Dollars,81,units,0,v52318447,1.44,27040,,,,0
2013,Canada,2021A11124,Families with employment income,Number,223,units,0,v21187329,1.21,8253870,,,,0
2013,Canada,2021A11124,Median employment income of families,Dollars,81,units,0,v21187330,1.22,68250,,,,0
2013,Canada,2021A11124,Persons not in census families with employment income,Number,223,units,0,v21187331,1.23,3523660,,,,0
2013,Canada,2021A11124,Median employment income of persons not in census families,Dollars,81,units,0,v21187332,1.24,29170,,,,0
2013,Canada,2021A11124,Dual-earner couple families,Number,223,units,0,v21187333,1.25,4886690,,,,0
2013,Canada,2021A11124,Median employment income of dual-earner couple families,Dollars,81,units,0,v21187334,1.26,89370,,,,0
2013,Canada,2021A11124,Single-earner-male couple families,Number,223,units,0,v21187335,1.27,1375310,,,,0
2013,Canada,2021A11124,Median employment income of single-earner-male couple families,Dollars,81,units,0,v21187336,1.28,32140,,,,0
2013,Canada,2021A11124,Single-earner-female couple families,Number,223,units,0,v21187337,1.29,631800,,,,0
2013,Canada,2021A11124,Median employment income of single-earner-female couple families,Dollars,81,units,0,v21187338,1.30,22640,,,,0
2013,Canada,2021A11124,Families with government transfers,Number,223,units,0,v21187339,1.31,8171940,,,,0
2013,Canada,2021A11124,Median government transfers to families,Dollars,81,units,0,v52318448,1.45,8550,,,,0
2013,Canada,2021A11124,Persons not in census families with government transfers,Number,223,units,0,v21187341,1.33,4828090,,,,0
2013,Canada,2021A11124,Median government transfers to persons not in census families,Dollars,81,units,0,v52318449,1.46,9040,,,,0
2013,Canada,2021A11124,Families with labour income,Number,223,units,0,v21187343,1.35,8283360,,,,0
2013,Canada,2021A11124,Families receiving Employment Insurance benefits,Number,223,units,0,v21187344,1.36,1726780,,,,0
2013,Canada,2021A11124,Median Employment Insurance benefits received by families,Dollars,81,units,0,v52318450,1.47,6190,,,,0
2013,Canada,2021A11124,Persons not in census families with labour income,Number,223,units,0,v21187346,1.38,3546070,,,,0
2013,Canada,2021A11124,Persons not in census families receiving Employment Insurance benefits,Number,223,units,0,v21187347,1.39,409070,,,,0
2013,Canada,2021A11124,Median Employment Insurance benefits received by persons not in census families,Dollars,81,units,0,v52318451,1.48,5010,,,,0
2013,Ontario,2021A000235,All tax filers,Number,223,units,0,v21187909,16.1,10035570,,,,0
2013,Ontario,2021A000235,"All tax filers and dependants, all age groups",Number,223,units,0,v21187910,16.2,12912940,,,,0
2013,Ontario,2021A000235,"Tax filers and dependants, under age 15 years",Number,223,units,0,v21187911,16.3,2255980,,,,0
2013,Ontario,2021A000235,Tax filers and dependants aged 15 to 64 years,Number,223,units,0,v21187912,16.4,8636990,,,,0
2013,Ontario,2021A000235,Tax filers and dependants aged 65 years and over,Number,223,units,0,v21187913,16.5,2019970,,,,0
2013,Ontario,2021A000235,All families,Number,223,units,0,v21187914,16.6,3713890,,,,0
2013,Ontario,2021A000235,Couple families,Number,223,units,0,v21187915,16.7,3156030,,,,0
2013,Ontario,2021A000235,One-parent families,Number,223,units,0,v21187916,16.8,557860,,,,0
2013,Ontario,2021A000235,"Median total income, all families",Dollars,81,units,0,v21187917,16.9,76510,,,,0
2013,Ontario,2021A000235,"Median total income of persons with income, all families",Dollars,81,units,0,v52318564,16.41,33210,,,,0
2013,Ontario,2021A000235,"Median total income, couple families",Dollars,81,units,0,v21187919,16.11,84480,,,,0
2013,Ontario,2021A000235,"Median total income of persons with income, couple families",Dollars,81,units,0,v52318565,16.42,34190,,,,0
2013,Ontario,2021A000235,"Median total income, one-parent families",Dollars,81,units,0,v21187921,16.13,40150,,,,0
2013,Ontario,2021A000235,"Median total income of persons with income, one-parent families",Dollars,81,units,0,v52318566,16.43,27040,,,,0
2013,Ontario,2021A000235,Total persons in families,Number,223,units,0,v21187923,16.15,10874920,,,,0
2013,Ontario,2021A000235,Persons in couple families,Number,223,units,0,v21187924,16.16,9453480,,,,0
2013,Ontario,2021A000235,Persons in one-parent families,Number,223,units,0,v21187925,16.17,1421430,,,,0
2013,Ontario,2021A000235,Persons not in census families,Number,223,units,0,v21187926,16.18,2038030,,,,0
2013,Ontario,2021A000235,Median total income of persons not in census families with income,Dollars,81,units,0,v52318567,16.44,27150,,,,0
2013,Ontario,2021A000235,Families with employment income,Number,223,units,0,v21187929,16.21,3153020,,,,0
2013,Ontario,2021A000235,Median employment income of families,Dollars,81,units,0,v21187930,16.22,68880,,,,0
2013,Ontario,2021A000235,Persons not in census families with employment income,Number,223,units,0,v21187931,16.23,1196070,,,,0
2013,Ontario,2021A000235,Median employment income of persons not in census families,Dollars,81,units,0,v21187932,16.24,28180,,,,0
2013,Ontario,2021A000235,Dual-earner couple families,Number,223,units,0,v21187933,16.25,1810560,,,,0
2013,Ontario,2021A000235,Median employment income of dual-earner couple families,Dollars,81,units,0,v21187934,16.26,92640,,,,0
2013,Ontario,2021A000235,Single-earner-male couple families,Number,223,units,0,v21187935,16.27,558090,,,,0
2013,Ontario,2021A000235,Median employment income of single-earner-male couple families,Dollars,81,units,0,v21187936,16.28,29470,,,,0
2013,Ontario,2021A000235,Single-earner-female couple families,Number,223,units,0,v21187937,16.29,252390,,,,0
2013,Ontario,2021A000235,Median employment income of single-earner-female couple families,Dollars,81,units,0,v21187938,16.30,23690,,,,0
2013,Ontario,2021A000235,Families with government transfers,Number,223,units,0,v21187939,16.31,3177910,,,,0
2013,Ontario,2021A000235,Median government transfers to families,Dollars,81,units,0,v52318568,16.45,7950,,,,0
2013,Ontario,2021A000235,Persons not in census families with government transfers,Number,223,units,0,v21187941,16.33,1708620,,,,0
2013,Ontario,2021A000235,Median government transfers to persons not in census families,Dollars,81,units,0,v52318569,16.46,9510,,,,0
2013,Ontario,2021A000235,Families with labour income,Number,223,units,0,v21187943,16.35,3164460,,,,0
2013,Ontario,2021A000235,Families receiving Employment Insurance benefits,Number,223,units,0,v21187944,16.36,571130,,,,0
2013,Ontario,2021A000235,Median Employment Insurance benefits received by families,Dollars,81,units,0,v52318570,16.47,5790,,,,0
2013,Ontario,2021A000235,Persons not in census families with labour income,Number,223,units,0,v21187946,16.38,1204480,,,,0
2013,Ontario,2021A000235,Persons not in census families receiving Employment Insurance benefits,Number,223,units,0,v21187947,16.39,113200,,,,0
2013,Ontario,2021A000235,Median Employment Insurance benefits received by persons not in census families,Dollars,81,units,0,v52318571,16.48,4880,,,,0
2013,"Oshawa, Ontario",2016S0503532,All tax filers,Number,223,units,0,v21187989,18.1,271100,,,,0
2013,"Oshawa, Ontario",2016S0503532,"All tax filers and dependants, all age groups",Number,223,units,0,v21187990,18.2,357270,,,,0
2013,"Oshawa, Ontario",2016S0503532,"Tax filers and dependants, under age 15 years",Number,223,units,0,v21187991,18.3,68690,,,,0
2013,"Oshawa, Ontario",2016S0503532,Tax filers and dependants aged 15 to 64 years,Number,223,units,0,v21187992,18.4,239170,,,,0
2013,"Oshawa, Ontario",2016S0503532,Tax filers and dependants aged 65 years and over,Number,223,units,0,v21187993,18.5,49400,,,,0
2013,"Oshawa, Ontario",2016S0503532,All families,Number,223,units,0,v21187994,18.6,103730,,,,0
2013,"Oshawa, Ontario",2016S0503532,Couple families,Number,223,units,0,v21187995,18.7,86280,,,,0
2013,"Oshawa, Ontario",2016S0503532,One-parent families,Number,223,units,0,v21187996,18.8,17460,,,,0
2013,"Oshawa, Ontario",2016S0503532,"Median total income, all families",Dollars,81,units,0,v21187997,18.9,87400,,,,0
2013,"Oshawa, Ontario",2016S0503532,"Median total income of persons with income, all families",Dollars,81,units,0,v52318580,18.41,38300,,,,0
2013,"Oshawa, Ontario",2016S0503532,"Median total income, couple families",Dollars,81,units,0,v21187999,18.11,97020,,,,0
2013,"Oshawa, Ontario",2016S0503532,"Median total income of persons with income, couple families",Dollars,81,units,0,v52318581,18.42,39750,,,,0
2013,"Oshawa, Ontario",2016S0503532,"Median total income, one-parent families",Dollars,81,units,0,v21188001,18.13,43530,,,,0
2013,"Oshawa, Ontario",2016S0503532,"Median total income of persons with income, one-parent families",Dollars,81,units,0,v52318582,18.43,29280,,,,0
2013,"Oshawa, Ontario",2016S0503532,Total persons in families,Number,223,units,0,v21188003,18.15,309010,,,,0
2013,"Oshawa, Ontario",2016S0503532,Persons in couple families,Number,223,units,0,v21188004,18.16,264150,,,,0
2013,"Oshawa, Ontario",2016S0503532,Persons in one-parent families,Number,223,units,0,v21188005,18.17,44860,,,,0
2013,"Oshawa, Ontario",2016S0503532,Persons not in census families,Number,223,units,0,v21188006,18.18,48260,,,,0
2013,"Oshawa, Ontario",2016S0503532,Median total income of persons not in census families with income,Dollars,81,units,0,v52318583,18.44,30750,,,,0
2013,"Oshawa, Ontario",2016S0503532,Families with employment income,Number,223,units,0,v21188009,18.21,91610,,,,0
2013,"Oshawa, Ontario",2016S0503532,Median employment income of families,Dollars,81,units,0,v21188010,18.22,79630,,,,0
2013,"Oshawa, Ontario",2016S0503532,Persons not in census families with employment income,Number,223,units,0,v21188011,18.23,29550,,,,0
2013,"Oshawa, Ontario",2016S0503532,Median employment income of persons not in census families,Dollars,81,units,0,v21188012,18.24,29210,,,,0
2013,"Oshawa, Ontario",2016S0503532,Dual-earner couple families,Number,223,units,0,v21188013,18.25,54590,,,,0
2013,"Oshawa, Ontario",2016S0503532,Median employment income of dual-earner couple families,Dollars,81,units,0,v21188014,18.26,102450,,,,0
2013,"Oshawa, Ontario",2016S0503532,Single-earner-male couple families,Number,223,units,0,v21188015,18.27,15390,,,,0
2013,"Oshawa, Ontario",2016S0503532,Median employment income of single-earner-male couple families,Dollars,81,units,0,v21188016,18.28,33760,,,,0
2013,"Oshawa, Ontario",2016S0503532,Single-earner-female couple families,Number,223,units,0,v21188017,18.29,5810,,,,0
2013,"Oshawa, Ontario",2016S0503532,Median employment income of single-earner-female couple families,Dollars,81,units,0,v21188018,18.30,26780,,,,0
2013,"Oshawa, Ontario",2016S0503532,Families with government transfers,Number,223,units,0,v21188019,18.31,88690,,,,0
2013,"Oshawa, Ontario",2016S0503532,Median government transfers to families,Dollars,81,units,0,v52318584,18.45,7410,,,,0
2013,"Oshawa, Ontario",2016S0503532,Persons not in census families with government transfers,Number,223,units,0,v21188021,18.33,39780,,,,0
2013,"Oshawa, Ontario",2016S0503532,Median government transfers to persons not in census families,Dollars,81,units,0,v52318585,18.46,10940,,,,0
2013,"Oshawa, Ontario",2016S0503532,Families with labour income,Number,223,units,0,v21188023,18.35,91880,,,,0
2013,"Oshawa, Ontario",2016S0503532,Families receiving Employment Insurance benefits,Number,223,units,0,v21188024,18.36,17070,,,,0
2013,"Oshawa, Ontario",2016S0503532,Median Employment Insurance benefits received by families,Dollars,81,units,0,v52318586,18.47,6130,,,,0
2013,"Oshawa, Ontario",2016S0503532,Persons not in census families with labour income,Number,223,units,0,v21188026,18.38,29760,,,,0
2013,"Oshawa, Ontario",2016S0503532,Persons not in census families receiving Employment Insurance benefits,Number,223,units,0,v21188027,18.39,2920,,,,0
2013,"Oshawa, Ontario",2016S0503532,Median Employment Insurance benefits received by persons not in census families,Dollars,81,units,0,v52318587,18.48,4980,,,,0
2013,"Toronto, Ontario",2016S0503535,All tax filers,Number,223,units,0,v21188029,19.1,4401660,,,,0
2013,"Toronto, Ontario",2016S0503535,"All tax filers and dependants, all age groups",Number,223,units,0,v21188030,19.2,5726400,,,,0
2013,"Toronto, Ontario",2016S0503535,"Tax filers and dependants, under age 15 years",Number,223,units,0,v21188031,19.3,1026330,,,,0
2013,"Toronto, Ontario",2016S0503535,Tax filers and dependants aged 15 to 64 years,Number,223,units,0,v21188032,19.4,3926320,,,,0
2013,"Toronto, Ontario",2016S0503535,Tax filers and dependants aged 65 years and over,Number,223,units,0,v21188033,19.5,773750,,,,0
2013,"Toronto, Ontario",2016S0503535,All families,Number,223,units,0,v21188034,19.6,1619090,,,,0
2013,"Toronto, Ontario",2016S0503535,Couple families,Number,223,units,0,v21188035,19.7,1379950,,,,0
2013,"Toronto, Ontario",2016S0503535,One-parent families,Number,223,units,0,v21188036,19.8,239150,,,,0
2013,"Toronto, Ontario",2016S0503535,"Median total income, all families",Dollars,81,units,0,v21188037,19.9,72830,,,,0
2013,"Toronto, Ontario",2016S0503535,"Median total income of persons with income, all families",Dollars,81,units,0,v52318588,19.41,30990,,,,0
2013,"Toronto, Ontario",2016S0503535,"Median total income, couple families",Dollars,81,units,0,v21188039,19.11,80680,,,,0
2013,"Toronto, Ontario",2016S0503535,"Median total income of persons with income, couple families",Dollars,81,units,0,v52318589,19.42,31600,,,,0
2013,"Toronto, Ontario",2016S0503535,"Median total income, one-parent families",Dollars,81,units,0,v21188041,19.13,41150,,,,0
2013,"Toronto, Ontario",2016S0503535,"Median total income of persons with income, one-parent families",Dollars,81,units,0,v52318590,19.43,27100,,,,0
2013,"Toronto, Ontario",2016S0503535,Total persons in families,Number,223,units,0,v21188043,19.15,4849260,,,,0
2013,"Toronto, Ontario",2016S0503535,Persons in couple families,Number,223,units,0,v21188044,19.16,4242900,,,,0
2013,"Toronto, Ontario",2016S0503535,Persons in one-parent families,Number,223,units,0,v21188045,19.17,606360,,,,0
2013,"Toronto, Ontario",2016S0503535,Persons not in census families,Number,223,units,0,v21188046,19.18,877140,,,,0
2013,"Toronto, Ontario",2016S0503535,Median total income of persons not in census families with income,Dollars,81,units,0,v52318591,19.44,25210,,,,0
2013,"Toronto, Ontario",2016S0503535,Families with employment income,Number,223,units,0,v21188049,19.21,1385260,,,,0
2013,"Toronto, Ontario",2016S0503535,Median employment income of families,Dollars,81,units,0,v21188050,19.22,68600,,,,0
2013,"Toronto, Ontario",2016S0503535,Persons not in census families with employment income,Number,223,units,0,v21188051,19.23,538240,,,,0
2013,"Toronto, Ontario",2016S0503535,Median employment income of persons not in census families,Dollars,81,units,0,v21188052,19.24,29400,,,,0
2013,"Toronto, Ontario",2016S0503535,Dual-earner couple families,Number,223,units,0,v21188053,19.25,781400,,,,0
2013,"Toronto, Ontario",2016S0503535,Median employment income of dual-earner couple families,Dollars,81,units,0,v21188054,19.26,92440,,,,0
2013,"Toronto, Ontario",2016S0503535,Single-earner-male couple families,Number,223,units,0,v21188055,19.27,250020,,,,0
2013,"Toronto, Ontario",2016S0503535,Median employment income of single-earner-male couple families,Dollars,81,units,0,v21188056,19.28,33690,,,,0
2013,"Toronto, Ontario",2016S0503535,Single-earner-female couple families,Number,223,units,0,v21188057,19.29,121390,,,,0
2013,"Toronto, Ontario",2016S0503535,Median employment income of single-earner-female couple families,Dollars,81,units,0,v21188058,19.30,24050,,,,0
2013,"Toronto, Ontario",2016S0503535,Families with government transfers,Number,223,units,0,v21188059,19.31,1376950,,,,0
2013,"Toronto, Ontario",2016S0503535,Median government transfers to families,Dollars,81,units,0,v52318592,19.45,6060,,,,0
2013,"Toronto, Ontario",2016S0503535,Persons not in census families with government transfers,Number,223,units,0,v21188061,19.33,715010,,,,0
2013,"Toronto, Ontario",2016S0503535,Median government transfers to persons not in census families,Dollars,81,units,0,v52318593,19.46,5670,,,,0
2013,"Toronto, Ontario",2016S0503535,Families with labour income,Number,223,units,0,v21188063,19.35,1390780,,,,0
2013,"Toronto, Ontario",2016S0503535,Families receiving Employment Insurance benefits,Number,223,units,0,v21188064,19.36,229010,,,,0
2013,"Toronto, Ontario",2016S0503535,Median Employment Insurance benefits received by families,Dollars,81,units,0,v52318594,19.47,6150,,,,0
2013,"Toronto, Ontario",2016S0503535,Persons not in census families with labour income,Number,223,units,0,v21188066,19.38,542280,,,,0
2013,"Toronto, Ontario",2016S0503535,Persons not in census families receiving Employment Insurance benefits,Number,223,units,0,v21188067,19.39,41090,,,,0
2013,"Toronto, Ontario",2016S0503535,Median Employment Insurance benefits received by persons not in census families,Dollars,81,units,0,v52318595,19.48,5010,,,,0
2013,"Hamilton, Ontario",2016S0503537,All tax filers,Number,223,units,0,v21188069,20.1,553820,,,,0
2013,"Hamilton, Ontario",2016S0503537,"All tax filers and dependants, all age groups",Number,223,units,0,v21188070,20.2,708380,,,,0
2013,"Hamilton, Ontario",2016S0503537,"Tax filers and dependants, under age 15 years",Number,223,units,0,v21188071,20.3,123350,,,,0
2013,"Hamilton, Ontario",2016S0503537,Tax filers and dependants aged 15 to 64 years,Number,223,units,0,v21188072,20.4,464620,,,,0
2013,"Hamilton, Ontario",2016S0503537,Tax filers and dependants aged 65 years and over,Number,223,units,0,v21188073,20.5,120410,,,,0
2013,"Hamilton, Ontario",2016S0503537,All families,Number,223,units,0,v21188074,20.6,202620,,,,0
2013,"Hamilton, Ontario",2016S0503537,Couple families,Number,223,units,0,v21188075,20.7,170360,,,,0
2013,"Hamilton, Ontario",2016S0503537,One-parent families,Number,223,units,0,v21188076,20.8,32260,,,,0
2013,"Hamilton, Ontario",2016S0503537,"Median total income, all families",Dollars,81,units,0,v21188077,20.9,82290,,,,0
2013,"Hamilton, Ontario",2016S0503537,"Median total income of persons with income, all families",Dollars,81,units,0,v52318596,20.41,35440,,,,0
2013,"Hamilton, Ontario",2016S0503537,"Median total income, couple families",Dollars,81,units,0,v21188079,20.11,91030,,,,0
2013,"Hamilton, Ontario",2016S0503537,"Median total income of persons with income, couple families",Dollars,81,units,0,v52318597,20.42,36680,,,,0
2013,"Hamilton, Ontario",2016S0503537,"Median total income, one-parent families",Dollars,81,units,0,v21188081,20.13,41980,,,,0
2013,"Hamilton, Ontario",2016S0503537,"Median total income of persons with income, one-parent families",Dollars,81,units,0,v52318598,20.43,27580,,,,0
2013,"Hamilton, Ontario",2016S0503537,Total persons in families,Number,223,units,0,v21188083,20.15,594230,,,,0
2013,"Hamilton, Ontario",2016S0503537,Persons in couple families,Number,223,units,0,v21188084,20.16,512000,,,,0
2013,"Hamilton, Ontario",2016S0503537,Persons in one-parent families,Number,223,units,0,v21188085,20.17,82240,,,,0
2013,"Hamilton, Ontario",2016S0503537,Persons not in census families,Number,223,units,0,v21188086,20.18,114150,,,,0
2013,"Hamilton, Ontario",2016S0503537,Median total income of persons not in census families with income,Dollars,81,units,0,v52318599,20.44,28660,,,,0
2013,"Hamilton, Ontario",2016S0503537,Families with employment income,Number,223,units,0,v21188089,20.21,172740,,,,0
2013,"Hamilton, Ontario",2016S0503537,Median employment income of families,Dollars,81,units,0,v21188090,20.22,74330,,,,0
2013,"Hamilton, Ontario",2016S0503537,Persons not in census families with employment income,Number,223,units,0,v21188091,20.23,64990,,,,0
2013,"Hamilton, Ontario",2016S0503537,Median employment income of persons not in census families,Dollars,81,units,0,v21188092,20.24,28350,,,,0
2013,"Hamilton, Ontario",2016S0503537,Dual-earner couple families,Number,223,units,0,v21188093,20.25,100420,,,,0
2013,"Hamilton, Ontario",2016S0503537,Median employment income of dual-earner couple families,Dollars,81,units,0,v21188094,20.26,98560,,,,0
2013,"Hamilton, Ontario",2016S0503537,Single-earner-male couple families,Number,223,units,0,v21188095,20.27,30310,,,,0
2013,"Hamilton, Ontario",2016S0503537,Median employment income of single-earner-male couple families,Dollars,81,units,0,v21188096,20.28,26000,,,,0
2013,"Hamilton, Ontario",2016S0503537,Single-earner-female couple families,Number,223,units,0,v21188097,20.29,12480,,,,0
2013,"Hamilton, Ontario",2016S0503537,Median employment income of single-earner-female couple families,Dollars,81,units,0,v21188098,20.30,25850,,,,0
2013,"Hamilton, Ontario",2016S0503537,Families with government transfers,Number,223,units,0,v21188099,20.31,173900,,,,0
2013,"Hamilton, Ontario",2016S0503537,Median government transfers to families,Dollars,81,units,0,v52318600,20.45,8670,,,,0
2013,"Hamilton, Ontario",2016S0503537,Persons not in census families with government transfers,Number,223,units,0,v21188101,20.33,96670,,,,0
2013,"Hamilton, Ontario",2016S0503537,Median government transfers to persons not in census families,Dollars,81,units,0,v52318601,20.46,11930,,,,0
2013,"Hamilton, Ontario",2016S0503537,Families with labour income,Number,223,units,0,v21188103,20.35,173290,,,,0
2013,"Hamilton, Ontario",2016S0503537,Families receiving Employment Insurance benefits,Number,223,units,0,v21188104,20.36,29900,,,,0
2013,"Hamilton, Ontario",2016S0503537,Median Employment Insurance benefits received by families,Dollars,81,units,0,v52318602,20.47,5410,,,,0
2013,"Hamilton, Ontario",2016S0503537,Persons not in census families with labour income,Number,223,units,0,v21188106,20.38,65400,,,,0
2013,"Hamilton, Ontario",2016S0503537,Persons not in census families receiving Employment Insurance benefits,Number,223,units,0,v21188107,20.39,5900,,,,0
2013,"Hamilton, Ontario",2016S0503537,Median Employment Insurance benefits received by persons not in census families,Dollars,81,units,0,v52318603,20.48,4480,,,,0
2014,Canada,2021A11124,All tax filers,Number,223,units,0,v21187309,1.1,26879120,,,,0
2014,Canada,2021A11124,"All tax filers and dependants, all age groups",Number,223,units,0,v21187310,1.2,34164940,,,,0
2014,Canada,2021A11124,"Tax filers and dependants, under age 15 years",Number,223,units,0,v21187311,1.3,5859880,,,,0
2014,Canada,2021A11124,Tax filers and dependants aged 15 to 64 years,Number,223,units,0,v21187312,1.4,22795360,,,,0
2014,Canada,2021A11124,Tax filers and dependants aged 65 years and over,Number,223,units,0,v21187313,1.5,5509710,,,,0
2014,Canada,2021A11124,All families,Number,223,units,0,v21187314,1.6,9786120,,,,0
2014,Canada,2021A11124,Couple families,Number,223,units,0,v21187315,1.7,8382120,,,,0
2014,Canada,2021A11124,One-parent families,Number,223,units,0,v21187316,1.8,1404010,,,,0
2014,Canada,2021A11124,"Median total income, all families",Dollars,81,units,0,v21187317,1.9,78870,,,,0
2014,Canada,2021A11124,"Median total income of persons with income, all families",Dollars,81,units,0,v52318444,1.41,34430,,,,0
2014,Canada,2021A11124,"Median total income, couple families",Dollars,81,units,0,v21187319,1.11,86410,,,,0
2014,Canada,2021A11124,"Median total income of persons with income, couple families",Dollars,81,units,0,v52318445,1.42,35340,,,,0
2014,Canada,2021A11124,"Median total income, one-parent families",Dollars,81,units,0,v21187321,1.13,41780,,,,0
2014,Canada,2021A11124,"Median total income of persons with income, one-parent families",Dollars,81,units,0,v52318446,1.43,27770,,,,0
2014,Canada,2021A11124,Total persons in families,Number,223,units,0,v21187323,1.15,28210090,,,,0
2014,Canada,2021A11124,Persons in couple families,Number,223,units,0,v21187324,1.16,24633520,,,,0
2014,Canada,2021A11124,Persons in one-parent families,Number,223,units,0,v21187325,1.17,3576570,,,,0
2014,Canada,2021A11124,Persons not in census families,Number,223,units,0,v21187326,1.18,5954850,,,,0
2014,Canada,2021A11124,Median total income of persons not in census families with income,Dollars,81,units,0,v52318447,1.44,27690,,,,0
2014,Canada,2021A11124,Families with employment income,Number,223,units,0,v21187329,1.21,8353270,,,,0
2014,Canada,2021A11124,Median employment income of families,Dollars,81,units,0,v21187330,1.22,69980,,,,0
2014,Canada,2021A11124,Persons not in census families with employment income,Number,223,units,0,v21187331,1.23,3593020,,,,0
2014,Canada,2021A11124,Median employment income of persons not in census families,Dollars,81,units,0,v21187332,1.24,29700,,,,0
2014,Canada,2021A11124,Dual-earner couple families,Number,223,units,0,v21187333,1.25,4944290,,,,0
2014,Canada,2021A11124,Median employment income of dual-earner couple families,Dollars,81,units,0,v21187334,1.26,91530,,,,0
2014,Canada,2021A11124,Single-earner-male couple families,Number,223,units,0,v21187335,1.27,1400870,,,,0
2014,Canada,2021A11124,Median employment income of single-earner-male couple families,Dollars,81,units,0,v21187336,1.28,32530,,,,0
2014,Canada,2021A11124,Single-earner-female couple families,Number,223,units,0,v21187337,1.29,647260,,,,0
2014,Canada,2021A11124,Median employment income of single-earner-female couple families,Dollars,81,units,0,v21187338,1.30,23210,,,,0
2014,Canada,2021A11124,Families with government transfers,Number,223,units,0,v21187339,1.31,8307240,,,,0
2014,Canada,2021A11124,Median government transfers to families,Dollars,81,units,0,v52318448,1.45,8640,,,,0
2014,Canada,2021A11124,Persons not in census families with government transfers,Number,223,units,0,v21187341,1.33,4967720,,,,0
2014,Canada,2021A11124,Median government transfers to persons not in census families,Dollars,81,units,0,v52318449,1.46,9110,,,,0
2014,Canada,2021A11124,Families with labour income,Number,223,units,0,v21187343,1.35,8380630,,,,0
2014,Canada,2021A11124,Families receiving Employment Insurance benefits,Number,223,units,0,v21187344,1.36,1716290,,,,0
2014,Canada,2021A11124,Median Employment Insurance benefits received by families,Dollars,81,units,0,v52318450,1.47,6440,,,,0
2014,Canada,2021A11124,Persons not in census families with labour income,Number,223,units,0,v21187346,1.38,3614390,,,,0
2014,Canada,2021A11124,Persons not in census families receiving Employment Insurance benefits,Number,223,units,0,v21187347,1.39,405830,,,,0
2014,Canada,2021A11124,Median Employment Insurance benefits received by persons not in census families,Dollars,81,units,0,v52318451,1.48,5170,,,,0
2014,Ontario,2021A000235,All tax filers,Number,223,units,0,v21187909,16.1,10171270,,,,0
2014,Ontario,2021A000235,"All tax filers and dependants, all age groups",Number,223,units,0,v21187910,16.2,13040270,,,,0
2014,Ontario,2021A000235,"Tax filers and dependants, under age 15 years",Number,223,units,0,v21187911,16.3,2259270,,,,0
2014,Ontario,2021A000235,Tax filers and dependants aged 15 to 64 years,Number,223,units,0,v21187912,16.4,8684960,,,,0
2014,Ontario,2021A000235,Tax filers and dependants aged 65 years and over,Number,223,units,0,v21187913,16.5,2096040,,,,0
2014,Ontario,2021A000235,All families,Number,223,units,0,v21187914,16.6,3748260,,,,0
2014,Ontario,2021A000235,Couple families,Number,223,units,0,v21187915,16.7,3192230,,,,0
2014,Ontario,2021A000235,One-parent families,Number,223,units,0,v21187916,16.8,556030,,,,0
2014,Ontario,2021A000235,"Median total income, all families",Dollars,81,units,0,v21187917,16.9,78790,,,,0
2014,Ontario,2021A000235,"Median total income of persons with income, all families",Dollars,81,units,0,v52318564,16.41,33790,,,,0
2014,Ontario,2021A000235,"Median total income, couple families",Dollars,81,units,0,v21187919,16.11,86700,,,,0
2014,Ontario,2021A000235,"Median total income of persons with income, couple families",Dollars,81,units,0,v52318565,16.42,34710,,,,0
2014,Ontario,2021A000235,"Median total income, one-parent families",Dollars,81,units,0,v21187921,16.13,42290,,,,0
2014,Ontario,2021A000235,"Median total income of persons with income, one-parent families",Dollars,81,units,0,v52318566,16.43,28050,,,,0
2014,Ontario,2021A000235,Total persons in families,Number,223,units,0,v21187923,16.15,10957820,,,,0
2014,Ontario,2021A000235,Persons in couple families,Number,223,units,0,v21187924,16.16,9541640,,,,0
2014,Ontario,2021A000235,Persons in one-parent families,Number,223,units,0,v21187925,16.17,1416180,,,,0
2014,Ontario,2021A000235,Persons not in census families,Number,223,units,0,v21187926,16.18,2082450,,,,0
2014,Ontario,2021A000235,Median total income of persons not in census families with income,Dollars,81,units,0,v52318567,16.44,27740,,,,0
2014,Ontario,2021A000235,Families with employment income,Number,223,units,0,v21187929,16.21,3187980,,,,0
2014,Ontario,2021A000235,Median employment income of families,Dollars,81,units,0,v21187930,16.22,70490,,,,0
2014,Ontario,2021A000235,Persons not in census families with employment income,Number,223,units,0,v21187931,16.23,1227480,,,,0
2014,Ontario,2021A000235,Median employment income of persons not in census families,Dollars,81,units,0,v21187932,16.24,28610,,,,0
2014,Ontario,2021A000235,Dual-earner couple families,Number,223,units,0,v21187933,16.25,1833500,,,,0
2014,Ontario,2021A000235,Median employment income of dual-earner couple families,Dollars,81,units,0,v21187934,16.26,94560,,,,0
2014,Ontario,2021A000235,Single-earner-male couple families,Number,223,units,0,v21187935,16.27,563740,,,,0
2014,Ontario,2021A000235,Median employment income of single-earner-male couple families,Dollars,81,units,0,v21187936,16.28,29700,,,,0
2014,Ontario,2021A000235,Single-earner-female couple families,Number,223,units,0,v21187937,16.29,256720,,,,0
2014,Ontario,2021A000235,Median employment income of single-earner-female couple families,Dollars,81,units,0,v21187938,16.30,24090,,,,0
2014,Ontario,2021A000235,Families with government transfers,Number,223,units,0,v21187939,16.31,3261670,,,,0
2014,Ontario,2021A000235,Median government transfers to families,Dollars,81,units,0,v52318568,16.45,8050,,,,0
2014,Ontario,2021A000235,Persons not in census families with government transfers,Number,223,units,0,v21187941,16.33,1769040,,,,0
2014,Ontario,2021A000235,Median government transfers to persons not in census families,Dollars,81,units,0,v52318569,16.46,9310,,,,0
2014,Ontario,2021A000235,Families with labour income,Number,223,units,0,v21187943,16.35,3198400,,,,0
2014,Ontario,2021A000235,Families receiving Employment Insurance benefits,Number,223,units,0,v21187944,16.36,567400,,,,0
2014,Ontario,2021A000235,Median Employment Insurance benefits received by families,Dollars,81,units,0,v52318570,16.47,5960,,,,0
2014,Ontario,2021A000235,Persons not in census families with labour income,Number,223,units,0,v21187946,16.38,1235240,,,,0
2014,Ontario,2021A000235,Persons not in census families receiving Employment Insurance benefits,Number,223,units,0,v21187947,16.39,112200,,,,0
2014,Ontario,2021A000235,Median Employment Insurance benefits received by persons not in census families,Dollars,81,units,0,v52318571,16.48,4940,,,,0
2014,"Oshawa, Ontario",2016S0503532,All tax filers,Number,223,units,0,v21187989,18.1,275900,,,,0
2014,"Oshawa, Ontario",2016S0503532,"All tax filers and dependants, all age groups",Number,223,units,0,v21187990,18.2,362110,,,,0
2014,"Oshawa, Ontario",2016S0503532,"Tax filers and dependants, under age 15 years",Number,223,units,0,v21187991,18.3,69160,,,,0
2014,"Oshawa, Ontario",2016S0503532,Tax filers and dependants aged 15 to 64 years,Number,223,units,0,v21187992,18.4,241450,,,,0
2014,"Oshawa, Ontario",2016S0503532,Tax filers and dependants aged 65 years and over,Number,223,units,0,v21187993,18.5,51500,,,,0
2014,"Oshawa, Ontario",2016S0503532,All families,Number,223,units,0,v21187994,18.6,104960,,,,0
2014,"Oshawa, Ontario",2016S0503532,Couple families,Number,223,units,0,v21187995,18.7,87570,,,,0
2014,"Oshawa, Ontario",2016S0503532,One-parent families,Number,223,units,0,v21187996,18.8,17390,,,,0
2014,"Oshawa, Ontario",2016S0503532,"Median total income, all families",Dollars,81,units,0,v21187997,18.9,89430,,,,0
2014,"Oshawa, Ontario",2016S0503532,"Median total income of persons with income, all families",Dollars,81,units,0,v52318580,18.41,39020,,,,0
2014,"Oshawa, Ontario",2016S0503532,"Median total income, couple families",Dollars,81,units,0,v21187999,18.11,99210,,,,0
2014,"Oshawa, Ontario",2016S0503532,"Median total income of persons with income, couple families",Dollars,81,units,0,v52318581,18.42,40430,,,,0
2014,"Oshawa, Ontario",2016S0503532,"Median total income, one-parent families",Dollars,81,units,0,v21188001,18.13,45590,,,,0
2014,"Oshawa, Ontario",2016S0503532,"Median total income of persons with income, one-parent families",Dollars,81,units,0,v52318582,18.43,30000,,,,0
2014,"Oshawa, Ontario",2016S0503532,Total persons in families,Number,223,units,0,v21188003,18.15,312500,,,,0
2014,"Oshawa, Ontario",2016S0503532,Persons in couple families,Number,223,units,0,v21188004,18.16,267900,,,,0
2014,"Oshawa, Ontario",2016S0503532,Persons in one-parent families,Number,223,units,0,v21188005,18.17,44600,,,,0
2014,"Oshawa, Ontario",2016S0503532,Persons not in census families,Number,223,units,0,v21188006,18.18,49600,,,,0
2014,"Oshawa, Ontario",2016S0503532,Median total income of persons not in census families with income,Dollars,81,units,0,v52318583,18.44,31120,,,,0
2014,"Oshawa, Ontario",2016S0503532,Families with employment income,Number,223,units,0,v21188009,18.21,92790,,,,0
2014,"Oshawa, Ontario",2016S0503532,Median employment income of families,Dollars,81,units,0,v21188010,18.22,81260,,,,0
2014,"Oshawa, Ontario",2016S0503532,Persons not in census families with employment income,Number,223,units,0,v21188011,18.23,30360,,,,0
2014,"Oshawa, Ontario",2016S0503532,Median employment income of persons not in census families,Dollars,81,units,0,v21188012,18.24,29250,,,,0
2014,"Oshawa, Ontario",2016S0503532,Dual-earner couple families,Number,223,units,0,v21188013,18.25,55480,,,,0
2014,"Oshawa, Ontario",2016S0503532,Median employment income of dual-earner couple families,Dollars,81,units,0,v21188014,18.26,104240,,,,0
2014,"Oshawa, Ontario",2016S0503532,Single-earner-male couple families,Number,223,units,0,v21188015,18.27,15580,,,,0
2014,"Oshawa, Ontario",2016S0503532,Median employment income of single-earner-male couple families,Dollars,81,units,0,v21188016,18.28,32740,,,,0
2014,"Oshawa, Ontario",2016S0503532,Single-earner-female couple families,Number,223,units,0,v21188017,18.29,5870,,,,0
2014,"Oshawa, Ontario",2016S0503532,Median employment income of single-earner-female couple families,Dollars,81,units,0,v21188018,18.30,26220,,,,0
2014,"Oshawa, Ontario",2016S0503532,Families with government transfers,Number,223,units,0,v21188019,18.31,91110,,,,0
2014,"Oshawa, Ontario",2016S0503532,Median government transfers to families,Dollars,81,units,0,v52318584,18.45,7510,,,,0
2014,"Oshawa, Ontario",2016S0503532,Persons not in census families with government transfers,Number,223,units,0,v21188021,18.33,41560,,,,0
2014,"Oshawa, Ontario",2016S0503532,Median government transfers to persons not in census families,Dollars,81,units,0,v52318585,18.46,10840,,,,0
2014,"Oshawa, Ontario",2016S0503532,Families with labour income,Number,223,units,0,v21188023,18.35,93040,,,,0
2014,"Oshawa, Ontario",2016S0503532,Families receiving Employment Insurance benefits,Number,223,units,0,v21188024,18.36,18280,,,,0
2014,"Oshawa, Ontario",2016S0503532,Median Employment Insurance benefits received by families,Dollars,81,units,0,v52318586,18.47,5490,,,,0
2014,"Oshawa, Ontario",2016S0503532,Persons not in census families with labour income,Number,223,units,0,v21188026,18.38,30540,,,,0
2014,"Oshawa, Ontario",2016S0503532,Persons not in census families receiving Employment Insurance benefits,Number,223,units,0,v21188027,18.39,3240,,,,0
2014,"Oshawa, Ontario",2016S0503532,Median Employment Insurance benefits received by persons not in census families,Dollars,81,units,0,v52318587,18.48,4210,,,,0
2014,"Toronto, Ontario",2016S0503535,All tax filers,Number,223,units,0,v21188029,19.1,4479610,,,,0
2014,"Toronto, Ontario",2016S0503535,"All tax filers and dependants, all age groups",Number,223,units,0,v21188030,19.2,5801820,,,,0
2014,"Toronto, Ontario",2016S0503535,"Tax filers and dependants, under age 15 years",Number,223,units,0,v21188031,19.3,1026870,,,,0
2014,"Toronto, Ontario",2016S0503535,Tax filers and dependants aged 15 to 64 years,Number,223,units,0,v21188032,19.4,3967110,,,,0
2014,"Toronto, Ontario",2016S0503535,Tax filers and dependants aged 65 years and over,Number,223,units,0,v21188033,19.5,807840,,,,0
2014,"Toronto, Ontario",2016S0503535,All families,Number,223,units,0,v21188034,19.6,1639040,,,,0
2014,"Toronto, Ontario",2016S0503535,Couple families,Number,223,units,0,v21188035,19.7,1400550,,,,0
2014,"Toronto, Ontario",2016S0503535,One-parent families,Number,223,units,0,v21188036,19.8,238480,,,,0
2014,"Toronto, Ontario",2016S0503535,"Median total income, all families",Dollars,81,units,0,v21188037,19.9,75270,,,,0
2014,"Toronto, Ontario",2016S0503535,"Median total income of persons with income, all families",Dollars,81,units,0,v52318588,19.41,31310,,,,0
2014,"Toronto, Ontario",2016S0503535,"Median total income, couple families",Dollars,81,units,0,v21188039,19.11,83010,,,,0
2014,"Toronto, Ontario",2016S0503535,"Median total income of persons with income, couple families",Dollars,81,units,0,v52318589,19.42,31860,,,,0
2014,"Toronto, Ontario",2016S0503535,"Median total income, one-parent families",Dollars,81,units,0,v21188041,19.13,43380,,,,0
2014,"Toronto, Ontario",2016S0503535,"Median total income of persons with income, one-parent families",Dollars,81,units,0,v52318590,19.43,27910,,,,0
2014,"Toronto, Ontario",2016S0503535,Total persons in families,Number,223,units,0,v21188043,19.15,4901620,,,,0
2014,"Toronto, Ontario",2016S0503535,Persons in couple families,Number,223,units,0,v21188044,19.16,4297250,,,,0
2014,"Toronto, Ontario",2016S0503535,Persons in one-parent families,Number,223,units,0,v21188045,19.17,604370,,,,0
2014,"Toronto, Ontario",2016S0503535,Persons not in census families,Number,223,units,0,v21188046,19.18,900210,,,,0
2014,"Toronto, Ontario",2016S0503535,Median total income of persons not in census families with income,Dollars,81,units,0,v52318591,19.44,25660,,,,0
2014,"Toronto, Ontario",2016S0503535,Families with employment income,Number,223,units,0,v21188049,19.21,1404450,,,,0
2014,"Toronto, Ontario",2016S0503535,Median employment income of families,Dollars,81,units,0,v21188050,19.22,70520,,,,0
2014,"Toronto, Ontario",2016S0503535,Persons not in census families with employment income,Number,223,units,0,v21188051,19.23,555360,,,,0
2014,"Toronto, Ontario",2016S0503535,Median employment income of persons not in census families,Dollars,81,units,0,v21188052,19.24,29760,,,,0
2014,"Toronto, Ontario",2016S0503535,Dual-earner couple families,Number,223,units,0,v21188053,19.25,796050,,,,0
2014,"Toronto, Ontario",2016S0503535,Median employment income of dual-earner couple families,Dollars,81,units,0,v21188054,19.26,94290,,,,0
2014,"Toronto, Ontario",2016S0503535,Single-earner-male couple families,Number,223,units,0,v21188055,19.27,251330,,,,0
2014,"Toronto, Ontario",2016S0503535,Median employment income of single-earner-male couple families,Dollars,81,units,0,v21188056,19.28,34460,,,,0
2014,"Toronto, Ontario",2016S0503535,Single-earner-female couple families,Number,223,units,0,v21188057,19.29,123290,,,,0
2014,"Toronto, Ontario",2016S0503535,Median employment income of single-earner-female couple families,Dollars,81,units,0,v21188058,19.30,24650,,,,0
2014,"Toronto, Ontario",2016S0503535,Families with government transfers,Number,223,units,0,v21188059,19.31,1421330,,,,0
2014,"Toronto, Ontario",2016S0503535,Median government transfers to families,Dollars,81,units,0,v52318592,19.45,6030,,,,0
2014,"Toronto, Ontario",2016S0503535,Persons not in census families with government transfers,Number,223,units,0,v21188061,19.33,746050,,,,0
2014,"Toronto, Ontario",2016S0503535,Median government transfers to persons not in census families,Dollars,81,units,0,v52318593,19.46,4870,,,,0
2014,"Toronto, Ontario",2016S0503535,Families with labour income,Number,223,units,0,v21188063,19.35,1409650,,,,0
2014,"Toronto, Ontario",2016S0503535,Families receiving Employment Insurance benefits,Number,223,units,0,v21188064,19.36,226290,,,,0
2014,"Toronto, Ontario",2016S0503535,Median Employment Insurance benefits received by families,Dollars,81,units,0,v52318594,19.47,6310,,,,0
2014,"Toronto, Ontario",2016S0503535,Persons not in census families with labour income,Number,223,units,0,v21188066,19.38,559010,,,,0
2014,"Toronto, Ontario",2016S0503535,Persons not in census families receiving Employment Insurance benefits,Number,223,units,0,v21188067,19.39,40490,,,,0
2014,"Toronto, Ontario",2016S0503535,Median Employment Insurance benefits received by persons not in census families,Dollars,81,units,0,v52318595,19.48,5100,,,,0
2014,"Hamilton, Ontario",2016S0503537,All tax filers,Number,223,units,0,v21188069,20.1,560060,,,,0
2014,"Hamilton, Ontario",2016S0503537,"All tax filers and dependants, all age groups",Number,223,units,0,v21188070,20.2,713970,,,,0
2014,"Hamilton, Ontario",2016S0503537,"Tax filers and dependants, under age 15 years",Number,223,units,0,v21188071,20.3,123520,,,,0
2014,"Hamilton, Ontario",2016S0503537,Tax filers and dependants aged 15 to 64 years,Number,223,units,0,v21188072,20.4,466730,,,,0
2014,"Hamilton, Ontario",2016S0503537,Tax filers and dependants aged 65 years and over,Number,223,units,0,v21188073,20.5,123720,,,,0
2014,"Hamilton, Ontario",2016S0503537,All families,Number,223,units,0,v21188074,20.6,204230,,,,0
2014,"Hamilton, Ontario",2016S0503537,Couple families,Number,223,units,0,v21188075,20.7,172040,,,,0
2014,"Hamilton, Ontario",2016S0503537,One-parent families,Number,223,units,0,v21188076,20.8,32190,,,,0
2014,"Hamilton, Ontario",2016S0503537,"Median total income, all families",Dollars,81,units,0,v21188077,20.9,84980,,,,0
2014,"Hamilton, Ontario",2016S0503537,"Median total income of persons with income, all families",Dollars,81,units,0,v52318596,20.41,36230,,,,0
2014,"Hamilton, Ontario",2016S0503537,"Median total income, couple families",Dollars,81,units,0,v21188079,20.11,94030,,,,0
2014,"Hamilton, Ontario",2016S0503537,"Median total income of persons with income, couple families",Dollars,81,units,0,v52318597,20.42,37450,,,,0
2014,"Hamilton, Ontario",2016S0503537,"Median total income, one-parent families",Dollars,81,units,0,v21188081,20.13,44430,,,,0
2014,"Hamilton, Ontario",2016S0503537,"Median total income of persons with income, one-parent families",Dollars,81,units,0,v52318598,20.43,28580,,,,0
2014,"Hamilton, Ontario",2016S0503537,Total persons in families,Number,223,units,0,v21188083,20.15,597950,,,,0
2014,"Hamilton, Ontario",2016S0503537,Persons in couple families,Number,223,units,0,v21188084,20.16,515920,,,,0
2014,"Hamilton, Ontario",2016S0503537,Persons in one-parent families,Number,223,units,0,v21188085,20.17,82040,,,,0
2014,"Hamilton, Ontario",2016S0503537,Persons not in census families,Number,223,units,0,v21188086,20.18,116020,,,,0
2014,"Hamilton, Ontario",2016S0503537,Median total income of persons not in census families with income,Dollars,81,units,0,v52318599,20.44,29390,,,,0
2014,"Hamilton, Ontario",2016S0503537,Families with employment income,Number,223,units,0,v21188089,20.21,174750,,,,0
2014,"Hamilton, Ontario",2016S0503537,Median employment income of families,Dollars,81,units,0,v21188090,20.22,76360,,,,0
2014,"Hamilton, Ontario",2016S0503537,Persons not in census families with employment income,Number,223,units,0,v21188091,20.23,66220,,,,0
2014,"Hamilton, Ontario",2016S0503537,Median employment income of persons not in census families,Dollars,81,units,0,v21188092,20.24,29030,,,,0
2014,"Hamilton, Ontario",2016S0503537,Dual-earner couple families,Number,223,units,0,v21188093,20.25,102010,,,,0
2014,"Hamilton, Ontario",2016S0503537,Median employment income of dual-earner couple families,Dollars,81,units,0,v21188094,20.26,100600,,,,0
2014,"Hamilton, Ontario",2016S0503537,Single-earner-male couple families,Number,223,units,0,v21188095,20.27,30440,,,,0
2014,"Hamilton, Ontario",2016S0503537,Median employment income of single-earner-male couple families,Dollars,81,units,0,v21188096,20.28,26310,,,,0
2014,"Hamilton, Ontario",2016S0503537,Single-earner-female couple families,Number,223,units,0,v21188097,20.29,12620,,,,0
2014,"Hamilton, Ontario",2016S0503537,Median employment income of single-earner-female couple families,Dollars,81,units,0,v21188098,20.30,26560,,,,0
2014,"Hamilton, Ontario",2016S0503537,Families with government transfers,Number,223,units,0,v21188099,20.31,177520,,,,0
2014,"Hamilton, Ontario",2016S0503537,Median government transfers to families,Dollars,81,units,0,v52318600,20.45,8760,,,,0
2014,"Hamilton, Ontario",2016S0503537,Persons not in census families with government transfers,Number,223,units,0,v21188101,20.33,99280,,,,0
2014,"Hamilton, Ontario",2016S0503537,Median government transfers to persons not in census families,Dollars,81,units,0,v52318601,20.46,11990,,,,0
2014,"Hamilton, Ontario",2016S0503537,Families with labour income,Number,223,units,0,v21188103,20.35,175200,,,,0
2014,"Hamilton, Ontario",2016S0503537,Families receiving Employment Insurance benefits,Number,223,units,0,v21188104,20.36,30670,,,,0
2014,"Hamilton, Ontario",2016S0503537,Median Employment Insurance benefits received by families,Dollars,81,units,0,v52318602,20.47,5510,,,,0
2014,"Hamilton, Ontario",2016S0503537,Persons not in census families with labour income,Number,223,units,0,v21188106,20.38,66570,,,,0
2014,"Hamilton, Ontario",2016S0503537,Persons not in census families receiving Employment Insurance benefits,Number,223,units,0,v21188107,20.39,5990,,,,0
2014,"Hamilton, Ontario",2016S0503537,Median Employment Insurance benefits received by persons not in census families,Dollars,81,units,0,v52318603,20.48,4550,,,,0
2015,Canada,2021A11124,All tax filers,Number,223,units,0,v21187309,1.1,27118580,,,,0
2015,Canada,2021A11124,"All tax filers and dependants, all age groups",Number,223,units,0,v21187310,1.2,34465690,,,,0
2015,Canada,2021A11124,"Tax filers and dependants, under age 15 years",Number,223,units,0,v21187311,1.3,5940440,,,,0
2015,Canada,2021A11124,Tax filers and dependants aged 15 to 64 years,Number,223,units,0,v21187312,1.4,22832560,,,,0
2015,Canada,2021A11124,Tax filers and dependants aged 65 years and over,Number,223,units,0,v21187313,1.5,5692700,,,,0
2015,Canada,2021A11124,All families,Number,223,units,0,v21187314,1.6,9862210,,,,0
2015,Canada,2021A11124,Couple families,Number,223,units,0,v21187315,1.7,8441770,,,,0
2015,Canada,2021A11124,One-parent families,Number,223,units,0,v21187316,1.8,1420450,,,,0
2015,Canada,2021A11124,"Median total income, all families",Dollars,81,units,0,v21187317,1.9,80940,,,,0
2015,Canada,2021A11124,"Median total income of persons with income, all families",Dollars,81,units,0,v52318444,1.41,35720,,,,0
2015,Canada,2021A11124,"Median total income, couple families",Dollars,81,units,0,v21187319,1.11,88610,,,,0
2015,Canada,2021A11124,"Median total income of persons with income, couple families",Dollars,81,units,0,v52318445,1.42,36600,,,,0
2015,Canada,2021A11124,"Median total income, one-parent families",Dollars,81,units,0,v21187321,1.13,43630,,,,0
2015,Canada,2021A11124,"Median total income of persons with income, one-parent families",Dollars,81,units,0,v52318446,1.43,29110,,,,0
2015,Canada,2021A11124,Total persons in families,Number,223,units,0,v21187323,1.15,28410430,,,,0
2015,Canada,2021A11124,Persons in couple families,Number,223,units,0,v21187324,1.16,24780020,,,,0
2015,Canada,2021A11124,Persons in one-parent families,Number,223,units,0,v21187325,1.17,3630410,,,,0
2015,Canada,2021A11124,Persons not in census families,Number,223,units,0,v21187326,1.18,6055270,,,,0
2015,Canada,2021A11124,Median total income of persons not in census families with income,Dollars,81,units,0,v52318447,1.44,28410,,,,0
2015,Canada,2021A11124,Families with employment income,Number,223,units,0,v21187329,1.21,8412040,,,,0
2015,Canada,2021A11124,Median employment income of families,Dollars,81,units,0,v21187330,1.22,70770,,,,0
2015,Canada,2021A11124,Persons not in census families with employment income,Number,223,units,0,v21187331,1.23,3656340,,,,0
2015,Canada,2021A11124,Median employment income of persons not in census families,Dollars,81,units,0,v21187332,1.24,29780,,,,0
2015,Canada,2021A11124,Dual-earner couple families,Number,223,units,0,v21187333,1.25,4978140,,,,0
2015,Canada,2021A11124,Median employment income of dual-earner couple families,Dollars,81,units,0,v21187334,1.26,92790,,,,0
2015,Canada,2021A11124,Single-earner-male couple families,Number,223,units,0,v21187335,1.27,1394080,,,,0
2015,Canada,2021A11124,Median employment income of single-earner-male couple families,Dollars,81,units,0,v21187336,1.28,32460,,,,0
2015,Canada,2021A11124,Single-earner-female couple families,Number,223,units,0,v21187337,1.29,664180,,,,0
2015,Canada,2021A11124,Median employment income of single-earner-female couple families,Dollars,81,units,0,v21187338,1.30,23510,,,,0
2015,Canada,2021A11124,Families with government transfers,Number,223,units,0,v21187339,1.31,8642300,,,,0
2015,Canada,2021A11124,Median government transfers to families,Dollars,81,units,0,v52318448,1.45,9210,,,,0
2015,Canada,2021A11124,Persons not in census families with government transfers,Number,223,units,0,v21187341,1.33,5135340,,,,0
2015,Canada,2021A11124,Median government transfers to persons not in census families,Dollars,81,units,0,v52318449,1.46,9170,,,,0
2015,Canada,2021A11124,Families with labour income,Number,223,units,0,v21187343,1.35,8439840,,,,0
2015,Canada,2021A11124,Families receiving Employment Insurance benefits,Number,223,units,0,v21187344,1.36,1769930,,,,0
2015,Canada,2021A11124,Median Employment Insurance benefits received by families,Dollars,81,units,0,v52318450,1.47,6640,,,,0
2015,Canada,2021A11124,Persons not in census families with labour income,Number,223,units,0,v21187346,1.38,3678380,,,,0
2015,Canada,2021A11124,Persons not in census families receiving Employment Insurance benefits,Number,223,units,0,v21187347,1.39,428990,,,,0
2015,Canada,2021A11124,Median Employment Insurance benefits received by persons not in census families,Dollars,81,units,0,v52318451,1.48,5430,,,,0
2015,Ontario,2021A000235,All tax filers,Number,223,units,0,v21187909,16.1,10292850,,,,0
2015,Ontario,2021A000235,"All tax filers and dependants, all age groups",Number,223,units,0,v21187910,16.2,13170010,,,,0
2015,Ontario,2021A000235,"Tax filers and dependants, under age 15 years",Number,223,units,0,v21187911,16.3,2275790,,,,0
2015,Ontario,2021A000235,Tax filers and dependants aged 15 to 64 years,Number,223,units,0,v21187912,16.4,8732860,,,,0
2015,Ontario,2021A000235,Tax filers and dependants aged 65 years and over,Number,223,units,0,v21187913,16.5,2161370,,,,0
2015,Ontario,2021A000235,All families,Number,223,units,0,v21187914,16.6,3780210,,,,0
2015,Ontario,2021A000235,Couple families,Number,223,units,0,v21187915,16.7,3218890,,,,0
2015,Ontario,2021A000235,One-parent families,Number,223,units,0,v21187916,16.8,561320,,,,0
2015,Ontario,2021A000235,"Median total income, all families",Dollars,81,units,0,v21187917,16.9,81480,,,,0
2015,Ontario,2021A000235,"Median total income of persons with income, all families",Dollars,81,units,0,v52318564,16.41,35450,,,,0
2015,Ontario,2021A000235,"Median total income, couple families",Dollars,81,units,0,v21187919,16.11,89550,,,,0
2015,Ontario,2021A000235,"Median total income of persons with income, couple families",Dollars,81,units,0,v52318565,16.42,36350,,,,0
2015,Ontario,2021A000235,"Median total income, one-parent families",Dollars,81,units,0,v21187921,16.13,44380,,,,0
2015,Ontario,2021A000235,"Median total income of persons with income, one-parent families",Dollars,81,units,0,v52318566,16.43,29550,,,,0
2015,Ontario,2021A000235,Total persons in families,Number,223,units,0,v21187923,16.15,11036990,,,,0
2015,Ontario,2021A000235,Persons in couple families,Number,223,units,0,v21187924,16.16,9603870,,,,0
2015,Ontario,2021A000235,Persons in one-parent families,Number,223,units,0,v21187925,16.17,1433120,,,,0
2015,Ontario,2021A000235,Persons not in census families,Number,223,units,0,v21187926,16.18,2133020,,,,0
2015,Ontario,2021A000235,Median total income of persons not in census families with income,Dollars,81,units,0,v52318567,16.44,28540,,,,0
2015,Ontario,2021A000235,Families with employment income,Number,223,units,0,v21187929,16.21,3217270,,,,0
2015,Ontario,2021A000235,Median employment income of families,Dollars,81,units,0,v21187930,16.22,72050,,,,0
2015,Ontario,2021A000235,Persons not in census families with employment income,Number,223,units,0,v21187931,16.23,1263650,,,,0
2015,Ontario,2021A000235,Median employment income of persons not in census families,Dollars,81,units,0,v21187932,16.24,29160,,,,0
2015,Ontario,2021A000235,Dual-earner couple families,Number,223,units,0,v21187933,16.25,1853540,,,,0
2015,Ontario,2021A000235,Median employment income of dual-earner couple families,Dollars,81,units,0,v21187934,16.26,96560,,,,0
2015,Ontario,2021A000235,Single-earner-male couple families,Number,223,units,0,v21187935,16.27,563310,,,,0
2015,Ontario,2021A000235,Median employment income of single-earner-male couple families,Dollars,81,units,0,v21187936,16.28,30000,,,,0
2015,Ontario,2021A000235,Single-earner-female couple families,Number,223,units,0,v21187937,16.29,261040,,,,0
2015,Ontario,2021A000235,Median employment income of single-earner-female couple families,Dollars,81,units,0,v21187938,16.30,24690,,,,0
2015,Ontario,2021A000235,Families with government transfers,Number,223,units,0,v21187939,16.31,3337140,,,,0
2015,Ontario,2021A000235,Median government transfers to families,Dollars,81,units,0,v52318568,16.45,8650,,,,0
2015,Ontario,2021A000235,Persons not in census families with government transfers,Number,223,units,0,v21187941,16.33,1820250,,,,0
2015,Ontario,2021A000235,Median government transfers to persons not in census families,Dollars,81,units,0,v52318569,16.46,9480,,,,0
2015,Ontario,2021A000235,Families with labour income,Number,223,units,0,v21187943,16.35,3227260,,,,0
2015,Ontario,2021A000235,Families receiving Employment Insurance benefits,Number,223,units,0,v21187944,16.36,569790,,,,0
2015,Ontario,2021A000235,Median Employment Insurance benefits received by families,Dollars,81,units,0,v52318570,16.47,6080,,,,0
2015,Ontario,2021A000235,Persons not in census families with labour income,Number,223,units,0,v21187946,16.38,1270990,,,,0
2015,Ontario,2021A000235,Persons not in census families receiving Employment Insurance benefits,Number,223,units,0,v21187947,16.39,114040,,,,0
2015,Ontario,2021A000235,Median Employment Insurance benefits received by persons not in census families,Dollars,81,units,0,v52318571,16.48,5140,,,,0
2015,"Oshawa, Ontario",2016S0503532,All tax filers,Number,223,units,0,v21187989,18.1,280680,,,,0
2015,"Oshawa, Ontario",2016S0503532,"All tax filers and dependants, all age groups",Number,223,units,0,v21187990,18.2,368240,,,,0
2015,"Oshawa, Ontario",2016S0503532,"Tax filers and dependants, under age 15 years",Number,223,units,0,v21187991,18.3,70670,,,,0
2015,"Oshawa, Ontario",2016S0503532,Tax filers and dependants aged 15 to 64 years,Number,223,units,0,v21187992,18.4,244150,,,,0
2015,"Oshawa, Ontario",2016S0503532,Tax filers and dependants aged 65 years and over,Number,223,units,0,v21187993,18.5,53420,,,,0
2015,"Oshawa, Ontario",2016S0503532,All families,Number,223,units,0,v21187994,18.6,106500,,,,0
2015,"Oshawa, Ontario",2016S0503532,Couple families,Number,223,units,0,v21187995,18.7,88810,,,,0
2015,"Oshawa, Ontario",2016S0503532,One-parent families,Number,223,units,0,v21187996,18.8,17690,,,,0
2015,"Oshawa, Ontario",2016S0503532,"Median total income, all families",Dollars,81,units,0,v21187997,18.9,92080,,,,0
2015,"Oshawa, Ontario",2016S0503532,"Median total income of persons with income, all families",Dollars,81,units,0,v52318580,18.41,40400,,,,0
2015,"Oshawa, Ontario",2016S0503532,"Median total income, couple families",Dollars,81,units,0,v21187999,18.11,101780,,,,0
2015,"Oshawa, Ontario",2016S0503532,"Median total income of persons with income, couple families",Dollars,81,units,0,v52318581,18.42,41780,,,,0
2015,"Oshawa, Ontario",2016S0503532,"Median total income, one-parent families",Dollars,81,units,0,v21188001,18.13,47850,,,,0
2015,"Oshawa, Ontario",2016S0503532,"Median total income of persons with income, one-parent families",Dollars,81,units,0,v52318582,18.43,31670,,,,0
2015,"Oshawa, Ontario",2016S0503532,Total persons in families,Number,223,units,0,v21188003,18.15,317170,,,,0
2015,"Oshawa, Ontario",2016S0503532,Persons in couple families,Number,223,units,0,v21188004,18.16,271690,,,,0
2015,"Oshawa, Ontario",2016S0503532,Persons in one-parent families,Number,223,units,0,v21188005,18.17,45480,,,,0
2015,"Oshawa, Ontario",2016S0503532,Persons not in census families,Number,223,units,0,v21188006,18.18,51070,,,,0
2015,"Oshawa, Ontario",2016S0503532,Median total income of persons not in census families with income,Dollars,81,units,0,v52318583,18.44,31990,,,,0
2015,"Oshawa, Ontario",2016S0503532,Families with employment income,Number,223,units,0,v21188009,18.21,94210,,,,0
2015,"Oshawa, Ontario",2016S0503532,Median employment income of families,Dollars,81,units,0,v21188010,18.22,82320,,,,0
2015,"Oshawa, Ontario",2016S0503532,Persons not in census families with employment income,Number,223,units,0,v21188011,18.23,31360,,,,0
2015,"Oshawa, Ontario",2016S0503532,Median employment income of persons not in census families,Dollars,81,units,0,v21188012,18.24,29560,,,,0
2015,"Oshawa, Ontario",2016S0503532,Dual-earner couple families,Number,223,units,0,v21188013,18.25,56180,,,,0
2015,"Oshawa, Ontario",2016S0503532,Median employment income of dual-earner couple families,Dollars,81,units,0,v21188014,18.26,106020,,,,0
2015,"Oshawa, Ontario",2016S0503532,Single-earner-male couple families,Number,223,units,0,v21188015,18.27,15690,,,,0
2015,"Oshawa, Ontario",2016S0503532,Median employment income of single-earner-male couple families,Dollars,81,units,0,v21188016,18.28,32500,,,,0
2015,"Oshawa, Ontario",2016S0503532,Single-earner-female couple families,Number,223,units,0,v21188017,18.29,6130,,,,0
2015,"Oshawa, Ontario",2016S0503532,Median employment income of single-earner-female couple families,Dollars,81,units,0,v21188018,18.30,26780,,,,0
2015,"Oshawa, Ontario",2016S0503532,Families with government transfers,Number,223,units,0,v21188019,18.31,94070,,,,0
2015,"Oshawa, Ontario",2016S0503532,Median government transfers to families,Dollars,81,units,0,v52318584,18.45,8230,,,,0
2015,"Oshawa, Ontario",2016S0503532,Persons not in census families with government transfers,Number,223,units,0,v21188021,18.33,43170,,,,0
2015,"Oshawa, Ontario",2016S0503532,Median government transfers to persons not in census families,Dollars,81,units,0,v52318585,18.46,10860,,,,0
2015,"Oshawa, Ontario",2016S0503532,Families with labour income,Number,223,units,0,v21188023,18.35,94460,,,,0
2015,"Oshawa, Ontario",2016S0503532,Families receiving Employment Insurance benefits,Number,223,units,0,v21188024,18.36,18410,,,,0
2015,"Oshawa, Ontario",2016S0503532,Median Employment Insurance benefits received by families,Dollars,81,units,0,v52318586,18.47,5650,,,,0
2015,"Oshawa, Ontario",2016S0503532,Persons not in census families with labour income,Number,223,units,0,v21188026,18.38,31500,,,,0
2015,"Oshawa, Ontario",2016S0503532,Persons not in census families receiving Employment Insurance benefits,Number,223,units,0,v21188027,18.39,3250,,,,0
2015,"Oshawa, Ontario",2016S0503532,Median Employment Insurance benefits received by persons not in census families,Dollars,81,units,0,v52318587,18.48,4400,,,,0
2015,"Toronto, Ontario",2016S0503535,All tax filers,Number,223,units,0,v21188029,19.1,4543360,,,,0
2015,"Toronto, Ontario",2016S0503535,"All tax filers and dependants, all age groups",Number,223,units,0,v21188030,19.2,5867280,,,,0
2015,"Toronto, Ontario",2016S0503535,"Tax filers and dependants, under age 15 years",Number,223,units,0,v21188031,19.3,1031370,,,,0
2015,"Toronto, Ontario",2016S0503535,Tax filers and dependants aged 15 to 64 years,Number,223,units,0,v21188032,19.4,4002170,,,,0
2015,"Toronto, Ontario",2016S0503535,Tax filers and dependants aged 65 years and over,Number,223,units,0,v21188033,19.5,833750,,,,0
2015,"Toronto, Ontario",2016S0503535,All families,Number,223,units,0,v21188034,19.6,1655210,,,,0
2015,"Toronto, Ontario",2016S0503535,Couple families,Number,223,units,0,v21188035,19.7,1414960,,,,0
2015,"Toronto, Ontario",2016S0503535,One-parent families,Number,223,units,0,v21188036,19.8,240250,,,,0
2015,"Toronto, Ontario",2016S0503535,"Median total income, all families",Dollars,81,units,0,v21188037,19.9,78280,,,,0
2015,"Toronto, Ontario",2016S0503535,"Median total income of persons with income, all families",Dollars,81,units,0,v52318588,19.41,33140,,,,0
2015,"Toronto, Ontario",2016S0503535,"Median total income, couple families",Dollars,81,units,0,v21188039,19.11,86260,,,,0
2015,"Toronto, Ontario",2016S0503535,"Median total income of persons with income, couple families",Dollars,81,units,0,v52318589,19.42,33730,,,,0
2015,"Toronto, Ontario",2016S0503535,"Median total income, one-parent families",Dollars,81,units,0,v21188041,19.13,45440,,,,0
2015,"Toronto, Ontario",2016S0503535,"Median total income of persons with income, one-parent families",Dollars,81,units,0,v52318590,19.43,29360,,,,0
2015,"Toronto, Ontario",2016S0503535,Total persons in families,Number,223,units,0,v21188043,19.15,4945670,,,,0
2015,"Toronto, Ontario",2016S0503535,Persons in couple families,Number,223,units,0,v21188044,19.16,4336450,,,,0
2015,"Toronto, Ontario",2016S0503535,Persons in one-parent families,Number,223,units,0,v21188045,19.17,609210,,,,0
2015,"Toronto, Ontario",2016S0503535,Persons not in census families,Number,223,units,0,v21188046,19.18,921610,,,,0
2015,"Toronto, Ontario",2016S0503535,Median total income of persons not in census families with income,Dollars,81,units,0,v52318591,19.44,26540,,,,0
2015,"Toronto, Ontario",2016S0503535,Families with employment income,Number,223,units,0,v21188049,19.21,1419540,,,,0
2015,"Toronto, Ontario",2016S0503535,Median employment income of families,Dollars,81,units,0,v21188050,19.22,72510,,,,0
2015,"Toronto, Ontario",2016S0503535,Persons not in census families with employment income,Number,223,units,0,v21188051,19.23,571340,,,,0
2015,"Toronto, Ontario",2016S0503535,Median employment income of persons not in census families,Dollars,81,units,0,v21188052,19.24,30270,,,,0
2015,"Toronto, Ontario",2016S0503535,Dual-earner couple families,Number,223,units,0,v21188053,19.25,807940,,,,0
2015,"Toronto, Ontario",2016S0503535,Median employment income of dual-earner couple families,Dollars,81,units,0,v21188054,19.26,96650,,,,0
2015,"Toronto, Ontario",2016S0503535,Single-earner-male couple families,Number,223,units,0,v21188055,19.27,251340,,,,0
2015,"Toronto, Ontario",2016S0503535,Median employment income of single-earner-male couple families,Dollars,81,units,0,v21188056,19.28,34740,,,,0
2015,"Toronto, Ontario",2016S0503535,Single-earner-female couple families,Number,223,units,0,v21188057,19.29,124030,,,,0
2015,"Toronto, Ontario",2016S0503535,Median employment income of single-earner-female couple families,Dollars,81,units,0,v21188058,19.30,25760,,,,0
2015,"Toronto, Ontario",2016S0503535,Families with government transfers,Number,223,units,0,v21188059,19.31,1456120,,,,0
2015,"Toronto, Ontario",2016S0503535,Median government transfers to families,Dollars,81,units,0,v52318592,19.45,6580,,,,0
2015,"Toronto, Ontario",2016S0503535,Persons not in census families with government transfers,Number,223,units,0,v21188061,19.33,765820,,,,0
2015,"Toronto, Ontario",2016S0503535,Median government transfers to persons not in census families,Dollars,81,units,0,v52318593,19.46,4830,,,,0
2015,"Toronto, Ontario",2016S0503535,Families with labour income,Number,223,units,0,v21188063,19.35,1424480,,,,0
2015,"Toronto, Ontario",2016S0503535,Families receiving Employment Insurance benefits,Number,223,units,0,v21188064,19.36,225180,,,,0
2015,"Toronto, Ontario",2016S0503535,Median Employment Insurance benefits received by families,Dollars,81,units,0,v52318594,19.47,6380,,,,0
2015,"Toronto, Ontario",2016S0503535,Persons not in census families with labour income,Number,223,units,0,v21188066,19.38,574800,,,,0
2015,"Toronto, Ontario",2016S0503535,Persons not in census families receiving Employment Insurance benefits,Number,223,units,0,v21188067,19.39,40250,,,,0
2015,"Toronto, Ontario",2016S0503535,Median Employment Insurance benefits received by persons not in census families,Dollars,81,units,0,v52318595,19.48,5260,,,,0
2015,"Hamilton, Ontario",2016S0503537,All tax filers,Number,223,units,0,v21188069,20.1,563730,,,,0
2015,"Hamilton, Ontario",2016S0503537,"All tax filers and dependants, all age groups",Number,223,units,0,v21188070,20.2,718240,,,,0
2015,"Hamilton, Ontario",2016S0503537,"Tax filers and dependants, under age 15 years",Number,223,units,0,v21188071,20.3,124540,,,,0
2015,"Hamilton, Ontario",2016S0503537,Tax filers and dependants aged 15 to 64 years,Number,223,units,0,v21188072,20.4,467790,,,,0
2015,"Hamilton, Ontario",2016S0503537,Tax filers and dependants aged 65 years and over,Number,223,units,0,v21188073,20.5,125910,,,,0
2015,"Hamilton, Ontario",2016S0503537,All families,Number,223,units,0,v21188074,20.6,204700,,,,0
2015,"Hamilton, Ontario",2016S0503537,Couple families,Number,223,units,0,v21188075,20.7,172200,,,,0
2015,"Hamilton, Ontario",2016S0503537,One-parent families,Number,223,units,0,v21188076,20.8,32500,,,,0
2015,"Hamilton, Ontario",2016S0503537,"Median total income, all families",Dollars,81,units,0,v21188077,20.9,87590,,,,0
2015,"Hamilton, Ontario",2016S0503537,"Median total income of persons with income, all families",Dollars,81,units,0,v52318596,20.41,37890,,,,0
2015,"Hamilton, Ontario",2016S0503537,"Median total income, couple families",Dollars,81,units,0,v21188079,20.11,96720,,,,0
2015,"Hamilton, Ontario",2016S0503537,"Median total income of persons with income, couple families",Dollars,81,units,0,v52318597,20.42,39160,,,,0
2015,"Hamilton, Ontario",2016S0503537,"Median total income, one-parent families",Dollars,81,units,0,v21188081,20.13,46520,,,,0
2015,"Hamilton, Ontario",2016S0503537,"Median total income of persons with income, one-parent families",Dollars,81,units,0,v52318598,20.43,30280,,,,0
2015,"Hamilton, Ontario",2016S0503537,Total persons in families,Number,223,units,0,v21188083,20.15,598220,,,,0
2015,"Hamilton, Ontario",2016S0503537,Persons in couple families,Number,223,units,0,v21188084,20.16,515140,,,,0
2015,"Hamilton, Ontario",2016S0503537,Persons in one-parent families,Number,223,units,0,v21188085,20.17,83080,,,,0
2015,"Hamilton, Ontario",2016S0503537,Persons not in census families,Number,223,units,0,v21188086,20.18,120020,,,,0
2015,"Hamilton, Ontario",2016S0503537,Median total income of persons not in census families with income,Dollars,81,units,0,v52318599,20.44,30040,,,,0
2015,"Hamilton, Ontario",2016S0503537,Families with employment income,Number,223,units,0,v21188089,20.21,175260,,,,0
2015,"Hamilton, Ontario",2016S0503537,Median employment income of families,Dollars,81,units,0,v21188090,20.22,77840,,,,0
2015,"Hamilton, Ontario",2016S0503537,Persons not in census families with employment income,Number,223,units,0,v21188091,20.23,69630,,,,0
2015,"Hamilton, Ontario",2016S0503537,Median employment income of persons not in census families,Dollars,81,units,0,v21188092,20.24,29200,,,,0
2015,"Hamilton, Ontario",2016S0503537,Dual-earner couple families,Number,223,units,0,v21188093,20.25,102000,,,,0
2015,"Hamilton, Ontario",2016S0503537,Median employment income of dual-earner couple families,Dollars,81,units,0,v21188094,20.26,103200,,,,0
2015,"Hamilton, Ontario",2016S0503537,Single-earner-male couple families,Number,223,units,0,v21188095,20.27,30420,,,,0
2015,"Hamilton, Ontario",2016S0503537,Median employment income of single-earner-male couple families,Dollars,81,units,0,v21188096,20.28,26840,,,,0
2015,"Hamilton, Ontario",2016S0503537,Single-earner-female couple families,Number,223,units,0,v21188097,20.29,12870,,,,0
2015,"Hamilton, Ontario",2016S0503537,Median employment income of single-earner-female couple families,Dollars,81,units,0,v21188098,20.30,26400,,,,0
2015,"Hamilton, Ontario",2016S0503537,Families with government transfers,Number,223,units,0,v21188099,20.31,180290,,,,0
2015,"Hamilton, Ontario",2016S0503537,Median government transfers to families,Dollars,81,units,0,v52318600,20.45,9390,,,,0
2015,"Hamilton, Ontario",2016S0503537,Persons not in census families with government transfers,Number,223,units,0,v21188101,20.33,103020,,,,0
2015,"Hamilton, Ontario",2016S0503537,Median government transfers to persons not in census families,Dollars,81,units,0,v52318601,20.46,11690,,,,0
2015,"Hamilton, Ontario",2016S0503537,Families with labour income,Number,223,units,0,v21188103,20.35,175690,,,,0
2015,"Hamilton, Ontario",2016S0503537,Families receiving Employment Insurance benefits,Number,223,units,0,v21188104,20.36,30530,,,,0
2015,"Hamilton, Ontario",2016S0503537,Median Employment Insurance benefits received by families,Dollars,81,units,0,v52318602,20.47,5730,,,,0
2015,"Hamilton, Ontario",2016S0503537,Persons not in census families with labour income,Number,223,units,0,v21188106,20.38,70000,,,,0
2015,"Hamilton, Ontario",2016S0503537,Persons not in census families receiving Employment Insurance benefits,Number,223,units,0,v21188107,20.39,6110,,,,0
2015,"Hamilton, Ontario",2016S0503537,Median Employment Insurance benefits received by persons not in census families,Dollars,81,units,0,v52318603,20.48,4620,,,,0
2016,Canada,2021A11124,All tax filers,Number,223,units,0,v21187309,1.1,27406060,,,,0
2016,Canada,2021A11124,"All tax filers and dependants, all age groups",Number,223,units,0,v21187310,1.2,34803330,,,,0
2016,Canada,2021A11124,"Tax filers and dependants, under age 15 years",Number,223,units,0,v21187311,1.3,5990990,,,,0
2016,Canada,2021A11124,Tax filers and dependants aged 15 to 64 years,Number,223,units,0,v21187312,1.4,22925840,,,,0
2016,Canada,2021A11124,Tax filers and dependants aged 65 years and over,Number,223,units,0,v21187313,1.5,5886500,,,,0
2016,Canada,2021A11124,All families,Number,223,units,0,v21187314,1.6,9940300,,,,0
2016,Canada,2021A11124,Couple families,Number,223,units,0,v21187315,1.7,8524950,,,,0
2016,Canada,2021A11124,One-parent families,Number,223,units,0,v21187316,1.8,1415350,,,,0
2016,Canada,2021A11124,"Median total income, all families",Dollars,81,units,0,v21187317,1.9,82110,,,,0
2016,Canada,2021A11124,"Median total income of persons with income, all families",Dollars,81,units,0,v52318444,1.41,36300,,,,0
2016,Canada,2021A11124,"Median total income, couple families",Dollars,81,units,0,v21187319,1.11,89610,,,,0
2016,Canada,2021A11124,"Median total income of persons with income, couple families",Dollars,81,units,0,v52318445,1.42,37130,,,,0
2016,Canada,2021A11124,"Median total income, one-parent families",Dollars,81,units,0,v21187321,1.13,45220,,,,0
2016,Canada,2021A11124,"Median total income of persons with income, one-parent families",Dollars,81,units,0,v52318446,1.43,30100,,,,0
2016,Canada,2021A11124,Total persons in families,Number,223,units,0,v21187323,1.15,28649830,,,,0
2016,Canada,2021A11124,Persons in couple families,Number,223,units,0,v21187324,1.16,25037720,,,,0
2016,Canada,2021A11124,Persons in one-parent families,Number,223,units,0,v21187325,1.17,3612100,,,,0
2016,Canada,2021A11124,Persons not in census families,Number,223,units,0,v21187326,1.18,6153500,,,,0
2016,Canada,2021A11124,Median total income of persons not in census families with income,Dollars,81,units,0,v52318447,1.44,28590,,,,0
2016,Canada,2021A11124,Families with employment income,Number,223,units,0,v21187329,1.21,8446970,,,,0
2016,Canada,2021A11124,Median employment income of families,Dollars,81,units,0,v21187330,1.22,71350,,,,0
2016,Canada,2021A11124,Persons not in census families with employment income,Number,223,units,0,v21187331,1.23,3695530,,,,0
2016,Canada,2021A11124,Median employment income of persons not in census families,Dollars,81,units,0,v21187332,1.24,29900,,,,0
2016,Canada,2021A11124,Dual-earner couple families,Number,223,units,0,v21187333,1.25,4979900,,,,0
2016,Canada,2021A11124,Median employment income of dual-earner couple families,Dollars,81,units,0,v21187334,1.26,93770,,,,0
2016,Canada,2021A11124,Single-earner-male couple families,Number,223,units,0,v21187335,1.27,1408270,,,,0
2016,Canada,2021A11124,Median employment income of single-earner-male couple families,Dollars,81,units,0,v21187336,1.28,31960,,,,0
2016,Canada,2021A11124,Single-earner-female couple families,Number,223,units,0,v21187337,1.29,679320,,,,0
2016,Canada,2021A11124,Median employment income of single-earner-female couple families,Dollars,81,units,0,v21187338,1.30,24170,,,,0
2016,Canada,2021A11124,Families with government transfers,Number,223,units,0,v21187339,1.31,8743680,,,,0
2016,Canada,2021A11124,Median government transfers to families,Dollars,81,units,0,v52318448,1.45,10050,,,,0
2016,Canada,2021A11124,Persons not in census families with government transfers,Number,223,units,0,v21187341,1.33,5169890,,,,0
2016,Canada,2021A11124,Median government transfers to persons not in census families,Dollars,81,units,0,v52318449,1.46,9780,,,,0
2016,Canada,2021A11124,Families with labour income,Number,223,units,0,v21187343,1.35,8477400,,,,0
2016,Canada,2021A11124,Families receiving Employment Insurance benefits,Number,223,units,0,v21187344,1.36,1812550,,,,0
2016,Canada,2021A11124,Median Employment Insurance benefits received by families,Dollars,81,units,0,v52318450,1.47,6820,,,,0
2016,Canada,2021A11124,Persons not in census families with labour income,Number,223,units,0,v21187346,1.38,3720560,,,,0
2016,Canada,2021A11124,Persons not in census families receiving Employment Insurance benefits,Number,223,units,0,v21187347,1.39,445990,,,,0
2016,Canada,2021A11124,Median Employment Insurance benefits received by persons not in census families,Dollars,81,units,0,v52318451,1.48,5590,,,,0
2016,Ontario,2021A000235,All tax filers,Number,223,units,0,v21187909,16.1,10438530,,,,0
2016,Ontario,2021A000235,"All tax filers and dependants, all age groups",Number,223,units,0,v21187910,16.2,13325640,,,,0
2016,Ontario,2021A000235,"Tax filers and dependants, under age 15 years",Number,223,units,0,v21187911,16.3,2279940,,,,0
2016,Ontario,2021A000235,Tax filers and dependants aged 15 to 64 years,Number,223,units,0,v21187912,16.4,8814220,,,,0
2016,Ontario,2021A000235,Tax filers and dependants aged 65 years and over,Number,223,units,0,v21187913,16.5,2231490,,,,0
2016,Ontario,2021A000235,All families,Number,223,units,0,v21187914,16.6,3819360,,,,0
2016,Ontario,2021A000235,Couple families,Number,223,units,0,v21187915,16.7,3260160,,,,0
2016,Ontario,2021A000235,One-parent families,Number,223,units,0,v21187916,16.8,559200,,,,0
2016,Ontario,2021A000235,"Median total income, all families",Dollars,81,units,0,v21187917,16.9,83160,,,,0
2016,Ontario,2021A000235,"Median total income of persons with income, all families",Dollars,81,units,0,v52318564,16.41,36270,,,,0
2016,Ontario,2021A000235,"Median total income, couple families",Dollars,81,units,0,v21187919,16.11,91110,,,,0
2016,Ontario,2021A000235,"Median total income of persons with income, couple families",Dollars,81,units,0,v52318565,16.42,37110,,,,0
2016,Ontario,2021A000235,"Median total income, one-parent families",Dollars,81,units,0,v21187921,16.13,46260,,,,0
2016,Ontario,2021A000235,"Median total income of persons with income, one-parent families",Dollars,81,units,0,v52318566,16.43,30650,,,,0
2016,Ontario,2021A000235,Total persons in families,Number,223,units,0,v21187923,16.15,11146250,,,,0
2016,Ontario,2021A000235,Persons in couple families,Number,223,units,0,v21187924,16.16,9721260,,,,0
2016,Ontario,2021A000235,Persons in one-parent families,Number,223,units,0,v21187925,16.17,1424980,,,,0
2016,Ontario,2021A000235,Persons not in census families,Number,223,units,0,v21187926,16.18,2179400,,,,0
2016,Ontario,2021A000235,Median total income of persons not in census families with income,Dollars,81,units,0,v52318567,16.44,28890,,,,0
2016,Ontario,2021A000235,Families with employment income,Number,223,units,0,v21187929,16.21,3244670,,,,0
2016,Ontario,2021A000235,Median employment income of families,Dollars,81,units,0,v21187930,16.22,73360,,,,0
2016,Ontario,2021A000235,Persons not in census families with employment income,Number,223,units,0,v21187931,16.23,1291620,,,,0
2016,Ontario,2021A000235,Median employment income of persons not in census families,Dollars,81,units,0,v21187932,16.24,29700,,,,0
2016,Ontario,2021A000235,Dual-earner couple families,Number,223,units,0,v21187933,16.25,1865380,,,,0
2016,Ontario,2021A000235,Median employment income of dual-earner couple families,Dollars,81,units,0,v21187934,16.26,98160,,,,0
2016,Ontario,2021A000235,Single-earner-male couple families,Number,223,units,0,v21187935,16.27,572720,,,,0
2016,Ontario,2021A000235,Median employment income of single-earner-male couple families,Dollars,81,units,0,v21187936,16.28,30000,,,,0
2016,Ontario,2021A000235,Single-earner-female couple families,Number,223,units,0,v21187937,16.29,264150,,,,0
2016,Ontario,2021A000235,Median employment income of single-earner-female couple families,Dollars,81,units,0,v21187938,16.30,25480,,,,0
2016,Ontario,2021A000235,Families with government transfers,Number,223,units,0,v21187939,16.31,3368460,,,,0
2016,Ontario,2021A000235,Median government transfers to families,Dollars,81,units,0,v52318568,16.45,9320,,,,0
2016,Ontario,2021A000235,Persons not in census families with government transfers,Number,223,units,0,v21187941,16.33,1829510,,,,0
2016,Ontario,2021A000235,Median government transfers to persons not in census families,Dollars,81,units,0,v52318569,16.46,10060,,,,0
2016,Ontario,2021A000235,Families with labour income,Number,223,units,0,v21187943,16.35,3254330,,,,0
2016,Ontario,2021A000235,Families receiving Employment Insurance benefits,Number,223,units,0,v21187944,16.36,560650,,,,0
2016,Ontario,2021A000235,Median Employment Insurance benefits received by families,Dollars,81,units,0,v52318570,16.47,6190,,,,0
2016,Ontario,2021A000235,Persons not in census families with labour income,Number,223,units,0,v21187946,16.38,1298710,,,,0
2016,Ontario,2021A000235,Persons not in census families receiving Employment Insurance benefits,Number,223,units,0,v21187947,16.39,111940,,,,0
2016,Ontario,2021A000235,Median Employment Insurance benefits received by persons not in census families,Dollars,81,units,0,v52318571,16.48,5170,,,,0
2016,"Oshawa, Ontario",2016S0503532,All tax filers,Number,223,units,0,v21187989,18.1,284730,,,,0
2016,"Oshawa, Ontario",2016S0503532,"All tax filers and dependants, all age groups",Number,223,units,0,v21187990,18.2,373430,,,,0
2016,"Oshawa, Ontario",2016S0503532,"Tax filers and dependants, under age 15 years",Number,223,units,0,v21187991,18.3,71670,,,,0
2016,"Oshawa, Ontario",2016S0503532,Tax filers and dependants aged 15 to 64 years,Number,223,units,0,v21187992,18.4,246760,,,,0
2016,"Oshawa, Ontario",2016S0503532,Tax filers and dependants aged 65 years and over,Number,223,units,0,v21187993,18.5,55000,,,,0
2016,"Oshawa, Ontario",2016S0503532,All families,Number,223,units,0,v21187994,18.6,107650,,,,0
2016,"Oshawa, Ontario",2016S0503532,Couple families,Number,223,units,0,v21187995,18.7,89910,,,,0
2016,"Oshawa, Ontario",2016S0503532,One-parent families,Number,223,units,0,v21187996,18.8,17740,,,,0
2016,"Oshawa, Ontario",2016S0503532,"Median total income, all families",Dollars,81,units,0,v21187997,18.9,93410,,,,0
2016,"Oshawa, Ontario",2016S0503532,"Median total income of persons with income, all families",Dollars,81,units,0,v52318580,18.41,40900,,,,0
2016,"Oshawa, Ontario",2016S0503532,"Median total income, couple families",Dollars,81,units,0,v21187999,18.11,103260,,,,0
2016,"Oshawa, Ontario",2016S0503532,"Median total income of persons with income, couple families",Dollars,81,units,0,v52318581,18.42,42150,,,,0
2016,"Oshawa, Ontario",2016S0503532,"Median total income, one-parent families",Dollars,81,units,0,v21188001,18.13,49840,,,,0
2016,"Oshawa, Ontario",2016S0503532,"Median total income of persons with income, one-parent families",Dollars,81,units,0,v52318582,18.43,32600,,,,0
2016,"Oshawa, Ontario",2016S0503532,Total persons in families,Number,223,units,0,v21188003,18.15,321190,,,,0
2016,"Oshawa, Ontario",2016S0503532,Persons in couple families,Number,223,units,0,v21188004,18.16,275620,,,,0
2016,"Oshawa, Ontario",2016S0503532,Persons in one-parent families,Number,223,units,0,v21188005,18.17,45570,,,,0
2016,"Oshawa, Ontario",2016S0503532,Persons not in census families,Number,223,units,0,v21188006,18.18,52250,,,,0
2016,"Oshawa, Ontario",2016S0503532,Median total income of persons not in census families with income,Dollars,81,units,0,v52318583,18.44,32120,,,,0
2016,"Oshawa, Ontario",2016S0503532,Families with employment income,Number,223,units,0,v21188009,18.21,95160,,,,0
2016,"Oshawa, Ontario",2016S0503532,Median employment income of families,Dollars,81,units,0,v21188010,18.22,83270,,,,0
2016,"Oshawa, Ontario",2016S0503532,Persons not in census families with employment income,Number,223,units,0,v21188011,18.23,32140,,,,0
2016,"Oshawa, Ontario",2016S0503532,Median employment income of persons not in census families,Dollars,81,units,0,v21188012,18.24,29530,,,,0
2016,"Oshawa, Ontario",2016S0503532,Dual-earner couple families,Number,223,units,0,v21188013,18.25,56520,,,,0
2016,"Oshawa, Ontario",2016S0503532,Median employment income of dual-earner couple families,Dollars,81,units,0,v21188014,18.26,107380,,,,0
2016,"Oshawa, Ontario",2016S0503532,Single-earner-male couple families,Number,223,units,0,v21188015,18.27,16110,,,,0
2016,"Oshawa, Ontario",2016S0503532,Median employment income of single-earner-male couple families,Dollars,81,units,0,v21188016,18.28,31110,,,,0
2016,"Oshawa, Ontario",2016S0503532,Single-earner-female couple families,Number,223,units,0,v21188017,18.29,6210,,,,0
2016,"Oshawa, Ontario",2016S0503532,Median employment income of single-earner-female couple families,Dollars,81,units,0,v21188018,18.30,26960,,,,0
2016,"Oshawa, Ontario",2016S0503532,Families with government transfers,Number,223,units,0,v21188019,18.31,95150,,,,0
2016,"Oshawa, Ontario",2016S0503532,Median government transfers to families,Dollars,81,units,0,v52318584,18.45,8840,,,,0
2016,"Oshawa, Ontario",2016S0503532,Persons not in census families with government transfers,Number,223,units,0,v21188021,18.33,43250,,,,0
2016,"Oshawa, Ontario",2016S0503532,Median government transfers to persons not in census families,Dollars,81,units,0,v52318585,18.46,11770,,,,0
2016,"Oshawa, Ontario",2016S0503532,Families with labour income,Number,223,units,0,v21188023,18.35,95400,,,,0
2016,"Oshawa, Ontario",2016S0503532,Families receiving Employment Insurance benefits,Number,223,units,0,v21188024,18.36,17830,,,,0
2016,"Oshawa, Ontario",2016S0503532,Median Employment Insurance benefits received by families,Dollars,81,units,0,v52318586,18.47,6130,,,,0
2016,"Oshawa, Ontario",2016S0503532,Persons not in census families with labour income,Number,223,units,0,v21188026,18.38,32300,,,,0
2016,"Oshawa, Ontario",2016S0503532,Persons not in census families receiving Employment Insurance benefits,Number,223,units,0,v21188027,18.39,3100,,,,0
2016,"Oshawa, Ontario",2016S0503532,Median Employment Insurance benefits received by persons not in census families,Dollars,81,units,0,v52318587,18.48,5010,,,,0
2016,"Toronto, Ontario",2016S0503535,All tax filers,Number,223,units,0,v21188029,19.1,4609100,,,,0
2016,"Toronto, Ontario",2016S0503535,"All tax filers and dependants, all age groups",Number,223,units,0,v21188030,19.2,5929700,,,,0
2016,"Toronto, Ontario",2016S0503535,"Tax filers and dependants, under age 15 years",Number,223,units,0,v21188031,19.3,1024600,,,,0
2016,"Toronto, Ontario",2016S0503535,Tax filers and dependants aged 15 to 64 years,Number,223,units,0,v21188032,19.4,4044320,,,,0
2016,"Toronto, Ontario",2016S0503535,Tax filers and dependants aged 65 years and over,Number,223,units,0,v21188033,19.5,860780,,,,0
2016,"Toronto, Ontario",2016S0503535,All families,Number,223,units,0,v21188034,19.6,1670460,,,,0
2016,"Toronto, Ontario",2016S0503535,Couple families,Number,223,units,0,v21188035,19.7,1431290,,,,0
2016,"Toronto, Ontario",2016S0503535,One-parent families,Number,223,units,0,v21188036,19.8,239170,,,,0
2016,"Toronto, Ontario",2016S0503535,"Median total income, all families",Dollars,81,units,0,v21188037,19.9,80310,,,,0
2016,"Toronto, Ontario",2016S0503535,"Median total income of persons with income, all families",Dollars,81,units,0,v52318588,19.41,34050,,,,0
2016,"Toronto, Ontario",2016S0503535,"Median total income, couple families",Dollars,81,units,0,v21188039,19.11,88170,,,,0
2016,"Toronto, Ontario",2016S0503535,"Median total income of persons with income, couple families",Dollars,81,units,0,v52318589,19.42,34600,,,,0
2016,"Toronto, Ontario",2016S0503535,"Median total income, one-parent families",Dollars,81,units,0,v21188041,19.13,47480,,,,0
2016,"Toronto, Ontario",2016S0503535,"Median total income of persons with income, one-parent families",Dollars,81,units,0,v52318590,19.43,30460,,,,0
2016,"Toronto, Ontario",2016S0503535,Total persons in families,Number,223,units,0,v21188043,19.15,4983850,,,,0
2016,"Toronto, Ontario",2016S0503535,Persons in couple families,Number,223,units,0,v21188044,19.16,4378250,,,,0
2016,"Toronto, Ontario",2016S0503535,Persons in one-parent families,Number,223,units,0,v21188045,19.17,605590,,,,0
2016,"Toronto, Ontario",2016S0503535,Persons not in census families,Number,223,units,0,v21188046,19.18,945850,,,,0
2016,"Toronto, Ontario",2016S0503535,Median total income of persons not in census families with income,Dollars,81,units,0,v52318591,19.44,26830,,,,0
2016,"Toronto, Ontario",2016S0503535,Families with employment income,Number,223,units,0,v21188049,19.21,1431690,,,,0
2016,"Toronto, Ontario",2016S0503535,Median employment income of families,Dollars,81,units,0,v21188050,19.22,74130,,,,0
2016,"Toronto, Ontario",2016S0503535,Persons not in census families with employment income,Number,223,units,0,v21188051,19.23,587110,,,,0
2016,"Toronto, Ontario",2016S0503535,Median employment income of persons not in census families,Dollars,81,units,0,v21188052,19.24,30910,,,,0
2016,"Toronto, Ontario",2016S0503535,Dual-earner couple families,Number,223,units,0,v21188053,19.25,815680,,,,0
2016,"Toronto, Ontario",2016S0503535,Median employment income of dual-earner couple families,Dollars,81,units,0,v21188054,19.26,98250,,,,0
2016,"Toronto, Ontario",2016S0503535,Single-earner-male couple families,Number,223,units,0,v21188055,19.27,253370,,,,0
2016,"Toronto, Ontario",2016S0503535,Median employment income of single-earner-male couple families,Dollars,81,units,0,v21188056,19.28,35140,,,,0
2016,"Toronto, Ontario",2016S0503535,Single-earner-female couple families,Number,223,units,0,v21188057,19.29,125060,,,,0
2016,"Toronto, Ontario",2016S0503535,Median employment income of single-earner-female couple families,Dollars,81,units,0,v21188058,19.30,26510,,,,0
2016,"Toronto, Ontario",2016S0503535,Families with government transfers,Number,223,units,0,v21188059,19.31,1466110,,,,0
2016,"Toronto, Ontario",2016S0503535,Median government transfers to families,Dollars,81,units,0,v52318592,19.45,7200,,,,0
2016,"Toronto, Ontario",2016S0503535,Persons not in census families with government transfers,Number,223,units,0,v21188061,19.33,772590,,,,0
2016,"Toronto, Ontario",2016S0503535,Median government transfers to persons not in census families,Dollars,81,units,0,v52318593,19.46,5120,,,,0
2016,"Toronto, Ontario",2016S0503535,Families with labour income,Number,223,units,0,v21188063,19.35,1436320,,,,0
2016,"Toronto, Ontario",2016S0503535,Families receiving Employment Insurance benefits,Number,223,units,0,v21188064,19.36,219780,,,,0
2016,"Toronto, Ontario",2016S0503535,Median Employment Insurance benefits received by families,Dollars,81,units,0,v52318594,19.47,6440,,,,0
2016,"Toronto, Ontario",2016S0503535,Persons not in census families with labour income,Number,223,units,0,v21188066,19.38,590330,,,,0
2016,"Toronto, Ontario",2016S0503535,Persons not in census families receiving Employment Insurance benefits,Number,223,units,0,v21188067,19.39,39290,,,,0
2016,"Toronto, Ontario",2016S0503535,Median Employment Insurance benefits received by persons not in census families,Dollars,81,units,0,v52318595,19.48,5260,,,,0
2016,"Hamilton, Ontario",2016S0503537,All tax filers,Number,223,units,0,v21188069,20.1,570940,,,,0
2016,"Hamilton, Ontario",2016S0503537,"All tax filers and dependants, all age groups",Number,223,units,0,v21188070,20.2,726380,,,,0
2016,"Hamilton, Ontario",2016S0503537,"Tax filers and dependants, under age 15 years",Number,223,units,0,v21188071,20.3,125040,,,,0
2016,"Hamilton, Ontario",2016S0503537,Tax filers and dependants aged 15 to 64 years,Number,223,units,0,v21188072,20.4,471970,,,,0
2016,"Hamilton, Ontario",2016S0503537,Tax filers and dependants aged 65 years and over,Number,223,units,0,v21188073,20.5,129370,,,,0
2016,"Hamilton, Ontario",2016S0503537,All families,Number,223,units,0,v21188074,20.6,206900,,,,0
2016,"Hamilton, Ontario",2016S0503537,Couple families,Number,223,units,0,v21188075,20.7,174590,,,,0
2016,"Hamilton, Ontario",2016S0503537,One-parent families,Number,223,units,0,v21188076,20.8,32310,,,,0
2016,"Hamilton, Ontario",2016S0503537,"Median total income, all families",Dollars,81,units,0,v21188077,20.9,89270,,,,0
2016,"Hamilton, Ontario",2016S0503537,"Median total income of persons with income, all families",Dollars,81,units,0,v52318596,20.41,38540,,,,0
2016,"Hamilton, Ontario",2016S0503537,"Median total income, couple families",Dollars,81,units,0,v21188079,20.11,98280,,,,0
2016,"Hamilton, Ontario",2016S0503537,"Median total income of persons with income, couple families",Dollars,81,units,0,v52318597,20.42,39720,,,,0
2016,"Hamilton, Ontario",2016S0503537,"Median total income, one-parent families",Dollars,81,units,0,v21188081,20.13,48570,,,,0
2016,"Hamilton, Ontario",2016S0503537,"Median total income of persons with income, one-parent families",Dollars,81,units,0,v52318598,20.43,31120,,,,0
2016,"Hamilton, Ontario",2016S0503537,Total persons in families,Number,223,units,0,v21188083,20.15,605990,,,,0
2016,"Hamilton, Ontario",2016S0503537,Persons in couple families,Number,223,units,0,v21188084,20.16,523960,,,,0
2016,"Hamilton, Ontario",2016S0503537,Persons in one-parent families,Number,223,units,0,v21188085,20.17,82030,,,,0
2016,"Hamilton, Ontario",2016S0503537,Persons not in census families,Number,223,units,0,v21188086,20.18,120400,,,,0
2016,"Hamilton, Ontario",2016S0503537,Median total income of persons not in census families with income,Dollars,81,units,0,v52318599,20.44,30710,,,,0
2016,"Hamilton, Ontario",2016S0503537,Families with employment income,Number,223,units,0,v21188089,20.21,176720,,,,0
2016,"Hamilton, Ontario",2016S0503537,Median employment income of families,Dollars,81,units,0,v21188090,20.22,79270,,,,0
2016,"Hamilton, Ontario",2016S0503537,Persons not in census families with employment income,Number,223,units,0,v21188091,20.23,69130,,,,0
2016,"Hamilton, Ontario",2016S0503537,Median employment income of persons not in census families,Dollars,81,units,0,v21188092,20.24,30200,,,,0
2016,"Hamilton, Ontario",2016S0503537,Dual-earner couple families,Number,223,units,0,v21188093,20.25,102450,,,,0
2016,"Hamilton, Ontario",2016S0503537,Median employment income of dual-earner couple families,Dollars,81,units,0,v21188094,20.26,105050,,,,0
2016,"Hamilton, Ontario",2016S0503537,Single-earner-male couple families,Number,223,units,0,v21188095,20.27,30930,,,,0
2016,"Hamilton, Ontario",2016S0503537,Median employment income of single-earner-male couple families,Dollars,81,units,0,v21188096,20.28,27190,,,,0
2016,"Hamilton, Ontario",2016S0503537,Single-earner-female couple families,Number,223,units,0,v21188097,20.29,13080,,,,0
2016,"Hamilton, Ontario",2016S0503537,Median employment income of single-earner-female couple families,Dollars,81,units,0,v21188098,20.30,27290,,,,0
2016,"Hamilton, Ontario",2016S0503537,Families with government transfers,Number,223,units,0,v21188099,20.31,182600,,,,0
2016,"Hamilton, Ontario",2016S0503537,Median government transfers to families,Dollars,81,units,0,v52318600,20.45,10070,,,,0
2016,"Hamilton, Ontario",2016S0503537,Persons not in census families with government transfers,Number,223,units,0,v21188101,20.33,101660,,,,0
2016,"Hamilton, Ontario",2016S0503537,Median government transfers to persons not in census families,Dollars,81,units,0,v52318601,20.46,12700,,,,0
2016,"Hamilton, Ontario",2016S0503537,Families with labour income,Number,223,units,0,v21188103,20.35,177140,,,,0
2016,"Hamilton, Ontario",2016S0503537,Families receiving Employment Insurance benefits,Number,223,units,0,v21188104,20.36,30120,,,,0
2016,"Hamilton, Ontario",2016S0503537,Median Employment Insurance benefits received by families,Dollars,81,units,0,v52318602,20.47,5890,,,,0
2016,"Hamilton, Ontario",2016S0503537,Persons not in census families with labour income,Number,223,units,0,v21188106,20.38,69470,,,,0
2016,"Hamilton, Ontario",2016S0503537,Persons not in census families receiving Employment Insurance benefits,Number,223,units,0,v21188107,20.39,6030,,,,0
2016,"Hamilton, Ontario",2016S0503537,Median Employment Insurance benefits received by persons not in census families,Dollars,81,units,0,v52318603,20.48,4840,,,,0
2017,Canada,2021A11124,All tax filers,Number,223,units,0,v21187309,1.1,27795980,,,,0
2017,Canada,2021A11124,"All tax filers and dependants, all age groups",Number,223,units,0,v21187310,1.2,35280390,,,,0
2017,Canada,2021A11124,"Tax filers and dependants, under age 15 years",Number,223,units,0,v21187311,1.3,6039410,,,,0
2017,Canada,2021A11124,Tax filers and dependants aged 15 to 64 years,Number,223,units,0,v21187312,1.4,23145990,,,,0
2017,Canada,2021A11124,Tax filers and dependants aged 65 years and over,Number,223,units,0,v21187313,1.5,6094990,,,,0
2017,Canada,2021A11124,All families,Number,223,units,0,v21187314,1.6,10051210,,,,0
2017,Canada,2021A11124,Couple families,Number,223,units,0,v21187315,1.7,8582740,,,,0
2017,Canada,2021A11124,One-parent families,Number,223,units,0,v21187316,1.8,1468480,,,,0
2017,Canada,2021A11124,"Median total income, all families",Dollars,81,units,0,v21187317,1.9,84950,,,,0
2017,Canada,2021A11124,"Median total income of persons with income, all families",Dollars,81,units,0,v52318444,1.41,37750,,,,0
2017,Canada,2021A11124,"Median total income, couple families",Dollars,81,units,0,v21187319,1.11,92990,,,,0
2017,Canada,2021A11124,"Median total income of persons with income, couple families",Dollars,81,units,0,v52318445,1.42,38640,,,,0
2017,Canada,2021A11124,"Median total income, one-parent families",Dollars,81,units,0,v21187321,1.13,46140,,,,0
2017,Canada,2021A11124,"Median total income of persons with income, one-parent families",Dollars,81,units,0,v52318446,1.43,31100,,,,0
2017,Canada,2021A11124,Total persons in families,Number,223,units,0,v21187323,1.15,28952610,,,,0
2017,Canada,2021A11124,Persons in couple families,Number,223,units,0,v21187324,1.16,25188540,,,,0
2017,Canada,2021A11124,Persons in one-parent families,Number,223,units,0,v21187325,1.17,3764070,,,,0
2017,Canada,2021A11124,Persons not in census families,Number,223,units,0,v21187326,1.18,6327780,,,,0
2017,Canada,2021A11124,Median total income of persons not in census families with income,Dollars,81,units,0,v52318447,1.44,29340,,,,0
2017,Canada,2021A11124,Families with employment income,Number,223,units,0,v21187329,1.21,8533870,,,,0
2017,Canada,2021A11124,Median employment income of families,Dollars,81,units,0,v21187330,1.22,73400,,,,0
2017,Canada,2021A11124,Persons not in census families with employment income,Number,223,units,0,v21187331,1.23,3814500,,,,0
2017,Canada,2021A11124,Median employment income of persons not in census families,Dollars,81,units,0,v21187332,1.24,30590,,,,0
2017,Canada,2021A11124,Dual-earner couple families,Number,223,units,0,v21187333,1.25,5030080,,,,0
2017,Canada,2021A11124,Median employment income of dual-earner couple families,Dollars,81,units,0,v21187334,1.26,96460,,,,0
2017,Canada,2021A11124,Single-earner-male couple families,Number,223,units,0,v21187335,1.27,1418670,,,,0
2017,Canada,2021A11124,Median employment income of single-earner-male couple families,Dollars,81,units,0,v21187336,1.28,32430,,,,0
2017,Canada,2021A11124,Single-earner-female couple families,Number,223,units,0,v21187337,1.29,689790,,,,0
2017,Canada,2021A11124,Median employment income of single-earner-female couple families,Dollars,81,units,0,v21187338,1.30,24370,,,,0
2017,Canada,2021A11124,Families with government transfers,Number,223,units,0,v21187339,1.31,8708920,,,,0
2017,Canada,2021A11124,Median government transfers to families,Dollars,81,units,0,v52318448,1.45,11140,,,,0
2017,Canada,2021A11124,Persons not in census families with government transfers,Number,223,units,0,v21187341,1.33,5361020,,,,0
2017,Canada,2021A11124,Median government transfers to persons not in census families,Dollars,81,units,0,v52318449,1.46,9570,,,,0
2017,Canada,2021A11124,Families with labour income,Number,223,units,0,v21187343,1.35,8563840,,,,0
2017,Canada,2021A11124,Families receiving Employment Insurance benefits,Number,223,units,0,v21187344,1.36,1786490,,,,0
2017,Canada,2021A11124,Median Employment Insurance benefits received by families,Dollars,81,units,0,v52318450,1.47,6750,,,,0
2017,Canada,2021A11124,Persons not in census families with labour income,Number,223,units,0,v21187346,1.38,3838490,,,,0
2017,Canada,2021A11124,Persons not in census families receiving Employment Insurance benefits,Number,223,units,0,v21187347,1.39,443030,,,,0
2017,Canada,2021A11124,Median Employment Insurance benefits received by persons not in census families,Dollars,81,units,0,v52318451,1.48,5430,,,,0
2017,Ontario,2021A000235,All tax filers,Number,223,units,0,v21187909,16.1,10606490,,,,0
2017,Ontario,2021A000235,"All tax filers and dependants, all age groups",Number,223,units,0,v21187910,16.2,13513430,,,,0
2017,Ontario,2021A000235,"Tax filers and dependants, under age 15 years",Number,223,units,0,v21187911,16.3,2288220,,,,0
2017,Ontario,2021A000235,Tax filers and dependants aged 15 to 64 years,Number,223,units,0,v21187912,16.4,8919530,,,,0
2017,Ontario,2021A000235,Tax filers and dependants aged 65 years and over,Number,223,units,0,v21187913,16.5,2305680,,,,0
2017,Ontario,2021A000235,All families,Number,223,units,0,v21187914,16.6,3866240,,,,0
2017,Ontario,2021A000235,Couple families,Number,223,units,0,v21187915,16.7,3285990,,,,0
2017,Ontario,2021A000235,One-parent families,Number,223,units,0,v21187916,16.8,580250,,,,0
2017,Ontario,2021A000235,"Median total income, all families",Dollars,81,units,0,v21187917,16.9,85900,,,,0
2017,Ontario,2021A000235,"Median total income of persons with income, all families",Dollars,81,units,0,v52318564,16.41,37720,,,,0
2017,Ontario,2021A000235,"Median total income, couple families",Dollars,81,units,0,v21187919,16.11,94490,,,,0
2017,Ontario,2021A000235,"Median total income of persons with income, couple families",Dollars,81,units,0,v52318565,16.42,38670,,,,0
2017,Ontario,2021A000235,"Median total income, one-parent families",Dollars,81,units,0,v21187921,16.13,46890,,,,0
2017,Ontario,2021A000235,"Median total income of persons with income, one-parent families",Dollars,81,units,0,v52318566,16.43,31430,,,,0
2017,Ontario,2021A000235,Total persons in families,Number,223,units,0,v21187923,16.15,11262440,,,,0
2017,Ontario,2021A000235,Persons in couple families,Number,223,units,0,v21187924,16.16,9779230,,,,0
2017,Ontario,2021A000235,Persons in one-parent families,Number,223,units,0,v21187925,16.17,1483210,,,,0
2017,Ontario,2021A000235,Persons not in census families,Number,223,units,0,v21187926,16.18,2251000,,,,0
2017,Ontario,2021A000235,Median total income of persons not in census families with income,Dollars,81,units,0,v52318567,16.44,29540,,,,0
2017,Ontario,2021A000235,Families with employment income,Number,223,units,0,v21187929,16.21,3282870,,,,0
2017,Ontario,2021A000235,Median employment income of families,Dollars,81,units,0,v21187930,16.22,75380,,,,0
2017,Ontario,2021A000235,Persons not in census families with employment income,Number,223,units,0,v21187931,16.23,1344940,,,,0
2017,Ontario,2021A000235,Median employment income of persons not in census families,Dollars,81,units,0,v21187932,16.24,30200,,,,0
2017,Ontario,2021A000235,Dual-earner couple families,Number,223,units,0,v21187933,16.25,1886420,,,,0
2017,Ontario,2021A000235,Median employment income of dual-earner couple families,Dollars,81,units,0,v21187934,16.26,100740,,,,0
2017,Ontario,2021A000235,Single-earner-male couple families,Number,223,units,0,v21187935,16.27,582400,,,,0
2017,Ontario,2021A000235,Median employment income of single-earner-male couple families,Dollars,81,units,0,v21187936,16.28,30430,,,,0
2017,Ontario,2021A000235,Single-earner-female couple families,Number,223,units,0,v21187937,16.29,267800,,,,0
2017,Ontario,2021A000235,Median employment income of single-earner-female couple families,Dollars,81,units,0,v21187938,16.30,25650,,,,0
2017,Ontario,2021A000235,Families with government transfers,Number,223,units,0,v21187939,16.31,3310350,,,,0
2017,Ontario,2021A000235,Median government transfers to families,Dollars,81,units,0,v52318568,16.45,10630,,,,0
2017,Ontario,2021A000235,Persons not in census families with government transfers,Number,223,units,0,v21187941,16.33,1883270,,,,0
2017,Ontario,2021A000235,Median government transfers to persons not in census families,Dollars,81,units,0,v52318569,16.46,10140,,,,0
2017,Ontario,2021A000235,Families with labour income,Number,223,units,0,v21187943,16.35,3292130,,,,0
2017,Ontario,2021A000235,Families receiving Employment Insurance benefits,Number,223,units,0,v21187944,16.36,557230,,,,0
2017,Ontario,2021A000235,Median Employment Insurance benefits received by families,Dollars,81,units,0,v52318570,16.47,6160,,,,0
2017,Ontario,2021A000235,Persons not in census families with labour income,Number,223,units,0,v21187946,16.38,1351530,,,,0
2017,Ontario,2021A000235,Persons not in census families receiving Employment Insurance benefits,Number,223,units,0,v21187947,16.39,112310,,,,0
2017,Ontario,2021A000235,Median Employment Insurance benefits received by persons not in census families,Dollars,81,units,0,v52318571,16.48,5050,,,,0
2017,"Oshawa, Ontario",2016S0503532,All tax filers,Number,223,units,0,v21187989,18.1,288770,,,,0
2017,"Oshawa, Ontario",2016S0503532,"All tax filers and dependants, all age groups",Number,223,units,0,v21187990,18.2,379160,,,,0
2017,"Oshawa, Ontario",2016S0503532,"Tax filers and dependants, under age 15 years",Number,223,units,0,v21187991,18.3,72960,,,,0
2017,"Oshawa, Ontario",2016S0503532,Tax filers and dependants aged 15 to 64 years,Number,223,units,0,v21187992,18.4,249330,,,,0
2017,"Oshawa, Ontario",2016S0503532,Tax filers and dependants aged 65 years and over,Number,223,units,0,v21187993,18.5,56870,,,,0
2017,"Oshawa, Ontario",2016S0503532,All families,Number,223,units,0,v21187994,18.6,108770,,,,0
2017,"Oshawa, Ontario",2016S0503532,Couple families,Number,223,units,0,v21187995,18.7,90480,,,,0
2017,"Oshawa, Ontario",2016S0503532,One-parent families,Number,223,units,0,v21187996,18.8,18290,,,,0
2017,"Oshawa, Ontario",2016S0503532,"Median total income, all families",Dollars,81,units,0,v21187997,18.9,95510,,,,0
2017,"Oshawa, Ontario",2016S0503532,"Median total income of persons with income, all families",Dollars,81,units,0,v52318580,18.41,42140,,,,0
2017,"Oshawa, Ontario",2016S0503532,"Median total income, couple families",Dollars,81,units,0,v21187999,18.11,105580,,,,0
2017,"Oshawa, Ontario",2016S0503532,"Median total income of persons with income, couple families",Dollars,81,units,0,v52318581,18.42,43400,,,,0
2017,"Oshawa, Ontario",2016S0503532,"Median total income, one-parent families",Dollars,81,units,0,v21188001,18.13,50530,,,,0
2017,"Oshawa, Ontario",2016S0503532,"Median total income of persons with income, one-parent families",Dollars,81,units,0,v52318582,18.43,33910,,,,0
2017,"Oshawa, Ontario",2016S0503532,Total persons in families,Number,223,units,0,v21188003,18.15,324050,,,,0
2017,"Oshawa, Ontario",2016S0503532,Persons in couple families,Number,223,units,0,v21188004,18.16,276740,,,,0
2017,"Oshawa, Ontario",2016S0503532,Persons in one-parent families,Number,223,units,0,v21188005,18.17,47310,,,,0
2017,"Oshawa, Ontario",2016S0503532,Persons not in census families,Number,223,units,0,v21188006,18.18,55110,,,,0
2017,"Oshawa, Ontario",2016S0503532,Median total income of persons not in census families with income,Dollars,81,units,0,v52318583,18.44,32560,,,,0
2017,"Oshawa, Ontario",2016S0503532,Families with employment income,Number,223,units,0,v21188009,18.21,95890,,,,0
2017,"Oshawa, Ontario",2016S0503532,Median employment income of families,Dollars,81,units,0,v21188010,18.22,84900,,,,0
2017,"Oshawa, Ontario",2016S0503532,Persons not in census families with employment income,Number,223,units,0,v21188011,18.23,34280,,,,0
2017,"Oshawa, Ontario",2016S0503532,Median employment income of persons not in census families,Dollars,81,units,0,v21188012,18.24,29990,,,,0
2017,"Oshawa, Ontario",2016S0503532,Dual-earner couple families,Number,223,units,0,v21188013,18.25,56670,,,,0
2017,"Oshawa, Ontario",2016S0503532,Median employment income of dual-earner couple families,Dollars,81,units,0,v21188014,18.26,109700,,,,0
2017,"Oshawa, Ontario",2016S0503532,Single-earner-male couple families,Number,223,units,0,v21188015,18.27,16330,,,,0
2017,"Oshawa, Ontario",2016S0503532,Median employment income of single-earner-male couple families,Dollars,81,units,0,v21188016,18.28,31800,,,,0
2017,"Oshawa, Ontario",2016S0503532,Single-earner-female couple families,Number,223,units,0,v21188017,18.29,6370,,,,0
2017,"Oshawa, Ontario",2016S0503532,Median employment income of single-earner-female couple families,Dollars,81,units,0,v21188018,18.30,26730,,,,0
2017,"Oshawa, Ontario",2016S0503532,Families with government transfers,Number,223,units,0,v21188019,18.31,93820,,,,0
2017,"Oshawa, Ontario",2016S0503532,Median government transfers to families,Dollars,81,units,0,v52318584,18.45,10090,,,,0
2017,"Oshawa, Ontario",2016S0503532,Persons not in census families with government transfers,Number,223,units,0,v21188021,18.33,45540,,,,0
2017,"Oshawa, Ontario",2016S0503532,Median government transfers to persons not in census families,Dollars,81,units,0,v52318585,18.46,11210,,,,0
2017,"Oshawa, Ontario",2016S0503532,Families with labour income,Number,223,units,0,v21188023,18.35,96140,,,,0
2017,"Oshawa, Ontario",2016S0503532,Families receiving Employment Insurance benefits,Number,223,units,0,v21188024,18.36,18130,,,,0
2017,"Oshawa, Ontario",2016S0503532,Median Employment Insurance benefits received by families,Dollars,81,units,0,v52318586,18.47,5970,,,,0
2017,"Oshawa, Ontario",2016S0503532,Persons not in census families with labour income,Number,223,units,0,v21188026,18.38,34450,,,,0
2017,"Oshawa, Ontario",2016S0503532,Persons not in census families receiving Employment Insurance benefits,Number,223,units,0,v21188027,18.39,3370,,,,0
2017,"Oshawa, Ontario",2016S0503532,Median Employment Insurance benefits received by persons not in census families,Dollars,81,units,0,v52318587,18.48,4530,,,,0
2017,"Toronto, Ontario",2016S0503535,All tax filers,Number,223,units,0,v21188029,19.1,4696870,,,,0
2017,"Toronto, Ontario",2016S0503535,"All tax filers and dependants, all age groups",Number,223,units,0,v21188030,19.2,6016620,,,,0
2017,"Toronto, Ontario",2016S0503535,"Tax filers and dependants, under age 15 years",Number,223,units,0,v21188031,19.3,1021440,,,,0
2017,"Toronto, Ontario",2016S0503535,Tax filers and dependants aged 15 to 64 years,Number,223,units,0,v21188032,19.4,4103860,,,,0
2017,"Toronto, Ontario",2016S0503535,Tax filers and dependants aged 65 years and over,Number,223,units,0,v21188033,19.5,891330,,,,0
2017,"Toronto, Ontario",2016S0503535,All families,Number,223,units,0,v21188034,19.6,1692790,,,,0
2017,"Toronto, Ontario",2016S0503535,Couple families,Number,223,units,0,v21188035,19.7,1441700,,,,0
2017,"Toronto, Ontario",2016S0503535,One-parent families,Number,223,units,0,v21188036,19.8,251080,,,,0
2017,"Toronto, Ontario",2016S0503535,"Median total income, all families",Dollars,81,units,0,v21188037,19.9,83020,,,,0
2017,"Toronto, Ontario",2016S0503535,"Median total income of persons with income, all families",Dollars,81,units,0,v52318588,19.41,35460,,,,0
2017,"Toronto, Ontario",2016S0503535,"Median total income, couple families",Dollars,81,units,0,v21188039,19.11,91700,,,,0
2017,"Toronto, Ontario",2016S0503535,"Median total income of persons with income, couple families",Dollars,81,units,0,v52318589,19.42,36180,,,,0
2017,"Toronto, Ontario",2016S0503535,"Median total income, one-parent families",Dollars,81,units,0,v21188041,19.13,47240,,,,0
2017,"Toronto, Ontario",2016S0503535,"Median total income of persons with income, one-parent families",Dollars,81,units,0,v52318590,19.43,30600,,,,0
2017,"Toronto, Ontario",2016S0503535,Total persons in families,Number,223,units,0,v21188043,19.15,5033120,,,,0
2017,"Toronto, Ontario",2016S0503535,Persons in couple families,Number,223,units,0,v21188044,19.16,4396260,,,,0
2017,"Toronto, Ontario",2016S0503535,Persons in one-parent families,Number,223,units,0,v21188045,19.17,636870,,,,0
2017,"Toronto, Ontario",2016S0503535,Persons not in census families,Number,223,units,0,v21188046,19.18,983500,,,,0
2017,"Toronto, Ontario",2016S0503535,Median total income of persons not in census families with income,Dollars,81,units,0,v52318591,19.44,27430,,,,0
2017,"Toronto, Ontario",2016S0503535,Families with employment income,Number,223,units,0,v21188049,19.21,1449060,,,,0
2017,"Toronto, Ontario",2016S0503535,Median employment income of families,Dollars,81,units,0,v21188050,19.22,76240,,,,0
2017,"Toronto, Ontario",2016S0503535,Persons not in census families with employment income,Number,223,units,0,v21188051,19.23,614510,,,,0
2017,"Toronto, Ontario",2016S0503535,Median employment income of persons not in census families,Dollars,81,units,0,v21188052,19.24,31450,,,,0
2017,"Toronto, Ontario",2016S0503535,Dual-earner couple families,Number,223,units,0,v21188053,19.25,826240,,,,0
2017,"Toronto, Ontario",2016S0503535,Median employment income of dual-earner couple families,Dollars,81,units,0,v21188054,19.26,100660,,,,0
2017,"Toronto, Ontario",2016S0503535,Single-earner-male couple families,Number,223,units,0,v21188055,19.27,257920,,,,0
2017,"Toronto, Ontario",2016S0503535,Median employment income of single-earner-male couple families,Dollars,81,units,0,v21188056,19.28,35840,,,,0
2017,"Toronto, Ontario",2016S0503535,Single-earner-female couple families,Number,223,units,0,v21188057,19.29,126210,,,,0
2017,"Toronto, Ontario",2016S0503535,Median employment income of single-earner-female couple families,Dollars,81,units,0,v21188058,19.30,27210,,,,0
2017,"Toronto, Ontario",2016S0503535,Families with government transfers,Number,223,units,0,v21188059,19.31,1430020,,,,0
2017,"Toronto, Ontario",2016S0503535,Median government transfers to families,Dollars,81,units,0,v52318592,19.45,8450,,,,0
2017,"Toronto, Ontario",2016S0503535,Persons not in census families with government transfers,Number,223,units,0,v21188061,19.33,800930,,,,0
2017,"Toronto, Ontario",2016S0503535,Median government transfers to persons not in census families,Dollars,81,units,0,v52318593,19.46,4870,,,,0
2017,"Toronto, Ontario",2016S0503535,Families with labour income,Number,223,units,0,v21188063,19.35,1453440,,,,0
2017,"Toronto, Ontario",2016S0503535,Families receiving Employment Insurance benefits,Number,223,units,0,v21188064,19.36,214810,,,,0
2017,"Toronto, Ontario",2016S0503535,Median Employment Insurance benefits received by families,Dollars,81,units,0,v52318594,19.47,6520,,,,0
2017,"Toronto, Ontario",2016S0503535,Persons not in census families with labour income,Number,223,units,0,v21188066,19.38,617480,,,,0
2017,"Toronto, Ontario",2016S0503535,Persons not in census families receiving Employment Insurance benefits,Number,223,units,0,v21188067,19.39,38650,,,,0
2017,"Toronto, Ontario",2016S0503535,Median Employment Insurance benefits received by persons not in census families,Dollars,81,units,0,v52318595,19.48,5330,,,,0
2017,"Hamilton, Ontario",2016S0503537,All tax filers,Number,223,units,0,v21188069,20.1,577800,,,,0
2017,"Hamilton, Ontario",2016S0503537,"All tax filers and dependants, all age groups",Number,223,units,0,v21188070,20.2,733930,,,,0
2017,"Hamilton, Ontario",2016S0503537,"Tax filers and dependants, under age 15 years",Number,223,units,0,v21188071,20.3,125160,,,,0
2017,"Hamilton, Ontario",2016S0503537,Tax filers and dependants aged 15 to 64 years,Number,223,units,0,v21188072,20.4,475910,,,,0
2017,"Hamilton, Ontario",2016S0503537,Tax filers and dependants aged 65 years and over,Number,223,units,0,v21188073,20.5,132860,,,,0
2017,"Hamilton, Ontario",2016S0503537,All families,Number,223,units,0,v21188074,20.6,208820,,,,0
2017,"Hamilton, Ontario",2016S0503537,Couple families,Number,223,units,0,v21188075,20.7,175700,,,,0
2017,"Hamilton, Ontario",2016S0503537,One-parent families,Number,223,units,0,v21188076,20.8,33110,,,,0
2017,"Hamilton, Ontario",2016S0503537,"Median total income, all families",Dollars,81,units,0,v21188077,20.9,92090,,,,0
2017,"Hamilton, Ontario",2016S0503537,"Median total income of persons with income, all families",Dollars,81,units,0,v52318596,20.41,39980,,,,0
2017,"Hamilton, Ontario",2016S0503537,"Median total income, couple families",Dollars,81,units,0,v21188079,20.11,101720,,,,0
2017,"Hamilton, Ontario",2016S0503537,"Median total income of persons with income, couple families",Dollars,81,units,0,v52318597,20.42,41160,,,,0
2017,"Hamilton, Ontario",2016S0503537,"Median total income, one-parent families",Dollars,81,units,0,v21188081,20.13,49840,,,,0
2017,"Hamilton, Ontario",2016S0503537,"Median total income of persons with income, one-parent families",Dollars,81,units,0,v52318598,20.43,32220,,,,0
2017,"Hamilton, Ontario",2016S0503537,Total persons in families,Number,223,units,0,v21188083,20.15,610860,,,,0
2017,"Hamilton, Ontario",2016S0503537,Persons in couple families,Number,223,units,0,v21188084,20.16,526500,,,,0
2017,"Hamilton, Ontario",2016S0503537,Persons in one-parent families,Number,223,units,0,v21188085,20.17,84360,,,,0
2017,"Hamilton, Ontario",2016S0503537,Persons not in census families,Number,223,units,0,v21188086,20.18,123060,,,,0
2017,"Hamilton, Ontario",2016S0503537,Median total income of persons not in census families with income,Dollars,81,units,0,v52318599,20.44,31320,,,,0
2017,"Hamilton, Ontario",2016S0503537,Families with employment income,Number,223,units,0,v21188089,20.21,178200,,,,0
2017,"Hamilton, Ontario",2016S0503537,Median employment income of families,Dollars,81,units,0,v21188090,20.22,81280,,,,0
2017,"Hamilton, Ontario",2016S0503537,Persons not in census families with employment income,Number,223,units,0,v21188091,20.23,71250,,,,0
2017,"Hamilton, Ontario",2016S0503537,Median employment income of persons not in census families,Dollars,81,units,0,v21188092,20.24,30400,,,,0
2017,"Hamilton, Ontario",2016S0503537,Dual-earner couple families,Number,223,units,0,v21188093,20.25,103260,,,,0
2017,"Hamilton, Ontario",2016S0503537,Median employment income of dual-earner couple families,Dollars,81,units,0,v21188094,20.26,107760,,,,0
2017,"Hamilton, Ontario",2016S0503537,Single-earner-male couple families,Number,223,units,0,v21188095,20.27,31190,,,,0
2017,"Hamilton, Ontario",2016S0503537,Median employment income of single-earner-male couple families,Dollars,81,units,0,v21188096,20.28,27300,,,,0
2017,"Hamilton, Ontario",2016S0503537,Single-earner-female couple families,Number,223,units,0,v21188097,20.29,13310,,,,0
2017,"Hamilton, Ontario",2016S0503537,Median employment income of single-earner-female couple families,Dollars,81,units,0,v21188098,20.30,26830,,,,0
2017,"Hamilton, Ontario",2016S0503537,Families with government transfers,Number,223,units,0,v21188099,20.31,178660,,,,0
2017,"Hamilton, Ontario",2016S0503537,Median government transfers to families,Dollars,81,units,0,v52318600,20.45,11470,,,,0
2017,"Hamilton, Ontario",2016S0503537,Persons not in census families with government transfers,Number,223,units,0,v21188101,20.33,103700,,,,0
2017,"Hamilton, Ontario",2016S0503537,Median government transfers to persons not in census families,Dollars,81,units,0,v52318601,20.46,12980,,,,0
2017,"Hamilton, Ontario",2016S0503537,Families with labour income,Number,223,units,0,v21188103,20.35,178600,,,,0
2017,"Hamilton, Ontario",2016S0503537,Families receiving Employment Insurance benefits,Number,223,units,0,v21188104,20.36,29590,,,,0
2017,"Hamilton, Ontario",2016S0503537,Median Employment Insurance benefits received by families,Dollars,81,units,0,v52318602,20.47,6180,,,,0
2017,"Hamilton, Ontario",2016S0503537,Persons not in census families with labour income,Number,223,units,0,v21188106,20.38,71560,,,,0
2017,"Hamilton, Ontario",2016S0503537,Persons not in census families receiving Employment Insurance benefits,Number,223,units,0,v21188107,20.39,5920,,,,0
2017,"Hamilton, Ontario",2016S0503537,Median Employment Insurance benefits received by persons not in census families,Dollars,81,units,0,v52318603,20.48,5000,,,,0
2018,Canada,2021A11124,All tax filers,Number,223,units,0,v21187309,1.1,28335790,,,,0
2018,Canada,2021A11124,"All tax filers and dependants, all age groups",Number,223,units,0,v21187310,1.2,35876780,,,,0
2018,Canada,2021A11124,"Tax filers and dependants, under age 15 years",Number,223,units,0,v21187311,1.3,6081860,,,,0
2018,Canada,2021A11124,Tax filers and dependants aged 15 to 64 years,Number,223,units,0,v21187312,1.4,23476940,,,,0
2018,Canada,2021A11124,Tax filers and dependants aged 65 years and over,Number,223,units,0,v21187313,1.5,6317980,,,,0
2018,Canada,2021A11124,All families,Number,223,units,0,v21187314,1.6,10181070,,,,0
2018,Canada,2021A11124,Couple families,Number,223,units,0,v21187315,1.7,8695360,,,,0
2018,Canada,2021A11124,One-parent families,Number,223,units,0,v21187316,1.8,1485700,,,,0
2018,Canada,2021A11124,"Median total income, all families",Dollars,81,units,0,v21187317,1.9,87930,,,,0
2018,Canada,2021A11124,"Median total income of persons with income, all families",Dollars,81,units,0,v52318444,1.41,38840,,,,0
2018,Canada,2021A11124,"Median total income, couple families",Dollars,81,units,0,v21187319,1.11,96080,,,,0
2018,Canada,2021A11124,"Median total income of persons with income, couple families",Dollars,81,units,0,v52318445,1.42,39650,,,,0
2018,Canada,2021A11124,"Median total income, one-parent families",Dollars,81,units,0,v21187321,1.13,48750,,,,0
2018,Canada,2021A11124,"Median total income of persons with income, one-parent families",Dollars,81,units,0,v52318446,1.43,32690,,,,0
2018,Canada,2021A11124,Total persons in families,Number,223,units,0,v21187323,1.15,29341620,,,,0
2018,Canada,2021A11124,Persons in couple families,Number,223,units,0,v21187324,1.16,25529280,,,,0
2018,Canada,2021A11124,Persons in one-parent families,Number,223,units,0,v21187325,1.17,3812340,,,,0
2018,Canada,2021A11124,Persons not in census families,Number,223,units,0,v21187326,1.18,6535160,,,,0
2018,Canada,2021A11124,Median total income of persons not in census families with income,Dollars,81,units,0,v52318447,1.44,30520,,,,0
2018,Canada,2021A11124,Families with employment income,Number,223,units,0,v21187329,1.21,8656810,,,,0
2018,Canada,2021A11124,Median employment income of families,Dollars,81,units,0,v21187330,1.22,76070,,,,0
2018,Canada,2021A11124,Persons not in census families with employment income,Number,223,units,0,v21187331,1.23,3974370,,,,0
2018,Canada,2021A11124,Median employment income of persons not in census families,Dollars,81,units,0,v21187332,1.24,31830,,,,0
2018,Canada,2021A11124,Dual-earner couple families,Number,223,units,0,v21187333,1.25,5100860,,,,0
2018,Canada,2021A11124,Median employment income of dual-earner couple families,Dollars,81,units,0,v21187334,1.26,99550,,,,0
2018,Canada,2021A11124,Single-earner-male couple families,Number,223,units,0,v21187335,1.27,1426420,,,,0
2018,Canada,2021A11124,Median employment income of single-earner-male couple families,Dollars,81,units,0,v21187336,1.28,33370,,,,0
2018,Canada,2021A11124,Single-earner-female couple families,Number,223,units,0,v21187337,1.29,699440,,,,0
2018,Canada,2021A11124,Median employment income of single-earner-female couple families,Dollars,81,units,0,v21187338,1.30,25280,,,,0
2018,Canada,2021A11124,Families with government transfers,Number,223,units,0,v21187339,1.31,9422780,,,,0
2018,Canada,2021A11124,Median government transfers to families,Dollars,81,units,0,v52318448,1.45,9950,,,,0
2018,Canada,2021A11124,Persons not in census families with government transfers,Number,223,units,0,v21187341,1.33,5901750,,,,0
2018,Canada,2021A11124,Median government transfers to persons not in census families,Dollars,81,units,0,v52318449,1.46,7890,,,,0
2018,Canada,2021A11124,Families with labour income,Number,223,units,0,v21187343,1.35,8682520,,,,0
2018,Canada,2021A11124,Families receiving Employment Insurance benefits,Number,223,units,0,v21187344,1.36,1728720,,,,0
2018,Canada,2021A11124,Median Employment Insurance benefits received by families,Dollars,81,units,0,v52318450,1.47,6680,,,,0
2018,Canada,2021A11124,Persons not in census families with labour income,Number,223,units,0,v21187346,1.38,3994090,,,,0
2018,Canada,2021A11124,Persons not in census families receiving Employment Insurance benefits,Number,223,units,0,v21187347,1.39,430650,,,,0
2018,Canada,2021A11124,Median Employment Insurance benefits received by persons not in census families,Dollars,81,units,0,v52318451,1.48,5430,,,,0
2018,Ontario,2021A000235,All tax filers,Number,223,units,0,v21187909,16.1,10866680,,,,0
2018,Ontario,2021A000235,"All tax filers and dependants, all age groups",Number,223,units,0,v21187910,16.2,13791690,,,,0
2018,Ontario,2021A000235,"Tax filers and dependants, under age 15 years",Number,223,units,0,v21187911,16.3,2292630,,,,0
2018,Ontario,2021A000235,Tax filers and dependants aged 15 to 64 years,Number,223,units,0,v21187912,16.4,9112590,,,,0
2018,Ontario,2021A000235,Tax filers and dependants aged 65 years and over,Number,223,units,0,v21187913,16.5,2386470,,,,0
2018,Ontario,2021A000235,All families,Number,223,units,0,v21187914,16.6,3932420,,,,0
2018,Ontario,2021A000235,Couple families,Number,223,units,0,v21187915,16.7,3347850,,,,0
2018,Ontario,2021A000235,One-parent families,Number,223,units,0,v21187916,16.8,584570,,,,0
2018,Ontario,2021A000235,"Median total income, all families",Dollars,81,units,0,v21187917,16.9,89270,,,,0
2018,Ontario,2021A000235,"Median total income of persons with income, all families",Dollars,81,units,0,v52318564,16.41,38960,,,,0
2018,Ontario,2021A000235,"Median total income, couple families",Dollars,81,units,0,v21187919,16.11,97830,,,,0
2018,Ontario,2021A000235,"Median total income of persons with income, couple families",Dollars,81,units,0,v52318565,16.42,39800,,,,0
2018,Ontario,2021A000235,"Median total income, one-parent families",Dollars,81,units,0,v21187921,16.13,49820,,,,0
2018,Ontario,2021A000235,"Median total income of persons with income, one-parent families",Dollars,81,units,0,v52318566,16.43,33310,,,,0
2018,Ontario,2021A000235,Total persons in families,Number,223,units,0,v21187923,16.15,11445030,,,,0
2018,Ontario,2021A000235,Persons in couple families,Number,223,units,0,v21187924,16.16,9950130,,,,0
2018,Ontario,2021A000235,Persons in one-parent families,Number,223,units,0,v21187925,16.17,1494900,,,,0
2018,Ontario,2021A000235,Persons not in census families,Number,223,units,0,v21187926,16.18,2346660,,,,0
2018,Ontario,2021A000235,Median total income of persons not in census families with income,Dollars,81,units,0,v52318567,16.44,30870,,,,0
2018,Ontario,2021A000235,Families with employment income,Number,223,units,0,v21187929,16.21,3344730,,,,0
2018,Ontario,2021A000235,Median employment income of families,Dollars,81,units,0,v21187930,16.22,78290,,,,0
2018,Ontario,2021A000235,Persons not in census families with employment income,Number,223,units,0,v21187931,16.23,1416410,,,,0
2018,Ontario,2021A000235,Median employment income of persons not in census families,Dollars,81,units,0,v21187932,16.24,31710,,,,0
2018,Ontario,2021A000235,Dual-earner couple families,Number,223,units,0,v21187933,16.25,1919970,,,,0
2018,Ontario,2021A000235,Median employment income of dual-earner couple families,Dollars,81,units,0,v21187934,16.26,103830,,,,0
2018,Ontario,2021A000235,Single-earner-male couple families,Number,223,units,0,v21187935,16.27,593440,,,,0
2018,Ontario,2021A000235,Median employment income of single-earner-male couple families,Dollars,81,units,0,v21187936,16.28,32070,,,,0
2018,Ontario,2021A000235,Single-earner-female couple families,Number,223,units,0,v21187937,16.29,272690,,,,0
2018,Ontario,2021A000235,Median employment income of single-earner-female couple families,Dollars,81,units,0,v21187938,16.30,27380,,,,0
2018,Ontario,2021A000235,Families with government transfers,Number,223,units,0,v21187939,16.31,3892130,,,,0
2018,Ontario,2021A000235,Median government transfers to families,Dollars,81,units,0,v52318568,16.45,7970,,,,0
2018,Ontario,2021A000235,Persons not in census families with government transfers,Number,223,units,0,v21187941,16.33,2310910,,,,0
2018,Ontario,2021A000235,Median government transfers to persons not in census families,Dollars,81,units,0,v52318569,16.46,3760,,,,0
2018,Ontario,2021A000235,Families with labour income,Number,223,units,0,v21187943,16.35,3353200,,,,0
2018,Ontario,2021A000235,Families receiving Employment Insurance benefits,Number,223,units,0,v21187944,16.36,549090,,,,0
2018,Ontario,2021A000235,Median Employment Insurance benefits received by families,Dollars,81,units,0,v52318570,16.47,6110,,,,0
2018,Ontario,2021A000235,Persons not in census families with labour income,Number,223,units,0,v21187946,16.38,1422240,,,,0
2018,Ontario,2021A000235,Persons not in census families receiving Employment Insurance benefits,Number,223,units,0,v21187947,16.39,110440,,,,0
2018,Ontario,2021A000235,Median Employment Insurance benefits received by persons not in census families,Dollars,81,units,0,v52318571,16.48,5000,,,,0
2018,"Oshawa, Ontario",2016S0503532,All tax filers,Number,223,units,0,v21187989,18.1,294810,,,,0
2018,"Oshawa, Ontario",2016S0503532,"All tax filers and dependants, all age groups",Number,223,units,0,v21187990,18.2,385760,,,,0
2018,"Oshawa, Ontario",2016S0503532,"Tax filers and dependants, under age 15 years",Number,223,units,0,v21187991,18.3,73240,,,,0
2018,"Oshawa, Ontario",2016S0503532,Tax filers and dependants aged 15 to 64 years,Number,223,units,0,v21187992,18.4,253740,,,,0
2018,"Oshawa, Ontario",2016S0503532,Tax filers and dependants aged 65 years and over,Number,223,units,0,v21187993,18.5,58780,,,,0
2018,"Oshawa, Ontario",2016S0503532,All families,Number,223,units,0,v21187994,18.6,110290,,,,0
2018,"Oshawa, Ontario",2016S0503532,Couple families,Number,223,units,0,v21187995,18.7,91630,,,,0
2018,"Oshawa, Ontario",2016S0503532,One-parent families,Number,223,units,0,v21187996,18.8,18660,,,,0
2018,"Oshawa, Ontario",2016S0503532,"Median total income, all families",Dollars,81,units,0,v21187997,18.9,98820,,,,0
2018,"Oshawa, Ontario",2016S0503532,"Median total income of persons with income, all families",Dollars,81,units,0,v52318580,18.41,43170,,,,0
2018,"Oshawa, Ontario",2016S0503532,"Median total income, couple families",Dollars,81,units,0,v21187999,18.11,109460,,,,0
2018,"Oshawa, Ontario",2016S0503532,"Median total income of persons with income, couple families",Dollars,81,units,0,v52318581,18.42,44350,,,,0
2018,"Oshawa, Ontario",2016S0503532,"Median total income, one-parent families",Dollars,81,units,0,v21188001,18.13,53140,,,,0
2018,"Oshawa, Ontario",2016S0503532,"Median total income of persons with income, one-parent families",Dollars,81,units,0,v52318582,18.43,35660,,,,0
2018,"Oshawa, Ontario",2016S0503532,Total persons in families,Number,223,units,0,v21188003,18.15,329490,,,,0
2018,"Oshawa, Ontario",2016S0503532,Persons in couple families,Number,223,units,0,v21188004,18.16,281200,,,,0
2018,"Oshawa, Ontario",2016S0503532,Persons in one-parent families,Number,223,units,0,v21188005,18.17,48280,,,,0
2018,"Oshawa, Ontario",2016S0503532,Persons not in census families,Number,223,units,0,v21188006,18.18,56280,,,,0
2018,"Oshawa, Ontario",2016S0503532,Median total income of persons not in census families with income,Dollars,81,units,0,v52318583,18.44,33830,,,,0
2018,"Oshawa, Ontario",2016S0503532,Families with employment income,Number,223,units,0,v21188009,18.21,97250,,,,0
2018,"Oshawa, Ontario",2016S0503532,Median employment income of families,Dollars,81,units,0,v21188010,18.22,87680,,,,0
2018,"Oshawa, Ontario",2016S0503532,Persons not in census families with employment income,Number,223,units,0,v21188011,18.23,35070,,,,0
2018,"Oshawa, Ontario",2016S0503532,Median employment income of persons not in census families,Dollars,81,units,0,v21188012,18.24,31450,,,,0
2018,"Oshawa, Ontario",2016S0503532,Dual-earner couple families,Number,223,units,0,v21188013,18.25,57090,,,,0
2018,"Oshawa, Ontario",2016S0503532,Median employment income of dual-earner couple families,Dollars,81,units,0,v21188014,18.26,113430,,,,0
2018,"Oshawa, Ontario",2016S0503532,Single-earner-male couple families,Number,223,units,0,v21188015,18.27,16580,,,,0
2018,"Oshawa, Ontario",2016S0503532,Median employment income of single-earner-male couple families,Dollars,81,units,0,v21188016,18.28,32610,,,,0
2018,"Oshawa, Ontario",2016S0503532,Single-earner-female couple families,Number,223,units,0,v21188017,18.29,6530,,,,0
2018,"Oshawa, Ontario",2016S0503532,Median employment income of single-earner-female couple families,Dollars,81,units,0,v21188018,18.30,28750,,,,0
2018,"Oshawa, Ontario",2016S0503532,Families with government transfers,Number,223,units,0,v21188019,18.31,109240,,,,0
2018,"Oshawa, Ontario",2016S0503532,Median government transfers to families,Dollars,81,units,0,v52318584,18.45,7990,,,,0
2018,"Oshawa, Ontario",2016S0503532,Persons not in census families with government transfers,Number,223,units,0,v21188021,18.33,55340,,,,0
2018,"Oshawa, Ontario",2016S0503532,Median government transfers to persons not in census families,Dollars,81,units,0,v52318585,18.46,6150,,,,0
2018,"Oshawa, Ontario",2016S0503532,Families with labour income,Number,223,units,0,v21188023,18.35,97470,,,,0
2018,"Oshawa, Ontario",2016S0503532,Families receiving Employment Insurance benefits,Number,223,units,0,v21188024,18.36,17990,,,,0
2018,"Oshawa, Ontario",2016S0503532,Median Employment Insurance benefits received by families,Dollars,81,units,0,v52318586,18.47,5970,,,,0
2018,"Oshawa, Ontario",2016S0503532,Persons not in census families with labour income,Number,223,units,0,v21188026,18.38,35210,,,,0
2018,"Oshawa, Ontario",2016S0503532,Persons not in census families receiving Employment Insurance benefits,Number,223,units,0,v21188027,18.39,3240,,,,0
2018,"Oshawa, Ontario",2016S0503532,Median Employment Insurance benefits received by persons not in census families,Dollars,81,units,0,v52318587,18.48,4660,,,,0
2018,"Toronto, Ontario",2016S0503535,All tax filers,Number,223,units,0,v21188029,19.1,4847240,,,,0
2018,"Toronto, Ontario",2016S0503535,"All tax filers and dependants, all age groups",Number,223,units,0,v21188030,19.2,6179080,,,,0
2018,"Toronto, Ontario",2016S0503535,"Tax filers and dependants, under age 15 years",Number,223,units,0,v21188031,19.3,1024550,,,,0
2018,"Toronto, Ontario",2016S0503535,Tax filers and dependants aged 15 to 64 years,Number,223,units,0,v21188032,19.4,4228580,,,,0
2018,"Toronto, Ontario",2016S0503535,Tax filers and dependants aged 65 years and over,Number,223,units,0,v21188033,19.5,925950,,,,0
2018,"Toronto, Ontario",2016S0503535,All families,Number,223,units,0,v21188034,19.6,1736890,,,,0
2018,"Toronto, Ontario",2016S0503535,Couple families,Number,223,units,0,v21188035,19.7,1485110,,,,0
2018,"Toronto, Ontario",2016S0503535,One-parent families,Number,223,units,0,v21188036,19.8,251780,,,,0
2018,"Toronto, Ontario",2016S0503535,"Median total income, all families",Dollars,81,units,0,v21188037,19.9,86670,,,,0
2018,"Toronto, Ontario",2016S0503535,"Median total income of persons with income, all families",Dollars,81,units,0,v52318588,19.41,36700,,,,0
2018,"Toronto, Ontario",2016S0503535,"Median total income, couple families",Dollars,81,units,0,v21188039,19.11,95140,,,,0
2018,"Toronto, Ontario",2016S0503535,"Median total income of persons with income, couple families",Dollars,81,units,0,v52318589,19.42,37310,,,,0
2018,"Toronto, Ontario",2016S0503535,"Median total income, one-parent families",Dollars,81,units,0,v21188041,19.13,50280,,,,0
2018,"Toronto, Ontario",2016S0503535,"Median total income of persons with income, one-parent families",Dollars,81,units,0,v52318590,19.43,32510,,,,0
2018,"Toronto, Ontario",2016S0503535,Total persons in families,Number,223,units,0,v21188043,19.15,5149990,,,,0
2018,"Toronto, Ontario",2016S0503535,Persons in couple families,Number,223,units,0,v21188044,19.16,4511360,,,,0
2018,"Toronto, Ontario",2016S0503535,Persons in one-parent families,Number,223,units,0,v21188045,19.17,638640,,,,0
2018,"Toronto, Ontario",2016S0503535,Persons not in census families,Number,223,units,0,v21188046,19.18,1029080,,,,0
2018,"Toronto, Ontario",2016S0503535,Median total income of persons not in census families with income,Dollars,81,units,0,v52318591,19.44,28820,,,,0
2018,"Toronto, Ontario",2016S0503535,Families with employment income,Number,223,units,0,v21188049,19.21,1493140,,,,0
2018,"Toronto, Ontario",2016S0503535,Median employment income of families,Dollars,81,units,0,v21188050,19.22,79290,,,,0
2018,"Toronto, Ontario",2016S0503535,Persons not in census families with employment income,Number,223,units,0,v21188051,19.23,650470,,,,0
2018,"Toronto, Ontario",2016S0503535,Median employment income of persons not in census families,Dollars,81,units,0,v21188052,19.24,32760,,,,0
2018,"Toronto, Ontario",2016S0503535,Dual-earner couple families,Number,223,units,0,v21188053,19.25,853280,,,,0
2018,"Toronto, Ontario",2016S0503535,Median employment income of dual-earner couple families,Dollars,81,units,0,v21188054,19.26,103370,,,,0
2018,"Toronto, Ontario",2016S0503535,Single-earner-male couple families,Number,223,units,0,v21188055,19.27,266490,,,,0
2018,"Toronto, Ontario",2016S0503535,Median employment income of single-earner-male couple families,Dollars,81,units,0,v21188056,19.28,36680,,,,0
2018,"Toronto, Ontario",2016S0503535,Single-earner-female couple families,Number,223,units,0,v21188057,19.29,128620,,,,0
2018,"Toronto, Ontario",2016S0503535,Median employment income of single-earner-female couple families,Dollars,81,units,0,v21188058,19.30,29190,,,,0
2018,"Toronto, Ontario",2016S0503535,Families with government transfers,Number,223,units,0,v21188059,19.31,1715120,,,,0
2018,"Toronto, Ontario",2016S0503535,Median government transfers to families,Dollars,81,units,0,v52318592,19.45,5880,,,,0
2018,"Toronto, Ontario",2016S0503535,Persons not in census families with government transfers,Number,223,units,0,v21188061,19.33,1012020,,,,0
2018,"Toronto, Ontario",2016S0503535,Median government transfers to persons not in census families,Dollars,81,units,0,v52318593,19.46,1790,,,,0
2018,"Toronto, Ontario",2016S0503535,Families with labour income,Number,223,units,0,v21188063,19.35,1497030,,,,0
2018,"Toronto, Ontario",2016S0503535,Families receiving Employment Insurance benefits,Number,223,units,0,v21188064,19.36,214640,,,,0
2018,"Toronto, Ontario",2016S0503535,Median Employment Insurance benefits received by families,Dollars,81,units,0,v52318594,19.47,6510,,,,0
2018,"Toronto, Ontario",2016S0503535,Persons not in census families with labour income,Number,223,units,0,v21188066,19.38,653140,,,,0
2018,"Toronto, Ontario",2016S0503535,Persons not in census families receiving Employment Insurance benefits,Number,223,units,0,v21188067,19.39,38160,,,,0
2018,"Toronto, Ontario",2016S0503535,Median Employment Insurance benefits received by persons not in census families,Dollars,81,units,0,v52318595,19.48,5200,,,,0
2018,"Hamilton, Ontario",2016S0503537,All tax filers,Number,223,units,0,v21188069,20.1,588020,,,,0
2018,"Hamilton, Ontario",2016S0503537,"All tax filers and dependants, all age groups",Number,223,units,0,v21188070,20.2,744300,,,,0
2018,"Hamilton, Ontario",2016S0503537,"Tax filers and dependants, under age 15 years",Number,223,units,0,v21188071,20.3,124530,,,,0
2018,"Hamilton, Ontario",2016S0503537,Tax filers and dependants aged 15 to 64 years,Number,223,units,0,v21188072,20.4,483570,,,,0
2018,"Hamilton, Ontario",2016S0503537,Tax filers and dependants aged 65 years and over,Number,223,units,0,v21188073,20.5,136210,,,,0
2018,"Hamilton, Ontario",2016S0503537,All families,Number,223,units,0,v21188074,20.6,210630,,,,0
2018,"Hamilton, Ontario",2016S0503537,Couple families,Number,223,units,0,v21188075,20.7,177350,,,,0
2018,"Hamilton, Ontario",2016S0503537,One-parent families,Number,223,units,0,v21188076,20.8,33280,,,,0
2018,"Hamilton, Ontario",2016S0503537,"Median total income, all families",Dollars,81,units,0,v21188077,20.9,95680,,,,0
2018,"Hamilton, Ontario",2016S0503537,"Median total income of persons with income, all families",Dollars,81,units,0,v52318596,20.41,41150,,,,0
2018,"Hamilton, Ontario",2016S0503537,"Median total income, couple families",Dollars,81,units,0,v21188079,20.11,105450,,,,0
2018,"Hamilton, Ontario",2016S0503537,"Median total income of persons with income, couple families",Dollars,81,units,0,v52318597,20.42,42270,,,,0
2018,"Hamilton, Ontario",2016S0503537,"Median total income, one-parent families",Dollars,81,units,0,v21188081,20.13,52700,,,,0
2018,"Hamilton, Ontario",2016S0503537,"Median total income of persons with income, one-parent families",Dollars,81,units,0,v52318598,20.43,34200,,,,0
2018,"Hamilton, Ontario",2016S0503537,Total persons in families,Number,223,units,0,v21188083,20.15,616630,,,,0
2018,"Hamilton, Ontario",2016S0503537,Persons in couple families,Number,223,units,0,v21188084,20.16,531800,,,,0
2018,"Hamilton, Ontario",2016S0503537,Persons in one-parent families,Number,223,units,0,v21188085,20.17,84830,,,,0
2018,"Hamilton, Ontario",2016S0503537,Persons not in census families,Number,223,units,0,v21188086,20.18,127670,,,,0
2018,"Hamilton, Ontario",2016S0503537,Median total income of persons not in census families with income,Dollars,81,units,0,v52318599,20.44,32590,,,,0
2018,"Hamilton, Ontario",2016S0503537,Families with employment income,Number,223,units,0,v21188089,20.21,179380,,,,0
2018,"Hamilton, Ontario",2016S0503537,Median employment income of families,Dollars,81,units,0,v21188090,20.22,84740,,,,0
2018,"Hamilton, Ontario",2016S0503537,Persons not in census families with employment income,Number,223,units,0,v21188091,20.23,74000,,,,0
2018,"Hamilton, Ontario",2016S0503537,Median employment income of persons not in census families,Dollars,81,units,0,v21188092,20.24,32250,,,,0
2018,"Hamilton, Ontario",2016S0503537,Dual-earner couple families,Number,223,units,0,v21188093,20.25,103690,,,,0
2018,"Hamilton, Ontario",2016S0503537,Median employment income of dual-earner couple families,Dollars,81,units,0,v21188094,20.26,111430,,,,0
2018,"Hamilton, Ontario",2016S0503537,Single-earner-male couple families,Number,223,units,0,v21188095,20.27,30940,,,,0
2018,"Hamilton, Ontario",2016S0503537,Median employment income of single-earner-male couple families,Dollars,81,units,0,v21188096,20.28,30310,,,,0
2018,"Hamilton, Ontario",2016S0503537,Single-earner-female couple families,Number,223,units,0,v21188097,20.29,13550,,,,0
2018,"Hamilton, Ontario",2016S0503537,Median employment income of single-earner-female couple families,Dollars,81,units,0,v21188098,20.30,28650,,,,0
2018,"Hamilton, Ontario",2016S0503537,Families with government transfers,Number,223,units,0,v21188099,20.31,208700,,,,0
2018,"Hamilton, Ontario",2016S0503537,Median government transfers to families,Dollars,81,units,0,v52318600,20.45,8520,,,,0
2018,"Hamilton, Ontario",2016S0503537,Persons not in census families with government transfers,Number,223,units,0,v21188101,20.33,125910,,,,0
2018,"Hamilton, Ontario",2016S0503537,Median government transfers to persons not in census families,Dollars,81,units,0,v52318601,20.46,7550,,,,0
2018,"Hamilton, Ontario",2016S0503537,Families with labour income,Number,223,units,0,v21188103,20.35,179770,,,,0
2018,"Hamilton, Ontario",2016S0503537,Families receiving Employment Insurance benefits,Number,223,units,0,v21188104,20.36,29250,,,,0
2018,"Hamilton, Ontario",2016S0503537,Median Employment Insurance benefits received by families,Dollars,81,units,0,v52318602,20.47,6010,,,,0
2018,"Hamilton, Ontario",2016S0503537,Persons not in census families with labour income,Number,223,units,0,v21188106,20.38,74310,,,,0
2018,"Hamilton, Ontario",2016S0503537,Persons not in census families receiving Employment Insurance benefits,Number,223,units,0,v21188107,20.39,5940,,,,0
2018,"Hamilton, Ontario",2016S0503537,Median Employment Insurance benefits received by persons not in census families,Dollars,81,units,0,v52318603,20.48,4830,,,,0
2019,Canada,2021A11124,All tax filers,Number,223,units,0,v21187309,1.1,28784170,,,,0
2019,Canada,2021A11124,"All tax filers and dependants, all age groups",Number,223,units,0,v21187310,1.2,36360680,,,,0
2019,Canada,2021A11124,"Tax filers and dependants, under age 15 years",Number,223,units,0,v21187311,1.3,6132170,,,,0
2019,Canada,2021A11124,Tax filers and dependants aged 15 to 64 years,Number,223,units,0,v21187312,1.4,23723590,,,,0
2019,Canada,2021A11124,Tax filers and dependants aged 65 years and over,Number,223,units,0,v21187313,1.5,6504920,,,,0
2019,Canada,2021A11124,All families,Number,223,units,0,v21187314,1.6,10298850,,,,0
2019,Canada,2021A11124,Couple families,Number,223,units,0,v21187315,1.7,8798970,,,,0
2019,Canada,2021A11124,One-parent families,Number,223,units,0,v21187316,1.8,1499890,,,,0
2019,Canada,2021A11124,"Median total income, all families",Dollars,81,units,0,v21187317,1.9,90390,,,,0
2019,Canada,2021A11124,"Median total income of persons with income, all families",Dollars,81,units,0,v52318444,1.41,39930,,,,0
2019,Canada,2021A11124,"Median total income, couple families",Dollars,81,units,0,v21187319,1.11,98690,,,,0
2019,Canada,2021A11124,"Median total income of persons with income, couple families",Dollars,81,units,0,v52318445,1.42,40700,,,,0
2019,Canada,2021A11124,"Median total income, one-parent families",Dollars,81,units,0,v21187321,1.13,50800,,,,0
2019,Canada,2021A11124,"Median total income of persons with income, one-parent families",Dollars,81,units,0,v52318446,1.43,33870,,,,0
2019,Canada,2021A11124,Total persons in families,Number,223,units,0,v21187323,1.15,29645500,,,,0
2019,Canada,2021A11124,Persons in couple families,Number,223,units,0,v21187324,1.16,25783490,,,,0
2019,Canada,2021A11124,Persons in one-parent families,Number,223,units,0,v21187325,1.17,3862020,,,,0
2019,Canada,2021A11124,Persons not in census families,Number,223,units,0,v21187326,1.18,6715180,,,,0
2019,Canada,2021A11124,Median total income of persons not in census families with income,Dollars,81,units,0,v52318447,1.44,31150,,,,0
2019,Canada,2021A11124,Families with employment income,Number,223,units,0,v21187329,1.21,8766710,,,,0
2019,Canada,2021A11124,Median employment income of families,Dollars,81,units,0,v21187330,1.22,77760,,,,0
2019,Canada,2021A11124,Persons not in census families with employment income,Number,223,units,0,v21187331,1.23,4129880,,,,0
2019,Canada,2021A11124,Median employment income of persons not in census families,Dollars,81,units,0,v21187332,1.24,32000,,,,0
2019,Canada,2021A11124,Dual-earner couple families,Number,223,units,0,v21187333,1.25,5196830,,,,0
2019,Canada,2021A11124,Median employment income of dual-earner couple families,Dollars,81,units,0,v21187334,1.26,101580,,,,0
2019,Canada,2021A11124,Single-earner-male couple families,Number,223,units,0,v21187335,1.27,1417560,,,,0
2019,Canada,2021A11124,Median employment income of single-earner-male couple families,Dollars,81,units,0,v21187336,1.28,33980,,,,0
2019,Canada,2021A11124,Single-earner-female couple families,Number,223,units,0,v21187337,1.29,707640,,,,0
2019,Canada,2021A11124,Median employment income of single-earner-female couple families,Dollars,81,units,0,v21187338,1.30,25460,,,,0
2019,Canada,2021A11124,Families with government transfers,Number,223,units,0,v21187339,1.31,9653280,,,,0
2019,Canada,2021A11124,Median government transfers to families,Dollars,81,units,0,v52318448,1.45,10100,,,,0
2019,Canada,2021A11124,Persons not in census families with government transfers,Number,223,units,0,v21187341,1.33,6178380,,,,0
2019,Canada,2021A11124,Median government transfers to persons not in census families,Dollars,81,units,0,v52318449,1.46,7030,,,,0
2019,Canada,2021A11124,Families with labour income,Number,223,units,0,v21187343,1.35,8790010,,,,0
2019,Canada,2021A11124,Families receiving Employment Insurance benefits,Number,223,units,0,v21187344,1.36,1700080,,,,0
2019,Canada,2021A11124,Median Employment Insurance benefits received by families,Dollars,81,units,0,v52318450,1.47,6750,,,,0
2019,Canada,2021A11124,Persons not in census families with labour income,Number,223,units,0,v21187346,1.38,4148130,,,,0
2019,Canada,2021A11124,Persons not in census families receiving Employment Insurance benefits,Number,223,units,0,v21187347,1.39,427890,,,,0
2019,Canada,2021A11124,Median Employment Insurance benefits received by persons not in census families,Dollars,81,units,0,v52318451,1.48,5470,,,,0
2019,Ontario,2021A000235,All tax filers,Number,223,units,0,v21187909,16.1,11074250,,,,0
2019,Ontario,2021A000235,"All tax filers and dependants, all age groups",Number,223,units,0,v21187910,16.2,14006620,,,,0
2019,Ontario,2021A000235,"Tax filers and dependants, under age 15 years",Number,223,units,0,v21187911,16.3,2309150,,,,0
2019,Ontario,2021A000235,Tax filers and dependants aged 15 to 64 years,Number,223,units,0,v21187912,16.4,9251530,,,,0
2019,Ontario,2021A000235,Tax filers and dependants aged 65 years and over,Number,223,units,0,v21187913,16.5,2445940,,,,0
2019,Ontario,2021A000235,All families,Number,223,units,0,v21187914,16.6,3985380,,,,0
2019,Ontario,2021A000235,Couple families,Number,223,units,0,v21187915,16.7,3397070,,,,0
2019,Ontario,2021A000235,One-parent families,Number,223,units,0,v21187916,16.8,588320,,,,0
2019,Ontario,2021A000235,"Median total income, all families",Dollars,81,units,0,v21187917,16.9,91540,,,,0
2019,Ontario,2021A000235,"Median total income of persons with income, all families",Dollars,81,units,0,v52318564,16.41,39900,,,,0
2019,Ontario,2021A000235,"Median total income, couple families",Dollars,81,units,0,v21187919,16.11,100260,,,,0
2019,Ontario,2021A000235,"Median total income of persons with income, couple families",Dollars,81,units,0,v52318565,16.42,40690,,,,0
2019,Ontario,2021A000235,"Median total income, one-parent families",Dollars,81,units,0,v21187921,16.13,51790,,,,0
2019,Ontario,2021A000235,"Median total income of persons with income, one-parent families",Dollars,81,units,0,v52318566,16.43,34220,,,,0
2019,Ontario,2021A000235,Total persons in families,Number,223,units,0,v21187923,16.15,11578420,,,,0
2019,Ontario,2021A000235,Persons in couple families,Number,223,units,0,v21187924,16.16,10069290,,,,0
2019,Ontario,2021A000235,Persons in one-parent families,Number,223,units,0,v21187925,16.17,1509130,,,,0
2019,Ontario,2021A000235,Persons not in census families,Number,223,units,0,v21187926,16.18,2428200,,,,0
2019,Ontario,2021A000235,Median total income of persons not in census families with income,Dollars,81,units,0,v52318567,16.44,31210,,,,0
2019,Ontario,2021A000235,Families with employment income,Number,223,units,0,v21187929,16.21,3398330,,,,0
2019,Ontario,2021A000235,Median employment income of families,Dollars,81,units,0,v21187930,16.22,79440,,,,0
2019,Ontario,2021A000235,Persons not in census families with employment income,Number,223,units,0,v21187931,16.23,1488940,,,,0
2019,Ontario,2021A000235,Median employment income of persons not in census families,Dollars,81,units,0,v21187932,16.24,31350,,,,0
2019,Ontario,2021A000235,Dual-earner couple families,Number,223,units,0,v21187933,16.25,1970420,,,,0
2019,Ontario,2021A000235,Median employment income of dual-earner couple families,Dollars,81,units,0,v21187934,16.26,104980,,,,0
2019,Ontario,2021A000235,Single-earner-male couple families,Number,223,units,0,v21187935,16.27,589200,,,,0
2019,Ontario,2021A000235,Median employment income of single-earner-male couple families,Dollars,81,units,0,v21187936,16.28,32910,,,,0
2019,Ontario,2021A000235,Single-earner-female couple families,Number,223,units,0,v21187937,16.29,274960,,,,0
2019,Ontario,2021A000235,Median employment income of single-earner-female couple families,Dollars,81,units,0,v21187938,16.30,27300,,,,0
2019,Ontario,2021A000235,Families with government transfers,Number,223,units,0,v21187939,16.31,3948380,,,,0
2019,Ontario,2021A000235,Median government transfers to families,Dollars,81,units,0,v52318568,16.45,8420,,,,0
2019,Ontario,2021A000235,Persons not in census families with government transfers,Number,223,units,0,v21187941,16.33,2394190,,,,0
2019,Ontario,2021A000235,Median government transfers to persons not in census families,Dollars,81,units,0,v52318569,16.46,3260,,,,0
2019,Ontario,2021A000235,Families with labour income,Number,223,units,0,v21187943,16.35,3405900,,,,0
2019,Ontario,2021A000235,Families receiving Employment Insurance benefits,Number,223,units,0,v21187944,16.36,542860,,,,0
2019,Ontario,2021A000235,Median Employment Insurance benefits received by families,Dollars,81,units,0,v52318570,16.47,6430,,,,0
2019,Ontario,2021A000235,Persons not in census families with labour income,Number,223,units,0,v21187946,16.38,1494310,,,,0
2019,Ontario,2021A000235,Persons not in census families receiving Employment Insurance benefits,Number,223,units,0,v21187947,16.39,111690,,,,0
2019,Ontario,2021A000235,Median Employment Insurance benefits received by persons not in census families,Dollars,81,units,0,v52318571,16.48,5220,,,,0
2019,"Oshawa, Ontario",2016S0503532,All tax filers,Number,223,units,0,v21187989,18.1,301690,,,,0
2019,"Oshawa, Ontario",2016S0503532,"All tax filers and dependants, all age groups",Number,223,units,0,v21187990,18.2,394910,,,,0
2019,"Oshawa, Ontario",2016S0503532,"Tax filers and dependants, under age 15 years",Number,223,units,0,v21187991,18.3,75620,,,,0
2019,"Oshawa, Ontario",2016S0503532,Tax filers and dependants aged 15 to 64 years,Number,223,units,0,v21187992,18.4,258860,,,,0
2019,"Oshawa, Ontario",2016S0503532,Tax filers and dependants aged 65 years and over,Number,223,units,0,v21187993,18.5,60430,,,,0
2019,"Oshawa, Ontario",2016S0503532,All families,Number,223,units,0,v21187994,18.6,112590,,,,0
2019,"Oshawa, Ontario",2016S0503532,Couple families,Number,223,units,0,v21187995,18.7,93490,,,,0
2019,"Oshawa, Ontario",2016S0503532,One-parent families,Number,223,units,0,v21187996,18.8,19110,,,,0
2019,"Oshawa, Ontario",2016S0503532,"Median total income, all families",Dollars,81,units,0,v21187997,18.9,100870,,,,0
2019,"Oshawa, Ontario",2016S0503532,"Median total income of persons with income, all families",Dollars,81,units,0,v52318580,18.41,43930,,,,0
2019,"Oshawa, Ontario",2016S0503532,"Median total income, couple families",Dollars,81,units,0,v21187999,18.11,111820,,,,0
2019,"Oshawa, Ontario",2016S0503532,"Median total income of persons with income, couple families",Dollars,81,units,0,v52318581,18.42,45180,,,,0
2019,"Oshawa, Ontario",2016S0503532,"Median total income, one-parent families",Dollars,81,units,0,v21188001,18.13,54430,,,,0
2019,"Oshawa, Ontario",2016S0503532,"Median total income of persons with income, one-parent families",Dollars,81,units,0,v52318582,18.43,36510,,,,0
2019,"Oshawa, Ontario",2016S0503532,Total persons in families,Number,223,units,0,v21188003,18.15,336830,,,,0
2019,"Oshawa, Ontario",2016S0503532,Persons in couple families,Number,223,units,0,v21188004,18.16,287110,,,,0
2019,"Oshawa, Ontario",2016S0503532,Persons in one-parent families,Number,223,units,0,v21188005,18.17,49720,,,,0
2019,"Oshawa, Ontario",2016S0503532,Persons not in census families,Number,223,units,0,v21188006,18.18,58080,,,,0
2019,"Oshawa, Ontario",2016S0503532,Median total income of persons not in census families with income,Dollars,81,units,0,v52318583,18.44,34020,,,,0
2019,"Oshawa, Ontario",2016S0503532,Families with employment income,Number,223,units,0,v21188009,18.21,99300,,,,0
2019,"Oshawa, Ontario",2016S0503532,Median employment income of families,Dollars,81,units,0,v21188010,18.22,88840,,,,0
2019,"Oshawa, Ontario",2016S0503532,Persons not in census families with employment income,Number,223,units,0,v21188011,18.23,36720,,,,0
2019,"Oshawa, Ontario",2016S0503532,Median employment income of persons not in census families,Dollars,81,units,0,v21188012,18.24,30650,,,,0
2019,"Oshawa, Ontario",2016S0503532,Dual-earner couple families,Number,223,units,0,v21188013,18.25,58690,,,,0
2019,"Oshawa, Ontario",2016S0503532,Median employment income of dual-earner couple families,Dollars,81,units,0,v21188014,18.26,114980,,,,0
2019,"Oshawa, Ontario",2016S0503532,Single-earner-male couple families,Number,223,units,0,v21188015,18.27,16590,,,,0
2019,"Oshawa, Ontario",2016S0503532,Median employment income of single-earner-male couple families,Dollars,81,units,0,v21188016,18.28,33970,,,,0
2019,"Oshawa, Ontario",2016S0503532,Single-earner-female couple families,Number,223,units,0,v21188017,18.29,6600,,,,0
2019,"Oshawa, Ontario",2016S0503532,Median employment income of single-earner-female couple families,Dollars,81,units,0,v21188018,18.30,28510,,,,0
2019,"Oshawa, Ontario",2016S0503532,Families with government transfers,Number,223,units,0,v21188019,18.31,111550,,,,0
2019,"Oshawa, Ontario",2016S0503532,Median government transfers to families,Dollars,81,units,0,v52318584,18.45,8580,,,,0
2019,"Oshawa, Ontario",2016S0503532,Persons not in census families with government transfers,Number,223,units,0,v21188021,18.33,57160,,,,0
2019,"Oshawa, Ontario",2016S0503532,Median government transfers to persons not in census families,Dollars,81,units,0,v52318585,18.46,5460,,,,0
2019,"Oshawa, Ontario",2016S0503532,Families with labour income,Number,223,units,0,v21188023,18.35,99510,,,,0
2019,"Oshawa, Ontario",2016S0503532,Families receiving Employment Insurance benefits,Number,223,units,0,v21188024,18.36,17320,,,,0
2019,"Oshawa, Ontario",2016S0503532,Median Employment Insurance benefits received by families,Dollars,81,units,0,v52318586,18.47,6450,,,,0
2019,"Oshawa, Ontario",2016S0503532,Persons not in census families with labour income,Number,223,units,0,v21188026,18.38,36850,,,,0
2019,"Oshawa, Ontario",2016S0503532,Persons not in census families receiving Employment Insurance benefits,Number,223,units,0,v21188027,18.39,3260,,,,0
2019,"Oshawa, Ontario",2016S0503532,Median Employment Insurance benefits received by persons not in census families,Dollars,81,units,0,v52318587,18.48,4660,,,,0
2019,"Toronto, Ontario",2016S0503535,All tax filers,Number,223,units,0,v21188029,19.1,4965910,,,,0
2019,"Toronto, Ontario",2016S0503535,"All tax filers and dependants, all age groups",Number,223,units,0,v21188030,19.2,6290340,,,,0
2019,"Toronto, Ontario",2016S0503535,"Tax filers and dependants, under age 15 years",Number,223,units,0,v21188031,19.3,1022720,,,,0
2019,"Toronto, Ontario",2016S0503535,Tax filers and dependants aged 15 to 64 years,Number,223,units,0,v21188032,19.4,4319570,,,,0
2019,"Toronto, Ontario",2016S0503535,Tax filers and dependants aged 65 years and over,Number,223,units,0,v21188033,19.5,948060,,,,0
2019,"Toronto, Ontario",2016S0503535,All families,Number,223,units,0,v21188034,19.6,1766650,,,,0
2019,"Toronto, Ontario",2016S0503535,Couple families,Number,223,units,0,v21188035,19.7,1514960,,,,0
2019,"Toronto, Ontario",2016S0503535,One-parent families,Number,223,units,0,v21188036,19.8,251690,,,,0
2019,"Toronto, Ontario",2016S0503535,"Median total income, all families",Dollars,81,units,0,v21188037,19.9,89150,,,,0
2019,"Toronto, Ontario",2016S0503535,"Median total income of persons with income, all families",Dollars,81,units,0,v52318588,19.41,37510,,,,0
2019,"Toronto, Ontario",2016S0503535,"Median total income, couple families",Dollars,81,units,0,v21188039,19.11,97640,,,,0
2019,"Toronto, Ontario",2016S0503535,"Median total income of persons with income, couple families",Dollars,81,units,0,v52318589,19.42,38110,,,,0
2019,"Toronto, Ontario",2016S0503535,"Median total income, one-parent families",Dollars,81,units,0,v21188041,19.13,52530,,,,0
2019,"Toronto, Ontario",2016S0503535,"Median total income of persons with income, one-parent families",Dollars,81,units,0,v52318590,19.43,33310,,,,0
2019,"Toronto, Ontario",2016S0503535,Total persons in families,Number,223,units,0,v21188043,19.15,5219650,,,,0
2019,"Toronto, Ontario",2016S0503535,Persons in couple families,Number,223,units,0,v21188044,19.16,4580080,,,,0
2019,"Toronto, Ontario",2016S0503535,Persons in one-parent families,Number,223,units,0,v21188045,19.17,639570,,,,0
2019,"Toronto, Ontario",2016S0503535,Persons not in census families,Number,223,units,0,v21188046,19.18,1070690,,,,0
2019,"Toronto, Ontario",2016S0503535,Median total income of persons not in census families with income,Dollars,81,units,0,v52318591,19.44,28930,,,,0
2019,"Toronto, Ontario",2016S0503535,Families with employment income,Number,223,units,0,v21188049,19.21,1527940,,,,0
2019,"Toronto, Ontario",2016S0503535,Median employment income of families,Dollars,81,units,0,v21188050,19.22,80460,,,,0
2019,"Toronto, Ontario",2016S0503535,Persons not in census families with employment income,Number,223,units,0,v21188051,19.23,689400,,,,0
2019,"Toronto, Ontario",2016S0503535,Median employment income of persons not in census families,Dollars,81,units,0,v21188052,19.24,32120,,,,0
2019,"Toronto, Ontario",2016S0503535,Dual-earner couple families,Number,223,units,0,v21188053,19.25,891190,,,,0
2019,"Toronto, Ontario",2016S0503535,Median employment income of dual-earner couple families,Dollars,81,units,0,v21188054,19.26,103640,,,,0
2019,"Toronto, Ontario",2016S0503535,Single-earner-male couple families,Number,223,units,0,v21188055,19.27,262010,,,,0
2019,"Toronto, Ontario",2016S0503535,Median employment income of single-earner-male couple families,Dollars,81,units,0,v21188056,19.28,37880,,,,0
2019,"Toronto, Ontario",2016S0503535,Single-earner-female couple families,Number,223,units,0,v21188057,19.29,128050,,,,0
2019,"Toronto, Ontario",2016S0503535,Median employment income of single-earner-female couple families,Dollars,81,units,0,v21188058,19.30,29120,,,,0
2019,"Toronto, Ontario",2016S0503535,Families with government transfers,Number,223,units,0,v21188059,19.31,1746990,,,,0
2019,"Toronto, Ontario",2016S0503535,Median government transfers to families,Dollars,81,units,0,v52318592,19.45,6230,,,,0
2019,"Toronto, Ontario",2016S0503535,Persons not in census families with government transfers,Number,223,units,0,v21188061,19.33,1054210,,,,0
2019,"Toronto, Ontario",2016S0503535,Median government transfers to persons not in census families,Dollars,81,units,0,v52318593,19.46,1970,,,,0
2019,"Toronto, Ontario",2016S0503535,Families with labour income,Number,223,units,0,v21188063,19.35,1531290,,,,0
2019,"Toronto, Ontario",2016S0503535,Families receiving Employment Insurance benefits,Number,223,units,0,v21188064,19.36,212200,,,,0
2019,"Toronto, Ontario",2016S0503535,Median Employment Insurance benefits received by families,Dollars,81,units,0,v52318594,19.47,6740,,,,0
2019,"Toronto, Ontario",2016S0503535,Persons not in census families with labour income,Number,223,units,0,v21188066,19.38,691730,,,,0
2019,"Toronto, Ontario",2016S0503535,Persons not in census families receiving Employment Insurance benefits,Number,223,units,0,v21188067,19.39,38350,,,,0
2019,"Toronto, Ontario",2016S0503535,Median Employment Insurance benefits received by persons not in census families,Dollars,81,units,0,v52318595,19.48,5470,,,,0
2019,"Hamilton, Ontario",2016S0503537,All tax filers,Number,223,units,0,v21188069,20.1,597550,,,,0
2019,"Hamilton, Ontario",2016S0503537,"All tax filers and dependants, all age groups",Number,223,units,0,v21188070,20.2,754990,,,,0
2019,"Hamilton, Ontario",2016S0503537,"Tax filers and dependants, under age 15 years",Number,223,units,0,v21188071,20.3,125950,,,,0
2019,"Hamilton, Ontario",2016S0503537,Tax filers and dependants aged 15 to 64 years,Number,223,units,0,v21188072,20.4,490190,,,,0
2019,"Hamilton, Ontario",2016S0503537,Tax filers and dependants aged 65 years and over,Number,223,units,0,v21188073,20.5,138860,,,,0
2019,"Hamilton, Ontario",2016S0503537,All families,Number,223,units,0,v21188074,20.6,213660,,,,0
2019,"Hamilton, Ontario",2016S0503537,Couple families,Number,223,units,0,v21188075,20.7,180010,,,,0
2019,"Hamilton, Ontario",2016S0503537,One-parent families,Number,223,units,0,v21188076,20.8,33650,,,,0
2019,"Hamilton, Ontario",2016S0503537,"Median total income, all families",Dollars,81,units,0,v21188077,20.9,98060,,,,0
2019,"Hamilton, Ontario",2016S0503537,"Median total income of persons with income, all families",Dollars,81,units,0,v52318596,20.41,42080,,,,0
2019,"Hamilton, Ontario",2016S0503537,"Median total income, couple families",Dollars,81,units,0,v21188079,20.11,107940,,,,0
2019,"Hamilton, Ontario",2016S0503537,"Median total income of persons with income, couple families",Dollars,81,units,0,v52318597,20.42,43200,,,,0
2019,"Hamilton, Ontario",2016S0503537,"Median total income, one-parent families",Dollars,81,units,0,v21188081,20.13,54550,,,,0
2019,"Hamilton, Ontario",2016S0503537,"Median total income of persons with income, one-parent families",Dollars,81,units,0,v52318598,20.43,35130,,,,0
2019,"Hamilton, Ontario",2016S0503537,Total persons in families,Number,223,units,0,v21188083,20.15,624400,,,,0
2019,"Hamilton, Ontario",2016S0503537,Persons in couple families,Number,223,units,0,v21188084,20.16,538550,,,,0
2019,"Hamilton, Ontario",2016S0503537,Persons in one-parent families,Number,223,units,0,v21188085,20.17,85860,,,,0
2019,"Hamilton, Ontario",2016S0503537,Persons not in census families,Number,223,units,0,v21188086,20.18,130590,,,,0
2019,"Hamilton, Ontario",2016S0503537,Median total income of persons not in census families with income,Dollars,81,units,0,v52318599,20.44,33080,,,,0
2019,"Hamilton, Ontario",2016S0503537,Families with employment income,Number,223,units,0,v21188089,20.21,182100,,,,0
2019,"Hamilton, Ontario",2016S0503537,Median employment income of families,Dollars,81,units,0,v21188090,20.22,85940,,,,0
2019,"Hamilton, Ontario",2016S0503537,Persons not in census families with employment income,Number,223,units,0,v21188091,20.23,77090,,,,0
2019,"Hamilton, Ontario",2016S0503537,Median employment income of persons not in census families,Dollars,81,units,0,v21188092,20.24,32090,,,,0
2019,"Hamilton, Ontario",2016S0503537,Dual-earner couple families,Number,223,units,0,v21188093,20.25,106030,,,,0
2019,"Hamilton, Ontario",2016S0503537,Median employment income of dual-earner couple families,Dollars,81,units,0,v21188094,20.26,112810,,,,0
2019,"Hamilton, Ontario",2016S0503537,Single-earner-male couple families,Number,223,units,0,v21188095,20.27,30760,,,,0
2019,"Hamilton, Ontario",2016S0503537,Median employment income of single-earner-male couple families,Dollars,81,units,0,v21188096,20.28,31120,,,,0
2019,"Hamilton, Ontario",2016S0503537,Single-earner-female couple families,Number,223,units,0,v21188097,20.29,13890,,,,0
2019,"Hamilton, Ontario",2016S0503537,Median employment income of single-earner-female couple families,Dollars,81,units,0,v21188098,20.30,28720,,,,0
2019,"Hamilton, Ontario",2016S0503537,Families with government transfers,Number,223,units,0,v21188099,20.31,211800,,,,0
2019,"Hamilton, Ontario",2016S0503537,Median government transfers to families,Dollars,81,units,0,v52318600,20.45,8930,,,,0
2019,"Hamilton, Ontario",2016S0503537,Persons not in census families with government transfers,Number,223,units,0,v21188101,20.33,128970,,,,0
2019,"Hamilton, Ontario",2016S0503537,Median government transfers to persons not in census families,Dollars,81,units,0,v52318601,20.46,6680,,,,0
2019,"Hamilton, Ontario",2016S0503537,Families with labour income,Number,223,units,0,v21188103,20.35,182470,,,,0
2019,"Hamilton, Ontario",2016S0503537,Families receiving Employment Insurance benefits,Number,223,units,0,v21188104,20.36,28730,,,,0
2019,"Hamilton, Ontario",2016S0503537,Median Employment Insurance benefits received by families,Dollars,81,units,0,v52318602,20.47,6380,,,,0
2019,"Hamilton, Ontario",2016S0503537,Persons not in census families with labour income,Number,223,units,0,v21188106,20.38,77360,,,,0
2019,"Hamilton, Ontario",2016S0503537,Persons not in census families receiving Employment Insurance benefits,Number,223,units,0,v21188107,20.39,5820,,,,0
2019,"Hamilton, Ontario",2016S0503537,Median Employment Insurance benefits received by persons not in census families,Dollars,81,units,0,v52318603,20.48,5060,,,,0
2020,Canada,2021A11124,All tax filers,Number,223,units,0,v21187309,1.1,28913200,,,,0
2020,Canada,2021A11124,"All tax filers and dependants, all age groups",Number,223,units,0,v21187310,1.2,36535370,,,,0
2020,Canada,2021A11124,"Tax filers and dependants, under age 15 years",Number,223,units,0,v21187311,1.3,6127360,,,,0
2020,Canada,2021A11124,Tax filers and dependants aged 15 to 64 years,Number,223,units,0,v21187312,1.4,23665220,,,,0
2020,Canada,2021A11124,Tax filers and dependants aged 65 years and over,Number,223,units,0,v21187313,1.5,6742800,,,,0
2020,Canada,2021A11124,All families,Number,223,units,0,v21187314,1.6,10361540,,,,0
2020,Canada,2021A11124,Couple families,Number,223,units,0,v21187315,1.7,8858700,,,,0
2020,Canada,2021A11124,One-parent families,Number,223,units,0,v21187316,1.8,1502840,,,,0
2020,Canada,2021A11124,"Median total income, all families",Dollars,81,units,0,v21187317,1.9,96220,,,,0
2020,Canada,2021A11124,"Median total income of persons with income, all families",Dollars,81,units,0,v52318444,1.41,42660,,,,0
2020,Canada,2021A11124,"Median total income, couple families",Dollars,81,units,0,v21187319,1.11,104350,,,,0
2020,Canada,2021A11124,"Median total income of persons with income, couple families",Dollars,81,units,0,v52318445,1.42,43110,,,,0
2020,Canada,2021A11124,"Median total income, one-parent families",Dollars,81,units,0,v21187321,1.13,57060,,,,0
2020,Canada,2021A11124,"Median total income of persons with income, one-parent families",Dollars,81,units,0,v52318446,1.43,39310,,,,0
2020,Canada,2021A11124,Total persons in families,Number,223,units,0,v21187323,1.15,29788590,,,,0
2020,Canada,2021A11124,Persons in couple families,Number,223,units,0,v21187324,1.16,25917380,,,,0
2020,Canada,2021A11124,Persons in one-parent families,Number,223,units,0,v21187325,1.17,3871210,,,,0
2020,Canada,2021A11124,Persons not in census families,Number,223,units,0,v21187326,1.18,6746790,,,,0
2020,Canada,2021A11124,Median total income of persons not in census families with income,Dollars,81,units,0,v52318447,1.44,34650,,,,0
2020,Canada,2021A11124,Families with employment income,Number,223,units,0,v21187329,1.21,8709610,,,,0
2020,Canada,2021A11124,Median employment income of families,Dollars,81,units,0,v21187330,1.22,76730,,,,0
2020,Canada,2021A11124,Persons not in census families with employment income,Number,223,units,0,v21187331,1.23,4023310,,,,0
2020,Canada,2021A11124,Median employment income of persons not in census families,Dollars,81,units,0,v21187332,1.24,31990,,,,0
2020,Canada,2021A11124,Dual-earner couple families,Number,223,units,0,v21187333,1.25,5086320,,,,0
2020,Canada,2021A11124,Median employment income of dual-earner couple families,Dollars,81,units,0,v21187334,1.26,102380,,,,0
2020,Canada,2021A11124,Single-earner-male couple families,Number,223,units,0,v21187335,1.27,1414720,,,,0
2020,Canada,2021A11124,Median employment income of single-earner-male couple families,Dollars,81,units,0,v21187336,1.28,34390,,,,0
2020,Canada,2021A11124,Single-earner-female couple families,Number,223,units,0,v21187337,1.29,727240,,,,0
2020,Canada,2021A11124,Median employment income of single-earner-female couple families,Dollars,81,units,0,v21187338,1.30,24850,,,,0
2020,Canada,2021A11124,Families with government transfers,Number,223,units,0,v21187339,1.31,9996840,,,,0
2020,Canada,2021A11124,Median government transfers to families,Dollars,81,units,0,v52318448,1.45,19480,,,,0
2020,Canada,2021A11124,Persons not in census families with government transfers,Number,223,units,0,v21187341,1.33,6291810,,,,0
2020,Canada,2021A11124,Median government transfers to persons not in census families,Dollars,81,units,0,v52318449,1.46,14370,,,,0
2020,Canada,2021A11124,Families with labour income,Number,223,units,0,v21187343,1.35,8749850,,,,0
2020,Canada,2021A11124,Families receiving Employment Insurance benefits,Number,223,units,0,v21187344,1.36,2225740,,,,0
2020,Canada,2021A11124,Median Employment Insurance benefits received by families,Dollars,81,units,0,v52318450,1.47,6300,,,,0
2020,Canada,2021A11124,Persons not in census families with labour income,Number,223,units,0,v21187346,1.38,4060220,,,,0
2020,Canada,2021A11124,Persons not in census families receiving Employment Insurance benefits,Number,223,units,0,v21187347,1.39,637020,,,,0
2020,Canada,2021A11124,Median Employment Insurance benefits received by persons not in census families,Dollars,81,units,0,v52318451,1.48,5500,,,,0
2020,Ontario,2021A000235,All tax filers,Number,223,units,0,v21187909,16.1,11155700,,,,0
2020,Ontario,2021A000235,"All tax filers and dependants, all age groups",Number,223,units,0,v21187910,16.2,14097930,,,,0
2020,Ontario,2021A000235,"Tax filers and dependants, under age 15 years",Number,223,units,0,v21187911,16.3,2301990,,,,0
2020,Ontario,2021A000235,Tax filers and dependants aged 15 to 64 years,Number,223,units,0,v21187912,16.4,9263220,,,,0
2020,Ontario,2021A000235,Tax filers and dependants aged 65 years and over,Number,223,units,0,v21187913,16.5,2532730,,,,0
2020,Ontario,2021A000235,All families,Number,223,units,0,v21187914,16.6,4017290,,,,0
2020,Ontario,2021A000235,Couple families,Number,223,units,0,v21187915,16.7,3427660,,,,0
2020,Ontario,2021A000235,One-parent families,Number,223,units,0,v21187916,16.8,589630,,,,0
2020,Ontario,2021A000235,"Median total income, all families",Dollars,81,units,0,v21187917,16.9,97850,,,,0
2020,Ontario,2021A000235,"Median total income of persons with income, all families",Dollars,81,units,0,v52318564,16.41,42510,,,,0
2020,Ontario,2021A000235,"Median total income, couple families",Dollars,81,units,0,v21187919,16.11,106350,,,,0
2020,Ontario,2021A000235,"Median total income of persons with income, couple families",Dollars,81,units,0,v52318565,16.42,43020,,,,0
2020,Ontario,2021A000235,"Median total income, one-parent families",Dollars,81,units,0,v21187921,16.13,58050,,,,0
2020,Ontario,2021A000235,"Median total income of persons with income, one-parent families",Dollars,81,units,0,v52318566,16.43,39030,,,,0
2020,Ontario,2021A000235,Total persons in families,Number,223,units,0,v21187923,16.15,11648130,,,,0
2020,Ontario,2021A000235,Persons in couple families,Number,223,units,0,v21187924,16.16,10136520,,,,0
2020,Ontario,2021A000235,Persons in one-parent families,Number,223,units,0,v21187925,16.17,1511610,,,,0
2020,Ontario,2021A000235,Persons not in census families,Number,223,units,0,v21187926,16.18,2449800,,,,0
2020,Ontario,2021A000235,Median total income of persons not in census families with income,Dollars,81,units,0,v52318567,16.44,34740,,,,0
2020,Ontario,2021A000235,Families with employment income,Number,223,units,0,v21187929,16.21,3399040,,,,0
2020,Ontario,2021A000235,Median employment income of families,Dollars,81,units,0,v21187930,16.22,78080,,,,0
2020,Ontario,2021A000235,Persons not in census families with employment income,Number,223,units,0,v21187931,16.23,1470140,,,,0
2020,Ontario,2021A000235,Median employment income of persons not in census families,Dollars,81,units,0,v21187932,16.24,30880,,,,0
2020,Ontario,2021A000235,Dual-earner couple families,Number,223,units,0,v21187933,16.25,1931870,,,,0
2020,Ontario,2021A000235,Median employment income of dual-earner couple families,Dollars,81,units,0,v21187934,16.26,106100,,,,0
2020,Ontario,2021A000235,Single-earner-male couple families,Number,223,units,0,v21187935,16.27,596510,,,,0
2020,Ontario,2021A000235,Median employment income of single-earner-male couple families,Dollars,81,units,0,v21187936,16.28,32650,,,,0
2020,Ontario,2021A000235,Single-earner-female couple families,Number,223,units,0,v21187937,16.29,289140,,,,0
2020,Ontario,2021A000235,Median employment income of single-earner-female couple families,Dollars,81,units,0,v21187938,16.30,25060,,,,0
2020,Ontario,2021A000235,Families with government transfers,Number,223,units,0,v21187939,16.31,3980800,,,,0
2020,Ontario,2021A000235,Median government transfers to families,Dollars,81,units,0,v52318568,16.45,18950,,,,0
2020,Ontario,2021A000235,Persons not in census families with government transfers,Number,223,units,0,v21187941,16.33,2414610,,,,0
2020,Ontario,2021A000235,Median government transfers to persons not in census families,Dollars,81,units,0,v52318569,16.46,13170,,,,0
2020,Ontario,2021A000235,Families with labour income,Number,223,units,0,v21187943,16.35,3413190,,,,0
2020,Ontario,2021A000235,Families receiving Employment Insurance benefits,Number,223,units,0,v21187944,16.36,773560,,,,0
2020,Ontario,2021A000235,Median Employment Insurance benefits received by families,Dollars,81,units,0,v52318570,16.47,6180,,,,0
2020,Ontario,2021A000235,Persons not in census families with labour income,Number,223,units,0,v21187946,16.38,1482610,,,,0
2020,Ontario,2021A000235,Persons not in census families receiving Employment Insurance benefits,Number,223,units,0,v21187947,16.39,195690,,,,0
2020,Ontario,2021A000235,Median Employment Insurance benefits received by persons not in census families,Dollars,81,units,0,v52318571,16.48,5500,,,,0
2020,"Oshawa, Ontario",2016S0503532,All tax filers,Number,223,units,0,v21187989,18.1,307620,,,,0
2020,"Oshawa, Ontario",2016S0503532,"All tax filers and dependants, all age groups",Number,223,units,0,v21187990,18.2,403310,,,,0
2020,"Oshawa, Ontario",2016S0503532,"Tax filers and dependants, under age 15 years",Number,223,units,0,v21187991,18.3,77280,,,,0
2020,"Oshawa, Ontario",2016S0503532,Tax filers and dependants aged 15 to 64 years,Number,223,units,0,v21187992,18.4,263400,,,,0
2020,"Oshawa, Ontario",2016S0503532,Tax filers and dependants aged 65 years and over,Number,223,units,0,v21187993,18.5,62630,,,,0
2020,"Oshawa, Ontario",2016S0503532,All families,Number,223,units,0,v21187994,18.6,115020,,,,0
2020,"Oshawa, Ontario",2016S0503532,Couple families,Number,223,units,0,v21187995,18.7,95590,,,,0
2020,"Oshawa, Ontario",2016S0503532,One-parent families,Number,223,units,0,v21187996,18.8,19440,,,,0
2020,"Oshawa, Ontario",2016S0503532,"Median total income, all families",Dollars,81,units,0,v21187997,18.9,106460,,,,0
2020,"Oshawa, Ontario",2016S0503532,"Median total income of persons with income, all families",Dollars,81,units,0,v52318580,18.41,46120,,,,0
2020,"Oshawa, Ontario",2016S0503532,"Median total income, couple families",Dollars,81,units,0,v21187999,18.11,117510,,,,0
2020,"Oshawa, Ontario",2016S0503532,"Median total income of persons with income, couple families",Dollars,81,units,0,v52318581,18.42,46960,,,,0
2020,"Oshawa, Ontario",2016S0503532,"Median total income, one-parent families",Dollars,81,units,0,v21188001,18.13,60770,,,,0
2020,"Oshawa, Ontario",2016S0503532,"Median total income of persons with income, one-parent families",Dollars,81,units,0,v52318582,18.43,41140,,,,0
2020,"Oshawa, Ontario",2016S0503532,Total persons in families,Number,223,units,0,v21188003,18.15,344280,,,,0
2020,"Oshawa, Ontario",2016S0503532,Persons in couple families,Number,223,units,0,v21188004,18.16,293760,,,,0
2020,"Oshawa, Ontario",2016S0503532,Persons in one-parent families,Number,223,units,0,v21188005,18.17,50520,,,,0
2020,"Oshawa, Ontario",2016S0503532,Persons not in census families,Number,223,units,0,v21188006,18.18,59030,,,,0
2020,"Oshawa, Ontario",2016S0503532,Median total income of persons not in census families with income,Dollars,81,units,0,v52318583,18.44,36880,,,,0
2020,"Oshawa, Ontario",2016S0503532,Families with employment income,Number,223,units,0,v21188009,18.21,100750,,,,0
2020,"Oshawa, Ontario",2016S0503532,Median employment income of families,Dollars,81,units,0,v21188010,18.22,86560,,,,0
2020,"Oshawa, Ontario",2016S0503532,Persons not in census families with employment income,Number,223,units,0,v21188011,18.23,36270,,,,0
2020,"Oshawa, Ontario",2016S0503532,Median employment income of persons not in census families,Dollars,81,units,0,v21188012,18.24,28670,,,,0
2020,"Oshawa, Ontario",2016S0503532,Dual-earner couple families,Number,223,units,0,v21188013,18.25,58380,,,,0
2020,"Oshawa, Ontario",2016S0503532,Median employment income of dual-earner couple families,Dollars,81,units,0,v21188014,18.26,114660,,,,0
2020,"Oshawa, Ontario",2016S0503532,Single-earner-male couple families,Number,223,units,0,v21188015,18.27,17220,,,,0
2020,"Oshawa, Ontario",2016S0503532,Median employment income of single-earner-male couple families,Dollars,81,units,0,v21188016,18.28,31790,,,,0
2020,"Oshawa, Ontario",2016S0503532,Single-earner-female couple families,Number,223,units,0,v21188017,18.29,7050,,,,0
2020,"Oshawa, Ontario",2016S0503532,Median employment income of single-earner-female couple families,Dollars,81,units,0,v21188018,18.30,26270,,,,0
2020,"Oshawa, Ontario",2016S0503532,Families with government transfers,Number,223,units,0,v21188019,18.31,114370,,,,0
2020,"Oshawa, Ontario",2016S0503532,Median government transfers to families,Dollars,81,units,0,v52318584,18.45,18830,,,,0
2020,"Oshawa, Ontario",2016S0503532,Persons not in census families with government transfers,Number,223,units,0,v21188021,18.33,58340,,,,0
2020,"Oshawa, Ontario",2016S0503532,Median government transfers to persons not in census families,Dollars,81,units,0,v52318585,18.46,14190,,,,0
2020,"Oshawa, Ontario",2016S0503532,Families with labour income,Number,223,units,0,v21188023,18.35,101180,,,,0
2020,"Oshawa, Ontario",2016S0503532,Families receiving Employment Insurance benefits,Number,223,units,0,v21188024,18.36,24100,,,,0
2020,"Oshawa, Ontario",2016S0503532,Median Employment Insurance benefits received by families,Dollars,81,units,0,v52318586,18.47,6300,,,,0
2020,"Oshawa, Ontario",2016S0503532,Persons not in census families with labour income,Number,223,units,0,v21188026,18.38,36590,,,,0
2020,"Oshawa, Ontario",2016S0503532,Persons not in census families receiving Employment Insurance benefits,Number,223,units,0,v21188027,18.39,5040,,,,0
2020,"Oshawa, Ontario",2016S0503532,Median Employment Insurance benefits received by persons not in census families,Dollars,81,units,0,v52318587,18.48,5570,,,,0
2020,"Toronto, Ontario",2016S0503535,All tax filers,Number,223,units,0,v21188029,19.1,4986330,,,,0
2020,"Toronto, Ontario",2016S0503535,"All tax filers and dependants, all age groups",Number,223,units,0,v21188030,19.2,6303220,,,,0
2020,"Toronto, Ontario",2016S0503535,"Tax filers and dependants, under age 15 years",Number,223,units,0,v21188031,19.3,1004520,,,,0
2020,"Toronto, Ontario",2016S0503535,Tax filers and dependants aged 15 to 64 years,Number,223,units,0,v21188032,19.4,4316820,,,,0
2020,"Toronto, Ontario",2016S0503535,Tax filers and dependants aged 65 years and over,Number,223,units,0,v21188033,19.5,981890,,,,0
2020,"Toronto, Ontario",2016S0503535,All families,Number,223,units,0,v21188034,19.6,1774270,,,,0
2020,"Toronto, Ontario",2016S0503535,Couple families,Number,223,units,0,v21188035,19.7,1523720,,,,0
2020,"Toronto, Ontario",2016S0503535,One-parent families,Number,223,units,0,v21188036,19.8,250550,,,,0
2020,"Toronto, Ontario",2016S0503535,"Median total income, all families",Dollars,81,units,0,v21188037,19.9,96700,,,,0
2020,"Toronto, Ontario",2016S0503535,"Median total income of persons with income, all families",Dollars,81,units,0,v52318588,19.41,40330,,,,0
2020,"Toronto, Ontario",2016S0503535,"Median total income, couple families",Dollars,81,units,0,v21188039,19.11,104960,,,,0
2020,"Toronto, Ontario",2016S0503535,"Median total income of persons with income, couple families",Dollars,81,units,0,v52318589,19.42,40660,,,,0
2020,"Toronto, Ontario",2016S0503535,"Median total income, one-parent families",Dollars,81,units,0,v21188041,19.13,59120,,,,0
2020,"Toronto, Ontario",2016S0503535,"Median total income of persons with income, one-parent families",Dollars,81,units,0,v52318590,19.43,38030,,,,0
2020,"Toronto, Ontario",2016S0503535,Total persons in families,Number,223,units,0,v21188043,19.15,5224570,,,,0
2020,"Toronto, Ontario",2016S0503535,Persons in couple families,Number,223,units,0,v21188044,19.16,4589300,,,,0
2020,"Toronto, Ontario",2016S0503535,Persons in one-parent families,Number,223,units,0,v21188045,19.17,635270,,,,0
2020,"Toronto, Ontario",2016S0503535,Persons not in census families,Number,223,units,0,v21188046,19.18,1078650,,,,0
2020,"Toronto, Ontario",2016S0503535,Median total income of persons not in census families with income,Dollars,81,units,0,v52318591,19.44,32830,,,,0
2020,"Toronto, Ontario",2016S0503535,Families with employment income,Number,223,units,0,v21188049,19.21,1522590,,,,0
2020,"Toronto, Ontario",2016S0503535,Median employment income of families,Dollars,81,units,0,v21188050,19.22,79060,,,,0
2020,"Toronto, Ontario",2016S0503535,Persons not in census families with employment income,Number,223,units,0,v21188051,19.23,677160,,,,0
2020,"Toronto, Ontario",2016S0503535,Median employment income of persons not in census families,Dollars,81,units,0,v21188052,19.24,31500,,,,0
2020,"Toronto, Ontario",2016S0503535,Dual-earner couple families,Number,223,units,0,v21188053,19.25,866820,,,,0
2020,"Toronto, Ontario",2016S0503535,Median employment income of dual-earner couple families,Dollars,81,units,0,v21188054,19.26,105010,,,,0
2020,"Toronto, Ontario",2016S0503535,Single-earner-male couple families,Number,223,units,0,v21188055,19.27,263060,,,,0
2020,"Toronto, Ontario",2016S0503535,Median employment income of single-earner-male couple families,Dollars,81,units,0,v21188056,19.28,38420,,,,0
2020,"Toronto, Ontario",2016S0503535,Single-earner-female couple families,Number,223,units,0,v21188057,19.29,136440,,,,0
2020,"Toronto, Ontario",2016S0503535,Median employment income of single-earner-female couple families,Dollars,81,units,0,v21188058,19.30,26250,,,,0
2020,"Toronto, Ontario",2016S0503535,Families with government transfers,Number,223,units,0,v21188059,19.31,1753650,,,,0
2020,"Toronto, Ontario",2016S0503535,Median government transfers to families,Dollars,81,units,0,v52318592,19.45,18200,,,,0
2020,"Toronto, Ontario",2016S0503535,Persons not in census families with government transfers,Number,223,units,0,v21188061,19.33,1060080,,,,0
2020,"Toronto, Ontario",2016S0503535,Median government transfers to persons not in census families,Dollars,81,units,0,v52318593,19.46,11060,,,,0
2020,"Toronto, Ontario",2016S0503535,Families with labour income,Number,223,units,0,v21188063,19.35,1529300,,,,0
2020,"Toronto, Ontario",2016S0503535,Families receiving Employment Insurance benefits,Number,223,units,0,v21188064,19.36,344780,,,,0
2020,"Toronto, Ontario",2016S0503535,Median Employment Insurance benefits received by families,Dollars,81,units,0,v52318594,19.47,6110,,,,0
2020,"Toronto, Ontario",2016S0503535,Persons not in census families with labour income,Number,223,units,0,v21188066,19.38,683220,,,,0
2020,"Toronto, Ontario",2016S0503535,Persons not in census families receiving Employment Insurance benefits,Number,223,units,0,v21188067,19.39,86740,,,,0
2020,"Toronto, Ontario",2016S0503535,Median Employment Insurance benefits received by persons not in census families,Dollars,81,units,0,v52318595,19.48,5500,,,,0
2020,"Hamilton, Ontario",2016S0503537,All tax filers,Number,223,units,0,v21188069,20.1,601550,,,,0
2020,"Hamilton, Ontario",2016S0503537,"All tax filers and dependants, all age groups",Number,223,units,0,v21188070,20.2,759680,,,,0
2020,"Hamilton, Ontario",2016S0503537,"Tax filers and dependants, under age 15 years",Number,223,units,0,v21188071,20.3,125950,,,,0
2020,"Hamilton, Ontario",2016S0503537,Tax filers and dependants aged 15 to 64 years,Number,223,units,0,v21188072,20.4,490970,,,,0
2020,"Hamilton, Ontario",2016S0503537,Tax filers and dependants aged 65 years and over,Number,223,units,0,v21188073,20.5,142760,,,,0
2020,"Hamilton, Ontario",2016S0503537,All families,Number,223,units,0,v21188074,20.6,214990,,,,0
2020,"Hamilton, Ontario",2016S0503537,Couple families,Number,223,units,0,v21188075,20.7,181390,,,,0
2020,"Hamilton, Ontario",2016S0503537,One-parent families,Number,223,units,0,v21188076,20.8,33600,,,,0
2020,"Hamilton, Ontario",2016S0503537,"Median total income, all families",Dollars,81,units,0,v21188077,20.9,103820,,,,0
2020,"Hamilton, Ontario",2016S0503537,"Median total income of persons with income, all families",Dollars,81,units,0,v52318596,20.41,44500,,,,0
2020,"Hamilton, Ontario",2016S0503537,"Median total income, couple families",Dollars,81,units,0,v21188079,20.11,113380,,,,0
2020,"Hamilton, Ontario",2016S0503537,"Median total income of persons with income, couple families",Dollars,81,units,0,v52318597,20.42,45250,,,,0
2020,"Hamilton, Ontario",2016S0503537,"Median total income, one-parent families",Dollars,81,units,0,v21188081,20.13,60460,,,,0
2020,"Hamilton, Ontario",2016S0503537,"Median total income of persons with income, one-parent families",Dollars,81,units,0,v52318598,20.43,39750,,,,0
2020,"Hamilton, Ontario",2016S0503537,Total persons in families,Number,223,units,0,v21188083,20.15,627700,,,,0
2020,"Hamilton, Ontario",2016S0503537,Persons in couple families,Number,223,units,0,v21188084,20.16,541940,,,,0
2020,"Hamilton, Ontario",2016S0503537,Persons in one-parent families,Number,223,units,0,v21188085,20.17,85760,,,,0
2020,"Hamilton, Ontario",2016S0503537,Persons not in census families,Number,223,units,0,v21188086,20.18,131990,,,,0
2020,"Hamilton, Ontario",2016S0503537,Median total income of persons not in census families with income,Dollars,81,units,0,v52318599,20.44,36430,,,,0
2020,"Hamilton, Ontario",2016S0503537,Families with employment income,Number,223,units,0,v21188089,20.21,181850,,,,0
2020,"Hamilton, Ontario",2016S0503537,Median employment income of families,Dollars,81,units,0,v21188090,20.22,85000,,,,0
2020,"Hamilton, Ontario",2016S0503537,Persons not in census families with employment income,Number,223,units,0,v21188091,20.23,76150,,,,0
2020,"Hamilton, Ontario",2016S0503537,Median employment income of persons not in census families,Dollars,81,units,0,v21188092,20.24,31840,,,,0
2020,"Hamilton, Ontario",2016S0503537,Dual-earner couple families,Number,223,units,0,v21188093,20.25,104520,,,,0
2020,"Hamilton, Ontario",2016S0503537,Median employment income of dual-earner couple families,Dollars,81,units,0,v21188094,20.26,113820,,,,0
2020,"Hamilton, Ontario",2016S0503537,Single-earner-male couple families,Number,223,units,0,v21188095,20.27,30710,,,,0
2020,"Hamilton, Ontario",2016S0503537,Median employment income of single-earner-male couple families,Dollars,81,units,0,v21188096,20.28,31500,,,,0
2020,"Hamilton, Ontario",2016S0503537,Single-earner-female couple families,Number,223,units,0,v21188097,20.29,14570,,,,0
2020,"Hamilton, Ontario",2016S0503537,Median employment income of single-earner-female couple families,Dollars,81,units,0,v21188098,20.30,27460,,,,0
2020,"Hamilton, Ontario",2016S0503537,Families with government transfers,Number,223,units,0,v21188099,20.31,213490,,,,0
2020,"Hamilton, Ontario",2016S0503537,Median government transfers to families,Dollars,81,units,0,v52318600,20.45,19070,,,,0
2020,"Hamilton, Ontario",2016S0503537,Persons not in census families with government transfers,Number,223,units,0,v21188101,20.33,130580,,,,0
2020,"Hamilton, Ontario",2016S0503537,Median government transfers to persons not in census families,Dollars,81,units,0,v52318601,20.46,14370,,,,0
2020,"Hamilton, Ontario",2016S0503537,Families with labour income,Number,223,units,0,v21188103,20.35,182580,,,,0
2020,"Hamilton, Ontario",2016S0503537,Families receiving Employment Insurance benefits,Number,223,units,0,v21188104,20.36,40700,,,,0
2020,"Hamilton, Ontario",2016S0503537,Median Employment Insurance benefits received by families,Dollars,81,units,0,v52318602,20.47,6100,,,,0
2020,"Hamilton, Ontario",2016S0503537,Persons not in census families with labour income,Number,223,units,0,v21188106,20.38,76810,,,,0
2020,"Hamilton, Ontario",2016S0503537,Persons not in census families receiving Employment Insurance benefits,Number,223,units,0,v21188107,20.39,10030,,,,0
2020,"Hamilton, Ontario",2016S0503537,Median Employment Insurance benefits received by persons not in census families,Dollars,81,units,0,v52318603,20.48,5500,,,,0
2021,Canada,2021A11124,All tax filers,Number,223,units,0,v21187309,1.1,29328850,,,,0
2021,Canada,2021A11124,"All tax filers and dependants, all age groups",Number,223,units,0,v21187310,1.2,36993460,,,,0
2021,Canada,2021A11124,"Tax filers and dependants, under age 15 years",Number,223,units,0,v21187311,1.3,6138180,,,,0
2021,Canada,2021A11124,Tax filers and dependants aged 15 to 64 years,Number,223,units,0,v21187312,1.4,23884750,,,,0
2021,Canada,2021A11124,Tax filers and dependants aged 65 years and over,Number,223,units,0,v21187313,1.5,6970540,,,,0
2021,Canada,2021A11124,All families,Number,223,units,0,v21187314,1.6,10491010,,,,0
2021,Canada,2021A11124,Couple families,Number,223,units,0,v21187315,1.7,8980830,,,,0
2021,Canada,2021A11124,One-parent families,Number,223,units,0,v21187316,1.8,1510180,,,,0
2021,Canada,2021A11124,"Median total income, all families",Dollars,81,units,0,v21187317,1.9,98390,,,,0
2021,Canada,2021A11124,"Median total income of persons with income, all families",Dollars,81,units,0,v52318444,1.41,43890,,,,0
2021,Canada,2021A11124,"Median total income, couple families",Dollars,81,units,0,v21187319,1.11,107020,,,,0
2021,Canada,2021A11124,"Median total income of persons with income, couple families",Dollars,81,units,0,v52318445,1.42,44550,,,,0
2021,Canada,2021A11124,"Median total income, one-parent families",Dollars,81,units,0,v21187321,1.13,56750,,,,0
2021,Canada,2021A11124,"Median total income of persons with income, one-parent families",Dollars,81,units,0,v52318446,1.43,38810,,,,0
2021,Canada,2021A11124,Total persons in families,Number,223,units,0,v21187323,1.15,30078180,,,,0
2021,Canada,2021A11124,Persons in couple families,Number,223,units,0,v21187324,1.16,26186300,,,,0
2021,Canada,2021A11124,Persons in one-parent families,Number,223,units,0,v21187325,1.17,3891870,,,,0
2021,Canada,2021A11124,Persons not in census families,Number,223,units,0,v21187326,1.18,6915290,,,,0
2021,Canada,2021A11124,Median total income of persons not in census families with income,Dollars,81,units,0,v52318447,1.44,34820,,,,0
2021,Canada,2021A11124,Families with employment income,Number,223,units,0,v21187329,1.21,8798660,,,,0
2021,Canada,2021A11124,Median employment income of families,Dollars,81,units,0,v21187330,1.22,83310,,,,0
2021,Canada,2021A11124,Persons not in census families with employment income,Number,223,units,0,v21187331,1.23,4124940,,,,0
2021,Canada,2021A11124,Median employment income of persons not in census families,Dollars,81,units,0,v21187332,1.24,35880,,,,0
2021,Canada,2021A11124,Dual-earner couple families,Number,223,units,0,v21187333,1.25,5120180,,,,0
2021,Canada,2021A11124,Median employment income of dual-earner couple families,Dollars,81,units,0,v21187334,1.26,110590,,,,0
2021,Canada,2021A11124,Single-earner-male couple families,Number,223,units,0,v21187335,1.27,1440160,,,,0
2021,Canada,2021A11124,Median employment income of single-earner-male couple families,Dollars,81,units,0,v21187336,1.28,37880,,,,0
2021,Canada,2021A11124,Single-earner-female couple families,Number,223,units,0,v21187337,1.29,767270,,,,0
2021,Canada,2021A11124,Median employment income of single-earner-female couple families,Dollars,81,units,0,v21187338,1.30,28080,,,,0
2021,Canada,2021A11124,Families with government transfers,Number,223,units,0,v21187339,1.31,9405100,,,,0
2021,Canada,2021A11124,Median government transfers to families,Dollars,81,units,0,v52318448,1.45,16970,,,,0
2021,Canada,2021A11124,Persons not in census families with government transfers,Number,223,units,0,v21187341,1.33,5744030,,,,0
2021,Canada,2021A11124,Median government transfers to persons not in census families,Dollars,81,units,0,v52318449,1.46,15230,,,,0
2021,Canada,2021A11124,Families with labour income,Number,223,units,0,v21187343,1.35,8864260,,,,0
2021,Canada,2021A11124,Families receiving Employment Insurance benefits,Number,223,units,0,v21187344,1.36,2518560,,,,0
2021,Canada,2021A11124,Median Employment Insurance benefits received by families,Dollars,81,units,0,v52318450,1.47,11500,,,,0
2021,Canada,2021A11124,Persons not in census families with labour income,Number,223,units,0,v21187346,1.38,4192860,,,,0
2021,Canada,2021A11124,Persons not in census families receiving Employment Insurance benefits,Number,223,units,0,v21187347,1.39,763750,,,,0
2021,Canada,2021A11124,Median Employment Insurance benefits received by persons not in census families,Dollars,81,units,0,v52318451,1.48,9980,,,,0
2021,Ontario,2021A000235,All tax filers,Number,223,units,0,v21187909,16.1,11295660,,,,0
2021,Ontario,2021A000235,"All tax filers and dependants, all age groups",Number,223,units,0,v21187910,16.2,14248730,,,,0
2021,Ontario,2021A000235,"Tax filers and dependants, under age 15 years",Number,223,units,0,v21187911,16.3,2301520,,,,0
2021,Ontario,2021A000235,Tax filers and dependants aged 15 to 64 years,Number,223,units,0,v21187912,16.4,9334260,,,,0
2021,Ontario,2021A000235,Tax filers and dependants aged 65 years and over,Number,223,units,0,v21187913,16.5,2612950,,,,0
2021,Ontario,2021A000235,All families,Number,223,units,0,v21187914,16.6,4061070,,,,0
2021,Ontario,2021A000235,Couple families,Number,223,units,0,v21187915,16.7,3471160,,,,0
2021,Ontario,2021A000235,One-parent families,Number,223,units,0,v21187916,16.8,589920,,,,0
2021,Ontario,2021A000235,"Median total income, all families",Dollars,81,units,0,v21187917,16.9,99550,,,,0
2021,Ontario,2021A000235,"Median total income of persons with income, all families",Dollars,81,units,0,v52318564,16.41,43810,,,,0
2021,Ontario,2021A000235,"Median total income, couple families",Dollars,81,units,0,v21187919,16.11,108520,,,,0
2021,Ontario,2021A000235,"Median total income of persons with income, couple families",Dollars,81,units,0,v52318565,16.42,44560,,,,0
2021,Ontario,2021A000235,"Median total income, one-parent families",Dollars,81,units,0,v21187921,16.13,57460,,,,0
2021,Ontario,2021A000235,"Median total income of persons with income, one-parent families",Dollars,81,units,0,v52318566,16.43,38480,,,,0
2021,Ontario,2021A000235,Total persons in families,Number,223,units,0,v21187923,16.15,11729150,,,,0
2021,Ontario,2021A000235,Persons in couple families,Number,223,units,0,v21187924,16.16,10217160,,,,0
2021,Ontario,2021A000235,Persons in one-parent families,Number,223,units,0,v21187925,16.17,1511990,,,,0
2021,Ontario,2021A000235,Persons not in census families,Number,223,units,0,v21187926,16.18,2519590,,,,0
2021,Ontario,2021A000235,Median total income of persons not in census families with income,Dollars,81,units,0,v52318567,16.44,34650,,,,0
2021,Ontario,2021A000235,Families with employment income,Number,223,units,0,v21187929,16.21,3418640,,,,0
2021,Ontario,2021A000235,Median employment income of families,Dollars,81,units,0,v21187930,16.22,84290,,,,0
2021,Ontario,2021A000235,Persons not in census families with employment income,Number,223,units,0,v21187931,16.23,1502800,,,,0
2021,Ontario,2021A000235,Median employment income of persons not in census families,Dollars,81,units,0,v21187932,16.24,34920,,,,0
2021,Ontario,2021A000235,Dual-earner couple families,Number,223,units,0,v21187933,16.25,1922310,,,,0
2021,Ontario,2021A000235,Median employment income of dual-earner couple families,Dollars,81,units,0,v21187934,16.26,114550,,,,0
2021,Ontario,2021A000235,Single-earner-male couple families,Number,223,units,0,v21187935,16.27,615380,,,,0
2021,Ontario,2021A000235,Median employment income of single-earner-male couple families,Dollars,81,units,0,v21187936,16.28,36050,,,,0
2021,Ontario,2021A000235,Single-earner-female couple families,Number,223,units,0,v21187937,16.29,306630,,,,0
2021,Ontario,2021A000235,Median employment income of single-earner-female couple families,Dollars,81,units,0,v21187938,16.30,28750,,,,0
2021,Ontario,2021A000235,Families with government transfers,Number,223,units,0,v21187939,16.31,3624090,,,,0
2021,Ontario,2021A000235,Median government transfers to families,Dollars,81,units,0,v52318568,16.45,17290,,,,0
2021,Ontario,2021A000235,Persons not in census families with government transfers,Number,223,units,0,v21187941,16.33,2040950,,,,0
2021,Ontario,2021A000235,Median government transfers to persons not in census families,Dollars,81,units,0,v52318569,16.46,15460,,,,0
2021,Ontario,2021A000235,Families with labour income,Number,223,units,0,v21187943,16.35,3443980,,,,0
2021,Ontario,2021A000235,Families receiving Employment Insurance benefits,Number,223,units,0,v21187944,16.36,888710,,,,0
2021,Ontario,2021A000235,Median Employment Insurance benefits received by families,Dollars,81,units,0,v52318570,16.47,11680,,,,0
2021,Ontario,2021A000235,Persons not in census families with labour income,Number,223,units,0,v21187946,16.38,1527570,,,,0
2021,Ontario,2021A000235,Persons not in census families receiving Employment Insurance benefits,Number,223,units,0,v21187947,16.39,240260,,,,0
2021,Ontario,2021A000235,Median Employment Insurance benefits received by persons not in census families,Dollars,81,units,0,v52318571,16.48,10500,,,,0
2021,"Oshawa, Ontario",2016S0503532,All tax filers,Number,223,units,0,v21187989,18.1,314520,,,,0
2021,"Oshawa, Ontario",2016S0503532,"All tax filers and dependants, all age groups",Number,223,units,0,v21187990,18.2,413260,,,,0
2021,"Oshawa, Ontario",2016S0503532,"Tax filers and dependants, under age 15 years",Number,223,units,0,v21187991,18.3,79920,,,,0
2021,"Oshawa, Ontario",2016S0503532,Tax filers and dependants aged 15 to 64 years,Number,223,units,0,v21187992,18.4,268810,,,,0
2021,"Oshawa, Ontario",2016S0503532,Tax filers and dependants aged 65 years and over,Number,223,units,0,v21187993,18.5,64530,,,,0
2021,"Oshawa, Ontario",2016S0503532,All families,Number,223,units,0,v21187994,18.6,117930,,,,0
2021,"Oshawa, Ontario",2016S0503532,Couple families,Number,223,units,0,v21187995,18.7,98380,,,,0
2021,"Oshawa, Ontario",2016S0503532,One-parent families,Number,223,units,0,v21187996,18.8,19550,,,,0
2021,"Oshawa, Ontario",2016S0503532,"Median total income, all families",Dollars,81,units,0,v21187997,18.9,109140,,,,0
2021,"Oshawa, Ontario",2016S0503532,"Median total income of persons with income, all families",Dollars,81,units,0,v52318580,18.41,47850,,,,0
2021,"Oshawa, Ontario",2016S0503532,"Median total income, couple families",Dollars,81,units,0,v21187999,18.11,120640,,,,0
2021,"Oshawa, Ontario",2016S0503532,"Median total income of persons with income, couple families",Dollars,81,units,0,v52318581,18.42,48960,,,,0
2021,"Oshawa, Ontario",2016S0503532,"Median total income, one-parent families",Dollars,81,units,0,v21188001,18.13,60910,,,,0
2021,"Oshawa, Ontario",2016S0503532,"Median total income of persons with income, one-parent families",Dollars,81,units,0,v52318582,18.43,41130,,,,0
2021,"Oshawa, Ontario",2016S0503532,Total persons in families,Number,223,units,0,v21188003,18.15,352540,,,,0
2021,"Oshawa, Ontario",2016S0503532,Persons in couple families,Number,223,units,0,v21188004,18.16,301730,,,,0
2021,"Oshawa, Ontario",2016S0503532,Persons in one-parent families,Number,223,units,0,v21188005,18.17,50810,,,,0
2021,"Oshawa, Ontario",2016S0503532,Persons not in census families,Number,223,units,0,v21188006,18.18,60710,,,,0
2021,"Oshawa, Ontario",2016S0503532,Median total income of persons not in census families with income,Dollars,81,units,0,v52318583,18.44,36910,,,,0
2021,"Oshawa, Ontario",2016S0503532,Families with employment income,Number,223,units,0,v21188009,18.21,103220,,,,0
2021,"Oshawa, Ontario",2016S0503532,Median employment income of families,Dollars,81,units,0,v21188010,18.22,94410,,,,0
2021,"Oshawa, Ontario",2016S0503532,Persons not in census families with employment income,Number,223,units,0,v21188011,18.23,37300,,,,0
2021,"Oshawa, Ontario",2016S0503532,Median employment income of persons not in census families,Dollars,81,units,0,v21188012,18.24,32980,,,,0
2021,"Oshawa, Ontario",2016S0503532,Dual-earner couple families,Number,223,units,0,v21188013,18.25,59840,,,,0
2021,"Oshawa, Ontario",2016S0503532,Median employment income of dual-earner couple families,Dollars,81,units,0,v21188014,18.26,124040,,,,0
2021,"Oshawa, Ontario",2016S0503532,Single-earner-male couple families,Number,223,units,0,v21188015,18.27,17640,,,,0
2021,"Oshawa, Ontario",2016S0503532,Median employment income of single-earner-male couple families,Dollars,81,units,0,v21188016,18.28,36960,,,,0
2021,"Oshawa, Ontario",2016S0503532,Single-earner-female couple families,Number,223,units,0,v21188017,18.29,7520,,,,0
2021,"Oshawa, Ontario",2016S0503532,Median employment income of single-earner-female couple families,Dollars,81,units,0,v21188018,18.30,30140,,,,0
2021,"Oshawa, Ontario",2016S0503532,Families with government transfers,Number,223,units,0,v21188019,18.31,106530,,,,0
2021,"Oshawa, Ontario",2016S0503532,Median government transfers to families,Dollars,81,units,0,v52318584,18.45,16590,,,,0
2021,"Oshawa, Ontario",2016S0503532,Persons not in census families with government transfers,Number,223,units,0,v21188021,18.33,49460,,,,0
2021,"Oshawa, Ontario",2016S0503532,Median government transfers to persons not in census families,Dollars,81,units,0,v52318585,18.46,15880,,,,0
2021,"Oshawa, Ontario",2016S0503532,Families with labour income,Number,223,units,0,v21188023,18.35,103910,,,,0
2021,"Oshawa, Ontario",2016S0503532,Families receiving Employment Insurance benefits,Number,223,units,0,v21188024,18.36,28030,,,,0
2021,"Oshawa, Ontario",2016S0503532,Median Employment Insurance benefits received by families,Dollars,81,units,0,v52318586,18.47,11560,,,,0
2021,"Oshawa, Ontario",2016S0503532,Persons not in census families with labour income,Number,223,units,0,v21188026,18.38,37900,,,,0
2021,"Oshawa, Ontario",2016S0503532,Persons not in census families receiving Employment Insurance benefits,Number,223,units,0,v21188027,18.39,6390,,,,0
2021,"Oshawa, Ontario",2016S0503532,Median Employment Insurance benefits received by persons not in census families,Dollars,81,units,0,v52318587,18.48,9520,,,,0
2021,"Toronto, Ontario",2016S0503535,All tax filers,Number,223,units,0,v21188029,19.1,5015770,,,,0
2021,"Toronto, Ontario",2016S0503535,"All tax filers and dependants, all age groups",Number,223,units,0,v21188030,19.2,6316460,,,,0
2021,"Toronto, Ontario",2016S0503535,"Tax filers and dependants, under age 15 years",Number,223,units,0,v21188031,19.3,983750,,,,0
2021,"Toronto, Ontario",2016S0503535,Tax filers and dependants aged 15 to 64 years,Number,223,units,0,v21188032,19.4,4321480,,,,0
2021,"Toronto, Ontario",2016S0503535,Tax filers and dependants aged 65 years and over,Number,223,units,0,v21188033,19.5,1011240,,,,0
2021,"Toronto, Ontario",2016S0503535,All families,Number,223,units,0,v21188034,19.6,1776310,,,,0
2021,"Toronto, Ontario",2016S0503535,Couple families,Number,223,units,0,v21188035,19.7,1527460,,,,0
2021,"Toronto, Ontario",2016S0503535,One-parent families,Number,223,units,0,v21188036,19.8,248850,,,,0
2021,"Toronto, Ontario",2016S0503535,"Median total income, all families",Dollars,81,units,0,v21188037,19.9,97950,,,,0
2021,"Toronto, Ontario",2016S0503535,"Median total income of persons with income, all families",Dollars,81,units,0,v52318588,19.41,41680,,,,0
2021,"Toronto, Ontario",2016S0503535,"Median total income, couple families",Dollars,81,units,0,v21188039,19.11,106670,,,,0
2021,"Toronto, Ontario",2016S0503535,"Median total income of persons with income, couple families",Dollars,81,units,0,v52318589,19.42,42240,,,,0
2021,"Toronto, Ontario",2016S0503535,"Median total income, one-parent families",Dollars,81,units,0,v21188041,19.13,58360,,,,0
2021,"Toronto, Ontario",2016S0503535,"Median total income of persons with income, one-parent families",Dollars,81,units,0,v52318590,19.43,37570,,,,0
2021,"Toronto, Ontario",2016S0503535,Total persons in families,Number,223,units,0,v21188043,19.15,5202670,,,,0
2021,"Toronto, Ontario",2016S0503535,Persons in couple families,Number,223,units,0,v21188044,19.16,4572270,,,,0
2021,"Toronto, Ontario",2016S0503535,Persons in one-parent families,Number,223,units,0,v21188045,19.17,630400,,,,0
2021,"Toronto, Ontario",2016S0503535,Persons not in census families,Number,223,units,0,v21188046,19.18,1113800,,,,0
2021,"Toronto, Ontario",2016S0503535,Median total income of persons not in census families with income,Dollars,81,units,0,v52318591,19.44,32540,,,,0
2021,"Toronto, Ontario",2016S0503535,Families with employment income,Number,223,units,0,v21188049,19.21,1511250,,,,0
2021,"Toronto, Ontario",2016S0503535,Median employment income of families,Dollars,81,units,0,v21188050,19.22,85590,,,,0
2021,"Toronto, Ontario",2016S0503535,Persons not in census families with employment income,Number,223,units,0,v21188051,19.23,692850,,,,0
2021,"Toronto, Ontario",2016S0503535,Median employment income of persons not in census families,Dollars,81,units,0,v21188052,19.24,35900,,,,0
2021,"Toronto, Ontario",2016S0503535,Dual-earner couple families,Number,223,units,0,v21188053,19.25,845780,,,,0
2021,"Toronto, Ontario",2016S0503535,Median employment income of dual-earner couple families,Dollars,81,units,0,v21188054,19.26,114590,,,,0
2021,"Toronto, Ontario",2016S0503535,Single-earner-male couple families,Number,223,units,0,v21188055,19.27,269760,,,,0
2021,"Toronto, Ontario",2016S0503535,Median employment income of single-earner-male couple families,Dollars,81,units,0,v21188056,19.28,41670,,,,0
2021,"Toronto, Ontario",2016S0503535,Single-earner-female couple families,Number,223,units,0,v21188057,19.29,145810,,,,0
2021,"Toronto, Ontario",2016S0503535,Median employment income of single-earner-female couple families,Dollars,81,units,0,v21188058,19.30,30270,,,,0
2021,"Toronto, Ontario",2016S0503535,Families with government transfers,Number,223,units,0,v21188059,19.31,1569380,,,,0
2021,"Toronto, Ontario",2016S0503535,Median government transfers to families,Dollars,81,units,0,v52318592,19.45,15840,,,,0
2021,"Toronto, Ontario",2016S0503535,Persons not in census families with government transfers,Number,223,units,0,v21188061,19.33,868950,,,,0
2021,"Toronto, Ontario",2016S0503535,Median government transfers to persons not in census families,Dollars,81,units,0,v52318593,19.46,13680,,,,0
2021,"Toronto, Ontario",2016S0503535,Families with labour income,Number,223,units,0,v21188063,19.35,1523900,,,,0
2021,"Toronto, Ontario",2016S0503535,Families receiving Employment Insurance benefits,Number,223,units,0,v21188064,19.36,376980,,,,0
2021,"Toronto, Ontario",2016S0503535,Median Employment Insurance benefits received by families,Dollars,81,units,0,v52318594,19.47,13030,,,,0
2021,"Toronto, Ontario",2016S0503535,Persons not in census families with labour income,Number,223,units,0,v21188066,19.38,705330,,,,0
2021,"Toronto, Ontario",2016S0503535,Persons not in census families receiving Employment Insurance benefits,Number,223,units,0,v21188067,19.39,100500,,,,0
2021,"Toronto, Ontario",2016S0503535,Median Employment Insurance benefits received by persons not in census families,Dollars,81,units,0,v52318595,19.48,12140,,,,0
2021,"Hamilton, Ontario",2016S0503537,All tax filers,Number,223,units,0,v21188069,20.1,605930,,,,0
2021,"Hamilton, Ontario",2016S0503537,"All tax filers and dependants, all age groups",Number,223,units,0,v21188070,20.2,764220,,,,0
2021,"Hamilton, Ontario",2016S0503537,"Tax filers and dependants, under age 15 years",Number,223,units,0,v21188071,20.3,126320,,,,0
2021,"Hamilton, Ontario",2016S0503537,Tax filers and dependants aged 15 to 64 years,Number,223,units,0,v21188072,20.4,492180,,,,0
2021,"Hamilton, Ontario",2016S0503537,Tax filers and dependants aged 65 years and over,Number,223,units,0,v21188073,20.5,145710,,,,0
2021,"Hamilton, Ontario",2016S0503537,All families,Number,223,units,0,v21188074,20.6,216740,,,,0
2021,"Hamilton, Ontario",2016S0503537,Couple families,Number,223,units,0,v21188075,20.7,183220,,,,0
2021,"Hamilton, Ontario",2016S0503537,One-parent families,Number,223,units,0,v21188076,20.8,33520,,,,0
2021,"Hamilton, Ontario",2016S0503537,"Median total income, all families",Dollars,81,units,0,v21188077,20.9,106520,,,,0
2021,"Hamilton, Ontario",2016S0503537,"Median total income of persons with income, all families",Dollars,81,units,0,v52318596,20.41,46060,,,,0
2021,"Hamilton, Ontario",2016S0503537,"Median total income, couple families",Dollars,81,units,0,v21188079,20.11,116770,,,,0
2021,"Hamilton, Ontario",2016S0503537,"Median total income of persons with income, couple families",Dollars,81,units,0,v52318597,20.42,47120,,,,0
2021,"Hamilton, Ontario",2016S0503537,"Median total income, one-parent families",Dollars,81,units,0,v21188081,20.13,60240,,,,0
2021,"Hamilton, Ontario",2016S0503537,"Median total income of persons with income, one-parent families",Dollars,81,units,0,v52318598,20.43,39260,,,,0
2021,"Hamilton, Ontario",2016S0503537,Total persons in families,Number,223,units,0,v21188083,20.15,630850,,,,0
2021,"Hamilton, Ontario",2016S0503537,Persons in couple families,Number,223,units,0,v21188084,20.16,545390,,,,0
2021,"Hamilton, Ontario",2016S0503537,Persons in one-parent families,Number,223,units,0,v21188085,20.17,85460,,,,0
2021,"Hamilton, Ontario",2016S0503537,Persons not in census families,Number,223,units,0,v21188086,20.18,133370,,,,0
2021,"Hamilton, Ontario",2016S0503537,Median total income of persons not in census families with income,Dollars,81,units,0,v52318599,20.44,36210,,,,0
2021,"Hamilton, Ontario",2016S0503537,Families with employment income,Number,223,units,0,v21188089,20.21,182780,,,,0
2021,"Hamilton, Ontario",2016S0503537,Median employment income of families,Dollars,81,units,0,v21188090,20.22,91840,,,,0
2021,"Hamilton, Ontario",2016S0503537,Persons not in census families with employment income,Number,223,units,0,v21188091,20.23,75960,,,,0
2021,"Hamilton, Ontario",2016S0503537,Median employment income of persons not in census families,Dollars,81,units,0,v21188092,20.24,35840,,,,0
2021,"Hamilton, Ontario",2016S0503537,Dual-earner couple families,Number,223,units,0,v21188093,20.25,104110,,,,0
2021,"Hamilton, Ontario",2016S0503537,Median employment income of dual-earner couple families,Dollars,81,units,0,v21188094,20.26,122980,,,,0
2021,"Hamilton, Ontario",2016S0503537,Single-earner-male couple families,Number,223,units,0,v21188095,20.27,31930,,,,0
2021,"Hamilton, Ontario",2016S0503537,Median employment income of single-earner-male couple families,Dollars,81,units,0,v21188096,20.28,35150,,,,0
2021,"Hamilton, Ontario",2016S0503537,Single-earner-female couple families,Number,223,units,0,v21188097,20.29,14970,,,,0
2021,"Hamilton, Ontario",2016S0503537,Median employment income of single-earner-female couple families,Dollars,81,units,0,v21188098,20.30,31270,,,,0
2021,"Hamilton, Ontario",2016S0503537,Families with government transfers,Number,223,units,0,v21188099,20.31,194930,,,,0
2021,"Hamilton, Ontario",2016S0503537,Median government transfers to families,Dollars,81,units,0,v52318600,20.45,17260,,,,0
2021,"Hamilton, Ontario",2016S0503537,Persons not in census families with government transfers,Number,223,units,0,v21188101,20.33,110620,,,,0
2021,"Hamilton, Ontario",2016S0503537,Median government transfers to persons not in census families,Dollars,81,units,0,v52318601,20.46,16120,,,,0
2021,"Hamilton, Ontario",2016S0503537,Families with labour income,Number,223,units,0,v21188103,20.35,183960,,,,0
2021,"Hamilton, Ontario",2016S0503537,Families receiving Employment Insurance benefits,Number,223,units,0,v21188104,20.36,48630,,,,0
2021,"Hamilton, Ontario",2016S0503537,Median Employment Insurance benefits received by families,Dollars,81,units,0,v52318602,20.47,10890,,,,0
2021,"Hamilton, Ontario",2016S0503537,Persons not in census families with labour income,Number,223,units,0,v21188106,20.38,77160,,,,0
2021,"Hamilton, Ontario",2016S0503537,Persons not in census families receiving Employment Insurance benefits,Number,223,units,0,v21188107,20.39,12620,,,,0
2021,"Hamilton, Ontario",2016S0503537,Median Employment Insurance benefits received by persons not in census families,Dollars,81,units,0,v52318603,20.48,9520,,,,0
2022,Canada,2021A11124,All tax filers,Number,223,units,0,v21187309,1.1,30140230,,,,0
2022,Canada,2021A11124,"All tax filers and dependants, all age groups",Number,223,units,0,v21187310,1.2,37863880,,,,0
2022,Canada,2021A11124,"Tax filers and dependants, under age 15 years",Number,223,units,0,v21187311,1.3,6153240,,,,0
2022,Canada,2021A11124,Tax filers and dependants aged 15 to 64 years,Number,223,units,0,v21187312,1.4,24505430,,,,0
2022,Canada,2021A11124,Tax filers and dependants aged 65 years and over,Number,223,units,0,v21187313,1.5,7205220,,,,0
2022,Canada,2021A11124,All families,Number,223,units,0,v21187314,1.6,10735920,,,,0
2022,Canada,2021A11124,Couple families,Number,223,units,0,v21187315,1.7,9210400,,,,0
2022,Canada,2021A11124,One-parent families,Number,223,units,0,v21187316,1.8,1525510,,,,0
2022,Canada,2021A11124,"Median total income, all families",Dollars,81,units,0,v21187317,1.9,101840,,,,0
2022,Canada,2021A11124,"Median total income of persons with income, all families",Dollars,81,units,0,v52318444,1.41,45510,,,,0
2022,Canada,2021A11124,"Median total income, couple families",Dollars,81,units,0,v21187319,1.11,110850,,,,0
2022,Canada,2021A11124,"Median total income of persons with income, couple families",Dollars,81,units,0,v52318445,1.42,46300,,,,0
2022,Canada,2021A11124,"Median total income, one-parent families",Dollars,81,units,0,v21187321,1.13,58850,,,,0
2022,Canada,2021A11124,"Median total income of persons with income, one-parent families",Dollars,81,units,0,v52318446,1.43,39140,,,,0
2022,Canada,2021A11124,Total persons in families,Number,223,units,0,v21187323,1.15,30674280,,,,0
2022,Canada,2021A11124,Persons in couple families,Number,223,units,0,v21187324,1.16,26739140,,,,0
2022,Canada,2021A11124,Persons in one-parent families,Number,223,units,0,v21187325,1.17,3935140,,,,0
2022,Canada,2021A11124,Persons not in census families,Number,223,units,0,v21187326,1.18,7189610,,,,0
2022,Canada,2021A11124,Median total income of persons not in census families with income,Dollars,81,units,0,v52318447,1.44,35670,,,,0
2022,Canada,2021A11124,Families with employment income,Number,223,units,0,v21187329,1.21,9054210,,,,0
2022,Canada,2021A11124,Median employment income of families,Dollars,81,units,0,v21187330,1.22,88300,,,,0
2022,Canada,2021A11124,Persons not in census families with employment income,Number,223,units,0,v21187331,1.23,4377820,,,,0
2022,Canada,2021A11124,Median employment income of persons not in census families,Dollars,81,units,0,v21187332,1.24,37800,,,,0
2022,Canada,2021A11124,Dual-earner couple families,Number,223,units,0,v21187333,1.25,5339450,,,,0
2022,Canada,2021A11124,Median employment income of dual-earner couple families,Dollars,81,units,0,v21187334,1.26,116110,,,,0
2022,Canada,2021A11124,Single-earner-male couple families,Number,223,units,0,v21187335,1.27,1448820,,,,0
2022,Canada,2021A11124,Median employment income of single-earner-male couple families,Dollars,81,units,0,v21187336,1.28,38160,,,,0
2022,Canada,2021A11124,Single-earner-female couple families,Number,223,units,0,v21187337,1.29,773330,,,,0
2022,Canada,2021A11124,Median employment income of single-earner-female couple families,Dollars,81,units,0,v21187338,1.30,29310,,,,0
2022,Canada,2021A11124,Families with government transfers,Number,223,units,0,v21187339,1.31,10211050,,,,0
2022,Canada,2021A11124,Median government transfers to families,Dollars,81,units,0,v52318448,1.45,11310,,,,0
2022,Canada,2021A11124,Persons not in census families with government transfers,Number,223,units,0,v21187341,1.33,6486830,,,,0
2022,Canada,2021A11124,Median government transfers to persons not in census families,Dollars,81,units,0,v52318449,1.46,8530,,,,0
2022,Canada,2021A11124,Families with labour income,Number,223,units,0,v21187343,1.35,9083810,,,,0
2022,Canada,2021A11124,Families receiving Employment Insurance benefits,Number,223,units,0,v21187344,1.36,1857670,,,,0
2022,Canada,2021A11124,Median Employment Insurance benefits received by families,Dollars,81,units,0,v52318450,1.47,7360,,,,0
2022,Canada,2021A11124,Persons not in census families with labour income,Number,223,units,0,v21187346,1.38,4402570,,,,0
2022,Canada,2021A11124,Persons not in census families receiving Employment Insurance benefits,Number,223,units,0,v21187347,1.39,496210,,,,0
2022,Canada,2021A11124,Median Employment Insurance benefits received by persons not in census families,Dollars,81,units,0,v52318451,1.48,5620,,,,0
2022,Ontario,2021A000235,All tax filers,Number,223,units,0,v21187909,16.1,11678500,,,,0
2022,Ontario,2021A000235,"All tax filers and dependants, all age groups",Number,223,units,0,v21187910,16.2,14637280,,,,0
2022,Ontario,2021A000235,"Tax filers and dependants, under age 15 years",Number,223,units,0,v21187911,16.3,2303570,,,,0
2022,Ontario,2021A000235,Tax filers and dependants aged 15 to 64 years,Number,223,units,0,v21187912,16.4,9636120,,,,0
2022,Ontario,2021A000235,Tax filers and dependants aged 65 years and over,Number,223,units,0,v21187913,16.5,2697600,,,,0
2022,Ontario,2021A000235,All families,Number,223,units,0,v21187914,16.6,4170620,,,,0
2022,Ontario,2021A000235,Couple families,Number,223,units,0,v21187915,16.7,3577520,,,,0
2022,Ontario,2021A000235,One-parent families,Number,223,units,0,v21187916,16.8,593110,,,,0
2022,Ontario,2021A000235,"Median total income, all families",Dollars,81,units,0,v21187917,16.9,101920,,,,0
2022,Ontario,2021A000235,"Median total income of persons with income, all families",Dollars,81,units,0,v52318564,16.41,44940,,,,0
2022,Ontario,2021A000235,"Median total income, couple families",Dollars,81,units,0,v21187919,16.11,111120,,,,0
2022,Ontario,2021A000235,"Median total income of persons with income, couple families",Dollars,81,units,0,v52318565,16.42,45800,,,,0
2022,Ontario,2021A000235,"Median total income, one-parent families",Dollars,81,units,0,v21187921,16.13,58870,,,,0
2022,Ontario,2021A000235,"Median total income of persons with income, one-parent families",Dollars,81,units,0,v52318566,16.43,38580,,,,0
2022,Ontario,2021A000235,Total persons in families,Number,223,units,0,v21187923,16.15,11982310,,,,0
2022,Ontario,2021A000235,Persons in couple families,Number,223,units,0,v21187924,16.16,10460830,,,,0
2022,Ontario,2021A000235,Persons in one-parent families,Number,223,units,0,v21187925,16.17,1521480,,,,0
2022,Ontario,2021A000235,Persons not in census families,Number,223,units,0,v21187926,16.18,2654970,,,,0
2022,Ontario,2021A000235,Median total income of persons not in census families with income,Dollars,81,units,0,v52318567,16.44,34800,,,,0
2022,Ontario,2021A000235,Families with employment income,Number,223,units,0,v21187929,16.21,3536910,,,,0
2022,Ontario,2021A000235,Median employment income of families,Dollars,81,units,0,v21187930,16.22,88880,,,,0
2022,Ontario,2021A000235,Persons not in census families with employment income,Number,223,units,0,v21187931,16.23,1622180,,,,0
2022,Ontario,2021A000235,Median employment income of persons not in census families,Dollars,81,units,0,v21187932,16.24,36260,,,,0
2022,Ontario,2021A000235,Dual-earner couple families,Number,223,units,0,v21187933,16.25,2022340,,,,0
2022,Ontario,2021A000235,Median employment income of dual-earner couple families,Dollars,81,units,0,v21187934,16.26,119050,,,,0
2022,Ontario,2021A000235,Single-earner-male couple families,Number,223,units,0,v21187935,16.27,622140,,,,0
2022,Ontario,2021A000235,Median employment income of single-earner-male couple families,Dollars,81,units,0,v21187936,16.28,36360,,,,0
2022,Ontario,2021A000235,Single-earner-female couple families,Number,223,units,0,v21187937,16.29,309900,,,,0
2022,Ontario,2021A000235,Median employment income of single-earner-female couple families,Dollars,81,units,0,v21187938,16.30,30590,,,,0
2022,Ontario,2021A000235,Families with government transfers,Number,223,units,0,v21187939,16.31,4031500,,,,0
2022,Ontario,2021A000235,Median government transfers to families,Dollars,81,units,0,v52318568,16.45,9590,,,,0
2022,Ontario,2021A000235,Persons not in census families with government transfers,Number,223,units,0,v21187941,16.33,2418390,,,,0
2022,Ontario,2021A000235,Median government transfers to persons not in census families,Dollars,81,units,0,v52318569,16.46,6350,,,,0
2022,Ontario,2021A000235,Families with labour income,Number,223,units,0,v21187943,16.35,3546930,,,,0
2022,Ontario,2021A000235,Families receiving Employment Insurance benefits,Number,223,units,0,v21187944,16.36,616500,,,,0
2022,Ontario,2021A000235,Median Employment Insurance benefits received by families,Dollars,81,units,0,v52318570,16.47,6760,,,,0
2022,Ontario,2021A000235,Persons not in census families with labour income,Number,223,units,0,v21187946,16.38,1630050,,,,0
2022,Ontario,2021A000235,Persons not in census families receiving Employment Insurance benefits,Number,223,units,0,v21187947,16.39,140050,,,,0
2022,Ontario,2021A000235,Median Employment Insurance benefits received by persons not in census families,Dollars,81,units,0,v52318571,16.48,5140,,,,0
2022,"Oshawa, Ontario",2016S0503532,All tax filers,Number,223,units,0,v21187989,18.1,325790,,,,0
2022,"Oshawa, Ontario",2016S0503532,"All tax filers and dependants, all age groups",Number,223,units,0,v21187990,18.2,426960,,,,0
2022,"Oshawa, Ontario",2016S0503532,"Tax filers and dependants, under age 15 years",Number,223,units,0,v21187991,18.3,82160,,,,0
2022,"Oshawa, Ontario",2016S0503532,Tax filers and dependants aged 15 to 64 years,Number,223,units,0,v21187992,18.4,278190,,,,0
2022,"Oshawa, Ontario",2016S0503532,Tax filers and dependants aged 65 years and over,Number,223,units,0,v21187993,18.5,66610,,,,0
2022,"Oshawa, Ontario",2016S0503532,All families,Number,223,units,0,v21187994,18.6,121530,,,,0
2022,"Oshawa, Ontario",2016S0503532,Couple families,Number,223,units,0,v21187995,18.7,101970,,,,0
2022,"Oshawa, Ontario",2016S0503532,One-parent families,Number,223,units,0,v21187996,18.8,19560,,,,0
2022,"Oshawa, Ontario",2016S0503532,"Median total income, all families",Dollars,81,units,0,v21187997,18.9,113210,,,,0
2022,"Oshawa, Ontario",2016S0503532,"Median total income of persons with income, all families",Dollars,81,units,0,v52318580,18.41,49800,,,,0
2022,"Oshawa, Ontario",2016S0503532,"Median total income, couple families",Dollars,81,units,0,v21187999,18.11,125090,,,,0
2022,"Oshawa, Ontario",2016S0503532,"Median total income of persons with income, couple families",Dollars,81,units,0,v52318581,18.42,50950,,,,0
2022,"Oshawa, Ontario",2016S0503532,"Median total income, one-parent families",Dollars,81,units,0,v21188001,18.13,62850,,,,0
2022,"Oshawa, Ontario",2016S0503532,"Median total income of persons with income, one-parent families",Dollars,81,units,0,v52318582,18.43,41790,,,,0
2022,"Oshawa, Ontario",2016S0503532,Total persons in families,Number,223,units,0,v21188003,18.15,363290,,,,0
2022,"Oshawa, Ontario",2016S0503532,Persons in couple families,Number,223,units,0,v21188004,18.16,312490,,,,0
2022,"Oshawa, Ontario",2016S0503532,Persons in one-parent families,Number,223,units,0,v21188005,18.17,50800,,,,0
2022,"Oshawa, Ontario",2016S0503532,Persons not in census families,Number,223,units,0,v21188006,18.18,63670,,,,0
2022,"Oshawa, Ontario",2016S0503532,Median total income of persons not in census families with income,Dollars,81,units,0,v52318583,18.44,37600,,,,0
2022,"Oshawa, Ontario",2016S0503532,Families with employment income,Number,223,units,0,v21188009,18.21,107290,,,,0
2022,"Oshawa, Ontario",2016S0503532,Median employment income of families,Dollars,81,units,0,v21188010,18.22,101070,,,,0
2022,"Oshawa, Ontario",2016S0503532,Persons not in census families with employment income,Number,223,units,0,v21188011,18.23,39850,,,,0
2022,"Oshawa, Ontario",2016S0503532,Median employment income of persons not in census families,Dollars,81,units,0,v21188012,18.24,35270,,,,0
2022,"Oshawa, Ontario",2016S0503532,Dual-earner couple families,Number,223,units,0,v21188013,18.25,63430,,,,0
2022,"Oshawa, Ontario",2016S0503532,Median employment income of dual-earner couple families,Dollars,81,units,0,v21188014,18.26,131010,,,,0
2022,"Oshawa, Ontario",2016S0503532,Single-earner-male couple families,Number,223,units,0,v21188015,18.27,17850,,,,0
2022,"Oshawa, Ontario",2016S0503532,Median employment income of single-earner-male couple families,Dollars,81,units,0,v21188016,18.28,37270,,,,0
2022,"Oshawa, Ontario",2016S0503532,Single-earner-female couple families,Number,223,units,0,v21188017,18.29,7540,,,,0
2022,"Oshawa, Ontario",2016S0503532,Median employment income of single-earner-female couple families,Dollars,81,units,0,v21188018,18.30,31400,,,,0
2022,"Oshawa, Ontario",2016S0503532,Families with government transfers,Number,223,units,0,v21188019,18.31,118470,,,,0
2022,"Oshawa, Ontario",2016S0503532,Median government transfers to families,Dollars,81,units,0,v52318584,18.45,9370,,,,0
2022,"Oshawa, Ontario",2016S0503532,Persons not in census families with government transfers,Number,223,units,0,v21188021,18.33,58570,,,,0
2022,"Oshawa, Ontario",2016S0503532,Median government transfers to persons not in census families,Dollars,81,units,0,v52318585,18.46,8250,,,,0
2022,"Oshawa, Ontario",2016S0503532,Families with labour income,Number,223,units,0,v21188023,18.35,107560,,,,0
2022,"Oshawa, Ontario",2016S0503532,Families receiving Employment Insurance benefits,Number,223,units,0,v21188024,18.36,19980,,,,0
2022,"Oshawa, Ontario",2016S0503532,Median Employment Insurance benefits received by families,Dollars,81,units,0,v52318586,18.47,7020,,,,0
2022,"Oshawa, Ontario",2016S0503532,Persons not in census families with labour income,Number,223,units,0,v21188026,18.38,40030,,,,0
2022,"Oshawa, Ontario",2016S0503532,Persons not in census families receiving Employment Insurance benefits,Number,223,units,0,v21188027,18.39,3720,,,,0
2022,"Oshawa, Ontario",2016S0503532,Median Employment Insurance benefits received by persons not in census families,Dollars,81,units,0,v52318587,18.48,5100,,,,0
2022,"Toronto, Ontario",2016S0503535,All tax filers,Number,223,units,0,v21188029,19.1,5223730,,,,0
2022,"Toronto, Ontario",2016S0503535,"All tax filers and dependants, all age groups",Number,223,units,0,v21188030,19.2,6512770,,,,0
2022,"Toronto, Ontario",2016S0503535,"Tax filers and dependants, under age 15 years",Number,223,units,0,v21188031,19.3,971810,,,,0
2022,"Toronto, Ontario",2016S0503535,Tax filers and dependants aged 15 to 64 years,Number,223,units,0,v21188032,19.4,4493680,,,,0
2022,"Toronto, Ontario",2016S0503535,Tax filers and dependants aged 65 years and over,Number,223,units,0,v21188033,19.5,1047280,,,,0
2022,"Toronto, Ontario",2016S0503535,All families,Number,223,units,0,v21188034,19.6,1834240,,,,0
2022,"Toronto, Ontario",2016S0503535,Couple families,Number,223,units,0,v21188035,19.7,1584980,,,,0
2022,"Toronto, Ontario",2016S0503535,One-parent families,Number,223,units,0,v21188036,19.8,249260,,,,0
2022,"Toronto, Ontario",2016S0503535,"Median total income, all families",Dollars,81,units,0,v21188037,19.9,99540,,,,0
2022,"Toronto, Ontario",2016S0503535,"Median total income of persons with income, all families",Dollars,81,units,0,v52318588,19.41,42480,,,,0
2022,"Toronto, Ontario",2016S0503535,"Median total income, couple families",Dollars,81,units,0,v21188039,19.11,108400,,,,0
2022,"Toronto, Ontario",2016S0503535,"Median total income of persons with income, couple families",Dollars,81,units,0,v52318589,19.42,43170,,,,0
2022,"Toronto, Ontario",2016S0503535,"Median total income, one-parent families",Dollars,81,units,0,v21188041,19.13,59910,,,,0
2022,"Toronto, Ontario",2016S0503535,"Median total income of persons with income, one-parent families",Dollars,81,units,0,v52318590,19.43,37390,,,,0
2022,"Toronto, Ontario",2016S0503535,Total persons in families,Number,223,units,0,v21188043,19.15,5323190,,,,0
2022,"Toronto, Ontario",2016S0503535,Persons in couple families,Number,223,units,0,v21188044,19.16,4691650,,,,0
2022,"Toronto, Ontario",2016S0503535,Persons in one-parent families,Number,223,units,0,v21188045,19.17,631540,,,,0
2022,"Toronto, Ontario",2016S0503535,Persons not in census families,Number,223,units,0,v21188046,19.18,1189580,,,,0
2022,"Toronto, Ontario",2016S0503535,Median total income of persons not in census families with income,Dollars,81,units,0,v52318591,19.44,32160,,,,0
2022,"Toronto, Ontario",2016S0503535,Families with employment income,Number,223,units,0,v21188049,19.21,1575350,,,,0
2022,"Toronto, Ontario",2016S0503535,Median employment income of families,Dollars,81,units,0,v21188050,19.22,90330,,,,0
2022,"Toronto, Ontario",2016S0503535,Persons not in census families with employment income,Number,223,units,0,v21188051,19.23,762200,,,,0
2022,"Toronto, Ontario",2016S0503535,Median employment income of persons not in census families,Dollars,81,units,0,v21188052,19.24,37020,,,,0
2022,"Toronto, Ontario",2016S0503535,Dual-earner couple families,Number,223,units,0,v21188053,19.25,904100,,,,0
2022,"Toronto, Ontario",2016S0503535,Median employment income of dual-earner couple families,Dollars,81,units,0,v21188054,19.26,118360,,,,0
2022,"Toronto, Ontario",2016S0503535,Single-earner-male couple families,Number,223,units,0,v21188055,19.27,272280,,,,0
2022,"Toronto, Ontario",2016S0503535,Median employment income of single-earner-male couple families,Dollars,81,units,0,v21188056,19.28,41960,,,,0
2022,"Toronto, Ontario",2016S0503535,Single-earner-female couple families,Number,223,units,0,v21188057,19.29,146870,,,,0
2022,"Toronto, Ontario",2016S0503535,Median employment income of single-earner-female couple families,Dollars,81,units,0,v21188058,19.30,32640,,,,0
2022,"Toronto, Ontario",2016S0503535,Families with government transfers,Number,223,units,0,v21188059,19.31,1754550,,,,0
2022,"Toronto, Ontario",2016S0503535,Median government transfers to families,Dollars,81,units,0,v52318592,19.45,7270,,,,0
2022,"Toronto, Ontario",2016S0503535,Persons not in census families with government transfers,Number,223,units,0,v21188061,19.33,1060870,,,,0
2022,"Toronto, Ontario",2016S0503535,Median government transfers to persons not in census families,Dollars,81,units,0,v52318593,19.46,3200,,,,0
2022,"Toronto, Ontario",2016S0503535,Families with labour income,Number,223,units,0,v21188063,19.35,1579680,,,,0
2022,"Toronto, Ontario",2016S0503535,Families receiving Employment Insurance benefits,Number,223,units,0,v21188064,19.36,241530,,,,0
2022,"Toronto, Ontario",2016S0503535,Median Employment Insurance benefits received by families,Dollars,81,units,0,v52318594,19.47,6970,,,,0
2022,"Toronto, Ontario",2016S0503535,Persons not in census families with labour income,Number,223,units,0,v21188066,19.38,765780,,,,0
2022,"Toronto, Ontario",2016S0503535,Persons not in census families receiving Employment Insurance benefits,Number,223,units,0,v21188067,19.39,52060,,,,0
2022,"Toronto, Ontario",2016S0503535,Median Employment Insurance benefits received by persons not in census families,Dollars,81,units,0,v52318595,19.48,5330,,,,0
2022,"Hamilton, Ontario",2016S0503537,All tax filers,Number,223,units,0,v21188069,20.1,620040,,,,0
2022,"Hamilton, Ontario",2016S0503537,"All tax filers and dependants, all age groups",Number,223,units,0,v21188070,20.2,778040,,,,0
2022,"Hamilton, Ontario",2016S0503537,"Tax filers and dependants, under age 15 years",Number,223,units,0,v21188071,20.3,126550,,,,0
2022,"Hamilton, Ontario",2016S0503537,Tax filers and dependants aged 15 to 64 years,Number,223,units,0,v21188072,20.4,502280,,,,0
2022,"Hamilton, Ontario",2016S0503537,Tax filers and dependants aged 65 years and over,Number,223,units,0,v21188073,20.5,149210,,,,0
2022,"Hamilton, Ontario",2016S0503537,All families,Number,223,units,0,v21188074,20.6,220540,,,,0
2022,"Hamilton, Ontario",2016S0503537,Couple families,Number,223,units,0,v21188075,20.7,187140,,,,0
2022,"Hamilton, Ontario",2016S0503537,One-parent families,Number,223,units,0,v21188076,20.8,33400,,,,0
2022,"Hamilton, Ontario",2016S0503537,"Median total income, all families",Dollars,81,units,0,v21188077,20.9,110740,,,,0
2022,"Hamilton, Ontario",2016S0503537,"Median total income of persons with income, all families",Dollars,81,units,0,v52318596,20.41,47650,,,,0
2022,"Hamilton, Ontario",2016S0503537,"Median total income, couple families",Dollars,81,units,0,v21188079,20.11,121370,,,,0
2022,"Hamilton, Ontario",2016S0503537,"Median total income of persons with income, couple families",Dollars,81,units,0,v52318597,20.42,48890,,,,0
2022,"Hamilton, Ontario",2016S0503537,"Median total income, one-parent families",Dollars,81,units,0,v21188081,20.13,62070,,,,0
2022,"Hamilton, Ontario",2016S0503537,"Median total income of persons with income, one-parent families",Dollars,81,units,0,v52318598,20.43,39620,,,,0
2022,"Hamilton, Ontario",2016S0503537,Total persons in families,Number,223,units,0,v21188083,20.15,639970,,,,0
2022,"Hamilton, Ontario",2016S0503537,Persons in couple families,Number,223,units,0,v21188084,20.16,554880,,,,0
2022,"Hamilton, Ontario",2016S0503537,Persons in one-parent families,Number,223,units,0,v21188085,20.17,85090,,,,0
2022,"Hamilton, Ontario",2016S0503537,Persons not in census families,Number,223,units,0,v21188086,20.18,138070,,,,0
2022,"Hamilton, Ontario",2016S0503537,Median total income of persons not in census families with income,Dollars,81,units,0,v52318599,20.44,37020,,,,0
2022,"Hamilton, Ontario",2016S0503537,Families with employment income,Number,223,units,0,v21188089,20.21,187520,,,,0
2022,"Hamilton, Ontario",2016S0503537,Median employment income of families,Dollars,81,units,0,v21188090,20.22,97660,,,,0
2022,"Hamilton, Ontario",2016S0503537,Persons not in census families with employment income,Number,223,units,0,v21188091,20.23,80280,,,,0
2022,"Hamilton, Ontario",2016S0503537,Median employment income of persons not in census families,Dollars,81,units,0,v21188092,20.24,37640,,,,0
2022,"Hamilton, Ontario",2016S0503537,Dual-earner couple families,Number,223,units,0,v21188093,20.25,108700,,,,0
2022,"Hamilton, Ontario",2016S0503537,Median employment income of dual-earner couple families,Dollars,81,units,0,v21188094,20.26,129470,,,,0
2022,"Hamilton, Ontario",2016S0503537,Single-earner-male couple families,Number,223,units,0,v21188095,20.27,31450,,,,0
2022,"Hamilton, Ontario",2016S0503537,Median employment income of single-earner-male couple families,Dollars,81,units,0,v21188096,20.28,35560,,,,0
2022,"Hamilton, Ontario",2016S0503537,Single-earner-female couple families,Number,223,units,0,v21188097,20.29,15230,,,,0
2022,"Hamilton, Ontario",2016S0503537,Median employment income of single-earner-female couple families,Dollars,81,units,0,v21188098,20.30,32000,,,,0
2022,"Hamilton, Ontario",2016S0503537,Families with government transfers,Number,223,units,0,v21188099,20.31,215200,,,,0
2022,"Hamilton, Ontario",2016S0503537,Median government transfers to families,Dollars,81,units,0,v52318600,20.45,9900,,,,0
2022,"Hamilton, Ontario",2016S0503537,Persons not in census families with government transfers,Number,223,units,0,v21188101,20.33,128730,,,,0
2022,"Hamilton, Ontario",2016S0503537,Median government transfers to persons not in census families,Dollars,81,units,0,v52318601,20.46,9560,,,,0
2022,"Hamilton, Ontario",2016S0503537,Families with labour income,Number,223,units,0,v21188103,20.35,187980,,,,0
2022,"Hamilton, Ontario",2016S0503537,Families receiving Employment Insurance benefits,Number,223,units,0,v21188104,20.36,33720,,,,0
2022,"Hamilton, Ontario",2016S0503537,Median Employment Insurance benefits received by families,Dollars,81,units,0,v52318602,20.47,6560,,,,0
2022,"Hamilton, Ontario",2016S0503537,Persons not in census families with labour income,Number,223,units,0,v21188106,20.38,80650,,,,0
2022,"Hamilton, Ontario",2016S0503537,Persons not in census families receiving Employment Insurance benefits,Number,223,units,0,v21188107,20.39,7280,,,,0
2022,"Hamilton, Ontario",2016S0503537,Median Employment Insurance benefits received by persons not in census families,Dollars,81,units,0,v52318603,20.48,5080,,,,0
2023,Canada,2021A11124,All tax filers,Number,223,units,0,v21187309,1.1,31143800,,,,0
2023,Canada,2021A11124,"All tax filers and dependants, all age groups",Number,223,units,0,v21187310,1.2,39033060,,,,0
2023,Canada,2021A11124,"Tax filers and dependants, under age 15 years",Number,223,units,0,v21187311,1.3,6183160,,,,0
2023,Canada,2021A11124,Tax filers and dependants aged 15 to 64 years,Number,223,units,0,v21187312,1.4,25391970,,,,0
2023,Canada,2021A11124,Tax filers and dependants aged 65 years and over,Number,223,units,0,v21187313,1.5,7457930,,,,0
2023,Canada,2021A11124,All families,Number,223,units,0,v21187314,1.6,11065100,,,,0
2023,Canada,2021A11124,Couple families,Number,223,units,0,v21187315,1.7,9510660,,,,0
2023,Canada,2021A11124,One-parent families,Number,223,units,0,v21187316,1.8,1554440,,,,0
2023,Canada,2021A11124,"Median total income, all families",Dollars,81,units,0,v21187317,1.9,105370,,,,0
2023,Canada,2021A11124,"Median total income of persons with income, all families",Dollars,81,units,0,v52318444,1.41,47550,,,,0
2023,Canada,2021A11124,"Median total income, couple families",Dollars,81,units,0,v21187319,1.11,114560,,,,0
2023,Canada,2021A11124,"Median total income of persons with income, couple families",Dollars,81,units,0,v52318445,1.42,48300,,,,0
2023,Canada,2021A11124,"Median total income, one-parent families",Dollars,81,units,0,v21187321,1.13,61960,,,,0
2023,Canada,2021A11124,"Median total income of persons with income, one-parent families",Dollars,81,units,0,v52318446,1.43,41280,,,,0
2023,Canada,2021A11124,Total persons in families,Number,223,units,0,v21187323,1.15,31504900,,,,0
2023,Canada,2021A11124,Persons in couple families,Number,223,units,0,v21187324,1.16,27492950,,,,0
2023,Canada,2021A11124,Persons in one-parent families,Number,223,units,0,v21187325,1.17,4011950,,,,0
2023,Canada,2021A11124,Persons not in census families,Number,223,units,0,v21187326,1.18,7528160,,,,0
2023,Canada,2021A11124,Median total income of persons not in census families with income,Dollars,81,units,0,v52318447,1.44,37210,,,,0
2023,Canada,2021A11124,Families with employment income,Number,223,units,0,v21187329,1.21,9301440,,,,0
2023,Canada,2021A11124,Median employment income of families,Dollars,81,units,0,v21187330,1.22,91600,,,,0
2023,Canada,2021A11124,Persons not in census families with employment income,Number,223,units,0,v21187331,1.23,4569240,,,,0
2023,Canada,2021A11124,Median employment income of persons not in census families,Dollars,81,units,0,v21187332,1.24,39160,,,,0
2023,Canada,2021A11124,Dual-earner couple families,Number,223,units,0,v21187333,1.25,5460870,,,,0
2023,Canada,2021A11124,Median employment income of dual-earner couple families,Dollars,81,units,0,v21187334,1.26,121250,,,,0
2023,Canada,2021A11124,Single-earner-male couple families,Number,223,units,0,v21187335,1.27,1519480,,,,0
2023,Canada,2021A11124,Median employment income of single-earner-male couple families,Dollars,81,units,0,v21187336,1.28,39300,,,,0
2023,Canada,2021A11124,Single-earner-female couple families,Number,223,units,0,v21187337,1.29,802400,,,,0
2023,Canada,2021A11124,Median employment income of single-earner-female couple families,Dollars,81,units,0,v21187338,1.30,31250,,,,0
2023,Canada,2021A11124,Families with government transfers,Number,223,units,0,v21187339,1.31,10340770,,,,0
2023,Canada,2021A11124,Median government transfers to families,Dollars,81,units,0,v52318448,1.45,11190,,,,0
2023,Canada,2021A11124,Persons not in census families with government transfers,Number,223,units,0,v21187341,1.33,6601730,,,,0
2023,Canada,2021A11124,Median government transfers to persons not in census families,Dollars,81,units,0,v52318449,1.46,8900,,,,0
2023,Canada,2021A11124,Families with labour income,Number,223,units,0,v21187343,1.35,9325790,,,,0
2023,Canada,2021A11124,Families receiving Employment Insurance benefits,Number,223,units,0,v21187344,1.36,1758620,,,,0
2023,Canada,2021A11124,Median Employment Insurance benefits received by families,Dollars,81,units,0,v52318450,1.47,7490,,,,0
2023,Canada,2021A11124,Persons not in census families with labour income,Number,223,units,0,v21187346,1.38,4588520,,,,0
2023,Canada,2021A11124,Persons not in census families receiving Employment Insurance benefits,Number,223,units,0,v21187347,1.39,466630,,,,0
2023,Canada,2021A11124,Median Employment Insurance benefits received by persons not in census families,Dollars,81,units,0,v52318451,1.48,6080,,,,0
2023,Ontario,2021A000235,All tax filers,Number,223,units,0,v21187909,16.1,12126550,,,,0
2023,Ontario,2021A000235,"All tax filers and dependants, all age groups",Number,223,units,0,v21187910,16.2,15138070,,,,0
2023,Ontario,2021A000235,"Tax filers and dependants, under age 15 years",Number,223,units,0,v21187911,16.3,2316040,,,,0
2023,Ontario,2021A000235,Tax filers and dependants aged 15 to 64 years,Number,223,units,0,v21187912,16.4,10028330,,,,0
2023,Ontario,2021A000235,Tax filers and dependants aged 65 years and over,Number,223,units,0,v21187913,16.5,2793700,,,,0
2023,Ontario,2021A000235,All families,Number,223,units,0,v21187914,16.6,4310920,,,,0
2023,Ontario,2021A000235,Couple families,Number,223,units,0,v21187915,16.7,3707800,,,,0
2023,Ontario,2021A000235,One-parent families,Number,223,units,0,v21187916,16.8,603120,,,,0
2023,Ontario,2021A000235,"Median total income, all families",Dollars,81,units,0,v21187917,16.9,105950,,,,0
2023,Ontario,2021A000235,"Median total income of persons with income, all families",Dollars,81,units,0,v52318564,16.41,47130,,,,0
2023,Ontario,2021A000235,"Median total income, couple families",Dollars,81,units,0,v21187919,16.11,115330,,,,0
2023,Ontario,2021A000235,"Median total income of persons with income, couple families",Dollars,81,units,0,v52318565,16.42,47980,,,,0
2023,Ontario,2021A000235,"Median total income, one-parent families",Dollars,81,units,0,v21187921,16.13,62400,,,,0
2023,Ontario,2021A000235,"Median total income of persons with income, one-parent families",Dollars,81,units,0,v52318566,16.43,40740,,,,0
2023,Ontario,2021A000235,Total persons in families,Number,223,units,0,v21187923,16.15,12326720,,,,0
2023,Ontario,2021A000235,Persons in couple families,Number,223,units,0,v21187924,16.16,10779220,,,,0
2023,Ontario,2021A000235,Persons in one-parent families,Number,223,units,0,v21187925,16.17,1547500,,,,0
2023,Ontario,2021A000235,Persons not in census families,Number,223,units,0,v21187926,16.18,2811350,,,,0
2023,Ontario,2021A000235,Median total income of persons not in census families with income,Dollars,81,units,0,v52318567,16.44,36270,,,,0
2023,Ontario,2021A000235,Families with employment income,Number,223,units,0,v21187929,16.21,3643160,,,,0
2023,Ontario,2021A000235,Median employment income of families,Dollars,81,units,0,v21187930,16.22,92390,,,,0
2023,Ontario,2021A000235,Persons not in census families with employment income,Number,223,units,0,v21187931,16.23,1710610,,,,0
2023,Ontario,2021A000235,Median employment income of persons not in census families,Dollars,81,units,0,v21187932,16.24,37310,,,,0
2023,Ontario,2021A000235,Dual-earner couple families,Number,223,units,0,v21187933,16.25,2077150,,,,0
2023,Ontario,2021A000235,Median employment income of dual-earner couple families,Dollars,81,units,0,v21187934,16.26,124710,,,,0
2023,Ontario,2021A000235,Single-earner-male couple families,Number,223,units,0,v21187935,16.27,647050,,,,0
2023,Ontario,2021A000235,Median employment income of single-earner-male couple families,Dollars,81,units,0,v21187936,16.28,37540,,,,0
2023,Ontario,2021A000235,Single-earner-female couple families,Number,223,units,0,v21187937,16.29,325300,,,,0
2023,Ontario,2021A000235,Median employment income of single-earner-female couple families,Dollars,81,units,0,v21187938,16.30,32090,,,,0
2023,Ontario,2021A000235,Families with government transfers,Number,223,units,0,v21187939,16.31,4182420,,,,0
2023,Ontario,2021A000235,Median government transfers to families,Dollars,81,units,0,v52318568,16.45,9270,,,,0
2023,Ontario,2021A000235,Persons not in census families with government transfers,Number,223,units,0,v21187941,16.33,2538730,,,,0
2023,Ontario,2021A000235,Median government transfers to persons not in census families,Dollars,81,units,0,v52318569,16.46,5310,,,,0
2023,Ontario,2021A000235,Families with labour income,Number,223,units,0,v21187943,16.35,3651480,,,,0
2023,Ontario,2021A000235,Families receiving Employment Insurance benefits,Number,223,units,0,v21187944,16.36,587220,,,,0
2023,Ontario,2021A000235,Median Employment Insurance benefits received by families,Dollars,81,units,0,v52318570,16.47,7140,,,,0
2023,Ontario,2021A000235,Persons not in census families with labour income,Number,223,units,0,v21187946,16.38,1716780,,,,0
2023,Ontario,2021A000235,Persons not in census families receiving Employment Insurance benefits,Number,223,units,0,v21187947,16.39,131930,,,,0
2023,Ontario,2021A000235,Median Employment Insurance benefits received by persons not in census families,Dollars,81,units,0,v52318571,16.48,5850,,,,0
2023,"Oshawa, Ontario",2016S0503532,All tax filers,Number,223,units,0,v21187989,18.1,340600,,,,0
2023,"Oshawa, Ontario",2016S0503532,"All tax filers and dependants, all age groups",Number,223,units,0,v21187990,18.2,445450,,,,0
2023,"Oshawa, Ontario",2016S0503532,"Tax filers and dependants, under age 15 years",Number,223,units,0,v21187991,18.3,84250,,,,0
2023,"Oshawa, Ontario",2016S0503532,Tax filers and dependants aged 15 to 64 years,Number,223,units,0,v21187992,18.4,292020,,,,0
2023,"Oshawa, Ontario",2016S0503532,Tax filers and dependants aged 65 years and over,Number,223,units,0,v21187993,18.5,69180,,,,0
2023,"Oshawa, Ontario",2016S0503532,All families,Number,223,units,0,v21187994,18.6,126320,,,,0
2023,"Oshawa, Ontario",2016S0503532,Couple families,Number,223,units,0,v21187995,18.7,106240,,,,0
2023,"Oshawa, Ontario",2016S0503532,One-parent families,Number,223,units,0,v21187996,18.8,20080,,,,0
2023,"Oshawa, Ontario",2016S0503532,"Median total income, all families",Dollars,81,units,0,v21187997,18.9,118030,,,,0
2023,"Oshawa, Ontario",2016S0503532,"Median total income of persons with income, all families",Dollars,81,units,0,v52318580,18.41,52280,,,,0
2023,"Oshawa, Ontario",2016S0503532,"Median total income, couple families",Dollars,81,units,0,v21187999,18.11,130600,,,,0
2023,"Oshawa, Ontario",2016S0503532,"Median total income of persons with income, couple families",Dollars,81,units,0,v52318581,18.42,53360,,,,0
2023,"Oshawa, Ontario",2016S0503532,"Median total income, one-parent families",Dollars,81,units,0,v21188001,18.13,66940,,,,0
2023,"Oshawa, Ontario",2016S0503532,"Median total income of persons with income, one-parent families",Dollars,81,units,0,v52318582,18.43,44560,,,,0
2023,"Oshawa, Ontario",2016S0503532,Total persons in families,Number,223,units,0,v21188003,18.15,377050,,,,0
2023,"Oshawa, Ontario",2016S0503532,Persons in couple families,Number,223,units,0,v21188004,18.16,324840,,,,0
2023,"Oshawa, Ontario",2016S0503532,Persons in one-parent families,Number,223,units,0,v21188005,18.17,52220,,,,0
2023,"Oshawa, Ontario",2016S0503532,Persons not in census families,Number,223,units,0,v21188006,18.18,68390,,,,0
2023,"Oshawa, Ontario",2016S0503532,Median total income of persons not in census families with income,Dollars,81,units,0,v52318583,18.44,38710,,,,0
2023,"Oshawa, Ontario",2016S0503532,Families with employment income,Number,223,units,0,v21188009,18.21,111170,,,,0
2023,"Oshawa, Ontario",2016S0503532,Median employment income of families,Dollars,81,units,0,v21188010,18.22,105120,,,,0
2023,"Oshawa, Ontario",2016S0503532,Persons not in census families with employment income,Number,223,units,0,v21188011,18.23,42910,,,,0
2023,"Oshawa, Ontario",2016S0503532,Median employment income of persons not in census families,Dollars,81,units,0,v21188012,18.24,35740,,,,0
2023,"Oshawa, Ontario",2016S0503532,Dual-earner couple families,Number,223,units,0,v21188013,18.25,65660,,,,0
2023,"Oshawa, Ontario",2016S0503532,Median employment income of dual-earner couple families,Dollars,81,units,0,v21188014,18.26,138340,,,,0
2023,"Oshawa, Ontario",2016S0503532,Single-earner-male couple families,Number,223,units,0,v21188015,18.27,18500,,,,0
2023,"Oshawa, Ontario",2016S0503532,Median employment income of single-earner-male couple families,Dollars,81,units,0,v21188016,18.28,38650,,,,0
2023,"Oshawa, Ontario",2016S0503532,Single-earner-female couple families,Number,223,units,0,v21188017,18.29,8090,,,,0
2023,"Oshawa, Ontario",2016S0503532,Median employment income of single-earner-female couple families,Dollars,81,units,0,v21188018,18.30,32230,,,,0
2023,"Oshawa, Ontario",2016S0503532,Families with government transfers,Number,223,units,0,v21188019,18.31,123290,,,,0
2023,"Oshawa, Ontario",2016S0503532,Median government transfers to families,Dollars,81,units,0,v52318584,18.45,9050,,,,0
2023,"Oshawa, Ontario",2016S0503532,Persons not in census families with government transfers,Number,223,units,0,v21188021,18.33,61740,,,,0
2023,"Oshawa, Ontario",2016S0503532,Median government transfers to persons not in census families,Dollars,81,units,0,v52318585,18.46,7690,,,,0
2023,"Oshawa, Ontario",2016S0503532,Families with labour income,Number,223,units,0,v21188023,18.35,111410,,,,0
2023,"Oshawa, Ontario",2016S0503532,Families receiving Employment Insurance benefits,Number,223,units,0,v21188024,18.36,19690,,,,0
2023,"Oshawa, Ontario",2016S0503532,Median Employment Insurance benefits received by families,Dollars,81,units,0,v52318586,18.47,7340,,,,0
2023,"Oshawa, Ontario",2016S0503532,Persons not in census families with labour income,Number,223,units,0,v21188026,18.38,43060,,,,0
2023,"Oshawa, Ontario",2016S0503532,Persons not in census families receiving Employment Insurance benefits,Number,223,units,0,v21188027,18.39,3580,,,,0
2023,"Oshawa, Ontario",2016S0503532,Median Employment Insurance benefits received by persons not in census families,Dollars,81,units,0,v52318587,18.48,5610,,,,0
2023,"Toronto, Ontario",2016S0503535,All tax filers,Number,223,units,0,v21188029,19.1,5447380,,,,0
2023,"Toronto, Ontario",2016S0503535,"All tax filers and dependants, all age groups",Number,223,units,0,v21188030,19.2,6750870,,,,0
2023,"Toronto, Ontario",2016S0503535,"Tax filers and dependants, under age 15 years",Number,223,units,0,v21188031,19.3,969610,,,,0
2023,"Toronto, Ontario",2016S0503535,Tax filers and dependants aged 15 to 64 years,Number,223,units,0,v21188032,19.4,4692820,,,,0
2023,"Toronto, Ontario",2016S0503535,Tax filers and dependants aged 65 years and over,Number,223,units,0,v21188033,19.5,1088440,,,,0
2023,"Toronto, Ontario",2016S0503535,All families,Number,223,units,0,v21188034,19.6,1902940,,,,0
2023,"Toronto, Ontario",2016S0503535,Couple families,Number,223,units,0,v21188035,19.7,1650560,,,,0
2023,"Toronto, Ontario",2016S0503535,One-parent families,Number,223,units,0,v21188036,19.8,252380,,,,0
2023,"Toronto, Ontario",2016S0503535,"Median total income, all families",Dollars,81,units,0,v21188037,19.9,102570,,,,0
2023,"Toronto, Ontario",2016S0503535,"Median total income of persons with income, all families",Dollars,81,units,0,v52318588,19.41,44390,,,,0
2023,"Toronto, Ontario",2016S0503535,"Median total income, couple families",Dollars,81,units,0,v21188039,19.11,111320,,,,0
2023,"Toronto, Ontario",2016S0503535,"Median total income of persons with income, couple families",Dollars,81,units,0,v52318589,19.42,45030,,,,0
2023,"Toronto, Ontario",2016S0503535,"Median total income, one-parent families",Dollars,81,units,0,v21188041,19.13,63280,,,,0
2023,"Toronto, Ontario",2016S0503535,"Median total income of persons with income, one-parent families",Dollars,81,units,0,v52318590,19.43,39370,,,,0
2023,"Toronto, Ontario",2016S0503535,Total persons in families,Number,223,units,0,v21188043,19.15,5483430,,,,0
2023,"Toronto, Ontario",2016S0503535,Persons in couple families,Number,223,units,0,v21188044,19.16,4844090,,,,0
2023,"Toronto, Ontario",2016S0503535,Persons in one-parent families,Number,223,units,0,v21188045,19.17,639340,,,,0
2023,"Toronto, Ontario",2016S0503535,Persons not in census families,Number,223,units,0,v21188046,19.18,1267440,,,,0
2023,"Toronto, Ontario",2016S0503535,Median total income of persons not in census families with income,Dollars,81,units,0,v52318591,19.44,33440,,,,0
2023,"Toronto, Ontario",2016S0503535,Families with employment income,Number,223,units,0,v21188049,19.21,1627010,,,,0
2023,"Toronto, Ontario",2016S0503535,Median employment income of families,Dollars,81,units,0,v21188050,19.22,93200,,,,0
2023,"Toronto, Ontario",2016S0503535,Persons not in census families with employment income,Number,223,units,0,v21188051,19.23,803920,,,,0
2023,"Toronto, Ontario",2016S0503535,Median employment income of persons not in census families,Dollars,81,units,0,v21188052,19.24,38070,,,,0
2023,"Toronto, Ontario",2016S0503535,Dual-earner couple families,Number,223,units,0,v21188053,19.25,928180,,,,0
2023,"Toronto, Ontario",2016S0503535,Median employment income of dual-earner couple families,Dollars,81,units,0,v21188054,19.26,123170,,,,0
2023,"Toronto, Ontario",2016S0503535,Single-earner-male couple families,Number,223,units,0,v21188055,19.27,287250,,,,0
2023,"Toronto, Ontario",2016S0503535,Median employment income of single-earner-male couple families,Dollars,81,units,0,v21188056,19.28,42670,,,,0
2023,"Toronto, Ontario",2016S0503535,Single-earner-female couple families,Number,223,units,0,v21188057,19.29,154640,,,,0
2023,"Toronto, Ontario",2016S0503535,Median employment income of single-earner-female couple families,Dollars,81,units,0,v21188058,19.30,34560,,,,0
2023,"Toronto, Ontario",2016S0503535,Families with government transfers,Number,223,units,0,v21188059,19.31,1831420,,,,0
2023,"Toronto, Ontario",2016S0503535,Median government transfers to families,Dollars,81,units,0,v52318592,19.45,6840,,,,0
2023,"Toronto, Ontario",2016S0503535,Persons not in census families with government transfers,Number,223,units,0,v21188061,19.33,1124090,,,,0
2023,"Toronto, Ontario",2016S0503535,Median government transfers to persons not in census families,Dollars,81,units,0,v52318593,19.46,2770,,,,0
2023,"Toronto, Ontario",2016S0503535,Families with labour income,Number,223,units,0,v21188063,19.35,1630700,,,,0
2023,"Toronto, Ontario",2016S0503535,Families receiving Employment Insurance benefits,Number,223,units,0,v21188064,19.36,232160,,,,0
2023,"Toronto, Ontario",2016S0503535,Median Employment Insurance benefits received by families,Dollars,81,units,0,v52318594,19.47,7370,,,,0
2023,"Toronto, Ontario",2016S0503535,Persons not in census families with labour income,Number,223,units,0,v21188066,19.38,806710,,,,0
2023,"Toronto, Ontario",2016S0503535,Persons not in census families receiving Employment Insurance benefits,Number,223,units,0,v21188067,19.39,49770,,,,0
2023,"Toronto, Ontario",2016S0503535,Median Employment Insurance benefits received by persons not in census families,Dollars,81,units,0,v52318595,19.48,6130,,,,0
2023,"Hamilton, Ontario",2016S0503537,All tax filers,Number,223,units,0,v21188069,20.1,640100,,,,0
2023,"Hamilton, Ontario",2016S0503537,"All tax filers and dependants, all age groups",Number,223,units,0,v21188070,20.2,801280,,,,0
2023,"Hamilton, Ontario",2016S0503537,"Tax filers and dependants, under age 15 years",Number,223,units,0,v21188071,20.3,127890,,,,0
2023,"Hamilton, Ontario",2016S0503537,Tax filers and dependants aged 15 to 64 years,Number,223,units,0,v21188072,20.4,519760,,,,0
2023,"Hamilton, Ontario",2016S0503537,Tax filers and dependants aged 65 years and over,Number,223,units,0,v21188073,20.5,153640,,,,0
2023,"Hamilton, Ontario",2016S0503537,All families,Number,223,units,0,v21188074,20.6,227080,,,,0
2023,"Hamilton, Ontario",2016S0503537,Couple families,Number,223,units,0,v21188075,20.7,193200,,,,0
2023,"Hamilton, Ontario",2016S0503537,One-parent families,Number,223,units,0,v21188076,20.8,33880,,,,0
2023,"Hamilton, Ontario",2016S0503537,"Median total income, all families",Dollars,81,units,0,v21188077,20.9,115460,,,,0
2023,"Hamilton, Ontario",2016S0503537,"Median total income of persons with income, all families",Dollars,81,units,0,v52318596,20.41,50050,,,,0
2023,"Hamilton, Ontario",2016S0503537,"Median total income, couple families",Dollars,81,units,0,v21188079,20.11,126640,,,,0
2023,"Hamilton, Ontario",2016S0503537,"Median total income of persons with income, couple families",Dollars,81,units,0,v52318597,20.42,51300,,,,0
2023,"Hamilton, Ontario",2016S0503537,"Median total income, one-parent families",Dollars,81,units,0,v21188081,20.13,64920,,,,0
2023,"Hamilton, Ontario",2016S0503537,"Median total income of persons with income, one-parent families",Dollars,81,units,0,v52318598,20.43,41300,,,,0
2023,"Hamilton, Ontario",2016S0503537,Total persons in families,Number,223,units,0,v21188083,20.15,656860,,,,0
2023,"Hamilton, Ontario",2016S0503537,Persons in couple families,Number,223,units,0,v21188084,20.16,570520,,,,0
2023,"Hamilton, Ontario",2016S0503537,Persons in one-parent families,Number,223,units,0,v21188085,20.17,86340,,,,0
2023,"Hamilton, Ontario",2016S0503537,Persons not in census families,Number,223,units,0,v21188086,20.18,144420,,,,0
2023,"Hamilton, Ontario",2016S0503537,Median total income of persons not in census families with income,Dollars,81,units,0,v52318599,20.44,38750,,,,0
2023,"Hamilton, Ontario",2016S0503537,Families with employment income,Number,223,units,0,v21188089,20.21,192250,,,,0
2023,"Hamilton, Ontario",2016S0503537,Median employment income of families,Dollars,81,units,0,v21188090,20.22,102230,,,,0
2023,"Hamilton, Ontario",2016S0503537,Persons not in census families with employment income,Number,223,units,0,v21188091,20.23,84350,,,,0
2023,"Hamilton, Ontario",2016S0503537,Median employment income of persons not in census families,Dollars,81,units,0,v21188092,20.24,38310,,,,0
2023,"Hamilton, Ontario",2016S0503537,Dual-earner couple families,Number,223,units,0,v21188093,20.25,111850,,,,0
2023,"Hamilton, Ontario",2016S0503537,Median employment income of dual-earner couple families,Dollars,81,units,0,v21188094,20.26,136270,,,,0
2023,"Hamilton, Ontario",2016S0503537,Single-earner-male couple families,Number,223,units,0,v21188095,20.27,31860,,,,0
2023,"Hamilton, Ontario",2016S0503537,Median employment income of single-earner-male couple families,Dollars,81,units,0,v21188096,20.28,37500,,,,0
2023,"Hamilton, Ontario",2016S0503537,Single-earner-female couple families,Number,223,units,0,v21188097,20.29,16030,,,,0
2023,"Hamilton, Ontario",2016S0503537,Median employment income of single-earner-female couple families,Dollars,81,units,0,v21188098,20.30,34560,,,,0
2023,"Hamilton, Ontario",2016S0503537,Families with government transfers,Number,223,units,0,v21188099,20.31,222010,,,,0
2023,"Hamilton, Ontario",2016S0503537,Median government transfers to families,Dollars,81,units,0,v52318600,20.45,9560,,,,0
2023,"Hamilton, Ontario",2016S0503537,Persons not in census families with government transfers,Number,223,units,0,v21188101,20.33,133690,,,,0
2023,"Hamilton, Ontario",2016S0503537,Median government transfers to persons not in census families,Dollars,81,units,0,v52318601,20.46,9420,,,,0
2023,"Hamilton, Ontario",2016S0503537,Families with labour income,Number,223,units,0,v21188103,20.35,192670,,,,0
2023,"Hamilton, Ontario",2016S0503537,Families receiving Employment Insurance benefits,Number,223,units,0,v21188104,20.36,32240,,,,0
2023,"Hamilton, Ontario",2016S0503537,Median Employment Insurance benefits received by families,Dollars,81,units,0,v52318602,20.47,6990,,,,0
2023,"Hamilton, Ontario",2016S0503537,Persons not in census families with labour income,Number,223,units,0,v21188106,20.38,84640,,,,0
2023,"Hamilton, Ontario",2016S0503537,Persons not in census families receiving Employment Insurance benefits,Number,223,units,0,v21188107,20.39,6950,,,,0
2023,"Hamilton, Ontario",2016S0503537,Median Employment Insurance benefits received by persons not in census families,Dollars,81,units,0,v52318603,20.48,5420,,,,0
