"Cube Title","Product Id","CANSIM Id",URL,"Cube Notes","Archive Status",Frequency,"Start Reference Period","End Reference Period","Total number of dimensions"
"Population estimates, July 1, by census subdivision, 2021 boundaries","17100155",,"https://www150.statcan.gc.ca/t1/tbl1/en/tv.action?pid=1710015501",1;2;3;4;5;6;7,"CURRENT - a cube available to the public and that is current","Annual","2001-01-01","2025-01-01","1",

"Dimension ID","Dimension name","Dimension Notes","Dimension Definitions"
"1","Geography",,""

"Dimension ID","Member Name","Classification Code","Member ID","Parent Member ID",Terminated,"Member Notes","Member Definitions"
"1","Saskatchewan","[47]","2952","1","",,
"1","British Columbia","[59]","4332","1","",,
"1","Yukon","[60]","5086","1","",,
"1","Northwest Territories","[61]","5124","1","",,
"1","Nunavut","[62]","5168","1","",,
"1","Nova Scotia","[12]","478","1","",,
"1","New Brunswick","[13]","576","1","",,
"1","Newfoundland and Labrador","[10]","2","1","",,
"1","Prince Edward Island","[11]","377","1","",,
"1","Manitoba","[46]","2710","1","",,
"1","Ontario","[35]","2130","1","",,
"1","Quebec","[24]","845","1","",,
"1","Alberta","[48]","3906","1","",,
"1","Census subdivisions with population under 5,000, Newfoundland and Labrador","","20","2","",,
"1","Census subdivisions with 5,000-plus population, Newfoundland and Labrador","","3","2","",,
"1","Deer Lake (T), Newfoundland and Labrador","[1005004]","19","3","",,
"1","St. John's (CY), Newfoundland and Labrador","[1001519]","4","3","",,
"1","Conception Bay South (T), Newfoundland and Labrador","[1001485]","5","3","",,
"1","Paradise (T), Newfoundland and Labrador","[1001517]","6","3","",,
"1","Mount Pearl (CY), Newfoundland and Labrador","[1001542]","7","3","",,
"1","Corner Brook (CY), Newfoundland and Labrador","[1005018]","8","3","",,
"1","Grand Falls-Windsor (T), Newfoundland and Labrador","[1006017]","9","3","",,
"1","Gander (T), Newfoundland and Labrador","[1006009]","10","3","",,
"1","Portugal Cove-St. Philip's (T), Newfoundland and Labrador","[1001504]","11","3","",,
"1","Happy Valley-Goose Bay (T), Newfoundland and Labrador","[1010025]","12","3","",,
"1","Torbay (T), Newfoundland and Labrador","[1001509]","13","3","",,
"1","Labrador City (T), Newfoundland and Labrador","[1010032]","14","3","",,
"1","Clarenville (T), Newfoundland and Labrador","[1007013]","15","3","",,
"1","Stephenville (T), Newfoundland and Labrador","[1004019]","16","3","",,
"1","Bay Roberts (T), Newfoundland and Labrador","[1001409]","17","3","",,
"1","Marystown (T), Newfoundland and Labrador","[1002024]","18","3","",,
"1","Salmon Cove (T), Newfoundland and Labrador","[1001361]","102","20","",,
"1","Division No.  5, Subd. F (SNO), Newfoundland and Labrador","[1005010]","103","20","",,
"1","Glenwood (T), Newfoundland and Labrador","[1006012]","104","20","",,
"1","Division No. 10, Subd. D (SNO), Newfoundland and Labrador","[1010029]","105","20","",,
"1","Port au Choix (T), Newfoundland and Labrador","[1009022]","106","20","",,
"1","Peterview (T), Newfoundland and Labrador","[1006021]","107","20","",,
"1","Robert's Arm (T), Newfoundland and Labrador","[1008060]","108","20","",,
"1","Norris Arm (T), Newfoundland and Labrador","[1006003]","109","20","",,
"1","Mount Moriah (T), Newfoundland and Labrador","[1005033]","110","20","",,
"1","Brigus (T), Newfoundland and Labrador","[1001446]","111","20","",,
"1","Cupids (T), Newfoundland and Labrador","[1001437]","112","20","",,
"1","L'Anse au Loup (T), Newfoundland and Labrador","[1010002]","113","20","",,
"1","Badger (T), Newfoundland and Labrador","[1006026]","114","20","",,
"1","Embree (T), Newfoundland and Labrador","[1008043]","115","20","",,
"1","South River (T), Newfoundland and Labrador","[1001434]","116","20","",,
"1","Port Saunders (T), Newfoundland and Labrador","[1009019]","117","20","",,
"1","Milltown-Head of Bay d'Espoir (T), Newfoundland and Labrador","[1003018]","118","20","",,
"1","Cox's Cove (T), Newfoundland and Labrador","[1005023]","119","20","",,
"1","King's Point (T), Newfoundland and Labrador","[1008069]","120","20","",,
"1","Norman's Cove-Long Cove (T), Newfoundland and Labrador","[1001285]","121","20","",,
"1","Division No.  1, Subd. A (SNO), Newfoundland and Labrador","[1001259]","122","20","",,
"1","Heart's Delight-Islington (T), Newfoundland and Labrador","[1001312]","123","20","",,
"1","Conception Harbour (T), Newfoundland and Labrador","[1001461]","124","20","",,
"1","Appleton (T), Newfoundland and Labrador","[1006011]","125","20","",,
"1","Colliers (T), Newfoundland and Labrador","[1001456]","126","20","",,
"1","Old Perlican (T), Newfoundland and Labrador","[1001343]","127","20","",,
"1","Norris Point (T), Newfoundland and Labrador","[1009012]","128","20","",,
"1","Hopedale (T), Newfoundland and Labrador","[1011030]","129","20","",,
"1","St. Lunaire-Griquet (T), Newfoundland and Labrador","[1009032]","130","20","",,
"1","Division No.  6, Subd. D (SNO), Newfoundland and Labrador","[1006001]","131","20","",,
"1","Division No.  4, Subd. C (SNO), Newfoundland and Labrador","[1004011]","132","20","",,
"1","Buchans (T), Newfoundland and Labrador","[1006031]","133","20","",,
"1","Avondale (T), Newfoundland and Labrador","[1001464]","134","20","",,
"1","Lawn (T), Newfoundland and Labrador","[1002011]","135","20","",,
"1","Dover (T), Newfoundland and Labrador","[1007057]","136","20","",,
"1","North River (T), Newfoundland and Labrador","[1001426]","137","20","",,
"1","Point Leamington (T), Newfoundland and Labrador","[1008049]","138","20","",,
"1","Meadows (T), Newfoundland and Labrador","[1005025]","139","20","",,
"1","Division No.  3, Subd. H (SNO), Newfoundland and Labrador","[1003031]","140","20","",,
"1","Division No.  8, Subd. C (SNO), Newfoundland and Labrador","[1008058]","141","20","",,
"1","Musgravetown (T), Newfoundland and Labrador","[1007032]","142","20","",,
"1","North West River (T), Newfoundland and Labrador","[1010022]","143","20","",,
"1","Isle aux Morts (T), Newfoundland and Labrador","[1003032]","144","20","",,
"1","Reidville (T), Newfoundland and Labrador","[1005009]","145","20","",,
"1","St. Jacques-Coomb's Cove (T), Newfoundland and Labrador","[1003003]","146","20","",,
"1","Garnish (T), Newfoundland and Labrador","[1002021]","147","20","",,
"1","Lewin's Cove (T), Newfoundland and Labrador","[1002002]","148","20","",,
"1","Division No.  1, Subd. X (SNO), Newfoundland and Labrador","[1001203]","149","20","",,
"1","Port au Port East (T), Newfoundland and Labrador","[1004021]","150","20","",,
"1","Burnt Islands (T), Newfoundland and Labrador","[1003033]","151","20","",,
"1","Lumsden (T), Newfoundland and Labrador","[1008004]","152","20","",,
"1","Division No.  1, Subd. F (SNO), Newfoundland and Labrador","[1001321]","153","20","",,
"1","Division No.  2, Subd. C (SNO), Newfoundland and Labrador","[1002031]","154","20","",,
"1","Division No.  9, Subd. D (SNO), Newfoundland and Labrador","[1009031]","155","20","",,
"1","McIvers (T), Newfoundland and Labrador","[1005022]","156","20","",,
"1","Port Blandford (T), Newfoundland and Labrador","[1007036]","157","20","",,
"1","Birchy Bay (T), Newfoundland and Labrador","[1008038]","158","20","",,
"1","Trout River (T), Newfoundland and Labrador","[1009010]","159","20","",,
"1","Lark Harbour (T), Newfoundland and Labrador","[1005024]","160","20","",,
"1","Division No.  2, Subd. K (SNO), Newfoundland and Labrador","[1002048]","161","20","",,
"1","Lourdes (T), Newfoundland and Labrador","[1004037]","162","20","",,
"1","Cape Broyle (T), Newfoundland and Labrador","[1001126]","163","20","",,
"1","Cormack (T), Newfoundland and Labrador","[1005014]","164","20","",,
"1","Division No.  8, Subd. E (SNO), Newfoundland and Labrador","[1008046]","165","20","",,
"1","Englee (T), Newfoundland and Labrador","[1009004]","166","20","",,
"1","Division No.  1, Subd. W (SNO), Newfoundland and Labrador","[1001155]","167","20","",,
"1","Division No.  7, Subd. J (SNO), Newfoundland and Labrador","[1007014]","168","20","",,
"1","Eastport (T), Newfoundland and Labrador","[1007042]","169","20","",,
"1","Campbellton (T), Newfoundland and Labrador","[1008037]","170","20","",,
"1","Gillams (T), Newfoundland and Labrador","[1005015]","178","20","",,
"1","Port au Port West-Aguathuna-Felix Cove (T), Newfoundland and Labrador","[1004042]","179","20","",,
"1","South Brook (T), Newfoundland and Labrador","[1008059]","180","20","",,
"1","Bauline (T), Newfoundland and Labrador","[1001512]","181","20","",,
"1","Steady Brook (T), Newfoundland and Labrador","[1005011]","182","20","",,
"1","Division No.  5, Subd. G (SNO), Newfoundland and Labrador","[1005003]","183","20","",,
"1","Division No.  8, Subd. G (SNO), Newfoundland and Labrador","[1008036]","184","20","",,
"1","Small Point-Adam's Cove-Blackhead-Broad Cove (T), Newfoundland and Labrador","[1001352]","185","20","",,
"1","Sunnyside (T), Newfoundland and Labrador","[1001277]","186","20","",,
"1","Hermitage-Sandyville (T), Newfoundland and Labrador","[1003011]","187","20","",,
"1","Trepassey (T), Newfoundland and Labrador","[1001113]","188","20","",,
"1","Port Hope Simpson (T), Newfoundland and Labrador","[1010009]","189","20","",,
"1","Winterland (T), Newfoundland and Labrador","[1002023]","190","20","",,
"1","Cow Head (T), Newfoundland and Labrador","[1009016]","191","20","",,
"1","Division No.  8, Subd. A (SNO), Newfoundland and Labrador","[1008074]","192","20","",,
"1","Ramea (T), Newfoundland and Labrador","[1003026]","193","20","",,
"1","Forteau (T), Newfoundland and Labrador","[1010005]","194","20","",,
"1","Mount Carmel-Mitchells Brook-St. Catherine's (T), Newfoundland and Labrador","[1001197]","195","20","",,
"1","York Harbour (T), Newfoundland and Labrador","[1005035]","196","20","",,
"1","Ferryland (T), Newfoundland and Labrador","[1001149]","197","20","",,
"1","Northern Arm (T), Newfoundland and Labrador","[1006015]","198","20","",,
"1","Makkovik (T), Newfoundland and Labrador","[1011020]","199","20","",,
"1","Parson's Pond (T), Newfoundland and Labrador","[1009017]","200","20","",,
"1","Port Rexton (T), Newfoundland and Labrador","[1007016]","201","20","",,
"1","Division No.  1, Subd. B (SNO), Newfoundland and Labrador","[1001234]","202","20","",,
"1","Division No.  1, Subd. N (SNO), Newfoundland and Labrador","[1001441]","203","20","",,
"1","Division No.  6, Subd. C (SNO), Newfoundland and Labrador","[1006014]","204","20","",,
"1","Whiteway (T), Newfoundland and Labrador","[1001308]","205","20","",,
"1","Belleoram (T), Newfoundland and Labrador","[1003004]","206","20","",,
"1","Chapel Arm (T), Newfoundland and Labrador","[1001289]","171","20","",,
"1","Middle Arm (T), Newfoundland and Labrador","[1008072]","172","20","",,
"1","Terrenceville (T), Newfoundland and Labrador","[1002036]","173","20","",,
"1","Cartwright, Labrador (T), Newfoundland and Labrador","[1010012]","174","20","",,
"1","Winterton (T), Newfoundland and Labrador","[1001332]","175","20","",,
"1","Hampden (T), Newfoundland and Labrador","[1005008]","176","20","",,
"1","St. Bernard's-Jacques Fontaine (T), Newfoundland and Labrador","[1002041]","177","20","",,
"1","Carbonear (T), Newfoundland and Labrador","[1001370]","21","20","",,
"1","Channel-Port aux Basques (T), Newfoundland and Labrador","[1003034]","22","20","",,
"1","Pasadena (T), Newfoundland and Labrador","[1005012]","23","20","",,
"1","Lewisporte (T), Newfoundland and Labrador","[1008044]","24","20","",,
"1","Placentia (T), Newfoundland and Labrador","[1001240]","25","20","",,
"1","Bonavista (T), Newfoundland and Labrador","[1007023]","26","20","",,
"1","Bishop's Falls (T), Newfoundland and Labrador","[1006019]","27","20","",,
"1","Springdale (T), Newfoundland and Labrador","[1008061]","28","20","",,
"1","Bay de Verde (T), Newfoundland and Labrador","[1001347]","207","20","",,
"1","Bryant's Cove (T), Newfoundland and Labrador","[1001375]","208","20","",,
"1","Comfort Cove-Newstead (T), Newfoundland and Labrador","[1008039]","209","20","",,
"1","Rose Blanche-Harbour le Cou (T), Newfoundland and Labrador","[1003045]","210","20","",,
"1","Division No.  1, Subd. H (SNO), Newfoundland and Labrador","[1001357]","211","20","",,
"1","Heart's Content (T), Newfoundland and Labrador","[1001325]","212","20","",,
"1","Rigolet (T), Newfoundland and Labrador","[1011010]","213","20","",,
"1","Hant's Harbour (T), Newfoundland and Labrador","[1001335]","214","20","",,
"1","Division No.  1, Subd. I (SNO), Newfoundland and Labrador","[1001374]","215","20","",,
"1","Mary's Harbour (T), Newfoundland and Labrador","[1010011]","216","20","",,
"1","Southern Harbour (T), Newfoundland and Labrador","[1001267]","217","20","",,
"1","Division No.  7, Subd. G (SNO), Newfoundland and Labrador","[1007024]","218","20","",,
"1","Elliston (T), Newfoundland and Labrador","[1007020]","219","20","",,
"1","St. Mary's (T), Newfoundland and Labrador","[1001178]","220","20","",,
"1","Burlington (T), Newfoundland and Labrador","[1008071]","221","20","",,
"1","Anchor Point (T), Newfoundland and Labrador","[1009023]","222","20","",,
"1","Hawke's Bay (T), Newfoundland and Labrador","[1009018]","223","20","",,
"1","Ming's Bight (T), Newfoundland and Labrador","[1008095]","224","20","",,
"1","Division No.  8, Subd. P (SNO), Newfoundland and Labrador","[1008065]","225","20","",,
"1","Leading Tickles (T), Newfoundland and Labrador","[1008048]","226","20","",,
"1","Charlottetown (Labrador) (T), Newfoundland and Labrador","[1010013]","227","20","",,
"1","Division No.  5, Subd. A (SNO), Newfoundland and Labrador","[1005001]","228","20","",,
"1","Pilley's Island (T), Newfoundland and Labrador","[1008053]","229","20","",,
"1","Division No.  5, Subd. C (SNO), Newfoundland and Labrador","[1005016]","230","20","",,
"1","Seal Cove (White Bay) (T), Newfoundland and Labrador","[1008091]","231","20","",,
"1","Renews-Cappahayden (T), Newfoundland and Labrador","[1001131]","232","20","",,
"1","Jackson's Arm (T), Newfoundland and Labrador","[1005005]","233","20","",,
"1","Traytown (T), Newfoundland and Labrador","[1007037]","234","20","",,
"1","Division No.  8, Subd. O (SNO), Newfoundland and Labrador","[1008067]","235","20","",,
"1","Flower's Cove (T), Newfoundland and Labrador","[1009024]","236","20","",,
"1","Division No.  1, Subd. E (SNO), Newfoundland and Labrador","[1001304]","29","20","",,
"1","Harbour Grace (T), Newfoundland and Labrador","[1001379]","30","20","",,
"1","Botwood (T), Newfoundland and Labrador","[1006022]","31","20","",,
"1","Division No.  8, Subd. L (SNO), Newfoundland and Labrador","[1008008]","32","20","",,
"1","Spaniard's Bay (T), Newfoundland and Labrador","[1001396]","33","20","",,
"1","Division No.  7, Subd. E (SNO), Newfoundland and Labrador","[1007031]","34","20","",,
"1","Holyrood (T), Newfoundland and Labrador","[1001472]","35","20","",,
"1","Logy Bay-Middle Cove-Outer Cove (T), Newfoundland and Labrador","[1001511]","36","20","",,
"1","St. Bride's (T), Newfoundland and Labrador","[1001228]","237","20","",,
"1","Division No.  1, Subd. R (SNO), Newfoundland and Labrador","[1001490]","238","20","",,
"1","Fermeuse (T), Newfoundland and Labrador","[1001136]","239","20","",,
"1","St. Vincent's-St. Stephen's-Peter's River (T), Newfoundland and Labrador","[1001169]","240","20","",,
"1","Division No.  7, Subd. D (SNO), Newfoundland and Labrador","[1007038]","241","20","",,
"1","Greenspond (T), Newfoundland and Labrador","[1007054]","242","20","",,
"1","Fox Cove-Mortier (T), Newfoundland and Labrador","[1002025]","243","20","",,
"1","Point May (T), Newfoundland and Labrador","[1002014]","244","20","",,
"1","Division No.  2, Subd. E (SNO), Newfoundland and Labrador","[1002001]","245","20","",,
"1","Bishop's Cove (T), Newfoundland and Labrador","[1001394]","246","20","",,
"1","Baytona (T), Newfoundland and Labrador","[1008040]","247","20","",,
"1","Main Brook (T), Newfoundland and Labrador","[1009028]","248","20","",,
"1","Cottlesville (T), Newfoundland and Labrador","[1008032]","249","20","",,
"1","Woody Point, Bonne Bay (T), Newfoundland and Labrador","[1009011]","250","20","",,
"1","Glenburnie-Birchy Head-Shoal Brook (T), Newfoundland and Labrador","[1009030]","251","20","",,
"1","Little Burnt Bay (T), Newfoundland and Labrador","[1008045]","252","20","",,
"1","Hughes Brook (T), Newfoundland and Labrador","[1005028]","253","20","",,
"1","Bay L'Argent (T), Newfoundland and Labrador","[1002027]","254","20","",,
"1","Long Harbour-Mount Arlington Heights (T), Newfoundland and Labrador","[1001263]","255","20","",,
"1","Parkers Cove (T), Newfoundland and Labrador","[1002034]","256","20","",,
"1","Rushoon (T), Newfoundland and Labrador","[1002033]","257","20","",,
"1","Fox Harbour (T), Newfoundland and Labrador","[1001254]","258","20","",,
"1","Branch (T), Newfoundland and Labrador","[1001219]","259","20","",,
"1","Daniel's Harbour (T), Newfoundland and Labrador","[1009015]","260","20","",,
"1","L'Anse-au-Clair (T), Newfoundland and Labrador","[1010004]","261","20","",,
"1","River of Ponds (T), Newfoundland and Labrador","[1009048]","262","20","",,
"1","Lamaline (T), Newfoundland and Labrador","[1002012]","263","20","",,
"1","Seal Cove (Fortune Bay) (T), Newfoundland and Labrador","[1003010]","264","20","",,
"1","Chance Cove (T), Newfoundland and Labrador","[1001281]","265","20","",,
"1","Division No. 10, Subd. B (SNO), Newfoundland and Labrador","[1010008]","266","20","",,
"1","Come By Chance (T), Newfoundland and Labrador","[1001274]","267","20","",,
"1","Fleur de Lys (T), Newfoundland and Labrador","[1008075]","268","20","",,
"1","Division No.  2, Subd. D (SNO), Newfoundland and Labrador","[1002022]","269","20","",,
"1","Sandringham (T), Newfoundland and Labrador","[1007043]","270","20","",,
"1","St. Pauls (T), Newfoundland and Labrador","[1009020]","271","20","",,
"1","New Perlican (T), Newfoundland and Labrador","[1001328]","272","20","",,
"1","Division No.  2, Subd. H (SNO), Newfoundland and Labrador","[1002016]","273","20","",,
"1","Woodstock (T), Newfoundland and Labrador","[1008096]","274","20","",,
"1","Gaskiers-Point La Haye (T), Newfoundland and Labrador","[1001174]","275","20","",,
"1","Division No.  3, Subd. D (SNO), Newfoundland and Labrador","[1003014]","276","20","",,
"1","Pool's Cove (T), Newfoundland and Labrador","[1003005]","277","20","",,
"1","Postville (T), Newfoundland and Labrador","[1011015]","278","20","",,
"1","Division No.  5, Subd. E (SNO), Newfoundland and Labrador","[1005007]","279","20","",,
"1","Westport (T), Newfoundland and Labrador","[1008093]","280","20","",,
"1","Heart's Desire (T), Newfoundland and Labrador","[1001316]","281","20","",,
"1","Change Islands (T), Newfoundland and Labrador","[1008024]","282","20","",,
"1","Division No.  9, Subd. A (SNO), Newfoundland and Labrador","[1009009]","283","20","",,
"1","Happy Adventure (T), Newfoundland and Labrador","[1007041]","284","20","",,
"1","Trinity (Trinity Bay) (T), Newfoundland and Labrador","[1007015]","285","20","",,
"1","St. Lewis (T), Newfoundland and Labrador","[1010010]","286","20","",,
"1","Howley (T), Newfoundland and Labrador","[1005006]","287","20","",,
"1","Grand Le Pierre (T), Newfoundland and Labrador","[1002030]","288","20","",,
"1","Red Harbour (T), Newfoundland and Labrador","[1002037]","289","20","",,
"1","Division No.  6, Subd. E (SNO), Newfoundland and Labrador","[1006008]","290","20","",,
"1","Bird Cove (T), Newfoundland and Labrador","[1009026]","291","20","",,
"1","Goose Cove East (T), Newfoundland and Labrador","[1009039]","292","20","",,
"1","Indian Bay (T), Newfoundland and Labrador","[1007067]","293","20","",,
"1","Lushes Bight-Beaumont-Beaumont North (T), Newfoundland and Labrador","[1008056]","294","20","",,
"1","Division No.  8, Subd. I (SNO), Newfoundland and Labrador","[1008026]","295","20","",,
"1","Riverhead (T), Newfoundland and Labrador","[1001181]","296","20","",,
"1","Brighton (T), Newfoundland and Labrador","[1008055]","297","20","",,
"1","Frenchman's Cove (T), Newfoundland and Labrador","[1002017]","298","20","",,
"1","Lord's Cove (T), Newfoundland and Labrador","[1002013]","299","20","",,
"1","Crow Head (T), Newfoundland and Labrador","[1008029]","300","20","",,
"1","Division No.  9, Subd. H (SNO), Newfoundland and Labrador","[1009041]","301","20","",,
"1","Raleigh (T), Newfoundland and Labrador","[1009035]","302","20","",,
"1","Conche (T), Newfoundland and Labrador","[1009008]","303","20","",,
"1","Pacquet (T), Newfoundland and Labrador","[1008078]","304","20","",,
"1","Red Bay (T), Newfoundland and Labrador","[1010003]","305","20","",,
"1","Division No.  8, Subd. M (SNO), Newfoundland and Labrador","[1008001]","306","20","",,
"1","Division No.  7, Subd. A (SNO), Newfoundland and Labrador","[1007056]","307","20","",,
"1","Point of Bay (T), Newfoundland and Labrador","[1008047]","308","20","",,
"1","Baine Harbour (T), Newfoundland and Labrador","[1002040]","309","20","",,
"1","St. Brendan's (T), Newfoundland and Labrador","[1007048]","310","20","",,
"1","Division No.  2, Subd. I (SNO), Newfoundland and Labrador","[1002026]","311","20","",,
"1","Sandy Cove (T), Newfoundland and Labrador","[1007039]","312","20","",,
"1","Brent's Cove (T), Newfoundland and Labrador","[1008077]","313","20","",,
"1","Division No.  1, Subd. D (SNO), Newfoundland and Labrador","[1001565]","314","20","",,
"1","Cook's Harbour (T), Newfoundland and Labrador","[1009034]","315","20","",,
"1","English Harbour East (T), Newfoundland and Labrador","[1002039]","316","20","",,
"1","Division No.  3, Subd. F (SNO), Newfoundland and Labrador","[1003024]","317","20","",,
"1","Rencontre East (T), Newfoundland and Labrador","[1003002]","318","20","",,
"1","Coachman's Cove (T), Newfoundland and Labrador","[1008092]","319","20","",,
"1","Port Anson (T), Newfoundland and Labrador","[1008062]","320","20","",,
"1","Salvage (T), Newfoundland and Labrador","[1007046]","321","20","",,
"1","Division No.  1, Subd. C (SNO), Newfoundland and Labrador","[1001214]","322","20","",,
"1","Colinet (T), Newfoundland and Labrador","[1001207]","323","20","",,
"1","West St. Modeste (T), Newfoundland and Labrador","[1010006]","324","20","",,
"1","Division No.  6, Subd. A (SNO), Newfoundland and Labrador","[1006029]","325","20","",,
"1","Portugal Cove South (T), Newfoundland and Labrador","[1001105]","326","20","",,
"1","Division No.  2, Subd. F (SNO), Newfoundland and Labrador","[1002006]","327","20","",,
"1","Gaultois (T), Newfoundland and Labrador","[1003012]","328","20","",,
"1","Little Bay (T), Newfoundland and Labrador","[1008063]","329","20","",,
"1","Terra Nova (T), Newfoundland and Labrador","[1007040]","330","20","",,
"1","Beachside (T), Newfoundland and Labrador","[1008066]","331","20","",,
"1","Admirals Beach (T), Newfoundland and Labrador","[1001186]","332","20","",,
"1","Miles Cove (T), Newfoundland and Labrador","[1008098]","333","20","",,
"1","Morrisville (T), Newfoundland and Labrador","[1003020]","334","20","",,
"1","Millertown (T), Newfoundland and Labrador","[1006028]","335","20","",,
"1","Point Lance (T), Newfoundland and Labrador","[1001225]","336","20","",,
"1","St. Joseph's (T), Newfoundland and Labrador","[1001192]","337","20","",,
"1","Little Bay East (T), Newfoundland and Labrador","[1002055]","338","20","",,
"1","Division No.  7, Subd. I (SNO), Newfoundland and Labrador","[1007018]","339","20","",,
"1","Division No.  9, Subd. F (SNO), Newfoundland and Labrador","[1009001]","340","20","",,
"1","King's Cove (T), Newfoundland and Labrador","[1007027]","341","20","",,
"1","Nippers Harbour (T), Newfoundland and Labrador","[1008070]","342","20","",,
"1","Division No.  9, Subd. C (SNO), Newfoundland and Labrador","[1009021]","37","20","",,
"1","Burin (T), Newfoundland and Labrador","[1002005]","38","20","",,
"1","St. Anthony (T), Newfoundland and Labrador","[1009029]","39","20","",,
"1","Grand Bank (T), Newfoundland and Labrador","[1002019]","40","20","",,
"1","Fogo Island (T), Newfoundland and Labrador","[1008099]","41","20","",,
"1","Twillingate (T), Newfoundland and Labrador","[1008035]","42","20","",,
"1","Pouch Cove (T), Newfoundland and Labrador","[1001505]","43","20","",,
"1","New-Wes-Valley (T), Newfoundland and Labrador","[1007060]","44","20","",,
"1","Wabush (T), Newfoundland and Labrador","[1010034]","45","20","",,
"1","Glovertown (T), Newfoundland and Labrador","[1007044]","46","20","",,
"1","Division No.  7, Subd. M (SNO), Newfoundland and Labrador","[1007001]","47","20","",,
"1","Kippens (T), Newfoundland and Labrador","[1004020]","48","20","",,
"1","Aquaforte (T), Newfoundland and Labrador","[1001144]","343","20","",,
"1","Division No.  3, Subd. E (SNO), Newfoundland and Labrador","[1003021]","344","20","",,
"1","Point au Gaul (T), Newfoundland and Labrador","[1002015]","345","20","",,
"1","Pinware (T), Newfoundland and Labrador","[1010007]","346","20","",,
"1","Division No.  3, Subd. I (SNO), Newfoundland and Labrador","[1003038]","347","20","",,
"1","Division No.  7, Subd. B (SNO), Newfoundland and Labrador","[1007051]","348","20","",,
"1","Division No. 10, Subd. A (SNO), Newfoundland and Labrador","[1010001]","349","20","",,
"1","Division No.  7, Subd. N (SNO), Newfoundland and Labrador","[1007045]","350","20","",,
"1","Division No. 10, Subd. C (SNO), Newfoundland and Labrador","[1010020]","351","20","",,
"1","St. Shott's (T), Newfoundland and Labrador","[1001120]","352","20","",,
"1","Bellburns (T), Newfoundland and Labrador","[1009042]","353","20","",,
"1","Division No.  9, Subd. G (SNO), Newfoundland and Labrador","[1009047]","354","20","",,
"1","Gallants (T), Newfoundland and Labrador","[1004017]","355","20","",,
"1","Port Kirwan (T), Newfoundland and Labrador","[1001140]","356","20","",,
"1","Keels (T), Newfoundland and Labrador","[1007025]","357","20","",,
"1","Division No.  1, Subd. V (SNO), Newfoundland and Labrador","[1001101]","358","20","",,
"1","Division No.  3, Subd. J (SNO), Newfoundland and Labrador","[1003042]","359","20","",,
"1","Duntara (T), Newfoundland and Labrador","[1007026]","360","20","",,
"1","Division No.  1, Subd. K (SNO), Newfoundland and Labrador","[1001405]","361","20","",,
"1","Division No.  2, Subd. L (SNO), Newfoundland and Labrador","[1002044]","362","20","",,
"1","Division No.  3, Subd. C (SNO), Newfoundland and Labrador","[1003009]","363","20","",,
"1","Division No.  5, Subd. D (SNO), Newfoundland and Labrador","[1005019]","364","20","",,
"1","Division No.  2, Subd. G (SNO), Newfoundland and Labrador","[1002009]","365","20","",,
"1","Sally's Cove (T), Newfoundland and Labrador","[1009037]","366","20","",,
"1","Division No.  8, Subd. D (SNO), Newfoundland and Labrador","[1008052]","367","20","",,
"1","Tilt Cove (T), Newfoundland and Labrador","[1008073]","368","20","",,
"1","Division No.  1, Subd. J (SNO), Newfoundland and Labrador","[1001391]","369","20","",,
"1","Division No.  2, Subd. J (SNO), Newfoundland and Labrador","[1002029]","370","20","",,
"1","Victoria (T), Newfoundland and Labrador","[1001365]","55","20","",,
"1","Witless Bay (T), Newfoundland and Labrador","[1001559]","56","20","",,
"1","Gambo (T), Newfoundland and Labrador","[1007047]","49","20","",,
"1","Wabana (T), Newfoundland and Labrador","[1001494]","50","20","",,
"1","Division No.  8, Subd. H (SNO), Newfoundland and Labrador","[1008031]","51","20","",,
"1","Flatrock (T), Newfoundland and Labrador","[1001507]","52","20","",,
"1","Division No.  4, Subd. E (SNO), Newfoundland and Labrador","[1004022]","53","20","",,
"1","Division No.  1, Subd. G (SNO), Newfoundland and Labrador","[1001339]","54","20","",,
"1","Trinity Bay North (T), Newfoundland and Labrador","[1007022]","57","20","",,
"1","Stephenville Crossing (T), Newfoundland and Labrador","[1004018]","58","20","",,
"1","Massey Drive (T), Newfoundland and Labrador","[1005017]","59","20","",,
"1","Bay Bulls (T), Newfoundland and Labrador","[1001557]","60","20","",,
"1","Division No.  3, Subd. A (SNO), Newfoundland and Labrador","[1003001]","371","20","",,
"1","Division No.  3, Subd. B (SNO), Newfoundland and Labrador","[1003006]","372","20","",,
"1","Division No. 10, Subd. E (SNO), Newfoundland and Labrador","[1010042]","373","20","",,
"1","Division No. 11, Subd. C (SNO), Newfoundland and Labrador","[1011005]","374","20","",,
"1","Division No. 11, Subd. E (SNO), Newfoundland and Labrador","[1011040]","375","20","",,
"1","Little Bay Islands (T), Newfoundland and Labrador","[1008064]","376","20","",,
"1","Division No.  4, Subd. A (SNO), Newfoundland and Labrador","[1004001]","61","20","",,
"1","Humber Arm South (T), Newfoundland and Labrador","[1005020]","62","20","",,
"1","Harbour Breton (T), Newfoundland and Labrador","[1003008]","63","20","",,
"1","Sheshatshiu 3 (IRI), Newfoundland and Labrador","[1010802]","64","20","",,
"1","Clarke's Beach (T), Newfoundland and Labrador","[1001429]","65","20","",,
"1","Upper Island Cove (T), Newfoundland and Labrador","[1001385]","66","20","",,
"1","Division No.  1, Subd. U (SNO), Newfoundland and Labrador","[1001124]","67","20","",,
"1","Baie Verte (T), Newfoundland and Labrador","[1008079]","68","20","",,
"1","Fortune (T), Newfoundland and Labrador","[1002018]","69","20","",,
"1","Irishtown-Summerside (T), Newfoundland and Labrador","[1005030]","70","20","",,
"1","Division No.  1, Subd. Y (SNO), Newfoundland and Labrador","[1001293]","71","20","",,
"1","Nain (T), Newfoundland and Labrador","[1011035]","72","20","",,
"1","Division No.  7, Subd. L (SNO), Newfoundland and Labrador","[1007006]","73","20","",,
"1","St. Alban's (T), Newfoundland and Labrador","[1003019]","74","20","",,
"1","Burgeo (T), Newfoundland and Labrador","[1003028]","75","20","",,
"1","Division No.  7, Subd. K (SNO), Newfoundland and Labrador","[1007009]","76","20","",,
"1","Division No.  1, Subd. M (SNO), Newfoundland and Labrador","[1001421]","77","20","",,
"1","Division No.  4, Subd. B (SNO), Newfoundland and Labrador","[1004006]","78","20","",,
"1","St. George's (T), Newfoundland and Labrador","[1004013]","79","20","",,
"1","Centreville-Wareham-Trinity (T), Newfoundland and Labrador","[1007050]","80","20","",,
"1","St. Lawrence (T), Newfoundland and Labrador","[1002008]","81","20","",,
"1","Harbour Main-Chapel's Cove-Lakeview (T), Newfoundland and Labrador","[1001469]","82","20","",,
"1","Whitbourne (T), Newfoundland and Labrador","[1001298]","83","20","",,
"1","Samiajij Miawpukek (IRI), Newfoundland and Labrador","[1003801]","84","20","",,
"1","Petty Harbour-Maddox Cove (T), Newfoundland and Labrador","[1001551]","85","20","",,
"1","Musgrave Harbour (T), Newfoundland and Labrador","[1008006]","86","20","",,
"1","Rocky Harbour (T), Newfoundland and Labrador","[1009013]","87","20","",,
"1","Hare Bay (T), Newfoundland and Labrador","[1007049]","88","20","",,
"1","Arnold's Cove (T), Newfoundland and Labrador","[1001270]","89","20","",,
"1","Division No.  8, Subd. F (SNO), Newfoundland and Labrador","[1008042]","90","20","",,
"1","Roddickton-Bide Arm (T), Newfoundland and Labrador","[1009007]","91","20","",,
"1","Triton (T), Newfoundland and Labrador","[1008054]","92","20","",,
"1","Division No.  1, Subd. L (SNO), Newfoundland and Labrador","[1001415]","93","20","",,
"1","Natuashish 2 (IRI), Newfoundland and Labrador","[1010801]","94","20","",,
"1","Division No.  7, Subd. F (SNO), Newfoundland and Labrador","[1007028]","95","20","",,
"1","Division No.  1, Subd. O (SNO), Newfoundland and Labrador","[1001452]","96","20","",,
"1","LaScie (T), Newfoundland and Labrador","[1008076]","97","20","",,
"1","Cape St. George (T), Newfoundland and Labrador","[1004033]","98","20","",,
"1","Summerford (T), Newfoundland and Labrador","[1008033]","99","20","",,
"1","Division No.  4, Subd. D (SNO), Newfoundland and Labrador","[1004016]","100","20","",,
"1","Carmanville (T), Newfoundland and Labrador","[1008011]","101","20","",,
"1","Census subdivisions with 5,000-plus population, Prince Edward Island","","378","377","",,
"1","Census subdivisions with population under 5,000, Prince Edward Island","","384","377","",,
"1","Charlottetown (CY), Prince Edward Island","[1102075]","379","378","",,
"1","Summerside (CY), Prince Edward Island","[1103025]","380","378","",,
"1","Stratford (T), Prince Edward Island","[1102080]","381","378","",,
"1","Three Rivers (T), Prince Edward Island","[1101045]","382","378","",,
"1","Cornwall (T), Prince Edward Island","[1102085]","383","378","",,
"1","Hunter River (RM), Prince Edward Island","[1102043]","430","384","",,
"1","Kinkora (RM), Prince Edward Island","[1103008]","431","384","",,
"1","York (RM), Prince Edward Island","[1102061]","432","384","",,
"1","Central Kings (RM), Prince Edward Island","[1101027]","433","384","",,
"1","Souris West (RM), Prince Edward Island","[1101033]","434","384","",,
"1","Warren Grove (RM), Prince Edward Island","[1102070]","435","384","",,
"1","Johnstons River (FD), Prince Edward Island","[1102015]","436","384","",,
"1","Crapaud (RM), Prince Edward Island","[1102034]","437","384","",,
"1","Murray River, Part 2 (FD), Prince Edward Island","[1102003]","438","384","",,
"1","Stanley Bridge, Hope River, Bayview, Cavendish and North Rustico (RMU), Prince Edward Island","[1102045]","439","384","",,
"1","Hampshire (RM), Prince Edward Island","[1102021]","440","384","",,
"1","Winsloe North (FD), Prince Edward Island","[1102069]","441","384","",,
"1","Abram-Village (RM), Prince Edward Island","[1103027]","442","384","",,
"1","Murray River (RM), Prince Edward Island","[1101004]","443","384","",,
"1","North Rustico (FD), Prince Edward Island","[1102019]","444","384","",,
"1","Linkletter (RM), Prince Edward Island","[1103023]","445","384","",,
"1","St. Felix (RM), Prince Edward Island","[1103053]","446","384","",,
"1","Bedeque and Area (RM), Prince Edward Island","[1103015]","447","384","",,
"1","Lennox Island 1 (IRI), Prince Edward Island","[1103035]","448","384","",,
"1","Morell (RM), Prince Edward Island","[1101048]","449","384","",,
"1","Murray Harbour (RM), Prince Edward Island","[1101002]","450","384","",,
"1","Greenmount-Montrose (RM), Prince Edward Island","[1103055]","451","384","",,
"1","Alexandra (RM), Prince Edward Island","[1102013]","452","384","",,
"1","Scotchfort 4 (IRI), Prince Edward Island","[1102057]","453","384","",,
"1","St. Peters Bay (RM), Prince Edward Island","[1101044]","454","384","",,
"1","West Point (FD), Prince Edward Island","[1103066]","455","384","",,
"1","Tyne Valley (RM), Prince Edward Island","[1103033]","456","384","",,
"1","Mount Stewart (RM), Prince Edward Island","[1102059]","457","384","",,
"1","Annandale - Little Pond - Howe Bay (RM), Prince Edward Island","[1101030]","458","384","",,
"1","Hazelbrook (RM), Prince Edward Island","[1102011]","459","384","",,
"1","St. Nicholas (RM), Prince Edward Island","[1103022]","460","384","",,
"1","Union Road (RM), Prince Edward Island","[1102050]","461","384","",,
"1","Sherbrooke (RM), Prince Edward Island","[1103018]","462","384","",,
"1","North Wiltshire (RM), Prince Edward Island","[1102020]","463","384","",,
"1","Breadalbane (RM), Prince Edward Island","[1102051]","464","384","",,
"1","Northport (RM), Prince Edward Island","[1103050]","465","384","",,
"1","North River (FD), Prince Edward Island","[1102072]","466","384","",,
"1","Miminegash (RM), Prince Edward Island","[1103062]","467","384","",,
"1","Victoria (RM), Prince Edward Island","[1102032]","468","384","",,
"1","Central Kings (FD), Prince Edward Island","[1101025]","469","384","",,
"1","Cardigan (FD), Prince Edward Island","[1101020]","470","384","",,
"1","Darlington (RM), Prince Edward Island","[1102035]","471","384","",,
"1","Victoria (FD), Prince Edward Island","[1103068]","472","384","",,
"1","Montague (FD), Prince Edward Island","[1102005]","473","384","",,
"1","St. Louis (RM), Prince Edward Island","[1103057]","474","384","",,
"1","Tignish Shore (RM), Prince Edward Island","[1103060]","475","384","",,
"1","Rocky Point 3 (IRI), Prince Edward Island","[1102030]","476","384","",,
"1","Morell 2 (IRI), Prince Edward Island","[1101050]","477","384","",,
"1","New Glasgow (FD), Prince Edward Island","[1102017]","385","384","",,
"1","West River (RM), Prince Edward Island","[1102068]","386","384","",,
"1","Kensington, Part 1 (FD), Prince Edward Island","[1103067]","387","384","",,
"1","O'Leary (FD), Prince Edward Island","[1103065]","388","384","",,
"1","Vernon River (FD), Prince Edward Island","[1102016]","389","384","",,
"1","North Shore (RM), Prince Edward Island","[1102067]","390","384","",,
"1","East River, Part 1 (FD), Prince Edward Island","[1102064]","391","384","",,
"1","Alberton (FD), Prince Edward Island","[1103064]","392","384","",,
"1","Crossroads (FD), Prince Edward Island","[1102010]","393","384","",,
"1","Kensington (T), Prince Edward Island","[1103014]","394","384","",,
"1","Wellington (FD), Prince Edward Island","[1103020]","395","384","",,
"1","Tignish (FD), Prince Edward Island","[1103061]","396","384","",,
"1","Souris (FD), Prince Edward Island","[1101035]","397","384","",,
"1","Belfast (RM), Prince Edward Island","[1102002]","398","384","",,
"1","Crapaud, Part 1 (FD), Prince Edward Island","[1102018]","399","384","",,
"1","New London (FD), Prince Edward Island","[1102071]","400","384","",,
"1","North Shore (FD), Prince Edward Island","[1102073]","401","384","",,
"1","Murray River, Part 1 (FD), Prince Edward Island","[1101005]","402","384","",,
"1","Alberton (T), Prince Edward Island","[1103052]","403","384","",,
"1","Kinkora (FD), Prince Edward Island","[1103003]","404","384","",,
"1","Malpeque Bay (RM), Prince Edward Island","[1103007]","405","384","",,
"1","Miltonvale Park (RM), Prince Edward Island","[1102040]","406","384","",,
"1","Morell (FD), Prince Edward Island","[1101043]","407","384","",,
"1","Central Prince (RM), Prince Edward Island","[1103043]","408","384","",,
"1","Kingston (RM), Prince Edward Island","[1102022]","409","384","",,
"1","Miminegash (FD), Prince Edward Island","[1103063]","410","384","",,
"1","Souris (T), Prince Edward Island","[1101036]","411","384","",,
"1","Miscouche (RM), Prince Edward Island","[1103024]","412","384","",,
"1","O'Leary (T), Prince Edward Island","[1103042]","413","384","",,
"1","Miscouche (FD), Prince Edward Island","[1103040]","414","384","",,
"1","Borden (FD), Prince Edward Island","[1103002]","415","384","",,
"1","Borden-Carleton (T), Prince Edward Island","[1103005]","416","384","",,
"1","Tignish (T), Prince Edward Island","[1103059]","417","384","",,
"1","St. Peters (FD), Prince Edward Island","[1101037]","418","384","",,
"1","Eastern Kings (RM), Prince Edward Island","[1101040]","419","384","",,
"1","Tyne Valley (FD), Prince Edward Island","[1103021]","420","384","",,
"1","North Rustico (T), Prince Edward Island","[1102046]","421","384","",,
"1","Murray Harbour (FD), Prince Edward Island","[1101003]","422","384","",,
"1","Lot 11 and Area (RM), Prince Edward Island","[1103039]","423","384","",,
"1","Clyde River (RM), Prince Edward Island","[1102037]","424","384","",,
"1","Brackley (RM), Prince Edward Island","[1102055]","425","384","",,
"1","East River, Part 2 (FD), Prince Edward Island","[1101052]","426","384","",,
"1","Kensington, Part 2 (FD), Prince Edward Island","[1102066]","427","384","",,
"1","Crapaud, Part 2 (FD), Prince Edward Island","[1103004]","428","384","",,
"1","Wellington (RM), Prince Edward Island","[1103029]","429","384","",,
"1","Census subdivisions with 5,000-plus population, Nova Scotia","","479","478","",,
"1","Census subdivisions with population under 5,000, Nova Scotia","","515","478","",,
"1","Halifax (RGM), Nova Scotia","[1209034]","480","479","",,
"1","Cape Breton (RGM), Nova Scotia","[1217030]","481","479","",,
"1","Lunenburg (MD), Nova Scotia","[1206001]","482","479","",,
"1","East Hants (MD), Nova Scotia","[1208008]","483","479","",,
"1","Kings, Subd. A (SC), Nova Scotia","[1207001]","484","479","",,
"1","Colchester, Subd. B (SC), Nova Scotia","[1210008]","485","479","",,
"1","West Hants (RM), Nova Scotia","[1208003]","486","479","",,
"1","Colchester, Subd. C (SC), Nova Scotia","[1210001]","487","479","",,
"1","Truro (T), Nova Scotia","[1210006]","488","479","",,
"1","Kings, Subd. B (SC), Nova Scotia","[1207016]","489","479","",,
"1","Chester (MD), Nova Scotia","[1206009]","490","479","",,
"1","Queens (RGM), Nova Scotia","[1204010]","491","479","",,
"1","Yarmouth (MD), Nova Scotia","[1202004]","492","479","",,
"1","New Glasgow (T), Nova Scotia","[1212014]","493","479","",,
"1","Amherst (T), Nova Scotia","[1211011]","494","479","",,
"1","Antigonish, Subd. A (SC), Nova Scotia","[1214001]","495","479","",,
"1","Bridgewater (T), Nova Scotia","[1206004]","496","479","",,
"1","Pictou, Subd. C (SC), Nova Scotia","[1212011]","497","479","",,
"1","Kings, Subd. C (SC), Nova Scotia","[1207011]","498","479","",,
"1","Argyle (MD), Nova Scotia","[1202001]","499","479","",,
"1","Clare (MD), Nova Scotia","[1203001]","500","479","",,
"1","Digby (MD), Nova Scotia","[1203004]","501","479","",,
"1","Yarmouth (T), Nova Scotia","[1202006]","502","479","",,
"1","Cumberland, Subd. B (SC), Nova Scotia","[1211006]","503","479","",,
"1","Kentville (T), Nova Scotia","[1207012]","504","479","",,
"1","Barrington (MD), Nova Scotia","[1201001]","505","479","",,
"1","Pictou, Subd. A (SC), Nova Scotia","[1212001]","506","479","",,
"1","Pictou, Subd. B (SC), Nova Scotia","[1212006]","507","479","",,
"1","Antigonish, Subd. B (SC), Nova Scotia","[1214006]","508","479","",,
"1","Annapolis, Subd. A (SC), Nova Scotia","[1205004]","509","479","",,
"1","Cumberland, Subd. C (SC), Nova Scotia","[1211009]","510","479","",,
"1","Kings, Subd. D (SC), Nova Scotia","[1207021]","511","479","",,
"1","Annapolis, Subd. C (SC), Nova Scotia","[1205014]","512","479","",,
"1","Inverness, Subd. A (SC), Nova Scotia","[1215011]","513","479","",,
"1","Wolfville (T), Nova Scotia","[1207024]","514","479","",,
"1","Inverness, Subd. B (SC), Nova Scotia","[1215006]","516","515","",,
"1","Antigonish (T), Nova Scotia","[1214002]","517","515","",,
"1","Annapolis, Subd. B (SC), Nova Scotia","[1205009]","518","515","",,
"1","Guysborough (MD), Nova Scotia","[1213004]","519","515","",,
"1","Shelburne (MD), Nova Scotia","[1201006]","520","515","",,
"1","Cumberland, Subd. D (SC), Nova Scotia","[1211014]","521","515","",,
"1","Victoria, Subd. B (SC), Nova Scotia","[1218001]","522","515","",,
"1","Stellarton (T), Nova Scotia","[1212009]","523","515","",,
"1","Colchester, Subd. A (SC), Nova Scotia","[1210012]","524","515","",,
"1","Richmond, Subd. A (SC), Nova Scotia","[1216006]","525","515","",,
"1","Eskasoni 3 (IRI), Nova Scotia","[1217020]","526","515","",,
"1","Westville (T), Nova Scotia","[1212008]","527","515","",,
"1","Port Hawkesbury (T), Nova Scotia","[1215002]","528","515","",,
"1","Cumberland, Subd. A (SC), Nova Scotia","[1211001]","529","515","",,
"1","Inverness, Subd. C (SC), Nova Scotia","[1215001]","530","515","",,
"1","Richmond, Subd. C (SC), Nova Scotia","[1216001]","531","515","",,
"1","Pictou (T), Nova Scotia","[1212004]","532","515","",,
"1","Annapolis, Subd. D (SC), Nova Scotia","[1205001]","533","515","",,
"1","Victoria, Subd. A (SC), Nova Scotia","[1218006]","534","515","",,
"1","Berwick (T), Nova Scotia","[1207004]","535","515","",,
"1","Trenton (T), Nova Scotia","[1212016]","536","515","",,
"1","Lunenburg (T), Nova Scotia","[1206006]","537","515","",,
"1","St. Mary's (MD), Nova Scotia","[1213001]","538","515","",,
"1","Digby (T), Nova Scotia","[1203006]","539","515","",,
"1","Middleton (T), Nova Scotia","[1205016]","540","515","",,
"1","Shelburne (T), Nova Scotia","[1201008]","541","515","",,
"1","Richmond, Subd. B (SC), Nova Scotia","[1216011]","542","515","",,
"1","Stewiacke (T), Nova Scotia","[1210002]","543","515","",,
"1","Oxford (T), Nova Scotia","[1211012]","544","515","",,
"1","Indian Brook 14 (IRI), Nova Scotia","[1208014]","545","515","",,
"1","Membertou 28B (IRI), Nova Scotia","[1217008]","546","515","",,
"1","Mahone Bay (T), Nova Scotia","[1206008]","547","515","",,
"1","Millbrook 27 (IRI), Nova Scotia","[1210003]","548","515","",,
"1","Whycocomagh 2 (IRI), Nova Scotia","[1215008]","549","515","",,
"1","Clark's Harbour (T), Nova Scotia","[1201004]","550","515","",,
"1","Wagmatcook 1 (IRI), Nova Scotia","[1218003]","551","515","",,
"1","Mulgrave (T), Nova Scotia","[1213008]","552","515","",,
"1","Annapolis Royal (T), Nova Scotia","[1205008]","553","515","",,
"1","Lockeport (T), Nova Scotia","[1201009]","554","515","",,
"1","Fisher's Grant 24 (IRI), Nova Scotia","[1212019]","555","515","",,
"1","Chapel Island 5 (IRI), Nova Scotia","[1216014]","556","515","",,
"1","Paqtnkek-Niktuek No. 23 (IRI), Nova Scotia","[1214010]","557","515","",,
"1","Cole Harbour 30 (IRI), Nova Scotia","[1209019]","558","515","",,
"1","Annapolis Valley First Nation (IRI), Nova Scotia","[1207002]","559","515","",,
"1","Yarmouth 33 (IRI), Nova Scotia","[1202040]","560","515","",,
"1","Bear River (Part) 6 (IRI), Digby, Nova Scotia","[1203009]","561","515","",,
"1","Glooscap 35 (IRI), Nova Scotia","[1207027]","562","515","",,
"1","Gold River 21 (IRI), Nova Scotia","[1206011]","563","515","",,
"1","Wildcat 12 (IRI), Nova Scotia","[1204015]","564","515","",,
"1","Pennal 19 (IRI), Nova Scotia","[1206014]","565","515","",,
"1","Beaver Lake 17 (IRI), Nova Scotia","[1209037]","566","515","",,
"1","Malagawatch 4 (IRI), Nova Scotia","[1215005]","567","515","",,
"1","Bear River 6B (IRI), Nova Scotia","[1205006]","568","515","",,
"1","Medway River 11 (IRI), Nova Scotia","[1204001]","569","515","",,
"1","Ponhook Lake 10 (IRI), Nova Scotia","[1204009]","570","515","",,
"1","Wallace Hills 14A (IRI), Nova Scotia","[1209800]","571","515","",,
"1","Sheet Harbour 36 (IRI), Nova Scotia","[1209038]","572","515","",,
"1","Bear River (Part) 6 (IRI), Annapolis, Nova Scotia","[1205002]","573","515","",,
"1","Merigomish Harbour 31 (IRI), Nova Scotia","[1212023]","574","515","",,
"1","New Ross 20 (IRI), Nova Scotia","[1206016]","575","515","",,
"1","Census subdivisions with 5,000-plus population, New Brunswick","","577","576","",,
"1","Census subdivisions with population under 5,000, New Brunswick","","605","576","",,
"1","Moncton (C), New Brunswick","[1307022]","578","577","",,
"1","Saint John (C), New Brunswick","[1301006]","579","577","",,
"1","Fredericton (C), New Brunswick","[1310032]","580","577","",,
"1","Dieppe (C), New Brunswick","[1307045]","581","577","",,
"1","Riverview (TV), New Brunswick","[1306020]","582","577","",,
"1","Quispamsis (TV), New Brunswick","[1305057]","583","577","",,
"1","Miramichi (C), New Brunswick","[1309050]","584","577","",,
"1","Edmundston (C), New Brunswick","[1313027]","585","577","",,
"1","Tracadie (MRM), New Brunswick","[1315002]","586","577","",,
"1","Bathurst (C), New Brunswick","[1315011]","587","577","",,
"1","Rothesay (TV), New Brunswick","[1305045]","588","577","",,
"1","Moncton (P), New Brunswick","[1307019]","589","577","",,
"1","Oromocto (TV), New Brunswick","[1303012]","590","577","",,
"1","Shediac (TV), New Brunswick","[1307052]","591","577","",,
"1","Lincoln (P), New Brunswick","[1303008]","592","577","",,
"1","Campbellton (C), New Brunswick","[1314014]","593","577","",,
"1","Beaubassin East / Beaubassin-est (RCR), New Brunswick","[1307005]","594","577","",,
"1","Beresford (P), New Brunswick","[1315012]","595","577","",,
"1","Sackville (TV), New Brunswick","[1307009]","596","577","",,
"1","Douglas (P), New Brunswick","[1310028]","597","577","",,
"1","Woodstock (TV), New Brunswick","[1311006]","598","577","",,
"1","Grand Falls / Grand-Sault (TV), New Brunswick","[1312019]","599","577","",,
"1","Burton (P), New Brunswick","[1303011]","600","577","",,
"1","Shediac (P), New Brunswick","[1307016]","601","577","",,
"1","Saint Marys (P), New Brunswick","[1310031]","602","577","",,
"1","Memramcook (VL), New Brunswick","[1307013]","603","577","",,
"1","Grand Bay-Westfield (TV), New Brunswick","[1305015]","604","577","",,
"1","Drummond (P), New Brunswick","[1312021]","649","605","",,
"1","Richibucto (P), New Brunswick","[1308016]","650","605","",,
"1","Richibucto 15 (IRI), New Brunswick","[1308015]","651","605","",,
"1","Saint Andrews (TV), New Brunswick","[1302026]","652","605","",,
"1","Saint-Charles (P), New Brunswick","[1308019]","653","605","",,
"1","Blackville (P), New Brunswick","[1309018]","654","605","",,
"1","Saint Mary (P), New Brunswick","[1308006]","655","605","",,
"1","Kedgwick (RCR), New Brunswick","[1314020]","656","605","",,
"1","Kent (P), New Brunswick","[1311028]","657","605","",,
"1","Petit-Rocher (VL), New Brunswick","[1315014]","658","605","",,
"1","Allardville (P), New Brunswick","[1315006]","659","605","",,
"1","Manners Sutton (P), New Brunswick","[1310004]","660","605","",,
"1","Northampton (P), New Brunswick","[1311008]","661","605","",,
"1","Eel River Crossing (VL), New Brunswick","[1314011]","662","605","",,
"1","Saint-Antoine (VL), New Brunswick","[1308007]","663","605","",,
"1","Saint-André (RCR), New Brunswick","[1313002]","664","605","",,
"1","Maugerville (P), New Brunswick","[1303016]","665","605","",,
"1","Saint-Louis (P), New Brunswick","[1308021]","666","605","",,
"1","Neguac (VL), New Brunswick","[1309038]","667","605","",,
"1","Saint Stephen (P), New Brunswick","[1302034]","668","605","",,
"1","Southesk (P), New Brunswick","[1309026]","669","605","",,
"1","Saint-Jacques (P), New Brunswick","[1313024]","670","605","",,
"1","Springfield (P), New Brunswick","[1305034]","671","605","",,
"1","Balmoral (VL), New Brunswick","[1314006]","672","605","",,
"1","Wicklow (P), New Brunswick","[1311031]","673","605","",,
"1","Brighton (P), New Brunswick","[1311011]","674","605","",,
"1","St. George (TV), New Brunswick","[1302018]","675","605","",,
"1","Florenceville-Bristol (TV), New Brunswick","[1311027]","676","605","",,
"1","Perth-Andover (VL), New Brunswick","[1312006]","677","605","",,
"1","Saint-Joseph (P), New Brunswick","[1313022]","678","605","",,
"1","Gordon (P), New Brunswick","[1312008]","679","605","",,
"1","Glenelg (P), New Brunswick","[1309004]","680","605","",,
"1","Saint-Quentin (P), New Brunswick","[1314021]","681","605","",,
"1","Southampton (P), New Brunswick","[1310024]","682","605","",,
"1","Petitcodiac (VL), New Brunswick","[1307029]","683","605","",,
"1","Saint David (P), New Brunswick","[1302042]","684","605","",,
"1","Richmond (P), New Brunswick","[1311001]","685","605","",,
"1","Sussex Corner (VL), New Brunswick","[1305023]","686","605","",,
"1","Denmark (P), New Brunswick","[1312014]","687","605","",,
"1","Coverdale (P), New Brunswick","[1306014]","606","605","",,
"1","Shippagan (P), New Brunswick","[1315029]","607","605","",,
"1","Hanwell (RCR), New Brunswick","[1310017]","608","605","",,
"1","Bathurst (P), New Brunswick","[1315008]","609","605","",,
"1","St. Stephen (TV), New Brunswick","[1302037]","610","605","",,
"1","Sussex (TV), New Brunswick","[1305022]","611","605","",,
"1","Dundas (P), New Brunswick","[1308001]","612","605","",,
"1","Hampton (TV), New Brunswick","[1305007]","613","605","",,
"1","Beresford (TV), New Brunswick","[1315015]","614","605","",,
"1","Caraquet (TV), New Brunswick","[1315028]","615","605","",,
"1","New Maryland (VL), New Brunswick","[1310002]","616","605","",,
"1","Simonds (P), Saint John, New Brunswick","[1301004]","617","605","",,
"1","Haut-Madawaska (RCR), New Brunswick","[1313031]","618","605","",,
"1","Alnwick (P), New Brunswick","[1309036]","619","605","",,
"1","Studholm (P), New Brunswick","[1305031]","620","605","",,
"1","Salisbury (P), New Brunswick","[1307024]","621","605","",,
"1","Bright (P), New Brunswick","[1310026]","622","605","",,
"1","Wellington (P), New Brunswick","[1308004]","623","605","",,
"1","Atholville (VL), New Brunswick","[1314013]","624","605","",,
"1","Kingston (P), New Brunswick","[1305014]","625","605","",,
"1","Dalhousie (TV), New Brunswick","[1314017]","626","605","",,
"1","Hampton (P), New Brunswick","[1305006]","627","605","",,
"1","Kingsclear (P), New Brunswick","[1310018]","628","605","",,
"1","New Maryland (P), New Brunswick","[1310001]","629","605","",,
"1","Cocagne (RCR), New Brunswick","[1308002]","630","605","",,
"1","Wakefield (P), New Brunswick","[1311014]","631","605","",,
"1","Shippagan (TV), New Brunswick","[1315031]","632","605","",,
"1","Grand Manan (VL), New Brunswick","[1302052]","633","605","",,
"1","Sussex (P), New Brunswick","[1305021]","634","605","",,
"1","Cap-Pelé (VL), New Brunswick","[1307007]","635","605","",,
"1","Saint George (P), New Brunswick","[1302016]","636","605","",,
"1","Bouctouche (TV), New Brunswick","[1308005]","637","605","",,
"1","Salisbury (VL), New Brunswick","[1307028]","638","605","",,
"1","Inkerman (P), New Brunswick","[1315024]","639","605","",,
"1","Paquetville (P), New Brunswick","[1315019]","640","605","",,
"1","Minto (VL), New Brunswick","[1304022]","641","605","",,
"1","Pennfield (P), New Brunswick","[1302011]","642","605","",,
"1","Woodstock (P), New Brunswick","[1311004]","643","605","",,
"1","Hardwicke (P), New Brunswick","[1309001]","644","605","",,
"1","Northesk (P), New Brunswick","[1309028]","645","605","",,
"1","Upper Miramichi (RCR), New Brunswick","[1309027]","646","605","",,
"1","Saint-Quentin (TV), New Brunswick","[1314022]","647","605","",,
"1","Westfield (P), New Brunswick","[1305011]","648","605","",,
"1","Le Goulet (VL), New Brunswick","[1315030]","764","605","",,
"1","Rivière-Verte (VL), New Brunswick","[1313014]","765","605","",,
"1","Saint-Basile (P), New Brunswick","[1313018]","766","605","",,
"1","Drummond (VL), New Brunswick","[1312023]","767","605","",,
"1","Fredericton Junction (VL), New Brunswick","[1303006]","768","605","",,
"1","West Isles (P), New Brunswick","[1302006]","769","605","",,
"1","Cambridge-Narrows (VL), New Brunswick","[1304013]","770","605","",,
"1","Paquetville (VL), New Brunswick","[1315020]","771","605","",,
"1","Petersville (P), New Brunswick","[1304001]","772","605","",,
"1","Saint Patrick (P), New Brunswick","[1302021]","773","605","",,
"1","Lac Baker (VL), New Brunswick","[1313037]","774","605","",,
"1","Addington (P), New Brunswick","[1314012]","775","605","",,
"1","Cambridge (P), New Brunswick","[1304011]","776","605","",,
"1","Eldon (P), New Brunswick","[1314016]","777","605","",,
"1","Rivière-Verte (P), New Brunswick","[1313015]","778","605","",,
"1","Saint Croix (P), New Brunswick","[1302028]","779","605","",,
"1","Johnston (P), New Brunswick","[1304014]","780","605","",,
"1","Tracy (VL), New Brunswick","[1303005]","781","605","",,
"1","Saint-Léolin (VL), New Brunswick","[1315017]","782","605","",,
"1","Hopewell (P), New Brunswick","[1306001]","783","605","",,
"1","Northfield (P), New Brunswick","[1303018]","784","605","",,
"1","Dufferin (P), New Brunswick","[1302031]","785","605","",,
"1","Canterbury (P), New Brunswick","[1310011]","786","605","",,
"1","Saint Andrews (P), New Brunswick","[1302024]","787","605","",,
"1","Eel Ground 2 (IRI), New Brunswick","[1309035]","788","605","",,
"1","Maisonnette (VL), New Brunswick","[1315040]","789","605","",,
"1","Chatham (P), New Brunswick","[1309006]","790","605","",,
"1","Kingsclear 6 (IRI), New Brunswick","[1310019]","791","605","",,
"1","Simonds (P), Carleton, New Brunswick","[1311021]","792","605","",,
"1","Centreville (VL), New Brunswick","[1311019]","793","605","",,
"1","Waterford (P), New Brunswick","[1305024]","794","605","",,
"1","Blissfield (P), New Brunswick","[1309021]","795","605","",,
"1","Gladstone (P), New Brunswick","[1303004]","796","605","",,
"1","Bath (VL), New Brunswick","[1311030]","797","605","",,
"1","Dorchester (P), New Brunswick","[1307011]","798","605","",,
"1","Woodstock 23 (IRI), New Brunswick","[1311005]","799","605","",,
"1","Dumfries (P), New Brunswick","[1310014]","800","605","",,
"1","Wickham (P), New Brunswick","[1304008]","801","605","",,
"1","Harvey (VL), New Brunswick","[1310005]","802","605","",,
"1","Red Bank 4 (IRI), New Brunswick","[1309023]","803","605","",,
"1","Stanley (VL), New Brunswick","[1310037]","804","605","",,
"1","Port Elgin (VL), New Brunswick","[1307002]","805","605","",,
"1","Kars (P), New Brunswick","[1305036]","806","605","",,
"1","St. Basile 10 (IRI), New Brunswick","[1313020]","807","605","",,
"1","Harvey (P), New Brunswick","[1306004]","808","605","",,
"1","Riverside-Albert (VL), New Brunswick","[1306003]","809","605","",,
"1","Harcourt (P), New Brunswick","[1308010]","810","605","",,
"1","Dumbarton (P), New Brunswick","[1302044]","811","605","",,
"1","Rothesay (P), New Brunswick","[1305008]","812","605","",,
"1","Eel River 3 (IRI), New Brunswick","[1314010]","813","605","",,
"1","Gagetown (P), New Brunswick","[1304004]","814","605","",,
"1","St. Martins (VL), New Brunswick","[1301002]","815","605","",,
"1","Canterbury (VL), New Brunswick","[1310012]","816","605","",,
"1","Aroostook (VL), New Brunswick","[1312002]","817","605","",,
"1","Lorne (P), New Brunswick","[1312011]","818","605","",,
"1","Balmoral (P), New Brunswick","[1314005]","819","605","",,
"1","Oromocto 26 (IRI), New Brunswick","[1303013]","820","605","",,
"1","Hampstead (P), New Brunswick","[1304006]","821","605","",,
"1","Alma (VL), New Brunswick","[1306006]","822","605","",,
"1","North Lake (P), New Brunswick","[1310008]","823","605","",,
"1","Hammond (P), New Brunswick","[1305001]","824","605","",,
"1","Millville (VL), New Brunswick","[1310025]","825","605","",,
"1","Colborne (P), New Brunswick","[1314003]","826","605","",,
"1","Notre-Dame-de-Lourdes (P), New Brunswick","[1313008]","827","605","",,
"1","Brunswick (P), New Brunswick","[1304016]","828","605","",,
"1","Meductic (VL), New Brunswick","[1310013]","829","605","",,
"1","Grand Manan (P), New Brunswick","[1302001]","830","605","",,
"1","Indian Ranch (IRI), New Brunswick","[1314026]","831","605","",,
"1","Pabineau 11 (IRI), New Brunswick","[1315010]","832","605","",,
"1","Indian Island 28 (IRI), New Brunswick","[1308020]","833","605","",,
"1","Buctouche 16 (IRI), New Brunswick","[1308003]","834","605","",,
"1","Clarendon (P), New Brunswick","[1302014]","835","605","",,
"1","McAdam (P), New Brunswick","[1310007]","836","605","",,
"1","Fort Folly 1 (IRI), New Brunswick","[1307014]","837","605","",,
"1","Big Hole Tract 8 (North Half) (IRI), New Brunswick","[1309033]","838","605","",,
"1","Tabusintac 9 (IRI), New Brunswick","[1309047]","839","605","",,
"1","Big Hole Tract 8 (South Half) (IRI), New Brunswick","[1309034]","840","605","",,
"1","Renous 12 (IRI), New Brunswick","[1309010]","841","605","",,
"1","Alma (P), New Brunswick","[1306007]","842","605","",,
"1","Huskisson (P), New Brunswick","[1308012]","843","605","",,
"1","Madawaska (P), New Brunswick","[1313028]","844","605","",,
"1","Rogersville (P), New Brunswick","[1309016]","721","605","",,
"1","Devon 30 (IRI), New Brunswick","[1310034]","722","605","",,
"1","Elgin (P), New Brunswick","[1306008]","723","605","",,
"1","Perth (P), New Brunswick","[1312004]","724","605","",,
"1","Havelock (P), New Brunswick","[1305028]","725","605","",,
"1","Canning (P), New Brunswick","[1304021]","726","605","",,
"1","Saint James (P), New Brunswick","[1302039]","727","605","",,
"1","Nigadoo (VL), New Brunswick","[1315037]","728","605","",,
"1","Plaster Rock (VL), New Brunswick","[1312009]","729","605","",,
"1","Westmorland (P), New Brunswick","[1307001]","730","605","",,
"1","Saint-Louis de Kent (VL), New Brunswick","[1308022]","731","605","",,
"1","Wilmot (P), New Brunswick","[1311018]","732","605","",,
"1","Nackawic (TV), New Brunswick","[1310054]","733","605","",,
"1","Tide Head (VL), New Brunswick","[1314015]","734","605","",,
"1","Campobello Island (RCR), New Brunswick","[1302004]","735","605","",,
"1","Durham (P), New Brunswick","[1314001]","736","605","",,
"1","Derby (P), New Brunswick","[1309011]","737","605","",,
"1","Sainte-Anne (P), New Brunswick","[1313011]","738","605","",,
"1","Hartland (TV), New Brunswick","[1311012]","739","605","",,
"1","Nelson (P), New Brunswick","[1309014]","740","605","",,
"1","Stanley (P), New Brunswick","[1310036]","741","605","",,
"1","Dorchester (VL), New Brunswick","[1307012]","742","605","",,
"1","Blackville (VL), New Brunswick","[1309019]","743","605","",,
"1","Blacks Harbour (VL), New Brunswick","[1302012]","744","605","",,
"1","Waterborough (P), New Brunswick","[1304018]","745","605","",,
"1","Sheffield (P), New Brunswick","[1303014]","746","605","",,
"1","Sainte-Anne-de-Madawaska (VL), New Brunswick","[1313012]","747","605","",,
"1","Andover (P), New Brunswick","[1312001]","748","605","",,
"1","Saint-Paul (P), New Brunswick","[1308008]","749","605","",,
"1","Rexton (VL), New Brunswick","[1308017]","750","605","",,
"1","Pointe-Verte (VL), New Brunswick","[1315013]","751","605","",,
"1","Saint-Léonard (P), New Brunswick","[1313004]","752","605","",,
"1","Chipman (P), New Brunswick","[1304024]","753","605","",,
"1","Sainte-Marie-Saint-Raphaël (VL), New Brunswick","[1315033]","754","605","",,
"1","Aberdeen (P), New Brunswick","[1311026]","755","605","",,
"1","Saint-Isidore (VL), New Brunswick","[1315022]","756","605","",,
"1","Doaktown (VL), New Brunswick","[1309022]","757","605","",,
"1","Lepreau (P), New Brunswick","[1302008]","758","605","",,
"1","Grande-Anse (VL), New Brunswick","[1315038]","759","605","",,
"1","Gagetown (VL), New Brunswick","[1304005]","760","605","",,
"1","Blissville (P), New Brunswick","[1303001]","761","605","",,
"1","Carleton (P), New Brunswick","[1308026]","762","605","",,
"1","Acadieville (P), New Brunswick","[1308024]","763","605","",,
"1","Richibucto (TV), New Brunswick","[1308018]","688","605","",,
"1","Norton (VL), New Brunswick","[1305018]","689","605","",,
"1","Cardwell (P), New Brunswick","[1305026]","690","605","",,
"1","Hillsborough (P), New Brunswick","[1306011]","691","605","",,
"1","Upham (P), New Brunswick","[1305004]","692","605","",,
"1","Hillsborough (VL), New Brunswick","[1306025]","693","605","",,
"1","Norton (P), New Brunswick","[1305016]","694","605","",,
"1","Weldford (P), New Brunswick","[1308014]","695","605","",,
"1","Belledune (VL), New Brunswick","[1314025]","696","605","",,
"1","Saint-Léonard (TV), New Brunswick","[1313006]","697","605","",,
"1","Charlo (VL), New Brunswick","[1314004]","698","605","",,
"1","Saint-Isidore (P), New Brunswick","[1315021]","699","605","",,
"1","Bas-Caraquet (VL), New Brunswick","[1315027]","700","605","",,
"1","Lamèque (TV), New Brunswick","[1315032]","701","605","",,
"1","Musquash (P), New Brunswick","[1301016]","702","605","",,
"1","Caraquet (P), New Brunswick","[1315026]","703","605","",,
"1","Queensbury (P), New Brunswick","[1310021]","704","605","",,
"1","Esgenoôpetitj 14 (IRI), New Brunswick","[1309044]","705","605","",,
"1","Sackville (P), New Brunswick","[1307008]","706","605","",,
"1","Chipman (VL), New Brunswick","[1304025]","707","605","",,
"1","Peel (P), New Brunswick","[1311024]","708","605","",,
"1","Rogersville (VL), New Brunswick","[1309017]","709","605","",,
"1","Saint Martins (P), New Brunswick","[1301001]","710","605","",,
"1","McAdam (VL), New Brunswick","[1310006]","711","605","",,
"1","Bertrand (VL), New Brunswick","[1315036]","712","605","",,
"1","Newcastle (P), New Brunswick","[1309031]","713","605","",,
"1","New Bandon (P), New Brunswick","[1315016]","714","605","",,
"1","Greenwich (P), New Brunswick","[1305038]","715","605","",,
"1","Botsford (P), New Brunswick","[1307004]","716","605","",,
"1","Dalhousie (P), New Brunswick","[1314008]","717","605","",,
"1","Prince William (P), New Brunswick","[1310016]","718","605","",,
"1","Grand Falls (P), New Brunswick","[1312016]","719","605","",,
"1","Tobique 20 (IRI), New Brunswick","[1312007]","720","605","",,
"1","Census subdivisions with population under 5,000, Quebec","","1036","845","",,
"1","Census subdivisions with 5,000-plus population, Quebec","","846","845","",,
"1","Saint-Constant (V), Quebec","[2467035]","885","846","",,
"1","Boisbriand (V), Quebec","[2473005]","886","846","",,
"1","Magog (V), Quebec","[2445072]","887","846","",,
"1","Sainte-Thérèse (V), Quebec","[2473010]","888","846","",,
"1","La Prairie (V), Quebec","[2467015]","889","846","",,
"1","Saint-Bruno-de-Montarville (V), Quebec","[2458037]","890","846","",,
"1","Thetford Mines (V), Quebec","[2431084]","891","846","",,
"1","Sept-Îles (V), Quebec","[2497007]","892","846","",,
"1","Saint-Lin--Laurentides (V), Quebec","[2463048]","893","846","",,
"1","Beloeil (V), Quebec","[2457040]","894","846","",,
"1","L'Assomption (V), Quebec","[2460028]","895","846","",,
"1","Candiac (V), Quebec","[2467020]","896","846","",,
"1","Saint-Lambert (V), Quebec","[2458012]","897","846","",,
"1","Saint-Lazare (V), Quebec","[2471105]","898","846","",,
"1","Joliette (V), Quebec","[2461025]","899","846","",,
"1","Varennes (V), Quebec","[2459020]","900","846","",,
"1","Mont-Royal (V), Quebec","[2466072]","901","846","",,
"1","Baie-Comeau (V), Quebec","[2496020]","902","846","",,
"1","Rivière-du-Loup (V), Quebec","[2412072]","903","846","",,
"1","Sainte-Marthe-sur-le-Lac (V), Quebec","[2472015]","904","846","",,
"1","Saint-Augustin-de-Desmaures (V), Quebec","[2423072]","905","846","",,
"1","Westmount (V), Quebec","[2466032]","906","846","",,
"1","Kirkland (V), Quebec","[2466102]","907","846","",,
"1","Dorval (V), Quebec","[2466087]","908","846","",,
"1","Beaconsfield (V), Quebec","[2466107]","909","846","",,
"1","Mont-Saint-Hilaire (V), Quebec","[2457035]","910","846","",,
"1","Sainte-Sophie (MÉ), Quebec","[2475028]","911","846","",,
"1","Deux-Montagnes (V), Quebec","[2472010]","912","846","",,
"1","Saint-Colomban (V), Quebec","[2475005]","913","846","",,
"1","Sainte-Catherine (V), Quebec","[2467030]","914","846","",,
"1","Saint-Basile-le-Grand (V), Quebec","[2457020]","915","846","",,
"1","L'Ancienne-Lorette (V), Quebec","[2423057]","916","846","",,
"1","Sainte-Anne-des-Plaines (V), Quebec","[2473035]","917","846","",,
"1","Cowansville (V), Quebec","[2446080]","918","846","",,
"1","Saint-Charles-Borromée (V), Quebec","[2461035]","919","846","",,
"1","Gaspé (V), Quebec","[2403005]","920","846","",,
"1","Pincourt (V), Quebec","[2471070]","921","846","",,
"1","Mercier (V), Quebec","[2467045]","922","846","",,
"1","Lavaltrie (V), Quebec","[2452007]","923","846","",,
"1","Mont-Laurier (V), Quebec","[2479088]","924","846","",,
"1","Lachute (V), Quebec","[2476020]","925","846","",,
"1","Rosemère (V), Quebec","[2473020]","926","846","",,
"1","Sainte-Adèle (V), Quebec","[2477022]","927","846","",,
"1","Matane (V), Quebec","[2408053]","928","846","",,
"1","Prévost (V), Quebec","[2475040]","929","846","",,
"1","Beauharnois (V), Quebec","[2470022]","930","846","",,
"1","Bécancour (V), Quebec","[2438010]","931","846","",,
"1","Dolbeau-Mistassini (V), Quebec","[2492022]","932","846","",,
"1","Val-des-Monts (MÉ), Quebec","[2482015]","933","846","",,
"1","Saint-Amable (V), Quebec","[2459015]","934","846","",,
"1","Sainte-Marie (V), Quebec","[2426030]","935","846","",,
"1","Amos (V), Quebec","[2488055]","936","846","",,
"1","Les Îles-de-la-Madeleine (MÉ), Quebec","[2401023]","937","846","",,
"1","Carignan (V), Quebec","[2457010]","938","846","",,
"1","Rawdon (MÉ), Quebec","[2462037]","939","846","",,
"1","L'Île-Perrot (V), Quebec","[2471060]","940","846","",,
"1","Saint-Sauveur (V), Quebec","[2477043]","941","846","",,
"1","Cantley (MÉ), Quebec","[2482020]","942","846","",,
"1","Bromont (V), Quebec","[2446078]","943","846","",,
"1","Notre-Dame-de-l'Île-Perrot (V), Quebec","[2471065]","944","846","",,
"1","Marieville (V), Quebec","[2455048]","945","846","",,
"1","Sainte-Julienne (MÉ), Quebec","[2463060]","946","846","",,
"1","Sainte-Agathe-des-Monts (V), Quebec","[2478032]","947","846","",,
"1","Granby (V), Quebec","[2447017]","862","846","",,
"1","Mirabel (V), Quebec","[2474005]","863","846","",,
"1","Blainville (V), Quebec","[2473015]","864","846","",,
"1","Saint-Hyacinthe (V), Quebec","[2454048]","865","846","",,
"1","Mascouche (V), Quebec","[2464015]","866","846","",,
"1","Châteauguay (V), Quebec","[2467050]","867","846","",,
"1","Shawinigan (V), Quebec","[2436033]","868","846","",,
"1","Rimouski (V), Quebec","[2410043]","869","846","",,
"1","Dollard-Des Ormeaux (V), Quebec","[2466142]","870","846","",,
"1","Victoriaville (V), Quebec","[2439062]","871","846","",,
"1","Saint-Eustache (V), Quebec","[2472005]","872","846","",,
"1","Vaudreuil-Dorion (V), Quebec","[2471083]","873","846","",,
"1","Salaberry-de-Valleyfield (V), Quebec","[2470052]","874","846","",,
"1","Rouyn-Noranda (V), Quebec","[2486042]","875","846","",,
"1","Boucherville (V), Quebec","[2458033]","876","846","",,
"1","Sorel-Tracy (V), Quebec","[2453052]","877","846","",,
"1","Côte-Saint-Luc (V), Quebec","[2466058]","878","846","",,
"1","Pointe-Claire (V), Quebec","[2466097]","879","846","",,
"1","Saint-Georges (V), Quebec","[2429073]","880","846","",,
"1","Val-d'Or (V), Quebec","[2489008]","881","846","",,
"1","Chambly (V), Quebec","[2457005]","882","846","",,
"1","Alma (V), Quebec","[2493042]","883","846","",,
"1","Sainte-Julie (V), Quebec","[2459010]","884","846","",,
"1","Sainte-Catherine-de-la-Jacques-Cartier (V), Quebec","[2422005]","970","846","",,
"1","Otterburn Park (V), Quebec","[2457030]","971","846","",,
"1","Delson (V), Quebec","[2467025]","972","846","",,
"1","Boischatel (MÉ), Quebec","[2421045]","973","846","",,
"1","La Malbaie (V), Quebec","[2415013]","974","846","",,
"1","Lac-Beauport (MÉ), Quebec","[2422040]","975","846","",,
"1","Chelsea (MÉ), Quebec","[2482025]","976","846","",,
"1","Saint-Apollinaire (MÉ), Quebec","[2433090]","977","846","",,
"1","Saint-Lambert-de-Lauzon (MÉ), Quebec","[2426070]","995","846","",,
"1","Saint-Calixte (MÉ), Quebec","[2463055]","996","846","",,
"1","Saint-Paul (MÉ), Quebec","[2461005]","997","846","",,
"1","Rigaud (V), Quebec","[2471133]","978","846","",,
"1","Saint-Philippe (V), Quebec","[2467010]","979","846","",,
"1","Acton Vale (V), Quebec","[2448028]","980","846","",,
"1","Donnacona (V), Quebec","[2434025]","981","846","",,
"1","Coteau-du-Lac (V), Quebec","[2471040]","982","846","",,
"1","Chandler (V), Quebec","[2402028]","983","846","",,
"1","Baie-Saint-Paul (V), Quebec","[2416013]","984","846","",,
"1","La Sarre (V), Quebec","[2487090]","985","846","",,
"1","Louiseville (V), Quebec","[2451015]","986","846","",,
"1","Brownsburg-Chatham (V), Quebec","[2476043]","987","846","",,
"1","Shefford (CT), Quebec","[2447035]","988","846","",,
"1","Chibougamau (V), Quebec","[2499025]","989","846","",,
"1","Les Cèdres (MÉ), Quebec","[2471050]","990","846","",,
"1","Val-des-Sources (V), Quebec","[2440043]","991","846","",,
"1","Saint-Joseph-du-Lac (MÉ), Quebec","[2472025]","992","846","",,
"1","Hampstead (V), Quebec","[2466062]","993","846","",,
"1","Saint-Félix-de-Valois (MÉ), Quebec","[2462007]","994","846","",,
"1","Port-Cartier (V), Quebec","[2497022]","998","846","",,
"1","Shannon (V), Quebec","[2422020]","999","846","",,
"1","Saint-Honoré (V), Quebec","[2494240]","1000","846","",,
"1","Plessisville (V), Quebec","[2432040]","1001","846","",,
"1","Mont-Joli (V), Quebec","[2409077]","1002","846","",,
"1","Charlemagne (V), Quebec","[2460005]","1003","846","",,
"1","Pointe-Calumet (MÉ), Quebec","[2472020]","1004","846","",,
"1","Princeville (V), Quebec","[2432033]","1005","846","",,
"1","Beauceville (V), Quebec","[2427028]","1006","846","",,
"1","Pontiac (MÉ), Quebec","[2482030]","1007","846","",,
"1","L'Ange-Gardien (MÉ), Les Collines-de-l'Outaouais, Quebec","[2482005]","1008","846","",,
"1","Stoneham-et-Tewkesbury (CU), Quebec","[2422035]","959","846","",,
"1","Saint-Zotique (MÉ), Quebec","[2471025]","960","846","",,
"1","Contrecoeur (V), Quebec","[2459035]","961","846","",,
"1","Lorraine (V), Quebec","[2473025]","962","846","",,
"1","Notre-Dame-des-Prairies (V), Quebec","[2461030]","963","846","",,
"1","Saint-Rémi (V), Quebec","[2468055]","964","846","",,
"1","L'Épiphanie (V), Quebec","[2460037]","965","846","",,
"1","Coaticook (V), Quebec","[2444037]","966","846","",,
"1","La Pêche (MÉ), Quebec","[2482035]","967","846","",,
"1","Nicolet (V), Quebec","[2450072]","968","846","",,
"1","Sainte-Brigitte-de-Laval (V), Quebec","[2422045]","969","846","",,
"1","Notre-Dame-du-Mont-Carmel (PE), Quebec","[2437235]","1009","846","",,
"1","Sainte-Anne-des-Monts (V), Quebec","[2404037]","1010","846","",,
"1","Saint-Césaire (V), Quebec","[2455023]","1011","846","",,
"1","Amqui (V), Quebec","[2407047]","1012","846","",,
"1","McMasterville (MÉ), Quebec","[2457025]","1013","846","",,
"1","Lac-Brome (V), Quebec","[2446075]","1014","846","",,
"1","Saint-Pie (V), Quebec","[2454008]","1015","846","",,
"1","Saint-Henri (MÉ), Quebec","[2419068]","1016","846","",,
"1","Verchères (MÉ), Quebec","[2459025]","1017","846","",,
"1","Richelieu (V), Quebec","[2455057]","1018","846","",,
"1","Lac-Mégantic (V), Quebec","[2430030]","1019","846","",,
"1","Sainte-Martine (MÉ), Quebec","[2470012]","1020","846","",,
"1","Les Coteaux (MÉ), Quebec","[2471033]","1021","846","",,
"1","Val-David (VL), Quebec","[2478010]","1022","846","",,
"1","Saint-Roch-de-l'Achigan (MÉ), Quebec","[2463035]","1023","846","",,
"1","Hudson (V), Quebec","[2471100]","1024","846","",,
"1","Cookshire-Eaton (V), Quebec","[2441038]","1025","846","",,
"1","Chertsey (MÉ), Quebec","[2462047]","1026","846","",,
"1","Windsor (V), Quebec","[2442088]","1027","846","",,
"1","Saint-Boniface (MÉ), Quebec","[2451085]","1028","846","",,
"1","Lanoraie (MÉ), Quebec","[2452017]","1029","846","",,
"1","Montréal-Ouest (V), Quebec","[2466047]","1030","846","",,
"1","Chisasibi (TC), Quebec","[2499814]","1031","846","",,
"1","Sainte-Anne-de-Bellevue (V), Quebec","[2466117]","1032","846","",,
"1","Orford (CT), Quebec","[2445115]","1033","846","",,
"1","Témiscouata-sur-le-Lac (V), Quebec","[2413073]","1034","846","",,
"1","Saint-Joseph-de-Beauce (V), Quebec","[2427043]","1035","846","",,
"1","Saint-Raymond (V), Quebec","[2434128]","948","846","",,
"1","La Tuque (V), Quebec","[2490012]","949","846","",,
"1","Mont-Tremblant (V), Quebec","[2478102]","950","846","",,
"1","Kahnawake (IRI), Quebec","[2467802]","951","846","",,
"1","Montmagny (V), Quebec","[2418050]","952","846","",,
"1","Saint-Hippolyte (MÉ), Quebec","[2475045]","953","846","",,
"1","Farnham (V), Quebec","[2446112]","954","846","",,
"1","Bois-des-Filion (V), Quebec","[2473030]","955","846","",,
"1","Pont-Rouge (V), Quebec","[2434017]","956","846","",,
"1","Saint-Félicien (V), Quebec","[2491042]","957","846","",,
"1","Roberval (V), Quebec","[2491025]","958","846","",,
"1","Montréal (V), Quebec","[2466023]","847","846","",,
"1","Québec (V), Quebec","[2423027]","848","846","",,
"1","Laval (V), Quebec","[2465005]","849","846","",,
"1","Gatineau (V), Quebec","[2481017]","850","846","",,
"1","Longueuil (V), Quebec","[2458227]","851","846","",,
"1","Sherbrooke (V), Quebec","[2443027]","852","846","",,
"1","Lévis (V), Quebec","[2425213]","853","846","",,
"1","Saguenay (V), Quebec","[2494068]","854","846","",,
"1","Trois-Rivières (V), Quebec","[2437067]","855","846","",,
"1","Terrebonne (V), Quebec","[2464008]","856","846","",,
"1","Saint-Jean-sur-Richelieu (V), Quebec","[2456083]","857","846","",,
"1","Brossard (V), Quebec","[2458007]","858","846","",,
"1","Repentigny (V), Quebec","[2460013]","859","846","",,
"1","Saint-Jérôme (V), Quebec","[2475017]","860","846","",,
"1","Drummondville (V), Quebec","[2449058]","861","846","",,
"1","Saint-Vianney (MÉ), Quebec","[2407075]","1817","1036","",,
"1","Lac-du-Cerf (MÉ), Quebec","[2479015]","1818","1036","",,
"1","Martinville (MÉ), Quebec","[2444060]","1819","1036","",,
"1","Sainte-Marie-de-Blandford (MÉ), Quebec","[2438015]","1820","1036","",,
"1","Saint-Aimé (MÉ), Quebec","[2453015]","1821","1036","",,
"1","Sainte-Rose-du-Nord (PE), Quebec","[2494230]","1822","1036","",,
"1","Baie-Trinité (VL), Quebec","[2496005]","1823","1036","",,
"1","Saint-Dominique-du-Rosaire (MÉ), Quebec","[2488065]","1824","1036","",,
"1","Ulverton (MÉ), Quebec","[2442078]","1825","1036","",,
"1","Biencourt (MÉ), Quebec","[2413055]","1826","1036","",,
"1","Maddington Falls (MÉ), Quebec","[2439165]","1827","1036","",,
"1","Trois-Rives (MÉ), Quebec","[2435055]","1828","1036","",,
"1","Sainte-Séraphine (PE), Quebec","[2439105]","1829","1036","",,
"1","Saint-Valentin (MÉ), Quebec","[2456030]","1830","1036","",,
"1","Saint-Marcel (MÉ), Quebec","[2417020]","1831","1036","",,
"1","Saint-Augustin (MÉ), Quebec","[2498012]","1832","1036","",,
"1","Tasiujaq (VN), Quebec","[2499100]","1833","1036","",,
"1","Notre-Dame-de-Ham (MÉ), Quebec","[2439015]","1834","1036","",,
"1","Ivujivik (VN), Quebec","[2499140]","1835","1036","",,
"1","Saint-Eugène-de-Ladrière (PE), Quebec","[2410075]","1836","1036","",,
"1","Sainte-Hélène-de-Mancebourg (PE), Quebec","[2487070]","1837","1036","",,
"1","Saint-Tharcisius (PE), Quebec","[2407070]","1838","1036","",,
"1","Rivière-Éternité (MÉ), Quebec","[2494215]","1839","1036","",,
"1","Roquemaure (MÉ), Quebec","[2487015]","1840","1036","",,
"1","Bois-Franc (MÉ), Quebec","[2483085]","1841","1036","",,
"1","Longue-Pointe-de-Mingan (MÉ), Quebec","[2498045]","1842","1036","",,
"1","Boileau (MÉ), Quebec","[2480115]","1843","1036","",,
"1","Kinnear's Mills (MÉ), Quebec","[2431105]","1844","1036","",,
"1","Saint-Marcellin (PE), Quebec","[2410025]","1845","1036","",,
"1","Saint-Joseph-de-Kamouraska (PE), Quebec","[2414030]","1846","1036","",,
"1","Piopolis (MÉ), Quebec","[2430020]","1847","1036","",,
"1","Saint-Adrien-d'Irlande (MÉ), Quebec","[2431095]","1848","1036","",,
"1","Saint-Herménégilde (MÉ), Quebec","[2444015]","1663","1036","",,
"1","Bonne-Espérance (MÉ), Quebec","[2498010]","1664","1036","",,
"1","Saint-Didace (PE), Quebec","[2452090]","1665","1036","",,
"1","La Visitation-de-l'Île-Dupas (MÉ), Quebec","[2452050]","1666","1036","",,
"1","Saint-Ignace-de-Stanbridge (MÉ), Quebec","[2446095]","1667","1036","",,
"1","Saint-François-d'Assise (MÉ), Quebec","[2406055]","1668","1036","",,
"1","Saint-Sébastien (MÉ), Le Granit, Quebec","[2430085]","1669","1036","",,
"1","Saint-Philémon (PE), Quebec","[2419005]","1670","1036","",,
"1","Lac-Sainte-Marie (MÉ), Quebec","[2483020]","1671","1036","",,
"1","Notre-Dame-de-la-Paix (MÉ), Quebec","[2480020]","1672","1036","",,
"1","Sainte-Louise (PE), Quebec","[2417060]","1673","1036","",,
"1","Saint-Isidore-de-Clifton (MÉ), Quebec","[2441012]","1674","1036","",,
"1","Saint-Édouard-de-Fabre (PE), Quebec","[2485015]","1675","1036","",,
"1","Saint-Irénée (PE), Quebec","[2415005]","1676","1036","",,
"1","Bowman (MÉ), Quebec","[2480145]","1677","1036","",,
"1","North Hatley (VL), Quebec","[2445050]","1678","1036","",,
"1","Poularies (MÉ), Quebec","[2487035]","1679","1036","",,
"1","Saint-Augustin-de-Woburn (PE), Quebec","[2430005]","1680","1036","",,
"1","Matimekosh (IRI), Quebec","[2497808]","1681","1036","",,
"1","Bedford (CT), Quebec","[2446040]","1682","1036","",,
"1","Saint-Gabriel-Lalemant (MÉ), Quebec","[2414075]","1683","1036","",,
"1","Bonsecours (MÉ), Quebec","[2442040]","1684","1036","",,
"1","Saint-Jean-de-Dieu (MÉ), Quebec","[2411010]","1323","1036","",,
"1","Messines (MÉ), Quebec","[2483060]","1324","1036","",,
"1","Saint-Albert (MÉ), Quebec","[2439085]","1325","1036","",,
"1","Listuguj (IRI), Quebec","[2406804]","1326","1036","",,
"1","Franklin (MÉ), Quebec","[2469010]","1327","1036","",,
"1","Saint-Benoît-Labre (MÉ), Quebec","[2429100]","1328","1036","",,
"1","Sainte-Barbe (MÉ), Quebec","[2469065]","1329","1036","",,
"1","Saint-Flavien (MÉ), Quebec","[2433052]","1330","1036","",,
"1","Lambton (MÉ), Quebec","[2430095]","1331","1036","",,
"1","Maliotenam (IRI), Quebec","[2497804]","1332","1036","",,
"1","Larouche (MÉ), Quebec","[2494265]","1333","1036","",,
"1","Saint-Laurent-de-l'Île-d'Orléans (MÉ), Quebec","[2420020]","1334","1036","",,
"1","Sainte-Anne-de-la-Pocatière (PE), Quebec","[2414090]","1335","1036","",,
"1","Fortierville (MÉ), Quebec","[2438047]","1685","1036","",,
"1","Saint-André-de-Kamouraska (MÉ), Quebec","[2414040]","1686","1036","",,
"1","Montcerf-Lytton (MÉ), Quebec","[2483088]","1687","1036","",,
"1","Kawawachikamach (TK), Quebec","[2497806]","1688","1036","",,
"1","L'Île-du-Grand-Calumet (MÉ), Quebec","[2484035]","1689","1036","",,
"1","Bryson (MÉ), Quebec","[2484025]","1690","1036","",,
"1","Murdochville (V), Quebec","[2403025]","1691","1036","",,
"1","Saint-François-de-Sales (MÉ), Quebec","[2491015]","1692","1036","",,
"1","Akulivik (VN), Quebec","[2499125]","1693","1036","",,
"1","Gesgapegiag (IRI), Quebec","[2406802]","1694","1036","",,
"1","Stanstead-Est (MÉ), Quebec","[2444050]","1695","1036","",,
"1","Saint-Just-de-Bretenières (MÉ), Quebec","[2418005]","1696","1036","",,
"1","Ferland-et-Boilleau (MÉ), Quebec","[2494220]","1697","1036","",,
"1","Saint-Ludger-de-Milot (MÉ), Quebec","[2493080]","1698","1036","",,
"1","Wentworth (CT), Quebec","[2476035]","1699","1036","",,
"1","Namur (MÉ), Quebec","[2480110]","1700","1036","",,
"1","Colombier (MÉ), Quebec","[2495050]","1701","1036","",,
"1","Montcalm (MÉ), Quebec","[2478055]","1702","1036","",,
"1","Sainte-Angèle-de-Prémont (MÉ), Quebec","[2451055]","1703","1036","",,
"1","Sainte-Anne-de-la-Rochelle (MÉ), Quebec","[2442050]","1704","1036","",,
"1","Rivière-à-Pierre (MÉ), Quebec","[2434135]","1705","1036","",,
"1","Saint-Bernard-de-Michaudville (MÉ), Quebec","[2454115]","1706","1036","",,
"1","Sainte-Christine-d'Auvergne (MÉ), Quebec","[2434105]","1707","1036","",,
"1","Lawrenceville (VL), Quebec","[2442045]","1708","1036","",,
"1","Les Bergeronnes (MÉ), Quebec","[2495018]","1709","1036","",,
"1","East Farnham (MÉ), Quebec","[2446085]","1710","1036","",,
"1","Baie-des-Sables (MÉ), Quebec","[2408080]","1711","1036","",,
"1","Portneuf-sur-Mer (MÉ), Quebec","[2495040]","1712","1036","",,
"1","Kamouraska (MÉ), Quebec","[2414050]","1713","1036","",,
"1","Cloridorme (CT), Quebec","[2403010]","1714","1036","",,
"1","Saint-Célestin (MÉ), Quebec","[2450035]","1715","1036","",,
"1","Sainte-Sophie-d'Halifax (MÉ), Quebec","[2432023]","1716","1036","",,
"1","Petit-Saguenay (MÉ), Quebec","[2494205]","1717","1036","",,
"1","Pointe-Fortune (VL), Quebec","[2471140]","1718","1036","",,
"1","Métis-sur-Mer (V), Quebec","[2409048]","1719","1036","",,
"1","Sainte-Thérèse-de-la-Gatineau (MÉ), Quebec","[2483055]","1720","1036","",,
"1","Saint-Joseph-de-Lepage (PE), Quebec","[2409070]","1721","1036","",,
"1","Saint-Eusèbe (PE), Quebec","[2413030]","1722","1036","",,
"1","Hope (CT), Quebec","[2405025]","1723","1036","",,
"1","Mont-Saint-Michel (MÉ), Quebec","[2479110]","1724","1036","",,
"1","Arundel (CT), Quebec","[2478060]","1725","1036","",,
"1","Escuminac (MÉ), Quebec","[2406025]","1726","1036","",,
"1","Packington (PE), Quebec","[2413015]","1727","1036","",,
"1","Saint-Simon-les-Mines (MÉ), Quebec","[2429125]","1728","1036","",,
"1","Tourville (MÉ), Quebec","[2417035]","1729","1036","",,
"1","Sainte-Clotilde-de-Beauce (MÉ), Quebec","[2431060]","1730","1036","",,
"1","Matapédia (MÉ), Quebec","[2406045]","1731","1036","",,
"1","Kangirsuk (VN), Quebec","[2499110]","1732","1036","",,
"1","Saint-Damase-de-L'Islet (MÉ), Quebec","[2417040]","1733","1036","",,
"1","La Bostonnais (MÉ), Quebec","[2490017]","1734","1036","",,
"1","Saint-Louis-de-Gonzague (MÉ), Quebec","[2428035]","1849","1036","",,
"1","Saint-Noël (VL), Quebec","[2407100]","1850","1036","",,
"1","Dundee (CT), Quebec","[2469075]","1851","1036","",,
"1","Ivry-sur-le-Lac (MÉ), Quebec","[2478042]","1852","1036","",,
"1","Elgin (MÉ), Quebec","[2469050]","1853","1036","",,
"1","Sainte-Élizabeth-de-Warwick (MÉ), Quebec","[2439090]","1854","1036","",,
"1","Saint-Damase (PE), Quebec","[2407105]","1855","1036","",,
"1","Sainte-Françoise (PE), Quebec","[2411030]","1856","1036","",,
"1","Waltham (MÉ), Quebec","[2484070]","1857","1036","",,
"1","La Rédemption (PE), Quebec","[2409005]","1858","1036","",,
"1","Sainte-Hélène-de-Chester (MÉ), Quebec","[2439035]","1859","1036","",,
"1","Rapide-Danseur (MÉ), Quebec","[2487010]","1860","1036","",,
"1","Saint-Julien (MÉ), Quebec","[2431035]","1861","1036","",,
"1","Saint-Philibert (MÉ), Quebec","[2429065]","1862","1036","",,
"1","Saint-Stanislas (MÉ), Maria-Chapdelaine, Quebec","[2492070]","1863","1036","",,
"1","Saint-Joseph-des-Érables (MÉ), Quebec","[2427050]","1864","1036","",,
"1","Saint-Léandre (PE), Quebec","[2408065]","1865","1036","",,
"1","Clerval (MÉ), Quebec","[2487075]","1866","1036","",,
"1","Grosses-Roches (MÉ), Quebec","[2408015]","1867","1036","",,
"1","Sainte-Irène (PE), Quebec","[2407040]","1868","1036","",,
"1","Notre-Dame-du-Rosaire (MÉ), Quebec","[2418040]","1869","1036","",,
"1","Saint-Zénon-du-Lac-Humqui (PE), Quebec","[2407035]","1870","1036","",,
"1","Sainte-Florence (MÉ), Quebec","[2407010]","1871","1036","",,
"1","Warden (VL), Quebec","[2447030]","1872","1036","",,
"1","Saint-Marc-du-Lac-Long (PE), Quebec","[2413020]","1873","1036","",,
"1","Gros-Mécatina (MÉ), Quebec","[2498014]","1874","1036","",,
"1","Saint-Edmond-les-Plaines (MÉ), Quebec","[2492050]","1875","1036","",,
"1","Béthanie (MÉ), Quebec","[2448005]","1876","1036","",,
"1","Lac-Rapide (IRI), Quebec","[2483804]","1877","1036","",,
"1","Sainte-Praxède (PE), Quebec","[2431050]","1878","1036","",,
"1","Chichester (CT), Quebec","[2484090]","1879","1036","",,
"1","Saint-Jean-de-Brébeuf (MÉ), Quebec","[2431100]","1880","1036","",,
"1","Sainte-Cécile-de-Lévrard (PE), Quebec","[2438060]","1881","1036","",,
"1","Sainte-Félicité (MÉ), L'Islet, Quebec","[2417025]","1882","1036","",,
"1","Saint-Godefroi (CT), Quebec","[2405015]","1883","1036","",,
"1","Abercorn (VL), Quebec","[2446005]","1884","1036","",,
"1","Brome (VL), Quebec","[2446070]","1885","1036","",,
"1","Esprit-Saint (MÉ), Quebec","[2410005]","1886","1036","",,
"1","Salluit (VN), Quebec","[2499135]","1336","1036","",,
"1","Saint-François-de-la-Rivière-du-Sud (MÉ), Quebec","[2418060]","1337","1036","",,
"1","Lyster (MÉ), Quebec","[2432065]","1338","1036","",,
"1","Saint-Joseph-de-Sorel (V), Quebec","[2453050]","1339","1036","",,
"1","Amherst (CT), Quebec","[2478070]","1340","1036","",,
"1","Uashat 27 (IRI), Quebec","[2497802]","1341","1036","",,
"1","Saint-Pacôme (MÉ), Quebec","[2414070]","1342","1036","",,
"1","Saint-Théodore-d'Acton (MÉ), Quebec","[2448045]","1343","1036","",,
"1","Cleveland (CT), Quebec","[2442110]","1344","1036","",,
"1","Saint-Pierre-Baptiste (PE), Quebec","[2432050]","1735","1036","",,
"1","Mingan (IRI), Quebec","[2498808]","1736","1036","",,
"1","Sainte-Anne-du-Lac (MÉ), Quebec","[2479115]","1737","1036","",,
"1","Saint-Camille (CT), Quebec","[2440025]","1738","1036","",,
"1","Denholm (MÉ), Quebec","[2483005]","1739","1036","",,
"1","Massueville (VL), Quebec","[2453010]","1740","1036","",,
"1","Sainte-Edwidge-de-Clifton (CT), Quebec","[2444055]","1741","1036","",,
"1","Saint-Jules (PE), Quebec","[2427055]","1742","1036","",,
"1","Barnston-Ouest (MÉ), Quebec","[2444045]","1743","1036","",,
"1","Umiujaq (VN), Quebec","[2499080]","1744","1036","",,
"1","Saint-Juste-du-Lac (MÉ), Quebec","[2413040]","1745","1036","",,
"1","Timiskaming (IRI), Quebec","[2485806]","1746","1036","",,
"1","Pikogan (IRI), Quebec","[2488802]","1747","1036","",,
"1","Lac-Sergent (V), Quebec","[2434120]","1748","1036","",,
"1","Saint-Moïse (PE), Quebec","[2407095]","1749","1036","",,
"1","Sacré-Coeur-de-Jésus (PE), Quebec","[2431130]","1750","1036","",,
"1","Stornoway (MÉ), Quebec","[2430105]","1751","1036","",,
"1","Berry (MÉ), Quebec","[2488070]","1752","1036","",,
"1","Saint-François-de-l'Île-d'Orléans (MÉ), Quebec","[2420005]","1753","1036","",,
"1","Saint-Robert-Bellarmin (MÉ), Quebec","[2430070]","1754","1036","",,
"1","Thorne (MÉ), Quebec","[2484045]","1755","1036","",,
"1","Lac-Saguay (VL), Quebec","[2479060]","1756","1036","",,
"1","Saint-Adrien (MÉ), Quebec","[2440010]","1757","1036","",,
"1","Lac-Saint-Paul (MÉ), Quebec","[2479105]","1758","1036","",,
"1","Saint-Luc-de-Vincennes (MÉ), Quebec","[2437225]","1759","1036","",,
"1","Sainte-Monique (MÉ), Nicolet-Yamaska, Quebec","[2450057]","1760","1036","",,
"1","Saint-Onésime-d'Ixworth (MÉ), Quebec","[2414080]","1761","1036","",,
"1","Saint-Alexis-de-Matapédia (MÉ), Quebec","[2406050]","1762","1036","",,
"1","Saint-Alfred (MÉ), Quebec","[2427015]","1763","1036","",,
"1","Egan-Sud (MÉ), Quebec","[2483075]","1764","1036","",,
"1","Saint-Denis-De La Bouteillerie (MÉ), Quebec","[2414055]","1765","1036","",,
"1","Calixa-Lavallée (MÉ), Quebec","[2459030]","1766","1036","",,
"1","Saint-Malo (MÉ), Quebec","[2444003]","1767","1036","",,
"1","Saint-Bruno-de-Kamouraska (MÉ), Quebec","[2414010]","1768","1036","",,
"1","Saint-Émile-de-Suffolk (MÉ), Quebec","[2480125]","1769","1036","",,
"1","Saint-Évariste-de-Forsyth (MÉ), Quebec","[2429025]","1770","1036","",,
"1","Saint-Marcel-de-Richelieu (MÉ), Quebec","[2454125]","1771","1036","",,
"1","Sainte-Apolline-de-Patton (PE), Quebec","[2418025]","1772","1036","",,
"1","Pike River (MÉ), Quebec","[2446025]","1773","1036","",,
"1","Parisville (PE), Quebec","[2438055]","1774","1036","",,
"1","Litchfield (MÉ), Quebec","[2484040]","1775","1036","",,
"1","Grandes-Piles (VL), Quebec","[2435040]","1776","1036","",,
"1","Lac-des-Aigles (MÉ), Quebec","[2413060]","1777","1036","",,
"1","Saint-Octave-de-Métis (PE), Quebec","[2409055]","1778","1036","",,
"1","Saint-Sixte (MÉ), Quebec","[2480070]","1779","1036","",,
"1","Grand-Saint-Esprit (MÉ), Quebec","[2450065]","1780","1036","",,
"1","Péribonka (MÉ), Quebec","[2492010]","1781","1036","",,
"1","Gallichan (MÉ), Quebec","[2487020]","1782","1036","",,
"1","Leclercville (MÉ), Quebec","[2433123]","1783","1036","",,
"1","Villeroy (MÉ), Quebec","[2432085]","1784","1036","",,
"1","Hope Town (MÉ), Quebec","[2405020]","1887","1036","",,
"1","Nédélec (CT), Quebec","[2485100]","1888","1036","",,
"1","Sainte-Sabine (PE), Quebec","[2428065]","1889","1036","",,
"1","Saint-Nazaire-de-Dorchester (PE), Quebec","[2419015]","1890","1036","",,
"1","Sainte-Euphémie-sur-Rivière-du-Sud (MÉ), Quebec","[2418035]","1891","1036","",,
"1","Saint-Sévère (PE), Quebec","[2451030]","1892","1036","",,
"1","Saint-Augustin (PE), Quebec","[2492005]","1893","1036","",,
"1","Shigawake (MÉ), Quebec","[2405010]","1894","1036","",,
"1","Fugèreville (MÉ), Quebec","[2485055]","1895","1036","",,
"1","Guérin (CT), Quebec","[2485095]","1896","1036","",,
"1","Kebaowek (IRI), Quebec","[2485802]","1897","1036","",,
"1","Latulipe-et-Gaboury (CU), Quebec","[2485060]","1898","1036","",,
"1","Milan (MÉ), Quebec","[2430040]","1899","1036","",,
"1","Saint-Cléophas (PE), Quebec","[2407090]","1900","1036","",,
"1","Chartierville (MÉ), Quebec","[2441020]","1901","1036","",,
"1","Saint-Paul-de-la-Croix (PE), Quebec","[2412035]","1902","1036","",,
"1","Essipit (IRI), Quebec","[2495802]","1903","1036","",,
"1","Saint-Elzéar-de-Témiscouata (MÉ), Quebec","[2413085]","1904","1036","",,
"1","Saint-Éloi (PE), Quebec","[2411035]","1905","1036","",,
"1","La Reine (MÉ), Quebec","[2487080]","1906","1036","",,
"1","Saint-Athanase (MÉ), Quebec","[2413100]","1907","1036","",,
"1","Saint-Roch-de-Mékinac (PE), Quebec","[2435045]","1908","1036","",,
"1","Sainte-Rita (MÉ), Quebec","[2411015]","1909","1036","",,
"1","Saint-Thuribe (PE), Quebec","[2434085]","1910","1036","",,
"1","Saint-Alexandre-des-Lacs (PE), Quebec","[2407065]","1911","1036","",,
"1","Saint-Séverin (PE), Robert-Cliche, Quebec","[2427070]","1912","1036","",,
"1","La Visitation-de-Yamaska (MÉ), Quebec","[2450085]","1913","1036","",,
"1","Saint-Germain (PE), Quebec","[2414045]","1914","1036","",,
"1","Saint-Omer (MÉ), Quebec","[2417005]","1915","1036","",,
"1","Stanbridge Station (MÉ), Quebec","[2446030]","1916","1036","",,
"1","Authier (MÉ), Quebec","[2487050]","1917","1036","",,
"1","Lemieux (MÉ), Quebec","[2438020]","1918","1036","",,
"1","Rémigny (MÉ), Quebec","[2485105]","1919","1036","",,
"1","Authier-Nord (MÉ), Quebec","[2487100]","1920","1036","",,
"1","Sainte-Madeleine-de-la-Rivière-Madeleine (MÉ), Quebec","[2404005]","1921","1036","",,
"1","Saint-Pierre (VL), Quebec","[2461020]","1922","1036","",,
"1","Marsoui (VL), Quebec","[2404025]","1923","1036","",,
"1","Belleterre (V), Quebec","[2485065]","1924","1036","",,
"1","Franquelin (MÉ), Quebec","[2496015]","1925","1036","",,
"1","Notre-Dame-de-Bonsecours (MÉ), Quebec","[2480015]","1926","1036","",,
"1","East Hereford (MÉ), Quebec","[2444010]","1927","1036","",,
"1","Saint-Gilbert (PE), Quebec","[2434060]","1928","1036","",,
"1","Saint-André-Avellin (MÉ), Quebec","[2480027]","1085","1036","",,
"1","Sainte-Claire (MÉ), Quebec","[2419055]","1086","1036","",,
"1","Saint-Michel (MÉ), Quebec","[2468050]","1087","1036","",,
"1","Saint-Pascal (V), Quebec","[2414018]","1088","1036","",,
"1","Saint-Thomas (MÉ), Quebec","[2461027]","1089","1036","",,
"1","Piedmont (MÉ), Quebec","[2477030]","1090","1036","",,
"1","Saint-Maurice (PE), Quebec","[2437230]","1091","1036","",,
"1","Sainte-Marguerite-du-Lac-Masson (V), Quebec","[2477012]","1092","1036","",,
"1","Ascot Corner (MÉ), Quebec","[2441055]","1093","1036","",,
"1","Grande-Rivière (V), Quebec","[2402015]","1094","1036","",,
"1","Saint-Sulpice (PE), Quebec","[2460020]","1095","1036","",,
"1","Saint-Alphonse-de-Granby (MÉ), Quebec","[2447010]","1096","1036","",,
"1","Malartic (V), Quebec","[2489015]","1097","1036","",,
"1","Wemindji (TC), Quebec","[2499812]","1345","1036","",,
"1","Sainte-Clotilde-de-Horton (MÉ), Quebec","[2439117]","1346","1036","",,
"1","Saint-Ulric (MÉ), Quebec","[2408073]","1347","1036","",,
"1","Saint-Honoré-de-Shenley (MÉ), Quebec","[2429038]","1348","1036","",,
"1","Saint-Bernard-de-Lacolle (MÉ), Quebec","[2468005]","1349","1036","",,
"1","Saint-Paulin (MÉ), Quebec","[2451060]","1350","1036","",,
"1","La Conception (MÉ), Quebec","[2478115]","1351","1036","",,
"1","Tring-Jonction (VL), Quebec","[2427060]","1352","1036","",,
"1","Henryville (MÉ), Quebec","[2456042]","1353","1036","",,
"1","Saint-Tite-des-Caps (MÉ), Quebec","[2421005]","1354","1036","",,
"1","Rivière-Héva (MÉ), Quebec","[2489010]","1355","1036","",,
"1","Tingwick (MÉ), Quebec","[2439025]","1356","1036","",,
"1","Saint-Félix-de-Kingsey (MÉ), Quebec","[2449005]","1357","1036","",,
"1","Saint-Joachim-de-Shefford (MÉ), Quebec","[2447040]","1358","1036","",,
"1","Saint-Mathieu-du-Parc (MÉ), Quebec","[2451070]","1359","1036","",,
"1","Lac-au-Saumon (MÉ), Quebec","[2407057]","1360","1036","",,
"1","Chapais (V), Quebec","[2499020]","1361","1036","",,
"1","Saint-Guillaume (MÉ), Quebec","[2449113]","1362","1036","",,
"1","Les Éboulements (MÉ), Quebec","[2416048]","1363","1036","",,
"1","Saint-Ubalde (MÉ), Quebec","[2434090]","1364","1036","",,
"1","Saint-Casimir (MÉ), Quebec","[2434078]","1365","1036","",,
"1","Sainte-Hénédine (PE), Quebec","[2426040]","1366","1036","",,
"1","Sainte-Lucie-des-Laurentides (MÉ), Quebec","[2478020]","1367","1036","",,
"1","Sainte-Brigide-d'Iberville (MÉ), Quebec","[2456105]","1368","1036","",,
"1","Armagh (MÉ), Quebec","[2419037]","1369","1036","",,
"1","Noyan (MÉ), Quebec","[2456015]","1370","1036","",,
"1","Saint-Aubert (MÉ), Quebec","[2417055]","1371","1036","",,
"1","Pointe-aux-Outardes (VL), Quebec","[2496030]","1372","1036","",,
"1","Saint-Joachim (PE), Quebec","[2421020]","1373","1036","",,
"1","La Minerve (MÉ), Quebec","[2478130]","1374","1036","",,
"1","Godmanchester (CT), Quebec","[2469060]","1375","1036","",,
"1","Saint-Hubert-de-Rivière-du-Loup (MÉ), Quebec","[2412010]","1376","1036","",,
"1","Saint-Odilon-de-Cranbourne (PE), Quebec","[2427035]","1377","1036","",,
"1","Wotton (MÉ), Quebec","[2440017]","1378","1036","",,
"1","Matagami (V), Quebec","[2499015]","1379","1036","",,
"1","Clarendon (MÉ), Quebec","[2484015]","1380","1036","",,
"1","Sainte-Élisabeth (MÉ), Quebec","[2452030]","1381","1036","",,
"1","Saint-Simon (MÉ), Quebec","[2454090]","1382","1036","",,
"1","Chute-aux-Outardes (VL), Quebec","[2496035]","1383","1036","",,
"1","Duhamel (MÉ), Quebec","[2480135]","1785","1036","",,
"1","Saint-Eugène-d'Argentenay (MÉ), Quebec","[2492065]","1786","1036","",,
"1","Clermont (CT), Quebec","[2487110]","1787","1036","",,
"1","Les Hauteurs (MÉ), Quebec","[2409015]","1788","1036","",,
"1","La Motte (MÉ), Quebec","[2488045]","1789","1036","",,
"1","Odanak (IRI), Quebec","[2450802]","1790","1036","",,
"1","Saint-Adelme (PE), Quebec","[2408030]","1791","1036","",,
"1","Saint-Prosper-de-Champlain (MÉ), Quebec","[2437250]","1792","1036","",,
"1","Saint-Clément (MÉ), Quebec","[2411005]","1793","1036","",,
"1","Lamarche (MÉ), Quebec","[2493060]","1794","1036","",,
"1","Grosse-Île (MÉ), Quebec","[2401042]","1795","1036","",,
"1","Lac-des-Plages (MÉ), Quebec","[2480130]","1796","1036","",,
"1","Saint-Cyprien (PE), Quebec","[2428040]","1797","1036","",,
"1","Rivière-au-Tonnerre (MÉ), Quebec","[2498055]","1929","1036","",,
"1","Saints-Martyrs-Canadiens (PE), Quebec","[2439005]","1930","1036","",,
"1","Sainte-Lucie-de-Beauregard (MÉ), Quebec","[2418020]","1931","1036","",,
"1","Lac-Saint-Joseph (V), Quebec","[2422015]","1932","1036","",,
"1","Godbout (VL), Quebec","[2496010]","1933","1036","",,
"1","Laforce (MÉ), Quebec","[2485070]","1934","1036","",,
"1","Saint-Roch-Ouest (MÉ), Quebec","[2463040]","1935","1036","",,
"1","Estérel (V), Quebec","[2477011]","1936","1036","",,
"1","Natashquan (MÉ), Quebec","[2498025]","1937","1036","",,
"1","Winneway (S-É), Quebec","[2485804]","1938","1036","",,
"1","Pakuashipi (S-É), Quebec","[2498802]","1939","1036","",,
"1","Saint-Cléophas-de-Brandon (MÉ), Quebec","[2452075]","1940","1036","",,
"1","Saint-Fortunat (MÉ), Quebec","[2431030]","1941","1036","",,
"1","Chazel (MÉ), Quebec","[2487095]","1942","1036","",,
"1","Kitcisakik (S-É), Quebec","[2489802]","1943","1036","",,
"1","Padoue (MÉ), Quebec","[2409040]","1944","1036","",,
"1","Saint-Elphège (PE), Quebec","[2450095]","1945","1036","",,
"1","Saint-François-Xavier-de-Viger (MÉ), Quebec","[2412025]","1946","1036","",,
"1","Schefferville (V), Quebec","[2497040]","1947","1036","",,
"1","Sainte-Paule (MÉ), Quebec","[2408040]","1948","1036","",,
"1","Lejeune (MÉ), Quebec","[2413050]","1949","1036","",,
"1","Saint-Gérard-Majella (PE), Quebec","[2453085]","1950","1036","",,
"1","Albertville (MÉ), Quebec","[2407025]","1951","1036","",,
"1","Wôlinak (IRI), Quebec","[2438802]","1952","1036","",,
"1","Notre-Dame-des-Anges (PE), Quebec","[2423015]","1953","1036","",,
"1","Aupaluk (VN), Quebec","[2499105]","1954","1036","",,
"1","La Trinité-des-Monts (PE), Quebec","[2410010]","1955","1036","",,
"1","Portage-du-Fort (VL), Quebec","[2484020]","1956","1036","",,
"1","Saint-Jean-de-la-Lande (MÉ), Quebec","[2413010]","1957","1036","",,
"1","Alleyn-et-Cawood (MÉ), Quebec","[2484050]","1958","1036","",,
"1","Rivière-Saint-Jean (MÉ), Quebec","[2498050]","1959","1036","",,
"1","Aguanish (MÉ), Quebec","[2498030]","1960","1036","",,
"1","Saint-Charles-Garnier (PE), Quebec","[2409010]","1961","1036","",,
"1","Belcourt (MÉ), Quebec","[2489050]","1962","1036","",,
"1","Lac-Édouard (MÉ), Quebec","[2490027]","1963","1036","",,
"1","Grand-Métis (MÉ), Quebec","[2409060]","1964","1036","",,
"1","Sainte-Jeanne-d'Arc (PE), Quebec","[2409020]","1965","1036","",,
"1","Saint-Médard (MÉ), Quebec","[2411025]","1966","1036","",,
"1","Ham-Sud (MÉ), Quebec","[2440005]","1967","1036","",,
"1","Launay (CT), Quebec","[2488080]","1968","1036","",,
"1","Passes-Dangereuses (NO), Quebec","[2492902]","1969","1036","",,
"1","Saint-Alphonse-Rodriguez (MÉ), Quebec","[2462025]","1098","1036","",,
"1","Havre-Saint-Pierre (MÉ), Quebec","[2498040]","1099","1036","",,
"1","Saint-Jean-Port-Joli (MÉ), Quebec","[2417070]","1100","1036","",,
"1","Portneuf (V), Quebec","[2434048]","1101","1036","",,
"1","Saint-Isidore (MÉ), Quebec","[2426063]","1102","1036","",,
"1","Saint-Côme--Linière (MÉ), Quebec","[2429057]","1103","1036","",,
"1","Compton (MÉ), Quebec","[2444071]","1104","1036","",,
"1","Richmond (V), Quebec","[2442098]","1105","1036","",,
"1","Sainte-Mélanie (MÉ), Quebec","[2461050]","1106","1036","",,
"1","Saint-Gabriel-de-Valcartier (MÉ), Quebec","[2422025]","1107","1036","",,
"1","Saint-Jean-Baptiste (MÉ), Quebec","[2457033]","1108","1036","",,
"1","Mont-Saint-Grégoire (MÉ), Quebec","[2456097]","1109","1036","",,
"1","Notre-Dame-de-Lourdes (MÉ), Quebec","[2461045]","1110","1036","",,
"1","Thurso (V), Quebec","[2480050]","1111","1036","",,
"1","Val-Morin (MÉ), Quebec","[2478005]","1112","1036","",,
"1","Saint-Alexis (MÉ), Quebec","[2463023]","1384","1036","",,
"1","Lac-aux-Sables (PE), Quebec","[2435010]","1385","1036","",,
"1","Nantes (MÉ), Quebec","[2430045]","1386","1036","",,
"1","L'Isle-aux-Allumettes (MÉ), Quebec","[2484082]","1387","1036","",,
"1","Saint-Majorique-de-Grantham (PE), Quebec","[2449095]","1388","1036","",,
"1","Palmarolle (MÉ), Quebec","[2487025]","1389","1036","",,
"1","Hérouxville (PE), Quebec","[2435035]","1390","1036","",,
"1","Saint-Édouard (MÉ), Quebec","[2468045]","1391","1036","",,
"1","La Doré (PE), Quebec","[2491050]","1392","1036","",,
"1","L'Isle-Verte (MÉ), Quebec","[2412043]","1393","1036","",,
"1","Sainte-Ursule (MÉ), Quebec","[2451040]","1394","1036","",,
"1","L'Avenir (MÉ), Quebec","[2449025]","1395","1036","",,
"1","Vaudreuil-sur-le-Lac (VL), Quebec","[2471090]","1396","1036","",,
"1","Saint-Urbain-Premier (MÉ), Quebec","[2470005]","1397","1036","",,
"1","Racine (MÉ), Quebec","[2442032]","1398","1036","",,
"1","Saint-Hugues (MÉ), Quebec","[2454100]","1399","1036","",,
"1","Pointe-à-la-Croix (MÉ), Quebec","[2406030]","1400","1036","",,
"1","New Carlisle (MÉ), Quebec","[2405040]","1401","1036","",,
"1","Saint-Jude (MÉ), Quebec","[2454110]","1402","1036","",,
"1","Saint-Lazare-de-Bellechasse (MÉ), Quebec","[2419050]","1403","1036","",,
"1","Roxton Falls (VL), Quebec","[2448010]","1404","1036","",,
"1","Labrecque (MÉ), Quebec","[2493055]","1405","1036","",,
"1","Saint-Zénon (MÉ), Quebec","[2462080]","1406","1036","",,
"1","Saint-Urbain (PE), Quebec","[2416055]","1407","1036","",,
"1","Laurierville (MÉ), Quebec","[2432072]","1408","1036","",,
"1","Frampton (MÉ), Quebec","[2426005]","1409","1036","",,
"1","Fort-Coulonge (VL), Quebec","[2484060]","1410","1036","",,
"1","Saint-Louis-du-Ha! Ha! (PE), Quebec","[2413080]","1411","1036","",,
"1","Ragueneau (PE), Quebec","[2496040]","1412","1036","",,
"1","Notre-Dame-du-Portage (MÉ), Quebec","[2412080]","1413","1036","",,
"1","L'Anse-Saint-Jean (MÉ), Quebec","[2494210]","1414","1036","",,
"1","Lac Simon (IRI), Quebec","[2489804]","1415","1036","",,
"1","Lorrainville (MÉ), Quebec","[2485037]","1416","1036","",,
"1","Eeyou Istchee Baie-James (GR), Quebec","[2499060]","1417","1036","",,
"1","Bury (MÉ), Quebec","[2441070]","1418","1036","",,
"1","Rivière-Bleue (MÉ), Quebec","[2413025]","1419","1036","",,
"1","Saint-Norbert-d'Arthabaska (MÉ), Quebec","[2439043]","1420","1036","",,
"1","Saint-Arsène (PE), Quebec","[2412065]","1421","1036","",,
"1","Moffet (MÉ), Quebec","[2485075]","1970","1036","",,
"1","La Morandière (MÉ), Quebec","[2488015]","1971","1036","",,
"1","La Martre (MÉ), Quebec","[2404030]","1972","1036","",,
"1","Hampden (CT), Quebec","[2441075]","1973","1036","",,
"1","Saint-Lambert (PE), Quebec","[2487120]","1974","1036","",,
"1","Mont-Saint-Pierre (VL), Quebec","[2404015]","1975","1036","",,
"1","Saint-Jacques-le-Majeur-de-Wolfestown (PE), Quebec","[2431025]","1976","1036","",,
"1","Baie-Sainte-Catherine (MÉ), Quebec","[2415065]","1977","1036","",,
"1","Val-Racine (MÉ), Quebec","[2430015]","1978","1036","",,
"1","Sainte-Marguerite-Marie (MÉ), Quebec","[2407005]","1979","1036","",,
"1","L'Île-d'Anticosti (MÉ), Quebec","[2498020]","1980","1036","",,
"1","Lac-des-Seize-Îles (MÉ), Quebec","[2477055]","1981","1036","",,
"1","Lac-Frontière (MÉ), Quebec","[2418010]","1982","1036","",,
"1","Lac-Poulin (VL), Quebec","[2429095]","1983","1036","",,
"1","Ristigouche-Partie-Sud-Est (CT), Quebec","[2406035]","1984","1036","",,
"1","Val-Saint-Gilles (MÉ), Quebec","[2487105]","1985","1036","",,
"1","Mont-Albert (NO), Quebec","[2404902]","1986","1036","",,
"1","Saint-Christophe-d'Arthabaska (PE), Quebec","[2439060]","1113","1036","",,
"1","Cap-Saint-Ignace (MÉ), Quebec","[2418045]","1114","1036","",,
"1","Trois-Pistoles (V), Quebec","[2411040]","1115","1036","",,
"1","Percé (V), Quebec","[2402005]","1116","1036","",,
"1","Clermont (V), Quebec","[2415035]","1117","1036","",,
"1","Saint-André-d'Argenteuil (MÉ), Quebec","[2476008]","1118","1036","",,
"1","Saint-Liboire (MÉ), Quebec","[2454072]","1119","1036","",,
"1","Paspébiac (V), Quebec","[2405032]","1120","1036","",,
"1","Stoke (MÉ), Quebec","[2442005]","1121","1036","",,
"1","Saint-Anaclet-de-Lessard (PE), Quebec","[2410030]","1122","1036","",,
"1","Normandin (V), Quebec","[2492040]","1123","1036","",,
"1","Saint-David-de-Falardeau (MÉ), Quebec","[2494245]","1124","1036","",,
"1","Saint-Alexis-des-Monts (PE), Quebec","[2451065]","1125","1036","",,
"1","Beaumont (MÉ), Quebec","[2419105]","1126","1036","",,
"1","Saint-Mathieu-de-Beloeil (MÉ), Quebec","[2457045]","1127","1036","",,
"1","Adstock (MÉ), Quebec","[2431056]","1128","1036","",,
"1","Ange-Gardien (MÉ), Quebec","[2455008]","1129","1036","",,
"1","Grenville-sur-la-Rouge (MÉ), Quebec","[2476052]","1130","1036","",,
"1","Saint-Édouard-de-Lotbinière (PE), Quebec","[2433080]","1422","1036","",,
"1","Saints-Anges (PE), Quebec","[2426010]","1423","1036","",,
"1","Sainte-Marie-Salomé (MÉ), Quebec","[2463005]","1424","1036","",,
"1","Hébertville-Station (VL), Quebec","[2493025]","1425","1036","",,
"1","Trécesson (CT), Quebec","[2488075]","1426","1036","",,
"1","Saint-Armand (MÉ), Quebec","[2446017]","1427","1036","",,
"1","Saint-Siméon (PE), Quebec","[2405055]","1428","1036","",,
"1","Kitigan Zibi (IRI), Quebec","[2483802]","1429","1036","",,
"1","Très-Saint-Sacrement (PE), Quebec","[2469030]","1430","1036","",,
"1","Senneterre (PE), Quebec","[2489045]","1431","1036","",,
"1","Saint-Alban (MÉ), Quebec","[2434097]","1432","1036","",,
"1","Saint-Valère (MÉ), Quebec","[2439135]","1433","1036","",,
"1","Sainte-Marguerite (PE), Quebec","[2426035]","1434","1036","",,
"1","Saint-Barnabé (PE), Quebec","[2451025]","1435","1036","",,
"1","Lac-Bouchette (MÉ), Quebec","[2491005]","1436","1036","",,
"1","Saint-Modeste (MÉ), Quebec","[2412020]","1437","1036","",,
"1","Ayer's Cliff (VL), Quebec","[2445035]","1438","1036","",,
"1","Saint-Bruno-de-Guigues (MÉ), Quebec","[2485045]","1439","1036","",,
"1","Saint-Gabriel-de-Rimouski (MÉ), Quebec","[2409025]","1440","1036","",,
"1","Saint-Pierre-les-Becquets (MÉ), Quebec","[2438065]","1441","1036","",,
"1","Saint-Wenceslas (MÉ), Quebec","[2450023]","1442","1036","",,
"1","Grand-Remous (MÉ), Quebec","[2483095]","1443","1036","",,
"1","Saint-Georges-de-Clarenceville (MÉ), Quebec","[2456010]","1444","1036","",,
"1","Mont-Carmel (MÉ), Quebec","[2414005]","1445","1036","",,
"1","Saint-Narcisse-de-Beaurivage (PE), Quebec","[2433030]","1446","1036","",,
"1","Saint-Aimé-des-Lacs (MÉ), Quebec","[2415030]","1447","1036","",,
"1","Communauté de Wemotaci (IRI), Quebec","[2490802]","1448","1036","",,
"1","Stanstead (CT), Quebec","[2445025]","1449","1036","",,
"1","Disraeli (PE), Quebec","[2431020]","1450","1036","",,
"1","Notre-Dame-des-Neiges (MÉ), Quebec","[2411045]","1451","1036","",,
"1","Saint-Claude (MÉ), Quebec","[2442100]","1452","1036","",,
"1","Saint-Bruno (MÉ), Quebec","[2493030]","1131","1036","",,
"1","Dégelis (V), Quebec","[2413005]","1132","1036","",,
"1","Saint-Marc-des-Carrières (V), Quebec","[2434065]","1133","1036","",,
"1","Lac-des-Écorces (MÉ), Quebec","[2479078]","1134","1036","",,
"1","Saint-Paul-d'Abbotsford (MÉ), Quebec","[2455015]","1135","1036","",,
"1","Sainte-Marie-Madeleine (PE), Quebec","[2454030]","1136","1036","",,
"1","Sainte-Anne-de-Beaupré (V), Quebec","[2421030]","1137","1036","",,
"1","Saint-Gilles (MÉ), Quebec","[2433035]","1138","1036","",,
"1","Forestville (V), Quebec","[2495045]","1139","1036","",,
"1","Sainte-Luce (MÉ), Quebec","[2409092]","1140","1036","",,
"1","Stanstead (V), Quebec","[2445008]","1141","1036","",,
"1","Yamachiche (MÉ), Quebec","[2451020]","1142","1036","",,
"1","Saint-Gabriel (V), Quebec","[2452080]","1143","1036","",,
"1","Saint-Isidore (PE), Quebec","[2467040]","1144","1036","",,
"1","Kuujjuaq (VN), Quebec","[2499095]","1145","1036","",,
"1","Senneterre (V), Quebec","[2489040]","1146","1036","",,
"1","Labelle (MÉ), Quebec","[2478120]","1147","1036","",,
"1","Saint-Prime (MÉ), Quebec","[2491035]","1148","1036","",,
"1","Maria (MÉ), Quebec","[2406005]","1149","1036","",,
"1","Stukely-Sud (VL), Quebec","[2445105]","1453","1036","",,
"1","Saint-Hilarion (PE), Quebec","[2416050]","1454","1036","",,
"1","Saint-Siméon (MÉ), Quebec","[2415058]","1455","1036","",,
"1","Saint-Léonard-de-Portneuf (MÉ), Quebec","[2434115]","1456","1036","",,
"1","Plaisance (MÉ), Quebec","[2480045]","1457","1036","",,
"1","Saint-Eugène (MÉ), Quebec","[2449105]","1458","1036","",,
"1","Frelighsburg (MÉ), Quebec","[2446010]","1459","1036","",,
"1","Blanc-Sablon (MÉ), Quebec","[2498005]","1460","1036","",,
"1","Roxton (CT), Quebec","[2448015]","1461","1036","",,
"1","Bristol (MÉ), Quebec","[2484005]","1462","1036","",,
"1","Saint-Étienne-de-Beauharnois (MÉ), Quebec","[2470030]","1463","1036","",,
"1","Saint-Félix-d'Otis (MÉ), Quebec","[2494225]","1464","1036","",,
"1","Saint-Patrice-de-Beaurivage (MÉ), Quebec","[2433025]","1465","1036","",,
"1","Montpellier (MÉ), Quebec","[2480090]","1466","1036","",,
"1","Bolton-Est (MÉ), Quebec","[2445095]","1467","1036","",,
"1","Sainte-Sabine (MÉ), Quebec","[2446105]","1468","1036","",,
"1","L'Isle-aux-Coudres (MÉ), Quebec","[2416023]","1469","1036","",,
"1","La Macaza (MÉ), Quebec","[2479047]","1470","1036","",,
"1","Westbury (CT), Quebec","[2441065]","1471","1036","",,
"1","Melbourne (CT), Quebec","[2442075]","1472","1036","",,
"1","Sainte-Félicité (MÉ), La Matanie, Quebec","[2408023]","1473","1036","",,
"1","Saint-Benjamin (MÉ), Quebec","[2428025]","1474","1036","",,
"1","Sainte-Jeanne-d'Arc (VL), Quebec","[2492015]","1475","1036","",,
"1","Saint-Narcisse-de-Rimouski (PE), Quebec","[2410015]","1476","1036","",,
"1","Saint-Janvier-de-Joly (MÉ), Quebec","[2433065]","1477","1036","",,
"1","Notre-Dame-du-Nord (MÉ), Quebec","[2485090]","1478","1036","",,
"1","Saint-Louis-de-Blandford (MÉ), Quebec","[2439170]","1479","1036","",,
"1","Saint-Cyprien (MÉ), Quebec","[2412005]","1480","1036","",,
"1","Grande-Vallée (MÉ), Quebec","[2403020]","1481","1036","",,
"1","Saint-Ludger (MÉ), Quebec","[2430072]","1482","1036","",,
"1","Saint-Bonaventure (MÉ), Quebec","[2449125]","1483","1036","",,
"1","Saint-Michel-du-Squatec (MÉ), Quebec","[2413065]","1484","1036","",,
"1","Saint-Frédéric (PE), Quebec","[2427065]","1485","1036","",,
"1","Saint-Anicet (MÉ), Quebec","[2469070]","1150","1036","",,
"1","Saint-Dominique (MÉ), Quebec","[2454060]","1151","1036","",,
"1","Sainte-Catherine-de-Hatley (MÉ), Quebec","[2445060]","1152","1036","",,
"1","Sainte-Anne-de-Sorel (MÉ), Quebec","[2453065]","1153","1036","",,
"1","Macamic (V), Quebec","[2487058]","1154","1036","",,
"1","Bonaventure (V), Quebec","[2405045]","1155","1036","",,
"1","Lacolle (MÉ), Quebec","[2456023]","1156","1036","",,
"1","Saint-Basile (V), Quebec","[2434038]","1157","1036","",,
"1","Ferme-Neuve (MÉ), Quebec","[2479097]","1158","1036","",,
"1","Saint-Alexandre (MÉ), Quebec","[2456055]","1159","1036","",,
"1","Rougemont (MÉ), Quebec","[2455037]","1160","1036","",,
"1","Saint-Gabriel-de-Brandon (MÉ), Quebec","[2452085]","1161","1036","",,
"1","Sainte-Clotilde (MÉ), Quebec","[2468020]","1162","1036","",,
"1","Weedon (MÉ), Quebec","[2441098]","1163","1036","",,
"1","Plessisville (PE), Quebec","[2432045]","1164","1036","",,
"1","La Présentation (MÉ), Quebec","[2454035]","1165","1036","",,
"1","Saint-Elzéar (MÉ), La Nouvelle-Beauce, Quebec","[2426022]","1166","1036","",,
"1","Saint-Roch-de-Richelieu (MÉ), Quebec","[2453040]","1167","1036","",,
"1","Wickham (MÉ), Quebec","[2449040]","1168","1036","",,
"1","Saint-Norbert (PE), Quebec","[2452070]","1486","1036","",,
"1","Romaine 2 (IRI), Quebec","[2498804]","1487","1036","",,
"1","Lac-Drolet (MÉ), Quebec","[2430080]","1488","1036","",,
"1","Entrelacs (MÉ), Quebec","[2462053]","1489","1036","",,
"1","Durham-Sud (MÉ), Quebec","[2449015]","1490","1036","",,
"1","Lac-Simon (MÉ), Quebec","[2480095]","1491","1036","",,
"1","Sainte-Pétronille (VL), Quebec","[2420030]","1492","1036","",,
"1","Sainte-Agathe-de-Lotbinière (MÉ), Quebec","[2433017]","1493","1036","",,
"1","Saint-Maxime-du-Mont-Louis (MÉ), Quebec","[2404010]","1494","1036","",,
"1","Kazabazua (MÉ), Quebec","[2483015]","1495","1036","",,
"1","Chute-Saint-Philippe (MÉ), Quebec","[2479065]","1496","1036","",,
"1","Valcourt (CT), Quebec","[2442060]","1497","1036","",,
"1","Charette (MÉ), Quebec","[2451080]","1498","1036","",,
"1","Stratford (CT), Quebec","[2430110]","1499","1036","",,
"1","Saint-Félix-de-Dalquier (MÉ), Quebec","[2488060]","1500","1036","",,
"1","Saint-Léon-de-Standon (PE), Quebec","[2419020]","1501","1036","",,
"1","Saint-Vallier (MÉ), Quebec","[2419117]","1502","1036","",,
"1","Notre-Dame-des-Bois (MÉ), Quebec","[2430010]","1503","1036","",,
"1","Sainte-Geneviève-de-Batiscan (PE), Quebec","[2437215]","1504","1036","",,
"1","Whapmagoostui (TC), Quebec","[2499816]","1505","1036","",,
"1","Sainte-Marthe (MÉ), Quebec","[2471110]","1506","1036","",,
"1","Saint-Jean-de-l'Île-d'Orléans (MÉ), Quebec","[2420015]","1507","1036","",,
"1","Saint-Sylvestre (MÉ), Quebec","[2433007]","1508","1036","",,
"1","Low (CT), Quebec","[2483010]","1509","1036","",,
"1","Girardville (MÉ), Quebec","[2492055]","1510","1036","",,
"1","Brébeuf (PE), Quebec","[2478075]","1511","1036","",,
"1","Notre-Dame-de-la-Merci (MÉ), Quebec","[2462055]","1512","1036","",,
"1","Saint-Stanislas (MÉ), Francheville, Quebec","[2437245]","1513","1036","",,
"1","Desbiens (V), Quebec","[2493005]","1514","1036","",,
"1","Sainte-Eulalie (MÉ), Quebec","[2450005]","1515","1036","",,
"1","Très-Saint-Rédempteur (MÉ), Quebec","[2471125]","1516","1036","",,
"1","Val-Alain (MÉ), Quebec","[2433070]","1517","1036","",,
"1","Saint-Charles-de-Bellechasse (MÉ), Quebec","[2419097]","1169","1036","",,
"1","Saint-Côme (MÉ), Quebec","[2462065]","1170","1036","",,
"1","Saint-Martin (PE), Quebec","[2429045]","1171","1036","",,
"1","Akwesasne (IRI), Quebec","[2469802]","1172","1036","",,
"1","Saint-Chrysostome (MÉ), Quebec","[2469017]","1173","1036","",,
"1","Laurier-Station (VL), Quebec","[2433060]","1174","1036","",,
"1","Scott (MÉ), Quebec","[2426048]","1175","1036","",,
"1","Bedford (V), Quebec","[2446035]","1176","1036","",,
"1","Huntingdon (V), Quebec","[2469055]","1177","1036","",,
"1","Saint-Bernard (MÉ), Quebec","[2426055]","1178","1036","",,
"1","Waskaganish (TC), Quebec","[2499806]","1179","1036","",,
"1","Saint-Léonard-d'Aston (MÉ), Quebec","[2450042]","1180","1036","",,
"1","Rivière-Beaudette (MÉ), Quebec","[2471005]","1181","1036","",,
"1","Sainte-Croix (MÉ), Quebec","[2433102]","1182","1036","",,
"1","Cap-Chat (V), Quebec","[2404047]","1183","1036","",,
"1","Saint-Michel-des-Saints (MÉ), Quebec","[2462085]","1184","1036","",,
"1","Hébertville (MÉ), Quebec","[2493020]","1185","1036","",,
"1","Saint-François-Xavier-de-Brompton (MÉ), Quebec","[2442020]","1186","1036","",,
"1","Sainte-Angèle-de-Mérici (MÉ), Quebec","[2409035]","1518","1036","",,
"1","Rivière-Ouelle (MÉ), Quebec","[2414065]","1519","1036","",,
"1","Les Méchins (MÉ), Quebec","[2408005]","1520","1036","",,
"1","Sainte-Thérèse-de-Gaspé (MÉ), Quebec","[2402010]","1521","1036","",,
"1","Saint-Léon-le-Grand (PE), La Matapédia, Quebec","[2407030]","1522","1036","",,
"1","Baie-du-Febvre (MÉ), Quebec","[2450100]","1523","1036","",,
"1","Saint-Barnabé-Sud (MÉ), Quebec","[2454105]","1524","1036","",,
"1","Kangiqsualujjuaq (VN), Quebec","[2499090]","1525","1036","",,
"1","Saint-Justin (MÉ), Quebec","[2451045]","1526","1036","",,
"1","Sainte-Justine-de-Newton (MÉ), Quebec","[2471115]","1527","1036","",,
"1","Saint-Georges-de-Windsor (MÉ), Quebec","[2440032]","1528","1036","",,
"1","Saint-René-de-Matane (MÉ), Quebec","[2408035]","1529","1036","",,
"1","Batiscan (MÉ), Quebec","[2437210]","1530","1036","",,
"1","Saint-René (PE), Quebec","[2429050]","1531","1036","",,
"1","Saint-Roch-des-Aulnaies (MÉ), Quebec","[2417065]","1532","1036","",,
"1","Petite-Rivière-Saint-François (MÉ), Quebec","[2416005]","1533","1036","",,
"1","Senneville (VL), Quebec","[2466127]","1534","1036","",,
"1","Laverlochère-Angliers (MÉ), Quebec","[2485052]","1535","1036","",,
"1","Duhamel-Ouest (MÉ), Quebec","[2485030]","1536","1036","",,
"1","Dupuy (MÉ), Quebec","[2487085]","1537","1036","",,
"1","Sainte-Germaine-Boulé (MÉ), Quebec","[2487030]","1538","1036","",,
"1","Saint-Fabien-de-Panet (PE), Quebec","[2418015]","1539","1036","",,
"1","Saint-Rosaire (PE), Quebec","[2439145]","1540","1036","",,
"1","Dosquet (MÉ), Quebec","[2433040]","1541","1036","",,
"1","Montebello (MÉ), Quebec","[2480010]","1542","1036","",,
"1","Lochaber-Partie-Ouest (CT), Quebec","[2480060]","1543","1036","",,
"1","Otter Lake (MÉ), Quebec","[2484055]","1544","1036","",,
"1","Eastmain (TC), Quebec","[2499810]","1545","1036","",,
"1","Lefebvre (MÉ), Quebec","[2449020]","1546","1036","",,
"1","Val-des-Bois (MÉ), Quebec","[2480140]","1547","1036","",,
"1","Pohénégamook (V), Quebec","[2413095]","1187","1036","",,
"1","Sainte-Victoire-de-Sorel (MÉ), Quebec","[2453025]","1188","1036","",,
"1","Saint-Raphaël (MÉ), Quebec","[2419082]","1189","1036","",,
"1","Saint-Damase (MÉ), Quebec","[2454017]","1190","1036","",,
"1","Ville-Marie (V), Quebec","[2485025]","1191","1036","",,
"1","Pessamit (IRI), Quebec","[2496802]","1192","1036","",,
"1","Saint-Polycarpe (MÉ), Quebec","[2471020]","1193","1036","",,
"1","Sainte-Thècle (MÉ), Quebec","[2435050]","1194","1036","",,
"1","Saint-Damien (PE), Quebec","[2462075]","1195","1036","",,
"1","Léry (V), Quebec","[2467055]","1196","1036","",,
"1","Gracefield (V), Quebec","[2483032]","1197","1036","",,
"1","Saint-Denis-sur-Richelieu (MÉ), Quebec","[2457068]","1198","1036","",,
"1","Témiscaming (V), Quebec","[2485005]","1199","1036","",,
"1","Mandeville (MÉ), Quebec","[2452095]","1200","1036","",,
"1","Daveluyville (V), Quebec","[2439152]","1201","1036","",,
"1","Disraeli (V), Quebec","[2431015]","1202","1036","",,
"1","Saint-Mathieu (MÉ), Quebec","[2467005]","1203","1036","",,
"1","Fossambault-sur-le-Lac (V), Quebec","[2422010]","1204","1036","",,
"1","Saint-Éphrem-de-Beauce (MÉ), Quebec","[2429112]","1205","1036","",,
"1","Beaulac-Garthby (MÉ), Quebec","[2431008]","1548","1036","",,
"1","Preissac (MÉ), Quebec","[2488090]","1549","1036","",,
"1","Sainte-Perpétue (PE), Quebec","[2450050]","1550","1036","",,
"1","Nutashkuan (IRI), Quebec","[2498806]","1551","1036","",,
"1","Saint-Adelphe (PE), Quebec","[2435015]","1552","1036","",,
"1","Inverness (MÉ), Quebec","[2432058]","1553","1036","",,
"1","Longue-Rive (MÉ), Quebec","[2495032]","1554","1036","",,
"1","Saint-Valérien (PE), Quebec","[2410060]","1555","1036","",,
"1","Deschaillons-sur-Saint-Laurent (MÉ), Quebec","[2438070]","1556","1036","",,
"1","Val-Brillant (MÉ), Quebec","[2407080]","1557","1036","",,
"1","Landrienne (CT), Quebec","[2488035]","1558","1036","",,
"1","L'Ascension (MÉ), Quebec","[2479050]","1559","1036","",,
"1","Irlande (MÉ), Quebec","[2431040]","1560","1036","",,
"1","Sainte-Flavie (PE), Quebec","[2409085]","1561","1036","",,
"1","Taschereau (MÉ), Quebec","[2487042]","1562","1036","",,
"1","Cayamant (MÉ), Quebec","[2483040]","1563","1036","",,
"1","Saint-Célestin (VL), Quebec","[2450030]","1564","1036","",,
"1","Saint-Pierre-de-Broughton (MÉ), Quebec","[2431135]","1565","1036","",,
"1","Harrington (CT), Quebec","[2476065]","1566","1036","",,
"1","Lantier (MÉ), Quebec","[2478015]","1567","1036","",,
"1","Sainte-Hélène-de-Kamouraska (MÉ), Quebec","[2414025]","1568","1036","",,
"1","Honfleur (MÉ), Quebec","[2419070]","1569","1036","",,
"1","Saint-Nazaire-d'Acton (PE), Quebec","[2448050]","1570","1036","",,
"1","Notre-Dame-du-Bon-Conseil (PE), Quebec","[2449080]","1571","1036","",,
"1","Saint-David (MÉ), Quebec","[2453005]","1572","1036","",,
"1","Chesterville (MÉ), Quebec","[2439030]","1573","1036","",,
"1","Saint-Marc-de-Figuery (PE), Quebec","[2488040]","1574","1036","",,
"1","Sainte-Hedwidge (MÉ), Quebec","[2491030]","1575","1036","",,
"1","Notre-Dame-du-Sacré-Coeur-d'Issoudun (PE), Quebec","[2433085]","1576","1036","",,
"1","Saint-Léon-le-Grand (PE), Maskinongé, Quebec","[2451035]","1577","1036","",,
"1","Sainte-Aurélie (MÉ), Quebec","[2428015]","1578","1036","",,
"1","Huberdeau (MÉ), Quebec","[2478065]","1579","1036","",,
"1","Sainte-Monique (MÉ), Lac-Saint-Jean-Est, Quebec","[2493075]","1580","1036","",,
"1","Maskinongé (MÉ), Quebec","[2451008]","1206","1036","",,
"1","Waterville (V), Quebec","[2444080]","1207","1036","",,
"1","Gore (CT), Quebec","[2476025]","1208","1036","",,
"1","Saint-Victor (MÉ), Quebec","[2427008]","1209","1036","",,
"1","Eastman (MÉ), Quebec","[2445093]","1210","1036","",,
"1","Brigham (MÉ), Quebec","[2446090]","1211","1036","",,
"1","Saint-Marc-sur-Richelieu (MÉ), Quebec","[2457050]","1212","1036","",,
"1","Fermont (V), Quebec","[2497035]","1213","1036","",,
"1","Sainte-Madeleine (VL), Quebec","[2454025]","1214","1036","",,
"1","Port-Daniel--Gascons (MÉ), Quebec","[2402047]","1215","1036","",,
"1","Sainte-Geneviève-de-Berthier (MÉ), Quebec","[2452040]","1216","1036","",,
"1","Saint-Pamphile (V), Quebec","[2417010]","1217","1036","",,
"1","Saint-Alexandre-de-Kamouraska (MÉ), Quebec","[2414035]","1218","1036","",,
"1","Nominingue (MÉ), Quebec","[2479030]","1219","1036","",,
"1","East Broughton (MÉ), Quebec","[2431122]","1220","1036","",,
"1","Hatley (CT), Quebec","[2445055]","1221","1036","",,
"1","Mansfield-et-Pontefract (MÉ), Quebec","[2484065]","1222","1036","",,
"1","Deschambault-Grondines (MÉ), Quebec","[2434058]","1223","1036","",,
"1","Chénéville (MÉ), Quebec","[2480103]","1581","1036","",,
"1","Ham-Nord (CT), Quebec","[2439010]","1582","1036","",,
"1","Howick (MÉ), Quebec","[2469025]","1583","1036","",,
"1","Lotbinière (MÉ), Quebec","[2433115]","1584","1036","",,
"1","Bégin (MÉ), Quebec","[2494250]","1585","1036","",,
"1","Sainte-Cécile-de-Whitton (MÉ), Quebec","[2430050]","1586","1036","",,
"1","Notre-Dame-de-la-Salette (MÉ), Quebec","[2482010]","1587","1036","",,
"1","Kangiqsujuaq (VN), Quebec","[2499130]","1588","1036","",,
"1","Saint-Paul-de-Montminy (MÉ), Quebec","[2418030]","1589","1036","",,
"1","Sainte-Famille-de-l'Île-d'Orléans (MÉ), Quebec","[2420010]","1590","1036","",,
"1","Hemmingford (VL), Quebec","[2468010]","1591","1036","",,
"1","Saint-Pierre-de-la-Rivière-du-Sud (PE), Quebec","[2418055]","1592","1036","",,
"1","Saint-Épiphane (MÉ), Quebec","[2412030]","1593","1036","",,
"1","Nemaska (TC), Quebec","[2499808]","1594","1036","",,
"1","Saint-Donat (PE), Quebec","[2409030]","1595","1036","",,
"1","Stanbridge East (MÉ), Quebec","[2446045]","1596","1036","",,
"1","Saint-Philippe-de-Néri (PE), Quebec","[2414060]","1597","1036","",,
"1","Saint-Étienne-de-Bolton (MÉ), Quebec","[2445100]","1598","1036","",,
"1","Saint-Aimé-du-Lac-des-Îles (MÉ), Quebec","[2479022]","1599","1036","",,
"1","Notre-Dame-de-Montauban (MÉ), Quebec","[2435005]","1600","1036","",,
"1","Courcelles (MÉ), Quebec","[2430090]","1601","1036","",,
"1","Saint-Séverin (PE), Mékinac, Quebec","[2435020]","1602","1036","",,
"1","Tadoussac (VL), Quebec","[2495005]","1603","1036","",,
"1","Saint-Edmond-de-Grantham (PE), Quebec","[2449100]","1604","1036","",,
"1","Manseau (MÉ), Quebec","[2438028]","1605","1036","",,
"1","La Patrie (MÉ), Quebec","[2441027]","1606","1036","",,
"1","Oujé-Bougoumou (TC), Quebec","[2499818]","1607","1036","",,
"1","Saint-Édouard-de-Maskinongé (MÉ), Quebec","[2451050]","1608","1036","",,
"1","Saint-Henri-de-Taillon (MÉ), Quebec","[2493070]","1609","1036","",,
"1","Sainte-Gertrude-Manneville (MÉ), Quebec","[2488085]","1610","1036","",,
"1","Kiamika (MÉ), Quebec","[2479025]","1611","1036","",,
"1","Notre-Dame-de-Lourdes (PE), Quebec","[2432080]","1612","1036","",,
"1","Saint-Jean-de-Cherbourg (PE), Quebec","[2408010]","1987","1036","",,
"1","Lac-Chicobi (NO), Quebec","[2488904]","1988","1036","",,
"1","Notre-Dame-de-Lorette (MÉ), Quebec","[2492060]","1989","1036","",,
"1","Petite-Vallée (MÉ), Quebec","[2403015]","1990","1036","",,
"1","Saint-André-de-Restigouche (MÉ), Quebec","[2406040]","1991","1036","",,
"1","L'Ascension-de-Patapédia (MÉ), Quebec","[2406060]","1992","1036","",,
"1","Rochebaucourt (MÉ), Quebec","[2488010]","1993","1036","",,
"1","Kingsbury (VL), Quebec","[2442070]","1994","1036","",,
"1","Rapides-des-Joachims (MÉ), Quebec","[2484100]","1995","1036","",,
"1","Rivière-à-Claude (MÉ), Quebec","[2404020]","1996","1036","",,
"1","Sheenboro (MÉ), Quebec","[2484095]","1997","1036","",,
"1","Saint-Pierre-de-Lamy (MÉ), Quebec","[2413075]","1998","1036","",,
"1","Saint-Antoine-de-l'Isle-aux-Grues (PE), Quebec","[2418070]","1999","1036","",,
"1","L'Île-Cadieux (V), Quebec","[2471095]","2000","1036","",,
"1","Lac-Walker (NO), Quebec","[2497904]","2001","1036","",,
"1","Sagard (NO), Quebec","[2415904]","2002","1036","",,
"1","Saint-Guillaume-Nord (NO), Quebec","[2462912]","2003","1036","",,
"1","Saint-Hilaire-de-Dorset (PE), Quebec","[2429020]","2004","1036","",,
"1","Champneuf (MÉ), Quebec","[2488005]","2005","1036","",,
"1","Rivière-aux-Outardes (NO), Quebec","[2496902]","2006","1036","",,
"1","Laniel (NO), Quebec","[2485905]","2007","1036","",,
"1","Baie-Johan-Beetz (MÉ), Quebec","[2498035]","2008","1036","",,
"1","Barkmere (V), Quebec","[2478050]","2009","1036","",,
"1","Saint-Guy (MÉ), Quebec","[2411020]","2010","1036","",,
"1","Notre-Dame-des-Sept-Douleurs (PE), Quebec","[2412045]","2011","1036","",,
"1","Saint-Venant-de-Paquette (MÉ), Quebec","[2444005]","2012","1036","",,
"1","Lac-Tremblant-Nord (MÉ), Quebec","[2478127]","2013","1036","",,
"1","Rivière-Ojima (NO), Quebec","[2487904]","2014","1036","",,
"1","Sainte-Cécile-de-Milton (MÉ), Quebec","[2447055]","1224","1036","",,
"1","Wendake (IRI), Quebec","[2423802]","1225","1036","",,
"1","Hinchinbrooke (MÉ), Quebec","[2469045]","1226","1036","",,
"1","Sainte-Béatrix (MÉ), Quebec","[2462020]","1227","1036","",,
"1","Albanel (MÉ), Quebec","[2492030]","1228","1036","",,
"1","Saint-Gédéon (MÉ), Quebec","[2493035]","1229","1036","",,
"1","Sainte-Anne-de-Sabrevois (PE), Quebec","[2456060]","1230","1036","",,
"1","Saint-Paul-de-l'Île-aux-Noix (MÉ), Quebec","[2456035]","1231","1036","",,
"1","Papineauville (MÉ), Quebec","[2480037]","1232","1036","",,
"1","Saint-Gervais (MÉ), Quebec","[2419075]","1233","1036","",,
"1","Causapscal (V), Quebec","[2407018]","1234","1036","",,
"1","Puvirnituq (VN), Quebec","[2499120]","1235","1036","",,
"1","Valcourt (V), Quebec","[2442055]","1236","1036","",,
"1","Saint-Blaise-sur-Richelieu (MÉ), Quebec","[2456065]","1237","1036","",,
"1","Pierreville (MÉ), Quebec","[2450113]","1238","1036","",,
"1","Saint-Barthélemy (PE), Quebec","[2452055]","1239","1036","",,
"1","Saint-Gédéon-de-Beauce (MÉ), Quebec","[2429013]","1240","1036","",,
"1","L'Ascension-de-Notre-Seigneur (PE), Quebec","[2493065]","1241","1036","",,
"1","Duparquet (V), Quebec","[2487005]","1643","1036","",,
"1","Kuujjuarapik (VN), Quebec","[2499075]","1644","1036","",,
"1","Saint-Romain (MÉ), Quebec","[2430100]","1645","1036","",,
"1","Mayo (MÉ), Quebec","[2480065]","1646","1036","",,
"1","Saint-Alphonse (MÉ), Quebec","[2405065]","1647","1036","",,
"1","Audet (MÉ), Quebec","[2430055]","1648","1036","",,
"1","Saint-Jacques-de-Leeds (MÉ), Quebec","[2431140]","1649","1036","",,
"1","Campbell's Bay (MÉ), Quebec","[2484030]","1650","1036","",,
"1","Saint-Zéphirin-de-Courval (PE), Quebec","[2450090]","1651","1036","",,
"1","Béarn (MÉ), Quebec","[2485020]","1652","1036","",,
"1","Saint-Magloire (MÉ), Quebec","[2428075]","1653","1036","",,
"1","Sainte-Sophie-de-Lévrard (PE), Quebec","[2438040]","1654","1036","",,
"1","Saint-Thomas-Didyme (MÉ), Quebec","[2492045]","1655","1036","",,
"1","Saint-Théophile (MÉ), Quebec","[2429005]","1656","1036","",,
"1","Bouchette (MÉ), Quebec","[2483050]","1657","1036","",,
"1","Saint-Sébastien (MÉ), Le Haut-Richelieu, Quebec","[2456050]","1658","1036","",,
"1","Blue Sea (MÉ), Quebec","[2483045]","1659","1036","",,
"1","Notre-Dame-de-Stanbridge (MÉ), Quebec","[2446100]","1660","1036","",,
"1","Saint-Mathieu-de-Rioux (MÉ), Quebec","[2411050]","1661","1036","",,
"1","Newport (MÉ), Quebec","[2441037]","1662","1036","",,
"1","Notre-Dame-des-Monts (MÉ), Quebec","[2415025]","1613","1036","",,
"1","Saint-Sylvère (MÉ), Quebec","[2438005]","1614","1036","",,
"1","Côte-Nord-du-Golfe-du-Saint-Laurent (MÉ), Quebec","[2498015]","1615","1036","",,
"1","Notre-Dame-de-Pontmain (MÉ), Quebec","[2479010]","1616","1036","",,
"1","La Durantaye (PE), Quebec","[2419090]","1617","1036","",,
"1","Saint-Charles-de-Bourget (MÉ), Quebec","[2494260]","1618","1036","",,
"1","La Corne (MÉ), Quebec","[2488030]","1619","1036","",,
"1","Marston (CT), Quebec","[2430035]","1620","1036","",,
"1","Lac-Delage (V), Quebec","[2422030]","1621","1036","",,
"1","Saint-Mathieu-d'Harricana (MÉ), Quebec","[2488050]","1622","1036","",,
"1","Normétal (MÉ), Quebec","[2487115]","1623","1036","",,
"1","Sainte-Christine (PE), Quebec","[2448020]","1624","1036","",,
"1","Hatley (MÉ), Quebec","[2445043]","1625","1036","",,
"1","Saint-Samuel (MÉ), Quebec","[2439130]","1626","1036","",,
"1","Cascapédia--Saint-Jules (MÉ), Quebec","[2405077]","1627","1036","",,
"1","Notre-Dame-Auxiliatrice-de-Buckland (PE), Quebec","[2419010]","1628","1036","",,
"1","Saint-Honoré-de-Témiscouata (MÉ), Quebec","[2413090]","1629","1036","",,
"1","Saint-Télesphore (MÉ), Quebec","[2471015]","1630","1036","",,
"1","Ogden (MÉ), Quebec","[2445020]","1631","1036","",,
"1","Aumond (CT), Quebec","[2483090]","1632","1036","",,
"1","Val-des-Lacs (MÉ), Quebec","[2478100]","1633","1036","",,
"1","Havelock (CT), Quebec","[2469005]","1634","1036","",,
"1","Saint-Louis (MÉ), Quebec","[2454120]","1635","1036","",,
"1","Sainte-Rose-de-Watford (MÉ), Quebec","[2428030]","1636","1036","",,
"1","Saint-Nérée-de-Bellechasse (MÉ), Quebec","[2419045]","1637","1036","",,
"1","Saint-Cyrille-de-Lessard (PE), Quebec","[2417045]","1638","1036","",,
"1","Dixville (MÉ), Quebec","[2444023]","1639","1036","",,
"1","Sainte-Brigitte-des-Saults (PE), Quebec","[2449085]","1640","1036","",,
"1","Saint-Camille-de-Lellis (PE), Quebec","[2428070]","1641","1036","",,
"1","Bolton-Ouest (MÉ), Quebec","[2446065]","1642","1036","",,
"1","Lac-Ministuk (NO), Quebec","[2494928]","2015","1036","",,
"1","Rivière-Bonaventure (NO), Quebec","[2405902]","2016","1036","",,
"1","Mont-Élie (NO), Quebec","[2415902]","2017","1036","",,
"1","Saint-Benoît-du-Lac (MÉ), Quebec","[2445080]","2018","1036","",,
"1","Lac-Ashuapmushuan (NO), Quebec","[2491902]","2019","1036","",,
"1","Lac-Huron (NO), Quebec","[2410902]","2020","1036","",,
"1","Rivière-Mistassini (NO), Quebec","[2492904]","2021","1036","",,
"1","Lac-Despinassy (NO), Quebec","[2488902]","2022","1036","",,
"1","Lac-John (IRI), Quebec","[2497810]","2023","1036","",,
"1","Mont-Valin (NO), Quebec","[2494930]","2024","1036","",,
"1","Routhierville (NO), Quebec","[2407902]","2025","1036","",,
"1","Rivière-Bonjour (NO), Quebec","[2408902]","2026","1036","",,
"1","Rivière-Mouchalagane (NO), Quebec","[2497906]","2027","1036","",,
"1","Baie-de-la-Bouteille (NO), Quebec","[2462906]","2028","1036","",,
"1","Belle-Rivière (NO), Quebec","[2493908]","2029","1036","",,
"1","Lac-Casault (NO), Quebec","[2407908]","2030","1036","",,
"1","Lac-Matapédia (NO), Quebec","[2407914]","2031","1036","",,
"1","Lac-Matawin (NO), Quebec","[2462908]","2032","1036","",,
"1","Lac-Normand (NO), Quebec","[2435904]","2033","1036","",,
"1","Les Lacs-du-Témiscamingue (NO), Quebec","[2485907]","2034","1036","",,
"1","L'Île-Dorval (V), Quebec","[2466092]","2035","1036","",,
"1","Linton (NO), Quebec","[2434904]","2036","1036","",,
"1","Mistissini (VC), Quebec","[2499030]","2037","1036","",,
"1","Baie-d'Hudson (NO), Quebec","[2499904]","2038","1036","",,
"1","Hunter's Point (S-É), Quebec","[2485803]","2039","1036","",,
"1","Lac-Devenyns (NO), Quebec","[2462904]","2040","1036","",,
"1","Lac-Douaire (NO), Quebec","[2479922]","2041","1036","",,
"1","Lac-Nilgaut (NO), Quebec","[2484902]","2042","1036","",,
"1","Lac-Pythonga (NO), Quebec","[2483902]","2043","1036","",,
"1","Picard (NO), Quebec","[2414902]","2044","1036","",,
"1","Rivière-de-la-Savane (NO), Quebec","[2435906]","2045","1036","",,
"1","Akulivik (TI), Quebec","[2499883]","2046","1036","",,
"1","Aupaluk (TI), Quebec","[2499891]","2047","1036","",,
"1","Baie-Atibenne (NO), Quebec","[2462920]","2048","1036","",,
"1","Baie-des-Chaloupes (NO), Quebec","[2479920]","2049","1036","",,
"1","Baie-Obaoca (NO), Quebec","[2462918]","2050","1036","",,
"1","Caniapiscau (NO), Quebec","[2497908]","2051","1036","",,
"1","Cascades-Malignes (NO), Quebec","[2483904]","2052","1036","",,
"1","Chisasibi (VC), Quebec","[2499055]","2053","1036","",,
"1","Collines-du-Basque (NO), Quebec","[2403904]","2054","1036","",,
"1","Coulée-des-Adolphe (NO), Quebec","[2404904]","2055","1036","",,
"1","Dépôt-Échouani (NO), Quebec","[2483912]","2056","1036","",,
"1","Doncaster (IRI), Quebec","[2478802]","2057","1036","",,
"1","Eastmain (VC), Quebec","[2499045]","2058","1036","",,
"1","Inukjuak (TI), Quebec","[2499879]","2059","1036","",,
"1","Ivujivik (TI), Quebec","[2499885]","2060","1036","",,
"1","Kangiqsualujjuaq (TI), Quebec","[2499894]","2061","1036","",,
"1","Kangiqsujuaq (TI), Quebec","[2499888]","2062","1036","",,
"1","Kangirsuk (TI), Quebec","[2499890]","2063","1036","",,
"1","Kawawachikamach (VK), Quebec","[2499065]","2064","1036","",,
"1","Kuujjuaq (TI), Quebec","[2499893]","2065","1036","",,
"1","Saint-Germain-de-Grantham (MÉ), Quebec","[2449048]","1037","1036","",,
"1","Saint-Cyrille-de-Wendover (MÉ), Quebec","[2449070]","1038","1036","",,
"1","Waterloo (V), Quebec","[2447025]","1039","1036","",,
"1","Saint-Jean-de-Matha (MÉ), Quebec","[2462015]","1040","1036","",,
"1","Warwick (V), Quebec","[2439077]","1041","1036","",,
"1","Morin-Heights (MÉ), Quebec","[2477050]","1042","1036","",,
"1","Saint-Denis-de-Brompton (MÉ), Quebec","[2442025]","1043","1036","",,
"1","Rivière-Rouge (V), Quebec","[2479037]","1044","1036","",,
"1","Saint-Donat (MÉ), Quebec","[2462060]","1045","1036","",,
"1","Saint-Liguori (MÉ), Quebec","[2463065]","1242","1036","",,
"1","Lebel-sur-Quévillon (V), Quebec","[2499005]","1243","1036","",,
"1","Saint-Ignace-de-Loyola (MÉ), Quebec","[2452045]","1244","1036","",,
"1","Upton (MÉ), Quebec","[2448038]","1245","1036","",,
"1","Saint-Fulgence (MÉ), Quebec","[2494235]","1246","1036","",,
"1","Saint-Nazaire (MÉ), Quebec","[2493045]","1247","1036","",,
"1","Saint-Esprit (MÉ), Quebec","[2463030]","1248","1036","",,
"1","Mashteuiatsh (IRI), Quebec","[2491802]","1249","1036","",,
"1","Communauté Atikamekw de Manawan (IRI), Quebec","[2462802]","1250","1036","",,
"1","Sainte-Anne-de-la-Pérade (MÉ), Quebec","[2437205]","1251","1036","",,
"1","Potton (CT), Quebec","[2445030]","1252","1036","",,
"1","Hemmingford (CT), Quebec","[2468015]","1253","1036","",,
"1","Kingsey Falls (V), Quebec","[2439097]","1254","1036","",,
"1","Saint-Ferdinand (MÉ), Quebec","[2432013]","1255","1036","",,
"1","Obedjiwan 28 (IRI), Quebec","[2490804]","1256","1036","",,
"1","Barraute (MÉ), Quebec","[2488022]","1257","1036","",,
"1","Saint-Patrice-de-Sherrington (MÉ), Quebec","[2468025]","1258","1036","",,
"1","Lac-Supérieur (MÉ), Quebec","[2478095]","1259","1036","",,
"1","Saint-Louis-de-Gonzague (PE), Quebec","[2470035]","1260","1036","",,
"1","Caplan (MÉ), Quebec","[2405060]","1261","1036","",,
"1","Saint-Élie-de-Caxton (MÉ), Quebec","[2451075]","1262","1036","",,
"1","Déléage (MÉ), Quebec","[2483070]","1263","1036","",,
"1","Venise-en-Québec (MÉ), Quebec","[2456005]","1264","1036","",,
"1","Saint-François-du-Lac (MÉ), Quebec","[2450128]","1265","1036","",,
"1","Saint-Damien-de-Buckland (PE), Quebec","[2419030]","1266","1036","",,
"1","Terrasse-Vaudreuil (MÉ), Quebec","[2471075]","1267","1036","",,
"1","Saint-Stanislas-de-Kostka (MÉ), Quebec","[2470040]","1268","1036","",,
"1","Saint-Michel-de-Bellechasse (MÉ), Quebec","[2419110]","1269","1036","",,
"1","Vallée-Jonction (MÉ), Quebec","[2426015]","1270","1036","",,
"1","Cacouna (MÉ), Quebec","[2412057]","1271","1036","",,
"1","Waswanipi (TC), Quebec","[2499802]","1272","1036","",,
"1","Sainte-Angèle-de-Monnoir (MÉ), Quebec","[2455030]","1273","1036","",,
"1","Inukjuak (VN), Quebec","[2499085]","1274","1036","",,
"1","Saint-Fabien (PE), Quebec","[2410070]","1275","1036","",,
"1","Sainte-Justine (MÉ), Quebec","[2428045]","1276","1036","",,
"1","Frontenac (MÉ), Quebec","[2430025]","1277","1036","",,
"1","Saint-Cuthbert (MÉ), Quebec","[2452062]","1278","1036","",,
"1","Saint-Robert (MÉ), Quebec","[2453020]","1279","1036","",,
"1","Pointe-Lebel (VL), Quebec","[2496025]","1280","1036","",,
"1","Notre-Dame-des-Pins (PE), Quebec","[2429120]","1281","1036","",,
"1","Saint-Joseph-de-Coleraine (MÉ), Quebec","[2431045]","1282","1036","",,
"1","Champlain (MÉ), Quebec","[2437220]","1283","1036","",,
"1","Sainte-Marcelline-de-Kildare (MÉ), Quebec","[2462030]","1284","1036","",,
"1","Grenville (VL), Quebec","[2476055]","1285","1036","",,
"1","Saint-Lucien (MÉ), Quebec","[2449030]","1286","1036","",,
"1","Saint-Narcisse (PE), Quebec","[2437240]","1287","1036","",,
"1","La Guadeloupe (VL), Quebec","[2429030]","1288","1036","",,
"1","Kanesatake (S-É), Quebec","[2472802]","1289","1036","",,
"1","Les Escoumins (MÉ), Quebec","[2495025]","1290","1036","",,
"1","Nouvelle (MÉ), Quebec","[2406020]","1291","1036","",,
"1","Kuujjuarapik (TI), Quebec","[2499877]","2066","1036","",,
"1","Lac-Achouakan (NO), Quebec","[2493906]","2067","1036","",,
"1","Lac-Akonapwehikan (NO), Quebec","[2479904]","2068","1036","",,
"1","Lac-à-la-Croix (NO), Quebec","[2409904]","2069","1036","",,
"1","Lac-Alfred (NO), Quebec","[2407912]","2070","1036","",,
"1","Lac-au-Brochet (NO), Quebec","[2495902]","2071","1036","",,
"1","Lac-Bazinet (NO), Quebec","[2479910]","2072","1036","",,
"1","Lac-Blanc (NO), Quebec","[2434902]","2073","1036","",,
"1","Lac-Boisbouscache (NO), Quebec","[2411902]","2074","1036","",,
"1","Lac-Boulé (NO), Quebec","[2435908]","2075","1036","",,
"1","Lac-Cabasta (NO), Quebec","[2462919]","2076","1036","",,
"1","Lac-Croche (NO), Quebec","[2422902]","2077","1036","",,
"1","Lac-De La Bidière (NO), Quebec","[2479912]","2078","1036","",,
"1","Lac-de-la-Maison-de-Pierre (NO), Quebec","[2479916]","2079","1036","",,
"1","Lac-de-la-Pomme (NO), Quebec","[2479902]","2080","1036","",,
"1","Lac-des-Dix-Milles (NO), Quebec","[2462914]","2081","1036","",,
"1","Lac-des-Eaux-Mortes (NO), Quebec","[2409902]","2082","1036","",,
"1","Lac-Duparquet (NO), Quebec","[2487902]","2083","1036","",,
"1","Lac-du-Taureau (NO), Quebec","[2462922]","2084","1036","",,
"1","Lac-Ernest (NO), Quebec","[2479924]","2085","1036","",,
"1","Lac-Granet (NO), Quebec","[2489912]","2086","1036","",,
"1","Lac-Jacques-Cartier (NO), Quebec","[2421904]","2087","1036","",,
"1","Lac-Jérôme (NO), Quebec","[2498904]","2088","1036","",,
"1","Lac-Juillet (NO), Quebec","[2497912]","2089","1036","",,
"1","Lac-Lapeyrère (NO), Quebec","[2434906]","2090","1036","",,
"1","Lac-Legendre (NO), Quebec","[2462910]","2091","1036","",,
"1","Lac-Lenôtre (NO), Quebec","[2483906]","2092","1036","",,
"1","Lac-Marguerite (NO), Quebec","[2479926]","2093","1036","",,
"1","Lac-Masketsi (NO), Quebec","[2435902]","2094","1036","",,
"1","Lac-Metei (NO), Quebec","[2489908]","2095","1036","",,
"1","Lac-Minaki (NO), Quebec","[2462902]","2096","1036","",,
"1","Lac-Moncouche (NO), Quebec","[2493904]","2097","1036","",,
"1","Lac-Moselle (NO), Quebec","[2483908]","2098","1036","",,
"1","Lac-Oscar (NO), Quebec","[2479914]","2099","1036","",,
"1","Lac-Pikauba (NO), Quebec","[2416902]","2100","1036","",,
"1","Lac-Santé (NO), Quebec","[2462916]","2101","1036","",,
"1","Lac-Vacher (NO), Quebec","[2497914]","2102","1036","",,
"1","Lac-Wagwabika (NO), Quebec","[2479906]","2103","1036","",,
"1","Lalemant (NO), Quebec","[2494926]","2104","1036","",,
"1","Matchi-Manitou (NO), Quebec","[2489902]","2105","1036","",,
"1","Mont-Alexandre (NO), Quebec","[2402902]","2106","1036","",,
"1","Mont-Apica (NO), Quebec","[2493902]","2107","1036","",,
"1","Nemaska (VC), Quebec","[2499040]","2108","1036","",,
"1","Petit-Lac-Sainte-Anne (NO), Quebec","[2414904]","2109","1036","",,
"1","Petit-Mécatina (NO), Quebec","[2498912]","2110","1036","",,
"1","Quaqtaq (TI), Quebec","[2499889]","2111","1036","",,
"1","Réservoir-Dozois (NO), Quebec","[2489910]","2112","1036","",,
"1","Rivière-Koksoak (NO), Quebec","[2499902]","2113","1036","",,
"1","Rivière-Nipissis (NO), Quebec","[2497902]","2114","1036","",,
"1","Rivière-Nouvelle (NO), Quebec","[2406902]","2115","1036","",,
"1","Rivière-Patapédia-Est (NO), Quebec","[2407906]","2116","1036","",,
"1","Rivière-Saint-Jean (NO), Quebec","[2403902]","2117","1036","",,
"1","Saint-Étienne-des-Grès (PE), Quebec","[2451090]","1046","1036","",,
"1","Sutton (V), Quebec","[2446058]","1047","1036","",,
"1","Saint-Mathias-sur-Richelieu (MÉ), Quebec","[2455065]","1048","1036","",,
"1","Saint-Agapit (MÉ), Quebec","[2433045]","1049","1036","",,
"1","Neuville (V), Quebec","[2434007]","1050","1036","",,
"1","Château-Richer (V), Quebec","[2421035]","1051","1036","",,
"1","Montréal-Est (V), Quebec","[2466007]","1052","1036","",,
"1","Berthierville (V), Quebec","[2452035]","1053","1036","",,
"1","Saint-Antonin (MÉ), Quebec","[2412015]","1054","1036","",,
"1","Saint-Jacques (MÉ), Quebec","[2463013]","1055","1036","",,
"1","Roxton Pond (MÉ), Quebec","[2447047]","1056","1036","",,
"1","Crabtree (MÉ), Quebec","[2461013]","1057","1036","",,
"1","Métabetchouan--Lac-à-la-Croix (V), Quebec","[2493012]","1058","1036","",,
"1","Beaupré (V), Quebec","[2421025]","1059","1036","",,
"1","Saint-Ambroise-de-Kildare (MÉ), Quebec","[2461040]","1060","1036","",,
"1","Carleton-sur-Mer (V), Quebec","[2406013]","1061","1036","",,
"1","Saint-Anselme (MÉ), Quebec","[2419062]","1062","1036","",,
"1","La Pocatière (V), Quebec","[2414085]","1063","1036","",,
"1","Napierville (MÉ), Quebec","[2468030]","1064","1036","",,
"1","Lac-Etchemin (MÉ), Quebec","[2428053]","1065","1036","",,
"1","Rivière-Vaseuse (NO), Quebec","[2407904]","2118","1036","",,
"1","Ruisseau-des-Mineurs (NO), Quebec","[2407910]","2119","1036","",,
"1","Ruisseau-Ferguson (NO), Quebec","[2406904]","2120","1036","",,
"1","Saint-Louis-de-Gonzague-du-Cap-Tourmente (PE), Quebec","[2421015]","2121","1036","",,
"1","Salluit (TI), Quebec","[2499887]","2122","1036","",,
"1","Sault-au-Cochon (NO), Quebec","[2421902]","2123","1036","",,
"1","Tasiujaq (TI), Quebec","[2499892]","2124","1036","",,
"1","Umiujaq (TI), Quebec","[2499878]","2125","1036","",,
"1","Waskaganish (VC), Quebec","[2499035]","2126","1036","",,
"1","Waswanipi (VC), Quebec","[2499010]","2127","1036","",,
"1","Wemindji (VC), Quebec","[2499050]","2128","1036","",,
"1","Whapmagoostui (VC), Quebec","[2499070]","2129","1036","",,
"1","Oka (MÉ), Quebec","[2472032]","1066","1036","",,
"1","Ormstown (MÉ), Quebec","[2469037]","1067","1036","",,
"1","Sainte-Anne-des-Lacs (PE), Quebec","[2477035]","1068","1036","",,
"1","Danville (V), Quebec","[2440047]","1069","1036","",,
"1","East Angus (V), Quebec","[2441060]","1070","1036","",,
"1","L'Ange-Gardien (MÉ), La Côte-de-Beaupré, Quebec","[2421040]","1071","1036","",,
"1","Saint-Ambroise (MÉ), Quebec","[2494255]","1072","1036","",,
"1","Saint-Adolphe-d'Howard (MÉ), Quebec","[2477065]","1073","1036","",,
"1","Saint-Ferréol-les-Neiges (MÉ), Quebec","[2421010]","1074","1036","",,
"1","Saint-Faustin--Lac-Carré (MÉ), Quebec","[2478047]","1075","1036","",,
"1","L'Islet (MÉ), Quebec","[2417078]","1076","1036","",,
"1","Baie-D'Urfé (V), Quebec","[2466112]","1077","1036","",,
"1","Mistissini (TC), Quebec","[2499804]","1078","1036","",,
"1","Maniwaki (V), Quebec","[2483065]","1079","1036","",,
"1","New Richmond (V), Quebec","[2405070]","1080","1036","",,
"1","Saint-Tite (V), Quebec","[2435027]","1081","1036","",,
"1","Saint-Prosper (MÉ), Quebec","[2428020]","1082","1036","",,
"1","Dunham (V), Quebec","[2446050]","1083","1036","",,
"1","Cap-Santé (V), Quebec","[2434030]","1084","1036","",,
"1","Saint-Placide (MÉ), Quebec","[2472043]","1292","1036","",,
"1","Saint-Jacques-le-Mineur (MÉ), Quebec","[2468040]","1293","1036","",,
"1","Pointe-des-Cascades (VL), Quebec","[2471055]","1294","1036","",,
"1","Saint-Charles-sur-Richelieu (MÉ), Quebec","[2457057]","1295","1036","",,
"1","Saint-Antoine-sur-Richelieu (MÉ), Quebec","[2457075]","1296","1036","",,
"1","Saint-Valérien-de-Milton (MÉ), Quebec","[2454065]","1297","1036","",,
"1","Dudswell (MÉ), Quebec","[2441117]","1298","1036","",,
"1","Austin (MÉ), Quebec","[2445085]","1299","1036","",,
"1","Berthier-sur-Mer (MÉ), Quebec","[2418065]","1300","1036","",,
"1","Sainte-Émélie-de-l'Énergie (MÉ), Quebec","[2462070]","1301","1036","",,
"1","Mille-Isles (MÉ), Quebec","[2476030]","1302","1036","",,
"1","Saint-Cyprien-de-Napierville (MÉ), Quebec","[2468035]","1303","1036","",,
"1","Chambord (MÉ), Quebec","[2491020]","1304","1036","",,
"1","Yamaska (MÉ), Quebec","[2453072]","1305","1036","",,
"1","Saint-Pierre-de-l'Île-d'Orléans (MÉ), Quebec","[2420025]","1306","1036","",,
"1","Saint-Ours (V), Quebec","[2453032]","1307","1036","",,
"1","Notre-Dame-du-Laus (MÉ), Quebec","[2479005]","1308","1036","",,
"1","Saint-Clet (MÉ), Quebec","[2471045]","1309","1036","",,
"1","Price (VL), Quebec","[2409065]","1310","1036","",,
"1","Ripon (MÉ), Quebec","[2480078]","1311","1036","",,
"1","Notre-Dame-du-Bon-Conseil (VL), Quebec","[2449075]","1312","1036","",,
"1","Sainte-Perpétue (MÉ), Quebec","[2417030]","1313","1036","",,
"1","Sayabec (MÉ), Quebec","[2407085]","1314","1036","",,
"1","Sainte-Hélène-de-Bagot (MÉ), Quebec","[2454095]","1315","1036","",,
"1","Sacré-Coeur (MÉ), Quebec","[2495010]","1316","1036","",,
"1","Saint-Zacharie (MÉ), Quebec","[2428005]","1317","1036","",,
"1","Saint-Antoine-de-Tilly (MÉ), Quebec","[2433095]","1318","1036","",,
"1","Wentworth-Nord (MÉ), Quebec","[2477060]","1319","1036","",,
"1","Val-Joli (MÉ), Quebec","[2442095]","1320","1036","",,
"1","Shawville (MÉ), Quebec","[2484010]","1321","1036","",,
"1","Saint-Malachie (PE), Quebec","[2419025]","1322","1036","",,
"1","Sainte-Françoise (MÉ), Quebec","[2438035]","1798","1036","",,
"1","Saint-Elzéar (MÉ), Bonaventure, Quebec","[2405050]","1799","1036","",,
"1","Mulgrave-et-Derry (MÉ), Quebec","[2480085]","1800","1036","",,
"1","Saint-Adalbert (MÉ), Quebec","[2417015]","1801","1036","",,
"1","Scotstown (V), Quebec","[2441080]","1802","1036","",,
"1","Saint-Eugène-de-Guigues (MÉ), Quebec","[2485085]","1803","1036","",,
"1","Quaqtaq (VN), Quebec","[2499115]","1804","1036","",,
"1","Lingwick (CT), Quebec","[2441085]","1805","1036","",,
"1","Maricourt (MÉ), Quebec","[2442065]","1806","1036","",,
"1","Saint-Simon-de-Rimouski (MÉ), Quebec","[2411055]","1807","1036","",,
"1","Fassett (MÉ), Quebec","[2480005]","1808","1036","",,
"1","Saint-Luc-de-Bellechasse (MÉ), Quebec","[2428060]","1809","1036","",,
"1","Saint-André-du-Lac-Saint-Jean (VL), Quebec","[2491010]","1810","1036","",,
"1","Lochaber (CT), Quebec","[2480055]","1811","1036","",,
"1","Aston-Jonction (MÉ), Quebec","[2450013]","1812","1036","",,
"1","Auclair (MÉ), Quebec","[2413045]","1813","1036","",,
"1","Kipawa (MÉ), Quebec","[2485010]","1814","1036","",,
"1","Saint-Pie-de-Guire (PE), Quebec","[2449130]","1815","1036","",,
"1","Saint-Rémi-de-Tingwick (MÉ), Quebec","[2439020]","1816","1036","",,
"1","Census subdivisions with population under 5,000, Ontario","","2367","2130","",,
"1","Census subdivisions with 5,000-plus population, Ontario","","2131","2130","",,
"1","Brock (TP), Ontario","[3518039]","2255","2131","",,
"1","Perth East (TP), Ontario","[3531030]","2256","2131","",,
"1","Carleton Place (T), Ontario","[3509028]","2257","2131","",,
"1","Wellington North (TP), Ontario","[3523050]","2258","2131","",,
"1","Kincardine (MU), Ontario","[3541024]","2259","2131","",,
"1","Brighton (MU), Ontario","[3514004]","2260","2131","",,
"1","Erin (T), Ontario","[3523017]","2261","2131","",,
"1","Lambton Shores (MU), Ontario","[3538040]","2262","2131","",,
"1","North Dundas (TP), Ontario","[3501030]","2263","2131","",,
"1","Meaford (MU), Ontario","[3542047]","2264","2131","",,
"1","Norwich (TP), Ontario","[3532002]","2265","2131","",,
"1","Wellesley (TP), Ontario","[3530027]","2266","2131","",,
"1","Elliot Lake (CY), Ontario","[3557041]","2267","2131","",,
"1","Tay (TP), Ontario","[3543071]","2268","2131","",,
"1","Georgian Bluffs (TP), Ontario","[3542053]","2269","2131","",,
"1","Hamilton (TP), Ontario","[3514019]","2270","2131","",,
"1","Adjala-Tosorontio (TP), Ontario","[3543003]","2271","2131","",,
"1","Dysart et al (MU), Ontario","[3546024]","2331","2131","",,
"1","Bayham (MU), Ontario","[3534005]","2332","2131","",,
"1","Otonabee-South Monaghan (TP), Ontario","[3515005]","2333","2131","",,
"1","Chatsworth (TP), Ontario","[3542037]","2334","2131","",,
"1","Minden Hills (TP), Ontario","[3546015]","2335","2131","",,
"1","Arran-Elderslie (MU), Ontario","[3541043]","2336","2131","",,
"1","Parry Sound (T), Ontario","[3549032]","2337","2131","",,
"1","Wainfleet (TP), Ontario","[3526014]","2338","2131","",,
"1","Cramahe (TP), Ontario","[3514014]","2339","2131","",,
"1","Perth (T), Ontario","[3509021]","2340","2131","",,
"1","Trent Lakes (MU), Ontario","[3515044]","2341","2131","",,
"1","North Middlesex (MU), Ontario","[3539041]","2342","2131","",,
"1","Six Nations (Part) 40 (IRI), Brant, Ontario","[3529020]","2343","2131","",,
"1","Thunder Bay, Unorganized (NO), Ontario","[3558090]","2344","2131","",,
"1","Tweed (MU), Ontario","[3512030]","2345","2131","",,
"1","Algoma, Unorganized, North Part (NO), Ontario","[3557095]","2346","2131","",,
"1","Oliver Paipoonge (MU), Ontario","[3558011]","2347","2131","",,
"1","Petrolia (T), Ontario","[3538019]","2348","2131","",,
"1","South Bruce (MU), Ontario","[3541004]","2349","2131","",,
"1","Southwest Middlesex (MU), Ontario","[3539005]","2350","2131","",,
"1","Tay Valley (TP), Ontario","[3509015]","2351","2131","",,
"1","Sioux Lookout (MU), Ontario","[3560034]","2352","2131","",,
"1","Ashfield-Colborne-Wawanosh (TP), Ontario","[3540063]","2353","2131","",,
"1","Lanark Highlands (TP), Ontario","[3509039]","2354","2131","",,
"1","Lucan Biddulph (TP), Ontario","[3539060]","2355","2131","",,
"1","Cochrane (T), Ontario","[3556042]","2356","2131","",,
"1","Gananoque (T), Ontario","[3507024]","2357","2131","",,
"1","Seguin (TP), Ontario","[3549003]","2358","2131","",,
"1","Espanola (T), Ontario","[3552026]","2359","2131","",,
"1","Havelock-Belmont-Methuen (TP), Ontario","[3515030]","2360","2131","",,
"1","West Elgin (MU), Ontario","[3534042]","2361","2131","",,
"1","North Huron (TP), Ontario","[3540055]","2362","2131","",,
"1","Stirling-Rawdon (TP), Ontario","[3512020]","2363","2131","",,
"1","East Ferris (MU), Ontario","[3548034]","2364","2131","",,
"1","Central Frontenac (TP), Ontario","[3510035]","2365","2131","",,
"1","Southwold (TP), Ontario","[3534024]","2366","2131","",,
"1","South Dundas (MU), Ontario","[3501020]","2272","2131","",,
"1","Mapleton (TP), Ontario","[3523033]","2273","2131","",,
"1","Rideau Lakes (TP), Ontario","[3507040]","2274","2131","",,
"1","North Dumfries (TP), Ontario","[3530004]","2275","2131","",,
"1","Grey Highlands (MU), Ontario","[3542015]","2276","2131","",,
"1","Ramara (TP), Ontario","[3543019]","2277","2131","",,
"1","Hawkesbury (T), Ontario","[3502008]","2278","2131","",,
"1","North Glengarry (TP), Ontario","[3501050]","2279","2131","",,
"1","Penetanguishene (T), Ontario","[3543072]","2280","2131","",,
"1","Cavan Monaghan (TP), Ontario","[3515013]","2281","2131","",,
"1","South Huron (MU), Ontario","[3540005]","2282","2131","",,
"1","Alfred and Plantagenet (TP), Ontario","[3502023]","2283","2131","",,
"1","Leeds and the Thousand Islands (TP), Ontario","[3507021]","2284","2131","",,
"1","Brockton (MU), Ontario","[3541032]","2285","2131","",,
"1","Temiskaming Shores (CY), Ontario","[3554020]","2286","2131","",,
"1","Arnprior (T), Ontario","[3547002]","2287","2131","",,
"1","Huron East (MU), Ontario","[3540040]","2288","2131","",,
"1","Elizabethtown-Kitley (TP), Ontario","[3507014]","2289","2131","",,
"1","Laurentian Valley (TP), Ontario","[3547075]","2290","2131","",,
"1","Mono (T), Ontario","[3522012]","2291","2131","",,
"1","The Blue Mountains (T), Ontario","[3542045]","2292","2131","",,
"1","Malahide (TP), Ontario","[3534010]","2293","2131","",,
"1","Smiths Falls (T), Ontario","[3509004]","2294","2131","",,
"1","Minto (T), Ontario","[3523043]","2295","2131","",,
"1","South Bruce Peninsula (T), Ontario","[3541055]","2296","2131","",,
"1","Shelburne (T), Ontario","[3522021]","2297","2131","",,
"1","Beckwith (TP), Ontario","[3509024]","2298","2131","",,
"1","West Perth (MU), Ontario","[3531025]","2299","2131","",,
"1","Southgate (TP), Ontario","[3542005]","2300","2131","",,
"1","Zorra (TP), Ontario","[3532027]","2301","2131","",,
"1","Champlain (TP), Ontario","[3502010]","2302","2131","",,
"1","Plympton-Wyoming (T), Ontario","[3538035]","2303","2131","",,
"1","Renfrew (T), Ontario","[3547048]","2304","2131","",,
"1","Drummond/North Elmsley (TP), Ontario","[3509010]","2305","2131","",,
"1","Kapuskasing (T), Ontario","[3556066]","2306","2131","",,
"1","Hanover (T), Ontario","[3542029]","2307","2131","",,
"1","Puslinch (TP), Ontario","[3523001]","2308","2131","",,
"1","East Zorra-Tavistock (TP), Ontario","[3532038]","2309","2131","",,
"1","Goderich (T), Ontario","[3540028]","2310","2131","",,
"1","Stone Mills (TP), Ontario","[3511030]","2311","2131","",,
"1","Central Huron (MU), Ontario","[3540025]","2312","2131","",,
"1","Kirkland Lake (T), Ontario","[3554068]","2313","2131","",,
"1","Huron-Kinloss (TP), Ontario","[3541015]","2314","2131","",,
"1","Aylmer (T), Ontario","[3534011]","2315","2131","",,
"1","St. Marys (T), Ontario","[3531016]","2316","2131","",,
"1","South-West Oxford (TP), Ontario","[3532012]","2317","2131","",,
"1","Muskoka Lakes (TP), Ontario","[3544053]","2318","2131","",,
"1","Douro-Dummer (TP), Ontario","[3515023]","2319","2131","",,
"1","McNab/Braeside (TP), Ontario","[3547003]","2320","2131","",,
"1","Blandford-Blenheim (TP), Ontario","[3532045]","2321","2131","",,
"1","Bluewater (MU), Ontario","[3540010]","2322","2131","",,
"1","Edwardsburgh/Cardinal (TP), Ontario","[3507004]","2323","2131","",,
"1","Fort Frances (T), Ontario","[3559012]","2324","2131","",,
"1","Alnwick/Haldimand (TP), Ontario","[3514024]","2325","2131","",,
"1","Kenora, Unorganized (NO), Ontario","[3560090]","2326","2131","",,
"1","Dryden (CY), Ontario","[3560027]","2327","2131","",,
"1","North Stormont (TP), Ontario","[3501042]","2328","2131","",,
"1","Augusta (TP), Ontario","[3507006]","2329","2131","",,
"1","Whitewater Region (TP), Ontario","[3547056]","2330","2131","",,
"1","Huntsville (T), Ontario","[3544042]","2217","2131","",,
"1","Cobourg (T), Ontario","[3514021]","2218","2131","",,
"1","South Frontenac (TP), Ontario","[3510020]","2219","2131","",,
"1","Port Colborne (CY), Ontario","[3526011]","2220","2131","",,
"1","Russell (TP), Ontario","[3502048]","2221","2131","",,
"1","Niagara-on-the-Lake (T), Ontario","[3526047]","2222","2131","",,
"1","Middlesex Centre (MU), Ontario","[3539033]","2223","2131","",,
"1","Selwyn (TP), Ontario","[3515015]","2224","2131","",,
"1","Petawawa (T), Ontario","[3547076]","2225","2131","",,
"1","Pelham (T), Ontario","[3526028]","2226","2131","",,
"1","Tillsonburg (T), Ontario","[3532004]","2227","2131","",,
"1","North Grenville (MU), Ontario","[3507065]","2228","2131","",,
"1","Loyalist (TP), Ontario","[3511005]","2229","2131","",,
"1","Midland (T), Ontario","[3543074]","2230","2131","",,
"1","Bracebridge (T), Ontario","[3544018]","2231","2131","",,
"1","Port Hope (MU), Ontario","[3514020]","2232","2131","",,
"1","Greater Napanee (T), Ontario","[3511015]","2233","2131","",,
"1","Saugeen Shores (T), Ontario","[3541045]","2234","2131","",,
"1","North Perth (MU), Ontario","[3531040]","2235","2131","",,
"1","West Lincoln (TP), Ontario","[3526021]","2236","2131","",,
"1","Kenora (CY), Ontario","[3560010]","2237","2131","",,
"1","Clearview (TP), Ontario","[3543005]","2238","2131","",,
"1","Mississippi Mills (T), Ontario","[3509030]","2239","2131","",,
"1","St. Clair (TP), Ontario","[3538003]","2240","2131","",,
"1","Severn (TP), Ontario","[3543015]","2241","2131","",,
"1","West Nipissing / Nipissing Ouest (M), Ontario","[3548055]","2242","2131","",,
"1","Pembroke (CY), Ontario","[3547064]","2243","2131","",,
"1","Thames Centre (MU), Ontario","[3539027]","2244","2131","",,
"1","Guelph/Eramosa (TP), Ontario","[3523009]","2245","2131","",,
"1","Ingersoll (T), Ontario","[3532018]","2246","2131","",,
"1","Trent Hills (MU), Ontario","[3514045]","2247","2131","",,
"1","Central Elgin (MU), Ontario","[3534020]","2248","2131","",,
"1","South Stormont (TP), Ontario","[3501011]","2249","2131","",,
"1","The Nation / La Nation (M), Ontario","[3502025]","2250","2131","",,
"1","South Glengarry (TP), Ontario","[3501005]","2251","2131","",,
"1","Gravenhurst (T), Ontario","[3544002]","2252","2131","",,
"1","West Grey (MU), Ontario","[3542004]","2253","2131","",,
"1","Tiny (TP), Ontario","[3543068]","2254","2131","",,
"1","Cornwall (CY), Ontario","[3501012]","2176","2131","",,
"1","Georgina (T), Ontario","[3519070]","2177","2131","",,
"1","Woodstock (CY), Ontario","[3532042]","2178","2131","",,
"1","Quinte West (CY), Ontario","[3512015]","2179","2131","",,
"1","New Tecumseth (T), Ontario","[3543007]","2180","2131","",,
"1","Innisfil (T), Ontario","[3543017]","2181","2131","",,
"1","Bradford West Gwillimbury (T), Ontario","[3543014]","2182","2131","",,
"1","St. Thomas (CY), Ontario","[3534021]","2183","2131","",,
"1","Timmins (CY), Ontario","[3556027]","2184","2131","",,
"1","Lakeshore (T), Ontario","[3537064]","2185","2131","",,
"1","Brant (CY), Ontario","[3529005]","2186","2131","",,
"1","East Gwillimbury (T), Ontario","[3519054]","2187","2131","",,
"1","Orillia (CY), Ontario","[3543052]","2188","2131","",,
"1","Stratford (CY), Ontario","[3531011]","2189","2131","",,
"1","Fort Erie (T), Ontario","[3526003]","2190","2131","",,
"1","LaSalle (T), Ontario","[3537034]","2191","2131","",,
"1","Centre Wellington (TP), Ontario","[3523025]","2192","2131","",,
"1","Orangeville (T), Ontario","[3522014]","2193","2131","",,
"1","Leamington (MU), Ontario","[3537003]","2194","2131","",,
"1","Grimsby (T), Ontario","[3526065]","2195","2131","",,
"1","King (TP), Ontario","[3519049]","2196","2131","",,
"1","Woolwich (TP), Ontario","[3530035]","2197","2131","",,
"1","Clarence-Rockland (C), Ontario","[3502036]","2198","2131","",,
"1","Lincoln (T), Ontario","[3526057]","2199","2131","",,
"1","Prince Edward County (CY), Ontario","[3513020]","2200","2131","",,
"1","Wasaga Beach (T), Ontario","[3543064]","2201","2131","",,
"1","Collingwood (T), Ontario","[3543031]","2202","2131","",,
"1","Thorold (CY), Ontario","[3526037]","2203","2131","",,
"1","Strathroy-Caradoc (MU), Ontario","[3539015]","2204","2131","",,
"1","Amherstburg (T), Ontario","[3537028]","2205","2131","",,
"1","Tecumseh (T), Ontario","[3537048]","2206","2131","",,
"1","Essa (TP), Ontario","[3543021]","2207","2131","",,
"1","Oro-Medonte (TP), Ontario","[3543023]","2208","2131","",,
"1","Kingsville (T), Ontario","[3537013]","2209","2131","",,
"1","Brockville (CY), Ontario","[3507015]","2210","2131","",,
"1","Springwater (TP), Ontario","[3543009]","2211","2131","",,
"1","Scugog (TP), Ontario","[3518020]","2212","2131","",,
"1","Owen Sound (CY), Ontario","[3542059]","2213","2131","",,
"1","Uxbridge (TP), Ontario","[3518029]","2214","2131","",,
"1","Wilmot (TP), Ontario","[3530020]","2215","2131","",,
"1","Essex (T), Ontario","[3537016]","2216","2131","",,
"1","Toronto (C), Ontario","[3520005]","2132","2131","",,
"1","Ottawa (CV), Ontario","[3506008]","2133","2131","",,
"1","Mississauga (CY), Ontario","[3521005]","2134","2131","",,
"1","Brampton (CY), Ontario","[3521010]","2135","2131","",,
"1","Hamilton (C), Ontario","[3525005]","2136","2131","",,
"1","London (CY), Ontario","[3539036]","2137","2131","",,
"1","Markham (CY), Ontario","[3519036]","2138","2131","",,
"1","Vaughan (CY), Ontario","[3519028]","2139","2131","",,
"1","Kitchener (CY), Ontario","[3530013]","2140","2131","",,
"1","Windsor (CY), Ontario","[3537039]","2141","2131","",,
"1","Oakville (T), Ontario","[3524001]","2142","2131","",,
"1","Richmond Hill (T), Ontario","[3519038]","2143","2131","",,
"1","Burlington (CY), Ontario","[3524002]","2144","2131","",,
"1","Oshawa (CY), Ontario","[3518013]","2145","2131","",,
"1","Greater Sudbury / Grand Sudbury (CV), Ontario","[3553005]","2146","2131","",,
"1","Barrie (CY), Ontario","[3543042]","2147","2131","",,
"1","Guelph (CY), Ontario","[3523008]","2148","2131","",,
"1","Whitby (T), Ontario","[3518009]","2149","2131","",,
"1","Cambridge (CY), Ontario","[3530010]","2150","2131","",,
"1","St. Catharines (CY), Ontario","[3526053]","2151","2131","",,
"1","Milton (T), Ontario","[3524009]","2152","2131","",,
"1","Kingston (CY), Ontario","[3510010]","2153","2131","",,
"1","Ajax (T), Ontario","[3518005]","2154","2131","",,
"1","Waterloo (CY), Ontario","[3530016]","2155","2131","",,
"1","Thunder Bay (CY), Ontario","[3558004]","2156","2131","",,
"1","Brantford (CY), Ontario","[3529006]","2157","2131","",,
"1","Chatham-Kent (MU), Ontario","[3536020]","2158","2131","",,
"1","Clarington (MU), Ontario","[3518017]","2159","2131","",,
"1","Pickering (CY), Ontario","[3518001]","2160","2131","",,
"1","Niagara Falls (CY), Ontario","[3526043]","2161","2131","",,
"1","Newmarket (T), Ontario","[3519048]","2162","2131","",,
"1","Peterborough (CY), Ontario","[3515014]","2163","2131","",,
"1","Kawartha Lakes (CY), Ontario","[3516010]","2164","2131","",,
"1","Caledon (T), Ontario","[3521024]","2165","2131","",,
"1","Sarnia (CY), Ontario","[3538030]","2166","2131","",,
"1","Sault Ste. Marie (CY), Ontario","[3557061]","2167","2131","",,
"1","Norfolk County (CY), Ontario","[3528052]","2168","2131","",,
"1","Halton Hills (T), Ontario","[3524015]","2169","2131","",,
"1","Aurora (T), Ontario","[3519046]","2170","2131","",,
"1","Welland (CY), Ontario","[3526032]","2171","2131","",,
"1","Belleville (CY), Ontario","[3512005]","2172","2131","",,
"1","North Bay (CY), Ontario","[3548044]","2173","2131","",,
"1","Whitchurch-Stouffville (T), Ontario","[3519044]","2174","2131","",,
"1","Haldimand County (CY), Ontario","[3528018]","2175","2131","",,
"1","Wahta Mohawk Territory (IRI), Ontario","[3544071]","2626","2367","",,
"1","Rainy Lake 17A (IRI), Ontario","[3559068]","2627","2367","",,
"1","Osnaburgh 63A (IRI), Ontario","[3558085]","2628","2367","",,
"1","Chippewas of Georgina Island First Nation (IRI), Ontario","[3519076]","2629","2367","",,
"1","Greenstone (MU), Ontario","[3558075]","2376","2367","",,
"1","Marmora and Lake (MU), Ontario","[3512046]","2377","2367","",,
"1","Deep River (T), Ontario","[3547096]","2378","2367","",,
"1","Dutton/Dunwich (MU), Ontario","[3534030]","2379","2367","",,
"1","Red Lake (MU), Ontario","[3560042]","2380","2367","",,
"1","Prescott (T), Ontario","[3507008]","2381","2367","",,
"1","Howick (TP), Ontario","[3540046]","2382","2367","",,
"1","Bancroft (T), Ontario","[3512061]","2383","2367","",,
"1","Casselman (VL), Ontario","[3502044]","2384","2367","",,
"1","Callander (MU), Ontario","[3549066]","2385","2367","",,
"1","Montague (TP), Ontario","[3509001]","2386","2367","",,
"1","Madawaska Valley (TP), Ontario","[3547030]","2387","2367","",,
"1","Grand Valley (T), Ontario","[3522010]","2388","2367","",,
"1","Bonnechere Valley (TP), Ontario","[3547035]","2389","2367","",,
"1","Highlands East (MU), Ontario","[3546005]","2390","2367","",,
"1","Perth South (TP), Ontario","[3531013]","2391","2367","",,
"1","Lake of Bays (TP), Ontario","[3544027]","2392","2367","",,
"1","Warwick (TP), Ontario","[3538043]","2393","2367","",,
"1","Morris-Turnberry (MU), Ontario","[3540050]","2394","2367","",,
"1","Mulmur (TP), Ontario","[3522016]","2395","2367","",,
"1","Georgian Bay (TP), Ontario","[3544065]","2396","2367","",,
"1","East Hawkesbury (TP), Ontario","[3502001]","2397","2367","",,
"1","Blind River (T), Ontario","[3557038]","2398","2367","",,
"1","Powassan (MU), Ontario","[3549060]","2399","2367","",,
"1","Sables-Spanish Rivers (TP), Ontario","[3552023]","2400","2367","",,
"1","Shuniah (MU), Ontario","[3558028]","2401","2367","",,
"1","Plummer Additional (TP), Ontario","[3557019]","2523","2367","",,
"1","Val Rita-Harty (TP), Ontario","[3556070]","2524","2367","",,
"1","Chapple (TP), Ontario","[3559024]","2525","2367","",,
"1","Johnson (TP), Ontario","[3557016]","2526","2367","",,
"1","Rainy River (T), Ontario","[3559042]","2527","2367","",,
"1","Billings (TP), Ontario","[3551021]","2528","2367","",,
"1","Larder Lake (TP), Ontario","[3554062]","2529","2367","",,
"1","Ryerson (TP), Ontario","[3549024]","2530","2367","",,
"1","Constance Lake 92 (IRI), Ontario","[3556095]","2531","2367","",,
"1","Tudor and Cashel (TP), Ontario","[3512048]","2532","2367","",,
"1","Webequie (IRI), Ontario","[3560079]","2533","2367","",,
"1","Sioux Narrows-Nestor Falls (TP), Ontario","[3560008]","2534","2367","",,
"1","Wollaston (TP), Ontario","[3512054]","2535","2367","",,
"1","Rankin Location 15D (IRI), Ontario","[3557075]","2536","2367","",,
"1","O'Connor (TP), Ontario","[3558016]","2537","2367","",,
"1","Charlton and Dack (MU), Ontario","[3554044]","2538","2367","",,
"1","Christian Island 30 (IRI), Ontario","[3543069]","2539","2367","",,
"1","Poplar Hill (IRI), Ontario","[3560067]","2540","2367","",,
"1","Spanish (T), Ontario","[3557039]","2541","2367","",,
"1","Cat Lake 63C (IRI), Ontario","[3560054]","2542","2367","",,
"1","Sarnia 45 (IRI), Ontario","[3538025]","2543","2367","",,
"1","Oil Springs (VL), Ontario","[3538018]","2544","2367","",,
"1","Couchiching 16A (IRI), Ontario","[3559063]","2545","2367","",,
"1","Westport (VL), Ontario","[3507033]","2546","2367","",,
"1","Whitefish Bay 32A (IRI), Ontario","[3560004]","2547","2367","",,
"1","Nairn and Hyman (TP), Ontario","[3552031]","2594","2367","",,
"1","Dorion (TP), Ontario","[3558034]","2595","2367","",,
"1","Pic River 50 (IRI), Ontario","[3558062]","2596","2367","",,
"1","Parry Island First Nation (IRI), Ontario","[3549073]","2597","2367","",,
"1","Fort Severn 89 (IRI), Ontario","[3560078]","2598","2367","",,
"1","Latchford (T), Ontario","[3554006]","2599","2367","",,
"1","Serpent River 7 (IRI), Ontario","[3557072]","2600","2367","",,
"1","Summer Beaver (S-É), Ontario","[3560086]","2601","2367","",,
"1","James (TP), Ontario","[3554042]","2602","2367","",,
"1","Hiawatha First Nation (IRI), Ontario","[3515008]","2603","2367","",,
"1","Casey (TP), Ontario","[3554029]","2604","2367","",,
"1","Cochrane, Unorganized, North Part (NO), Ontario","[3556092]","2428","2367","",,
"1","Tyendinaga Mohawk Territory (IRI), Ontario","[3512004]","2429","2367","",,
"1","Addington Highlands (TP), Ontario","[3511035]","2430","2367","",,
"1","Parry Sound, Unorganized, Centre Part (NO), Ontario","[3549096]","2431","2367","",,
"1","Killaloe, Hagarty and Richards (TP), Ontario","[3547033]","2432","2367","",,
"1","Brooke-Alvinston (MU), Ontario","[3538015]","2433","2367","",,
"1","Pikangikum 14 (IRI), Ontario","[3560077]","2434","2367","",,
"1","North Frontenac (TP), Ontario","[3510045]","2435","2367","",,
"1","Neebing (MU), Ontario","[3558001]","2436","2367","",,
"1","Madoc (TP), Ontario","[3512036]","2437","2367","",,
"1","Central Manitoulin (MU), Ontario","[3551006]","2438","2367","",,
"1","Bonfield (TP), Ontario","[3548027]","2439","2367","",,
"1","Sandy Lake 88 (IRI), Ontario","[3560071]","2440","2367","",,
"1","Dawn-Euphemia (TP), Ontario","[3538007]","2441","2367","",,
"1","Manitouwadge (TP), Ontario","[3558066]","2442","2367","",,
"1","Chapleau (TP), Ontario","[3552092]","2443","2367","",,
"1","Point Edward (VL), Ontario","[3538031]","2444","2367","",,
"1","Frontenac Islands (TP), Ontario","[3510005]","2445","2367","",,
"1","Mattawa (T), Ontario","[3548021]","2446","2367","",,
"1","Huron Shores (MU), Ontario","[3557035]","2447","2367","",,
"1","Akwesasne (Part) 59 (IRI), Ontario","[3501007]","2448","2367","",,
"1","Nipissing (TP), Ontario","[3549071]","2449","2367","",,
"1","Deseronto (T), Ontario","[3512002]","2450","2367","",,
"1","Ignace (TP), Ontario","[3560001]","2478","2367","",,
"1","Armstrong (TP), Ontario","[3554036]","2479","2367","",,
"1","Smooth Rock Falls (T), Ontario","[3556048]","2480","2367","",,
"1","Moonbeam (TP), Ontario","[3556056]","2481","2367","",,
"1","Laird (TP), Ontario","[3557011]","2482","2367","",,
"1","Sagamok (IRI), Ontario","[3557071]","2483","2367","",,
"1","South River (VL), Ontario","[3549056]","2484","2367","",,
"1","Deer Lake (IRI), Ontario","[3560070]","2485","2367","",,
"1","Garden River 14 (IRI), Ontario","[3557074]","2486","2367","",,
"1","Kasabonika Lake (IRI), Ontario","[3560096]","2487","2367","",,
"1","Whitestone (MU), Ontario","[3549039]","2488","2367","",,
"1","South Algonquin (TP), Ontario","[3548001]","2489","2367","",,
"1","Kitchenuhmaykoosib Aaki 84 (IRI), Ontario","[3560075]","2490","2367","",,
"1","Schreiber (TP), Ontario","[3558051]","2491","2367","",,
"1","Lac Seul 28 (IRI), Ontario","[3560056]","2492","2367","",,
"1","Six Nations (Part) 40 (IRI), Haldimand-Norfolk, Ontario","[3528037]","2493","2367","",,
"1","Machin (MU), Ontario","[3560021]","2494","2367","",,
"1","Chippewas of Rama First Nation (IRI), Ontario","[3543050]","2495","2367","",,
"1","Cobalt (T), Ontario","[3554008]","2496","2367","",,
"1","Assiginack (TP), Ontario","[3551011]","2497","2367","",,
"1","Fort Hope 64 (IRI), Ontario","[3560053]","2498","2367","",,
"1","Prince (TP), Ontario","[3557066]","2499","2367","",,
"1","Centre Hastings (MU), Ontario","[3512026]","2368","2367","",,
"1","Hearst (T), Ontario","[3556076]","2369","2367","",,
"1","Asphodel-Norwood (TP), Ontario","[3515003]","2370","2367","",,
"1","Tyendinaga (TP), Ontario","[3512001]","2371","2367","",,
"1","Iroquois Falls (T), Ontario","[3556031]","2372","2367","",,
"1","Northern Bruce Peninsula (MU), Ontario","[3541069]","2373","2367","",,
"1","Hastings Highlands (MU), Ontario","[3512076]","2374","2367","",,
"1","Amaranth (TP), Ontario","[3522008]","2375","2367","",,
"1","Sachigo Lake 1 (IRI), Ontario","[3560076]","2548","2367","",,
"1","Gordon/Barrie Island (MU), Ontario","[3551027]","2549","2367","",,
"1","New Credit (Part) 40A (IRI), Brant, Ontario","[3529021]","2550","2367","",,
"1","Wunnumin 1 (IRI), Ontario","[3560085]","2551","2367","",,
"1","English River 21 (IRI), Ontario","[3560058]","2552","2367","",,
"1","Neyaashiinigmiing 27 (IRI), Ontario","[3541060]","2553","2367","",,
"1","Baldwin (TP), Ontario","[3552028]","2554","2367","",,
"1","Dubreuilville (TP), Ontario","[3557079]","2555","2367","",,
"1","Bruce Mines (T), Ontario","[3557021]","2556","2367","",,
"1","McGarry (TP), Ontario","[3554058]","2557","2367","",,
"1","Tarbutt and Tarbutt Additional (TP), Ontario","[3557014]","2558","2367","",,
"1","White River (TP), Ontario","[3557091]","2559","2367","",,
"1","Calvin (MU), Ontario","[3548022]","2560","2367","",,
"1","Alderville First Nation (IRI), Ontario","[3514027]","2561","2367","",,
"1","Mattice-Val Côté (TP), Ontario","[3556077]","2562","2367","",,
"1","The North Shore (TP), Ontario","[3557040]","2563","2367","",,
"1","Hudson (TP), Ontario","[3554021]","2564","2367","",,
"1","Harris (TP), Ontario","[3554014]","2565","2367","",,
"1","Osnaburgh 63B (IRI), Ontario","[3560055]","2566","2367","",,
"1","Harley (TP), Ontario","[3554026]","2567","2367","",,
"1","Kingfisher Lake 1 (IRI), Ontario","[3560098]","2568","2367","",,
"1","Coleman (TP), Ontario","[3554001]","2569","2367","",,
"1","Evanturel (TP), Ontario","[3554049]","2570","2367","",,
"1","Morley (TP), Ontario","[3559031]","2571","2367","",,
"1","Pikwakanagan (Golden Lake 39) (IRI), Ontario","[3547037]","2572","2367","",,
"1","Fauquier-Strickland (TP), Ontario","[3556052]","2573","2367","",,
"1","Whitefish River 4 (IRI), Ontario","[3551040]","2574","2367","",,
"1","Wapekeka 2 (IRI), Ontario","[3560088]","2575","2367","",,
"1","Bearskin Lake (IRI), Ontario","[3560095]","2576","2367","",,
"1","Shoal Lake 39A (IRI), Ontario","[3560068]","2577","2367","",,
"1","Tehkummah (TP), Ontario","[3551001]","2578","2367","",,
"1","Gillies (TP), Ontario","[3558012]","2579","2367","",,
"1","Newbury (VL), Ontario","[3539002]","2580","2367","",,
"1","Limerick (TP), Ontario","[3512051]","2581","2367","",,
"1","Long Lake 58 (IRI), Ontario","[3558068]","2582","2367","",,
"1","Mississagi River 8 (IRI), Ontario","[3557073]","2583","2367","",,
"1","Whitefish Lake 6 (IRI), Ontario","[3552051]","2584","2367","",,
"1","Kee-Way-Win (IRI), Ontario","[3560104]","2585","2367","",,
"1","Kenora 38B (IRI), Ontario","[3560066]","2586","2367","",,
"1","Pickle Lake (TP), Ontario","[3560049]","2587","2367","",,
"1","Killarney (MU), Ontario","[3552036]","2588","2367","",,
"1","Dawson (TP), Ontario","[3559040]","2589","2367","",,
"1","Sabaskong Bay 35D (IRI), Ontario","[3560063]","2590","2367","",,
"1","Burpee and Mills (TP), Ontario","[3551028]","2591","2367","",,
"1","Hilton (TP), Ontario","[3557004]","2592","2367","",,
"1","Sucker Creek 23 (IRI), Ontario","[3551041]","2593","2367","",,
"1","Kerns (TP), Ontario","[3554024]","2605","2367","",,
"1","Moravian 47 (IRI), Ontario","[3536029]","2606","2367","",,
"1","Chamberlain (TP), Ontario","[3554054]","2607","2367","",,
"1","Jocelyn (TP), Ontario","[3557001]","2608","2367","",,
"1","Lake of the Woods (TP), Ontario","[3559047]","2609","2367","",,
"1","Slate Falls (IRI), Ontario","[3560046]","2610","2367","",,
"1","Manitou Rapids 11 (IRI), Ontario","[3559026]","2611","2367","",,
"1","Whitesand (IRI), Ontario","[3558097]","2612","2367","",,
"1","Muskrat Dam Lake (IRI), Ontario","[3560097]","2613","2367","",,
"1","Joly (TP), Ontario","[3549051]","2614","2367","",,
"1","Seine River 23A (IRI), Ontario","[3559066]","2615","2367","",,
"1","Matachewan (TP), Ontario","[3554056]","2616","2367","",,
"1","North Spirit Lake (IRI), Ontario","[3560080]","2617","2367","",,
"1","Head, Clara and Maria (TP), Ontario","[3547098]","2618","2367","",,
"1","Eagle Lake 27 (IRI), Ontario","[3560024]","2619","2367","",,
"1","Big Grassy River 35G (IRI), Ontario","[3559051]","2620","2367","",,
"1","Peawanuck (S-É), Ontario","[3560091]","2621","2367","",,
"1","Marten Falls 65 (IRI), Ontario","[3560052]","2622","2367","",,
"1","Bear Island 1 (IRI), Ontario","[3548072]","2623","2367","",,
"1","Neskantaga (IRI), Ontario","[3560093]","2624","2367","",,
"1","Lake Helen 53A (IRI), Ontario","[3558064]","2625","2367","",,
"1","Magnetawan (MU), Ontario","[3549043]","2451","2367","",,
"1","Walpole Island 46 (IRI), Ontario","[3538004]","2452","2367","",,
"1","Nipissing 10 (IRI), Ontario","[3548073]","2453","2367","",,
"1","Faraday (TP), Ontario","[3512058]","2454","2367","",,
"1","Nipissing, Unorganized, North Part (NO), Ontario","[3548094]","2455","2367","",,
"1","Attawapiskat 91A (IRI), Ontario","[3560051]","2456","2367","",,
"1","Strong (TP), Ontario","[3549046]","2457","2367","",,
"1","Brudenell, Lyndoch and Raglan (TP), Ontario","[3547020]","2458","2367","",,
"1","Moosonee (TV), Ontario","[3556106]","2459","2367","",,
"1","Terrace Bay (TP), Ontario","[3558054]","2460","2367","",,
"1","Macdonald, Meredith and Aberdeen Additional (TP), Ontario","[3557051]","2461","2367","",,
"1","Carling (TP), Ontario","[3549036]","2462","2367","",,
"1","Fort Albany (Part) 67 (IRI), Kenora,Ontario","[3560050]","2463","2367","",,
"1","Nipigon (TP), Ontario","[3558044]","2464","2367","",,
"1","Armour (TP), Ontario","[3549019]","2465","2367","",,
"1","St. Joseph (TP), Ontario","[3557008]","2466","2367","",,
"1","Englehart (T), Ontario","[3554052]","2467","2367","",,
"1","McKellar (TP), Ontario","[3549028]","2468","2367","",,
"1","Rainy River, Unorganized (NO), Ontario","[3559090]","2469","2367","",,
"1","Factory Island 1 (IRI), Ontario","[3556094]","2470","2367","",,
"1","Oneida 41 (IRI), Ontario","[3539021]","2471","2367","",,
"1","St.-Charles (MU), Ontario","[3552004]","2472","2367","",,
"1","Chisholm (TP), Ontario","[3548031]","2473","2367","",,
"1","Thessalon (T), Ontario","[3557028]","2474","2367","",,
"1","Curve Lake First Nation 35 (IRI), Ontario","[3515019]","2475","2367","",,
"1","Kettle Point 44 (IRI), Ontario","[3538056]","2476","2367","",,
"1","Emo (TP), Ontario","[3559019]","2477","2367","",,
"1","Hornepayne (TP), Ontario","[3557096]","2500","2367","",,
"1","Fort William 52 (IRI), Ontario","[3558003]","2501","2367","",,
"1","Papineau-Cameron (TP), Ontario","[3548013]","2502","2367","",,
"1","The Archipelago (TP), Ontario","[3549005]","2503","2367","",,
"1","Kearney (T), Ontario","[3549018]","2504","2367","",,
"1","Machar (TP), Ontario","[3549054]","2505","2367","",,
"1","Burk's Falls (VL), Ontario","[3549022]","2506","2367","",,
"1","Alberton (TP), Ontario","[3559011]","2507","2367","",,
"1","Carlow/Mayo (TP), Ontario","[3512065]","2508","2367","",,
"1","Sundridge (VL), Ontario","[3549048]","2509","2367","",,
"1","Ear Falls (TP), Ontario","[3560032]","2510","2367","",,
"1","M'Chigeeng 22 (IRI), Ontario","[3551045]","2511","2367","",,
"1","Weagamow Lake 87 (IRI), Ontario","[3560059]","2512","2367","",,
"1","McMurrich/Monteith (TP), Ontario","[3549012]","2513","2367","",,
"1","Red Rock (TP), Ontario","[3558041]","2514","2367","",,
"1","Temagami (MU), Ontario","[3548069]","2515","2367","",,
"1","Chippewas of the Thames First Nation 42 (IRI), Ontario","[3539017]","2516","2367","",,
"1","Wabaseemoong (IRI), Ontario","[3560061]","2517","2367","",,
"1","Gore Bay (T), Ontario","[3551026]","2518","2367","",,
"1","Conmee (TP), Ontario","[3558019]","2519","2367","",,
"1","Saugeen 29 (IRI), Ontario","[3541057]","2520","2367","",,
"1","La Vallee (TP), Ontario","[3559016]","2521","2367","",,
"1","Fort Albany (Part) 67 (IRI), Cochrane, Ontario","[3556093]","2522","2367","",,
"1","Pelee (TP), Ontario","[3537001]","2630","2367","",,
"1","Manitoulin, Unorganized, West Part (NO), Ontario","[3551094]","2631","2367","",,
"1","Hilliard (TP), Ontario","[3554034]","2632","2367","",,
"1","Moose Point 79 (IRI), Ontario","[3544073]","2633","2367","",,
"1","Mattagami 71 (IRI), Ontario","[3552052]","2634","2367","",,
"1","Ginoogaming First Nation (IRI), Ontario","[3558067]","2635","2367","",,
"1","Dokis 9 (IRI), Ontario","[3549077]","2636","2367","",,
"1","Opasatika (TP), Ontario","[3556073]","2637","2367","",,
"1","Hilton Beach (VL), Ontario","[3557006]","2638","2367","",,
"1","The Dalles 38C (IRI), Ontario","[3560089]","2639","2367","",,
"1","Aroland (S-É), Ontario","[3558076]","2640","2367","",,
"1","Parry Sound, Unorganized, North East Part (NO), Ontario","[3549095]","2641","2367","",,
"1","Wabigoon Lake 27 (IRI), Ontario","[3560057]","2642","2367","",,
"1","Enniskillen (TP), Ontario","[3538016]","2415","2367","",,
"1","French River / Rivière des Français (M), Ontario","[3552001]","2416","2367","",,
"1","East Garafraxa (TP), Ontario","[3522001]","2417","2367","",,
"1","Wikwemikong Unceded (IRI), Ontario","[3551043]","2418","2367","",,
"1","McDougall (MU), Ontario","[3549031]","2419","2367","",,
"1","Wawa (MU), Ontario","[3557076]","2420","2367","",,
"1","Markstay-Warren (MU), Ontario","[3552013]","2421","2367","",,
"1","Perry (TP), Ontario","[3549014]","2422","2367","",,
"1","Atikokan (T), Ontario","[3559001]","2423","2367","",,
"1","Northeastern Manitoulin and the Islands (MU), Ontario","[3551017]","2424","2367","",,
"1","Front of Yonge (TP), Ontario","[3507017]","2425","2367","",,
"1","Algonquin Highlands (TP), Ontario","[3546018]","2426","2367","",,
"1","Black River-Matheson (TP), Ontario","[3556014]","2427","2367","",,
"1","Timiskaming, Unorganized, West Part (NO), Ontario","[3554094]","2402","2367","",,
"1","Horton (TP), Ontario","[3547046]","2403","2367","",,
"1","Marathon (T), Ontario","[3558059]","2404","2367","",,
"1","Melancthon (TP), Ontario","[3522019]","2405","2367","",,
"1","Merrickville-Wolford (VL), Ontario","[3507052]","2406","2367","",,
"1","North Algona Wilberforce (TP), Ontario","[3547070]","2407","2367","",,
"1","Athens (TP), Ontario","[3507042]","2408","2367","",,
"1","Adelaide-Metcalfe (TP), Ontario","[3539047]","2409","2367","",,
"1","Admaston/Bromley (TP), Ontario","[3547043]","2410","2367","",,
"1","Laurentian Hills (T), Ontario","[3547090]","2411","2367","",,
"1","Sudbury, Unorganized, North Part (NO), Ontario","[3552093]","2412","2367","",,
"1","North Kawartha (TP), Ontario","[3515037]","2413","2367","",,
"1","Greater Madawaska (TP), Ontario","[3547008]","2414","2367","",,
"1","Goulais Bay 15A (IRI), Ontario","[3557077]","2667","2367","",,
"1","Brethour (TP), Ontario","[3554032]","2668","2367","",,
"1","Magnetewan 1 (IRI), Ontario","[3549078]","2669","2367","",,
"1","Munsee-Delaware Nation 1 (IRI), Ontario","[3539018]","2657","2367","",,
"1","New Post 69A (IRI), Ontario","[3556102]","2658","2367","",,
"1","Rainy Lake 18C (IRI), Ontario","[3559061]","2659","2367","",,
"1","Mississaugas of Scugog Island (IRI), Ontario","[3518022]","2660","2367","",,
"1","Sheshegwaning 20 (IRI), Ontario","[3551044]","2661","2367","",,
"1","Pic Mobert South (IRI), Ontario","[3558061]","2662","2367","",,
"1","Whitefish Bay 34A (IRI), Ontario","[3560083]","2663","2367","",,
"1","Wahnapitei 11 (IRI), Ontario","[3553040]","2664","2367","",,
"1","Neguaguon Lake 25D (IRI), Ontario","[3559060]","2665","2367","",,
"1","Gull River 55 (IRI), Ontario","[3558065]","2666","2367","",,
"1","Nipissing, Unorganized, South Part (NO), Ontario","[3548091]","2670","2367","",,
"1","Pays Plat 51 (IRI), Ontario","[3558063]","2671","2367","",,
"1","Shoal Lake (Part) 40 (IRI), Ontario","[3560082]","2672","2367","",,
"1","Whitefish Bay 33A (IRI), Ontario","[3560005]","2673","2367","",,
"1","Thornloe (VL), Ontario","[3554038]","2674","2367","",,
"1","Ojibway Nation of Saugeen (Savant Lake) (IRI), Ontario","[3558080]","2675","2367","",,
"1","Shoal Lake 34B2 (IRI), Ontario","[3560064]","2676","2367","",,
"1","Matachewan 72 (IRI), Ontario","[3554057]","2677","2367","",,
"1","Chapleau Cree Fox Lake (IRI), Ontario","[3552056]","2678","2367","",,
"1","Gros Cap 49 (IRI), Ontario","[3557078]","2679","2367","",,
"1","Wabauskang 21 (IRI), Ontario","[3560084]","2680","2367","",,
"1","Northwest Angle 33B (IRI), Ontario","[3560060]","2681","2367","",,
"1","Lake of the Woods 37 (IRI), Ontario","[3560065]","2682","2367","",,
"1","Zhiibaahaasing 19A (IRI), Ontario","[3551100]","2683","2367","",,
"1","Christian Island 30A (IRI), Ontario","[3543070]","2684","2367","",,
"1","Cochrane, Unorganized, South East Part (NO), Ontario","[3556098]","2685","2367","",,
"1","Chapleau 74A (IRI), Ontario","[3552053]","2686","2367","",,
"1","Cockburn Island (TP), Ontario","[3551034]","2687","2367","",,
"1","Wawakapewin (IRI), Ontario","[3560100]","2688","2367","",,
"1","Chief's Point No. 28 (IRI), Ontario","[3541056]","2689","2367","",,
"1","Henvey Inlet 2 (IRI), Ontario","[3549075]","2690","2367","",,
"1","Sturgeon Falls 23 (IRI), Ontario","[3559089]","2691","2367","",,
"1","Algoma, Unorganized, South East Part (NO), Ontario","[3557094]","2692","2367","",,
"1","Big Island Mainland 93 (IRI), Ontario","[3559052]","2693","2367","",,
"1","Cochrane, Unorganized, South West Part (NO), Ontario","[3556091]","2694","2367","",,
"1","Point Grondine 3 (IRI), Ontario","[3552037]","2695","2367","",,
"1","Rainy Lake 17B (IRI), Ontario","[3559069]","2696","2367","",,
"1","Sand Point First Nation (IRI), Ontario","[3558074]","2697","2367","",,
"1","Timiskaming, Unorganized, East Part (NO), Ontario","[3554091]","2698","2367","",,
"1","Agency 1 (IRI), Ontario","[3559062]","2699","2367","",,
"1","Assabaska (IRI), Ontario","[3559046]","2700","2367","",,
"1","Chapleau 75 (IRI), Ontario","[3552058]","2701","2367","",,
"1","Flying Post 73 (IRI), Ontario","[3556100]","2702","2367","",,
"1","Lac des Mille Lacs 22A1 (IRI), Ontario","[3558100]","2703","2367","",,
"1","Lake Nipigon (IRI), Ontario","[3558077]","2704","2367","",,
"1","Lansdowne House (S-É), Ontario","[3560081]","2705","2367","",,
"1","Moose Factory 68 (IRI), Ontario","[3556096]","2706","2367","",,
"1","Naiscoutaing 17A (IRI), Ontario","[3549093]","2707","2367","",,
"1","Obadjiwan 15E (IRI), Ontario","[3557092]","2708","2367","",,
"1","Red Rock 53 (IRI), Ontario","[3558092]","2709","2367","",,
"1","Rat Portage 38A (IRI), Ontario","[3560069]","2643","2367","",,
"1","New Credit (Part) 40A (IRI), Haldimand-Norfolk, Ontario","[3528035]","2644","2367","",,
"1","Abitibi 70 (IRI), Ontario","[3556033]","2645","2367","",,
"1","Sheguiandah 24 (IRI), Ontario","[3551042]","2646","2367","",,
"1","Rainy Lake 26A (IRI), Ontario","[3559064]","2647","2367","",,
"1","Shawanaga 17 (IRI), Ontario","[3549072]","2648","2367","",,
"1","Rocky Bay 1 (IRI), Ontario","[3558069]","2649","2367","",,
"1","Duck Lake 76B (IRI), Ontario","[3552054]","2650","2367","",,
"1","Gauthier (TP), Ontario","[3554066]","2651","2367","",,
"1","Mattawan (TP), Ontario","[3548019]","2652","2367","",,
"1","Thessalon 12 (IRI), Ontario","[3557026]","2653","2367","",,
"1","French River 13 (IRI), Ontario","[3549076]","2654","2367","",,
"1","Pic Mobert North (IRI), Ontario","[3558060]","2655","2367","",,
"1","Saug-A-Gaw-Sing 1 (IRI), Ontario","[3559053]","2656","2367","",,
"1","Census subdivisions with 5,000-plus population, Manitoba","","2711","2710","",,
"1","Census subdivisions with population under 5,000, Manitoba","","2744","2710","",,
"1","Winnipeg (CY), Manitoba","[4611040]","2712","2711","",,
"1","Brandon (CY), Manitoba","[4607062]","2713","2711","",,
"1","Steinbach (CY), Manitoba","[4602044]","2714","2711","",,
"1","Hanover (RM), Manitoba","[4602041]","2715","2711","",,
"1","Springfield (RM), Manitoba","[4612047]","2716","2711","",,
"1","Winkler (CY), Manitoba","[4603050]","2717","2711","",,
"1","Portage la Prairie (CY), Manitoba","[4609029]","2718","2711","",,
"1","Thompson (CY), Manitoba","[4622026]","2719","2711","",,
"1","Taché (RM), Manitoba","[4602069]","2720","2711","",,
"1","St. Andrews (RM), Manitoba","[4613043]","2721","2711","",,
"1","St. Clements (RM), Manitoba","[4613056]","2722","2711","",,
"1","Selkirk (CY), Manitoba","[4613047]","2723","2711","",,
"1","Morden (CY), Manitoba","[4603053]","2724","2711","",,
"1","East St. Paul (RM), Manitoba","[4613032]","2725","2711","",,
"1","Stanley (RM), Manitoba","[4603047]","2726","2711","",,
"1","Rockwood (RM), Manitoba","[4614036]","2727","2711","",,
"1","Dauphin (CY), Manitoba","[4617050]","2728","2711","",,
"1","Macdonald (RM), Manitoba","[4610035]","2729","2711","",,
"1","Ritchot (RM), Manitoba","[4602075]","2730","2711","",,
"1","Portage la Prairie (RM), Manitoba","[4609024]","2731","2711","",,
"1","La Broquerie (RM), Manitoba","[4602053]","2732","2711","",,
"1","West St. Paul (RM), Manitoba","[4613037]","2733","2711","",,
"1","Gimli (RM), Manitoba","[4618031]","2734","2711","",,
"1","Rhineland (MU), Manitoba","[4603041]","2735","2711","",,
"1","Niverville (T), Manitoba","[4602046]","2736","2711","",,
"1","The Pas (T), Manitoba","[4621045]","2737","2711","",,
"1","Neepawa (T), Manitoba","[4615020]","2738","2711","",,
"1","Ste. Anne (RM), Manitoba","[4602057]","2739","2711","",,
"1","Brokenhead (RM), Manitoba","[4612054]","2740","2711","",,
"1","Norway House 17 (IRI), Manitoba","[4622058]","2741","2711","",,
"1","Stonewall (T), Manitoba","[4614039]","2742","2711","",,
"1","Flin Flon (Part) (CY), Manitoba","[4621064]","2743","2711","",,
"1","God's River 86A (IRI), Manitoba","[4622055]","2876","2744","",,
"1","South Indian Lake (S-É), Manitoba","[4623037]","2877","2744","",,
"1","Shoal River Indian Reserve 65A (IRI), Manitoba","[4619072]","2878","2744","",,
"1","McCreary (MU), Manitoba","[4617035]","2879","2744","",,
"1","Red Sucker Lake 1976 (IRI), Manitoba","[4622056]","2880","2744","",,
"1","Pine Creek 66A (IRI), Manitoba","[4619070]","2881","2744","",,
"1","Bloodvein 12 (IRI), Manitoba","[4619052]","2882","2744","",,
"1","Ethelbert (MU), Manitoba","[4617064]","2883","2744","",,
"1","Lac Brochet 197A (IRI), Manitoba","[4623067]","2884","2744","",,
"1","Brenda-Waskada (MU), Manitoba","[4605044]","2885","2744","",,
"1","Little Saskatchewan 48 (IRI), Manitoba","[4618063]","2886","2744","",,
"1","Lynn Lake (T), Manitoba","[4623047]","2887","2744","",,
"1","Brochet 197 (IRI), Manitoba","[4623065]","2888","2744","",,
"1","Roseau River 2 (IRI), Manitoba","[4602027]","2889","2744","",,
"1","Mountain (North) (RM), Manitoba","[4620055]","2890","2744","",,
"1","Hole or Hollow Water 10 (IRI), Manitoba","[4619053]","2891","2744","",,
"1","Black River 9 (IRI), Manitoba","[4619054]","2892","2744","",,
"1","Waterhen 45 (IRI), Manitoba","[4619069]","2893","2744","",,
"1","Keeseekoowenin 61 (IRI), Manitoba","[4615067]","2894","2744","",,
"1","York Landing (IRI), Manitoba","[4622065]","2895","2744","",,
"1","Birdtail Creek 57 (IRI), Manitoba","[4615042]","2896","2744","",,
"1","Victoria Beach (RM), Manitoba","[4601078]","2897","2744","",,
"1","Crane River 51 (IRI), Manitoba","[4619068]","2898","2744","",,
"1","Mountain (South) (RM), Manitoba","[4620032]","2899","2744","",,
"1","Brokenhead 4 (IRI), Manitoba","[4613062]","2900","2744","",,
"1","Swan Lake 7 (IRI), Manitoba","[4604068]","2901","2744","",,
"1","Rolling River 67 (IRI), Manitoba","[4615071]","2902","2744","",,
"1","Valley River 63A (IRI), Manitoba","[4616046]","2903","2744","",,
"1","Churchill 1 (IRI), Manitoba","[4623058]","2904","2744","",,
"1","Leaf Rapids (T), Manitoba","[4623034]","2905","2744","",,
"1","Pauingassi First Nation (IRI), Manitoba","[4619079]","2906","2744","",,
"1","Canupawakpa Dakota First Nation (Oak Lake 59) (IRI), Manitoba","[4606029]","2907","2744","",,
"1","Jackhead 43 (IRI), Manitoba","[4619061]","2908","2744","",,
"1","Opaskwayak Cree Nation 21A (IRI), Manitoba","[4621033]","2909","2744","",,
"1","Dakota Tipi 1 (IRI), Manitoba","[4609027]","2910","2744","",,
"1","Division No. 18, Unorganized, East Part (NO), Manitoba","[4618091]","2911","2744","",,
"1","Buffalo Point 36 (IRI), Manitoba","[4601070]","2912","2744","",,
"1","Grand Rapids (T), Manitoba","[4621025]","2914","2744","",,
"1","Moose Lake 31D (IRI), Manitoba","[4621080]","2915","2744","",,
"1","Black Sturgeon (IRI), Manitoba","[4623800]","2916","2744","",,
"1","Red Sucker Lake 1976A (IRI), Manitoba","[4622045]","2917","2744","",,
"1","Division No. 23, Unorganized (NO), Manitoba","[4623062]","2918","2744","",,
"1","Wuskwi Sipihk First Nation 2 (IRI), Manitoba","[4620060]","2919","2744","",,
"1","Fox Lake 2 (IRI), Manitoba","[4623027]","2920","2744","",,
"1","Opaskwayak Cree Nation 21I (IRI), Manitoba","[4621040]","2921","2744","",,
"1","Division No. 17, Unorganized (NO), Manitoba","[4617092]","2922","2744","",,
"1","Roseau Rapids 2A (IRI), Manitoba","[4602026]","2923","2744","",,
"1","Dakota Plains 6A (IRI), Manitoba","[4609026]","2924","2744","",,
"1","Shoal River 65B (IRI), Manitoba","[4619040]","2925","2744","",,
"1","Division No. 20, Unorganized, South Part (NO), Manitoba","[4620066]","2926","2744","",,
"1","O-Pipon-Na-Piwin Cree Nation 1 (IRI), Manitoba","[4623040]","2927","2744","",,
"1","Gambler 63 (Part) (IRI), Parklands, Manitoba","[4616025]","2928","2744","",,
"1","Ilford (S-É), Manitoba","[4622064]","2929","2744","",,
"1","Mooseocoot (IRI), Manitoba","[4622802]","2930","2744","",,
"1","A Kwis Ki Mahka (IRI), Manitoba","[4623023]","2931","2744","",,
"1","Rolling River 67B (IRI), Manitoba","[4615072]","2932","2744","",,
"1","The Narrows 49 (IRI), Manitoba","[4619065]","2933","2744","",,
"1","Fisher River 44A (IRI), Manitoba","[4619058]","2934","2744","",,
"1","Opaskwayak Cree Nation 21C (IRI), Manitoba","[4621035]","2935","2744","",,
"1","Opaskwayak Cree Nation 21B (IRI), Manitoba","[4621034]","2936","2744","",,
"1","Chemawawin 3 (IRI), Manitoba","[4619082]","2937","2744","",,
"1","Division No. 20, Unorganized, North Part (NO), Manitoba","[4620069]","2938","2744","",,
"1","Gambler 63 (Part) (IRI), Southwest / Sud-ouest, Manitoba","[4615049]","2939","2744","",,
"1","Granville Lake (S-É), Manitoba","[4623039]","2940","2744","",,
"1","Swan Lake 65C (IRI), Manitoba","[4619071]","2941","2744","",,
"1","Long Plain (IRI), Manitoba","[4609030]","2942","2744","",,
"1","Opaskwayak Cree Nation 21N (IRI), Manitoba","[4621039]","2943","2744","",,
"1","Division No. 18, Unorganized, West Part (NO), Manitoba","[4618093]","2944","2744","",,
"1","Moose Lake 31G (IRI), Manitoba","[4621060]","2945","2744","",,
"1","Mooseocoot 4 (IRI), Manitoba","[4622066]","2946","2744","",,
"1","Mystery Lake (LGD), Manitoba","[4622017]","2947","2744","",,
"1","Opaskwayak Cree Nation 21D (IRI), Manitoba","[4621036]","2948","2744","",,
"1","Shoal Lake (Part) 40 (IRI), Manitoba","[4601079]","2949","2744","",,
"1","Swan Lake 7A (IRI), Manitoba","[4607040]","2950","2744","",,
"1","Waywayseecappo Highway 10 (IRI), Manitoba","[4607072]","2951","2744","",,
"1","Dauphin River 48A (IRI), Manitoba","[4619062]","2913","2744","",,
"1","Long Plain 6 (IRI), Manitoba","[4609025]","2834","2744","",,
"1","Lakeshore (RM), Manitoba","[4617075]","2835","2744","",,
"1","Coldwell (RM), Manitoba","[4618044]","2836","2744","",,
"1","St-Pierre-Jolys (VL), Manitoba","[4602037]","2837","2744","",,
"1","Arborg (T), Manitoba","[4618074]","2838","2744","",,
"1","Grahamdale (RM), Manitoba","[4618060]","2839","2744","",,
"1","Elton (RM), Manitoba","[4607071]","2840","2744","",,
"1","Montcalm (RM), Manitoba","[4603030]","2841","2744","",,
"1","Chemawawin 2 (IRI), Manitoba","[4621029]","2842","2744","",,
"1","Rosser (RM), Manitoba","[4614015]","2843","2744","",,
"1","Powerview-Pine Falls (T), Manitoba","[4601075]","2844","2744","",,
"1","Sifton (RM), Manitoba","[4606016]","2845","2744","",,
"1","Hamiota (MU), Manitoba","[4615037]","2846","2744","",,
"1","Alonsa (RM), Manitoba","[4617026]","2847","2744","",,
"1","Teulon (T), Manitoba","[4614042]","2848","2744","",,
"1","Victoria (RM), Manitoba","[4608042]","2849","2744","",,
"1","Berens River 13 (IRI), Manitoba","[4619077]","2850","2744","",,
"1","Roland (RM), Manitoba","[4603062]","2851","2744","",,
"1","Glenella-Lansdowne (MU), Manitoba","[4608055]","2853","2744","",,
"1","Shamattawa 1 (IRI), Manitoba","[4623071]","2854","2744","",,
"1","Minto-Odanah (MU), Manitoba","[4615074]","2855","2744","",,
"1","Two Borders (MU), Manitoba","[4605056]","2856","2744","",,
"1","Mossey River (RM), Manitoba","[4617072]","2857","2744","",,
"1","Snow Lake (T), Manitoba","[4621071]","2858","2744","",,
"1","Sioux Valley Dakota Nation (IRI), Manitoba","[4606040]","2859","2744","",,
"1","Lac du Bonnet (T), Manitoba","[4601060]","2860","2744","",,
"1","Melita (T), Manitoba","[4605052]","2861","2744","",,
"1","Gillam (T), Manitoba","[4623022]","2862","2744","",,
"1","Clanwilliam-Erickson (MU), Manitoba","[4615092]","2863","2744","",,
"1","Argyle (RM), Manitoba","[4604057]","2864","2744","",,
"1","Dunnottar (VL), Manitoba","[4613049]","2865","2744","",,
"1","Rossburn (MU), Manitoba","[4616005]","2866","2744","",,
"1","Obushkudayang (IRI), Manitoba","[4618061]","2867","2744","",,
"1","Poplar River 16 (IRI), Manitoba","[4619075]","2868","2744","",,
"1","Grand Rapids 33 (IRI), Manitoba","[4621027]","2869","2744","",,
"1","Dog Creek 46 (IRI), Manitoba","[4618055]","2870","2744","",,
"1","Little Grand Rapids 14 (IRI), Manitoba","[4619051]","2871","2744","",,
"1","Churchill (T), Manitoba","[4623056]","2872","2744","",,
"1","Moose Lake 31A (IRI), Manitoba","[4621058]","2873","2744","",,
"1","Cross Lake 19E (IRI), Manitoba","[4622067]","2874","2744","",,
"1","Ellice-Archie (RM), Manitoba","[4615047]","2875","2744","",,
"1","Fairford 50 (IRI), Manitoba","[4618067]","2852","2744","",,
"1","Cornwallis (RM), Manitoba","[4607060]","2745","2744","",,
"1","Altona (T), Manitoba","[4603040]","2746","2744","",,
"1","Headingley (RM), Manitoba","[4611042]","2747","2744","",,
"1","Swan River (T), Manitoba","[4620048]","2748","2744","",,
"1","North Norfolk (MU), Manitoba","[4608046]","2749","2744","",,
"1","De Salaberry (RM), Manitoba","[4602032]","2750","2744","",,
"1","Alexander (RM), Manitoba","[4601071]","2751","2744","",,
"1","Woodlands (RM), Manitoba","[4614031]","2752","2744","",,
"1","Lac du Bonnet (RM), Manitoba","[4601057]","2753","2744","",,
"1","Killarney - Turtle Mountain (RM), Manitoba","[4605025]","2754","2744","",,
"1","St. Theresa Point (IRI), Manitoba","[4622801]","2755","2744","",,
"1","Cartier (RM), Manitoba","[4610043]","2756","2744","",,
"1","Bifrost-Riverton (MU), Manitoba","[4618076]","2757","2744","",,
"1","Beausejour (T), Manitoba","[4612056]","2758","2744","",,
"1","WestLake-Gladstone (MU), Manitoba","[4608060]","2759","2744","",,
"1","Virden (T), Manitoba","[4606034]","2760","2744","",,
"1","Carman (T), Manitoba","[4603074]","2761","2744","",,
"1","Morris (RM), Manitoba","[4603065]","2762","2744","",,
"1","Garden Hill First Nation (IRI), Manitoba","[4622048]","2763","2744","",,
"1","Hillsburg-Roblin-Shell River (MU), Manitoba","[4616048]","2764","2744","",,
"1","Division No. 19, Unorganized (NO), Manitoba","[4619045]","2765","2744","",,
"1","Peguis 1B (IRI), Manitoba","[4619059]","2766","2744","",,
"1","Ste. Anne (T), Manitoba","[4602061]","2767","2744","",,
"1","Wallace-Woodworth (RM), Manitoba","[4606031]","2768","2744","",,
"1","Lorne (MU), Manitoba","[4604064]","2769","2744","",,
"1","North Cypress-Langford (MU), Manitoba","[4607066]","2770","2744","",,
"1","Swan Valley West (MU), Manitoba","[4620042]","2771","2744","",,
"1","Minnedosa (T), Manitoba","[4615075]","2772","2744","",,
"1","Sandy Bay 5 (IRI), Manitoba","[4608069]","2773","2744","",,
"1","Russell-Binscarth (MU), Manitoba","[4616030]","2774","2744","",,
"1","Dufferin (RM), Manitoba","[4603072]","2775","2744","",,
"1","Souris-Glenwood (MU), Manitoba","[4607052]","2776","2744","",,
"1","Grey (RM), Manitoba","[4609018]","2777","2744","",,
"1","Emerson-Franklin (MU), Manitoba","[4602024]","2778","2744","",,
"1","Pembina (MU), Manitoba","[4604034]","2779","2744","",,
"1","Nelson House 170 (IRI), Manitoba","[4622059]","2780","2744","",,
"1","Boissevain-Morton (MU), Manitoba","[4605032]","2781","2744","",,
"1","Dauphin (RM), Manitoba","[4617048]","2782","2744","",,
"1","Split Lake 171 (IRI), Manitoba","[4622063]","2783","2744","",,
"1","West Interlake (MU), Manitoba","[4618056]","2784","2744","",,
"1","Opaskwayak Cree Nation 21E (IRI), Manitoba","[4621043]","2785","2744","",,
"1","Kelsey (RM), Manitoba","[4621052]","2786","2744","",,
"1","Oxford House 24 (IRI), Manitoba","[4622050]","2787","2744","",,
"1","Prairie View (MU), Manitoba","[4615056]","2788","2744","",,
"1","Division No. 22, Unorganized (NO), Manitoba","[4622046]","2789","2744","",,
"1","Riverdale (MU), Manitoba","[4607076]","2790","2744","",,
"1","Fort Alexander 3 (IRI), Manitoba","[4619050]","2791","2744","",,
"1","Wasagamack (IRI), Manitoba","[4622800]","2792","2744","",,
"1","Cross Lake 19A (IRI), Manitoba","[4622052]","2793","2744","",,
"1","Pukatawagan 198 (IRI), Manitoba","[4623064]","2794","2744","",,
"1","Louise (MU), Manitoba","[4604040]","2795","2744","",,
"1","Morris (T), Manitoba","[4603067]","2796","2744","",,
"1","Armstrong (RM), Manitoba","[4618037]","2797","2744","",,
"1","Cross Lake 19 (IRI), Manitoba","[4622051]","2798","2744","",,
"1","Fisher (RM), Manitoba","[4618068]","2799","2744","",,
"1","Division No. 21, Unorganized (NO), Manitoba","[4621078]","2800","2744","",,
"1","Harrison Park (MU), Manitoba","[4615070]","2801","2744","",,
"1","Yellowhead (RM), Manitoba","[4615063]","2802","2744","",,
"1","Piney (RM), Manitoba","[4601039]","2803","2744","",,
"1","Carberry (T), Manitoba","[4607068]","2804","2744","",,
"1","Oakland-Wawanesa (MU), Manitoba","[4607046]","2805","2744","",,
"1","Norfolk-Treherne (MU), Manitoba","[4608032]","2806","2744","",,
"1","Stuartburn (RM), Manitoba","[4601035]","2807","2744","",,
"1","Whitehead (RM), Manitoba","[4607057]","2808","2744","",,
"1","Ste. Rose (MU), Manitoba","[4617041]","2809","2744","",,
"1","Oakview (RM), Manitoba","[4615032]","2810","2744","",,
"1","Whitemouth (RM), Manitoba","[4601046]","2811","2744","",,
"1","Prairie Lakes (RM), Manitoba","[4605071]","2812","2744","",,
"1","Ebb and Flow 52 (IRI), Manitoba","[4617029]","2813","2744","",,
"1","Grassland (MU), Manitoba","[4605062]","2814","2744","",,
"1","Minitonas-Bowsman (MU), Manitoba","[4620051]","2815","2744","",,
"1","Glenboro-South Cypress (MU), Manitoba","[4607039]","2816","2744","",,
"1","St. Laurent (RM), Manitoba","[4618040]","2817","2744","",,
"1","Pinawa (LGD), Manitoba","[4601051]","2818","2744","",,
"1","God's Lake 23 (IRI), Manitoba","[4622049]","2819","2744","",,
"1","Rosedale (RM), Manitoba","[4615078]","2820","2744","",,
"1","Thompson (RM), Manitoba","[4603058]","2821","2744","",,
"1","Deloraine-Winchester (MU), Manitoba","[4605038]","2822","2744","",,
"1","St. François Xavier (RM), Manitoba","[4610052]","2823","2744","",,
"1","Fisher River 44 (IRI), Manitoba","[4619056]","2824","2744","",,
"1","Riding Mountain West (RM), Manitoba","[4616020]","2825","2744","",,
"1","Winnipeg Beach (T), Manitoba","[4618034]","2826","2744","",,
"1","Gilbert Plains (MU), Manitoba","[4617054]","2827","2744","",,
"1","Pipestone (RM), Manitoba","[4606023]","2828","2744","",,
"1","Waywayseecappo First Nation (IRI), Manitoba","[4616017]","2829","2744","",,
"1","Grandview (MU), Manitoba","[4617058]","2830","2744","",,
"1","Division No.  1, Unorganized (NO), Manitoba","[4601094]","2831","2744","",,
"1","Reynolds (RM), Manitoba","[4601043]","2832","2744","",,
"1","Cartwright-Roblin (MU), Manitoba","[4604052]","2833","2744","",,
"1","Census subdivisions with 5,000-plus population, Saskatchewan","","2953","2952","",,
"1","Census subdivisions with population under 5,000, Saskatchewan","","2970","2952","",,
"1","Saskatoon (CY), Saskatchewan","[4711066]","2954","2953","",,
"1","Regina (CY), Saskatchewan","[4706027]","2955","2953","",,
"1","Prince Albert (CY), Saskatchewan","[4715066]","2956","2953","",,
"1","Moose Jaw (CY), Saskatchewan","[4707039]","2957","2953","",,
"1","Swift Current (CY), Saskatchewan","[4708004]","2958","2953","",,
"1","Yorkton (CY), Saskatchewan","[4709012]","2959","2953","",,
"1","North Battleford (CY), Saskatchewan","[4716029]","2960","2953","",,
"1","Warman (CY), Saskatchewan","[4711068]","2961","2953","",,
"1","Lloydminster (Part) (CY), Saskatchewan","[4717029]","2962","2953","",,
"1","Weyburn (CY), Saskatchewan","[4702047]","2963","2953","",,
"1","Estevan (CY), Saskatchewan","[4701024]","2964","2953","",,
"1","Martensville (CY), Saskatchewan","[4711070]","2965","2953","",,
"1","Corman Park No. 344 (RM), Saskatchewan","[4711065]","2966","2953","",,
"1","Humboldt (CY), Saskatchewan","[4715008]","2967","2953","",,
"1","Melfort (CY), Saskatchewan","[4714051]","2968","2953","",,
"1","Meadow Lake (CY), Saskatchewan","[4717052]","2969","2953","",,
"1","Bjorkdale No. 426 (RM), Saskatchewan","[4714038]","3105","2970","",,
"1","Tisdale No. 427 (RM), Saskatchewan","[4714043]","3106","2970","",,
"1","Lashburn (T), Saskatchewan","[4717024]","3107","2970","",,
"1","Churchbridge (T), Saskatchewan","[4705094]","3108","2970","",,
"1","James Smith 100 (IRI), Saskatchewan","[4715849]","3109","2970","",,
"1","Wolseley (T), Saskatchewan","[4705024]","3110","2970","",,
"1","Leask No. 464 (RM), Saskatchewan","[4716041]","3111","2970","",,
"1","Buffalo River Dene Nation (IRI), Saskatchewan","[4718818]","3112","2970","",,
"1","Clearwater River Dene 222 (IRI), Saskatchewan","[4718839]","3113","2970","",,
"1","Herbert (T), Saskatchewan","[4707026]","3114","2970","",,
"1","Southey (T), Saskatchewan","[4706092]","3115","2970","",,
"1","Loon Lake No. 561 (RM), Saskatchewan","[4717056]","3116","2970","",,
"1","Kelvington (T), Saskatchewan","[4714022]","3117","2970","",,
"1","Porcupine Plain (T), Saskatchewan","[4714007]","3118","2970","",,
"1","Star City No. 428 (RM), Saskatchewan","[4714047]","3119","2970","",,
"1","Excelsior No. 166 (RM), Saskatchewan","[4707021]","3120","2970","",,
"1","Biggar No. 347 (RM), Saskatchewan","[4712042]","3121","2970","",,
"1","Sasman No. 336 (RM), Saskatchewan","[4710071]","3122","2970","",,
"1","Hoodoo No. 401 (RM), Saskatchewan","[4715039]","3123","2970","",,
"1","Cote 64 (IRI), Saskatchewan","[4709819]","3124","2970","",,
"1","Hepburn (T), Saskatchewan","[4715027]","3125","2970","",,
"1","Strasbourg (T), Saskatchewan","[4706074]","3126","2970","",,
"1","Cudworth (T), Saskatchewan","[4715041]","3127","2970","",,
"1","Radville (T), Saskatchewan","[4702031]","3128","2970","",,
"1","Big Island Lake Cree Territory (IRI), Saskatchewan","[4717811]","3129","2970","",,
"1","Gordon 86 (IRI), Saskatchewan","[4710823]","3130","2970","",,
"1","Carrot River 29A (IRI), Saskatchewan","[4714845]","3131","2970","",,
"1","Cumberland House Cree Nation 20 (IRI), Saskatchewan","[4718801]","3132","2970","",,
"1","Mistawasis 103 (IRI), Saskatchewan","[4716855]","3133","2970","",,
"1","Saltcoats No. 213 (RM), Saskatchewan","[4705077]","3134","2970","",,
"1","Waterhen 130 (IRI), Saskatchewan","[4717806]","3135","2970","",,
"1","Porcupine No. 395 (RM), Saskatchewan","[4714006]","3136","2970","",,
"1","Three Lakes No. 400 (RM), Saskatchewan","[4715044]","3137","2970","",,
"1","St. Peter No. 369 (RM), Saskatchewan","[4715001]","3138","2970","",,
"1","White Bear 70 (IRI), Saskatchewan","[4701808]","3139","2970","",,
"1","Aberdeen (T), Saskatchewan","[4715019]","3140","2970","",,
"1","Leader (T), Saskatchewan","[4708058]","3104","2970","",,
"1","Marcelin (VL), Saskatchewan","[4716014]","3631","2970","",,
"1","Wreford No. 280 (RM), Saskatchewan","[4711042]","3632","2970","",,
"1","Southend No. 200A (IRI), Saskatchewan","[4718826]","3633","2970","",,
"1","Tobin Lake (RV), Saskatchewan","[4714068]","3634","2970","",,
"1","Climax (VL), Saskatchewan","[4704009]","3635","2970","",,
"1","Flaxcombe (VL), Saskatchewan","[4713009]","3636","2970","",,
"1","Grizzly Bear's Head 110 and Lean Man 111 (IRI), Saskatchewan","[4712832]","3637","2970","",,
"1","Kivimaa-Moonlight Bay (RV), Saskatchewan","[4717042]","3638","2970","",,
"1","Brock (VL), Saskatchewan","[4713002]","3639","2970","",,
"1","Island View (RV), Saskatchewan","[4706085]","3640","2970","",,
"1","Landis (VL), Saskatchewan","[4713067]","3641","2970","",,
"1","Albertville (VL), Saskatchewan","[4715085]","3642","2970","",,
"1","Parkside (VL), Saskatchewan","[4716044]","3643","2970","",,
"1","Simpson (VL), Saskatchewan","[4711041]","3644","2970","",,
"1","Eyebrow (VL), Saskatchewan","[4707049]","3645","2970","",,
"1","Frobisher (VL), Saskatchewan","[4701017]","3646","2970","",,
"1","Gerald (VL), Saskatchewan","[4705044]","3647","2970","",,
"1","Plenty (VL), Saskatchewan","[4713031]","3648","2970","",,
"1","Chaplin No. 164 (RM), Saskatchewan","[4707029]","3649","2970","",,
"1","Mosquito 109 (IRI), Saskatchewan","[4712830]","3650","2970","",,
"1","McTaggart (VL), Saskatchewan","[4702048]","3651","2970","",,
"1","Antelope Park No. 322 (RM), Saskatchewan","[4713016]","3652","2970","",,
"1","Happy Valley No. 10 (RM), Saskatchewan","[4702018]","3653","2970","",,
"1","Kannata Valley (RV), Saskatchewan","[4706075]","3654","2970","",,
"1","Pelican Narrows (NV), Saskatchewan","[4718055]","3655","2970","",,
"1","Sintaluta (T), Saskatchewan","[4706041]","3656","2970","",,
"1","Medstead (VL), Saskatchewan","[4716063]","3657","2970","",,
"1","Bulyea (VL), Saskatchewan","[4706073]","3658","2970","",,
"1","Kincaid (VL), Saskatchewan","[4703051]","3659","2970","",,
"1","Paynton (VL), Saskatchewan","[4717014]","3660","2970","",,
"1","Sheho (VL), Saskatchewan","[4709024]","3661","2970","",,
"1","Val Marie (VL), Saskatchewan","[4704002]","3662","2970","",,
"1","Pennant (VL), Saskatchewan","[4708034]","3663","2970","",,
"1","Paddockwood (VL), Saskatchewan","[4715098]","3664","2970","",,
"1","Richmound (VL), Saskatchewan","[4708022]","3665","2970","",,
"1","Grandview Beach (RV), Saskatchewan","[4706069]","3666","2970","",,
"1","Mistusinne (RV), Saskatchewan","[4707074]","3667","2970","",,
"1","Jans Bay (NH), Saskatchewan","[4718030]","3668","2970","",,
"1","Prelate (VL), Saskatchewan","[4708057]","3669","2970","",,
"1","Cadillac (VL), Saskatchewan","[4704029]","3670","2970","",,
"1","Eagles Lake 165C (IRI), Saskatchewan","[4717816]","3671","2970","",,
"1","Limerick (VL), Saskatchewan","[4703041]","3672","2970","",,
"1","Waseca (VL), Saskatchewan","[4717019]","3673","2970","",,
"1","North Portal (VL), Saskatchewan","[4701018]","3674","2970","",,
"1","Enterprise No. 142 (RM), Saskatchewan","[4708021]","3675","2970","",,
"1","Halbrite (VL), Saskatchewan","[4702038]","3676","2970","",,
"1","Jansen (VL), Saskatchewan","[4710054]","3677","2970","",,
"1","Stewart Valley (VL), Saskatchewan","[4708039]","3678","2970","",,
"1","North Battleford (CN), Saskatchewan","[4716027]","3679","2970","",,
"1","Ocean Man 69I (IRI), Saskatchewan","[4701816]","3851","2970","",,
"1","Ochapowace 71-10 (IRI), Saskatchewan","[4705814]","3852","2970","",,
"1","One Arrow 95-1A (IRI), Saskatchewan","[4715862]","3853","2970","",,
"1","Sweet Grass 113-M16 (IRI), Saskatchewan","[4712837]","3854","2970","",,
"1","Beardy's and Okemasis 96 and 97A (IRI), Saskatchewan","[4710828]","3855","2970","",,
"1","Big River 118A (IRI), Saskatchewan","[4716859]","3856","2970","",,
"1","Carry the Kettle 76-110 (IRI), Saskatchewan","[4706831]","3857","2970","",,
"1","Carry the Kettle 76-19 (IRI), Saskatchewan","[4706830]","3858","2970","",,
"1","Chicken 225 (IRI), Saskatchewan","[4718823]","3859","2970","",,
"1","Flying Dust First Nation 105D (IRI), Saskatchewan","[4717830]","3860","2970","",,
"1","Flying Dust First Nation 105E (IRI), Saskatchewan","[4717831]","3861","2970","",,
"1","Flying Dust First Nation 105F (IRI), Saskatchewan","[4717832]","3862","2970","",,
"1","Four Portages 157C (IRI), Saskatchewan","[4718813]","3863","2970","",,
"1","Gladue Lake 105B (IRI), Saskatchewan","[4717817]","3864","2970","",,
"1","Kahkewistahaw No. 72-Q (IRI), Saskatchewan","[4705828]","3865","2970","",,
"1","Kahkewistahaw No. 72-W (IRI), Saskatchewan","[4705815]","3866","2970","",,
"1","Keeseekoose 66-CA-04 (IRI), Saskatchewan","[4709824]","3867","2970","",,
"1","Keeseekoose 66-CA-06 (IRI), Saskatchewan","[4709828]","3868","2970","",,
"1","Keeseekoose 66-KE-04 (IRI), Saskatchewan","[4709830]","3869","2970","",,
"1","Little Hills 158 (IRI), Saskatchewan","[4718844]","3870","2970","",,
"1","Little Hills 158B (IRI), Saskatchewan","[4718849]","3871","2970","",,
"1","Little Red River 106D (IRI), Saskatchewan","[4716857]","3872","2970","",,
"1","Lucky Man (IRI), Saskatchewan","[4716870]","3873","2970","",,
"1","Muskeg Lake 102B (IRI), Saskatchewan","[4716872]","3874","2970","",,
"1","Muskeg Lake 102D (IRI), Saskatchewan","[4716891]","3875","2970","",,
"1","Muskeg Lake 102E (IRI), Saskatchewan","[4716886]","3876","2970","",,
"1","Muskeg Lake 102F (IRI), Saskatchewan","[4716888]","3877","2970","",,
"1","Muskowekwan 85-1 (IRI), Saskatchewan","[4710848]","3878","2970","",,
"1","Muskowekwan 85-10 (IRI), Saskatchewan","[4710847]","3879","2970","",,
"1","Muskowekwan 85-15 (IRI), Saskatchewan","[4710850]","3880","2970","",,
"1","Muskowekwan 85-17 (IRI), Saskatchewan","[4710832]","3881","2970","",,
"1","Muskowekwan 85-22 (IRI), Saskatchewan","[4710845]","3882","2970","",,
"1","Muskowekwan 85-23 (IRI), Saskatchewan","[4710842]","3883","2970","",,
"1","Muskowekwan 85-26 (IRI), Saskatchewan","[4710834]","3884","2970","",,
"1","Muskowekwan 85-27 (IRI), Saskatchewan","[4710846]","3885","2970","",,
"1","Muskowekwan 85-28 (IRI), Saskatchewan","[4710838]","3886","2970","",,
"1","Muskowekwan 85-2A (IRI), Saskatchewan","[4710851]","3887","2970","",,
"1","Muskowekwan 85-31 (IRI), Saskatchewan","[4710852]","3888","2970","",,
"1","Muskowekwan 85-33 (IRI), Saskatchewan","[4710836]","3889","2970","",,
"1","Muskowekwan 85-4 (IRI), Saskatchewan","[4710801]","3890","2970","",,
"1","Muskowekwan 85-8 (IRI), Saskatchewan","[4710849]","3891","2970","",,
"1","Ocean Man 69D (IRI), Saskatchewan","[4701818]","3892","2970","",,
"1","Ocean Man 69G (IRI), Saskatchewan","[4701815]","3893","2970","",,
"1","Ochapowace 71-18 (IRI), Saskatchewan","[4705824]","3894","2970","",,
"1","St. Gregor (VL), Saskatchewan","[4715003]","3681","2970","",,
"1","Alida (VL), Saskatchewan","[4701041]","3682","2970","",,
"1","Creelman (VL), Saskatchewan","[4702079]","3683","2970","",,
"1","Tuxford (VL), Saskatchewan","[4707043]","3684","2970","",,
"1","Amiskosakahikan 210 (IRI), Saskatchewan","[4718855]","3685","2970","",,
"1","Loreburn (VL), Saskatchewan","[4711021]","3686","2970","",,
"1","Weyakwin (NH), Saskatchewan","[4718015]","3687","2970","",,
"1","Abbey (VL), Saskatchewan","[4708048]","3688","2970","",,
"1","Ceylon (VL), Saskatchewan","[4702028]","3689","2970","",,
"1","Chamberlain (VL), Saskatchewan","[4706064]","3690","2970","",,
"1","Hillsborough No. 132 (RM), Saskatchewan","[4707004]","3691","2970","",,
"1","Broderick (VL), Saskatchewan","[4711028]","3692","2970","",,
"1","Meacham (VL), Saskatchewan","[4711078]","3693","2970","",,
"1","Shesheep 74A (IRI), Saskatchewan","[4705807]","3694","2970","",,
"1","Duval (VL), Saskatchewan","[4711002]","3695","2970","",,
"1","Silton (VL), Saskatchewan","[4706077]","3696","2970","",,
"1","Marquis (VL), Saskatchewan","[4707044]","3697","2970","",,
"1","Elfros (VL), Saskatchewan","[4710043]","3698","2970","",,
"1","Glen Harbour (RV), Saskatchewan","[4706080]","3699","2970","",,
"1","Hazlet (VL), Saskatchewan","[4708029]","3700","2970","",,
"1","Kiskaciwan No. 208 (IRI), Saskatchewan","[4715820]","3701","2970","",,
"1","Neville (VL), Saskatchewan","[4703061]","3702","2970","",,
"1","Stenen (VL), Saskatchewan","[4709069]","3703","2970","",,
"1","Hyas (VL), Saskatchewan","[4709071]","3704","2970","",,
"1","Quinton (VL), Saskatchewan","[4710028]","3705","2970","",,
"1","Storthoaks (VL), Saskatchewan","[4701044]","3706","2970","",,
"1","Metinota (RV), Saskatchewan","[4717004]","3707","2970","",,
"1","Tantallon (VL), Saskatchewan","[4705042]","3708","2970","",,
"1","Aylsham (VL), Saskatchewan","[4714073]","3709","2970","",,
"1","Togo (VL), Saskatchewan","[4709038]","3710","2970","",,
"1","Alice Beach (RV), Saskatchewan","[4706065]","3711","2970","",,
"1","Beaver Flat (RV), Saskatchewan","[4707020]","3712","2970","",,
"1","Calder (VL), Saskatchewan","[4709002]","3713","2970","",,
"1","Timber Bay (NH), Saskatchewan","[4718012]","3714","2970","",,
"1","Belle Plaine (VL), Saskatchewan","[4706022]","3715","2970","",,
"1","Pleasantdale (VL), Saskatchewan","[4714030]","3716","2970","",,
"1","Wa-Pii Moos-Toosis (White Calf) 83A (IRI), Saskatchewan","[4706820]","3717","2970","",,
"1","St. Benedict (VL), Saskatchewan","[4715046]","3718","2970","",,
"1","Tugaske (VL), Saskatchewan","[4707077]","3719","2970","",,
"1","Makwa (VL), Saskatchewan","[4717057]","3720","2970","",,
"1","Sceptre (VL), Saskatchewan","[4708054]","3721","2970","",,
"1","St. George's Hill (NH), Saskatchewan","[4718071]","3722","2970","",,
"1","Alvena (VL), Saskatchewan","[4715038]","3723","2970","",,
"1","Marengo (VL), Saskatchewan","[4713014]","3724","2970","",,
"1","Pelican Lake 191B (IRI), Saskatchewan","[4716880]","3725","2970","",,
"1","Roche Percée (VL), Saskatchewan","[4701019]","3726","2970","",,
"1","Rodgers No. 133 (RM), Saskatchewan","[4707006]","3680","2970","",,
"1","Denholm (VL), Saskatchewan","[4716002]","3727","2970","",,
"1","Endeavour (VL), Saskatchewan","[4709065]","3728","2970","",,
"1","Glen McPherson No. 46 (RM), Saskatchewan","[4703016]","3729","2970","",,
"1","Hazenmore (VL), Saskatchewan","[4703052]","3730","2970","",,
"1","Wee Too Beach (RV), Saskatchewan","[4706060]","3731","2970","",,
"1","Drinkwater (VL), Saskatchewan","[4706019]","3732","2970","",,
"1","Scott (T), Saskatchewan","[4713062]","3733","2970","",,
"1","Zealandia (T), Saskatchewan","[4712008]","3734","2970","",,
"1","Glenside (VL), Saskatchewan","[4711029]","3735","2970","",,
"1","Pheasant Rump Nakota 68 (IRI), Saskatchewan","[4701819]","3736","2970","",,
"1","Speers (VL), Saskatchewan","[4716024]","3737","2970","",,
"1","Webb (VL), Saskatchewan","[4708008]","3738","2970","",,
"1","Bladworth (VL), Saskatchewan","[4711038]","3739","2970","",,
"1","Dubuc (VL), Saskatchewan","[4705058]","3740","2970","",,
"1","Fleming (T), Saskatchewan","[4705002]","3741","2970","",,
"1","Sturgeon Weir 205 (IRI), Saskatchewan","[4718815]","3742","2970","",,
"1","Rama (VL), Saskatchewan","[4709056]","3743","2970","",,
"1","Pebble Baye (RV), Saskatchewan","[4716043]","3744","2970","",,
"1","Liberty (VL), Saskatchewan","[4711009]","3745","2970","",,
"1","Aylesbury (VL), Saskatchewan","[4707093]","3746","2970","",,
"1","Echo Bay (RV), Saskatchewan","[4716060]","3747","2970","",,
"1","Wakaw Lake (RV), Saskatchewan","[4715043]","3748","2970","",,
"1","Yellow Quill 90-9 (IRI), Saskatchewan","[4714843]","3749","2970","",,
"1","Beatty (VL), Saskatchewan","[4715052]","3750","2970","",,
"1","Macrorie (VL), Saskatchewan","[4712019]","3751","2970","",,
"1","Margo (VL), Saskatchewan","[4710072]","3752","2970","",,
"1","Pilger (VL), Saskatchewan","[4715045]","3753","2970","",,
"1","Ridgedale (VL), Saskatchewan","[4714058]","3754","2970","",,
"1","Big Shell (RV), Saskatchewan","[4716059]","3755","2970","",,
"1","Wiseton (VL), Saskatchewan","[4712014]","3756","2970","",,
"1","Patuanak (NH), Saskatchewan","[4718069]","3757","2970","",,
"1","Dilke (VL), Saskatchewan","[4706068]","3758","2970","",,
"1","Disley (VL), Saskatchewan","[4706054]","3759","2970","",,
"1","Findlater (VL), Saskatchewan","[4706062]","3760","2970","",,
"1","Kendal (VL), Saskatchewan","[4706003]","3761","2970","",,
"1","Kinley (VL), Saskatchewan","[4712052]","3762","2970","",,
"1","Plunkett (VL), Saskatchewan","[4711094]","3763","2970","",,
"1","Killaly (VL), Saskatchewan","[4705062]","3764","2970","",,
"1","Lancer (VL), Saskatchewan","[4708049]","3765","2970","",,
"1","Rush Lake (VL), Saskatchewan","[4707023]","3766","2970","",,
"1","Strongfield (VL), Saskatchewan","[4711022]","3767","2970","",,
"1","Brownlee (VL), Saskatchewan","[4707048]","3768","2970","",,
"1","Markinch (VL), Saskatchewan","[4706093]","3769","2970","",,
"1","Weirdale (VL), Saskatchewan","[4715091]","3770","2970","",,
"1","Melville Beach (RV), Saskatchewan","[4705060]","3771","2970","",,
"1","Brabant Lake (S-É), Saskatchewan","[4718825]","3772","2970","",,
"1","Chorney Beach (RV), Saskatchewan","[4710034]","3773","2970","",,
"1","Mistatim (VL), Saskatchewan","[4714039]","3774","2970","",,
"1","Consul (VL), Saskatchewan","[4704021]","3775","2970","",,
"1","Hawarden (VL), Saskatchewan","[4711024]","3776","2970","",,
"1","Love (VL), Saskatchewan","[4714091]","3777","2970","",,
"1","MacNutt (VL), Saskatchewan","[4705096]","3778","2970","",,
"1","Minton (VL), Saskatchewan","[4702016]","3779","2970","",,
"1","Weekes (VL), Saskatchewan","[4714009]","3780","2970","",,
"1","Yarbo (VL), Saskatchewan","[4705049]","3781","2970","",,
"1","Success (VL), Saskatchewan","[4708036]","3782","2970","",,
"1","Hubbard (VL), Saskatchewan","[4710002]","3783","2970","",,
"1","Leslie Beach (RV), Saskatchewan","[4710035]","3784","2970","",,
"1","Fenwood (VL), Saskatchewan","[4705071]","3785","2970","",,
"1","Goodwater (VL), Saskatchewan","[4702036]","3786","2970","",,
"1","Little Bone 74B (IRI), Saskatchewan","[4705808]","3787","2970","",,
"1","West End (RV), Saskatchewan","[4705050]","3788","2970","",,
"1","Fairlight (VL), Saskatchewan","[4701098]","3789","2970","",,
"1","Fosston (VL), Saskatchewan","[4714025]","3790","2970","",,
"1","Goodeve (VL), Saskatchewan","[4705069]","3791","2970","",,
"1","Leross (VL), Saskatchewan","[4710011]","3792","2970","",,
"1","Bangor (VL), Saskatchewan","[4705054]","3793","2970","",,
"1","Black Point (NH), Saskatchewan","[4718089]","3794","2970","",,
"1","Etters Beach (RV), Saskatchewan","[4711007]","3795","2970","",,
"1","Pelican Pointe (RV), Saskatchewan","[4706082]","3796","2970","",,
"1","Dore Lake (NH), Saskatchewan","[4718023]","3797","2970","",,
"1","Michel Village (NH), Saskatchewan","[4718072]","3798","2970","",,
"1","Forget (VL), Saskatchewan","[4701064]","3799","2970","",,
"1","Major (VL), Saskatchewan","[4713021]","3800","2970","",,
"1","Primate (VL), Saskatchewan","[4713053]","3801","2970","",,
"1","Senlac (VL), Saskatchewan","[4713078]","3802","2970","",,
"1","Tramping Lake (VL), Saskatchewan","[4713039]","3803","2970","",,
"1","Beardy's and Okemasis 96 and 97B (IRI), Saskatchewan","[4715859]","3804","2970","",,
"1","Coderre (VL), Saskatchewan","[4707008]","3805","2970","",,
"1","Golden Prairie (VL), Saskatchewan","[4708018]","3806","2970","",,
"1","Heward (VL), Saskatchewan","[4701067]","3807","2970","",,
"1","Zelma (VL), Saskatchewan","[4711058]","3808","2970","",,
"1","Atwater (VL), Saskatchewan","[4705053]","3809","2970","",,
"1","Thunderchild First Nation 115C (IRI), Saskatchewan","[4717804]","3810","2970","",,
"1","Duff (VL), Saskatchewan","[4705068]","3811","2970","",,
"1","Keeseekoose 66A (IRI), Saskatchewan","[4709822]","3812","2970","",,
"1","Mendham (VL), Saskatchewan","[4708059]","3813","2970","",,
"1","Netherhill (VL), Saskatchewan","[4713004]","3814","2970","",,
"1","Osage (VL), Saskatchewan","[4702077]","3815","2970","",,
"1","Richard (VL), Saskatchewan","[4716026]","3816","2970","",,
"1","Valparaiso (VL), Saskatchewan","[4714048]","3817","2970","",,
"1","Smiley (VL), Saskatchewan","[4713022]","3818","2970","",,
"1","Tessier (VL), Saskatchewan","[4712031]","3819","2970","",,
"1","Tribune (VL), Saskatchewan","[4702008]","3820","2970","",,
"1","Greig Lake (RV), Saskatchewan","[4717053]","3821","2970","",,
"1","Makwa Lake 129C (IRI), Saskatchewan","[4717815]","3822","2970","",,
"1","Sunset Cove (RV), Saskatchewan","[4706076]","3823","2970","",,
"1","Wood Mountain (VL), Saskatchewan","[4703012]","3824","2970","",,
"1","Arran (VL), Saskatchewan","[4709076]","3825","2970","",,
"1","Bracken (VL), Saskatchewan","[4704008]","3826","2970","",,
"1","Ernfold (VL), Saskatchewan","[4707028]","3827","2970","",,
"1","Keeseekoose 66-KE-05 (IRI), Saskatchewan","[4709832]","3828","2970","",,
"1","Lumsden Beach (RV), Saskatchewan","[4706057]","3829","2970","",,
"1","Ruddell (VL), Saskatchewan","[4716003]","3830","2970","",,
"1","Ituna (T), Saskatchewan","[4710004]","3142","2970","",,
"1","Moosomin 112B (IRI), Saskatchewan","[4717812]","3143","2970","",,
"1","Chitek Lake 191 (IRI), Saskatchewan","[4716863]","3144","2970","",,
"1","Thunderchild First Nation 115B (IRI), Saskatchewan","[4717803]","3145","2970","",,
"1","Assiniboine 76 (IRI), Saskatchewan","[4706810]","3146","2970","",,
"1","Muskoday First Nation (IRI), Saskatchewan","[4715847]","3147","2970","",,
"1","Watson (T), Saskatchewan","[4710062]","3148","2970","",,
"1","Francis No. 127 (RM), Saskatchewan","[4706004]","3149","2970","",,
"1","Fertile Belt No. 183 (RM), Saskatchewan","[4705051]","3141","2970","",,
"1","Ocean Man 69C (IRI), Saskatchewan","[4701812]","3832","2970","",,
"1","Wood Mountain 160 (IRI), Saskatchewan","[4703801]","3833","2970","",,
"1","Beardy's and Okemasis 96 and 97C (IRI), Saskatchewan","[4716840]","3834","2970","",,
"1","Krydor (VL), Saskatchewan","[4716019]","3835","2970","",,
"1","Waldron (VL), Saskatchewan","[4705061]","3836","2970","",,
"1","Kinoosao-Thomas Clark 204 (IRI), Saskatchewan","[4718854]","3837","2970","",,
"1","Meadow Lake 105A (IRI), Saskatchewan","[4717819]","3838","2970","",,
"1","Ocean Man 69E (IRI), Saskatchewan","[4701813]","3839","2970","",,
"1","Saulteaux 159A (IRI), Saskatchewan","[4716861]","3840","2970","",,
"1","Treaty Four Reserve Grounds 77 (IRI), Saskatchewan","[4706829]","3841","2970","",,
"1","Witchekan Lake 117D (IRI), Saskatchewan","[4716882]","3842","2970","",,
"1","Clearwater River Dene Band 223 (IRI), Saskatchewan","[4718829]","3843","2970","",,
"1","Keeseekoose 66-CA-05 (IRI), Saskatchewan","[4709826]","3844","2970","",,
"1","Makwa Lake 129 (IRI), Saskatchewan","[4717808]","3845","2970","",,
"1","Muskowekwan 85-12 (IRI), Saskatchewan","[4710843]","3846","2970","",,
"1","Muskowekwan 85-29 (IRI), Saskatchewan","[4710840]","3847","2970","",,
"1","Ocean Man 69A (IRI), Saskatchewan","[4701810]","3848","2970","",,
"1","Ocean Man 69F (IRI), Saskatchewan","[4701814]","3849","2970","",,
"1","Ocean Man 69H (IRI), Saskatchewan","[4701817]","3850","2970","",,
"1","Shamrock (VL), Saskatchewan","[4707012]","3831","2970","",,
"1","Lacadena No. 228 (RM), Saskatchewan","[4708042]","3150","2970","",,
"1","Eldon No. 471 (RM), Saskatchewan","[4717017]","3151","2970","",,
"1","Flying Dust First Nation 105 (IRI), Saskatchewan","[4717805]","3152","2970","",,
"1","Beauval (NV), Saskatchewan","[4718033]","3153","2970","",,
"1","Denare Beach (NV), Saskatchewan","[4718049]","3154","2970","",,
"1","Willow Creek No. 458 (RM), Saskatchewan","[4714053]","3155","2970","",,
"1","North Battleford No. 437 (RM), Saskatchewan","[4716028]","3156","2970","",,
"1","Dundurn (T), Saskatchewan","[4711063]","3157","2970","",,
"1","Piapot 75 (IRI), Saskatchewan","[4706809]","3158","2970","",,
"1","Poorman 88 (IRI), Saskatchewan","[4710825]","3159","2970","",,
"1","Milestone (T), Saskatchewan","[4702067]","3160","2970","",,
"1","Sandy Bay (NV), Saskatchewan","[4718058]","3161","2970","",,
"1","Lampman (T), Saskatchewan","[4701032]","3162","2970","",,
"1","One Arrow 95 (IRI), Saskatchewan","[4715844]","3163","2970","",,
"1","Bienfait (T), Saskatchewan","[4701021]","3164","2970","",,
"1","Big River (T), Saskatchewan","[4716072]","3165","2970","",,
"1","Kinistino (T), Saskatchewan","[4715074]","3166","2970","",,
"1","Coulee No. 136 (RM), Saskatchewan","[4707018]","3167","2970","",,
"1","Flett's Springs No. 429 (RM), Saskatchewan","[4715051]","3168","2970","",,
"1","Birch Hills No. 460 (RM), Saskatchewan","[4715067]","3169","2970","",,
"1","Buena Vista (VL), Saskatchewan","[4706055]","3170","2970","",,
"1","Stoughton (T), Saskatchewan","[4701066]","3171","2970","",,
"1","Sturgis (T), Saskatchewan","[4709066]","3172","2970","",,
"1","Garden River No. 490 (RM), Saskatchewan","[4715079]","3173","2970","",,
"1","Naicam (T), Saskatchewan","[4714032]","3174","2970","",,
"1","Montrose No. 315 (RM), Saskatchewan","[4712026]","3175","2970","",,
"1","Eagle Creek No. 376 (RM), Saskatchewan","[4712064]","3176","2970","",,
"1","Cowessess 73 (IRI), Saskatchewan","[4705803]","3177","2970","",,
"1","Pasqua 79 (IRI), Saskatchewan","[4706812]","3178","2970","",,
"1","St. Brieux (T), Saskatchewan","[4715049]","3179","2970","",,
"1","Arcola (T), Saskatchewan","[4701059]","3180","2970","",,
"1","Parkdale No. 498 (RM), Saskatchewan","[4717047]","3181","2970","",,
"1","Kahkewistahaw 72 (IRI), Saskatchewan","[4705804]","3182","2970","",,
"1","Asquith (T), Saskatchewan","[4712059]","3183","2970","",,
"1","Allan (T), Saskatchewan","[4711072]","3184","2970","",,
"1","Clayton No. 333 (RM), Saskatchewan","[4709067]","3185","2970","",,
"1","Qu'Appelle (T), Saskatchewan","[4706036]","3186","2970","",,
"1","Sweet Grass 113 (IRI), Saskatchewan","[4712833]","3187","2970","",,
"1","St. Walburg (T), Saskatchewan","[4717036]","3188","2970","",,
"1","Little Pine 116 (IRI), Saskatchewan","[4713836]","3189","2970","",,
"1","Shoal Lake 28A (IRI), Saskatchewan","[4714839]","3190","2970","",,
"1","Balcarres (T), Saskatchewan","[4706047]","3191","2970","",,
"1","Coronach (T), Saskatchewan","[4703004]","3192","2970","",,
"1","Cote No. 271 (RM), Saskatchewan","[4709037]","3193","2970","",,
"1","Grand Coulee (T), Saskatchewan","[4706028]","3194","2970","",,
"1","Pense (T), Saskatchewan","[4706023]","3195","2970","",,
"1","Wawken No. 93 (RM), Saskatchewan","[4701076]","3196","2970","",,
"1","Pierceland (VL), Saskatchewan","[4717067]","3197","2970","",,
"1","Caron No. 162 (RM), Saskatchewan","[4707036]","3198","2970","",,
"1","Keeseekoose 66 (IRI), Saskatchewan","[4709820]","3199","2970","",,
"1","Bruno (T), Saskatchewan","[4715012]","3200","2970","",,
"1","Kinistino No. 459 (RM), Saskatchewan","[4715071]","3201","2970","",,
"1","Fertile Valley No. 285 (RM), Saskatchewan","[4712020]","3202","2970","",,
"1","Cupar (T), Saskatchewan","[4706094]","3203","2970","",,
"1","Pleasantdale No. 398 (RM), Saskatchewan","[4714035]","3204","2970","",,
"1","Makaoo (Part) 120 (IRI), Saskatchewan","[4717802]","3205","2970","",,
"1","Dufferin No. 190 (RM), Saskatchewan","[4706059]","3206","2970","",,
"1","Eastend (T), Saskatchewan","[4704026]","3207","2970","",,
"1","Standing Buffalo 78 (IRI), Saskatchewan","[4706811]","3208","2970","",,
"1","Churchbridge No. 211 (RM), Saskatchewan","[4705093]","3209","2970","",,
"1","Baildon No. 131 (RM), Saskatchewan","[4707001]","3210","2970","",,
"1","Morin Lake 217 (IRI), Saskatchewan","[4718808]","3211","2970","",,
"1","Wapachewunak 192D (IRI), Saskatchewan","[4718814]","3212","2970","",,
"1","Duck Lake (T), Saskatchewan","[4715062]","3213","2970","",,
"1","Ponteix (T), Saskatchewan","[4703058]","3214","2970","",,
"1","Webb No. 138 (RM), Saskatchewan","[4708006]","3215","2970","",,
"1","Cymri No. 36 (RM), Saskatchewan","[4702037]","3216","2970","",,
"1","Lac Pelletier No. 107 (RM), Saskatchewan","[4704061]","3217","2970","",,
"1","Luseland (T), Saskatchewan","[4713044]","3218","2970","",,
"1","Langenburg No. 181 (RM), Saskatchewan","[4705047]","3219","2970","",,
"1","Invergordon No. 430 (RM), Saskatchewan","[4715054]","3220","2970","",,
"1","Eye Hill No. 382 (RM), Saskatchewan","[4713049]","3221","2970","",,
"1","Wawota (T), Saskatchewan","[4701078]","3222","2970","",,
"1","Ministikwan 161 (IRI), Saskatchewan","[4717809]","3223","2970","",,
"1","Keys No. 303 (RM), Saskatchewan","[4709046]","3224","2970","",,
"1","Cut Knife (T), Saskatchewan","[4713098]","3225","2970","",,
"1","Rosedale No. 283 (RM), Saskatchewan","[4711031]","3226","2970","",,
"1","Grayson No. 184 (RM), Saskatchewan","[4705057]","3227","2970","",,
"1","Rocanville No. 151 (RM), Saskatchewan","[4705037]","3228","2970","",,
"1","Cumberland House (NV), Saskatchewan","[4718005]","3229","2970","",,
"1","Moosomin No. 121 (RM), Saskatchewan","[4705001]","3230","2970","",,
"1","Broadview (T), Saskatchewan","[4705031]","3231","2970","",,
"1","Hanley (T), Saskatchewan","[4711032]","3232","2970","",,
"1","Kitsakie 156B (IRI), Saskatchewan","[4718812]","3233","2970","",,
"1","Katepwa (RV), Saskatchewan","[4706050]","3234","2970","",,
"1","Marshall (T), Saskatchewan","[4717026]","3235","2970","",,
"1","Mount Hope No. 279 (RM), Saskatchewan","[4710024]","3236","2970","",,
"1","Foam Lake No. 276 (RM), Saskatchewan","[4710036]","3237","2970","",,
"1","Hillsdale No. 440 (RM), Saskatchewan","[4713092]","3238","2970","",,
"1","Grant No. 372 (RM), Saskatchewan","[4715014]","3239","2970","",,
"1","Big Quill No. 308 (RM), Saskatchewan","[4710046]","3240","2970","",,
"1","Cupar No. 218 (RM), Saskatchewan","[4706091]","3241","2970","",,
"1","Peepeekisis 81 (IRI), Saskatchewan","[4706816]","3242","2970","",,
"1","Whiska Creek No. 106 (RM), Saskatchewan","[4703059]","3243","2970","",,
"1","Whitecap (IRI), Saskatchewan","[4711828]","3244","2970","",,
"1","Leroy (T), Saskatchewan","[4710058]","3245","2970","",,
"1","Wolverine No. 340 (RM), Saskatchewan","[4711096]","3246","2970","",,
"1","Hazel Dell No. 335 (RM), Saskatchewan","[4709060]","3247","2970","",,
"1","Midale (T), Saskatchewan","[4702039]","3248","2970","",,
"1","Blaine Lake (T), Saskatchewan","[4716016]","3249","2970","",,
"1","Fishing Lake 89 (IRI), Saskatchewan","[4710826]","3250","2970","",,
"1","Stanley No. 215 (RM), Saskatchewan","[4705067]","3251","2970","",,
"1","Usborne No. 310 (RM), Saskatchewan","[4711046]","3252","2970","",,
"1","Lake Lenore No. 399 (RM), Saskatchewan","[4715048]","3253","2970","",,
"1","Raymore (T), Saskatchewan","[4710027]","3254","2970","",,
"1","Rouleau (T), Saskatchewan","[4706017]","3255","2970","",,
"1","Turtleford (T), Saskatchewan","[4717041]","3256","2970","",,
"1","Manitou Lake No. 442 (RM), Saskatchewan","[4713079]","3257","2970","",,
"1","Ochapowace 71 (IRI), Saskatchewan","[4705806]","3258","2970","",,
"1","Eatonia (T), Saskatchewan","[4708068]","3259","2970","",,
"1","Muskowekwan 85 (IRI), Saskatchewan","[4710822]","3260","2970","",,
"1","Red Earth 29 (IRI), Saskatchewan","[4714840]","3261","2970","",,
"1","Connaught No. 457 (RM), Saskatchewan","[4714056]","3262","2970","",,
"1","Medstead No. 497 (RM), Saskatchewan","[4716062]","3263","2970","",,
"1","Moose Mountain No. 63 (RM), Saskatchewan","[4701053]","3264","2970","",,
"1","Wapaskokimaw 202 (IRI), Saskatchewan","[4718806]","3265","2970","",,
"1","Barrier Valley No. 397 (RM), Saskatchewan","[4714034]","3266","2970","",,
"1","Yellow Grass (T), Saskatchewan","[4702072]","3267","2970","",,
"1","Vanscoy (VL), Saskatchewan","[4712058]","3268","2970","",,
"1","Springside (T), Saskatchewan","[4709016]","3269","2970","",,
"1","Yellowquill 90 (IRI), Saskatchewan","[4714841]","3270","2970","",,
"1","Rudy No. 284 (RM), Saskatchewan","[4711026]","3271","2970","",,
"1","Edam (VL), Saskatchewan","[4717011]","3272","2970","",,
"1","Perdue No. 346 (RM), Saskatchewan","[4712050]","3273","2970","",,
"1","Saltcoats (T), Saskatchewan","[4705078]","3274","2970","",,
"1","Paradise Hill (VL), Saskatchewan","[4717034]","3275","2970","",,
"1","Poundmaker 114 (IRI), Saskatchewan","[4713835]","3276","2970","",,
"1","Elrose (T), Saskatchewan","[4708094]","3277","2970","",,
"1","Bayne No. 371 (RM), Saskatchewan","[4715011]","3278","2970","",,
"1","Radisson (T), Saskatchewan","[4716009]","3279","2970","",,
"1","St. Andrews No. 287 (RM), Saskatchewan","[4712004]","3280","2970","",,
"1","Carmichael No. 109 (RM), Saskatchewan","[4704054]","3281","2970","",,
"1","Great Bend No. 405 (RM), Saskatchewan","[4716008]","3282","2970","",,
"1","Wood River No. 74 (RM), Saskatchewan","[4703042]","3283","2970","",,
"1","Leroy No. 339 (RM), Saskatchewan","[4710056]","3284","2970","",,
"1","Clavet (VL), Saskatchewan","[4711077]","3285","2970","",,
"1","Antler No. 61 (RM), Saskatchewan","[4701047]","3286","2970","",,
"1","Benson No. 35 (RM), Saskatchewan","[4701027]","3287","2970","",,
"1","Montmartre (VL), Saskatchewan","[4706002]","3288","2970","",,
"1","Red Pheasant 108 (IRI), Saskatchewan","[4712829]","3289","2970","",,
"1","Colonsay (T), Saskatchewan","[4711079]","3290","2970","",,
"1","Pense No. 160 (RM), Saskatchewan","[4706021]","3291","2970","",,
"1","Enniskillen No. 3 (RM), Saskatchewan","[4701011]","3292","2970","",,
"1","Riverside No. 168 (RM), Saskatchewan","[4708031]","3293","2970","",,
"1","Sliding Hills No. 273 (RM), Saskatchewan","[4709033]","3294","2970","",,
"1","Victory No. 226 (RM), Saskatchewan","[4707063]","3295","2970","",,
"1","Saskatchewan Landing No. 167 (RM), Saskatchewan","[4708038]","3296","2970","",,
"1","Monet No. 257 (RM), Saskatchewan","[4708092]","3297","2970","",,
"1","Muenster (VL), Saskatchewan","[4715004]","3298","2970","",,
"1","St. Louis (VL), Saskatchewan","[4715059]","3299","2970","",,
"1","Turnor Lake 193B (IRI), Saskatchewan","[4718819]","3300","2970","",,
"1","Griffin No. 66 (RM), Saskatchewan","[4702042]","3301","2970","",,
"1","Val Marie No. 17 (RM), Saskatchewan","[4704003]","3302","2970","",,
"1","Montreal Lake 106B (IRI), Saskatchewan","[4715853]","3303","2970","",,
"1","Bethune (VL), Saskatchewan","[4706061]","3304","2970","",,
"1","Norquay (T), Saskatchewan","[4709072]","3305","2970","",,
"1","Buffalo No. 409 (RM), Saskatchewan","[4713068]","3306","2970","",,
"1","Chesterfield No. 261 (RM), Saskatchewan","[4708065]","3307","2970","",,
"1","Spalding No. 368 (RM), Saskatchewan","[4714026]","3308","2970","",,
"1","Central Butte (T), Saskatchewan","[4707054]","3309","2970","",,
"1","Avonlea (VL), Saskatchewan","[4702062]","3310","2970","",,
"1","Cut Knife No. 439 (RM), Saskatchewan","[4713096]","3311","2970","",,
"1","Nokomis (T), Saskatchewan","[4711044]","3312","2970","",,
"1","Green Lake (NV), Saskatchewan","[4718021]","3313","2970","",,
"1","Kyle (T), Saskatchewan","[4708044]","3314","2970","",,
"1","Ponass Lake No. 367 (RM), Saskatchewan","[4714023]","3315","2970","",,
"1","Hafford (T), Saskatchewan","[4716022]","3316","2970","",,
"1","Cabri (T), Saskatchewan","[4708032]","3317","2970","",,
"1","Excel No. 71 (RM), Saskatchewan","[4703029]","3318","2970","",,
"1","Snipe Lake No. 259 (RM), Saskatchewan","[4708074]","3319","2970","",,
"1","Tramping Lake No. 380 (RM), Saskatchewan","[4713059]","3320","2970","",,
"1","McLeod No. 185 (RM), Saskatchewan","[4705063]","3321","2970","",,
"1","Coteau No. 255 (RM), Saskatchewan","[4707067]","3322","2970","",,
"1","Craik (T), Saskatchewan","[4707092]","3323","2970","",,
"1","Vibank (VL), Saskatchewan","[4706007]","3324","2970","",,
"1","Rockglen (T), Saskatchewan","[4703009]","3325","2970","",,
"1","Morse No. 165 (RM), Saskatchewan","[4707024]","3326","2970","",,
"1","Kingsley No. 124 (RM), Saskatchewan","[4705014]","3327","2970","",,
"1","McLean (VL), Saskatchewan","[4706037]","3328","2970","",,
"1","Lakeside No. 338 (RM), Saskatchewan","[4710061]","3329","2970","",,
"1","Kellross No. 247 (RM), Saskatchewan","[4710008]","3330","2970","",,
"1","Elcapo No. 154 (RM), Saskatchewan","[4705028]","3331","2970","",,
"1","Round Hill No. 467 (RM), Saskatchewan","[4716033]","3332","2970","",,
"1","Grass Lake No. 381 (RM), Saskatchewan","[4713056]","3333","2970","",,
"1","Mayfield No. 406 (RM), Saskatchewan","[4716005]","3334","2970","",,
"1","Bredenbury (T), Saskatchewan","[4705079]","3335","2970","",,
"1","Sucker River 156C (Nemebien River 156C) (IRI), Saskatchewan","[4718811]","3336","2970","",,
"1","Vonda (T), Saskatchewan","[4715017]","3337","2970","",,
"1","Lipton No. 217 (RM), Saskatchewan","[4706096]","3338","2970","",,
"1","Spy Hill No. 152 (RM), Saskatchewan","[4705041]","3339","2970","",,
"1","Stonehenge No. 73 (RM), Saskatchewan","[4703038]","3340","2970","",,
"1","Ogema (T), Saskatchewan","[4702058]","3341","2970","",,
"1","Miry Creek No. 229 (RM), Saskatchewan","[4708046]","3342","2970","",,
"1","Leask (VL), Saskatchewan","[4716042]","3343","2970","",,
"1","Loreburn No. 254 (RM), Saskatchewan","[4711018]","3344","2970","",,
"1","Round Valley No. 410 (RM), Saskatchewan","[4713072]","3345","2970","",,
"1","Auvergne No. 76 (RM), Saskatchewan","[4703054]","3346","2970","",,
"1","Quill Lake (VL), Saskatchewan","[4710064]","3347","2970","",,
"1","Garry No. 245 (RM), Saskatchewan","[4709019]","3348","2970","",,
"1","Neilburg (VL), Saskatchewan","[4713094]","3349","2970","",,
"1","Star City (T), Saskatchewan","[4714049]","3350","2970","",,
"1","Redberry No. 435 (RM), Saskatchewan","[4716018]","3351","2970","",,
"1","Witchekan Lake 117 (IRI), Saskatchewan","[4716862]","3352","2970","",,
"1","Elfros No. 307 (RM), Saskatchewan","[4710041]","3353","2970","",,
"1","Touchwood No. 248 (RM), Saskatchewan","[4710014]","3354","2970","",,
"1","Emerald No. 277 (RM), Saskatchewan","[4710031]","3355","2970","",,
"1","Imperial (T), Saskatchewan","[4711008]","3356","2970","",,
"1","Lafleche (T), Saskatchewan","[4703044]","3357","2970","",,
"1","Little Red River 106C (IRI), Saskatchewan","[4715851]","3358","2970","",,
"1","Sedley (VL), Saskatchewan","[4706008]","3359","2970","",,
"1","Wolseley No. 155 (RM), Saskatchewan","[4705027]","3360","2970","",,
"1","Bone Creek No. 108 (RM), Saskatchewan","[4704058]","3361","2970","",,
"1","Fish Creek No. 402 (RM), Saskatchewan","[4715036]","3362","2970","",,
"1","Lakeview No. 337 (RM), Saskatchewan","[4710066]","3363","2970","",,
"1","Frontier (VL), Saskatchewan","[4704012]","3364","2970","",,
"1","Leoville (VL), Saskatchewan","[4716061]","3365","2970","",,
"1","Mossbank (T), Saskatchewan","[4703092]","3366","2970","",,
"1","Indian Head No. 156 (RM), Saskatchewan","[4706038]","3367","2970","",,
"1","Kelvington No. 366 (RM), Saskatchewan","[4714021]","3368","2970","",,
"1","Manitou Beach (RV), Saskatchewan","[4711054]","3369","2970","",,
"1","Mountain View No. 318 (RM), Saskatchewan","[4712038]","3370","2970","",,
"1","Arlington No. 79 (RM), Saskatchewan","[4704038]","3371","2970","",,
"1","Lawtonia No. 135 (RM), Saskatchewan","[4707014]","3372","2970","",,
"1","Newcombe No. 260 (RM), Saskatchewan","[4708071]","3373","2970","",,
"1","Browning No. 34 (RM), Saskatchewan","[4701031]","3374","2970","",,
"1","Reciprocity No. 32 (RM), Saskatchewan","[4701039]","3375","2970","",,
"1","Silverwood No. 123 (RM), Saskatchewan","[4705011]","3376","2970","",,
"1","Glaslyn (VL), Saskatchewan","[4717048]","3377","2970","",,
"1","Shields (RV), Saskatchewan","[4711064]","3378","2970","",,
"1","White Valley No. 49 (RM), Saskatchewan","[4704024]","3379","2970","",,
"1","Marriott No. 317 (RM), Saskatchewan","[4712034]","3380","2970","",,
"1","Montmartre No. 126 (RM), Saskatchewan","[4706001]","3381","2970","",,
"1","Grandmother's Bay 219 (IRI), Saskatchewan","[4718831]","3382","2970","",,
"1","Old Post No. 43 (RM), Saskatchewan","[4703011]","3383","2970","",,
"1","Alameda (T), Saskatchewan","[4701037]","3384","2970","",,
"1","Fox Valley No. 171 (RM), Saskatchewan","[4708024]","3385","2970","",,
"1","Frontier No. 19 (RM), Saskatchewan","[4704011]","3386","2970","",,
"1","Grassy Creek No. 78 (RM), Saskatchewan","[4704034]","3387","2970","",,
"1","Winslow No. 319 (RM), Saskatchewan","[4713028]","3388","2970","",,
"1","Calder No. 241 (RM), Saskatchewan","[4709001]","3389","2970","",,
"1","Mount Pleasant No. 2 (RM), Saskatchewan","[4701006]","3390","2970","",,
"1","Reno No. 51 (RM), Saskatchewan","[4704019]","3391","2970","",,
"1","Choiceland (T), Saskatchewan","[4714092]","3392","2970","",,
"1","Douglas No. 436 (RM), Saskatchewan","[4716023]","3393","2970","",,
"1","Elbow (VL), Saskatchewan","[4711019]","3394","2970","",,
"1","Last Mountain Valley No. 250 (RM), Saskatchewan","[4711003]","3395","2970","",,
"1","Pelican Narrows 206 (IRI), Saskatchewan","[4718827]","3396","2970","",,
"1","White Fox (VL), Saskatchewan","[4714079]","3397","2970","",,
"1","Arborfield No. 456 (RM), Saskatchewan","[4714059]","3398","2970","",,
"1","Abernethy No. 186 (RM), Saskatchewan","[4706042]","3399","2970","",,
"1","Meeting Lake No. 466 (RM), Saskatchewan","[4716038]","3400","2970","",,
"1","Chester No. 125 (RM), Saskatchewan","[4705018]","3401","2970","",,
"1","Coalfields No. 4 (RM), Saskatchewan","[4701016]","3402","2970","",,
"1","Stockholm (VL), Saskatchewan","[4705056]","3403","2970","",,
"1","Bengough (T), Saskatchewan","[4702023]","3404","2970","",,
"1","Bratt's Lake No. 129 (RM), Saskatchewan","[4706013]","3405","2970","",,
"1","Buchanan No. 304 (RM), Saskatchewan","[4709049]","3406","2970","",,
"1","Ituna Bon Accord No. 246 (RM), Saskatchewan","[4710003]","3407","2970","",,
"1","Meota (VL), Saskatchewan","[4717006]","3408","2970","",,
"1","Debden (VL), Saskatchewan","[4716054]","3409","2970","",,
"1","Sarnia No. 221 (RM), Saskatchewan","[4706063]","3410","2970","",,
"1","Prince Albert National Park (NO), Saskatchewan","[4716053]","3411","2970","",,
"1","Wapella (T), Saskatchewan","[4705009]","3412","2970","",,
"1","Lipton (VL), Saskatchewan","[4706098]","3413","2970","",,
"1","Saskatchewan Beach (RV), Saskatchewan","[4706072]","3414","2970","",,
"1","Viscount No. 341 (RM), Saskatchewan","[4711091]","3415","2970","",,
"1","Martin No. 122 (RM), Saskatchewan","[4705007]","3416","2970","",,
"1","Gravelbourg No. 104 (RM), Saskatchewan","[4703068]","3417","2970","",,
"1","Theodore (VL), Saskatchewan","[4709028]","3418","2970","",,
"1","Borden (VL), Saskatchewan","[4716011]","3419","2970","",,
"1","Saulteaux 159 (IRI), Saskatchewan","[4717813]","3420","2970","",,
"1","Perdue (VL), Saskatchewan","[4712051]","3421","2970","",,
"1","Maryfield (VL), Saskatchewan","[4701096]","3422","2970","",,
"1","Canwood (VL), Saskatchewan","[4716052]","3423","2970","",,
"1","Wahpaton 94A (IRI), Saskatchewan","[4715848]","3424","2970","",,
"1","Kinistin 91 (IRI), Saskatchewan","[4714842]","3425","2970","",,
"1","Manor (VL), Saskatchewan","[4701054]","3426","2970","",,
"1","Turtle River No. 469 (RM), Saskatchewan","[4717008]","3427","2970","",,
"1","Brokenshell No. 68 (RM), Saskatchewan","[4702051]","3428","2970","",,
"1","Bengough No. 40 (RM), Saskatchewan","[4702024]","3429","2970","",,
"1","Insinger No. 275 (RM), Saskatchewan","[4709023]","3430","2970","",,
"1","Pleasant Valley No. 288 (RM), Saskatchewan","[4712001]","3431","2970","",,
"1","Marquis No. 191 (RM), Saskatchewan","[4707042]","3432","2970","",,
"1","Moose Creek No. 33 (RM), Saskatchewan","[4701036]","3433","2970","",,
"1","Christopher Lake (VL), Saskatchewan","[4715076]","3434","2970","",,
"1","Burstall (T), Saskatchewan","[4708062]","3435","2970","",,
"1","Blaine Lake No. 434 (RM), Saskatchewan","[4716013]","3436","2970","",,
"1","Chitek Lake (RV), Saskatchewan","[4716077]","3437","2970","",,
"1","Goodsoil (VL), Saskatchewan","[4717066]","3438","2970","",,
"1","Willow Bunch (T), Saskatchewan","[4703028]","3439","2970","",,
"1","Waldeck (VL), Saskatchewan","[4707022]","3440","2970","",,
"1","Waverley No. 44 (RM), Saskatchewan","[4703022]","3441","2970","",,
"1","Willner No. 253 (RM), Saskatchewan","[4711016]","3442","2970","",,
"1","Kenaston (VL), Saskatchewan","[4711036]","3443","2970","",,
"1","Lake Lenore (VL), Saskatchewan","[4715006]","3444","2970","",,
"1","Mariposa No. 350 (RM), Saskatchewan","[4713038]","3445","2970","",,
"1","Walpole No. 92 (RM), Saskatchewan","[4701091]","3446","2970","",,
"1","Golden West No. 95 (RM), Saskatchewan","[4701069]","3447","2970","",,
"1","Mankota No. 45 (RM), Saskatchewan","[4703018]","3448","2970","",,
"1","Happyland No. 231 (RM), Saskatchewan","[4708056]","3449","2970","",,
"1","Fillmore (VL), Saskatchewan","[4702078]","3450","2970","",,
"1","Willow Bunch No. 42 (RM), Saskatchewan","[4703026]","3451","2970","",,
"1","Arborfield (T), Saskatchewan","[4714062]","3452","2970","",,
"1","Viscount (VL), Saskatchewan","[4711092]","3453","2970","",,
"1","Coleville (VL), Saskatchewan","[4713026]","3454","2970","",,
"1","Livingston No. 331 (RM), Saskatchewan","[4709075]","3455","2970","",,
"1","Storthoaks No. 31 (RM), Saskatchewan","[4701043]","3456","2970","",,
"1","Loon Lake (VL), Saskatchewan","[4717058]","3457","2970","",,
"1","McCraney No. 282 (RM), Saskatchewan","[4711034]","3458","2970","",,
"1","Marsden (VL), Saskatchewan","[4713091]","3459","2970","",,
"1","Milden No. 286 (RM), Saskatchewan","[4712011]","3460","2970","",,
"1","Muscowpetung 80 (IRI), Saskatchewan","[4706813]","3461","2970","",,
"1","Piapot No. 110 (RM), Saskatchewan","[4704050]","3462","2970","",,
"1","Wilcox (VL), Saskatchewan","[4706014]","3463","2970","",,
"1","Cambria No. 6 (RM), Saskatchewan","[4702001]","3464","2970","",,
"1","Lomond No. 37 (RM), Saskatchewan","[4702033]","3465","2970","",,
"1","Mortlach (VL), Saskatchewan","[4707034]","3466","2970","",,
"1","Wellington No. 97 (RM), Saskatchewan","[4702073]","3467","2970","",,
"1","Craik No. 222 (RM), Saskatchewan","[4707091]","3468","2970","",,
"1","Neudorf (VL), Saskatchewan","[4705064]","3469","2970","",,
"1","Macoun (VL), Saskatchewan","[4702041]","3470","2970","",,
"1","Muskeg Lake Cree Nation 102 (IRI), Saskatchewan","[4716854]","3471","2970","",,
"1","Lucky Lake (VL), Saskatchewan","[4707059]","3472","2970","",,
"1","Invermay (VL), Saskatchewan","[4709058]","3473","2970","",,
"1","Lake Alma No. 8 (RM), Saskatchewan","[4702011]","3474","2970","",,
"1","Enfield No. 194 (RM), Saskatchewan","[4707053]","3475","2970","",,
"1","Craven (VL), Saskatchewan","[4706078]","3476","2970","",,
"1","Cumberland 100A (IRI), Saskatchewan","[4715850]","3477","2970","",,
"1","Invermay No. 305 (RM), Saskatchewan","[4709054]","3478","2970","",,
"1","Dinsmore (VL), Saskatchewan","[4712016]","3479","2970","",,
"1","Laird (VL), Saskatchewan","[4715029]","3480","2970","",,
"1","Lemberg (T), Saskatchewan","[4705066]","3481","2970","",,
"1","Hart Butte No. 11 (RM), Saskatchewan","[4703001]","3482","2970","",,
"1","Progress No. 351 (RM), Saskatchewan","[4713041]","3483","2970","",,
"1","Colonsay No. 342 (RM), Saskatchewan","[4711076]","3484","2970","",,
"1","Nipawin (T), Saskatchewan","[4714076]","2971","2970","",,
"1","Kindersley (T), Saskatchewan","[4713008]","2972","2970","",,
"1","Melville (CY), Saskatchewan","[4705074]","2973","2970","",,
"1","Edenwold No. 158 (RM), Saskatchewan","[4706029]","2974","2970","",,
"1","Battleford (T), Saskatchewan","[4712079]","2975","2970","",,
"1","White City (T), Saskatchewan","[4706030]","2976","2970","",,
"1","Prince Albert No. 461 (RM), Saskatchewan","[4715064]","2977","2970","",,
"1","Buckland No. 491 (RM), Saskatchewan","[4715094]","2978","2970","",,
"1","Tisdale (T), Saskatchewan","[4714044]","2979","2970","",,
"1","Vanscoy No. 345 (RM), Saskatchewan","[4712054]","2980","2970","",,
"1","Moosomin (T), Saskatchewan","[4705004]","2981","2970","",,
"1","La Loche (NV), Saskatchewan","[4718074]","2982","2970","",,
"1","Pilot Butte (T), Saskatchewan","[4706031]","2983","2970","",,
"1","La Ronge (T), Saskatchewan","[4718041]","2984","2970","",,
"1","Meadow Lake No. 588 (RM), Saskatchewan","[4717054]","2985","2970","",,
"1","Unity (T), Saskatchewan","[4713074]","2986","2970","",,
"1","Rosetown (T), Saskatchewan","[4712006]","2987","2970","",,
"1","Rosthern No. 403 (RM), Saskatchewan","[4715031]","2988","2970","",,
"1","Esterhazy (T), Saskatchewan","[4705052]","2989","2970","",,
"1","Outlook (T), Saskatchewan","[4711027]","2990","2970","",,
"1","Assiniboia (T), Saskatchewan","[4703036]","2991","2970","",,
"1","Maple Creek (T), Saskatchewan","[4704048]","2992","2970","",,
"1","Seekaskootch 119 (IRI), Saskatchewan","[4717801]","2993","2970","",,
"1","Biggar (T), Saskatchewan","[4712046]","2994","2970","",,
"1","Dundurn No. 314 (RM), Saskatchewan","[4711061]","2995","2970","",,
"1","Canora (T), Saskatchewan","[4709032]","2996","2970","",,
"1","Britannia No. 502 (RM), Saskatchewan","[4717028]","2997","2970","",,
"1","Swift Current No. 137 (RM), Saskatchewan","[4708001]","2998","2970","",,
"1","Blucher No. 343 (RM), Saskatchewan","[4711069]","2999","2970","",,
"1","Lumsden No. 189 (RM), Saskatchewan","[4706053]","3000","2970","",,
"1","Fort Qu'Appelle (T), Saskatchewan","[4706051]","3001","2970","",,
"1","Stanley 157 (IRI), Saskatchewan","[4718803]","3002","2970","",,
"1","Indian Head (T), Saskatchewan","[4706039]","3003","2970","",,
"1","Orkney No. 244 (RM), Saskatchewan","[4709011]","3004","2970","",,
"1","Pelican Narrows 184B (IRI), Saskatchewan","[4718820]","3005","2970","",,
"1","Watrous (T), Saskatchewan","[4711053]","3006","2970","",,
"1","Rosthern (T), Saskatchewan","[4715032]","3007","2970","",,
"1","Maryfield No. 91 (RM), Saskatchewan","[4701094]","3485","2970","",,
"1","Fox Valley (VL), Saskatchewan","[4708026]","3486","2970","",,
"1","Morris No. 312 (RM), Saskatchewan","[4711052]","3487","2970","",,
"1","Englefeld (VL), Saskatchewan","[4715002]","3488","2970","",,
"1","Arm River No. 252 (RM), Saskatchewan","[4711011]","3489","2970","",,
"1","Tecumseh No. 65 (RM), Saskatchewan","[4701063]","3490","2970","",,
"1","Rose Valley (T), Saskatchewan","[4714024]","3491","2970","",,
"1","Young (VL), Saskatchewan","[4711056]","3492","2970","",,
"1","Laurier No. 38 (RM), Saskatchewan","[4702029]","3493","2970","",,
"1","Pelly (VL), Saskatchewan","[4709044]","3494","2970","",,
"1","Lost River No. 313 (RM), Saskatchewan","[4711059]","3495","2970","",,
"1","Redburn No. 130 (RM), Saskatchewan","[4706016]","3496","2970","",,
"1","Sakimay 74 (IRI), Saskatchewan","[4705805]","3497","2970","",,
"1","Brock No. 64 (RM), Saskatchewan","[4701058]","3498","2970","",,
"1","Key West No. 70 (RM), Saskatchewan","[4702057]","3499","2970","",,
"1","Lake of the Rivers No. 72 (RM), Saskatchewan","[4703034]","3500","2970","",,
"1","Pinto Creek No. 75 (RM), Saskatchewan","[4703048]","3501","2970","",,
"1","Willowdale No. 153 (RM), Saskatchewan","[4705033]","3502","2970","",,
"1","Argyle No. 1 (RM), Saskatchewan","[4701001]","3503","2970","",,
"1","Milton No. 292 (RM), Saskatchewan","[4713011]","3504","2970","",,
"1","Edenwold (VL), Saskatchewan","[4706033]","3505","2970","",,
"1","Prairiedale No. 321 (RM), Saskatchewan","[4713019]","3506","2970","",,
"1","Carievale (VL), Saskatchewan","[4701004]","3507","2970","",,
"1","Hazelwood No. 94 (RM), Saskatchewan","[4701072]","3508","2970","",,
"1","Kelliher (VL), Saskatchewan","[4710009]","3509","2970","",,
"1","Paynton No. 470 (RM), Saskatchewan","[4717013]","3510","2970","",,
"1","Sutton No. 103 (RM), Saskatchewan","[4703074]","3511","2970","",,
"1","Buchanan (VL), Saskatchewan","[4709053]","3512","2970","",,
"1","Kenosee Lake (VL), Saskatchewan","[4701079]","3513","2970","",,
"1","Pangman (VL), Saskatchewan","[4702054]","3514","2970","",,
"1","Heart's Hill No. 352 (RM), Saskatchewan","[4713046]","3515","2970","",,
"1","Kennedy (VL), Saskatchewan","[4701077]","3516","2970","",,
"1","Fort San (RV), Saskatchewan","[4706045]","3517","2970","",,
"1","Norton No. 69 (RM), Saskatchewan","[4702052]","3518","2970","",,
"1","Grandview No. 349 (RM), Saskatchewan","[4713032]","3519","2970","",,
"1","Earl Grey (VL), Saskatchewan","[4706079]","3520","2970","",,
"1","Gainsborough (VL), Saskatchewan","[4701002]","3521","2970","",,
"1","Lebret (VL), Saskatchewan","[4706049]","3522","2970","",,
"1","South Lake (RV), Saskatchewan","[4707051]","3523","2970","",,
"1","Caledonia No. 99 (RM), Saskatchewan","[4702066]","3524","2970","",,
"1","Fillmore No. 96 (RM), Saskatchewan","[4702076]","3525","2970","",,
"1","Reford No. 379 (RM), Saskatchewan","[4713064]","3526","2970","",,
"1","Chaplin (VL), Saskatchewan","[4707031]","3527","2970","",,
"1","Odessa (VL), Saskatchewan","[4706006]","3528","2970","",,
"1","Stony Rapids (NH), Saskatchewan","[4718100]","3529","2970","",,
"1","Cochin (RV), Saskatchewan","[4717002]","3530","2970","",,
"1","Eyebrow No. 193 (RM), Saskatchewan","[4707047]","3531","2970","",,
"1","Souris Valley No. 7 (RM), Saskatchewan","[4702006]","3532","2970","",,
"1","Wynyard (T), Saskatchewan","[4710047]","3008","2970","",,
"1","Dalmeny (T), Saskatchewan","[4711073]","3009","2970","",,
"1","Division No. 18, Unorganized (NO), Saskatchewan","[4718090]","3010","2970","",,
"1","Lumsden (T), Saskatchewan","[4706056]","3011","2970","",,
"1","Mervin No. 499 (RM), Saskatchewan","[4717045]","3012","2970","",,
"1","Shaunavon (T), Saskatchewan","[4704036]","3013","2970","",,
"1","Balgonie (T), Saskatchewan","[4706032]","3014","2970","",,
"1","Kamsack (T), Saskatchewan","[4709039]","3015","2970","",,
"1","Shellbrook No. 493 (RM), Saskatchewan","[4716046]","3016","2970","",,
"1","Big River 118 (IRI), Saskatchewan","[4716858]","3017","2970","",,
"1","Carlyle (T), Saskatchewan","[4701056]","3018","2970","",,
"1","Langham (T), Saskatchewan","[4711067]","3019","2970","",,
"1","Shellbrook (T), Saskatchewan","[4716047]","3020","2970","",,
"1","Aberdeen No. 373 (RM), Saskatchewan","[4715018]","3021","2970","",,
"1","Wilton No. 472 (RM), Saskatchewan","[4717022]","3022","2970","",,
"1","Lanigan (T), Saskatchewan","[4711049]","3023","2970","",,
"1","Île-à-la-Crosse (NV), Saskatchewan","[4718067]","3024","2970","",,
"1","Ahtahkakoop 104 (IRI), Saskatchewan","[4716860]","3025","2970","",,
"1","Hudson Bay (T), Saskatchewan","[4714004]","3026","2970","",,
"1","Air Ronge (NV), Saskatchewan","[4718042]","3027","2970","",,
"1","Frenchman Butte No. 501 (RM), Saskatchewan","[4717032]","3028","2970","",,
"1","Lac La Ronge 156 (IRI), Saskatchewan","[4718809]","3029","2970","",,
"1","Canwood No. 494 (RM), Saskatchewan","[4716051]","3030","2970","",,
"1","Laird No. 404 (RM), Saskatchewan","[4715026]","3031","2970","",,
"1","Regina Beach (T), Saskatchewan","[4706058]","3032","2970","",,
"1","Lac La Hache 220 (IRI), Saskatchewan","[4718832]","3033","2970","",,
"1","Lakeland No. 521 (RM), Saskatchewan","[4715075]","3034","2970","",,
"1","Oxbow (T), Saskatchewan","[4701014]","3035","2970","",,
"1","Beaver River No. 622 (RM), Saskatchewan","[4717062]","3036","2970","",,
"1","Estevan No. 5 (RM), Saskatchewan","[4701022]","3037","2970","",,
"1","Wadena (T), Saskatchewan","[4710068]","3038","2970","",,
"1","Creighton (T), Saskatchewan","[4718051]","3039","2970","",,
"1","Osler (T), Saskatchewan","[4711075]","3040","2970","",,
"1","Beardy's 97 and Okemasis 96 (IRI), Saskatchewan","[4715845]","3041","2970","",,
"1","Sherwood No. 159 (RM), Saskatchewan","[4706026]","3042","2970","",,
"1","Macklin (T), Saskatchewan","[4713051]","3043","2970","",,
"1","Waldheim (T), Saskatchewan","[4715028]","3044","2970","",,
"1","Spiritwood No. 496 (RM), Saskatchewan","[4716056]","3045","2970","",,
"1","South Qu'Appelle No. 157 (RM), Saskatchewan","[4706034]","3046","2970","",,
"1","Sturgeon Lake 101 (IRI), Saskatchewan","[4716856]","3047","2970","",,
"1","Langenburg (T), Saskatchewan","[4705048]","3048","2970","",,
"1","Moose Jaw No. 161 (RM), Saskatchewan","[4707038]","3049","2970","",,
"1","Torch River No. 488 (RM), Saskatchewan","[4714077]","3050","2970","",,
"1","Maidstone (T), Saskatchewan","[4717018]","3051","2970","",,
"1","Wilkie (T), Saskatchewan","[4713069]","3052","2970","",,
"1","Foam Lake (T), Saskatchewan","[4710038]","3053","2970","",,
"1","Chicken 224 (IRI), Saskatchewan","[4718828]","3054","2970","",,
"1","Maple Creek No. 111 (RM), Saskatchewan","[4704045]","3055","2970","",,
"1","Oakdale No. 320 (RM), Saskatchewan","[4713024]","3533","2970","",,
"1","Torquay (VL), Saskatchewan","[4702002]","3534","2970","",,
"1","Dodsland (VL), Saskatchewan","[4713029]","3535","2970","",,
"1","Scott No. 98 (RM), Saskatchewan","[4702069]","3536","2970","",,
"1","Morse (T), Saskatchewan","[4707027]","3537","2970","",,
"1","Okanese 82 (IRI), Saskatchewan","[4706815]","3538","2970","",,
"1","Spalding (VL), Saskatchewan","[4714028]","3539","2970","",,
"1","Maple Bush No. 224 (RM), Saskatchewan","[4707071]","3540","2970","",,
"1","Punnichy (VL), Saskatchewan","[4710029]","3541","2970","",,
"1","Surprise Valley No. 9 (RM), Saskatchewan","[4702014]","3542","2970","",,
"1","Deer Forks No. 232 (RM), Saskatchewan","[4708061]","3543","2970","",,
"1","Terrell No. 101 (RM), Saskatchewan","[4703096]","3544","2970","",,
"1","Beechy (VL), Saskatchewan","[4707062]","3545","2970","",,
"1","Annaheim (VL), Saskatchewan","[4715005]","3546","2970","",,
"1","Huron No. 223 (RM), Saskatchewan","[4707076]","3547","2970","",,
"1","Glenside No. 377 (RM), Saskatchewan","[4712069]","3548","2970","",,
"1","Harris No. 316 (RM), Saskatchewan","[4712029]","3549","2970","",,
"1","Wood Creek No. 281 (RM), Saskatchewan","[4711039]","3550","2970","",,
"1","Bjorkdale (VL), Saskatchewan","[4714041]","3551","2970","",,
"1","Aquadeo (RV), Saskatchewan","[4717005]","3552","2970","",,
"1","Govan (T), Saskatchewan","[4711004]","3553","2970","",,
"1","Pittville No. 169 (RM), Saskatchewan","[4708028]","3554","2970","",,
"1","St. Philips No. 301 (RM), Saskatchewan","[4709042]","3555","2970","",,
"1","Drake (VL), Saskatchewan","[4711048]","3556","2970","",,
"1","Mankota (VL), Saskatchewan","[4703019]","3557","2970","",,
"1","Senlac No. 411 (RM), Saskatchewan","[4713076]","3558","2970","",,
"1","Cole Bay (NH), Saskatchewan","[4718028]","3559","2970","",,
"1","Elmsthorpe No. 100 (RM), Saskatchewan","[4702061]","3560","2970","",,
"1","Glen Bain No. 105 (RM), Saskatchewan","[4703064]","3561","2970","",,
"1","Grayson (VL), Saskatchewan","[4705059]","3562","2970","",,
"1","Prairie Rose No. 309 (RM), Saskatchewan","[4710052]","3563","2970","",,
"1","Windthorst (VL), Saskatchewan","[4705019]","3564","2970","",,
"1","Shamrock No. 134 (RM), Saskatchewan","[4707011]","3565","2970","",,
"1","Abernethy (VL), Saskatchewan","[4706046]","3566","2970","",,
"1","Ebenezer (VL), Saskatchewan","[4709014]","3567","2970","",,
"1","Harris (VL), Saskatchewan","[4712032]","3568","2970","",,
"1","Poplar Valley No. 12 (RM), Saskatchewan","[4703006]","3569","2970","",,
"1","Middle Lake (VL), Saskatchewan","[4715047]","3570","2970","",,
"1","Shell Lake (VL), Saskatchewan","[4716057]","3571","2970","",,
"1","Dysart (VL), Saskatchewan","[4706097]","3572","2970","",,
"1","Wise Creek No. 77 (RM), Saskatchewan","[4704028]","3573","2970","",,
"1","Glen Ewen (VL), Saskatchewan","[4701012]","3574","2970","",,
"1","Gull Lake No. 139 (RM), Saskatchewan","[4708009]","3575","2970","",,
"1","Vanguard (VL), Saskatchewan","[4703062]","3576","2970","",,
"1","Big Arm No. 251 (RM), Saskatchewan","[4711006]","3577","2970","",,
"1","Tullymet No. 216 (RM), Saskatchewan","[4706099]","3578","2970","",,
"1","Francis (T), Saskatchewan","[4706009]","3579","2970","",,
"1","Codette (VL), Saskatchewan","[4714074]","3580","2970","",,
"1","The Gap No. 39 (RM), Saskatchewan","[4702026]","3581","2970","",,
"1","Carnduff (T), Saskatchewan","[4701008]","3056","2970","",,
"1","Hudson Bay No. 394 (RM), Saskatchewan","[4714001]","3057","2970","",,
"1","Makwa Lake 129B (IRI), Saskatchewan","[4717807]","3058","2970","",,
"1","Meota No. 468 (RM), Saskatchewan","[4717001]","3059","2970","",,
"1","Weyburn No. 67 (RM), Saskatchewan","[4702044]","3060","2970","",,
"1","Longlaketon No. 219 (RM), Saskatchewan","[4706070]","3061","2970","",,
"1","Birch Hills (T), Saskatchewan","[4715068]","3062","2970","",,
"1","Paddockwood No. 520 (RM), Saskatchewan","[4715099]","3063","2970","",,
"1","Kipling (T), Saskatchewan","[4705016]","3064","2970","",,
"1","Preeceville (T), Saskatchewan","[4709064]","3065","2970","",,
"1","Grenfell (T), Saskatchewan","[4705029]","3066","2970","",,
"1","Davidson (T), Saskatchewan","[4711014]","3067","2970","",,
"1","Lajord No. 128 (RM), Saskatchewan","[4706011]","3068","2970","",,
"1","Caronport (VL), Saskatchewan","[4707037]","3069","2970","",,
"1","St. Louis No. 431 (RM), Saskatchewan","[4715057]","3070","2970","",,
"1","Montreal Lake 106 (IRI), Saskatchewan","[4718802]","3071","2970","",,
"1","Battle River No. 438 (RM), Saskatchewan","[4712078]","3072","2970","",,
"1","Delisle (T), Saskatchewan","[4712056]","3073","2970","",,
"1","Buffalo Narrows (NV), Saskatchewan","[4718070]","3074","2970","",,
"1","Pinehouse (NV), Saskatchewan","[4718065]","3075","2970","",,
"1","Duck Lake No. 463 (RM), Saskatchewan","[4715061]","3076","2970","",,
"1","Redvers (T), Saskatchewan","[4701049]","3077","2970","",,
"1","Kindersley No. 290 (RM), Saskatchewan","[4713006]","3078","2970","",,
"1","Big River No. 555 (RM), Saskatchewan","[4716075]","3079","2970","",,
"1","Gravelbourg (T), Saskatchewan","[4703071]","3080","2970","",,
"1","Wakaw (T), Saskatchewan","[4715042]","3081","2970","",,
"1","Preeceville No. 334 (RM), Saskatchewan","[4709062]","3082","2970","",,
"1","Kerrobert (T), Saskatchewan","[4713042]","3083","2970","",,
"1","Spiritwood (T), Saskatchewan","[4716058]","3084","2970","",,
"1","Eston (T), Saskatchewan","[4708076]","3085","2970","",,
"1","Humboldt No. 370 (RM), Saskatchewan","[4715007]","3086","2970","",,
"1","Canoe Lake 165 (IRI), Saskatchewan","[4718817]","3087","2970","",,
"1","Candle Lake (RV), Saskatchewan","[4715070]","3088","2970","",,
"1","Carrot River (T), Saskatchewan","[4714069]","3089","2970","",,
"1","Whitewood (T), Saskatchewan","[4705034]","3090","2970","",,
"1","Nipawin No. 487 (RM), Saskatchewan","[4714072]","3091","2970","",,
"1","Fond du Lac 227 (IRI), Saskatchewan","[4718824]","3092","2970","",,
"1","Moose Range No. 486 (RM), Saskatchewan","[4714067]","3093","2970","",,
"1","Good Lake No. 274 (RM), Saskatchewan","[4709029]","3094","2970","",,
"1","Southend 200 (IRI), Saskatchewan","[4718822]","3095","2970","",,
"1","North Qu'Appelle No. 187 (RM), Saskatchewan","[4706048]","3096","2970","",,
"1","Cana No. 214 (RM), Saskatchewan","[4705073]","3097","2970","",,
"1","Gull Lake (T), Saskatchewan","[4708011]","3098","2970","",,
"1","Hague (T), Saskatchewan","[4715034]","3099","2970","",,
"1","McKillop No. 220 (RM), Saskatchewan","[4706071]","3100","2970","",,
"1","Rocanville (T), Saskatchewan","[4705038]","3101","2970","",,
"1","Kimosom Pwatinahk 203 (IRI), Saskatchewan","[4718852]","3102","2970","",,
"1","Wallace No. 243 (RM), Saskatchewan","[4709006]","3103","2970","",,
"1","Glenavon (VL), Saskatchewan","[4705021]","3583","2970","",,
"1","Prud'homme (VL), Saskatchewan","[4715016]","3584","2970","",,
"1","King George No. 256 (RM), Saskatchewan","[4707066]","3585","2970","",,
"1","Zenon Park (VL), Saskatchewan","[4714061]","3586","2970","",,
"1","Lang (VL), Saskatchewan","[4702071]","3587","2970","",,
"1","B-Say-Tah (RV), Saskatchewan","[4706052]","3588","2970","",,
"1","Little Black Bear 84 (IRI), Saskatchewan","[4706814]","3589","2970","",,
"1","Rosemount No. 378 (RM), Saskatchewan","[4712072]","3590","2970","",,
"1","North Grove (RV), Saskatchewan","[4706081]","3591","2970","",,
"1","Holdfast (VL), Saskatchewan","[4706067]","3592","2970","",,
"1","Spy Hill (VL), Saskatchewan","[4705043]","3593","2970","",,
"1","Coteau Beach (RV), Saskatchewan","[4707068]","3594","2970","",,
"1","Nekaneet Cree Nation (IRI), Saskatchewan","[4704802]","3595","2970","",,
"1","Conquest (VL), Saskatchewan","[4712022]","3596","2970","",,
"1","Meath Park (VL), Saskatchewan","[4715092]","3597","2970","",,
"1","Clinworth No. 230 (RM), Saskatchewan","[4708053]","3598","2970","",,
"1","Bradwell (VL), Saskatchewan","[4711071]","3599","2970","",,
"1","Ocean Man 69 (IRI), Saskatchewan","[4701809]","3600","2970","",,
"1","Star Blanket 83 (IRI), Saskatchewan","[4706818]","3601","2970","",,
"1","Maymont (VL), Saskatchewan","[4716004]","3602","2970","",,
"1","Thode (RV), Saskatchewan","[4711060]","3603","2970","",,
"1","Smeaton (VL), Saskatchewan","[4714093]","3604","2970","",,
"1","Flin Flon (Part) (CY), Saskatchewan","[4718052]","3605","2970","",,
"1","Mervin (VL), Saskatchewan","[4717039]","3606","2970","",,
"1","Weldon (VL), Saskatchewan","[4715072]","3607","2970","",,
"1","Kisbey (VL), Saskatchewan","[4701061]","3608","2970","",,
"1","Ministikwan 161A (IRI), Saskatchewan","[4717810]","3609","2970","",,
"1","Wheatlands No. 163 (RM), Saskatchewan","[4707032]","3610","2970","",,
"1","Turnor Lake (NH), Saskatchewan","[4718075]","3611","2970","",,
"1","Briercrest (VL), Saskatchewan","[4706018]","3612","2970","",,
"1","Milden (VL), Saskatchewan","[4712012]","3613","2970","",,
"1","Sun Valley (RV), Saskatchewan","[4707045]","3614","2970","",,
"1","Archerwill (VL), Saskatchewan","[4714036]","3615","2970","",,
"1","Tompkins (VL), Saskatchewan","[4708012]","3616","2970","",,
"1","Riverhurst (VL), Saskatchewan","[4707072]","3617","2970","",,
"1","Bird's Point (RV), Saskatchewan","[4705055]","3618","2970","",,
"1","Lintlaw (VL), Saskatchewan","[4709061]","3619","2970","",,
"1","Rhein (VL), Saskatchewan","[4709009]","3620","2970","",,
"1","Big Stick No. 141 (RM), Saskatchewan","[4708016]","3621","2970","",,
"1","Hodgeville (VL), Saskatchewan","[4707016]","3622","2970","",,
"1","Canaan No. 225 (RM), Saskatchewan","[4707058]","3623","2970","",,
"1","Day Star 87 (IRI), Saskatchewan","[4710824]","3624","2970","",,
"1","La Plonge 192 (IRI), Saskatchewan","[4718807]","3625","2970","",,
"1","The Key 65 (IRI), Saskatchewan","[4709821]","3626","2970","",,
"1","Dorintosh (VL), Saskatchewan","[4717055]","3627","2970","",,
"1","Denzil (VL), Saskatchewan","[4713054]","3628","2970","",,
"1","Lake Johnston No. 102 (RM), Saskatchewan","[4703093]","3629","2970","",,
"1","Lone Tree No. 18 (RM), Saskatchewan","[4704006]","3630","2970","",,
"1","Semans (VL), Saskatchewan","[4710022]","3582","2970","",,
"1","Ochapowace 71-54 (IRI), Saskatchewan","[4705818]","3895","2970","",,
"1","Ochapowace 71-7 (IRI), Saskatchewan","[4705823]","3896","2970","",,
"1","One Arrow 95-1C (IRI), Saskatchewan","[4715857]","3897","2970","",,
"1","One Arrow 95-1D (IRI), Saskatchewan","[4715861]","3898","2970","",,
"1","Opaskwayak Cree Nation 27A (IRI), Saskatchewan","[4714846]","3899","2970","",,
"1","Pelican Lake 191A (IRI), Saskatchewan","[4716894]","3900","2970","",,
"1","Poundmaker 114-18B (IRI), Saskatchewan","[4712870]","3901","2970","",,
"1","Star Blanket 83C (IRI), Saskatchewan","[4706828]","3902","2970","",,
"1","Sturgeon Weir 184F (IRI), Saskatchewan","[4718821]","3903","2970","",,
"1","Wepuskow Sahgaiechan 165D (IRI), Saskatchewan","[4718860]","3904","2970","",,
"1","Willow Cree (IRI), Saskatchewan","[4715860]","3905","2970","",,
"1","Census subdivisions with population under 5,000, Alberta","","3998","3906","",,
"1","Census subdivisions with 5,000-plus population, Alberta","","3907","3906","",,
"1","Vegreville (T), Alberta","[4810028]","3989","3907","",,
"1","Stettler (T), Alberta","[4807026]","3990","3907","",,
"1","Stettler County No. 6 (MD), Alberta","[4807019]","3991","3907","",,
"1","Redcliff (T), Alberta","[4801018]","3992","3907","",,
"1","Didsbury (T), Alberta","[4806032]","3993","3907","",,
"1","Big Lakes County (MD), Alberta","[4817027]","3994","3907","",,
"1","Kneehill County (MD), Alberta","[4805041]","3995","3907","",,
"1","Carstairs (T), Alberta","[4806029]","3996","3907","",,
"1","Westlock (T), Alberta","[4813031]","3997","3907","",,
"1","Calgary (CY), Alberta","[4806016]","3908","3907","",,
"1","Edmonton (CY), Alberta","[4811061]","3909","3907","",,
"1","Red Deer (CY), Alberta","[4808011]","3910","3907","",,
"1","Strathcona County (SM), Alberta","[4811052]","3911","3907","",,
"1","Lethbridge (CY), Alberta","[4802012]","3912","3907","",,
"1","Airdrie (CY), Alberta","[4806021]","3913","3907","",,
"1","Wood Buffalo (SM), Alberta","[4816037]","3914","3907","",,
"1","St. Albert (CY), Alberta","[4811062]","3915","3907","",,
"1","Grande Prairie (CY), Alberta","[4819012]","3916","3907","",,
"1","Medicine Hat (CY), Alberta","[4801006]","3917","3907","",,
"1","Rocky View County (MD), Alberta","[4806014]","3918","3907","",,
"1","Spruce Grove (CY), Alberta","[4811049]","3919","3907","",,
"1","Leduc (CY), Alberta","[4811016]","3920","3907","",,
"1","Cochrane (T), Alberta","[4806019]","3921","3907","",,
"1","Parkland County (MD), Alberta","[4811034]","3922","3907","",,
"1","Okotoks (T), Alberta","[4806012]","3923","3907","",,
"1","Fort Saskatchewan (CY), Alberta","[4811056]","3924","3907","",,
"1","Grande Prairie County No. 1 (MD), Alberta","[4819006]","3925","3907","",,
"1","Foothills County (MD), Alberta","[4806001]","3926","3907","",,
"1","Chestermere (CY), Alberta","[4806017]","3927","3907","",,
"1","Beaumont (CY), Alberta","[4811013]","3928","3907","",,
"1","Sturgeon County (MD), Alberta","[4811059]","3929","3907","",,
"1","Red Deer County (MD), Alberta","[4808001]","3930","3907","",,
"1","Lloydminster (Part) (CY), Alberta","[4810039]","3931","3907","",,
"1","Camrose (CY), Alberta","[4810011]","3932","3907","",,
"1","Stony Plain (T), Alberta","[4811048]","3933","3907","",,
"1","Canmore (T), Alberta","[4815023]","3934","3907","",,
"1","Sylvan Lake (T), Alberta","[4808012]","3935","3907","",,
"1","Cold Lake (CY), Alberta","[4812002]","3936","3907","",,
"1","Brooks (CY), Alberta","[4802034]","3937","3907","",,
"1","Leduc County (MD), Alberta","[4811012]","3938","3907","",,
"1","Strathmore (T), Alberta","[4805018]","3939","3907","",,
"1","Athabasca County (MD), Alberta","[4813044]","3976","3907","",,
"1","Slave Lake (T), Alberta","[4817029]","3977","3907","",,
"1","Rocky Mountain House (T), Alberta","[4809015]","3978","3907","",,
"1","Wainwright (T), Alberta","[4807054]","3979","3907","",,
"1","Peace River (T), Alberta","[4819038]","3980","3907","",,
"1","Devon (T), Alberta","[4811018]","3981","3907","",,
"1","Bonnyville (T), Alberta","[4812009]","3982","3907","",,
"1","St. Paul County No. 19 (MD), Alberta","[4812014]","3983","3907","",,
"1","Willow Creek No. 26 (MD), Alberta","[4803018]","3984","3907","",,
"1","St. Paul (T), Alberta","[4812018]","3985","3907","",,
"1","Barrhead County No. 11 (MD), Alberta","[4813018]","3986","3907","",,
"1","Beaver County (MD), Alberta","[4810016]","3987","3907","",,
"1","Crowsnest Pass (SM), Alberta","[4815007]","3988","3907","",,
"1","High River (T), Alberta","[4806006]","3940","3907","",,
"1","Lacombe (CY), Alberta","[4808031]","3941","3907","",,
"1","Mountain View County (MD), Alberta","[4806028]","3942","3907","",,
"1","Mackenzie County (SM), Alberta","[4817095]","3943","3907","",,
"1","Bonnyville No. 87 (MD), Alberta","[4812004]","3944","3907","",,
"1","Wetaskiwin (CY), Alberta","[4811002]","3945","3907","",,
"1","Clearwater County (MD), Alberta","[4809002]","3946","3907","",,
"1","Lac Ste. Anne County (MD), Alberta","[4813001]","3947","3907","",,
"1","Wetaskiwin County No. 10 (MD), Alberta","[4811001]","3948","3907","",,
"1","Blackfalds (T), Alberta","[4808029]","3949","3907","",,
"1","Morinville (T), Alberta","[4811068]","3950","3907","",,
"1","Yellowhead County (MD), Alberta","[4814003]","3951","3907","",,
"1","Lacombe County (MD), Alberta","[4808022]","3952","3907","",,
"1","Lethbridge County (MD), Alberta","[4802011]","3953","3907","",,
"1","Ponoka County (MD), Alberta","[4808038]","3954","3907","",,
"1","Whitecourt (T), Alberta","[4813030]","3955","3907","",,
"1","Hinton (T), Alberta","[4814019]","3956","3907","",,
"1","Olds (T), Alberta","[4806034]","3957","3907","",,
"1","Taber (T), Alberta","[4802022]","3958","3907","",,
"1","Coaldale (T), Alberta","[4802019]","3959","3907","",,
"1","Wheatland County (MD), Alberta","[4805012]","3960","3907","",,
"1","Greenview No. 16 (MD), Alberta","[4818015]","3961","3907","",,
"1","Camrose County (MD), Alberta","[4810001]","3962","3907","",,
"1","Edson (T), Alberta","[4814024]","3963","3907","",,
"1","Banff (T), Alberta","[4815035]","3964","3907","",,
"1","Lac la Biche County (SM), Alberta","[4812037]","3965","3907","",,
"1","Vermilion River County (MD), Alberta","[4810036]","3966","3907","",,
"1","Innisfail (T), Alberta","[4808008]","3967","3907","",,
"1","Drumheller (T), Alberta","[4805026]","3968","3907","",,
"1","Cypress County (MD), Alberta","[4801003]","3969","3907","",,
"1","Taber (MD), Alberta","[4802021]","3970","3907","",,
"1","Newell County (MD), Alberta","[4802031]","3971","3907","",,
"1","Ponoka (T), Alberta","[4808039]","3972","3907","",,
"1","Drayton Valley (T), Alberta","[4811031]","3973","3907","",,
"1","Brazeau County (MD), Alberta","[4811032]","3974","3907","",,
"1","Westlock County (MD), Alberta","[4813028]","3975","3907","",,
"1","Improvement District No. 12 Jasper Park (ID), Alberta","[4815037]","4327","3998","",,
"1","Improvement District No. 13 Elk Island (ID), Alberta","[4810068]","4328","3998","",,
"1","Improvement District No. 25 Willmore Wilderness (ID), Alberta","[4814028]","4329","3998","",,
"1","Old Fort 217 (IRI), Alberta","[4816849]","4330","3998","",,
"1","Peerless Trout 238 (IRI), Alberta","[4817834]","4331","3998","",,
"1","Cardston County (MD), Alberta","[4803001]","3999","3998","",,
"1","Jasper (SM), Alberta","[4815033]","4000","3998","",,
"1","Blood 148 (IRI), Alberta","[4803802]","4001","3998","",,
"1","Woodlands County (MD), Alberta","[4813029]","4002","3998","",,
"1","Wainwright No. 61 (MD), Alberta","[4807049]","4003","3998","",,
"1","Barrhead (T), Alberta","[4813019]","4004","3998","",,
"1","Warner County No. 5 (MD), Alberta","[4802001]","4005","3998","",,
"1","Vulcan County (MD), Alberta","[4805001]","4006","3998","",,
"1","Raymond (T), Alberta","[4802008]","4007","3998","",,
"1","Northern Lights County (MD), Alberta","[4817076]","4008","3998","",,
"1","Vermilion (T), Alberta","[4810042]","4009","3998","",,
"1","High Level (T), Alberta","[4817093]","4010","3998","",,
"1","Smoky Lake County (MD), Alberta","[4812022]","4011","3998","",,
"1","Saddle Lake 125 (IRI), Alberta","[4812806]","4012","3998","",,
"1","Claresholm (T), Alberta","[4803022]","4013","3998","",,
"1","Stoney 142, 143, 144 (IRI), Alberta","[4815802]","4014","3998","",,
"1","Lamont County (MD), Alberta","[4810058]","4015","3998","",,
"1","Cardston (T), Alberta","[4803004]","4016","3998","",,
"1","Flagstaff County (MD), Alberta","[4807031]","4017","3998","",,
"1","Pincher Creek (T), Alberta","[4803014]","4018","3998","",,
"1","Crossfield (T), Alberta","[4806026]","4019","3998","",,
"1","Forty Mile County No. 8 (MD), Alberta","[4801008]","4020","3998","",,
"1","Siksika 146 (IRI), Alberta","[4805802]","4021","3998","",,
"1","Penhold (T), Alberta","[4808009]","4022","3998","",,
"1","Two Hills County No. 21 (MD), Alberta","[4810048]","4023","3998","",,
"1","Opportunity No. 17 (MD), Alberta","[4817031]","4024","3998","",,
"1","Fort Macleod (T), Alberta","[4803019]","4025","3998","",,
"1","Samson 137 (IRI), Alberta","[4808811]","4026","3998","",,
"1","Gibbons (T), Alberta","[4811064]","4027","3998","",,
"1","Pincher Creek No. 9 (MD), Alberta","[4803011]","4028","3998","",,
"1","Three Hills (T), Alberta","[4805048]","4029","3998","",,
"1","Thorhild County (MD), Alberta","[4813036]","4030","3998","",,
"1","Minburn County No. 27 (MD), Alberta","[4810026]","4031","3998","",,
"1","Clear Hills (MD), Alberta","[4817062]","4032","3998","",,
"1","Lesser Slave River No. 124 (MD), Alberta","[4817033]","4034","3998","",,
"1","Fairview (T), Alberta","[4819068]","4035","3998","",,
"1","Athabasca (T), Alberta","[4813048]","4036","3998","",,
"1","Black Diamond (T), Alberta","[4806011]","4037","3998","",,
"1","Sundre (T), Alberta","[4806036]","4038","3998","",,
"1","Grimshaw (T), Alberta","[4819074]","4039","3998","",,
"1","Turner Valley (T), Alberta","[4806009]","4040","3998","",,
"1","Fox Lake 162 (IRI), Alberta","[4817835]","4041","3998","",,
"1","Magrath (T), Alberta","[4803002]","4042","3998","",,
"1","Rimbey (T), Alberta","[4808044]","4043","3998","",,
"1","Sexsmith (T), Alberta","[4819014]","4044","3998","",,
"1","Hanna (T), Alberta","[4804011]","4045","3998","",,
"1","High Prairie (T), Alberta","[4817021]","4046","3998","",,
"1","Saddle Hills County (MD), Alberta","[4819059]","4047","3998","",,
"1","Tsuu T'ina Nation 145 (IRI), Alberta","[4806804]","4048","3998","",,
"1","Beaverlodge (T), Alberta","[4819009]","4049","3998","",,
"1","Ermineskin 138 (IRI), Alberta","[4811801]","4050","3998","",,
"1","Calmar (T), Alberta","[4811019]","4051","3998","",,
"1","Nanton (T), Alberta","[4803026]","4052","3998","",,
"1","Redwater (T), Alberta","[4811065]","4053","3998","",,
"1","Provost No. 52 (MD), Alberta","[4807001]","4054","3998","",,
"1","Bow Island (T), Alberta","[4801014]","4055","3998","",,
"1","Tofield (T), Alberta","[4810018]","4056","3998","",,
"1","Paintearth County No. 18 (MD), Alberta","[4807011]","4057","3998","",,
"1","Picture Butte (T), Alberta","[4802018]","4058","3998","",,
"1","Smoky River No. 130 (MD), Alberta","[4819041]","4059","3998","",,
"1","Provost (T), Alberta","[4807002]","4060","3998","",,
"1","Millet (T), Alberta","[4811011]","4061","3998","",,
"1","Special Area No. 2 (SA), Alberta","[4804004]","4062","3998","",,
"1","Enoch Cree Nation (IRI), Alberta","[4811804]","4063","3998","",,
"1","Starland County (MD), Alberta","[4805031]","4064","3998","",,
"1","Fox Creek (T), Alberta","[4818002]","4065","3998","",,
"1","Vulcan (T), Alberta","[4805006]","4066","3998","",,
"1","Lamont (T), Alberta","[4810064]","4067","3998","",,
"1","Northern Sunrise County (MD), Alberta","[4817026]","4068","3998","",,
"1","Valleyview (T), Alberta","[4818018]","4069","3998","",,
"1","Bighorn No. 8 (MD), Alberta","[4815015]","4070","3998","",,
"1","Fairview No. 136 (MD), Alberta","[4819066]","4071","3998","",,
"1","Piikani 147 (IRI), Alberta","[4803801]","4072","3998","",,
"1","Peace No. 135 (MD), Alberta","[4819071]","4073","3998","",,
"1","Birch Hills County (MD), Alberta","[4819049]","4074","3998","",,
"1","Bon Accord (T), Alberta","[4811066]","4075","3998","",,
"1","Wembley (T), Alberta","[4819011]","4076","3998","",,
"1","Coalhurst (T), Alberta","[4802013]","4033","3998","",,
"1","Nobleford (T), Alberta","[4802014]","4077","3998","",,
"1","Two Hills (T), Alberta","[4810052]","4078","3998","",,
"1","Elk Point (T), Alberta","[4812016]","4079","3998","",,
"1","Bruderheim (T), Alberta","[4810066]","4080","3998","",,
"1","Mayerthorpe (T), Alberta","[4813002]","4081","3998","",,
"1","Louis Bull 138B (IRI), Alberta","[4811803]","4082","3998","",,
"1","Sturgeon Lake 154 (IRI), Alberta","[4818816]","4083","3998","",,
"1","Vauxhall (T), Alberta","[4802029]","4084","3998","",,
"1","Bowden (T), Alberta","[4808006]","4085","3998","",,
"1","Legal (T), Alberta","[4811069]","4086","3998","",,
"1","Special Area No. 4 (SA), Alberta","[4804020]","4087","3998","",,
"1","Bassano (T), Alberta","[4802039]","4088","3998","",,
"1","Swan Hills (T), Alberta","[4817024]","4089","3998","",,
"1","Irricana (T), Alberta","[4806022]","4090","3998","",,
"1","Stirling (VL), Alberta","[4802009]","4091","3998","",,
"1","Special Area No. 3 (SA), Alberta","[4804012]","4092","3998","",,
"1","Manning (T), Alberta","[4817078]","4093","3998","",,
"1","White Fish Lake 128 (IRI), Alberta","[4812808]","4094","3998","",,
"1","Alexander 134 (IRI), Alberta","[4811805]","4095","3998","",,
"1","Duchess (VL), Alberta","[4802036]","4096","3998","",,
"1","Bentley (T), Alberta","[4808026]","4097","3998","",,
"1","Kehewin 123 (IRI), Alberta","[4812811]","4098","3998","",,
"1","Smoky Lake (T), Alberta","[4812029]","4099","3998","",,
"1","Eckville (T), Alberta","[4808024]","4100","3998","",,
"1","Improvement District No. 9 Banff (ID), Alberta","[4815032]","4101","3998","",,
"1","Falher (T), Alberta","[4819046]","4102","3998","",,
"1","Trochu (T), Alberta","[4805049]","4103","3998","",,
"1","Spirit River (T), Alberta","[4819058]","4104","3998","",,
"1","Wabamun 133A (IRI), Alberta","[4811806]","4105","3998","",,
"1","Viking (T), Alberta","[4810022]","4106","3998","",,
"1","Barnwell (VL), Alberta","[4802023]","4107","3998","",,
"1","Thorsby (T), Alberta","[4811021]","4108","3998","",,
"1","Onoway (T), Alberta","[4813014]","4109","3998","",,
"1","Hay Lake 209 (IRI), Alberta","[4817845]","4110","3998","",,
"1","Delburne (VL), Alberta","[4808004]","4111","3998","",,
"1","Oyen (T), Alberta","[4804014]","4112","3998","",,
"1","Killam (T), Alberta","[4807042]","4113","3998","",,
"1","Unipouheos 121 (IRI), Alberta","[4812802]","4114","3998","",,
"1","Coronation (T), Alberta","[4807012]","4115","3998","",,
"1","Alberta Beach (VL), Alberta","[4813012]","4116","3998","",,
"1","Kitscoty (VL), Alberta","[4810041]","4117","3998","",,
"1","Hythe (VL), Alberta","[4819008]","4118","3998","",,
"1","Bashaw (T), Alberta","[4810002]","4119","3998","",,
"1","Boyle (VL), Alberta","[4813046]","4120","3998","",,
"1","Milk River (T), Alberta","[4802004]","4121","3998","",,
"1","O'Chiese 203 (IRI), Alberta","[4809806]","4122","3998","",,
"1","Utikoomak Lake 155 (IRI), Alberta","[4817824]","4123","3998","",,
"1","Forestburg (VL), Alberta","[4807036]","4124","3998","",,
"1","Castor (T), Alberta","[4807014]","4125","3998","",,
"1","Mundare (T), Alberta","[4810061]","4126","3998","",,
"1","Clive (VL), Alberta","[4808032]","4127","3998","",,
"1","Daysland (T), Alberta","[4807039]","4128","3998","",,
"1","Alexis 133 (IRI), Alberta","[4813811]","4129","3998","",,
"1","Drift Pile River 150 (IRI), Alberta","[4817828]","4130","3998","",,
"1","Alix (VL), Alberta","[4808034]","4131","3998","",,
"1","Mannville (VL), Alberta","[4810034]","4132","3998","",,
"1","Sedgewick (T), Alberta","[4807044]","4133","3998","",,
"1","Beiseker (VL), Alberta","[4806024]","4134","3998","",,
"1","Linden (VL), Alberta","[4805046]","4135","3998","",,
"1","Improvement District No. 24 Wood Buffalo (ID), Alberta","[4816051]","4136","3998","",,
"1","Spring Lake (VL), Alberta","[4811046]","4137","3998","",,
"1","John D'Or Prairie 215 (IRI), Alberta","[4817837]","4138","3998","",,
"1","McLennan (T), Alberta","[4819042]","4140","3998","",,
"1","Warburg (VL), Alberta","[4811024]","4141","3998","",,
"1","Cold Lake 149 (IRI), Alberta","[4812810]","4142","3998","",,
"1","Woodland Cree 226 (IRI), Alberta","[4817856]","4143","3998","",,
"1","Sunchild 202 (IRI), Alberta","[4809809]","4144","3998","",,
"1","Consort (VL), Alberta","[4804022]","4145","3998","",,
"1","Spirit River No. 133 (MD), Alberta","[4819054]","4146","3998","",,
"1","Wabasca 166D (IRI), Alberta","[4817823]","4147","3998","",,
"1","Fort Mckay 174 (IRI), Alberta","[4816810]","4148","3998","",,
"1","Eden Valley 216 (IRI), Alberta","[4806803]","4149","3998","",,
"1","Montana 139 (IRI), Alberta","[4808813]","4150","3998","",,
"1","Acme (VL), Alberta","[4805044]","4151","3998","",,
"1","Berwyn (VL), Alberta","[4819072]","4152","3998","",,
"1","Breton (VL), Alberta","[4811026]","4153","3998","",,
"1","Puskiakiwenin 122 (IRI), Alberta","[4812804]","4154","3998","",,
"1","Wabasca 166A (IRI), Alberta","[4817819]","4155","3998","",,
"1","Rycroft (VL), Alberta","[4819056]","4156","3998","",,
"1","Marwayne (VL), Alberta","[4810044]","4157","3998","",,
"1","Hardisty (T), Alberta","[4807048]","4158","3998","",,
"1","Stavely (T), Alberta","[4803024]","4159","3998","",,
"1","Glendon (VL), Alberta","[4812012]","4160","3998","",,
"1","Foremost (VL), Alberta","[4801009]","4161","3998","",,
"1","Loon Lake 235 (IRI), Alberta","[4817860]","4162","3998","",,
"1","Acadia No. 34 (MD), Alberta","[4804001]","4163","3998","",,
"1","Rainbow Lake (T), Alberta","[4817097]","4164","3998","",,
"1","Bushe River 207 (IRI), Alberta","[4817848]","4165","3998","",,
"1","Carbon (VL), Alberta","[4805042]","4166","3998","",,
"1","Horse Lakes 152B (IRI), Alberta","[4819815]","4167","3998","",,
"1","Ryley (VL), Alberta","[4810019]","4168","3998","",,
"1","Irma (VL), Alberta","[4807056]","4169","3998","",,
"1","Caroline (VL), Alberta","[4809010]","4170","3998","",,
"1","Hay Lakes (VL), Alberta","[4810014]","4171","3998","",,
"1","Little Buffalo (S-É), Alberta","[4817853]","4172","3998","",,
"1","Cremona (VL), Alberta","[4806031]","4173","3998","",,
"1","Clyde (VL), Alberta","[4813032]","4174","3998","",,
"1","Bawlf (VL), Alberta","[4810009]","4175","3998","",,
"1","Beaver Lake 131 (IRI), Alberta","[4812828]","4176","3998","",,
"1","Swan River 150E (IRI), Alberta","[4817831]","4177","3998","",,
"1","Rockyford (VL), Alberta","[4805022]","4178","3998","",,
"1","Edgerton (VL), Alberta","[4807052]","4179","3998","",,
"1","Upper Hay River 212 (IRI), Alberta","[4817849]","4180","3998","",,
"1","Sucker Creek 150A (IRI), Alberta","[4817829]","4139","3998","",,
"1","Rosemary (VL), Alberta","[4802038]","4181","3998","",,
"1","Nampa (VL), Alberta","[4817039]","4182","3998","",,
"1","Andrew (VL), Alberta","[4810059]","4183","3998","",,
"1","Janvier 194 (IRI), Alberta","[4816817]","4184","3998","",,
"1","Warner (VL), Alberta","[4802006]","4185","3998","",,
"1","Standard (VL), Alberta","[4805021]","4186","3998","",,
"1","Champion (VL), Alberta","[4805004]","4187","3998","",,
"1","Donnelly (VL), Alberta","[4819044]","4188","3998","",,
"1","Holden (VL), Alberta","[4810021]","4189","3998","",,
"1","Hines Creek (VL), Alberta","[4817064]","4190","3998","",,
"1","Big Valley (VL), Alberta","[4807021]","4191","3998","",,
"1","Barons (VL), Alberta","[4802016]","4192","3998","",,
"1","Child Lake 164A (IRI), Alberta","[4817843]","4235","3998","",,
"1","Island Lake (SV), Alberta","[4813049]","4236","3998","",,
"1","Makaoo (Part) 120 (IRI), Alberta","[4810805]","4237","3998","",,
"1","White Sands (SV), Alberta","[4807027]","4238","3998","",,
"1","Munson (VL), Alberta","[4805036]","4239","3998","",,
"1","Youngstown (VL), Alberta","[4804019]","4240","3998","",,
"1","Hill Spring (VL), Alberta","[4803008]","4241","3998","",,
"1","Alliance (VL), Alberta","[4807032]","4242","3998","",,
"1","Parkland Beach (SV), Alberta","[4808042]","4243","3998","",,
"1","Hussar (VL), Alberta","[4805019]","4244","3998","",,
"1","Rosalind (VL), Alberta","[4810003]","4245","3998","",,
"1","Chauvin (VL), Alberta","[4807051]","4193","3998","",,
"1","Norglenwold (SV), Alberta","[4808013]","4194","3998","",,
"1","Longview (VL), Alberta","[4806008]","4195","3998","",,
"1","Pigeon Lake 138A (IRI), Alberta","[4811802]","4196","3998","",,
"1","Elnora (VL), Alberta","[4808002]","4197","3998","",,
"1","Tall Cree 173 (IRI), Alberta","[4817838]","4198","3998","",,
"1","Girouxville (VL), Alberta","[4819048]","4199","3998","",,
"1","Sandy Beach (SV), Alberta","[4813016]","4200","3998","",,
"1","Glenwood (VL), Alberta","[4803006]","4201","3998","",,
"1","Carmangay (VL), Alberta","[4805002]","4202","3998","",,
"1","Vilna (VL), Alberta","[4812024]","4203","3998","",,
"1","Myrnam (VL), Alberta","[4810051]","4204","3998","",,
"1","Sunset Point (SV), Alberta","[4813011]","4205","3998","",,
"1","Czar (VL), Alberta","[4807004]","4206","3998","",,
"1","Waskatenau (VL), Alberta","[4812026]","4207","3998","",,
"1","Chipman (VL), Alberta","[4810062]","4208","3998","",,
"1","Golden Days (SV), Alberta","[4811023]","4209","3998","",,
"1","Big Horn 144A (IRI), Alberta","[4809810]","4210","3998","",,
"1","Seba Beach (SV), Alberta","[4811038]","4211","3998","",,
"1","Donalda (VL), Alberta","[4807029]","4212","3998","",,
"1","Lougheed (VL), Alberta","[4807046]","4213","3998","",,
"1","Gull Lake (SV), Alberta","[4808028]","4214","3998","",,
"1","Coutts (VL), Alberta","[4802002]","4215","3998","",,
"1","West Cove (SV), Alberta","[4813006]","4216","3998","",,
"1","Amisk (VL), Alberta","[4807008]","4217","3998","",,
"1","Bittern Lake (VL), Alberta","[4810012]","4218","3998","",,
"1","Cowley (VL), Alberta","[4803016]","4219","3998","",,
"1","Veteran (VL), Alberta","[4804021]","4220","3998","",,
"1","Heart Lake 167 (IRI), Alberta","[4812840]","4221","3998","",,
"1","Hughenden (VL), Alberta","[4807006]","4222","3998","",,
"1","Jarvis Bay (SV), Alberta","[4808005]","4223","3998","",,
"1","Silver Sands (SV), Alberta","[4813010]","4224","3998","",,
"1","Birchcliff (SV), Alberta","[4808023]","4225","3998","",,
"1","Jean Baptiste Gambler 183 (IRI), Alberta","[4817817]","4226","3998","",,
"1","Morrin (VL), Alberta","[4805038]","4227","3998","",,
"1","Gregoire Lake 176 (IRI), Alberta","[4816821]","4228","3998","",,
"1","Tall Cree 173A (IRI), Alberta","[4817840]","4229","3998","",,
"1","Arrowwood (VL), Alberta","[4805011]","4230","3998","",,
"1","Innisfree (VL), Alberta","[4810031]","4231","3998","",,
"1","Cold Lake 149B (IRI), Alberta","[4812815]","4232","3998","",,
"1","Lomond (VL), Alberta","[4805008]","4233","3998","",,
"1","Wabasca 166C (IRI), Alberta","[4817822]","4234","3998","",,
"1","Kananaskis (ID), Alberta","[4815013]","4247","3998","",,
"1","Wabasca 166 (IRI), Alberta","[4817818]","4248","3998","",,
"1","Pelican Narrows (SV), Alberta","[4812013]","4249","3998","",,
"1","Val Quentin (SV), Alberta","[4813005]","4250","3998","",,
"1","Paradise Valley (VL), Alberta","[4810038]","4251","3998","",,
"1","Sunrise Beach (SV), Alberta","[4813017]","4252","3998","",,
"1","Delia (VL), Alberta","[4805034]","4253","3998","",,
"1","Empress (VL), Alberta","[4804006]","4254","3998","",,
"1","Grandview (SV), Alberta","[4811004]","4255","3998","",,
"1","Heisler (VL), Alberta","[4807038]","4256","3998","",,
"1","Improvement District No. 4 Waterton (ID), Alberta","[4803003]","4257","3998","",,
"1","Gregoire Lake 176A (IRI), Alberta","[4816822]","4258","3998","",,
"1","Sunbreaker Cove (SV), Alberta","[4808027]","4259","3998","",,
"1","Whispering Hills (SV), Alberta","[4813061]","4260","3998","",,
"1","Edberg (VL), Alberta","[4810006]","4261","3998","",,
"1","Ma-Me-O Beach (SV), Alberta","[4811008]","4262","3998","",,
"1","Ross Haven (SV), Alberta","[4813008]","4263","3998","",,
"1","Bondiss (SV), Alberta","[4813053]","4264","3998","",,
"1","Boyer 164 (IRI), Alberta","[4817842]","4265","3998","",,
"1","Utikoomak Lake 155A (IRI), Alberta","[4817827]","4266","3998","",,
"1","Desmarais (S-É), Alberta","[4817855]","4267","3998","",,
"1","Yellowstone (SV), Alberta","[4813007]","4268","3998","",,
"1","Allison Bay 219 (IRI), Alberta","[4816850]","4269","3998","",,
"1","Duncan's 151A (IRI), Alberta","[4819826]","4270","3998","",,
"1","Milo (VL), Alberta","[4805009]","4271","3998","",,
"1","Poplar Bay (SV), Alberta","[4811005]","4272","3998","",,
"1","Ranchland No. 66 (MD), Alberta","[4815045]","4273","3998","",,
"1","Mewatha Beach (SV), Alberta","[4813045]","4274","3998","",,
"1","Kapawe'no First Nation 229 (IRI), Alberta","[4817865]","4275","3998","",,
"1","Rochon Sands (SV), Alberta","[4807028]","4276","3998","",,
"1","Halkirk (VL), Alberta","[4807016]","4277","3998","",,
"1","Wabasca 166B (IRI), Alberta","[4817821]","4278","3998","",,
"1","Dog Head 218 (IRI), Alberta","[4816852]","4279","3998","",,
"1","Horseshoe Bay (SV), Alberta","[4812020]","4280","3998","",,
"1","Island Lake South (SV), Alberta","[4813051]","4281","3998","",,
"1","Ghost Lake (SV), Alberta","[4815027]","4282","3998","",,
"1","Nakamun Park (SV), Alberta","[4813003]","4283","3998","",,
"1","Fort Vermilion 173B (IRI), Alberta","[4817859]","4284","3998","",,
"1","Crystal Springs (SV), Alberta","[4811006]","4285","3998","",,
"1","Norris Beach (SV), Alberta","[4811007]","4286","3998","",,
"1","South View (SV), Alberta","[4813015]","4287","3998","",,
"1","Bonnyville Beach (SV), Alberta","[4812011]","4288","3998","",,
"1","South Baptiste (SV), Alberta","[4813055]","4289","3998","",,
"1","Cold Lake 149A (IRI), Alberta","[4812813]","4290","3998","",,
"1","Birch Cove (SV), Alberta","[4813013]","4291","3998","",,
"1","Half Moon Bay (SV), Alberta","[4808025]","4292","3998","",,
"1","Waiparous (SV), Alberta","[4815030]","4293","3998","",,
"1","Silver Beach (SV), Alberta","[4811009]","4294","3998","",,
"1","Woodland Cree 228 (IRI), Alberta","[4817857]","4246","3998","",,
"1","Sunset Beach (SV), Alberta","[4813047]","4295","3998","",,
"1","Larkspur (SV), Alberta","[4813033]","4296","3998","",,
"1","West Baptiste (SV), Alberta","[4813057]","4297","3998","",,
"1","Kapawe'no First Nation 150B (IRI), Alberta","[4817836]","4298","3998","",,
"1","Sawridge 150G (IRI), Alberta","[4817832]","4299","3998","",,
"1","Sundance Beach (SV), Alberta","[4811020]","4300","3998","",,
"1","Sturgeon Lake 154A (IRI), Alberta","[4818818]","4301","3998","",,
"1","Argentia Beach (SV), Alberta","[4811003]","4302","3998","",,
"1","Woodland Cree 227 (IRI), Alberta","[4817850]","4303","3998","",,
"1","Itaska Beach (SV), Alberta","[4811022]","4304","3998","",,
"1","Lakeview (SV), Alberta","[4811042]","4305","3998","",,
"1","Thabacha Náre 196A (IRI), Alberta","[4816861]","4306","3998","",,
"1","Betula Beach (SV), Alberta","[4811039]","4307","3998","",,
"1","Kapasiwin (SV), Alberta","[4811044]","4308","3998","",,
"1","Burnstick Lake (SV), Alberta","[4809005]","4309","3998","",,
"1","Wabamun 133B (IRI), Alberta","[4811807]","4310","3998","",,
"1","Samson 137A (IRI), Alberta","[4808812]","4311","3998","",,
"1","Point Alison (SV), Alberta","[4811041]","4312","3998","",,
"1","Peigan Timber Limit B (IRI), Alberta","[4803805]","4313","3998","",,
"1","Thebathi 196 (IRI), Alberta","[4816860]","4314","3998","",,
"1","Beaver Ranch 163 (IRI), Alberta","[4817841]","4315","3998","",,
"1","Castle Island (SV), Alberta","[4813009]","4316","3998","",,
"1","Improvement District No. 349 (ID), Alberta","[4812038]","4317","3998","",,
"1","Stoney 142B (IRI), Alberta","[4815815]","4318","3998","",,
"1","Sawridge 150H (IRI), Alberta","[4817833]","4319","3998","",,
"1","Clear Hills 152C (IRI), Alberta","[4817825]","4320","3998","",,
"1","Alexander 134B (IRI), Alberta","[4813829]","4321","3998","",,
"1","Kapawe'no First Nation 150D (IRI), Alberta","[4817830]","4322","3998","",,
"1","Kapawe'no First Nation 231 (IRI), Alberta","[4817826]","4323","3998","",,
"1","Alexis Whitecourt 232 (IRI), Alberta","[4813830]","4324","3998","",,
"1","Blood 148A (IRI), Alberta","[4803803]","4325","3998","",,
"1","Carcajou 187 (S-É), Alberta","[4817854]","4326","3998","",,
"1","Census subdivisions with 5,000-plus population, British Columbia","","4333","4332","",,
"1","Census subdivisions with population under 5,000, British Columbia","","4437","4332","",,
"1","Vancouver (CY), British Columbia","[5915022]","4334","4333","",,
"1","Surrey (CY), British Columbia","[5915004]","4335","4333","",,
"1","Burnaby (CY), British Columbia","[5915025]","4336","4333","",,
"1","Richmond (CY), British Columbia","[5915015]","4337","4333","",,
"1","Abbotsford (CY), British Columbia","[5909052]","4338","4333","",,
"1","Coquitlam (CY), British Columbia","[5915034]","4339","4333","",,
"1","Kelowna (CY), British Columbia","[5935010]","4340","4333","",,
"1","Langley (DM), British Columbia","[5915001]","4341","4333","",,
"1","Saanich (DM), British Columbia","[5917021]","4342","4333","",,
"1","Delta (CY), British Columbia","[5915011]","4343","4333","",,
"1","Nanaimo (CY), British Columbia","[5921007]","4344","4333","",,
"1","Kamloops (CY), British Columbia","[5933042]","4345","4333","",,
"1","Chilliwack (CY), British Columbia","[5909020]","4346","4333","",,
"1","Victoria (CY), British Columbia","[5917034]","4347","4333","",,
"1","Maple Ridge (CY), British Columbia","[5915075]","4348","4333","",,
"1","North Vancouver (DM), British Columbia","[5915046]","4349","4333","",,
"1","New Westminster (CY), British Columbia","[5915029]","4350","4333","",,
"1","Prince George (CY), British Columbia","[5953023]","4351","4333","",,
"1","Port Coquitlam (CY), British Columbia","[5915039]","4352","4333","",,
"1","North Vancouver (CY), British Columbia","[5915051]","4353","4333","",,
"1","Langford (CY), British Columbia","[5917044]","4354","4333","",,
"1","Vernon (CY), British Columbia","[5937014]","4355","4333","",,
"1","West Vancouver (DM), British Columbia","[5915055]","4356","4333","",,
"1","Mission (DM), British Columbia","[5909056]","4357","4333","",,
"1","Penticton (CY), British Columbia","[5907041]","4358","4333","",,
"1","West Kelowna (CY), British Columbia","[5935029]","4359","4333","",,
"1","Campbell River (CY), British Columbia","[5924034]","4360","4333","",,
"1","Port Moody (CY), British Columbia","[5915043]","4361","4333","",,
"1","North Cowichan (DM), British Columbia","[5919008]","4362","4333","",,
"1","Langley (CY), British Columbia","[5915002]","4363","4333","",,
"1","Courtenay (CY), British Columbia","[5926010]","4364","4333","",,
"1","Squamish (DM), British Columbia","[5931006]","4365","4333","",,
"1","Fort St. John (CY), British Columbia","[5955034]","4366","4333","",,
"1","White Rock (CY), British Columbia","[5915007]","4367","4333","",,
"1","Cranbrook (CY), British Columbia","[5901022]","4368","4333","",,
"1","Salmon Arm (CY), British Columbia","[5939032]","4369","4333","",,
"1","Pitt Meadows (CY), British Columbia","[5915070]","4370","4333","",,
"1","Colwood (CY), British Columbia","[5917041]","4371","4333","",,
"1","Metro Vancouver A (RDA), British Columbia","[5915020]","4372","4333","",,
"1","Port Alberni (CY), British Columbia","[5923008]","4373","4333","",,
"1","Oak Bay (DM), British Columbia","[5917030]","4374","4333","",,
"1","Esquimalt (DM), British Columbia","[5917040]","4375","4333","",,
"1","Central Saanich (DM), British Columbia","[5917015]","4376","4333","",,
"1","Lake Country (DM), British Columbia","[5935016]","4377","4333","",,
"1","Sooke (DM), British Columbia","[5917052]","4378","4333","",,
"1","Comox (T), British Columbia","[5926005]","4379","4333","",,
"1","Whistler (DM), British Columbia","[5931020]","4380","4333","",,
"1","Parksville (CY), British Columbia","[5921018]","4382","4333","",,
"1","Dawson Creek (CY), British Columbia","[5955014]","4383","4333","",,
"1","Prince Rupert (CY), British Columbia","[5947012]","4384","4333","",,
"1","North Saanich (DM), British Columbia","[5917005]","4385","4333","",,
"1","Sidney (T), British Columbia","[5917010]","4386","4333","",,
"1","Terrace (CY), British Columbia","[5949011]","4387","4333","",,
"1","Summerland (DM), British Columbia","[5907035]","4388","4333","",,
"1","View Royal (T), British Columbia","[5917047]","4389","4333","",,
"1","Saltspring Island (RDA), British Columbia","[5917027]","4390","4333","",,
"1","Nelson (CY), British Columbia","[5903015]","4391","4333","",,
"1","Coldstream (DM), British Columbia","[5937010]","4392","4333","",,
"1","Williams Lake (CY), British Columbia","[5941009]","4393","4333","",,
"1","Sechelt (DM), British Columbia","[5929011]","4394","4333","",,
"1","Quesnel (CY), British Columbia","[5941013]","4395","4333","",,
"1","Comox Valley C (Puntledge - Black Creek) (RDA), British Columbia","[5926024]","4396","4333","",,
"1","Qualicum Beach (T), British Columbia","[5921023]","4397","4333","",,
"1","Tsinstikeptum 9 (IRI), British Columbia","[5935802]","4398","4333","",,
"1","Cowichan Valley B (RDA), British Columbia","[5919046]","4399","4333","",,
"1","Ladysmith (T), British Columbia","[5919021]","4400","4333","",,
"1","Columbia-Shuswap C (RDA), British Columbia","[5939037]","4401","4333","",,
"1","Revelstoke (CY), British Columbia","[5939019]","4402","4333","",,
"1","Castlegar (CY), British Columbia","[5903045]","4403","4333","",,
"1","Kitimat (DM), British Columbia","[5949005]","4404","4333","",,
"1","Nanaimo F (RDA), British Columbia","[5921032]","4405","4333","",,
"1","Kimberley (CY), British Columbia","[5901028]","4406","4333","",,
"1","Nanaimo G (RDA), British Columbia","[5921034]","4407","4333","",,
"1","Trail (CY), British Columbia","[5905014]","4408","4333","",,
"1","Comox Valley A (RDA), British Columbia","[5926021]","4409","4333","",,
"1","Nanaimo A (RDA), British Columbia","[5921010]","4410","4333","",,
"1","Powell River (CY), British Columbia","[5927008]","4381","4333","",,
"1","Comox Valley B (Lazo North) (RDA), British Columbia","[5926022]","4411","4333","",,
"1","Merritt (CY), British Columbia","[5933006]","4412","4333","",,
"1","Nanaimo E (RDA), British Columbia","[5921030]","4413","4333","",,
"1","Hope (DM), British Columbia","[5909009]","4414","4333","",,
"1","East Kootenay C (RDA), British Columbia","[5901035]","4415","4333","",,
"1","Fernie (CY), British Columbia","[5901012]","4416","4333","",,
"1","Kent (DM), British Columbia","[5909032]","4417","4333","",,
"1","Cariboo A (RDA), British Columbia","[5941019]","4418","4333","",,
"1","Southern Gulf Islands (RDA), British Columbia","[5917029]","4419","4333","",,
"1","Peace River C (RDA), British Columbia","[5955042]","4420","4333","",,
"1","Peachland (DM), British Columbia","[5935018]","4421","4333","",,
"1","Bulkley-Nechako A (RDA), British Columbia","[5951051]","4422","4333","",,
"1","Creston (T), British Columbia","[5903004]","4423","4333","",,
"1","Osoyoos (T), British Columbia","[5907005]","4424","4333","",,
"1","Smithers (T), British Columbia","[5951043]","4425","4333","",,
"1","Peace River B (RDA), British Columbia","[5955040]","4426","4333","",,
"1","Armstrong (CY), British Columbia","[5937028]","4427","4333","",,
"1","Spallumcheen (DM), British Columbia","[5937024]","4428","4333","",,
"1","Cariboo G (RDA), British Columbia","[5941015]","4429","4333","",,
"1","Juan de Fuca (Part 1) (RDA), British Columbia","[5917054]","4430","4333","",,
"1","Metchosin (DM), British Columbia","[5917042]","4431","4333","",,
"1","Oliver (T), British Columbia","[5907014]","4432","4333","",,
"1","Central Kootenay H (RDA), British Columbia","[5903052]","4433","4333","",,
"1","Duncan (CY), British Columbia","[5919012]","4434","4333","",,
"1","Cowichan Valley C (RDA), British Columbia","[5919049]","4435","4333","",,
"1","Cowichan Valley A (RDA), British Columbia","[5919043]","4436","4333","",,
"1","Marktosis 15 (IRI), British Columbia","[5923808]","4625","4437","",,
"1","Pouce Coupe (VL), British Columbia","[5955005]","4626","4437","",,
"1","Mount Waddington C (RDA), British Columbia","[5943031]","4627","4437","",,
"1","Sechelt (Part) (IGD), Sunshine Coast, British Columbia","[5929803]","4628","4437","",,
"1","Port Alice (VL), British Columbia","[5943017]","4629","4437","",,
"1","South Saanich 1 (IRI), British Columbia","[5917804]","4630","4437","",,
"1","Thompson-Nicola N (Beautiful Nicola Valley - South) (RDA), British Columbia","[5933012]","4631","4437","",,
"1","Skidegate 1 (IRI), British Columbia","[5947804]","4632","4437","",,
"1","Greenwood (CY), British Columbia","[5905042]","4633","4437","",,
"1","Belcarra (VL), British Columbia","[5915036]","4634","4437","",,
"1","Mount Waddington A (RDA), British Columbia","[5943037]","4635","4437","",,
"1","Columbia-Shuswap B (RDA), British Columbia","[5939023]","4636","4437","",,
"1","Central Coast C (RDA), British Columbia","[5945010]","4637","4437","",,
"1","Midway (VL), British Columbia","[5905037]","4638","4437","",,
"1","Clinton (VL), British Columbia","[5933028]","4639","4437","",,
"1","Lax Kw'alaams 1 (IRI), British Columbia","[5947809]","4640","4437","",,
"1","Cariboo J (RDA), British Columbia","[5941039]","4641","4437","",,
"1","New Hazelton (DM), British Columbia","[5949024]","4642","4437","",,
"1","Tsahaheh 1 (IRI), British Columbia","[5923816]","4643","4437","",,
"1","McBride (VL), British Columbia","[5953012]","4644","4437","",,
"1","Kispiox 1 (IRI), British Columbia","[5949813]","4645","4437","",,
"1","North Coast D (RDA), British Columbia","[5947027]","4646","4437","",,
"1","Mission 1 (IRI), British Columbia","[5915807]","4647","4437","",,
"1","Gitanmaax 1 (IRI), British Columbia","[5949812]","4648","4437","",,
"1","Fraser-Fort George E (RDA), British Columbia","[5953046]","4649","4437","",,
"1","Nak'azdli (IRI), British Columbia","[5951803]","4650","4437","",,
"1","Alberni-Clayoquot B (RDA), British Columbia","[5923033]","4651","4437","",,
"1","Stewart (DM), British Columbia","[5949032]","4652","4437","",,
"1","Penelakut Island 7 (IRI), British Columbia","[5919809]","4653","4437","",,
"1","Nicola Mameet 1 (IRI), British Columbia","[5933807]","4654","4437","",,
"1","Campbell River 11 (IRI), British Columbia","[5924804]","4655","4437","",,
"1","Chehalis 5 (IRI), British Columbia","[5909839]","4656","4437","",,
"1","Kitamaat 2 (IRI), British Columbia","[5949803]","4657","4437","",,
"1","qathet E (RDA), British Columbia","[5927020]","4658","4437","",,
"1","Fraser Valley A (RDA), British Columbia","[5909014]","4659","4437","",,
"1","New Denver (VL), British Columbia","[5903032]","4660","4437","",,
"1","Masset 1 (IRI), British Columbia","[5947803]","4661","4437","",,
"1","Iskut 6 (IRI), British Columbia","[5949832]","4662","4437","",,
"1","Port Edward (DM), British Columbia","[5947007]","4663","4437","",,
"1","Gitwangak 1 (IRI), British Columbia","[5949816]","4664","4437","",,
"1","Cariboo K (RDA), British Columbia","[5941041]","4665","4437","",,
"1","Tsulquate 4 (IRI), British Columbia","[5943806]","4666","4437","",,
"1","Alert Bay (VL), British Columbia","[5943008]","4667","4437","",,
"1","Enderby 2 (IRI), British Columbia","[5937802]","4668","4437","",,
"1","Gitsegukla 1 (IRI), British Columbia","[5949814]","4669","4437","",,
"1","Matsqui 4 (IRI), British Columbia","[5915825]","4670","4437","",,
"1","Coquitlam 2 (IRI), British Columbia","[5915804]","5023","4437","",,
"1","Fountain 11 (IRI), British Columbia","[5931819]","5024","4437","",,
"1","Fountain 3A (IRI), British Columbia","[5931834]","5025","4437","",,
"1","Fountain Creek 8 (IRI), British Columbia","[5931822]","5026","4437","",,
"1","Galiano Island 9 (IRI), British Columbia","[5917805]","5027","4437","",,
"1","Good Hope Lake (S-É), British Columbia","[5957804]","5028","4437","",,
"1","Hamilton Creek 2 (IRI), British Columbia","[5933803]","5029","4437","",,
"1","Harris 3 (IRI), British Columbia","[5937805]","5030","4437","",,
"1","High Bar 1 (IRI), British Columbia","[5933819]","5031","4437","",,
"1","Hope Island 1 (IRI), British Columbia","[5943836]","5032","4437","",,
"1","Hopetown 10A (IRI), British Columbia","[5943809]","5033","4437","",,
"1","Ingenika Point (S-É), British Columbia","[5955812]","5034","4437","",,
"1","Inkahtsaph 6 (IRI), British Columbia","[5909805]","5035","4437","",,
"1","Isidore's Ranch 4 (IRI), British Columbia","[5901802]","5036","4437","",,
"1","Kahntah 3 (IRI), British Columbia","[5959809]","5037","4437","",,
"1","Kanaka Bar (IRI), British Columbia","[5933882]","5038","4437","",,
"1","Kil-pah-las 3 (IRI), British Columbia","[5919808]","5039","4437","",,
"1","Kitimat-Stikine C (Part 2) (RDA), British Columbia","[5949020]","5040","4437","",,
"1","Kshish 4 (IRI), British Columbia","[5949805]","5041","4437","",,
"1","Lytton 4A (IRI), British Columbia","[5933839]","5042","4437","",,
"1","Lytton 9B (IRI), British Columbia","[5933842]","5043","4437","",,
"1","Mesilinka 7 (IRI), British Columbia","[5955850]","5044","4437","",,
"1","Mission Lands 17 (IRI), British Columbia","[5951849]","5045","4437","",,
"1","Nedoats 11 (IRI), British Columbia","[5951846]","5046","4437","",,
"1","Nekalliston 2 (IRI), British Columbia","[5933886]","5047","4437","",,
"1","Nenagwas 12 (IRI), British Columbia","[5924843]","5048","4437","",,
"1","Nimpkish 2 (IRI), British Columbia","[5943835]","5049","4437","",,
"1","Noonla 6 (IRI), British Columbia","[5951832]","5050","4437","",,
"1","Numukamis 1 (IRI), British Columbia","[5923809]","5051","4437","",,
"1","Oregon Jack Creek 5 (IRI), British Columbia","[5933846]","5052","4437","",,
"1","Paqulh (IRI), British Columbia","[5909852]","5053","4437","",,
"1","Paska Island 3 (IRI), British Columbia","[5933854]","5054","4437","",,
"1","Pemynoos 9 (IRI), British Columbia","[5933857]","5055","4437","",,
"1","Peq-Paq 22 (IRI), British Columbia","[5933837]","5056","4437","",,
"1","Popkum 1 (IRI), British Columbia","[5909844]","5057","4437","",,
"1","Portier Pass 5 (IRI), British Columbia","[5919817]","5058","4437","",,
"1","Sachsa 4 (IRI), British Columbia","[5923814]","5059","4437","",,
"1","Saddle Rock 9 (IRI), British Columbia","[5909809]","5060","4437","",,
"1","Salmon River Meadow 7 (IRI), British Columbia","[5941862]","5061","4437","",,
"1","Sandy Harry 4 (IRI), British Columbia","[5941868]","5062","4437","",,
"1","Seton Lake 5 (IRI), British Columbia","[5931824]","5063","4437","",,
"1","Shingle Point 4 (IRI), British Columbia","[5919811]","5064","4437","",,
"1","Skins Lake 16B (IRI), British Columbia","[5951824]","5065","4437","",,
"1","Skuppah 2A (IRI), British Columbia","[5933824]","5066","4437","",,
"1","Anahim's Flat 1 (IRI), British Columbia","[5941821]","4671","4437","",,
"1","Stikine Region (RDA), British Columbia","[5957022]","4672","4437","",,
"1","Fort Nelson 2 (IRI), British Columbia","[5959806]","4673","4437","",,
"1","Gitanyow 1 (IRI), British Columbia","[5949815]","4674","4437","",,
"1","Tache 1 (IRI), British Columbia","[5951810]","4675","4437","",,
"1","Central Coast D (RDA), British Columbia","[5945012]","4676","4437","",,
"1","Juan de Fuca (Part 2) (RDA), British Columbia","[5917056]","4677","4437","",,
"1","Nanaimo Town 1 (IRI), British Columbia","[5921804]","4678","4437","",,
"1","Tahsis (VL), British Columbia","[5924030]","4679","4437","",,
"1","Alert Bay (IRI), British Columbia","[5943837]","4680","4437","",,
"1","Slocan (VL), British Columbia","[5903019]","4681","4437","",,
"1","Squamish-Lillooet B (RDA), British Columbia","[5931034]","4682","4437","",,
"1","Mount Waddington D (RDA), British Columbia","[5943033]","4683","4437","",,
"1","Fraser-Fort George G (RDA), British Columbia","[5953050]","4684","4437","",,
"1","Alkali Lake 1 (IRI), British Columbia","[5941801]","4685","4437","",,
"1","Priest's Valley 6 (IRI), British Columbia","[5937803]","4686","4437","",,
"1","Coldwater 1 (IRI), British Columbia","[5933801]","4687","4437","",,
"1","Port Clements (VL), British Columbia","[5947030]","4688","4437","",,
"1","Sayward (VL), British Columbia","[5924039]","4689","4437","",,
"1","Granisle (VL), British Columbia","[5951032]","4690","4437","",,
"1","Langley 2 (IRI), British Columbia","[5909856]","4691","4437","",,
"1","Holachten 8 (IRI), British Columbia","[5909879]","4692","4437","",,
"1","Kitimat-Stikine F (RDA), British Columbia","[5949038]","4693","4437","",,
"1","Ittatsoo 1 (IRI), British Columbia","[5923807]","4694","4437","",,
"1","Nanaimo River (IRI), British Columbia","[5921807]","4695","4437","",,
"1","Shuswap (IRI), British Columbia","[5901806]","4696","4437","",,
"1","Stony Creek 1 (IRI), British Columbia","[5951809]","4697","4437","",,
"1","North Coast E (RDA), British Columbia","[5947032]","4698","4437","",,
"1","Kitsumkaylum 1 (IRI), British Columbia","[5949804]","4699","4437","",,
"1","Sahhaltkum 4 (IRI), British Columbia","[5933884]","4700","4437","",,
"1","Quinsam 12 (IRI), British Columbia","[5924812]","4701","4437","",,
"1","Squamish-Lillooet A (RDA), British Columbia","[5931032]","4702","4437","",,
"1","Dolphin Island 1 (IRI), British Columbia","[5947807]","4703","4437","",,
"1","East Moberly Lake 169 (IRI), British Columbia","[5955801]","4704","4437","",,
"1","Kitselas 1 (IRI), British Columbia","[5949844]","4705","4437","",,
"1","Comox 1 (IRI), British Columbia","[5926801]","4706","4437","",,
"1","Hazelton (VL), British Columbia","[5949022]","4707","4437","",,
"1","Woyenne 27 (IRI), British Columbia","[5951827]","4708","4437","",,
"1","Kwawkwawapilt 6 (IRI), British Columbia","[5909821]","4709","4437","",,
"1","Quaaout 1 (IRI), British Columbia","[5939805]","4710","4437","",,
"1","Lillooet 1 (IRI), British Columbia","[5931821]","4711","4437","",,
"1","Neskonlith (IRI), British Columbia","[5933898]","4712","4437","",,
"1","Cole Bay 3 (IRI), British Columbia","[5917801]","4713","4437","",,
"1","Alberni-Clayoquot A (RDA), British Columbia","[5923047]","4714","4437","",,
"1","Skwali 3 (IRI), British Columbia","[5909825]","5067","4437","",,
"1","Speyum 3 (IRI), British Columbia","[5909815]","5068","4437","",,
"1","Squaam 2 (IRI), British Columbia","[5933889]","5069","4437","",,
"1","Squirrel Cove 8 (IRI), British Columbia","[5924818]","5070","4437","",,
"1","Sundayman's Meadow 3 (IRI), British Columbia","[5941864]","5071","4437","",,
"1","Swan Lake 3 (IRI), British Columbia","[5941872]","5072","4437","",,
"1","Tadinlay 15 (IRI), British Columbia","[5951845]","5073","4437","",,
"1","Tahltan 1 (IRI), British Columbia","[5949846]","5074","4437","",,
"1","Tatla West 11 (IRI), British Columbia","[5951825]","5075","4437","",,
"1","Tatla't East 2 (IRI), British Columbia","[5951833]","5076","4437","",,
"1","Thomas Point 5 (IRI), British Columbia","[5943817]","5077","4437","",,
"1","Thomas Point 5A (IRI), British Columbia","[5943826]","5078","4437","",,
"1","Tipella 7 (IRI), British Columbia","[5909848]","5079","4437","",,
"1","Trout Lake Alec 16 (IRI), British Columbia","[5941852]","5080","4437","",,
"1","Tsaukan 12 (IRI), British Columbia","[5933874]","5081","4437","",,
"1","Twoyqhalsht 16 (IRI), British Columbia","[5933893]","5082","4437","",,
"1","Ulkatcho 13 (IRI), British Columbia","[5941854]","5083","4437","",,
"1","Village Island 1 (IRI), British Columbia","[5924813]","5084","4437","",,
"1","Yuquot 1 (IRI), British Columbia","[5924814]","5085","4437","",,
"1","Soowahlie 14 (IRI), British Columbia","[5909827]","4715","4437","",,
"1","Moricetown 1 (IRI), British Columbia","[5949817]","4716","4437","",,
"1","Quatsino Subdivision 18 (IRI), British Columbia","[5943816]","4717","4437","",,
"1","Nanoose (IRI), British Columbia","[5921805]","4718","4437","",,
"1","Halfway River 168 (IRI), British Columbia","[5955808]","4719","4437","",,
"1","Katzie 1 (IRI), British Columbia","[5915830]","4720","4437","",,
"1","Williams Lake 1 (IRI), British Columbia","[5941812]","4721","4437","",,
"1","Skwah 4 (IRI), British Columbia","[5909824]","4722","4437","",,
"1","Fort Ware 1 (IRI), British Columbia","[5955807]","4723","4437","",,
"1","North Tacla Lake (IRI), British Columbia","[5951848]","4724","4437","",,
"1","Skeetchestn (IRI), British Columbia","[5933817]","4725","4437","",,
"1","Bridge River 1 (IRI), British Columbia","[5931813]","4726","4437","",,
"1","Canim Lake 1 (IRI), British Columbia","[5941802]","4727","4437","",,
"1","Upper Sumas 6 (IRI), British Columbia","[5909877]","4728","4437","",,
"1","Thompson-Nicola B (Thompson Headwaters) (RDA), British Columbia","[5933070]","4729","4437","",,
"1","Finlay River 6 (IRI), British Columbia","[5955840]","4730","4437","",,
"1","T'Sou-ke (IRI), British Columbia","[5917819]","4731","4437","",,
"1","Nautley (Fort Fraser) 1 (IRI), British Columbia","[5951802]","4732","4437","",,
"1","Waiwakum 14 (IRI), British Columbia","[5931808]","4733","4437","",,
"1","Skweahm 10 (IRI), British Columbia","[5909881]","4734","4437","",,
"1","Becher Bay 1 (IRI), British Columbia","[5917809]","4735","4437","",,
"1","Kippase 2 (IRI), British Columbia","[5943815]","4736","4437","",,
"1","Stone 1 (IRI), British Columbia","[5941841]","4737","4437","",,
"1","Homalco 9 (IRI), British Columbia","[5924840]","4738","4437","",,
"1","Kitasoo 1 (IRI), British Columbia","[5949802]","4739","4437","",,
"1","Slosh 1 (IRI), British Columbia","[5931831]","4740","4437","",,
"1","Wells (DM), British Columbia","[5941025]","4741","4437","",,
"1","Sik-e-dakh 2 (IRI), British Columbia","[5949818]","4742","4437","",,
"1","Cheam 1 (IRI), British Columbia","[5909837]","4743","4437","",,
"1","Lytton (VL), British Columbia","[5933015]","4744","4437","",,
"1","Switsemalph (IRI), British Columbia","[5939811]","4745","4437","",,
"1","Tsa Xana 18 (IRI), British Columbia","[5924835]","4746","4437","",,
"1","Inkluckcheen (IRI), British Columbia","[5933833]","4747","4437","",,
"1","Stellaquo (Stella) 1 (IRI), British Columbia","[5951807]","4748","4437","",,
"1","Douglas Lake 3 (IRI), British Columbia","[5933802]","4749","4437","",,
"1","Chawathil 4 (IRI), British Columbia","[5909804]","4750","4437","",,
"1","North Thompson 1 (IRI), British Columbia","[5933887]","4751","4437","",,
"1","Hagwilget 1 (IRI), British Columbia","[5949811]","4752","4437","",,
"1","Malachan 11 (IRI), British Columbia","[5919814]","4753","4437","",,
"1","Redstone Flat 1 (IRI), British Columbia","[5941839]","4754","4437","",,
"1","Silverton (VL), British Columbia","[5903027]","4755","4437","",,
"1","Bulkley River 19 (IRI), British Columbia","[5949820]","4756","4437","",,
"1","Nooaitch 10 (IRI), British Columbia","[5933808]","4757","4437","",,
"1","Lakahahmen 11 (IRI), British Columbia","[5909880]","4758","4437","",,
"1","Malahat 11 (IRI), British Columbia","[5919815]","4759","4437","",,
"1","Central Coast E (RDA), British Columbia","[5945014]","4760","4437","",,
"1","Bonaparte 3 (IRI), British Columbia","[5933812]","4761","4437","",,
"1","Squiaala (IRI), British Columbia","[5909885]","4762","4437","",,
"1","Halalt 2 (IRI), British Columbia","[5919801]","4763","4437","",,
"1","Houpsitas 6 (IRI), British Columbia","[5924806]","4764","4437","",,
"1","Nequatque (IRI), British Columbia","[5931844]","4765","4437","",,
"1","Opitsat 1 (IRI), British Columbia","[5923813]","4766","4437","",,
"1","Ahahswinis 1 (IRI), British Columbia","[5923801]","4767","4437","",,
"1","Ohamil 1 (IRI), British Columbia","[5909807]","4768","4437","",,
"1","Columbia Lake 3 (IRI), British Columbia","[5901804]","4769","4437","",,
"1","Central Coast A (RDA), British Columbia","[5945006]","4770","4437","",,
"1","Nicola Lake 1 (IRI), British Columbia","[5933806]","4771","4437","",,
"1","Blueberry River 205 (IRI), British Columbia","[5955803]","4772","4437","",,
"1","Kootenay 1 (IRI), British Columbia","[5901803]","4773","4437","",,
"1","Cape Mudge 10 (IRI), British Columbia","[5924817]","4774","4437","",,
"1","Guhthe Tah 12 (IRI), British Columbia","[5949843]","4775","4437","",,
"1","Squinas 2 (IRI), British Columbia","[5941840]","4776","4437","",,
"1","Squawkum Creek 3 (IRI), British Columbia","[5909882]","4777","4437","",,
"1","Zeballos (VL), British Columbia","[5924029]","4778","4437","",,
"1","Esquimalt (IRI), British Columbia","[5917811]","4779","4437","",,
"1","Matsqui Main 2 (IRI), British Columbia","[5909878]","4780","4437","",,
"1","Binche 2 (IRI), British Columbia","[5951805]","4781","4437","",,
"1","Liard River 3 (IRI), British Columbia","[5957814]","4782","4437","",,
"1","Ulkatcho 14A (IRI), British Columbia","[5941880]","4783","4437","",,
"1","Quaee 7 (IRI), British Columbia","[5943813]","4784","4437","",,
"1","Quesnel 1 (IRI), British Columbia","[5941809]","4785","4437","",,
"1","Union Bay 4 (IRI), British Columbia","[5917802]","4786","4437","",,
"1","Deep Creek 2 (IRI), British Columbia","[5941805]","4787","4437","",,
"1","Prophet River 4 (IRI), British Columbia","[5959810]","4788","4437","",,
"1","Oyster Bay 12 (IRI), British Columbia","[5919816]","4789","4437","",,
"1","Seymour Creek 2 (IRI), British Columbia","[5915811]","4790","4437","",,
"1","Anacla 12 (IRI), British Columbia","[5923803]","4791","4437","",,
"1","Canoe Creek 2 (IRI), British Columbia","[5933821]","4792","4437","",,
"1","Toosey 1 (IRI), British Columbia","[5941850]","4793","4437","",,
"1","Siska Flat (IRI), British Columbia","[5933849]","4794","4437","",,
"1","West Moberly Lake 168A (IRI), British Columbia","[5955802]","4795","4437","",,
"1","Nuuautin 2 (IRI), British Columbia","[5933853]","4796","4437","",,
"1","Marble Canyon 3 (IRI), British Columbia","[5933872]","4797","4437","",,
"1","Stawamus 24 (IRI), British Columbia","[5931807]","4798","4437","",,
"1","Cheakamus 11 (IRI), British Columbia","[5931801]","4799","4437","",,
"1","Lohbiee 3 (IRI), British Columbia","[5941808]","4800","4437","",,
"1","McMillan Island 6 (IRI), British Columbia","[5915816]","4801","4437","",,
"1","Tobacco Plains 2 (IRI), British Columbia","[5901801]","4802","4437","",,
"1","Nesuch 3 (IRI), British Columbia","[5931812]","4803","4437","",,
"1","Creston 1 (IRI), British Columbia","[5903807]","4804","4437","",,
"1","Ehatis 11 (IRI), British Columbia","[5924836]","4805","4437","",,
"1","Palling 1 (IRI), British Columbia","[5951820]","4806","4437","",,
"1","S1/2 Tsimpsean 2 (IRI), British Columbia","[5947810]","4807","4437","",,
"1","Esowista 3 (IRI), British Columbia","[5923823]","4808","4437","",,
"1","Fountain 1 (IRI), British Columbia","[5931816]","4809","4437","",,
"1","Okanagan (Part) 1 (IRI), Columbia-Shuswap, British Columbia","[5939804]","4810","4437","",,
"1","Skway 5 (IRI), British Columbia","[5909826]","4811","4437","",,
"1","Ye Koo Che 3 (IRI), British Columbia","[5951801]","4812","4437","",,
"1","Dog Creek 1 (IRI), British Columbia","[5941806]","4813","4437","",,
"1","Babine 17 (IRI), British Columbia","[5949819]","4814","4437","",,
"1","Chopaka 7 and 8 (IRI), British Columbia","[5907805]","4815","4437","",,
"1","Chuchuwayha 2 (IRI), British Columbia","[5907807]","4816","4437","",,
"1","Doig River 206 (IRI), British Columbia","[5955804]","4817","4437","",,
"1","Fort George 2 (IRI), British Columbia","[5953801]","4818","4437","",,
"1","Babine 25 (IRI), British Columbia","[5951829]","4819","4437","",,
"1","Five Mile Point 3 (IRI), British Columbia","[5957803]","4820","4437","",,
"1","Tsussie 6 (IRI), British Columbia","[5919803]","4821","4437","",,
"1","Coryatsaqua (Moricetown) 2 (IRI), British Columbia","[5949810]","4822","4437","",,
"1","Klickkumcheen 18 (IRI), British Columbia","[5933832]","4823","4437","",,
"1","Qualicum (IRI), British Columbia","[5921806]","4824","4437","",,
"1","Gordon River 2 (IRI), British Columbia","[5917815]","4825","4437","",,
"1","Nazco 20 (IRI), British Columbia","[5941837]","4826","4437","",,
"1","McLeod Lake 1 (IRI), British Columbia","[5953802]","4827","4437","",,
"1","Katit 1 (IRI), British Columbia","[5945803]","4828","4437","",,
"1","Lower Similkameen 2 (IRI), British Columbia","[5907801]","4829","4437","",,
"1","Babine 6 (IRI), British Columbia","[5951828]","4830","4437","",,
"1","Stullawheets 8 (IRI), British Columbia","[5909841]","4831","4437","",,
"1","Kitimat-Stikine D (RDA), British Columbia","[5949041]","4832","4437","",,
"1","Kulspai 6 (IRI), British Columbia","[5949807]","4833","4437","",,
"1","Semiahmoo (IRI), British Columbia","[5915801]","4834","4437","",,
"1","Tlaa Gaa Aawtlaas 28 (IRI), British Columbia","[5947823]","4835","4437","",,
"1","Cayoosh Creek 1 (IRI), British Columbia","[5931814]","4836","4437","",,
"1","Douglas 8 (IRI), British Columbia","[5909842]","4837","4437","",,
"1","Nekliptum 1 (IRI), British Columbia","[5933896]","4838","4437","",,
"1","Kulkayu (Hartley Bay) 4A (IRI), British Columbia","[5947802]","4839","4437","",,
"1","Switsemalph 3 (IRI), British Columbia","[5939808]","4840","4437","",,
"1","Fountain 1B (IRI), British Columbia","[5931842]","4841","4437","",,
"1","Schkam 2 (IRI), British Columbia","[5909812]","4842","4437","",,
"1","Chilhil 6 (IRI), British Columbia","[5931815]","4843","4437","",,
"1","Lower Hat Creek 2 (IRI), British Columbia","[5933836]","4844","4437","",,
"1","Tork 7 (IRI), British Columbia","[5924820]","4845","4437","",,
"1","Ashnola 10 (IRI), British Columbia","[5907809]","4846","4437","",,
"1","Fort Rupert 1 (IRI), British Columbia","[5943804]","4847","4437","",,
"1","Joeyaska 2 (IRI), British Columbia","[5933805]","4848","4437","",,
"1","Kowtain 17 (IRI), British Columbia","[5931802]","4849","4437","",,
"1","Kulkayu (Hartley Bay) 4 (IRI), British Columbia","[5947806]","4850","4437","",,
"1","Pashilqua 2 (IRI), British Columbia","[5931828]","4851","4437","",,
"1","Canoe Creek 1 (IRI), British Columbia","[5933814]","4852","4437","",,
"1","Stryen 9 (IRI), British Columbia","[5933873]","4853","4437","",,
"1","Whispering Pines 4 (IRI), British Columbia","[5933877]","4854","4437","",,
"1","Spuzzum 1 (IRI), British Columbia","[5909816]","4855","4437","",,
"1","Coquitlam 1 (IRI), British Columbia","[5915805]","4856","4437","",,
"1","Dease Lake 9 (IRI), British Columbia","[5949845]","4857","4437","",,
"1","Lukseetsissum 9 (IRI), British Columbia","[5909810]","4858","4437","",,
"1","Barnston Island 3 (IRI), British Columbia","[5915809]","4859","4437","",,
"1","Chum Creek 2 (IRI), British Columbia","[5939801]","4860","4437","",,
"1","Telegraph Creek (IRI), British Columbia","[5949847]","4861","4437","",,
"1","Theik 2 (IRI), British Columbia","[5919818]","4862","4437","",,
"1","Yakweakwioose 12 (IRI), British Columbia","[5909831]","4863","4437","",,
"1","Q'alatkú7em (IRI), British Columbia","[5909875]","4864","4437","",,
"1","Shackan 11 (IRI), British Columbia","[5933859]","4865","4437","",,
"1","Cheslatta 1 (IRI), British Columbia","[5951818]","4866","4437","",,
"1","Kitimat-Stikine A (RDA), British Columbia","[5949039]","4867","4437","",,
"1","Pavilion 1 (IRI), British Columbia","[5931829]","4868","4437","",,
"1","Aitchelitch 9 (IRI), British Columbia","[5909835]","4869","4437","",,
"1","Refuge Cove 6 (IRI), British Columbia","[5923824]","4870","4437","",,
"1","North Bay 5 (IRI), British Columbia","[5939803]","4871","4437","",,
"1","North Coast A (RDA), British Columbia","[5947016]","4872","4437","",,
"1","Hustalen 1 (IRI), British Columbia","[5939802]","4873","4437","",,
"1","Ashcroft 4 (IRI), British Columbia","[5933844]","4874","4437","",,
"1","Kumcheen 1 (IRI), British Columbia","[5933834]","4875","4437","",,
"1","Alexandria (IRI), British Columbia","[5941882]","4876","4437","",,
"1","Kopchitchin 2 (IRI), British Columbia","[5909806]","4877","4437","",,
"1","Nicomen 1 (IRI), British Columbia","[5933851]","4878","4437","",,
"1","Albert Flat 5 (IRI), British Columbia","[5909876]","4879","4437","",,
"1","Salmon River 1 (IRI), British Columbia","[5939806]","4880","4437","",,
"1","Gwayasdums 1 (IRI), British Columbia","[5943808]","4881","4437","",,
"1","Dease River 1 (IRI), British Columbia","[5957820]","4882","4437","",,
"1","Kluskus 1 (IRI), British Columbia","[5941833]","4883","4437","",,
"1","Mount Waddington B (RDA), British Columbia","[5943027]","4884","4437","",,
"1","Papyum 27 (IRI), British Columbia","[5933855]","4885","4437","",,
"1","Paul's Basin 2 (IRI), British Columbia","[5933809]","4886","4437","",,
"1","Nickeyeah 25 (IRI), British Columbia","[5933850]","4887","4437","",,
"1","Burns Lake 18 (IRI), British Columbia","[5951815]","4888","4437","",,
"1","Klahkamich 17 (IRI), British Columbia","[5933829]","4889","4437","",,
"1","Tuckkwiowhum 1 (IRI), British Columbia","[5909817]","4890","4437","",,
"1","Peace River D (RDA), British Columbia","[5955021]","4438","4437","",,
"1","Cariboo F (RDA), British Columbia","[5941014]","4439","4437","",,
"1","Central Kootenay B (RDA), British Columbia","[5903013]","4440","4437","",,
"1","Gibsons (T), British Columbia","[5929005]","4441","4437","",,
"1","Cariboo L (RDA), British Columbia","[5941017]","4442","4437","",,
"1","North Okanagan C (RDA), British Columbia","[5937021]","4443","4437","",,
"1","Cumberland (VL), British Columbia","[5926014]","4444","4437","",,
"1","Nanaimo B (RDA), British Columbia","[5921014]","4445","4437","",,
"1","Columbia-Shuswap D (RDA), British Columbia","[5939039]","4446","4437","",,
"1","Vanderhoof (DM), British Columbia","[5951007]","4447","4437","",,
"1","Fraser-Fort George D (RDA), British Columbia","[5953044]","4448","4437","",,
"1","North Okanagan F (RDA), British Columbia","[5937041]","4449","4437","",,
"1","Central Okanagan (RDA), British Columbia","[5935012]","4450","4437","",,
"1","Cowichan Valley E (RDA), British Columbia","[5919051]","4451","4437","",,
"1","Nanaimo H (RDA), British Columbia","[5921036]","4452","4437","",,
"1","Bowen Island (IM), British Columbia","[5915062]","4453","4437","",,
"1","Sparwood (DM), British Columbia","[5901006]","4454","4437","",,
"1","Lyacksun 3 (IRI), British Columbia","[5919813]","4892","4437","",,
"1","North Coast C (RDA), British Columbia","[5947021]","4893","4437","",,
"1","Oclucje 7 (IRI), British Columbia","[5924833]","4894","4437","",,
"1","Skookumchuck 4 (IRI), British Columbia","[5909845]","4895","4437","",,
"1","Soda Creek 1 (IRI), British Columbia","[5941810]","4896","4437","",,
"1","Squaw-Hay-One 11 (IRI), British Columbia","[5919802]","4897","4437","",,
"1","Scotch Creek 4 (IRI), British Columbia","[5939807]","4898","4437","",,
"1","Est-Patrolas 4 (IRI), British Columbia","[5919820]","4899","4437","",,
"1","Macoah 1 (IRI), British Columbia","[5923810]","4900","4437","",,
"1","Tin Wis 11 (IRI), British Columbia","[5923825]","4901","4437","",,
"1","Tzart-Lam 5 (IRI), British Columbia","[5919821]","4902","4437","",,
"1","Chilco Lake 1A (IRI), British Columbia","[5941829]","4903","4437","",,
"1","Inklyuhkinatko 2 (IRI), British Columbia","[5933825]","4904","4437","",,
"1","Katzie 2 (IRI), British Columbia","[5915813]","4905","4437","",,
"1","Stequmwhulpa 5 (IRI), British Columbia","[5933892]","4906","4437","",,
"1","Blind Creek 6 (IRI), British Columbia","[5907806]","4907","4437","",,
"1","Fountain 1D (IRI), British Columbia","[5931825]","4908","4437","",,
"1","McCartney's Flat 4 (IRI), British Columbia","[5931823]","4909","4437","",,
"1","Dead Point 5 (IRI), British Columbia","[5943807]","4910","4437","",,
"1","Lezbye 6 (IRI), British Columbia","[5941876]","4911","4437","",,
"1","Cowichan Lake (IRI), British Columbia","[5919812]","4912","4437","",,
"1","Kitzowit 20 (IRI), British Columbia","[5933823]","4913","4437","",,
"1","Sechelt (Part) (IGD), Powell River, British Columbia","[5927806]","4914","4437","",,
"1","Little Springs (IRI), British Columbia","[5941885]","4915","4437","",,
"1","Mission 5 (IRI), British Columbia","[5931833]","4916","4437","",,
"1","Williams Prairie Meadow 1A (IRI), British Columbia","[5951840]","4917","4437","",,
"1","Zoht 4 (IRI), British Columbia","[5933811]","4918","4437","",,
"1","Ruby Creek 2 (IRI), British Columbia","[5909851]","4919","4437","",,
"1","Shawniken 4B (IRI), British Columbia","[5933895]","4920","4437","",,
"1","Unnamed 10 (IRI), British Columbia","[5957802]","4921","4437","",,
"1","Dog Creek 2 (IRI), British Columbia","[5941807]","4922","4437","",,
"1","Laketown 3 (IRI), British Columbia","[5951813]","4923","4437","",,
"1","Tanakut 4 (IRI), British Columbia","[5941831]","4924","4437","",,
"1","Yekwaupsum 18 (IRI), British Columbia","[5931809]","4925","4437","",,
"1","Dzitline Lee 9 (IRI), British Columbia","[5951814]","4926","4437","",,
"1","Towinock 2 (IRI), British Columbia","[5931832]","4927","4437","",,
"1","Dragon Lake 3 (IRI), British Columbia","[5941886]","4928","4437","",,
"1","Kleetlekut 22 (IRI), British Columbia","[5933831]","4929","4437","",,
"1","Klehkoot 2 (IRI), British Columbia","[5923822]","4930","4437","",,
"1","Louis Creek 4 (IRI), British Columbia","[5933888]","4931","4437","",,
"1","Lulu 5 (IRI), British Columbia","[5907850]","4932","4437","",,
"1","Seaichem 16 (IRI), British Columbia","[5931806]","4933","4437","",,
"1","Tacla Lake (Ferry Landing) 9 (IRI), British Columbia","[5951811]","4934","4437","",,
"1","Peters 1 (IRI), British Columbia","[5909843]","4891","4437","",,
"1","Rossland (CY), British Columbia","[5905023]","4455","4437","",,
"1","Strathcona D (Oyster Bay - Buttle Lake) (RDA), British Columbia","[5924042]","4456","4437","",,
"1","Cariboo E (RDA), British Columbia","[5941012]","4457","4437","",,
"1","Central Kootenay F (RDA), British Columbia","[5903043]","4458","4437","",,
"1","Grand Forks (CY), British Columbia","[5905032]","4459","4437","",,
"1","Thompson-Nicola P (Rivers and the Peaks) (RDA), British Columbia","[5933044]","4460","4437","",,
"1","Golden (T), British Columbia","[5939007]","4461","4437","",,
"1","Okanagan-Similkameen D (RDA), British Columbia","[5907047]","4462","4437","",,
"1","Northern Rockies (RGM), British Columbia","[5959007]","4463","4437","",,
"1","Okanagan-Similkameen C (RDA), British Columbia","[5907028]","4464","4437","",,
"1","Kitimat-Stikine E (RDA), British Columbia","[5949018]","4465","4437","",,
"1","Port Hardy (DM), British Columbia","[5943023]","4466","4437","",,
"1","Invermere (DM), British Columbia","[5901039]","4467","4437","",,
"1","Kamloops 1 (IRI), British Columbia","[5933880]","4468","4437","",,
"1","Central Kootenay E (RDA), British Columbia","[5903041]","4469","4437","",,
"1","Sunshine Coast E (RDA), British Columbia","[5929026]","4470","4437","",,
"1","Cariboo B (RDA), British Columbia","[5941021]","4471","4437","",,
"1","Lantzville (DM), British Columbia","[5921008]","4472","4437","",,
"1","Fraser-Fort George C (RDA), British Columbia","[5953042]","4473","4437","",,
"1","Central Kootenay J (RDA), British Columbia","[5903058]","4474","4437","",,
"1","Cowichan Valley D (RDA), British Columbia","[5919013]","4475","4437","",,
"1","Sunshine Coast D (RDA), British Columbia","[5929024]","4476","4437","",,
"1","Bulkley-Nechako F (RDA), British Columbia","[5951019]","4477","4437","",,
"1","East Kootenay F (RDA), British Columbia","[5901046]","4478","4437","",,
"1","Pemberton (VL), British Columbia","[5931012]","4479","4437","",,
"1","Fraser-Fort George A (RDA), British Columbia","[5953038]","4480","4437","",,
"1","Nanaimo C (RDA), British Columbia","[5921016]","4481","4437","",,
"1","Columbia-Shuswap A (RDA), British Columbia","[5939011]","4482","4437","",,
"1","Thompson-Nicola L (Grasslands) (RDA), British Columbia","[5933060]","4483","4437","",,
"1","Lake Cowichan (T), British Columbia","[5919016]","4484","4437","",,
"1","Mackenzie (DM), British Columbia","[5953033]","4485","4437","",,
"1","North Okanagan B (RDA), British Columbia","[5937017]","4486","4437","",,
"1","Kootenay Boundary D / Rural Grand Forks (RDA), British Columbia","[5905052]","4487","4437","",,
"1","Okanagan (Part) 1 (IRI), North Okanagan, British Columbia","[5937801]","4488","4437","",,
"1","Columbia-Shuswap F (RDA), British Columbia","[5939044]","4489","4437","",,
"1","Houston (DM), British Columbia","[5951034]","4490","4437","",,
"1","Tzeachten 13 (IRI), British Columbia","[5909830]","4491","4437","",,
"1","Enderby (CY), British Columbia","[5937033]","4492","4437","",,
"1","Sunshine Coast A (RDA), British Columbia","[5929018]","4493","4437","",,
"1","Kootenay Boundary E / West Boundary (RDA), British Columbia","[5905054]","4494","4437","",,
"1","Kitimat-Stikine C (Part 1) (RDA), British Columbia","[5949013]","4495","4437","",,
"1","Towdystan Lake 3 (IRI), British Columbia","[5941851]","4935","4437","",,
"1","Tseatah 2 (IRI), British Columbia","[5909834]","4936","4437","",,
"1","Upper Hat Creek 1 (IRI), British Columbia","[5933875]","4937","4437","",,
"1","Upper Nepa 6 (IRI), British Columbia","[5933876]","4938","4437","",,
"1","Alexis 9 (IRI), British Columbia","[5907808]","4939","4437","",,
"1","Anahim's Meadow (IRI), British Columbia","[5941883]","4940","4437","",,
"1","Elhlateese 2 (IRI), British Columbia","[5923805]","4941","4437","",,
"1","Fishtrap 19 (IRI), British Columbia","[5941871]","4942","4437","",,
"1","Fountain 12 (IRI), British Columbia","[5931820]","4943","4437","",,
"1","Fountain 3 (IRI), British Columbia","[5931817]","4944","4437","",,
"1","Francois Lake 7 (IRI), British Columbia","[5951822]","4945","4437","",,
"1","Halhalaeden (IRI), British Columbia","[5933813]","4946","4437","",,
"1","Johny Sticks 2 (IRI), British Columbia","[5941811]","4947","4437","",,
"1","Lytton 9A (IRI), British Columbia","[5933841]","4948","4437","",,
"1","Musqueam 4 (IRI), British Columbia","[5915810]","4949","4437","",,
"1","Poison Creek 17A (IRI), British Columbia","[5951844]","4950","4437","",,
"1","Puckatholetchin 11 (IRI), British Columbia","[5909808]","4951","4437","",,
"1","Seah 5 (IRI), British Columbia","[5933858]","4952","4437","",,
"1","Seaspunkut 4 (IRI), British Columbia","[5951806]","4953","4437","",,
"1","Skawahlook 1 (IRI), British Columbia","[5909814]","4954","4437","",,
"1","Skins Lake 16A (IRI), British Columbia","[5951823]","4955","4437","",,
"1","Skuppah 4 (IRI), British Columbia","[5933865]","4956","4437","",,
"1","St. Mary's (IRI), British Columbia","[5901808]","4957","4437","",,
"1","Uncha Lake 13A (IRI), British Columbia","[5951826]","4958","4437","",,
"1","105 Mile Post 2 (IRI), British Columbia","[5933845]","4959","4437","",,
"1","Alexis Creek 14 (IRI), British Columbia","[5941817]","4960","4437","",,
"1","Alkali Lake 4A (IRI), British Columbia","[5941873]","4961","4437","",,
"1","Bucktum 4 (IRI), British Columbia","[5909847]","4962","4437","",,
"1","Canim Lake 2 (IRI), British Columbia","[5941813]","4963","4437","",,
"1","Cassimayooks (Mayook) 5 (IRI), British Columbia","[5901805]","4964","4437","",,
"1","Chilco Lake 1 (IRI), British Columbia","[5941828]","4965","4437","",,
"1","Duncan Lake 2 (IRI), British Columbia","[5951821]","4966","4437","",,
"1","Entlqwekkinh 19 (IRI), British Columbia","[5933899]","4967","4437","",,
"1","Euchinico Creek 17 (IRI), British Columbia","[5941866]","4968","4437","",,
"1","Fontas 1 (IRI), British Columbia","[5959805]","4969","4437","",,
"1","Fountain 10 (IRI), British Columbia","[5931818]","4970","4437","",,
"1","Garden (IRI), British Columbia","[5941884]","4971","4437","",,
"1","Hesquiat 1 (IRI), British Columbia","[5923806]","4972","4437","",,
"1","Jean Baptiste 28 (IRI), British Columbia","[5951830]","4973","4437","",,
"1","Kahmoose 4 (IRI), British Columbia","[5909819]","4974","4437","",,
"1","Kloklowuck 7 (IRI), British Columbia","[5933861]","4975","4437","",,
"1","Lower Post (S-É), British Columbia","[5957813]","4976","4437","",,
"1","Lytton 4E (IRI), British Columbia","[5933840]","4977","4437","",,
"1","Michel Gardens 36 (IRI), British Columbia","[5941879]","4978","4437","",,
"1","Alberni-Clayoquot E (RDA), British Columbia","[5923037]","4497","4437","",,
"1","Capilano 5 (IRI), British Columbia","[5915808]","4498","4437","",,
"1","Central Okanagan West (RDA), British Columbia","[5935020]","4499","4437","",,
"1","North Okanagan D (RDA), British Columbia","[5937022]","4500","4437","",,
"1","Princeton (T), British Columbia","[5907024]","4501","4437","",,
"1","Cariboo D (RDA), British Columbia","[5941010]","4502","4437","",,
"1","Elkford (DM), British Columbia","[5901003]","4503","4437","",,
"1","Strathcona C (RDA), British Columbia","[5924054]","4504","4437","",,
"1","Peace River E (RDA), British Columbia","[5955023]","4505","4437","",,
"1","Central Kootenay I (RDA), British Columbia","[5903056]","4506","4437","",,
"1","Sicamous (DM), British Columbia","[5939045]","4507","4437","",,
"1","Cowichan Valley H (RDA), British Columbia","[5919017]","4508","4437","",,
"1","Tofino (DM), British Columbia","[5923025]","4509","4437","",,
"1","Highlands (DM), British Columbia","[5917049]","4510","4437","",,
"1","Fraser Valley H (RDA), British Columbia","[5909035]","4511","4437","",,
"1","Cowichan (IRI), British Columbia","[5919822]","4512","4437","",,
"1","Tumbler Ridge (DM), British Columbia","[5955003]","4513","4437","",,
"1","Cowichan Valley G (RDA), British Columbia","[5919015]","4514","4437","",,
"1","Burrard Inlet 3 (IRI), British Columbia","[5915806]","4515","4437","",,
"1","Sunshine Coast F (RDA), British Columbia","[5929028]","4516","4437","",,
"1","Clearwater (DM), British Columbia","[5933067]","4517","4437","",,
"1","Chase (VL), British Columbia","[5933054]","4518","4437","",,
"1","Anmore (VL), British Columbia","[5915038]","4519","4437","",,
"1","Port McNeill (T), British Columbia","[5943012]","4520","4437","",,
"1","Chetwynd (DM), British Columbia","[5955010]","4521","4437","",,
"1","Okanagan-Similkameen I (RDA), British Columbia","[5907048]","4522","4437","",,
"1","Lillooet (DM), British Columbia","[5931026]","4523","4437","",,
"1","Tsawwassen (TWL), British Columbia","[5915802]","4524","4437","",,
"1","Okanagan-Similkameen G (RDA), British Columbia","[5907053]","4525","4437","",,
"1","Logan Lake (DM), British Columbia","[5933035]","4526","4437","",,
"1","Central Kootenay A (RDA), British Columbia","[5903010]","4527","4437","",,
"1","Okanagan-Similkameen H (RDA), British Columbia","[5907055]","4528","4437","",,
"1","qathet C (RDA), British Columbia","[5927016]","4529","4437","",,
"1","Okanagan-Similkameen A (RDA), British Columbia","[5907022]","4530","4437","",,
"1","Ucluelet (DM), British Columbia","[5923019]","4531","4437","",,
"1","Fraser Valley D (RDA), British Columbia","[5909034]","4532","4437","",,
"1","Okanagan-Similkameen F (RDA), British Columbia","[5907051]","4533","4437","",,
"1","Lumby (VL), British Columbia","[5937005]","4534","4437","",,
"1","Penticton 1 (IRI), British Columbia","[5907803]","4535","4437","",,
"1","Squamish-Lillooet C (RDA), British Columbia","[5931017]","4536","4437","",,
"1","East Kootenay B (RDA), British Columbia","[5901019]","4537","4437","",,
"1","Okanagan-Similkameen E (RDA), British Columbia","[5907049]","4538","4437","",,
"1","Alberni-Clayoquot F (RDA), British Columbia","[5923039]","4539","4437","",,
"1","Sunshine Coast B (RDA), British Columbia","[5929022]","4496","4437","",,
"1","Nesikep 6 (IRI), British Columbia","[5931827]","4980","4437","",,
"1","Nickel Palm 4 (IRI), British Columbia","[5933848]","4981","4437","",,
"1","Nkaih 10 (IRI), British Columbia","[5933870]","4982","4437","",,
"1","Nohomeen 23 (IRI), British Columbia","[5933852]","4983","4437","",,
"1","Omineca 1 (IRI), British Columbia","[5951819]","4984","4437","",,
"1","Pentledge 2 (IRI), British Columbia","[5926802]","4985","4437","",,
"1","Puntzi Lake 2 (IRI), British Columbia","[5941838]","4986","4437","",,
"1","Sachteen (IRI), British Columbia","[5909883]","4987","4437","",,
"1","Schelowat 1 (IRI), British Columbia","[5909838]","4988","4437","",,
"1","Scowlitz 1 (IRI), British Columbia","[5909833]","4989","4437","",,
"1","Skwayaynope 26 (IRI), British Columbia","[5933866]","4990","4437","",,
"1","Sowchea 3 (IRI), British Columbia","[5951804]","4991","4437","",,
"1","Spences Bridge (IRI), British Columbia","[5933881]","4992","4437","",,
"1","Spintlum Flat 3 (IRI), British Columbia","[5933868]","4993","4437","",,
"1","Thomas Squinas Ranch 2A (IRI), British Columbia","[5941845]","4994","4437","",,
"1","Whonnock 1 (IRI), British Columbia","[5915840]","4995","4437","",,
"1","Windy Mouth 7 (IRI), British Columbia","[5941855]","4996","4437","",,
"1","Yale Town 1 (IRI), British Columbia","[5909818]","4997","4437","",,
"1","Yawaucht 11 (IRI), British Columbia","[5933878]","4998","4437","",,
"1","Zacht 5 (IRI), British Columbia","[5933879]","4999","4437","",,
"1","Agats Meadow 8 (IRI), British Columbia","[5941844]","5000","4437","",,
"1","Ahaminaquus 12 (IRI), British Columbia","[5924803]","5001","4437","",,
"1","Alberni 2 (IRI), British Columbia","[5923802]","5002","4437","",,
"1","Alexis Creek 16 (IRI), British Columbia","[5941818]","5003","4437","",,
"1","Alexis Creek 21 (IRI), British Columbia","[5941848]","5004","4437","",,
"1","Alexis Creek 34 (IRI), British Columbia","[5941856]","5005","4437","",,
"1","Babine 16 (IRI), British Columbia","[5951831]","5006","4437","",,
"1","Babine Lake 21B (IRI), British Columbia","[5951847]","5007","4437","",,
"1","Baezaeko River 27 (IRI), British Columbia","[5941881]","5008","4437","",,
"1","Baptiste Meadow 2 (IRI), British Columbia","[5941849]","5009","4437","",,
"1","Basque 18 (IRI), British Columbia","[5933828]","5010","4437","",,
"1","Betty Creek 18 (IRI), British Columbia","[5941861]","5011","4437","",,
"1","Boothroyd 13 (IRI), British Columbia","[5909850]","5012","4437","",,
"1","Boothroyd 8A (IRI), British Columbia","[5933897]","5013","4437","",,
"1","Boston Bar 1A (IRI), British Columbia","[5909836]","5014","4437","",,
"1","Canim Lake 4 (IRI), British Columbia","[5941803]","5015","4437","",,
"1","Canoe Creek 3 (IRI), British Columbia","[5941804]","5016","4437","",,
"1","Charley Boy's Meadow 3 (IRI), British Columbia","[5941827]","5017","4437","",,
"1","Chekwelp 26 (IRI), British Columbia","[5929801]","5018","4437","",,
"1","Chenahkint 12 (IRI), British Columbia","[5924805]","5019","4437","",,
"1","Chuchhraischin (IRI), British Columbia","[5933810]","5020","4437","",,
"1","Clakamucus 2 (IRI), British Columbia","[5923804]","5021","4437","",,
"1","Coglistiko River 29 (IRI), British Columbia","[5941835]","5022","4437","",,
"1","Necait 6 (IRI), British Columbia","[5931826]","4979","4437","",,
"1","Fruitvale (VL), British Columbia","[5905005]","4540","4437","",,
"1","Burns Lake (VL), British Columbia","[5951022]","4541","4437","",,
"1","One Hundred Mile House (DM), British Columbia","[5941005]","4542","4437","",,
"1","Harrison Hot Springs (VL), British Columbia","[5909027]","4543","4437","",,
"1","Kootenay Boundary A (RDA), British Columbia","[5905026]","4544","4437","",,
"1","East Kootenay A (RDA), British Columbia","[5901017]","4545","4437","",,
"1","Cariboo H (RDA), British Columbia","[5941016]","4546","4437","",,
"1","New Songhees 1A (IRI), British Columbia","[5917812]","4547","4437","",,
"1","Alberni-Clayoquot D (RDA), British Columbia","[5923035]","4548","4437","",,
"1","Duck Lake 7 (IRI), British Columbia","[5935801]","4549","4437","",,
"1","Nisga'a (NL), British Columbia","[5949035]","4550","4437","",,
"1","Cowichan Valley F (RDA), British Columbia","[5919033]","4551","4437","",,
"1","Thompson-Nicola J (Copper Desert Country) (RDA), British Columbia","[5933039]","4552","4437","",,
"1","Central Kootenay K (RDA), British Columbia","[5903060]","4553","4437","",,
"1","Tsinstikeptum 10 (IRI), British Columbia","[5935803]","4554","4437","",,
"1","East Saanich 2 (IRI), British Columbia","[5917803]","4555","4437","",,
"1","Warfield (VL), British Columbia","[5905018]","4556","4437","",,
"1","Barriere (DM), British Columbia","[5933074]","4557","4437","",,
"1","Bulkley-Nechako B (RDA), British Columbia","[5951028]","4558","4437","",,
"1","Fraser Valley G (RDA), British Columbia","[5909062]","4559","4437","",,
"1","East Kootenay E (RDA), British Columbia","[5901037]","4560","4437","",,
"1","East Kootenay G (RDA), British Columbia","[5901048]","4561","4437","",,
"1","qathet B (RDA), British Columbia","[5927012]","4562","4437","",,
"1","Central Kootenay G (RDA), British Columbia","[5903047]","4563","4437","",,
"1","Musqueam 2 (IRI), British Columbia","[5915803]","4564","4437","",,
"1","Ashcroft (VL), British Columbia","[5933019]","4565","4437","",,
"1","Thompson-Nicola M (Beautiful Nicola Valley - North) (RDA), British Columbia","[5933008]","4566","4437","",,
"1","Kootenay Boundary C / Christina Lake (RDA), British Columbia","[5905050]","4567","4437","",,
"1","Bulkley-Nechako D (RDA), British Columbia","[5951017]","4568","4437","",,
"1","Fraser-Fort George H (RDA), British Columbia","[5953019]","4569","4437","",,
"1","Keremeos (VL), British Columbia","[5907009]","4570","4437","",,
"1","Nakusp (VL), British Columbia","[5903050]","4571","4437","",,
"1","Thompson-Nicola A (Wells Gray Country) (RDA), British Columbia","[5933068]","4572","4437","",,
"1","Fraser Valley E (RDA), British Columbia","[5909036]","4573","4437","",,
"1","Thompson-Nicola O (Lower North Thompson) (RDA), British Columbia","[5933072]","4574","4437","",,
"1","Bulkley-Nechako E (RDA), British Columbia","[5951031]","4575","4437","",,
"1","Telkwa (VL), British Columbia","[5951038]","4576","4437","",,
"1","Cariboo I (RDA), British Columbia","[5941027]","4577","4437","",,
"1","Central Kootenay C (RDA), British Columbia","[5903017]","4578","4437","",,
"1","Central Kootenay D (RDA), British Columbia","[5903039]","4579","4437","",,
"1","Kitimat-Stikine B (RDA), British Columbia","[5949028]","4580","4437","",,
"1","Osoyoos 1 (IRI), British Columbia","[5907802]","4581","4437","",,
"1","Kootenay Boundary B / Lower Columbia-Old-Glory (RDA), British Columbia","[5905030]","4582","4437","",,
"1","Sun Peaks Mountain (VL), British Columbia","[5933045]","4583","4437","",,
"1","Cowichan Valley I (RDA), British Columbia","[5919035]","4584","4437","",,
"1","Fraser Valley F (RDA), British Columbia","[5909060]","4585","4437","",,
"1","Fort St. James (DM), British Columbia","[5951013]","4586","4437","",,
"1","Columbia-Shuswap E (RDA), British Columbia","[5939043]","4587","4437","",,
"1","Lions Bay (VL), British Columbia","[5915065]","4588","4437","",,
"1","Radium Hot Springs (VL), British Columbia","[5901040]","4589","4437","",,
"1","Taylor (DM), British Columbia","[5955030]","4590","4437","",,
"1","Mount Currie (IRI), British Columbia","[5931843]","4591","4437","",,
"1","Bulkley-Nechako C (RDA), British Columbia","[5951015]","4592","4437","",,
"1","Fraser-Fort George F (RDA), British Columbia","[5953048]","4593","4437","",,
"1","Gold River (VL), British Columbia","[5924025]","4594","4437","",,
"1","Cariboo C (RDA), British Columbia","[5941026]","4595","4437","",,
"1","qathet A (RDA), British Columbia","[5927010]","4596","4437","",,
"1","Bella Bella 1 (IRI), British Columbia","[5945801]","4597","4437","",,
"1","Okanagan-Similkameen B (RDA), British Columbia","[5907026]","4598","4437","",,
"1","Salmo (VL), British Columbia","[5903011]","4599","4437","",,
"1","qathet D (RDA), British Columbia","[5927018]","4600","4437","",,
"1","Fraser Valley C (RDA), British Columbia","[5909048]","4601","4437","",,
"1","North Okanagan E (RDA), British Columbia","[5937023]","4602","4437","",,
"1","Thompson-Nicola E (Bonaparte Plateau) (RDA), British Columbia","[5933032]","4603","4437","",,
"1","Squamish-Lillooet D (RDA), British Columbia","[5931021]","4604","4437","",,
"1","Strathcona B (RDA), British Columbia","[5924052]","4605","4437","",,
"1","Valemount (VL), British Columbia","[5953007]","4606","4437","",,
"1","Kaslo (VL), British Columbia","[5903023]","4607","4437","",,
"1","Thompson-Nicola I (Blue Sky Country) (RDA), British Columbia","[5933037]","4608","4437","",,
"1","Montrose (VL), British Columbia","[5905009]","4609","4437","",,
"1","Fraser Lake (VL), British Columbia","[5951009]","4610","4437","",,
"1","Skowkale (IRI), British Columbia","[5909884]","4611","4437","",,
"1","Cache Creek (VL), British Columbia","[5933024]","4612","4437","",,
"1","Hudson's Hope (DM), British Columbia","[5955025]","4613","4437","",,
"1","Queen Charlotte (VL), British Columbia","[5947026]","4614","4437","",,
"1","Bella Coola 1 (IRI), British Columbia","[5945802]","4615","4437","",,
"1","Alberni-Clayoquot C (RDA), British Columbia","[5923049]","4616","4437","",,
"1","Fraser Valley B (RDA), British Columbia","[5909016]","4617","4437","",,
"1","Strathcona A (RDA), British Columbia","[5924048]","4618","4437","",,
"1","Masset (VL), British Columbia","[5947023]","4619","4437","",,
"1","Bulkley-Nechako G (RDA), British Columbia","[5951053]","4620","4437","",,
"1","Chemainus 13 (IRI), British Columbia","[5919804]","4621","4437","",,
"1","Seabird Island (IRI), British Columbia","[5909832]","4622","4437","",,
"1","Canal Flats (VL), British Columbia","[5901043]","4623","4437","",,
"1","Sliammon 1 (TAL), British Columbia","[5927802]","4624","4437","",,
"1","Census subdivisions with 5,000-plus population, Yukon","","5087","5086","",,
"1","Census subdivisions with population under 5,000, Yukon","","5089","5086","",,
"1","Whitehorse (CY), Yukon","[6001009]","5088","5087","",,
"1","Dawson (T), Yukon","[6001029]","5090","5089","",,
"1","Yukon, Unorganized (NO), Yukon","[6001045]","5091","5089","",,
"1","Macpherson-Grizzly Valley (NO), Yukon","[6001059]","5092","5089","",,
"1","Watson Lake (T), Yukon","[6001003]","5093","5089","",,
"1","Haines Junction (VL), Yukon","[6001018]","5094","5089","",,
"1","Marsh Lake (NO), Yukon","[6001058]","5095","5089","",,
"1","Carmacks (VL), Yukon","[6001012]","5096","5089","",,
"1","Ibex Valley (HAM), Yukon","[6001055]","5097","5089","",,
"1","Mt. Lorne (HAM), Yukon","[6001044]","5098","5089","",,
"1","Whitehorse, Unorganized (NO), Yukon","[6001060]","5099","5089","",,
"1","Faro (T), Yukon","[6001004]","5100","5089","",,
"1","Carcross (SÉ), Yukon","[6001048]","5101","5089","",,
"1","Pelly Crossing (SÉ), Yukon","[6001041]","5102","5089","",,
"1","Ross River (SÉ), Yukon","[6001037]","5103","5089","",,
"1","Teslin (VL), Yukon","[6001006]","5104","5089","",,
"1","Tagish (SÉ), Yukon","[6001036]","5105","5089","",,
"1","Old Crow (SÉ), Yukon","[6001043]","5106","5089","",,
"1","Mayo (VL), Yukon","[6001022]","5107","5089","",,
"1","Upper Liard (SÉ), Yukon","[6001032]","5108","5089","",,
"1","Beaver Creek (SÉ), Yukon","[6001042]","5109","5089","",,
"1","Burwash Landing (SÉ), Yukon","[6001039]","5110","5089","",,
"1","Destruction Bay (SÉ), Yukon","[6001049]","5111","5089","",,
"1","Carcross 4 (SG), Yukon","[6001008]","5112","5089","",,
"1","Champagne Landing 10 (S-É), Yukon","[6001038]","5113","5089","",,
"1","Keno Hill (SÉ), Yukon","[6001052]","5114","5089","",,
"1","Lake Laberge 1 (SG), Yukon","[6001010]","5115","5089","",,
"1","Stewart Crossing (SÉ), Yukon","[6001050]","5116","5089","",,
"1","Teslin Post 13 (SG), Yukon","[6001007]","5117","5089","",,
"1","Johnsons Crossing (SÉ), Yukon","[6001047]","5118","5089","",,
"1","Swift River (SÉ), Yukon","[6001046]","5119","5089","",,
"1","Kloo Lake (S-É), Yukon","[6001019]","5120","5089","",,
"1","Moosehide Creek 2 (SG), Yukon","[6001031]","5121","5089","",,
"1","North Slope (NO), Yukon","[6001065]","5122","5089","",,
"1","Teslin (TL), Yukon","[6001057]","5123","5089","",,
"1","Census subdivisions with 5,000-plus population, Northwest Territories","","5125","5124","",,
"1","Census subdivisions with population under 5,000, Northwest Territories","","5127","5124","",,
"1","Yellowknife (CY), Northwest Territories","[6106023]","5126","5125","",,
"1","Hay River (T), Northwest Territories","[6105016]","5128","5127","",,
"1","Inuvik (T), Northwest Territories","[6101017]","5129","5127","",,
"1","Fort Smith (T), Northwest Territories","[6105001]","5130","5127","",,
"1","Behchokò (CG), Northwest Territories","[6103031]","5131","5127","",,
"1","Fort Simpson (VL), Northwest Territories","[6104038]","5132","5127","",,
"1","Tuktoyaktuk (HAM), Northwest Territories","[6101036]","5133","5127","",,
"1","Norman Wells (T), Northwest Territories","[6102007]","5134","5127","",,
"1","Fort McPherson (HAM), Northwest Territories","[6101015]","5135","5127","",,
"1","Fort Providence (HAM), Northwest Territories","[6104014]","5136","5127","",,
"1","Déline (CC), Northwest Territories","[6102003]","5137","5127","",,
"1","Aklavik (HAM), Northwest Territories","[6101025]","5138","5127","",,
"1","Whatì (CG), Northwest Territories","[6103034]","5139","5127","",,
"1","Fort Good Hope (CC), Northwest Territories","[6102009]","5140","5127","",,
"1","Fort Resolution (HAM), Northwest Territories","[6105018]","5141","5127","",,
"1","Tulita (HAM), Northwest Territories","[6102005]","5142","5127","",,
"1","Fort Liard (HAM), Northwest Territories","[6104009]","5143","5127","",,
"1","Ulukhaktok (HAM), Northwest Territories","[6101095]","5144","5127","",,
"1","Paulatuk (HAM), Northwest Territories","[6101014]","5145","5127","",,
"1","Lutselk'e (SET), Northwest Territories","[6105020]","5146","5127","",,
"1","Gamètì (CG), Northwest Territories","[6103049]","5147","5127","",,
"1","Hay River Dene 1 (IRI), Northwest Territories","[6104017]","5148","5127","",,
"1","Dettah (SET), Northwest Territories","[6106021]","5149","5127","",,
"1","Tsiigehtchic (CC), Northwest Territories","[6101010]","5150","5127","",,
"1","Colville Lake (SET), Northwest Territories","[6102012]","5151","5127","",,
"1","Wrigley (SET), Northwest Territories","[6104044]","5152","5127","",,
"1","Wekweètì (CG), Northwest Territories","[6103052]","5153","5127","",,
"1","Sachs Harbour (HAM), Northwest Territories","[6101041]","5154","5127","",,
"1","Enterprise (HAM), Northwest Territories","[6105003]","5155","5127","",,
"1","Sambaa K'e (SET), Northwest Territories","[6104006]","5156","5127","",,
"1","Nahanni Butte (SET), Northwest Territories","[6104010]","5157","5127","",,
"1","Jean Marie River (SET), Northwest Territories","[6104013]","5158","5127","",,
"1","Kakisa (SET), Northwest Territories","[6104005]","5159","5127","",,
"1","Reliance (SET), Northwest Territories","[6105026]","5160","5127","",,
"1","Salt Plains 195 (IRI), Northwest Territories","[6105004]","5161","5127","",,
"1","Region 1, Unorganized (NO), Northwest Territories","[6101063]","5162","5127","",,
"1","Region 2, Unorganized (NO), Northwest Territories","[6102063]","5163","5127","",,
"1","Region 3, Unorganized (NO), Northwest Territories","[6103097]","5164","5127","",,
"1","Region 4, Unorganized (NO), Northwest Territories","[6104097]","5165","5127","",,
"1","Region 5, Unorganized (NO), Northwest Territories","[6105097]","5166","5127","",,
"1","Region 6, Unorganized (NO), Northwest Territories","[6106097]","5167","5127","",,
"1","Census subdivisions with 5,000-plus population, Nunavut","","5169","5168","",,
"1","Census subdivisions with population under 5,000, Nunavut","","5171","5168","",,
"1","Iqaluit (CY), Nunavut","[6204003]","5170","5169","",,
"1","Rankin Inlet (HAM), Nunavut","[6205017]","5172","5171","",,
"1","Arviat (HAM), Nunavut","[6205015]","5173","5171","",,
"1","Baker Lake (HAM), Nunavut","[6205023]","5174","5171","",,
"1","Igloolik (HAM), Nunavut","[6204012]","5175","5171","",,
"1","Cambridge Bay (HAM), Nunavut","[6208073]","5176","5171","",,
"1","Pond Inlet (HAM), Nunavut","[6204020]","5177","5171","",,
"1","Pangnirtung (HAM), Nunavut","[6204009]","5178","5171","",,
"1","Cape Dorset (HAM), Nunavut","[6204007]","5179","5171","",,
"1","Kugluktuk (HAM), Nunavut","[6208059]","5180","5171","",,
"1","Gjoa Haven (HAM), Nunavut","[6208081]","5181","5171","",,
"1","Naujaat (HAM), Nunavut","[6205027]","5182","5171","",,
"1","Clyde River (HAM), Nunavut","[6204015]","5183","5171","",,
"1","Coral Harbour (HAM), Nunavut","[6205014]","5184","5171","",,
"1","Kugaaruk (HAM), Nunavut","[6208047]","5185","5171","",,
"1","Sanikiluaq (HAM), Nunavut","[6204001]","5186","5171","",,
"1","Arctic Bay (HAM), Nunavut","[6204018]","5187","5171","",,
"1","Taloyoak (HAM), Nunavut","[6208087]","5188","5171","",,
"1","Hall Beach (HAM), Nunavut","[6204011]","5189","5171","",,
"1","Qikiqtarjuaq (HAM), Nunavut","[6204010]","5190","5171","",,
"1","Whale Cove (HAM), Nunavut","[6205016]","5191","5171","",,
"1","Kimmirut (HAM), Nunavut","[6204005]","5192","5171","",,
"1","Chesterfield Inlet (HAM), Nunavut","[6205019]","5193","5171","",,
"1","Resolute (HAM), Nunavut","[6204022]","5194","5171","",,
"1","Grise Fiord (HAM), Nunavut","[6204025]","5195","5171","",,
"1","Kivalliq, Unorganized (NO), Nunavut","[6205033]","5196","5171","",,
"1","Bathurst Inlet (SET), Nunavut","[6208065]","5197","5171","",,
"1","Kitikmeot, Unorganized (NO), Nunavut","[6208098]","5198","5171","",,
"1","Nanisivik (SET), Nunavut","[6204019]","5199","5171","",,
"1","Qikiqtaaluk, Unorganized (NO), Nunavut","[6204030]","5200","5171","",,
"1","Umingmaktok (SET), Nunavut","[6208068]","5201","5171","",,
"1","Canada","[1124]","1","","",,

Symbol Legend
Description,Symbol
"not available for a specific reference period","..",
"less than the limit of detection","<LOD",
"value rounded to 0 (zero) where there is a meaningful distinction between true zero and the value that was rounded","0s",
"data quality: excellent","A",
"data quality: very good","B",
"data quality: good","C",
"data quality: acceptable","D",
"use with caution","E",
"too unreliable to be published","F",
"not applicable","...",
"preliminary","p",
"revised","r",
"suppressed to meet the confidentiality requirements of the Statistics Act","x",
"terminated","t",

"Survey Code","Survey Name"
"3608","Annual Demographic Estimates : Subprovincial Areas"

"Subject Code","Subject Name"
"17","Population and demography"

"Note ID",Note
1,"Population estimates based on the Standard Geographical Classification (SGC) 2021 as delineated in the 2021 Census."
2,"Census subdivision (CSD) is the general term for municipalities (as determined by provincial/territorial legislation) or areas treated as municipal equivalents for statistical purposes (e.g., Indian reserves, Indian settlements and unorganized territories). Municipal status is defined by laws in effect in each province and territory in Canada. Census subdivisions (CSDs) are classified into <a href="https://www12.statcan.gc.ca/census-recensement/2021/ref/dict/tab/index-eng.cfm?ID=t1_5" rel="external noopener noreferrer" target="_blank">57 types (opens new window)</a> according to official designations adopted by provincial, territorial or federal authorities. Two exceptions are 'subdivision of unorganized' (SNO) in Newfoundland and Labrador, and 'subdivision of county municipality' (SC) in Nova Scotia, which are geographic areas created as equivalents for municipalities by Statistics Canada, in cooperation with those provinces, for the purpose of disseminating statistical data."
3,"Postcensal estimates are based on the latest census counts adjusted for census net undercoverage (including adjustment for incompletely enumerated reserves and settlements) and on the estimated population growth that occurred since that census, as calculated using fiscal data. Intercensal estimates are based on postcensal estimates and census counts adjusted of the censuses preceding and following the considered year. Population estimates for census subdivisions (CSDs) in Quebec are provided by "l'Institut de la statistique du Québec". Population estimates for CSDs in Alberta are provided by Alberta’s Office of Statistics and Information (OSI) in current geography for July 1, 2016 and after. They are converted to the appropriate standard geographical classification using geographical relationships provided by the OSI. Due to this geographical difference, small discrepancies may exist between CSD populations released by Statistics Canada for Alberta and those found directly on the <a href="https://www.alberta.ca/office-statistics-information.aspx" rel="external noopener noreferrer" target="_blank">OSI’s website (opens new window)</a>. CSD population estimates for Alberta prior to July 1, 2016 are produced using the same method adopted for provinces and territories that do not provide their own estimates. Territorial-level population estimates for Yukon are produced by Statistics Canada, while census subdivision population estimates are supplied by the <a href="https://yukon.ca/en/bureau-of-statistics" rel="external noopener noreferrer" target="_blank">Yukon Bureau of Statistics (opens new window)</a> for July 1, 2019 and after. Variations in total population estimates at the territorial level between both sources are due to methodological differences. Population estimates for CSDs in Yukon prior to July 1, 2019 are not shown in this table and can be found on the <a href="https://yukon.ca/en/bureau-of-statistics" rel="external noopener noreferrer" target="_blank">Yukon Bureau of Statistics website (opens new window)</a>. Population estimates for census subdivisions in Northwest Territories are provided by the <a href="https://www.statsnwt.ca/index.html" rel="external noopener noreferrer" target="_blank">Northwest Territories Bureau of Statistics (opens new window)</a> for July 1, 2001 and after, excluding unorganized regions. Variations in total population estimates at the census division level between these and those produced by Statistics Canada are due to methodological differences."
4,"Population estimates as of July 1 are final intercensal up to 2020, final postcensal for 2021, updated postcensal for 2022 to 2024, and preliminary postcensal for 2025."
5,"In order to categorize CSDs by population size (5,000-plus; under 5,000), population estimates as of July 1, 2021 are used. Moreover, within each category, CSDs are presented in ascending order on the basis of their population as of July 1, 2021."
6,"Population estimates by age and gender for census subdivisions are available upon request as a custom cost-recovery product by contacting the Centre for Demography client services mailbox (statcan.demography-demographie.statcan@statcan.gc.ca)."
7,"This table replaces table 17100142."

"Correction ID","Correction Date","Correction Note"
