REF_DATE,GEO,DGUID,Products and product groups,UOM,UOM_ID,SCALAR_FACTOR,SCALAR_ID,VECTOR,COORDINATE,VALUE,STATUS,SYMBOL,TERMINATED,DECIMALS
1914-01,Canada,2016A000011124,All-items,2002=100,17,units,0,v41690973,2.2,6.0,,,,1
1914-02,Canada,2016A000011124,All-items,2002=100,17,units,0,v41690973,2.2,6.0,,,,1
1914-03,Canada,2016A000011124,All-items,2002=100,17,units,0,v41690973,2.2,6.0,,,,1
1914-04,Canada,2016A000011124,All-items,2002=100,17,units,0,v41690973,2.2,6.0,,,,1
1914-05,Canada,2016A000011124,All-items,2002=100,17,units,0,v41690973,2.2,5.9,,,,1
1914-06,Canada,2016A000011124,All-items,2002=100,17,units,0,v41690973,2.2,6.0,,,,1
1914-07,Canada,2016A000011124,All-items,2002=100,17,units,0,v41690973,2.2,5.9,,,,1
1914-08,Canada,2016A000011124,All-items,2002=100,17,units,0,v41690973,2.2,6.0,,,,1
1914-09,Canada,2016A000011124,All-items,2002=100,17,units,0,v41690973,2.2,6.0,,,,1
1914-10,Canada,2016A000011124,All-items,2002=100,17,units,0,v41690973,2.2,6.1,,,,1
1914-11,Canada,2016A000011124,All-items,2002=100,17,units,0,v41690973,2.2,6.1,,,,1
1914-12,Canada,2016A000011124,All-items,2002=100,17,units,0,v41690973,2.2,6.1,,,,1
1915-01,Canada,2016A000011124,All-items,2002=100,17,units,0,v41690973,2.2,6.1,,,,1
1915-02,Canada,2016A000011124,All-items,2002=100,17,units,0,v41690973,2.2,6.1,,,,1
1915-03,Canada,2016A000011124,All-items,2002=100,17,units,0,v41690973,2.2,6.1,,,,1
1915-04,Canada,2016A000011124,All-items,2002=100,17,units,0,v41690973,2.2,6.1,,,,1
1915-05,Canada,2016A000011124,All-items,2002=100,17,units,0,v41690973,2.2,6.1,,,,1
1915-06,Canada,2016A000011124,All-items,2002=100,17,units,0,v41690973,2.2,6.1,,,,1
1915-07,Canada,2016A000011124,All-items,2002=100,17,units,0,v41690973,2.2,6.1,,,,1
1915-08,Canada,2016A000011124,All-items,2002=100,17,units,0,v41690973,2.2,6.1,,,,1
1915-09,Canada,2016A000011124,All-items,2002=100,17,units,0,v41690973,2.2,6.1,,,,1
1915-10,Canada,2016A000011124,All-items,2002=100,17,units,0,v41690973,2.2,6.1,,,,1
1915-11,Canada,2016A000011124,All-items,2002=100,17,units,0,v41690973,2.2,6.3,,,,1
1915-12,Canada,2016A000011124,All-items,2002=100,17,units,0,v41690973,2.2,6.3,,,,1
1916-01,Canada,2016A000011124,All-items,2002=100,17,units,0,v41690973,2.2,6.4,,,,1
1916-02,Canada,2016A000011124,All-items,2002=100,17,units,0,v41690973,2.2,6.5,,,,1
1916-03,Canada,2016A000011124,All-items,2002=100,17,units,0,v41690973,2.2,6.5,,,,1
1916-04,Canada,2016A000011124,All-items,2002=100,17,units,0,v41690973,2.2,6.5,,,,1
1916-05,Canada,2016A000011124,All-items,2002=100,17,units,0,v41690973,2.2,6.5,,,,1
1916-06,Canada,2016A000011124,All-items,2002=100,17,units,0,v41690973,2.2,6.6,,,,1
1916-07,Canada,2016A000011124,All-items,2002=100,17,units,0,v41690973,2.2,6.6,,,,1
1916-08,Canada,2016A000011124,All-items,2002=100,17,units,0,v41690973,2.2,6.6,,,,1
1916-09,Canada,2016A000011124,All-items,2002=100,17,units,0,v41690973,2.2,6.8,,,,1
1916-10,Canada,2016A000011124,All-items,2002=100,17,units,0,v41690973,2.2,6.9,,,,1
1916-11,Canada,2016A000011124,All-items,2002=100,17,units,0,v41690973,2.2,7.1,,,,1
1916-12,Canada,2016A000011124,All-items,2002=100,17,units,0,v41690973,2.2,7.2,,,,1
1917-01,Canada,2016A000011124,All-items,2002=100,17,units,0,v41690973,2.2,7.4,,,,1
1917-02,Canada,2016A000011124,All-items,2002=100,17,units,0,v41690973,2.2,7.4,,,,1
1917-03,Canada,2016A000011124,All-items,2002=100,17,units,0,v41690973,2.2,7.6,,,,1
1917-04,Canada,2016A000011124,All-items,2002=100,17,units,0,v41690973,2.2,7.6,,,,1
1917-05,Canada,2016A000011124,All-items,2002=100,17,units,0,v41690973,2.2,7.9,,,,1
1917-06,Canada,2016A000011124,All-items,2002=100,17,units,0,v41690973,2.2,8.0,,,,1
1917-07,Canada,2016A000011124,All-items,2002=100,17,units,0,v41690973,2.2,8.0,,,,1
1917-08,Canada,2016A000011124,All-items,2002=100,17,units,0,v41690973,2.2,8.0,,,,1
1917-09,Canada,2016A000011124,All-items,2002=100,17,units,0,v41690973,2.2,8.0,,,,1
1917-10,Canada,2016A000011124,All-items,2002=100,17,units,0,v41690973,2.2,8.2,,,,1
1917-11,Canada,2016A000011124,All-items,2002=100,17,units,0,v41690973,2.2,8.2,,,,1
1917-12,Canada,2016A000011124,All-items,2002=100,17,units,0,v41690973,2.2,8.3,,,,1
1918-01,Canada,2016A000011124,All-items,2002=100,17,units,0,v41690973,2.2,8.4,,,,1
1918-02,Canada,2016A000011124,All-items,2002=100,17,units,0,v41690973,2.2,8.5,,,,1
1918-03,Canada,2016A000011124,All-items,2002=100,17,units,0,v41690973,2.2,8.6,,,,1
1918-04,Canada,2016A000011124,All-items,2002=100,17,units,0,v41690973,2.2,8.6,,,,1
1918-05,Canada,2016A000011124,All-items,2002=100,17,units,0,v41690973,2.2,8.7,,,,1
1918-06,Canada,2016A000011124,All-items,2002=100,17,units,0,v41690973,2.2,8.8,,,,1
1918-07,Canada,2016A000011124,All-items,2002=100,17,units,0,v41690973,2.2,8.9,,,,1
1918-08,Canada,2016A000011124,All-items,2002=100,17,units,0,v41690973,2.2,9.2,,,,1
1918-09,Canada,2016A000011124,All-items,2002=100,17,units,0,v41690973,2.2,9.2,,,,1
1918-10,Canada,2016A000011124,All-items,2002=100,17,units,0,v41690973,2.2,9.3,,,,1
1918-11,Canada,2016A000011124,All-items,2002=100,17,units,0,v41690973,2.2,9.4,,,,1
1918-12,Canada,2016A000011124,All-items,2002=100,17,units,0,v41690973,2.2,9.4,,,,1
1919-01,Canada,2016A000011124,All-items,2002=100,17,units,0,v41690973,2.2,9.5,,,,1
1919-02,Canada,2016A000011124,All-items,2002=100,17,units,0,v41690973,2.2,9.4,,,,1
1919-03,Canada,2016A000011124,All-items,2002=100,17,units,0,v41690973,2.2,9.4,,,,1
1919-04,Canada,2016A000011124,All-items,2002=100,17,units,0,v41690973,2.2,9.4,,,,1
1919-05,Canada,2016A000011124,All-items,2002=100,17,units,0,v41690973,2.2,9.7,,,,1
1919-06,Canada,2016A000011124,All-items,2002=100,17,units,0,v41690973,2.2,9.7,,,,1
1919-07,Canada,2016A000011124,All-items,2002=100,17,units,0,v41690973,2.2,9.8,,,,1
1919-08,Canada,2016A000011124,All-items,2002=100,17,units,0,v41690973,2.2,10.0,,,,1
1919-09,Canada,2016A000011124,All-items,2002=100,17,units,0,v41690973,2.2,10.0,,,,1
1919-10,Canada,2016A000011124,All-items,2002=100,17,units,0,v41690973,2.2,10.0,,,,1
1919-11,Canada,2016A000011124,All-items,2002=100,17,units,0,v41690973,2.2,10.1,,,,1
1919-12,Canada,2016A000011124,All-items,2002=100,17,units,0,v41690973,2.2,10.2,,,,1
1920-01,Canada,2016A000011124,All-items,2002=100,17,units,0,v41690973,2.2,10.6,,,,1
1920-02,Canada,2016A000011124,All-items,2002=100,17,units,0,v41690973,2.2,10.8,,,,1
1920-03,Canada,2016A000011124,All-items,2002=100,17,units,0,v41690973,2.2,11.2,,,,1
1920-04,Canada,2016A000011124,All-items,2002=100,17,units,0,v41690973,2.2,11.3,,,,1
1920-05,Canada,2016A000011124,All-items,2002=100,17,units,0,v41690973,2.2,11.6,,,,1
1920-06,Canada,2016A000011124,All-items,2002=100,17,units,0,v41690973,2.2,11.8,,,,1
1920-07,Canada,2016A000011124,All-items,2002=100,17,units,0,v41690973,2.2,11.8,,,,1
1920-08,Canada,2016A000011124,All-items,2002=100,17,units,0,v41690973,2.2,11.7,,,,1
1920-09,Canada,2016A000011124,All-items,2002=100,17,units,0,v41690973,2.2,11.5,,,,1
1920-10,Canada,2016A000011124,All-items,2002=100,17,units,0,v41690973,2.2,11.5,,,,1
1920-11,Canada,2016A000011124,All-items,2002=100,17,units,0,v41690973,2.2,11.3,,,,1
1920-12,Canada,2016A000011124,All-items,2002=100,17,units,0,v41690973,2.2,11.2,,,,1
1921-01,Canada,2016A000011124,All-items,2002=100,17,units,0,v41690973,2.2,11.0,,,,1
1921-02,Canada,2016A000011124,All-items,2002=100,17,units,0,v41690973,2.2,10.8,,,,1
1921-03,Canada,2016A000011124,All-items,2002=100,17,units,0,v41690973,2.2,10.5,,,,1
1921-04,Canada,2016A000011124,All-items,2002=100,17,units,0,v41690973,2.2,10.2,,,,1
1921-05,Canada,2016A000011124,All-items,2002=100,17,units,0,v41690973,2.2,10.0,,,,1
1921-06,Canada,2016A000011124,All-items,2002=100,17,units,0,v41690973,2.2,9.7,,,,1
1921-07,Canada,2016A000011124,All-items,2002=100,17,units,0,v41690973,2.2,9.7,,,,1
1921-08,Canada,2016A000011124,All-items,2002=100,17,units,0,v41690973,2.2,9.7,,,,1
1921-09,Canada,2016A000011124,All-items,2002=100,17,units,0,v41690973,2.2,9.7,,,,1
1921-10,Canada,2016A000011124,All-items,2002=100,17,units,0,v41690973,2.2,9.7,,,,1
1921-11,Canada,2016A000011124,All-items,2002=100,17,units,0,v41690973,2.2,9.4,,,,1
1921-12,Canada,2016A000011124,All-items,2002=100,17,units,0,v41690973,2.2,9.4,,,,1
1922-01,Canada,2016A000011124,All-items,2002=100,17,units,0,v41690973,2.2,9.4,,,,1
1922-02,Canada,2016A000011124,All-items,2002=100,17,units,0,v41690973,2.2,9.3,,,,1
1922-03,Canada,2016A000011124,All-items,2002=100,17,units,0,v41690973,2.2,9.2,,,,1
1922-04,Canada,2016A000011124,All-items,2002=100,17,units,0,v41690973,2.2,9.2,,,,1
1922-05,Canada,2016A000011124,All-items,2002=100,17,units,0,v41690973,2.2,9.1,,,,1
1922-06,Canada,2016A000011124,All-items,2002=100,17,units,0,v41690973,2.2,9.1,,,,1
1922-07,Canada,2016A000011124,All-items,2002=100,17,units,0,v41690973,2.2,9.1,,,,1
1922-08,Canada,2016A000011124,All-items,2002=100,17,units,0,v41690973,2.2,9.2,,,,1
1922-09,Canada,2016A000011124,All-items,2002=100,17,units,0,v41690973,2.2,9.2,,,,1
1922-10,Canada,2016A000011124,All-items,2002=100,17,units,0,v41690973,2.2,9.2,,,,1
1922-11,Canada,2016A000011124,All-items,2002=100,17,units,0,v41690973,2.2,9.2,,,,1
1922-12,Canada,2016A000011124,All-items,2002=100,17,units,0,v41690973,2.2,9.2,,,,1
1923-01,Canada,2016A000011124,All-items,2002=100,17,units,0,v41690973,2.2,9.2,,,,1
1923-02,Canada,2016A000011124,All-items,2002=100,17,units,0,v41690973,2.2,9.2,,,,1
1923-03,Canada,2016A000011124,All-items,2002=100,17,units,0,v41690973,2.2,9.3,,,,1
1923-04,Canada,2016A000011124,All-items,2002=100,17,units,0,v41690973,2.2,9.2,,,,1
1923-05,Canada,2016A000011124,All-items,2002=100,17,units,0,v41690973,2.2,9.2,,,,1
1923-06,Canada,2016A000011124,All-items,2002=100,17,units,0,v41690973,2.2,9.2,,,,1
1923-07,Canada,2016A000011124,All-items,2002=100,17,units,0,v41690973,2.2,9.1,,,,1
1923-08,Canada,2016A000011124,All-items,2002=100,17,units,0,v41690973,2.2,9.2,,,,1
1923-09,Canada,2016A000011124,All-items,2002=100,17,units,0,v41690973,2.2,9.2,,,,1
1923-10,Canada,2016A000011124,All-items,2002=100,17,units,0,v41690973,2.2,9.2,,,,1
1923-11,Canada,2016A000011124,All-items,2002=100,17,units,0,v41690973,2.2,9.2,,,,1
1923-12,Canada,2016A000011124,All-items,2002=100,17,units,0,v41690973,2.2,9.2,,,,1
1924-01,Canada,2016A000011124,All-items,2002=100,17,units,0,v41690973,2.2,9.2,,,,1
1924-02,Canada,2016A000011124,All-items,2002=100,17,units,0,v41690973,2.2,9.2,,,,1
1924-03,Canada,2016A000011124,All-items,2002=100,17,units,0,v41690973,2.2,9.2,,,,1
1924-04,Canada,2016A000011124,All-items,2002=100,17,units,0,v41690973,2.2,9.0,,,,1
1924-05,Canada,2016A000011124,All-items,2002=100,17,units,0,v41690973,2.2,8.9,,,,1
1924-06,Canada,2016A000011124,All-items,2002=100,17,units,0,v41690973,2.2,8.8,,,,1
1924-07,Canada,2016A000011124,All-items,2002=100,17,units,0,v41690973,2.2,8.8,,,,1
1924-08,Canada,2016A000011124,All-items,2002=100,17,units,0,v41690973,2.2,9.0,,,,1
1924-09,Canada,2016A000011124,All-items,2002=100,17,units,0,v41690973,2.2,9.0,,,,1
1924-10,Canada,2016A000011124,All-items,2002=100,17,units,0,v41690973,2.2,9.0,,,,1
1924-11,Canada,2016A000011124,All-items,2002=100,17,units,0,v41690973,2.2,9.1,,,,1
1924-12,Canada,2016A000011124,All-items,2002=100,17,units,0,v41690973,2.2,9.1,,,,1
1925-01,Canada,2016A000011124,All-items,2002=100,17,units,0,v41690973,2.2,9.2,,,,1
1925-02,Canada,2016A000011124,All-items,2002=100,17,units,0,v41690973,2.2,9.2,,,,1
1925-03,Canada,2016A000011124,All-items,2002=100,17,units,0,v41690973,2.2,9.2,,,,1
1925-04,Canada,2016A000011124,All-items,2002=100,17,units,0,v41690973,2.2,9.1,,,,1
1925-05,Canada,2016A000011124,All-items,2002=100,17,units,0,v41690973,2.2,9.0,,,,1
1925-06,Canada,2016A000011124,All-items,2002=100,17,units,0,v41690973,2.2,9.0,,,,1
1925-07,Canada,2016A000011124,All-items,2002=100,17,units,0,v41690973,2.2,9.0,,,,1
1925-08,Canada,2016A000011124,All-items,2002=100,17,units,0,v41690973,2.2,9.1,,,,1
1925-09,Canada,2016A000011124,All-items,2002=100,17,units,0,v41690973,2.2,9.1,,,,1
1925-10,Canada,2016A000011124,All-items,2002=100,17,units,0,v41690973,2.2,9.2,,,,1
1925-11,Canada,2016A000011124,All-items,2002=100,17,units,0,v41690973,2.2,9.2,,,,1
1925-12,Canada,2016A000011124,All-items,2002=100,17,units,0,v41690973,2.2,9.3,,,,1
1926-01,Canada,2016A000011124,All-items,2002=100,17,units,0,v41690973,2.2,9.2,,,,1
1926-02,Canada,2016A000011124,All-items,2002=100,17,units,0,v41690973,2.2,9.2,,,,1
1926-03,Canada,2016A000011124,All-items,2002=100,17,units,0,v41690973,2.2,9.2,,,,1
1926-04,Canada,2016A000011124,All-items,2002=100,17,units,0,v41690973,2.2,9.2,,,,1
1926-05,Canada,2016A000011124,All-items,2002=100,17,units,0,v41690973,2.2,9.2,,,,1
1926-06,Canada,2016A000011124,All-items,2002=100,17,units,0,v41690973,2.2,9.2,,,,1
1926-07,Canada,2016A000011124,All-items,2002=100,17,units,0,v41690973,2.2,9.2,,,,1
1926-08,Canada,2016A000011124,All-items,2002=100,17,units,0,v41690973,2.2,9.2,,,,1
1926-09,Canada,2016A000011124,All-items,2002=100,17,units,0,v41690973,2.2,9.2,,,,1
1926-10,Canada,2016A000011124,All-items,2002=100,17,units,0,v41690973,2.2,9.2,,,,1
1926-11,Canada,2016A000011124,All-items,2002=100,17,units,0,v41690973,2.2,9.2,,,,1
1926-12,Canada,2016A000011124,All-items,2002=100,17,units,0,v41690973,2.2,9.2,,,,1
1927-01,Canada,2016A000011124,All-items,2002=100,17,units,0,v41690973,2.2,9.2,,,,1
1927-02,Canada,2016A000011124,All-items,2002=100,17,units,0,v41690973,2.2,9.2,,,,1
1927-03,Canada,2016A000011124,All-items,2002=100,17,units,0,v41690973,2.2,9.1,,,,1
1927-04,Canada,2016A000011124,All-items,2002=100,17,units,0,v41690973,2.2,9.0,,,,1
1927-05,Canada,2016A000011124,All-items,2002=100,17,units,0,v41690973,2.2,9.0,,,,1
1927-06,Canada,2016A000011124,All-items,2002=100,17,units,0,v41690973,2.2,9.0,,,,1
1927-07,Canada,2016A000011124,All-items,2002=100,17,units,0,v41690973,2.2,9.1,,,,1
1927-08,Canada,2016A000011124,All-items,2002=100,17,units,0,v41690973,2.2,9.0,,,,1
1927-09,Canada,2016A000011124,All-items,2002=100,17,units,0,v41690973,2.2,9.0,,,,1
1927-10,Canada,2016A000011124,All-items,2002=100,17,units,0,v41690973,2.2,9.0,,,,1
1927-11,Canada,2016A000011124,All-items,2002=100,17,units,0,v41690973,2.2,9.1,,,,1
1927-12,Canada,2016A000011124,All-items,2002=100,17,units,0,v41690973,2.2,9.1,,,,1
1928-01,Canada,2016A000011124,All-items,2002=100,17,units,0,v41690973,2.2,9.2,,,,1
1928-02,Canada,2016A000011124,All-items,2002=100,17,units,0,v41690973,2.2,9.2,,,,1
1928-03,Canada,2016A000011124,All-items,2002=100,17,units,0,v41690973,2.2,9.1,,,,1
1928-04,Canada,2016A000011124,All-items,2002=100,17,units,0,v41690973,2.2,9.1,,,,1
1928-05,Canada,2016A000011124,All-items,2002=100,17,units,0,v41690973,2.2,9.0,,,,1
1928-06,Canada,2016A000011124,All-items,2002=100,17,units,0,v41690973,2.2,9.0,,,,1
1928-07,Canada,2016A000011124,All-items,2002=100,17,units,0,v41690973,2.2,9.0,,,,1
1928-08,Canada,2016A000011124,All-items,2002=100,17,units,0,v41690973,2.2,9.2,,,,1
1928-09,Canada,2016A000011124,All-items,2002=100,17,units,0,v41690973,2.2,9.2,,,,1
1928-10,Canada,2016A000011124,All-items,2002=100,17,units,0,v41690973,2.2,9.2,,,,1
1928-11,Canada,2016A000011124,All-items,2002=100,17,units,0,v41690973,2.2,9.2,,,,1
1928-12,Canada,2016A000011124,All-items,2002=100,17,units,0,v41690973,2.2,9.2,,,,1
1929-01,Canada,2016A000011124,All-items,2002=100,17,units,0,v41690973,2.2,9.2,,,,1
1929-02,Canada,2016A000011124,All-items,2002=100,17,units,0,v41690973,2.2,9.2,,,,1
1929-03,Canada,2016A000011124,All-items,2002=100,17,units,0,v41690973,2.2,9.2,,,,1
1929-04,Canada,2016A000011124,All-items,2002=100,17,units,0,v41690973,2.2,9.1,,,,1
1929-05,Canada,2016A000011124,All-items,2002=100,17,units,0,v41690973,2.2,9.2,,,,1
1929-06,Canada,2016A000011124,All-items,2002=100,17,units,0,v41690973,2.2,9.2,,,,1
1929-07,Canada,2016A000011124,All-items,2002=100,17,units,0,v41690973,2.2,9.2,,,,1
1929-08,Canada,2016A000011124,All-items,2002=100,17,units,0,v41690973,2.2,9.2,,,,1
1929-09,Canada,2016A000011124,All-items,2002=100,17,units,0,v41690973,2.2,9.2,,,,1
1929-10,Canada,2016A000011124,All-items,2002=100,17,units,0,v41690973,2.2,9.3,,,,1
1929-11,Canada,2016A000011124,All-items,2002=100,17,units,0,v41690973,2.2,9.3,,,,1
1929-12,Canada,2016A000011124,All-items,2002=100,17,units,0,v41690973,2.2,9.4,,,,1
1930-01,Canada,2016A000011124,All-items,2002=100,17,units,0,v41690973,2.2,9.4,,,,1
1930-02,Canada,2016A000011124,All-items,2002=100,17,units,0,v41690973,2.2,9.4,,,,1
1930-03,Canada,2016A000011124,All-items,2002=100,17,units,0,v41690973,2.2,9.3,,,,1
1930-04,Canada,2016A000011124,All-items,2002=100,17,units,0,v41690973,2.2,9.2,,,,1
1930-05,Canada,2016A000011124,All-items,2002=100,17,units,0,v41690973,2.2,9.2,,,,1
1930-06,Canada,2016A000011124,All-items,2002=100,17,units,0,v41690973,2.2,9.2,,,,1
1930-07,Canada,2016A000011124,All-items,2002=100,17,units,0,v41690973,2.2,9.2,,,,1
1930-08,Canada,2016A000011124,All-items,2002=100,17,units,0,v41690973,2.2,9.2,,,,1
1930-09,Canada,2016A000011124,All-items,2002=100,17,units,0,v41690973,2.2,8.9,,,,1
1930-10,Canada,2016A000011124,All-items,2002=100,17,units,0,v41690973,2.2,8.9,,,,1
1930-11,Canada,2016A000011124,All-items,2002=100,17,units,0,v41690973,2.2,8.9,,,,1
1930-12,Canada,2016A000011124,All-items,2002=100,17,units,0,v41690973,2.2,8.8,,,,1
1931-01,Canada,2016A000011124,All-items,2002=100,17,units,0,v41690973,2.2,8.7,,,,1
1931-02,Canada,2016A000011124,All-items,2002=100,17,units,0,v41690973,2.2,8.6,,,,1
1931-03,Canada,2016A000011124,All-items,2002=100,17,units,0,v41690973,2.2,8.5,,,,1
1931-04,Canada,2016A000011124,All-items,2002=100,17,units,0,v41690973,2.2,8.4,,,,1
1931-05,Canada,2016A000011124,All-items,2002=100,17,units,0,v41690973,2.2,8.3,,,,1
1931-06,Canada,2016A000011124,All-items,2002=100,17,units,0,v41690973,2.2,8.2,,,,1
1931-07,Canada,2016A000011124,All-items,2002=100,17,units,0,v41690973,2.2,8.1,,,,1
1931-08,Canada,2016A000011124,All-items,2002=100,17,units,0,v41690973,2.2,8.2,,,,1
1931-09,Canada,2016A000011124,All-items,2002=100,17,units,0,v41690973,2.2,8.1,,,,1
1931-10,Canada,2016A000011124,All-items,2002=100,17,units,0,v41690973,2.2,7.9,,,,1
1931-11,Canada,2016A000011124,All-items,2002=100,17,units,0,v41690973,2.2,7.9,,,,1
1931-12,Canada,2016A000011124,All-items,2002=100,17,units,0,v41690973,2.2,7.9,,,,1
1932-01,Canada,2016A000011124,All-items,2002=100,17,units,0,v41690973,2.2,7.8,,,,1
1932-02,Canada,2016A000011124,All-items,2002=100,17,units,0,v41690973,2.2,7.6,,,,1
1932-03,Canada,2016A000011124,All-items,2002=100,17,units,0,v41690973,2.2,7.6,,,,1
1932-04,Canada,2016A000011124,All-items,2002=100,17,units,0,v41690973,2.2,7.6,,,,1
1932-05,Canada,2016A000011124,All-items,2002=100,17,units,0,v41690973,2.2,7.4,,,,1
1932-06,Canada,2016A000011124,All-items,2002=100,17,units,0,v41690973,2.2,7.4,,,,1
1932-07,Canada,2016A000011124,All-items,2002=100,17,units,0,v41690973,2.2,7.4,,,,1
1932-08,Canada,2016A000011124,All-items,2002=100,17,units,0,v41690973,2.2,7.4,,,,1
1932-09,Canada,2016A000011124,All-items,2002=100,17,units,0,v41690973,2.2,7.4,,,,1
1932-10,Canada,2016A000011124,All-items,2002=100,17,units,0,v41690973,2.2,7.3,,,,1
1932-11,Canada,2016A000011124,All-items,2002=100,17,units,0,v41690973,2.2,7.3,,,,1
1932-12,Canada,2016A000011124,All-items,2002=100,17,units,0,v41690973,2.2,7.3,,,,1
1933-01,Canada,2016A000011124,All-items,2002=100,17,units,0,v41690973,2.2,7.2,,,,1
1933-02,Canada,2016A000011124,All-items,2002=100,17,units,0,v41690973,2.2,7.2,,,,1
1933-03,Canada,2016A000011124,All-items,2002=100,17,units,0,v41690973,2.2,7.1,,,,1
1933-04,Canada,2016A000011124,All-items,2002=100,17,units,0,v41690973,2.2,7.1,,,,1
1933-05,Canada,2016A000011124,All-items,2002=100,17,units,0,v41690973,2.2,7.1,,,,1
1933-06,Canada,2016A000011124,All-items,2002=100,17,units,0,v41690973,2.2,7.1,,,,1
1933-07,Canada,2016A000011124,All-items,2002=100,17,units,0,v41690973,2.2,7.1,,,,1
1933-08,Canada,2016A000011124,All-items,2002=100,17,units,0,v41690973,2.2,7.2,,,,1
1933-09,Canada,2016A000011124,All-items,2002=100,17,units,0,v41690973,2.2,7.2,,,,1
1933-10,Canada,2016A000011124,All-items,2002=100,17,units,0,v41690973,2.2,7.1,,,,1
1933-11,Canada,2016A000011124,All-items,2002=100,17,units,0,v41690973,2.2,7.1,,,,1
1933-12,Canada,2016A000011124,All-items,2002=100,17,units,0,v41690973,2.2,7.1,,,,1
1934-01,Canada,2016A000011124,All-items,2002=100,17,units,0,v41690973,2.2,7.2,,,,1
1934-02,Canada,2016A000011124,All-items,2002=100,17,units,0,v41690973,2.2,7.2,,,,1
1934-03,Canada,2016A000011124,All-items,2002=100,17,units,0,v41690973,2.2,7.3,,,,1
1934-04,Canada,2016A000011124,All-items,2002=100,17,units,0,v41690973,2.2,7.3,,,,1
1934-05,Canada,2016A000011124,All-items,2002=100,17,units,0,v41690973,2.2,7.2,,,,1
1934-06,Canada,2016A000011124,All-items,2002=100,17,units,0,v41690973,2.2,7.2,,,,1
1934-07,Canada,2016A000011124,All-items,2002=100,17,units,0,v41690973,2.2,7.2,,,,1
1934-08,Canada,2016A000011124,All-items,2002=100,17,units,0,v41690973,2.2,7.2,,,,1
1934-09,Canada,2016A000011124,All-items,2002=100,17,units,0,v41690973,2.2,7.2,,,,1
1934-10,Canada,2016A000011124,All-items,2002=100,17,units,0,v41690973,2.2,7.2,,,,1
1934-11,Canada,2016A000011124,All-items,2002=100,17,units,0,v41690973,2.2,7.2,,,,1
1934-12,Canada,2016A000011124,All-items,2002=100,17,units,0,v41690973,2.2,7.2,,,,1
1935-01,Canada,2016A000011124,All-items,2002=100,17,units,0,v41690973,2.2,7.2,,,,1
1935-02,Canada,2016A000011124,All-items,2002=100,17,units,0,v41690973,2.2,7.2,,,,1
1935-03,Canada,2016A000011124,All-items,2002=100,17,units,0,v41690973,2.2,7.2,,,,1
1935-04,Canada,2016A000011124,All-items,2002=100,17,units,0,v41690973,2.2,7.2,,,,1
1935-05,Canada,2016A000011124,All-items,2002=100,17,units,0,v41690973,2.2,7.2,,,,1
1935-06,Canada,2016A000011124,All-items,2002=100,17,units,0,v41690973,2.2,7.2,,,,1
1935-07,Canada,2016A000011124,All-items,2002=100,17,units,0,v41690973,2.2,7.2,,,,1
1935-08,Canada,2016A000011124,All-items,2002=100,17,units,0,v41690973,2.2,7.2,,,,1
1935-09,Canada,2016A000011124,All-items,2002=100,17,units,0,v41690973,2.2,7.3,,,,1
1935-10,Canada,2016A000011124,All-items,2002=100,17,units,0,v41690973,2.2,7.3,,,,1
1935-11,Canada,2016A000011124,All-items,2002=100,17,units,0,v41690973,2.2,7.4,,,,1
1935-12,Canada,2016A000011124,All-items,2002=100,17,units,0,v41690973,2.2,7.4,,,,1
1936-01,Canada,2016A000011124,All-items,2002=100,17,units,0,v41690973,2.2,7.4,,,,1
1936-02,Canada,2016A000011124,All-items,2002=100,17,units,0,v41690973,2.2,7.4,,,,1
1936-03,Canada,2016A000011124,All-items,2002=100,17,units,0,v41690973,2.2,7.4,,,,1
1936-04,Canada,2016A000011124,All-items,2002=100,17,units,0,v41690973,2.2,7.3,,,,1
1936-05,Canada,2016A000011124,All-items,2002=100,17,units,0,v41690973,2.2,7.3,,,,1
1936-06,Canada,2016A000011124,All-items,2002=100,17,units,0,v41690973,2.2,7.3,,,,1
1936-07,Canada,2016A000011124,All-items,2002=100,17,units,0,v41690973,2.2,7.4,,,,1
1936-08,Canada,2016A000011124,All-items,2002=100,17,units,0,v41690973,2.2,7.4,,,,1
1936-09,Canada,2016A000011124,All-items,2002=100,17,units,0,v41690973,2.2,7.4,,,,1
1936-10,Canada,2016A000011124,All-items,2002=100,17,units,0,v41690973,2.2,7.5,,,,1
1936-11,Canada,2016A000011124,All-items,2002=100,17,units,0,v41690973,2.2,7.5,,,,1
1936-12,Canada,2016A000011124,All-items,2002=100,17,units,0,v41690973,2.2,7.5,,,,1
1937-01,Canada,2016A000011124,All-items,2002=100,17,units,0,v41690973,2.2,7.6,,,,1
1937-02,Canada,2016A000011124,All-items,2002=100,17,units,0,v41690973,2.2,7.6,,,,1
1937-03,Canada,2016A000011124,All-items,2002=100,17,units,0,v41690973,2.2,7.6,,,,1
1937-04,Canada,2016A000011124,All-items,2002=100,17,units,0,v41690973,2.2,7.6,,,,1
1937-05,Canada,2016A000011124,All-items,2002=100,17,units,0,v41690973,2.2,7.6,,,,1
1937-06,Canada,2016A000011124,All-items,2002=100,17,units,0,v41690973,2.2,7.6,,,,1
1937-07,Canada,2016A000011124,All-items,2002=100,17,units,0,v41690973,2.2,7.6,,,,1
1937-08,Canada,2016A000011124,All-items,2002=100,17,units,0,v41690973,2.2,7.7,,,,1
1937-09,Canada,2016A000011124,All-items,2002=100,17,units,0,v41690973,2.2,7.7,,,,1
1937-10,Canada,2016A000011124,All-items,2002=100,17,units,0,v41690973,2.2,7.8,,,,1
1937-11,Canada,2016A000011124,All-items,2002=100,17,units,0,v41690973,2.2,7.8,,,,1
1937-12,Canada,2016A000011124,All-items,2002=100,17,units,0,v41690973,2.2,7.8,,,,1
1938-01,Canada,2016A000011124,All-items,2002=100,17,units,0,v41690973,2.2,7.7,,,,1
1938-02,Canada,2016A000011124,All-items,2002=100,17,units,0,v41690973,2.2,7.7,,,,1
1938-03,Canada,2016A000011124,All-items,2002=100,17,units,0,v41690973,2.2,7.8,,,,1
1938-04,Canada,2016A000011124,All-items,2002=100,17,units,0,v41690973,2.2,7.8,,,,1
1938-05,Canada,2016A000011124,All-items,2002=100,17,units,0,v41690973,2.2,7.7,,,,1
1938-06,Canada,2016A000011124,All-items,2002=100,17,units,0,v41690973,2.2,7.7,,,,1
1938-07,Canada,2016A000011124,All-items,2002=100,17,units,0,v41690973,2.2,7.8,,,,1
1938-08,Canada,2016A000011124,All-items,2002=100,17,units,0,v41690973,2.2,7.8,,,,1
1938-09,Canada,2016A000011124,All-items,2002=100,17,units,0,v41690973,2.2,7.7,,,,1
1938-10,Canada,2016A000011124,All-items,2002=100,17,units,0,v41690973,2.2,7.6,,,,1
1938-11,Canada,2016A000011124,All-items,2002=100,17,units,0,v41690973,2.2,7.6,,,,1
1938-12,Canada,2016A000011124,All-items,2002=100,17,units,0,v41690973,2.2,7.6,,,,1
1939-01,Canada,2016A000011124,All-items,2002=100,17,units,0,v41690973,2.2,7.6,,,,1
1939-02,Canada,2016A000011124,All-items,2002=100,17,units,0,v41690973,2.2,7.6,,,,1
1939-03,Canada,2016A000011124,All-items,2002=100,17,units,0,v41690973,2.2,7.6,,,,1
1939-04,Canada,2016A000011124,All-items,2002=100,17,units,0,v41690973,2.2,7.6,,,,1
1939-05,Canada,2016A000011124,All-items,2002=100,17,units,0,v41690973,2.2,7.6,,,,1
1939-06,Canada,2016A000011124,All-items,2002=100,17,units,0,v41690973,2.2,7.6,,,,1
1939-07,Canada,2016A000011124,All-items,2002=100,17,units,0,v41690973,2.2,7.6,,,,1
1939-08,Canada,2016A000011124,All-items,2002=100,17,units,0,v41690973,2.2,7.6,,,,1
1939-09,Canada,2016A000011124,All-items,2002=100,17,units,0,v41690973,2.2,7.6,,,,1
1939-10,Canada,2016A000011124,All-items,2002=100,17,units,0,v41690973,2.2,7.8,,,,1
1939-11,Canada,2016A000011124,All-items,2002=100,17,units,0,v41690973,2.2,7.8,,,,1
1939-12,Canada,2016A000011124,All-items,2002=100,17,units,0,v41690973,2.2,7.8,,,,1
1940-01,Canada,2016A000011124,All-items,2002=100,17,units,0,v41690973,2.2,7.8,,,,1
1940-02,Canada,2016A000011124,All-items,2002=100,17,units,0,v41690973,2.2,7.8,,,,1
1940-03,Canada,2016A000011124,All-items,2002=100,17,units,0,v41690973,2.2,7.9,,,,1
1940-04,Canada,2016A000011124,All-items,2002=100,17,units,0,v41690973,2.2,7.9,,,,1
1940-05,Canada,2016A000011124,All-items,2002=100,17,units,0,v41690973,2.2,7.9,,,,1
1940-06,Canada,2016A000011124,All-items,2002=100,17,units,0,v41690973,2.2,7.9,,,,1
1940-07,Canada,2016A000011124,All-items,2002=100,17,units,0,v41690973,2.2,8.0,,,,1
1940-08,Canada,2016A000011124,All-items,2002=100,17,units,0,v41690973,2.2,8.0,,,,1
1940-09,Canada,2016A000011124,All-items,2002=100,17,units,0,v41690973,2.2,8.1,,,,1
1940-10,Canada,2016A000011124,All-items,2002=100,17,units,0,v41690973,2.2,8.1,,,,1
1940-11,Canada,2016A000011124,All-items,2002=100,17,units,0,v41690973,2.2,8.1,,,,1
1940-12,Canada,2016A000011124,All-items,2002=100,17,units,0,v41690973,2.2,8.2,,,,1
1941-01,Canada,2016A000011124,All-items,2002=100,17,units,0,v41690973,2.2,8.2,,,,1
1941-02,Canada,2016A000011124,All-items,2002=100,17,units,0,v41690973,2.2,8.2,,,,1
1941-03,Canada,2016A000011124,All-items,2002=100,17,units,0,v41690973,2.2,8.2,,,,1
1941-04,Canada,2016A000011124,All-items,2002=100,17,units,0,v41690973,2.2,8.2,,,,1
1941-05,Canada,2016A000011124,All-items,2002=100,17,units,0,v41690973,2.2,8.2,,,,1
1941-06,Canada,2016A000011124,All-items,2002=100,17,units,0,v41690973,2.2,8.4,,,,1
1941-07,Canada,2016A000011124,All-items,2002=100,17,units,0,v41690973,2.2,8.5,,,,1
1941-08,Canada,2016A000011124,All-items,2002=100,17,units,0,v41690973,2.2,8.6,,,,1
1941-09,Canada,2016A000011124,All-items,2002=100,17,units,0,v41690973,2.2,8.7,,,,1
1941-10,Canada,2016A000011124,All-items,2002=100,17,units,0,v41690973,2.2,8.7,,,,1
1941-11,Canada,2016A000011124,All-items,2002=100,17,units,0,v41690973,2.2,8.8,,,,1
1941-12,Canada,2016A000011124,All-items,2002=100,17,units,0,v41690973,2.2,8.7,,,,1
1942-01,Canada,2016A000011124,All-items,2002=100,17,units,0,v41690973,2.2,8.7,,,,1
1942-02,Canada,2016A000011124,All-items,2002=100,17,units,0,v41690973,2.2,8.7,,,,1
1942-03,Canada,2016A000011124,All-items,2002=100,17,units,0,v41690973,2.2,8.8,,,,1
1942-04,Canada,2016A000011124,All-items,2002=100,17,units,0,v41690973,2.2,8.8,,,,1
1942-05,Canada,2016A000011124,All-items,2002=100,17,units,0,v41690973,2.2,8.8,,,,1
1942-06,Canada,2016A000011124,All-items,2002=100,17,units,0,v41690973,2.2,8.8,,,,1
1942-07,Canada,2016A000011124,All-items,2002=100,17,units,0,v41690973,2.2,8.9,,,,1
1942-08,Canada,2016A000011124,All-items,2002=100,17,units,0,v41690973,2.2,8.9,,,,1
1942-09,Canada,2016A000011124,All-items,2002=100,17,units,0,v41690973,2.2,8.8,,,,1
1942-10,Canada,2016A000011124,All-items,2002=100,17,units,0,v41690973,2.2,8.9,,,,1
1942-11,Canada,2016A000011124,All-items,2002=100,17,units,0,v41690973,2.2,9.0,,,,1
1942-12,Canada,2016A000011124,All-items,2002=100,17,units,0,v41690973,2.2,9.0,,,,1
1943-01,Canada,2016A000011124,All-items,2002=100,17,units,0,v41690973,2.2,8.8,,,,1
1943-02,Canada,2016A000011124,All-items,2002=100,17,units,0,v41690973,2.2,8.8,,,,1
1943-03,Canada,2016A000011124,All-items,2002=100,17,units,0,v41690973,2.2,8.8,,,,1
1943-04,Canada,2016A000011124,All-items,2002=100,17,units,0,v41690973,2.2,9.0,,,,1
1943-05,Canada,2016A000011124,All-items,2002=100,17,units,0,v41690973,2.2,9.0,,,,1
1943-06,Canada,2016A000011124,All-items,2002=100,17,units,0,v41690973,2.2,9.0,,,,1
1943-07,Canada,2016A000011124,All-items,2002=100,17,units,0,v41690973,2.2,9.1,,,,1
1943-08,Canada,2016A000011124,All-items,2002=100,17,units,0,v41690973,2.2,9.1,,,,1
1943-09,Canada,2016A000011124,All-items,2002=100,17,units,0,v41690973,2.2,9.2,,,,1
1943-10,Canada,2016A000011124,All-items,2002=100,17,units,0,v41690973,2.2,9.2,,,,1
1943-11,Canada,2016A000011124,All-items,2002=100,17,units,0,v41690973,2.2,9.2,,,,1
1943-12,Canada,2016A000011124,All-items,2002=100,17,units,0,v41690973,2.2,9.2,,,,1
1944-01,Canada,2016A000011124,All-items,2002=100,17,units,0,v41690973,2.2,9.1,,,,1
1944-02,Canada,2016A000011124,All-items,2002=100,17,units,0,v41690973,2.2,9.1,,,,1
1944-03,Canada,2016A000011124,All-items,2002=100,17,units,0,v41690973,2.2,9.1,,,,1
1944-04,Canada,2016A000011124,All-items,2002=100,17,units,0,v41690973,2.2,9.1,,,,1
1944-05,Canada,2016A000011124,All-items,2002=100,17,units,0,v41690973,2.2,9.1,,,,1
1944-06,Canada,2016A000011124,All-items,2002=100,17,units,0,v41690973,2.2,9.1,,,,1
1944-07,Canada,2016A000011124,All-items,2002=100,17,units,0,v41690973,2.2,9.1,,,,1
1944-08,Canada,2016A000011124,All-items,2002=100,17,units,0,v41690973,2.2,9.1,,,,1
1944-09,Canada,2016A000011124,All-items,2002=100,17,units,0,v41690973,2.2,9.1,,,,1
1944-10,Canada,2016A000011124,All-items,2002=100,17,units,0,v41690973,2.2,9.1,,,,1
1944-11,Canada,2016A000011124,All-items,2002=100,17,units,0,v41690973,2.2,9.1,,,,1
1944-12,Canada,2016A000011124,All-items,2002=100,17,units,0,v41690973,2.2,9.0,,,,1
1945-01,Canada,2016A000011124,All-items,2002=100,17,units,0,v41690973,2.2,9.0,,,,1
1945-02,Canada,2016A000011124,All-items,2002=100,17,units,0,v41690973,2.2,9.1,,,,1
1945-03,Canada,2016A000011124,All-items,2002=100,17,units,0,v41690973,2.2,9.1,,,,1
1945-04,Canada,2016A000011124,All-items,2002=100,17,units,0,v41690973,2.2,9.1,,,,1
1945-05,Canada,2016A000011124,All-items,2002=100,17,units,0,v41690973,2.2,9.1,,,,1
1945-06,Canada,2016A000011124,All-items,2002=100,17,units,0,v41690973,2.2,9.2,,,,1
1945-07,Canada,2016A000011124,All-items,2002=100,17,units,0,v41690973,2.2,9.2,,,,1
1945-08,Canada,2016A000011124,All-items,2002=100,17,units,0,v41690973,2.2,9.2,,,,1
1945-09,Canada,2016A000011124,All-items,2002=100,17,units,0,v41690973,2.2,9.2,,,,1
1945-10,Canada,2016A000011124,All-items,2002=100,17,units,0,v41690973,2.2,9.2,,,,1
1945-11,Canada,2016A000011124,All-items,2002=100,17,units,0,v41690973,2.2,9.2,,,,1
1945-12,Canada,2016A000011124,All-items,2002=100,17,units,0,v41690973,2.2,9.2,,,,1
1946-01,Canada,2016A000011124,All-items,2002=100,17,units,0,v41690973,2.2,9.2,,,,1
1946-02,Canada,2016A000011124,All-items,2002=100,17,units,0,v41690973,2.2,9.2,,,,1
1946-03,Canada,2016A000011124,All-items,2002=100,17,units,0,v41690973,2.2,9.2,,,,1
1946-04,Canada,2016A000011124,All-items,2002=100,17,units,0,v41690973,2.2,9.2,,,,1
1946-05,Canada,2016A000011124,All-items,2002=100,17,units,0,v41690973,2.2,9.2,,,,1
1946-06,Canada,2016A000011124,All-items,2002=100,17,units,0,v41690973,2.2,9.4,,,,1
1946-07,Canada,2016A000011124,All-items,2002=100,17,units,0,v41690973,2.2,9.5,,,,1
1946-08,Canada,2016A000011124,All-items,2002=100,17,units,0,v41690973,2.2,9.6,,,,1
1946-09,Canada,2016A000011124,All-items,2002=100,17,units,0,v41690973,2.2,9.6,,,,1
1946-10,Canada,2016A000011124,All-items,2002=100,17,units,0,v41690973,2.2,9.7,,,,1
1946-11,Canada,2016A000011124,All-items,2002=100,17,units,0,v41690973,2.2,9.7,,,,1
1946-12,Canada,2016A000011124,All-items,2002=100,17,units,0,v41690973,2.2,9.7,,,,1
1947-01,Canada,2016A000011124,All-items,2002=100,17,units,0,v41690973,2.2,9.7,,,,1
1947-02,Canada,2016A000011124,All-items,2002=100,17,units,0,v41690973,2.2,9.7,,,,1
1947-03,Canada,2016A000011124,All-items,2002=100,17,units,0,v41690973,2.2,9.8,,,,1
1947-04,Canada,2016A000011124,All-items,2002=100,17,units,0,v41690973,2.2,9.9,,,,1
1947-05,Canada,2016A000011124,All-items,2002=100,17,units,0,v41690973,2.2,10.1,,,,1
1947-06,Canada,2016A000011124,All-items,2002=100,17,units,0,v41690973,2.2,10.2,,,,1
1947-07,Canada,2016A000011124,All-items,2002=100,17,units,0,v41690973,2.2,10.3,,,,1
1947-08,Canada,2016A000011124,All-items,2002=100,17,units,0,v41690973,2.2,10.3,,,,1
1947-09,Canada,2016A000011124,All-items,2002=100,17,units,0,v41690973,2.2,10.6,,,,1
1947-10,Canada,2016A000011124,All-items,2002=100,17,units,0,v41690973,2.2,10.8,,,,1
1947-11,Canada,2016A000011124,All-items,2002=100,17,units,0,v41690973,2.2,10.9,,,,1
1947-12,Canada,2016A000011124,All-items,2002=100,17,units,0,v41690973,2.2,11.1,,,,1
1948-01,Canada,2016A000011124,All-items,2002=100,17,units,0,v41690973,2.2,11.2,,,,1
1948-02,Canada,2016A000011124,All-items,2002=100,17,units,0,v41690973,2.2,11.4,,,,1
1948-03,Canada,2016A000011124,All-items,2002=100,17,units,0,v41690973,2.2,11.4,,,,1
1948-04,Canada,2016A000011124,All-items,2002=100,17,units,0,v41690973,2.2,11.5,,,,1
1948-05,Canada,2016A000011124,All-items,2002=100,17,units,0,v41690973,2.2,11.6,,,,1
1948-06,Canada,2016A000011124,All-items,2002=100,17,units,0,v41690973,2.2,11.8,,,,1
1948-07,Canada,2016A000011124,All-items,2002=100,17,units,0,v41690973,2.2,11.8,,,,1
1948-08,Canada,2016A000011124,All-items,2002=100,17,units,0,v41690973,2.2,11.9,,,,1
1948-09,Canada,2016A000011124,All-items,2002=100,17,units,0,v41690973,2.2,12.1,,,,1
1948-10,Canada,2016A000011124,All-items,2002=100,17,units,0,v41690973,2.2,12.1,,,,1
1948-11,Canada,2016A000011124,All-items,2002=100,17,units,0,v41690973,2.2,12.1,,,,1
1948-12,Canada,2016A000011124,All-items,2002=100,17,units,0,v41690973,2.2,12.1,,,,1
1949-01,Canada,2016A000011124,All-items,2002=100,17,units,0,v41690973,2.2,12.1,,,,1
1949-01,Canada,2016A000011124,Rented accommodation,2002=100,17,units,0,v41691051,2.80,18.5,,,,1
1949-01,Canada,2016A000011124,Rent,2002=100,17,units,0,v41691052,2.81,19.1,,,,1
1949-02,Canada,2016A000011124,All-items,2002=100,17,units,0,v41690973,2.2,12.1,,,,1
1949-02,Canada,2016A000011124,Rented accommodation,2002=100,17,units,0,v41691051,2.80,18.5,,,,1
1949-02,Canada,2016A000011124,Rent,2002=100,17,units,0,v41691052,2.81,19.1,,,,1
1949-03,Canada,2016A000011124,All-items,2002=100,17,units,0,v41690973,2.2,12.1,,,,1
1949-03,Canada,2016A000011124,Rented accommodation,2002=100,17,units,0,v41691051,2.80,18.5,,,,1
1949-03,Canada,2016A000011124,Rent,2002=100,17,units,0,v41691052,2.81,19.1,,,,1
1949-04,Canada,2016A000011124,All-items,2002=100,17,units,0,v41690973,2.2,12.1,,,,1
1949-04,Canada,2016A000011124,Rented accommodation,2002=100,17,units,0,v41691051,2.80,18.7,,,,1
1949-04,Canada,2016A000011124,Rent,2002=100,17,units,0,v41691052,2.81,19.2,,,,1
1949-05,Canada,2016A000011124,All-items,2002=100,17,units,0,v41690973,2.2,12.1,,,,1
1949-05,Canada,2016A000011124,Rented accommodation,2002=100,17,units,0,v41691051,2.80,18.7,,,,1
1949-05,Canada,2016A000011124,Rent,2002=100,17,units,0,v41691052,2.81,19.2,,,,1
1949-06,Canada,2016A000011124,All-items,2002=100,17,units,0,v41690973,2.2,12.1,,,,1
1949-06,Canada,2016A000011124,Rented accommodation,2002=100,17,units,0,v41691051,2.80,18.7,,,,1
1949-06,Canada,2016A000011124,Rent,2002=100,17,units,0,v41691052,2.81,19.2,,,,1
1949-07,Canada,2016A000011124,All-items,2002=100,17,units,0,v41690973,2.2,12.1,,,,1
1949-07,Canada,2016A000011124,Rented accommodation,2002=100,17,units,0,v41691051,2.80,18.8,,,,1
1949-07,Canada,2016A000011124,Rent,2002=100,17,units,0,v41691052,2.81,19.2,,,,1
1949-08,Canada,2016A000011124,All-items,2002=100,17,units,0,v41690973,2.2,12.2,,,,1
1949-08,Canada,2016A000011124,Rented accommodation,2002=100,17,units,0,v41691051,2.80,18.8,,,,1
1949-08,Canada,2016A000011124,Rent,2002=100,17,units,0,v41691052,2.81,19.2,,,,1
1949-09,Canada,2016A000011124,All-items,2002=100,17,units,0,v41690973,2.2,12.2,,,,1
1949-09,Canada,2016A000011124,Rented accommodation,2002=100,17,units,0,v41691051,2.80,19.0,,,,1
1949-09,Canada,2016A000011124,Rent,2002=100,17,units,0,v41691052,2.81,19.4,,,,1
1949-10,Canada,2016A000011124,All-items,2002=100,17,units,0,v41690973,2.2,12.3,,,,1
1949-10,Canada,2016A000011124,Rented accommodation,2002=100,17,units,0,v41691051,2.80,19.0,,,,1
1949-10,Canada,2016A000011124,Rent,2002=100,17,units,0,v41691052,2.81,19.4,,,,1
1949-11,Canada,2016A000011124,All-items,2002=100,17,units,0,v41690973,2.2,12.3,,,,1
1949-11,Canada,2016A000011124,Rented accommodation,2002=100,17,units,0,v41691051,2.80,19.0,,,,1
1949-11,Canada,2016A000011124,Rent,2002=100,17,units,0,v41691052,2.81,19.4,,,,1
1949-12,Canada,2016A000011124,All-items,2002=100,17,units,0,v41690973,2.2,12.2,,,,1
1949-12,Canada,2016A000011124,Rented accommodation,2002=100,17,units,0,v41691051,2.80,19.1,,,,1
1949-12,Canada,2016A000011124,Rent,2002=100,17,units,0,v41691052,2.81,19.5,,,,1
1950-01,Canada,2016A000011124,All-items,2002=100,17,units,0,v41690973,2.2,12.1,,,,1
1950-01,Canada,2016A000011124,Rented accommodation,2002=100,17,units,0,v41691051,2.80,19.1,,,,1
1950-01,Canada,2016A000011124,Rent,2002=100,17,units,0,v41691052,2.81,19.5,,,,1
1950-02,Canada,2016A000011124,All-items,2002=100,17,units,0,v41690973,2.2,12.2,,,,1
1950-02,Canada,2016A000011124,Rented accommodation,2002=100,17,units,0,v41691051,2.80,19.1,,,,1
1950-02,Canada,2016A000011124,Rent,2002=100,17,units,0,v41691052,2.81,19.5,,,,1
1950-03,Canada,2016A000011124,All-items,2002=100,17,units,0,v41690973,2.2,12.3,,,,1
1950-03,Canada,2016A000011124,Rented accommodation,2002=100,17,units,0,v41691051,2.80,20.3,,,,1
1950-03,Canada,2016A000011124,Rent,2002=100,17,units,0,v41691052,2.81,20.8,,,,1
1950-04,Canada,2016A000011124,All-items,2002=100,17,units,0,v41690973,2.2,12.3,,,,1
1950-04,Canada,2016A000011124,Rented accommodation,2002=100,17,units,0,v41691051,2.80,20.3,,,,1
1950-04,Canada,2016A000011124,Rent,2002=100,17,units,0,v41691052,2.81,20.8,,,,1
1950-05,Canada,2016A000011124,All-items,2002=100,17,units,0,v41690973,2.2,12.3,,,,1
1950-05,Canada,2016A000011124,Rented accommodation,2002=100,17,units,0,v41691051,2.80,20.3,,,,1
1950-05,Canada,2016A000011124,Rent,2002=100,17,units,0,v41691052,2.81,20.8,,,,1
1950-06,Canada,2016A000011124,All-items,2002=100,17,units,0,v41690973,2.2,12.3,,,,1
1950-06,Canada,2016A000011124,Rented accommodation,2002=100,17,units,0,v41691051,2.80,20.3,,,,1
1950-06,Canada,2016A000011124,Rent,2002=100,17,units,0,v41691052,2.81,20.8,,,,1
1950-07,Canada,2016A000011124,All-items,2002=100,17,units,0,v41690973,2.2,12.4,,,,1
1950-07,Canada,2016A000011124,Rented accommodation,2002=100,17,units,0,v41691051,2.80,20.6,,,,1
1950-07,Canada,2016A000011124,Rent,2002=100,17,units,0,v41691052,2.81,21.2,,,,1
1950-08,Canada,2016A000011124,All-items,2002=100,17,units,0,v41690973,2.2,12.5,,,,1
1950-08,Canada,2016A000011124,Rented accommodation,2002=100,17,units,0,v41691051,2.80,20.6,,,,1
1950-08,Canada,2016A000011124,Rent,2002=100,17,units,0,v41691052,2.81,21.2,,,,1
1950-09,Canada,2016A000011124,All-items,2002=100,17,units,0,v41690973,2.2,12.7,,,,1
1950-09,Canada,2016A000011124,Rented accommodation,2002=100,17,units,0,v41691051,2.80,20.8,,,,1
1950-09,Canada,2016A000011124,Rent,2002=100,17,units,0,v41691052,2.81,21.2,,,,1
1950-10,Canada,2016A000011124,All-items,2002=100,17,units,0,v41690973,2.2,12.9,,,,1
1950-10,Canada,2016A000011124,Rented accommodation,2002=100,17,units,0,v41691051,2.80,20.8,,,,1
1950-10,Canada,2016A000011124,Rent,2002=100,17,units,0,v41691052,2.81,21.2,,,,1
1950-11,Canada,2016A000011124,All-items,2002=100,17,units,0,v41690973,2.2,12.9,,,,1
1950-11,Canada,2016A000011124,Rented accommodation,2002=100,17,units,0,v41691051,2.80,20.9,,,,1
1950-11,Canada,2016A000011124,Rent,2002=100,17,units,0,v41691052,2.81,21.4,,,,1
1950-12,Canada,2016A000011124,All-items,2002=100,17,units,0,v41690973,2.2,12.9,,,,1
1950-12,Canada,2016A000011124,Rented accommodation,2002=100,17,units,0,v41691051,2.80,20.9,,,,1
1950-12,Canada,2016A000011124,Rent,2002=100,17,units,0,v41691052,2.81,21.4,,,,1
1951-01,Canada,2016A000011124,All-items,2002=100,17,units,0,v41690973,2.2,13.0,,,,1
1951-01,Canada,2016A000011124,Rented accommodation,2002=100,17,units,0,v41691051,2.80,20.9,,,,1
1951-01,Canada,2016A000011124,Rent,2002=100,17,units,0,v41691052,2.81,21.4,,,,1
1951-02,Canada,2016A000011124,All-items,2002=100,17,units,0,v41690973,2.2,13.3,,,,1
1951-02,Canada,2016A000011124,Rented accommodation,2002=100,17,units,0,v41691051,2.80,20.9,,,,1
1951-02,Canada,2016A000011124,Rent,2002=100,17,units,0,v41691052,2.81,21.4,,,,1
1951-03,Canada,2016A000011124,All-items,2002=100,17,units,0,v41690973,2.2,13.4,,,,1
1951-03,Canada,2016A000011124,Rented accommodation,2002=100,17,units,0,v41691051,2.80,21.0,,,,1
1951-03,Canada,2016A000011124,Rent,2002=100,17,units,0,v41691052,2.81,21.5,,,,1
1951-04,Canada,2016A000011124,All-items,2002=100,17,units,0,v41690973,2.2,13.6,,,,1
1951-04,Canada,2016A000011124,Rented accommodation,2002=100,17,units,0,v41691051,2.80,21.0,,,,1
1951-04,Canada,2016A000011124,Rent,2002=100,17,units,0,v41691052,2.81,21.5,,,,1
1951-05,Canada,2016A000011124,All-items,2002=100,17,units,0,v41690973,2.2,13.6,,,,1
1951-05,Canada,2016A000011124,Rented accommodation,2002=100,17,units,0,v41691051,2.80,21.0,,,,1
1951-05,Canada,2016A000011124,Rent,2002=100,17,units,0,v41691052,2.81,21.5,,,,1
1951-06,Canada,2016A000011124,All-items,2002=100,17,units,0,v41690973,2.2,13.9,,,,1
1951-06,Canada,2016A000011124,Rented accommodation,2002=100,17,units,0,v41691051,2.80,21.5,,,,1
1951-06,Canada,2016A000011124,Rent,2002=100,17,units,0,v41691052,2.81,21.9,,,,1
1951-07,Canada,2016A000011124,All-items,2002=100,17,units,0,v41690973,2.2,13.9,,,,1
1951-07,Canada,2016A000011124,Rented accommodation,2002=100,17,units,0,v41691051,2.80,21.5,,,,1
1951-07,Canada,2016A000011124,Rent,2002=100,17,units,0,v41691052,2.81,21.9,,,,1
1951-08,Canada,2016A000011124,All-items,2002=100,17,units,0,v41690973,2.2,14.0,,,,1
1951-08,Canada,2016A000011124,Rented accommodation,2002=100,17,units,0,v41691051,2.80,21.5,,,,1
1951-08,Canada,2016A000011124,Rent,2002=100,17,units,0,v41691052,2.81,21.9,,,,1
1951-09,Canada,2016A000011124,All-items,2002=100,17,units,0,v41690973,2.2,14.1,,,,1
1951-09,Canada,2016A000011124,Rented accommodation,2002=100,17,units,0,v41691051,2.80,21.9,,,,1
1951-09,Canada,2016A000011124,Rent,2002=100,17,units,0,v41691052,2.81,22.5,,,,1
1951-10,Canada,2016A000011124,All-items,2002=100,17,units,0,v41690973,2.2,14.2,,,,1
1951-10,Canada,2016A000011124,Rented accommodation,2002=100,17,units,0,v41691051,2.80,21.9,,,,1
1951-10,Canada,2016A000011124,Rent,2002=100,17,units,0,v41691052,2.81,22.5,,,,1
1951-11,Canada,2016A000011124,All-items,2002=100,17,units,0,v41690973,2.2,14.3,,,,1
1951-11,Canada,2016A000011124,Rented accommodation,2002=100,17,units,0,v41691051,2.80,22.2,,,,1
1951-11,Canada,2016A000011124,Rent,2002=100,17,units,0,v41691052,2.81,22.8,,,,1
1951-12,Canada,2016A000011124,All-items,2002=100,17,units,0,v41690973,2.2,14.3,,,,1
1951-12,Canada,2016A000011124,Rented accommodation,2002=100,17,units,0,v41691051,2.80,22.2,,,,1
1951-12,Canada,2016A000011124,Rent,2002=100,17,units,0,v41691052,2.81,22.8,,,,1
1952-01,Canada,2016A000011124,All-items,2002=100,17,units,0,v41690973,2.2,14.4,,,,1
1952-01,Canada,2016A000011124,Rented accommodation,2002=100,17,units,0,v41691051,2.80,22.2,,,,1
1952-01,Canada,2016A000011124,Rent,2002=100,17,units,0,v41691052,2.81,22.8,,,,1
1952-02,Canada,2016A000011124,All-items,2002=100,17,units,0,v41690973,2.2,14.3,,,,1
1952-02,Canada,2016A000011124,Rented accommodation,2002=100,17,units,0,v41691051,2.80,22.2,,,,1
1952-02,Canada,2016A000011124,Rent,2002=100,17,units,0,v41691052,2.81,22.8,,,,1
1952-03,Canada,2016A000011124,All-items,2002=100,17,units,0,v41690973,2.2,14.2,,,,1
1952-03,Canada,2016A000011124,Rented accommodation,2002=100,17,units,0,v41691051,2.80,22.5,,,,1
1952-03,Canada,2016A000011124,Rent,2002=100,17,units,0,v41691052,2.81,23.1,,,,1
1952-04,Canada,2016A000011124,All-items,2002=100,17,units,0,v41690973,2.2,14.2,,,,1
1952-04,Canada,2016A000011124,Rented accommodation,2002=100,17,units,0,v41691051,2.80,22.5,,,,1
1952-04,Canada,2016A000011124,Rent,2002=100,17,units,0,v41691052,2.81,23.1,,,,1
1952-05,Canada,2016A000011124,All-items,2002=100,17,units,0,v41690973,2.2,14.1,,,,1
1952-05,Canada,2016A000011124,Rented accommodation,2002=100,17,units,0,v41691051,2.80,22.5,,,,1
1952-05,Canada,2016A000011124,Rent,2002=100,17,units,0,v41691052,2.81,23.1,,,,1
1952-06,Canada,2016A000011124,All-items,2002=100,17,units,0,v41690973,2.2,14.1,,,,1
1952-06,Canada,2016A000011124,Rented accommodation,2002=100,17,units,0,v41691051,2.80,22.8,,,,1
1952-06,Canada,2016A000011124,Rent,2002=100,17,units,0,v41691052,2.81,23.2,,,,1
1952-07,Canada,2016A000011124,All-items,2002=100,17,units,0,v41690973,2.2,14.1,,,,1
1952-07,Canada,2016A000011124,Rented accommodation,2002=100,17,units,0,v41691051,2.80,22.8,,,,1
1952-07,Canada,2016A000011124,Rent,2002=100,17,units,0,v41691052,2.81,23.2,,,,1
1952-08,Canada,2016A000011124,All-items,2002=100,17,units,0,v41690973,2.2,14.1,,,,1
1952-08,Canada,2016A000011124,Rented accommodation,2002=100,17,units,0,v41691051,2.80,22.8,,,,1
1952-08,Canada,2016A000011124,Rent,2002=100,17,units,0,v41691052,2.81,23.2,,,,1
1952-09,Canada,2016A000011124,All-items,2002=100,17,units,0,v41690973,2.2,14.1,,,,1
1952-09,Canada,2016A000011124,Rented accommodation,2002=100,17,units,0,v41691051,2.80,22.9,,,,1
1952-09,Canada,2016A000011124,Rent,2002=100,17,units,0,v41691052,2.81,23.5,,,,1
1952-10,Canada,2016A000011124,All-items,2002=100,17,units,0,v41690973,2.2,14.1,,,,1
1952-10,Canada,2016A000011124,Rented accommodation,2002=100,17,units,0,v41691051,2.80,22.9,,,,1
1952-10,Canada,2016A000011124,Rent,2002=100,17,units,0,v41691052,2.81,23.5,,,,1
1952-11,Canada,2016A000011124,All-items,2002=100,17,units,0,v41690973,2.2,14.1,,,,1
1952-11,Canada,2016A000011124,Rented accommodation,2002=100,17,units,0,v41691051,2.80,22.9,,,,1
1952-11,Canada,2016A000011124,Rent,2002=100,17,units,0,v41691052,2.81,23.5,,,,1
1952-12,Canada,2016A000011124,All-items,2002=100,17,units,0,v41690973,2.2,14.1,,,,1
1952-12,Canada,2016A000011124,Rented accommodation,2002=100,17,units,0,v41691051,2.80,23.1,,,,1
1952-12,Canada,2016A000011124,Rent,2002=100,17,units,0,v41691052,2.81,23.7,,,,1
1953-01,Canada,2016A000011124,All-items,2002=100,17,units,0,v41690973,2.2,14.1,,,,1
1953-01,Canada,2016A000011124,Rented accommodation,2002=100,17,units,0,v41691051,2.80,23.2,,,,1
1953-01,Canada,2016A000011124,Rent,2002=100,17,units,0,v41691052,2.81,23.8,,,,1
1953-02,Canada,2016A000011124,All-items,2002=100,17,units,0,v41690973,2.2,14.0,,,,1
1953-02,Canada,2016A000011124,Rented accommodation,2002=100,17,units,0,v41691051,2.80,23.3,,,,1
1953-02,Canada,2016A000011124,Rent,2002=100,17,units,0,v41691052,2.81,23.8,,,,1
1953-03,Canada,2016A000011124,All-items,2002=100,17,units,0,v41690973,2.2,13.9,,,,1
1953-03,Canada,2016A000011124,Rented accommodation,2002=100,17,units,0,v41691051,2.80,23.3,,,,1
1953-03,Canada,2016A000011124,Rent,2002=100,17,units,0,v41691052,2.81,23.8,,,,1
1953-04,Canada,2016A000011124,All-items,2002=100,17,units,0,v41690973,2.2,13.9,,,,1
1953-04,Canada,2016A000011124,Rented accommodation,2002=100,17,units,0,v41691051,2.80,23.3,,,,1
1953-04,Canada,2016A000011124,Rent,2002=100,17,units,0,v41691052,2.81,23.8,,,,1
1953-05,Canada,2016A000011124,All-items,2002=100,17,units,0,v41690973,2.2,13.9,,,,1
1953-05,Canada,2016A000011124,Rented accommodation,2002=100,17,units,0,v41691051,2.80,23.3,,,,1
1953-05,Canada,2016A000011124,Rent,2002=100,17,units,0,v41691052,2.81,23.8,,,,1
1953-06,Canada,2016A000011124,All-items,2002=100,17,units,0,v41690973,2.2,13.9,,,,1
1953-06,Canada,2016A000011124,Rented accommodation,2002=100,17,units,0,v41691051,2.80,23.5,,,,1
1953-06,Canada,2016A000011124,Rent,2002=100,17,units,0,v41691052,2.81,24.1,,,,1
1953-07,Canada,2016A000011124,All-items,2002=100,17,units,0,v41690973,2.2,13.9,,,,1
1953-07,Canada,2016A000011124,Rented accommodation,2002=100,17,units,0,v41691051,2.80,23.6,,,,1
1953-07,Canada,2016A000011124,Rent,2002=100,17,units,0,v41691052,2.81,24.2,,,,1
1953-08,Canada,2016A000011124,All-items,2002=100,17,units,0,v41690973,2.2,14.1,,,,1
1953-08,Canada,2016A000011124,Rented accommodation,2002=100,17,units,0,v41691051,2.80,23.7,,,,1
1953-08,Canada,2016A000011124,Rent,2002=100,17,units,0,v41691052,2.81,24.2,,,,1
1953-09,Canada,2016A000011124,All-items,2002=100,17,units,0,v41690973,2.2,14.1,,,,1
1953-09,Canada,2016A000011124,Rented accommodation,2002=100,17,units,0,v41691051,2.80,23.7,,,,1
1953-09,Canada,2016A000011124,Rent,2002=100,17,units,0,v41691052,2.81,24.2,,,,1
1953-10,Canada,2016A000011124,All-items,2002=100,17,units,0,v41690973,2.2,14.2,,,,1
1953-10,Canada,2016A000011124,Rented accommodation,2002=100,17,units,0,v41691051,2.80,23.8,,,,1
1953-10,Canada,2016A000011124,Rent,2002=100,17,units,0,v41691052,2.81,24.4,,,,1
1953-11,Canada,2016A000011124,All-items,2002=100,17,units,0,v41690973,2.2,14.1,,,,1
1953-11,Canada,2016A000011124,Rented accommodation,2002=100,17,units,0,v41691051,2.80,23.9,,,,1
1953-11,Canada,2016A000011124,Rent,2002=100,17,units,0,v41691052,2.81,24.4,,,,1
1953-12,Canada,2016A000011124,All-items,2002=100,17,units,0,v41690973,2.2,14.1,,,,1
1953-12,Canada,2016A000011124,Rented accommodation,2002=100,17,units,0,v41691051,2.80,24.0,,,,1
1953-12,Canada,2016A000011124,Rent,2002=100,17,units,0,v41691052,2.81,24.5,,,,1
1954-01,Canada,2016A000011124,All-items,2002=100,17,units,0,v41690973,2.2,14.1,,,,1
1954-01,Canada,2016A000011124,Rented accommodation,2002=100,17,units,0,v41691051,2.80,24.0,,,,1
1954-01,Canada,2016A000011124,Rent,2002=100,17,units,0,v41691052,2.81,24.6,,,,1
1954-02,Canada,2016A000011124,All-items,2002=100,17,units,0,v41690973,2.2,14.1,,,,1
1954-02,Canada,2016A000011124,Rented accommodation,2002=100,17,units,0,v41691051,2.80,24.1,,,,1
1954-02,Canada,2016A000011124,Rent,2002=100,17,units,0,v41691052,2.81,24.6,,,,1
1954-03,Canada,2016A000011124,All-items,2002=100,17,units,0,v41690973,2.2,14.0,,,,1
1954-03,Canada,2016A000011124,Rented accommodation,2002=100,17,units,0,v41691051,2.80,24.1,,,,1
1954-03,Canada,2016A000011124,Rent,2002=100,17,units,0,v41691052,2.81,24.6,,,,1
1954-04,Canada,2016A000011124,All-items,2002=100,17,units,0,v41690973,2.2,14.0,,,,1
1954-04,Canada,2016A000011124,Rented accommodation,2002=100,17,units,0,v41691051,2.80,24.2,,,,1
1954-04,Canada,2016A000011124,Rent,2002=100,17,units,0,v41691052,2.81,24.6,,,,1
1954-05,Canada,2016A000011124,All-items,2002=100,17,units,0,v41690973,2.2,14.0,,,,1
1954-05,Canada,2016A000011124,Rented accommodation,2002=100,17,units,0,v41691051,2.80,24.2,,,,1
1954-05,Canada,2016A000011124,Rent,2002=100,17,units,0,v41691052,2.81,24.8,,,,1
1954-06,Canada,2016A000011124,All-items,2002=100,17,units,0,v41690973,2.2,14.1,,,,1
1954-06,Canada,2016A000011124,Rented accommodation,2002=100,17,units,0,v41691051,2.80,24.3,,,,1
1954-06,Canada,2016A000011124,Rent,2002=100,17,units,0,v41691052,2.81,25.0,,,,1
1954-07,Canada,2016A000011124,All-items,2002=100,17,units,0,v41690973,2.2,14.1,,,,1
1954-07,Canada,2016A000011124,Rented accommodation,2002=100,17,units,0,v41691051,2.80,24.4,,,,1
1954-07,Canada,2016A000011124,Rent,2002=100,17,units,0,v41691052,2.81,25.1,,,,1
1954-08,Canada,2016A000011124,All-items,2002=100,17,units,0,v41690973,2.2,14.2,,,,1
1954-08,Canada,2016A000011124,Rented accommodation,2002=100,17,units,0,v41691051,2.80,24.6,,,,1
1954-08,Canada,2016A000011124,Rent,2002=100,17,units,0,v41691052,2.81,25.1,,,,1
1954-09,Canada,2016A000011124,All-items,2002=100,17,units,0,v41690973,2.2,14.2,,,,1
1954-09,Canada,2016A000011124,Rented accommodation,2002=100,17,units,0,v41691051,2.80,24.6,,,,1
1954-09,Canada,2016A000011124,Rent,2002=100,17,units,0,v41691052,2.81,25.1,,,,1
1954-10,Canada,2016A000011124,All-items,2002=100,17,units,0,v41690973,2.2,14.2,,,,1
1954-10,Canada,2016A000011124,Rented accommodation,2002=100,17,units,0,v41691051,2.80,24.6,,,,1
1954-10,Canada,2016A000011124,Rent,2002=100,17,units,0,v41691052,2.81,25.2,,,,1
1954-11,Canada,2016A000011124,All-items,2002=100,17,units,0,v41690973,2.2,14.2,,,,1
1954-11,Canada,2016A000011124,Rented accommodation,2002=100,17,units,0,v41691051,2.80,24.7,,,,1
1954-11,Canada,2016A000011124,Rent,2002=100,17,units,0,v41691052,2.81,25.2,,,,1
1954-12,Canada,2016A000011124,All-items,2002=100,17,units,0,v41690973,2.2,14.1,,,,1
1954-12,Canada,2016A000011124,Rented accommodation,2002=100,17,units,0,v41691051,2.80,24.8,,,,1
1954-12,Canada,2016A000011124,Rent,2002=100,17,units,0,v41691052,2.81,25.3,,,,1
1955-01,Canada,2016A000011124,All-items,2002=100,17,units,0,v41690973,2.2,14.1,,,,1
1955-01,Canada,2016A000011124,Rented accommodation,2002=100,17,units,0,v41691051,2.80,24.8,,,,1
1955-01,Canada,2016A000011124,Rent,2002=100,17,units,0,v41691052,2.81,25.4,,,,1
1955-02,Canada,2016A000011124,All-items,2002=100,17,units,0,v41690973,2.2,14.1,,,,1
1955-02,Canada,2016A000011124,Rented accommodation,2002=100,17,units,0,v41691051,2.80,24.8,,,,1
1955-02,Canada,2016A000011124,Rent,2002=100,17,units,0,v41691052,2.81,25.5,,,,1
1955-03,Canada,2016A000011124,All-items,2002=100,17,units,0,v41690973,2.2,14.1,,,,1
1955-03,Canada,2016A000011124,Rented accommodation,2002=100,17,units,0,v41691051,2.80,24.8,,,,1
1955-03,Canada,2016A000011124,Rent,2002=100,17,units,0,v41691052,2.81,25.5,,,,1
1955-04,Canada,2016A000011124,All-items,2002=100,17,units,0,v41690973,2.2,14.1,,,,1
1955-04,Canada,2016A000011124,Rented accommodation,2002=100,17,units,0,v41691051,2.80,24.9,,,,1
1955-04,Canada,2016A000011124,Rent,2002=100,17,units,0,v41691052,2.81,25.5,,,,1
1955-05,Canada,2016A000011124,All-items,2002=100,17,units,0,v41690973,2.2,14.1,,,,1
1955-05,Canada,2016A000011124,Rented accommodation,2002=100,17,units,0,v41691051,2.80,24.9,,,,1
1955-05,Canada,2016A000011124,Rent,2002=100,17,units,0,v41691052,2.81,25.5,,,,1
1955-06,Canada,2016A000011124,All-items,2002=100,17,units,0,v41690973,2.2,14.1,,,,1
1955-06,Canada,2016A000011124,Rented accommodation,2002=100,17,units,0,v41691051,2.80,25.0,,,,1
1955-06,Canada,2016A000011124,Rent,2002=100,17,units,0,v41691052,2.81,25.7,,,,1
1955-07,Canada,2016A000011124,All-items,2002=100,17,units,0,v41690973,2.2,14.1,,,,1
1955-07,Canada,2016A000011124,Rented accommodation,2002=100,17,units,0,v41691051,2.80,25.1,,,,1
1955-07,Canada,2016A000011124,Rent,2002=100,17,units,0,v41691052,2.81,25.7,,,,1
1955-08,Canada,2016A000011124,All-items,2002=100,17,units,0,v41690973,2.2,14.1,,,,1
1955-08,Canada,2016A000011124,Rented accommodation,2002=100,17,units,0,v41691051,2.80,25.1,,,,1
1955-08,Canada,2016A000011124,Rent,2002=100,17,units,0,v41691052,2.81,25.7,,,,1
1955-09,Canada,2016A000011124,All-items,2002=100,17,units,0,v41690973,2.2,14.2,,,,1
1955-09,Canada,2016A000011124,Rented accommodation,2002=100,17,units,0,v41691051,2.80,25.1,,,,1
1955-09,Canada,2016A000011124,Rent,2002=100,17,units,0,v41691052,2.81,25.7,,,,1
1955-10,Canada,2016A000011124,All-items,2002=100,17,units,0,v41690973,2.2,14.2,,,,1
1955-10,Canada,2016A000011124,Rented accommodation,2002=100,17,units,0,v41691051,2.80,25.2,,,,1
1955-10,Canada,2016A000011124,Rent,2002=100,17,units,0,v41691052,2.81,25.8,,,,1
1955-11,Canada,2016A000011124,All-items,2002=100,17,units,0,v41690973,2.2,14.2,,,,1
1955-11,Canada,2016A000011124,Rented accommodation,2002=100,17,units,0,v41691051,2.80,25.2,,,,1
1955-11,Canada,2016A000011124,Rent,2002=100,17,units,0,v41691052,2.81,25.8,,,,1
1955-12,Canada,2016A000011124,All-items,2002=100,17,units,0,v41690973,2.2,14.2,,,,1
1955-12,Canada,2016A000011124,Rented accommodation,2002=100,17,units,0,v41691051,2.80,25.3,,,,1
1955-12,Canada,2016A000011124,Rent,2002=100,17,units,0,v41691052,2.81,25.8,,,,1
1956-01,Canada,2016A000011124,All-items,2002=100,17,units,0,v41690973,2.2,14.2,,,,1
1956-01,Canada,2016A000011124,Rented accommodation,2002=100,17,units,0,v41691051,2.80,25.3,,,,1
1956-01,Canada,2016A000011124,Rent,2002=100,17,units,0,v41691052,2.81,25.9,,,,1
1956-02,Canada,2016A000011124,All-items,2002=100,17,units,0,v41690973,2.2,14.1,,,,1
1956-02,Canada,2016A000011124,Rented accommodation,2002=100,17,units,0,v41691051,2.80,25.3,,,,1
1956-02,Canada,2016A000011124,Rent,2002=100,17,units,0,v41691052,2.81,25.9,,,,1
1956-03,Canada,2016A000011124,All-items,2002=100,17,units,0,v41690973,2.2,14.1,,,,1
1956-03,Canada,2016A000011124,Rented accommodation,2002=100,17,units,0,v41691051,2.80,25.3,,,,1
1956-03,Canada,2016A000011124,Rent,2002=100,17,units,0,v41691052,2.81,25.9,,,,1
1956-04,Canada,2016A000011124,All-items,2002=100,17,units,0,v41690973,2.2,14.1,,,,1
1956-04,Canada,2016A000011124,Rented accommodation,2002=100,17,units,0,v41691051,2.80,25.4,,,,1
1956-04,Canada,2016A000011124,Rent,2002=100,17,units,0,v41691052,2.81,25.9,,,,1
1956-05,Canada,2016A000011124,All-items,2002=100,17,units,0,v41690973,2.2,14.1,,,,1
1956-05,Canada,2016A000011124,Rented accommodation,2002=100,17,units,0,v41691051,2.80,25.4,,,,1
1956-05,Canada,2016A000011124,Rent,2002=100,17,units,0,v41691052,2.81,25.9,,,,1
1956-06,Canada,2016A000011124,All-items,2002=100,17,units,0,v41690973,2.2,14.3,,,,1
1956-06,Canada,2016A000011124,Rented accommodation,2002=100,17,units,0,v41691051,2.80,25.5,,,,1
1956-06,Canada,2016A000011124,Rent,2002=100,17,units,0,v41691052,2.81,26.1,,,,1
1956-07,Canada,2016A000011124,All-items,2002=100,17,units,0,v41690973,2.2,14.4,,,,1
1956-07,Canada,2016A000011124,Rented accommodation,2002=100,17,units,0,v41691051,2.80,25.5,,,,1
1956-07,Canada,2016A000011124,Rent,2002=100,17,units,0,v41691052,2.81,26.1,,,,1
1956-08,Canada,2016A000011124,All-items,2002=100,17,units,0,v41690973,2.2,14.5,,,,1
1956-08,Canada,2016A000011124,Rented accommodation,2002=100,17,units,0,v41691051,2.80,25.6,,,,1
1956-08,Canada,2016A000011124,Rent,2002=100,17,units,0,v41691052,2.81,26.2,,,,1
1956-09,Canada,2016A000011124,All-items,2002=100,17,units,0,v41690973,2.2,14.4,,,,1
1956-09,Canada,2016A000011124,Rented accommodation,2002=100,17,units,0,v41691051,2.80,25.6,,,,1
1956-09,Canada,2016A000011124,Rent,2002=100,17,units,0,v41691052,2.81,26.2,,,,1
1956-10,Canada,2016A000011124,All-items,2002=100,17,units,0,v41690973,2.2,14.5,,,,1
1956-10,Canada,2016A000011124,Rented accommodation,2002=100,17,units,0,v41691051,2.80,25.6,,,,1
1956-10,Canada,2016A000011124,Rent,2002=100,17,units,0,v41691052,2.81,26.3,,,,1
1956-11,Canada,2016A000011124,All-items,2002=100,17,units,0,v41690973,2.2,14.6,,,,1
1956-11,Canada,2016A000011124,Rented accommodation,2002=100,17,units,0,v41691051,2.80,25.6,,,,1
1956-11,Canada,2016A000011124,Rent,2002=100,17,units,0,v41691052,2.81,26.3,,,,1
1956-12,Canada,2016A000011124,All-items,2002=100,17,units,0,v41690973,2.2,14.6,,,,1
1956-12,Canada,2016A000011124,Rented accommodation,2002=100,17,units,0,v41691051,2.80,25.7,,,,1
1956-12,Canada,2016A000011124,Rent,2002=100,17,units,0,v41691052,2.81,26.3,,,,1
1957-01,Canada,2016A000011124,All-items,2002=100,17,units,0,v41690973,2.2,14.6,,,,1
1957-01,Canada,2016A000011124,Rented accommodation,2002=100,17,units,0,v41691051,2.80,25.7,,,,1
1957-01,Canada,2016A000011124,Rent,2002=100,17,units,0,v41691052,2.81,26.3,,,,1
1957-02,Canada,2016A000011124,All-items,2002=100,17,units,0,v41690973,2.2,14.6,,,,1
1957-02,Canada,2016A000011124,Rented accommodation,2002=100,17,units,0,v41691051,2.80,25.7,,,,1
1957-02,Canada,2016A000011124,Rent,2002=100,17,units,0,v41691052,2.81,26.3,,,,1
1957-03,Canada,2016A000011124,All-items,2002=100,17,units,0,v41690973,2.2,14.6,,,,1
1957-03,Canada,2016A000011124,Rented accommodation,2002=100,17,units,0,v41691051,2.80,25.7,,,,1
1957-03,Canada,2016A000011124,Rent,2002=100,17,units,0,v41691052,2.81,26.4,,,,1
1957-04,Canada,2016A000011124,All-items,2002=100,17,units,0,v41690973,2.2,14.7,,,,1
1957-04,Canada,2016A000011124,Rented accommodation,2002=100,17,units,0,v41691051,2.80,25.7,,,,1
1957-04,Canada,2016A000011124,Rent,2002=100,17,units,0,v41691052,2.81,26.4,,,,1
1957-05,Canada,2016A000011124,All-items,2002=100,17,units,0,v41690973,2.2,14.7,,,,1
1957-05,Canada,2016A000011124,Rented accommodation,2002=100,17,units,0,v41691051,2.80,25.8,,,,1
1957-05,Canada,2016A000011124,Rent,2002=100,17,units,0,v41691052,2.81,26.4,,,,1
1957-06,Canada,2016A000011124,All-items,2002=100,17,units,0,v41690973,2.2,14.8,,,,1
1957-06,Canada,2016A000011124,Rented accommodation,2002=100,17,units,0,v41691051,2.80,25.9,,,,1
1957-06,Canada,2016A000011124,Rent,2002=100,17,units,0,v41691052,2.81,26.5,,,,1
1957-07,Canada,2016A000011124,All-items,2002=100,17,units,0,v41690973,2.2,14.8,,,,1
1957-07,Canada,2016A000011124,Rented accommodation,2002=100,17,units,0,v41691051,2.80,26.0,,,,1
1957-07,Canada,2016A000011124,Rent,2002=100,17,units,0,v41691052,2.81,26.6,,,,1
1957-08,Canada,2016A000011124,All-items,2002=100,17,units,0,v41690973,2.2,14.9,,,,1
1957-08,Canada,2016A000011124,Rented accommodation,2002=100,17,units,0,v41691051,2.80,26.1,,,,1
1957-08,Canada,2016A000011124,Rent,2002=100,17,units,0,v41691052,2.81,26.6,,,,1
1957-09,Canada,2016A000011124,All-items,2002=100,17,units,0,v41690973,2.2,15.0,,,,1
1957-09,Canada,2016A000011124,Rented accommodation,2002=100,17,units,0,v41691051,2.80,26.1,,,,1
1957-09,Canada,2016A000011124,Rent,2002=100,17,units,0,v41691052,2.81,26.7,,,,1
1957-10,Canada,2016A000011124,All-items,2002=100,17,units,0,v41690973,2.2,15.0,,,,1
1957-10,Canada,2016A000011124,Rented accommodation,2002=100,17,units,0,v41691051,2.80,26.1,,,,1
1957-10,Canada,2016A000011124,Rent,2002=100,17,units,0,v41691052,2.81,26.7,,,,1
1957-11,Canada,2016A000011124,All-items,2002=100,17,units,0,v41690973,2.2,15.0,,,,1
1957-11,Canada,2016A000011124,Rented accommodation,2002=100,17,units,0,v41691051,2.80,26.1,,,,1
1957-11,Canada,2016A000011124,Rent,2002=100,17,units,0,v41691052,2.81,26.7,,,,1
1957-12,Canada,2016A000011124,All-items,2002=100,17,units,0,v41690973,2.2,14.9,,,,1
1957-12,Canada,2016A000011124,Rented accommodation,2002=100,17,units,0,v41691051,2.80,26.1,,,,1
1957-12,Canada,2016A000011124,Rent,2002=100,17,units,0,v41691052,2.81,26.8,,,,1
1958-01,Canada,2016A000011124,All-items,2002=100,17,units,0,v41690973,2.2,15.0,,,,1
1958-01,Canada,2016A000011124,Rented accommodation,2002=100,17,units,0,v41691051,2.80,26.1,,,,1
1958-01,Canada,2016A000011124,Rent,2002=100,17,units,0,v41691052,2.81,26.8,,,,1
1958-02,Canada,2016A000011124,All-items,2002=100,17,units,0,v41690973,2.2,15.0,,,,1
1958-02,Canada,2016A000011124,Rented accommodation,2002=100,17,units,0,v41691051,2.80,26.2,,,,1
1958-02,Canada,2016A000011124,Rent,2002=100,17,units,0,v41691052,2.81,26.9,,,,1
1958-03,Canada,2016A000011124,All-items,2002=100,17,units,0,v41690973,2.2,15.1,,,,1
1958-03,Canada,2016A000011124,Rented accommodation,2002=100,17,units,0,v41691051,2.80,26.2,,,,1
1958-03,Canada,2016A000011124,Rent,2002=100,17,units,0,v41691052,2.81,27.0,,,,1
1958-04,Canada,2016A000011124,All-items,2002=100,17,units,0,v41690973,2.2,15.1,,,,1
1958-04,Canada,2016A000011124,Rented accommodation,2002=100,17,units,0,v41691051,2.80,26.2,,,,1
1958-04,Canada,2016A000011124,Rent,2002=100,17,units,0,v41691052,2.81,27.0,,,,1
1958-05,Canada,2016A000011124,All-items,2002=100,17,units,0,v41690973,2.2,15.1,,,,1
1958-05,Canada,2016A000011124,Rented accommodation,2002=100,17,units,0,v41691051,2.80,26.3,,,,1
1958-05,Canada,2016A000011124,Rent,2002=100,17,units,0,v41691052,2.81,27.0,,,,1
1958-06,Canada,2016A000011124,All-items,2002=100,17,units,0,v41690973,2.2,15.1,,,,1
1958-06,Canada,2016A000011124,Rented accommodation,2002=100,17,units,0,v41691051,2.80,26.4,,,,1
1958-06,Canada,2016A000011124,Rent,2002=100,17,units,0,v41691052,2.81,27.0,,,,1
1958-07,Canada,2016A000011124,All-items,2002=100,17,units,0,v41690973,2.2,15.1,,,,1
1958-07,Canada,2016A000011124,Rented accommodation,2002=100,17,units,0,v41691051,2.80,26.4,,,,1
1958-07,Canada,2016A000011124,Rent,2002=100,17,units,0,v41691052,2.81,27.0,,,,1
1958-08,Canada,2016A000011124,All-items,2002=100,17,units,0,v41690973,2.2,15.1,,,,1
1958-08,Canada,2016A000011124,Rented accommodation,2002=100,17,units,0,v41691051,2.80,26.4,,,,1
1958-08,Canada,2016A000011124,Rent,2002=100,17,units,0,v41691052,2.81,27.1,,,,1
1958-09,Canada,2016A000011124,All-items,2002=100,17,units,0,v41690973,2.2,15.3,,,,1
1958-09,Canada,2016A000011124,Rented accommodation,2002=100,17,units,0,v41691051,2.80,26.5,,,,1
1958-09,Canada,2016A000011124,Rent,2002=100,17,units,0,v41691052,2.81,27.1,,,,1
1958-10,Canada,2016A000011124,All-items,2002=100,17,units,0,v41690973,2.2,15.3,,,,1
1958-10,Canada,2016A000011124,Rented accommodation,2002=100,17,units,0,v41691051,2.80,26.5,,,,1
1958-10,Canada,2016A000011124,Rent,2002=100,17,units,0,v41691052,2.81,27.1,,,,1
1958-11,Canada,2016A000011124,All-items,2002=100,17,units,0,v41690973,2.2,15.3,,,,1
1958-11,Canada,2016A000011124,Rented accommodation,2002=100,17,units,0,v41691051,2.80,26.6,,,,1
1958-11,Canada,2016A000011124,Rent,2002=100,17,units,0,v41691052,2.81,27.2,,,,1
1958-12,Canada,2016A000011124,All-items,2002=100,17,units,0,v41690973,2.2,15.3,,,,1
1958-12,Canada,2016A000011124,Rented accommodation,2002=100,17,units,0,v41691051,2.80,26.6,,,,1
1958-12,Canada,2016A000011124,Rent,2002=100,17,units,0,v41691052,2.81,27.2,,,,1
1959-01,Canada,2016A000011124,All-items,2002=100,17,units,0,v41690973,2.2,15.3,,,,1
1959-01,Canada,2016A000011124,Rented accommodation,2002=100,17,units,0,v41691051,2.80,26.6,,,,1
1959-01,Canada,2016A000011124,Rent,2002=100,17,units,0,v41691052,2.81,27.2,,,,1
1959-02,Canada,2016A000011124,All-items,2002=100,17,units,0,v41690973,2.2,15.3,,,,1
1959-02,Canada,2016A000011124,Rented accommodation,2002=100,17,units,0,v41691051,2.80,26.6,,,,1
1959-02,Canada,2016A000011124,Rent,2002=100,17,units,0,v41691052,2.81,27.2,,,,1
1959-03,Canada,2016A000011124,All-items,2002=100,17,units,0,v41690973,2.2,15.2,,,,1
1959-03,Canada,2016A000011124,Rented accommodation,2002=100,17,units,0,v41691051,2.80,26.6,,,,1
1959-03,Canada,2016A000011124,Rent,2002=100,17,units,0,v41691052,2.81,27.2,,,,1
1959-04,Canada,2016A000011124,All-items,2002=100,17,units,0,v41690973,2.2,15.2,,,,1
1959-04,Canada,2016A000011124,Rented accommodation,2002=100,17,units,0,v41691051,2.80,26.7,,,,1
1959-04,Canada,2016A000011124,Rent,2002=100,17,units,0,v41691052,2.81,27.2,,,,1
1959-05,Canada,2016A000011124,All-items,2002=100,17,units,0,v41690973,2.2,15.3,,,,1
1959-05,Canada,2016A000011124,Rented accommodation,2002=100,17,units,0,v41691051,2.80,26.7,,,,1
1959-05,Canada,2016A000011124,Rent,2002=100,17,units,0,v41691052,2.81,27.2,,,,1
1959-06,Canada,2016A000011124,All-items,2002=100,17,units,0,v41690973,2.2,15.1,,,,1
1959-06,Canada,2016A000011124,Rented accommodation,2002=100,17,units,0,v41691051,2.80,26.7,,,,1
1959-06,Canada,2016A000011124,Rent,2002=100,17,units,0,v41691052,2.81,27.3,,,,1
1959-07,Canada,2016A000011124,All-items,2002=100,17,units,0,v41690973,2.2,15.3,,,,1
1959-07,Canada,2016A000011124,Rented accommodation,2002=100,17,units,0,v41691051,2.80,26.7,,,,1
1959-07,Canada,2016A000011124,Rent,2002=100,17,units,0,v41691052,2.81,27.3,,,,1
1959-08,Canada,2016A000011124,All-items,2002=100,17,units,0,v41690973,2.2,15.3,,,,1
1959-08,Canada,2016A000011124,Rented accommodation,2002=100,17,units,0,v41691051,2.80,26.8,,,,1
1959-08,Canada,2016A000011124,Rent,2002=100,17,units,0,v41691052,2.81,27.3,,,,1
1959-09,Canada,2016A000011124,All-items,2002=100,17,units,0,v41690973,2.2,15.5,,,,1
1959-09,Canada,2016A000011124,Rented accommodation,2002=100,17,units,0,v41691051,2.80,26.8,,,,1
1959-09,Canada,2016A000011124,Rent,2002=100,17,units,0,v41691052,2.81,27.3,,,,1
1959-10,Canada,2016A000011124,All-items,2002=100,17,units,0,v41690973,2.2,15.5,,,,1
1959-10,Canada,2016A000011124,Rented accommodation,2002=100,17,units,0,v41691051,2.80,26.8,,,,1
1959-10,Canada,2016A000011124,Rent,2002=100,17,units,0,v41691052,2.81,27.3,,,,1
1959-11,Canada,2016A000011124,All-items,2002=100,17,units,0,v41690973,2.2,15.5,,,,1
1959-11,Canada,2016A000011124,Rented accommodation,2002=100,17,units,0,v41691051,2.80,26.8,,,,1
1959-11,Canada,2016A000011124,Rent,2002=100,17,units,0,v41691052,2.81,27.3,,,,1
1959-12,Canada,2016A000011124,All-items,2002=100,17,units,0,v41690973,2.2,15.5,,,,1
1959-12,Canada,2016A000011124,Rented accommodation,2002=100,17,units,0,v41691051,2.80,26.8,,,,1
1959-12,Canada,2016A000011124,Rent,2002=100,17,units,0,v41691052,2.81,27.3,,,,1
1960-01,Canada,2016A000011124,All-items,2002=100,17,units,0,v41690973,2.2,15.5,,,,1
1960-01,Canada,2016A000011124,Rented accommodation,2002=100,17,units,0,v41691051,2.80,26.8,,,,1
1960-01,Canada,2016A000011124,Rent,2002=100,17,units,0,v41691052,2.81,27.3,,,,1
1960-02,Canada,2016A000011124,All-items,2002=100,17,units,0,v41690973,2.2,15.5,,,,1
1960-02,Canada,2016A000011124,Rented accommodation,2002=100,17,units,0,v41691051,2.80,26.8,,,,1
1960-02,Canada,2016A000011124,Rent,2002=100,17,units,0,v41691052,2.81,27.3,,,,1
1960-03,Canada,2016A000011124,All-items,2002=100,17,units,0,v41690973,2.2,15.4,,,,1
1960-03,Canada,2016A000011124,Rented accommodation,2002=100,17,units,0,v41691051,2.80,26.8,,,,1
1960-03,Canada,2016A000011124,Rent,2002=100,17,units,0,v41691052,2.81,27.4,,,,1
1960-04,Canada,2016A000011124,All-items,2002=100,17,units,0,v41690973,2.2,15.5,,,,1
1960-04,Canada,2016A000011124,Rented accommodation,2002=100,17,units,0,v41691051,2.80,26.8,,,,1
1960-04,Canada,2016A000011124,Rent,2002=100,17,units,0,v41691052,2.81,27.4,,,,1
1960-05,Canada,2016A000011124,All-items,2002=100,17,units,0,v41690973,2.2,15.5,,,,1
1960-05,Canada,2016A000011124,Rented accommodation,2002=100,17,units,0,v41691051,2.80,26.8,,,,1
1960-05,Canada,2016A000011124,Rent,2002=100,17,units,0,v41691052,2.81,27.4,,,,1
1960-06,Canada,2016A000011124,All-items,2002=100,17,units,0,v41690973,2.2,15.5,,,,1
1960-06,Canada,2016A000011124,Rented accommodation,2002=100,17,units,0,v41691051,2.80,26.8,,,,1
1960-06,Canada,2016A000011124,Rent,2002=100,17,units,0,v41691052,2.81,27.5,,,,1
1960-07,Canada,2016A000011124,All-items,2002=100,17,units,0,v41690973,2.2,15.5,,,,1
1960-07,Canada,2016A000011124,Rented accommodation,2002=100,17,units,0,v41691051,2.80,26.8,,,,1
1960-07,Canada,2016A000011124,Rent,2002=100,17,units,0,v41691052,2.81,27.5,,,,1
1960-08,Canada,2016A000011124,All-items,2002=100,17,units,0,v41690973,2.2,15.5,,,,1
1960-08,Canada,2016A000011124,Rented accommodation,2002=100,17,units,0,v41691051,2.80,26.8,,,,1
1960-08,Canada,2016A000011124,Rent,2002=100,17,units,0,v41691052,2.81,27.5,,,,1
1960-09,Canada,2016A000011124,All-items,2002=100,17,units,0,v41690973,2.2,15.5,,,,1
1960-09,Canada,2016A000011124,Rented accommodation,2002=100,17,units,0,v41691051,2.80,26.8,,,,1
1960-09,Canada,2016A000011124,Rent,2002=100,17,units,0,v41691052,2.81,27.6,,,,1
1960-10,Canada,2016A000011124,All-items,2002=100,17,units,0,v41690973,2.2,15.7,,,,1
1960-10,Canada,2016A000011124,Rented accommodation,2002=100,17,units,0,v41691051,2.80,26.8,,,,1
1960-10,Canada,2016A000011124,Rent,2002=100,17,units,0,v41691052,2.81,27.6,,,,1
1960-11,Canada,2016A000011124,All-items,2002=100,17,units,0,v41690973,2.2,15.7,,,,1
1960-11,Canada,2016A000011124,Rented accommodation,2002=100,17,units,0,v41691051,2.80,26.8,,,,1
1960-11,Canada,2016A000011124,Rent,2002=100,17,units,0,v41691052,2.81,27.6,,,,1
1960-12,Canada,2016A000011124,All-items,2002=100,17,units,0,v41690973,2.2,15.7,,,,1
1960-12,Canada,2016A000011124,Rented accommodation,2002=100,17,units,0,v41691051,2.80,26.8,,,,1
1960-12,Canada,2016A000011124,Rent,2002=100,17,units,0,v41691052,2.81,27.6,,,,1
1961-01,Canada,2016A000011124,All-items,2002=100,17,units,0,v41690973,2.2,15.7,,,,1
1961-01,Canada,2016A000011124,Rented accommodation,2002=100,17,units,0,v41691051,2.80,26.8,,,,1
1961-01,Canada,2016A000011124,Rent,2002=100,17,units,0,v41691052,2.81,27.6,,,,1
1961-02,Canada,2016A000011124,All-items,2002=100,17,units,0,v41690973,2.2,15.7,,,,1
1961-02,Canada,2016A000011124,Rented accommodation,2002=100,17,units,0,v41691051,2.80,26.8,,,,1
1961-02,Canada,2016A000011124,Rent,2002=100,17,units,0,v41691052,2.81,27.6,,,,1
1961-03,Canada,2016A000011124,All-items,2002=100,17,units,0,v41690973,2.2,15.7,,,,1
1961-03,Canada,2016A000011124,Rented accommodation,2002=100,17,units,0,v41691051,2.80,26.8,,,,1
1961-03,Canada,2016A000011124,Rent,2002=100,17,units,0,v41691052,2.81,27.6,,,,1
1961-04,Canada,2016A000011124,All-items,2002=100,17,units,0,v41690973,2.2,15.7,,,,1
1961-04,Canada,2016A000011124,Rented accommodation,2002=100,17,units,0,v41691051,2.80,26.8,,,,1
1961-04,Canada,2016A000011124,Rent,2002=100,17,units,0,v41691052,2.81,27.6,,,,1
1961-05,Canada,2016A000011124,All-items,2002=100,17,units,0,v41690973,2.2,15.7,,,,1
1961-05,Canada,2016A000011124,Rented accommodation,2002=100,17,units,0,v41691051,2.80,26.8,,,,1
1961-05,Canada,2016A000011124,Rent,2002=100,17,units,0,v41691052,2.81,27.6,,,,1
1961-06,Canada,2016A000011124,All-items,2002=100,17,units,0,v41690973,2.2,15.7,,,,1
1961-06,Canada,2016A000011124,Rented accommodation,2002=100,17,units,0,v41691051,2.80,26.8,,,,1
1961-06,Canada,2016A000011124,Rent,2002=100,17,units,0,v41691052,2.81,27.6,,,,1
1961-07,Canada,2016A000011124,All-items,2002=100,17,units,0,v41690973,2.2,15.7,,,,1
1961-07,Canada,2016A000011124,Rented accommodation,2002=100,17,units,0,v41691051,2.80,26.9,,,,1
1961-07,Canada,2016A000011124,Rent,2002=100,17,units,0,v41691052,2.81,27.6,,,,1
1961-08,Canada,2016A000011124,All-items,2002=100,17,units,0,v41690973,2.2,15.7,,,,1
1961-08,Canada,2016A000011124,Rented accommodation,2002=100,17,units,0,v41691051,2.80,26.8,,,,1
1961-08,Canada,2016A000011124,Rent,2002=100,17,units,0,v41691052,2.81,27.6,,,,1
1961-09,Canada,2016A000011124,All-items,2002=100,17,units,0,v41690973,2.2,15.7,,,,1
1961-09,Canada,2016A000011124,Rented accommodation,2002=100,17,units,0,v41691051,2.80,26.8,,,,1
1961-09,Canada,2016A000011124,Rent,2002=100,17,units,0,v41691052,2.81,27.6,,,,1
1961-10,Canada,2016A000011124,All-items,2002=100,17,units,0,v41690973,2.2,15.7,,,,1
1961-10,Canada,2016A000011124,Rented accommodation,2002=100,17,units,0,v41691051,2.80,26.9,,,,1
1961-10,Canada,2016A000011124,Rent,2002=100,17,units,0,v41691052,2.81,27.6,,,,1
1961-11,Canada,2016A000011124,All-items,2002=100,17,units,0,v41690973,2.2,15.7,,,,1
1961-11,Canada,2016A000011124,Rented accommodation,2002=100,17,units,0,v41691051,2.80,26.9,,,,1
1961-11,Canada,2016A000011124,Rent,2002=100,17,units,0,v41691052,2.81,27.6,,,,1
1961-12,Canada,2016A000011124,All-items,2002=100,17,units,0,v41690973,2.2,15.7,,,,1
1961-12,Canada,2016A000011124,Rented accommodation,2002=100,17,units,0,v41691051,2.80,26.9,,,,1
1961-12,Canada,2016A000011124,Rent,2002=100,17,units,0,v41691052,2.81,27.6,,,,1
1962-01,Canada,2016A000011124,All-items,2002=100,17,units,0,v41690973,2.2,15.7,,,,1
1962-01,Canada,2016A000011124,Rented accommodation,2002=100,17,units,0,v41691051,2.80,26.9,,,,1
1962-01,Canada,2016A000011124,Rent,2002=100,17,units,0,v41691052,2.81,27.6,,,,1
1962-02,Canada,2016A000011124,All-items,2002=100,17,units,0,v41690973,2.2,15.7,,,,1
1962-02,Canada,2016A000011124,Rented accommodation,2002=100,17,units,0,v41691051,2.80,26.9,,,,1
1962-02,Canada,2016A000011124,Rent,2002=100,17,units,0,v41691052,2.81,27.6,,,,1
1962-03,Canada,2016A000011124,All-items,2002=100,17,units,0,v41690973,2.2,15.7,,,,1
1962-03,Canada,2016A000011124,Rented accommodation,2002=100,17,units,0,v41691051,2.80,26.9,,,,1
1962-03,Canada,2016A000011124,Rent,2002=100,17,units,0,v41691052,2.81,27.6,,,,1
1962-04,Canada,2016A000011124,All-items,2002=100,17,units,0,v41690973,2.2,15.8,,,,1
1962-04,Canada,2016A000011124,Rented accommodation,2002=100,17,units,0,v41691051,2.80,26.9,,,,1
1962-04,Canada,2016A000011124,Rent,2002=100,17,units,0,v41691052,2.81,27.6,,,,1
1962-05,Canada,2016A000011124,All-items,2002=100,17,units,0,v41690973,2.2,15.8,,,,1
1962-05,Canada,2016A000011124,Rented accommodation,2002=100,17,units,0,v41691051,2.80,26.9,,,,1
1962-05,Canada,2016A000011124,Rent,2002=100,17,units,0,v41691052,2.81,27.6,,,,1
1962-06,Canada,2016A000011124,All-items,2002=100,17,units,0,v41690973,2.2,15.9,,,,1
1962-06,Canada,2016A000011124,Rented accommodation,2002=100,17,units,0,v41691051,2.80,27.0,,,,1
1962-06,Canada,2016A000011124,Rent,2002=100,17,units,0,v41691052,2.81,27.6,,,,1
1962-07,Canada,2016A000011124,All-items,2002=100,17,units,0,v41690973,2.2,15.9,,,,1
1962-07,Canada,2016A000011124,Rented accommodation,2002=100,17,units,0,v41691051,2.80,27.1,,,,1
1962-07,Canada,2016A000011124,Rent,2002=100,17,units,0,v41691052,2.81,27.6,,,,1
1962-08,Canada,2016A000011124,All-items,2002=100,17,units,0,v41690973,2.2,16.0,,,,1
1962-08,Canada,2016A000011124,Rented accommodation,2002=100,17,units,0,v41691051,2.80,27.1,,,,1
1962-08,Canada,2016A000011124,Rent,2002=100,17,units,0,v41691052,2.81,27.6,,,,1
1962-09,Canada,2016A000011124,All-items,2002=100,17,units,0,v41690973,2.2,15.9,,,,1
1962-09,Canada,2016A000011124,Rented accommodation,2002=100,17,units,0,v41691051,2.80,27.1,,,,1
1962-09,Canada,2016A000011124,Rent,2002=100,17,units,0,v41691052,2.81,27.6,,,,1
1962-10,Canada,2016A000011124,All-items,2002=100,17,units,0,v41690973,2.2,16.0,,,,1
1962-10,Canada,2016A000011124,Rented accommodation,2002=100,17,units,0,v41691051,2.80,27.1,,,,1
1962-10,Canada,2016A000011124,Rent,2002=100,17,units,0,v41691052,2.81,27.6,,,,1
1962-11,Canada,2016A000011124,All-items,2002=100,17,units,0,v41690973,2.2,16.0,,,,1
1962-11,Canada,2016A000011124,Rented accommodation,2002=100,17,units,0,v41691051,2.80,27.1,,,,1
1962-11,Canada,2016A000011124,Rent,2002=100,17,units,0,v41691052,2.81,27.6,,,,1
1962-12,Canada,2016A000011124,All-items,2002=100,17,units,0,v41690973,2.2,16.0,,,,1
1962-12,Canada,2016A000011124,Rented accommodation,2002=100,17,units,0,v41691051,2.80,27.1,,,,1
1962-12,Canada,2016A000011124,Rent,2002=100,17,units,0,v41691052,2.81,27.6,,,,1
1963-01,Canada,2016A000011124,All-items,2002=100,17,units,0,v41690973,2.2,16.0,,,,1
1963-01,Canada,2016A000011124,Rented accommodation,2002=100,17,units,0,v41691051,2.80,27.1,,,,1
1963-01,Canada,2016A000011124,Rent,2002=100,17,units,0,v41691052,2.81,27.6,,,,1
1963-02,Canada,2016A000011124,All-items,2002=100,17,units,0,v41690973,2.2,16.0,,,,1
1963-02,Canada,2016A000011124,Rented accommodation,2002=100,17,units,0,v41691051,2.80,27.1,,,,1
1963-02,Canada,2016A000011124,Rent,2002=100,17,units,0,v41691052,2.81,27.6,,,,1
1963-03,Canada,2016A000011124,All-items,2002=100,17,units,0,v41690973,2.2,16.0,,,,1
1963-03,Canada,2016A000011124,Rented accommodation,2002=100,17,units,0,v41691051,2.80,27.1,,,,1
1963-03,Canada,2016A000011124,Rent,2002=100,17,units,0,v41691052,2.81,27.6,,,,1
1963-04,Canada,2016A000011124,All-items,2002=100,17,units,0,v41690973,2.2,16.0,,,,1
1963-04,Canada,2016A000011124,Rented accommodation,2002=100,17,units,0,v41691051,2.80,27.1,,,,1
1963-04,Canada,2016A000011124,Rent,2002=100,17,units,0,v41691052,2.81,27.6,,,,1
1963-05,Canada,2016A000011124,All-items,2002=100,17,units,0,v41690973,2.2,16.0,,,,1
1963-05,Canada,2016A000011124,Rented accommodation,2002=100,17,units,0,v41691051,2.80,27.1,,,,1
1963-05,Canada,2016A000011124,Rent,2002=100,17,units,0,v41691052,2.81,27.6,,,,1
1963-06,Canada,2016A000011124,All-items,2002=100,17,units,0,v41690973,2.2,16.0,,,,1
1963-06,Canada,2016A000011124,Rented accommodation,2002=100,17,units,0,v41691051,2.80,27.1,,,,1
1963-06,Canada,2016A000011124,Rent,2002=100,17,units,0,v41691052,2.81,27.7,,,,1
1963-07,Canada,2016A000011124,All-items,2002=100,17,units,0,v41690973,2.2,16.2,,,,1
1963-07,Canada,2016A000011124,Rented accommodation,2002=100,17,units,0,v41691051,2.80,27.1,,,,1
1963-07,Canada,2016A000011124,Rent,2002=100,17,units,0,v41691052,2.81,27.7,,,,1
1963-08,Canada,2016A000011124,All-items,2002=100,17,units,0,v41690973,2.2,16.3,,,,1
1963-08,Canada,2016A000011124,Rented accommodation,2002=100,17,units,0,v41691051,2.80,27.1,,,,1
1963-08,Canada,2016A000011124,Rent,2002=100,17,units,0,v41691052,2.81,27.7,,,,1
1963-09,Canada,2016A000011124,All-items,2002=100,17,units,0,v41690973,2.2,16.2,,,,1
1963-09,Canada,2016A000011124,Rented accommodation,2002=100,17,units,0,v41691051,2.80,27.1,,,,1
1963-09,Canada,2016A000011124,Rent,2002=100,17,units,0,v41691052,2.81,27.7,,,,1
1963-10,Canada,2016A000011124,All-items,2002=100,17,units,0,v41690973,2.2,16.2,,,,1
1963-10,Canada,2016A000011124,Rented accommodation,2002=100,17,units,0,v41691051,2.80,27.1,,,,1
1963-10,Canada,2016A000011124,Rent,2002=100,17,units,0,v41691052,2.81,27.7,,,,1
1963-11,Canada,2016A000011124,All-items,2002=100,17,units,0,v41690973,2.2,16.3,,,,1
1963-11,Canada,2016A000011124,Rented accommodation,2002=100,17,units,0,v41691051,2.80,27.1,,,,1
1963-11,Canada,2016A000011124,Rent,2002=100,17,units,0,v41691052,2.81,27.7,,,,1
1963-12,Canada,2016A000011124,All-items,2002=100,17,units,0,v41690973,2.2,16.3,,,,1
1963-12,Canada,2016A000011124,Rented accommodation,2002=100,17,units,0,v41691051,2.80,27.1,,,,1
1963-12,Canada,2016A000011124,Rent,2002=100,17,units,0,v41691052,2.81,27.7,,,,1
1964-01,Canada,2016A000011124,All-items,2002=100,17,units,0,v41690973,2.2,16.3,,,,1
1964-01,Canada,2016A000011124,Rented accommodation,2002=100,17,units,0,v41691051,2.80,27.1,,,,1
1964-01,Canada,2016A000011124,Rent,2002=100,17,units,0,v41691052,2.81,27.7,,,,1
1964-02,Canada,2016A000011124,All-items,2002=100,17,units,0,v41690973,2.2,16.3,,,,1
1964-02,Canada,2016A000011124,Rented accommodation,2002=100,17,units,0,v41691051,2.80,27.1,,,,1
1964-02,Canada,2016A000011124,Rent,2002=100,17,units,0,v41691052,2.81,27.7,,,,1
1964-03,Canada,2016A000011124,All-items,2002=100,17,units,0,v41690973,2.2,16.3,,,,1
1964-03,Canada,2016A000011124,Rented accommodation,2002=100,17,units,0,v41691051,2.80,27.1,,,,1
1964-03,Canada,2016A000011124,Rent,2002=100,17,units,0,v41691052,2.81,27.7,,,,1
1964-04,Canada,2016A000011124,All-items,2002=100,17,units,0,v41690973,2.2,16.4,,,,1
1964-04,Canada,2016A000011124,Rented accommodation,2002=100,17,units,0,v41691051,2.80,27.1,,,,1
1964-04,Canada,2016A000011124,Rent,2002=100,17,units,0,v41691052,2.81,27.7,,,,1
1964-05,Canada,2016A000011124,All-items,2002=100,17,units,0,v41690973,2.2,16.4,,,,1
1964-05,Canada,2016A000011124,Rented accommodation,2002=100,17,units,0,v41691051,2.80,27.1,,,,1
1964-05,Canada,2016A000011124,Rent,2002=100,17,units,0,v41691052,2.81,27.7,,,,1
1964-06,Canada,2016A000011124,All-items,2002=100,17,units,0,v41690973,2.2,16.4,,,,1
1964-06,Canada,2016A000011124,Rented accommodation,2002=100,17,units,0,v41691051,2.80,27.3,,,,1
1964-06,Canada,2016A000011124,Rent,2002=100,17,units,0,v41691052,2.81,27.8,,,,1
1964-07,Canada,2016A000011124,All-items,2002=100,17,units,0,v41690973,2.2,16.5,,,,1
1964-07,Canada,2016A000011124,Rented accommodation,2002=100,17,units,0,v41691051,2.80,27.3,,,,1
1964-07,Canada,2016A000011124,Rent,2002=100,17,units,0,v41691052,2.81,27.8,,,,1
1964-08,Canada,2016A000011124,All-items,2002=100,17,units,0,v41690973,2.2,16.5,,,,1
1964-08,Canada,2016A000011124,Rented accommodation,2002=100,17,units,0,v41691051,2.80,27.3,,,,1
1964-08,Canada,2016A000011124,Rent,2002=100,17,units,0,v41691052,2.81,27.8,,,,1
1964-09,Canada,2016A000011124,All-items,2002=100,17,units,0,v41690973,2.2,16.5,,,,1
1964-09,Canada,2016A000011124,Rented accommodation,2002=100,17,units,0,v41691051,2.80,27.4,,,,1
1964-09,Canada,2016A000011124,Rent,2002=100,17,units,0,v41691052,2.81,27.9,,,,1
1964-10,Canada,2016A000011124,All-items,2002=100,17,units,0,v41690973,2.2,16.5,,,,1
1964-10,Canada,2016A000011124,Rented accommodation,2002=100,17,units,0,v41691051,2.80,27.4,,,,1
1964-10,Canada,2016A000011124,Rent,2002=100,17,units,0,v41691052,2.81,27.9,,,,1
1964-11,Canada,2016A000011124,All-items,2002=100,17,units,0,v41690973,2.2,16.5,,,,1
1964-11,Canada,2016A000011124,Rented accommodation,2002=100,17,units,0,v41691051,2.80,27.4,,,,1
1964-11,Canada,2016A000011124,Rent,2002=100,17,units,0,v41691052,2.81,27.9,,,,1
1964-12,Canada,2016A000011124,All-items,2002=100,17,units,0,v41690973,2.2,16.6,,,,1
1964-12,Canada,2016A000011124,Rented accommodation,2002=100,17,units,0,v41691051,2.80,27.4,,,,1
1964-12,Canada,2016A000011124,Rent,2002=100,17,units,0,v41691052,2.81,27.9,,,,1
1965-01,Canada,2016A000011124,All-items,2002=100,17,units,0,v41690973,2.2,16.6,,,,1
1965-01,Canada,2016A000011124,Rented accommodation,2002=100,17,units,0,v41691051,2.80,27.4,,,,1
1965-01,Canada,2016A000011124,Rent,2002=100,17,units,0,v41691052,2.81,27.9,,,,1
1965-02,Canada,2016A000011124,All-items,2002=100,17,units,0,v41690973,2.2,16.6,,,,1
1965-02,Canada,2016A000011124,Rented accommodation,2002=100,17,units,0,v41691051,2.80,27.4,,,,1
1965-02,Canada,2016A000011124,Rent,2002=100,17,units,0,v41691052,2.81,27.9,,,,1
1965-03,Canada,2016A000011124,All-items,2002=100,17,units,0,v41690973,2.2,16.6,,,,1
1965-03,Canada,2016A000011124,Rented accommodation,2002=100,17,units,0,v41691051,2.80,27.4,,,,1
1965-03,Canada,2016A000011124,Rent,2002=100,17,units,0,v41691052,2.81,27.9,,,,1
1965-04,Canada,2016A000011124,All-items,2002=100,17,units,0,v41690973,2.2,16.7,,,,1
1965-04,Canada,2016A000011124,Rented accommodation,2002=100,17,units,0,v41691051,2.80,27.4,,,,1
1965-04,Canada,2016A000011124,Rent,2002=100,17,units,0,v41691052,2.81,27.9,,,,1
1965-05,Canada,2016A000011124,All-items,2002=100,17,units,0,v41690973,2.2,16.7,,,,1
1965-05,Canada,2016A000011124,Rented accommodation,2002=100,17,units,0,v41691051,2.80,27.4,,,,1
1965-05,Canada,2016A000011124,Rent,2002=100,17,units,0,v41691052,2.81,27.9,,,,1
1965-06,Canada,2016A000011124,All-items,2002=100,17,units,0,v41690973,2.2,16.9,,,,1
1965-06,Canada,2016A000011124,Rented accommodation,2002=100,17,units,0,v41691051,2.80,27.4,,,,1
1965-06,Canada,2016A000011124,Rent,2002=100,17,units,0,v41691052,2.81,27.9,,,,1
1965-07,Canada,2016A000011124,All-items,2002=100,17,units,0,v41690973,2.2,16.9,,,,1
1965-07,Canada,2016A000011124,Rented accommodation,2002=100,17,units,0,v41691051,2.80,27.4,,,,1
1965-07,Canada,2016A000011124,Rent,2002=100,17,units,0,v41691052,2.81,27.9,,,,1
1965-08,Canada,2016A000011124,All-items,2002=100,17,units,0,v41690973,2.2,16.9,,,,1
1965-08,Canada,2016A000011124,Rented accommodation,2002=100,17,units,0,v41691051,2.80,27.4,,,,1
1965-08,Canada,2016A000011124,Rent,2002=100,17,units,0,v41691052,2.81,27.9,,,,1
1965-09,Canada,2016A000011124,All-items,2002=100,17,units,0,v41690973,2.2,16.9,,,,1
1965-09,Canada,2016A000011124,Rented accommodation,2002=100,17,units,0,v41691051,2.80,27.4,,,,1
1965-09,Canada,2016A000011124,Rent,2002=100,17,units,0,v41691052,2.81,27.9,,,,1
1965-10,Canada,2016A000011124,All-items,2002=100,17,units,0,v41690973,2.2,16.9,,,,1
1965-10,Canada,2016A000011124,Rented accommodation,2002=100,17,units,0,v41691051,2.80,27.4,,,,1
1965-10,Canada,2016A000011124,Rent,2002=100,17,units,0,v41691052,2.81,28.1,,,,1
1965-11,Canada,2016A000011124,All-items,2002=100,17,units,0,v41690973,2.2,17.0,,,,1
1965-11,Canada,2016A000011124,Rented accommodation,2002=100,17,units,0,v41691051,2.80,27.4,,,,1
1965-11,Canada,2016A000011124,Rent,2002=100,17,units,0,v41691052,2.81,28.1,,,,1
1965-12,Canada,2016A000011124,All-items,2002=100,17,units,0,v41690973,2.2,17.1,,,,1
1965-12,Canada,2016A000011124,Rented accommodation,2002=100,17,units,0,v41691051,2.80,27.5,,,,1
1965-12,Canada,2016A000011124,Rent,2002=100,17,units,0,v41691052,2.81,28.1,,,,1
1966-01,Canada,2016A000011124,All-items,2002=100,17,units,0,v41690973,2.2,17.1,,,,1
1966-01,Canada,2016A000011124,Rented accommodation,2002=100,17,units,0,v41691051,2.80,27.6,,,,1
1966-01,Canada,2016A000011124,Rent,2002=100,17,units,0,v41691052,2.81,28.2,,,,1
1966-02,Canada,2016A000011124,All-items,2002=100,17,units,0,v41690973,2.2,17.2,,,,1
1966-02,Canada,2016A000011124,Rented accommodation,2002=100,17,units,0,v41691051,2.80,27.6,,,,1
1966-02,Canada,2016A000011124,Rent,2002=100,17,units,0,v41691052,2.81,28.2,,,,1
1966-03,Canada,2016A000011124,All-items,2002=100,17,units,0,v41690973,2.2,17.3,,,,1
1966-03,Canada,2016A000011124,Rented accommodation,2002=100,17,units,0,v41691051,2.80,27.6,,,,1
1966-03,Canada,2016A000011124,Rent,2002=100,17,units,0,v41691052,2.81,28.2,,,,1
1966-04,Canada,2016A000011124,All-items,2002=100,17,units,0,v41690973,2.2,17.4,,,,1
1966-04,Canada,2016A000011124,Rented accommodation,2002=100,17,units,0,v41691051,2.80,27.7,,,,1
1966-04,Canada,2016A000011124,Rent,2002=100,17,units,0,v41691052,2.81,28.2,,,,1
1966-05,Canada,2016A000011124,All-items,2002=100,17,units,0,v41690973,2.2,17.4,,,,1
1966-05,Canada,2016A000011124,Rented accommodation,2002=100,17,units,0,v41691051,2.80,27.8,,,,1
1966-05,Canada,2016A000011124,Rent,2002=100,17,units,0,v41691052,2.81,28.3,,,,1
1966-06,Canada,2016A000011124,All-items,2002=100,17,units,0,v41690973,2.2,17.5,,,,1
1966-06,Canada,2016A000011124,Rented accommodation,2002=100,17,units,0,v41691051,2.80,27.9,,,,1
1966-06,Canada,2016A000011124,Rent,2002=100,17,units,0,v41691052,2.81,28.3,,,,1
1966-07,Canada,2016A000011124,All-items,2002=100,17,units,0,v41690973,2.2,17.5,,,,1
1966-07,Canada,2016A000011124,Rented accommodation,2002=100,17,units,0,v41691051,2.80,27.9,,,,1
1966-07,Canada,2016A000011124,Rent,2002=100,17,units,0,v41691052,2.81,28.4,,,,1
1966-08,Canada,2016A000011124,All-items,2002=100,17,units,0,v41690973,2.2,17.6,,,,1
1966-08,Canada,2016A000011124,Rented accommodation,2002=100,17,units,0,v41691051,2.80,28.0,,,,1
1966-08,Canada,2016A000011124,Rent,2002=100,17,units,0,v41691052,2.81,28.5,,,,1
1966-09,Canada,2016A000011124,All-items,2002=100,17,units,0,v41690973,2.2,17.6,,,,1
1966-09,Canada,2016A000011124,Rented accommodation,2002=100,17,units,0,v41691051,2.80,28.1,,,,1
1966-09,Canada,2016A000011124,Rent,2002=100,17,units,0,v41691052,2.81,28.5,,,,1
1966-10,Canada,2016A000011124,All-items,2002=100,17,units,0,v41690973,2.2,17.6,,,,1
1966-10,Canada,2016A000011124,Rented accommodation,2002=100,17,units,0,v41691051,2.80,28.1,,,,1
1966-10,Canada,2016A000011124,Rent,2002=100,17,units,0,v41691052,2.81,28.6,,,,1
1966-11,Canada,2016A000011124,All-items,2002=100,17,units,0,v41690973,2.2,17.6,,,,1
1966-11,Canada,2016A000011124,Rented accommodation,2002=100,17,units,0,v41691051,2.80,28.1,,,,1
1966-11,Canada,2016A000011124,Rent,2002=100,17,units,0,v41691052,2.81,28.7,,,,1
1966-12,Canada,2016A000011124,All-items,2002=100,17,units,0,v41690973,2.2,17.7,,,,1
1966-12,Canada,2016A000011124,Rented accommodation,2002=100,17,units,0,v41691051,2.80,28.2,,,,1
1966-12,Canada,2016A000011124,Rent,2002=100,17,units,0,v41691052,2.81,28.8,,,,1
1967-01,Canada,2016A000011124,All-items,2002=100,17,units,0,v41690973,2.2,17.7,,,,1
1967-01,Canada,2016A000011124,Rented accommodation,2002=100,17,units,0,v41691051,2.80,28.3,,,,1
1967-01,Canada,2016A000011124,Rent,2002=100,17,units,0,v41691052,2.81,28.9,,,,1
1967-02,Canada,2016A000011124,All-items,2002=100,17,units,0,v41690973,2.2,17.7,,,,1
1967-02,Canada,2016A000011124,Rented accommodation,2002=100,17,units,0,v41691051,2.80,28.3,,,,1
1967-02,Canada,2016A000011124,Rent,2002=100,17,units,0,v41691052,2.81,28.9,,,,1
1967-03,Canada,2016A000011124,All-items,2002=100,17,units,0,v41690973,2.2,17.8,,,,1
1967-03,Canada,2016A000011124,Rented accommodation,2002=100,17,units,0,v41691051,2.80,28.4,,,,1
1967-03,Canada,2016A000011124,Rent,2002=100,17,units,0,v41691052,2.81,29.0,,,,1
1967-04,Canada,2016A000011124,All-items,2002=100,17,units,0,v41690973,2.2,17.9,,,,1
1967-04,Canada,2016A000011124,Rented accommodation,2002=100,17,units,0,v41691051,2.80,28.5,,,,1
1967-04,Canada,2016A000011124,Rent,2002=100,17,units,0,v41691052,2.81,29.0,,,,1
1967-05,Canada,2016A000011124,All-items,2002=100,17,units,0,v41690973,2.2,18.0,,,,1
1967-05,Canada,2016A000011124,Rented accommodation,2002=100,17,units,0,v41691051,2.80,28.5,,,,1
1967-05,Canada,2016A000011124,Rent,2002=100,17,units,0,v41691052,2.81,29.0,,,,1
1967-06,Canada,2016A000011124,All-items,2002=100,17,units,0,v41690973,2.2,18.1,,,,1
1967-06,Canada,2016A000011124,Rented accommodation,2002=100,17,units,0,v41691051,2.80,28.8,,,,1
1967-06,Canada,2016A000011124,Rent,2002=100,17,units,0,v41691052,2.81,29.3,,,,1
1967-07,Canada,2016A000011124,All-items,2002=100,17,units,0,v41690973,2.2,18.2,,,,1
1967-07,Canada,2016A000011124,Rented accommodation,2002=100,17,units,0,v41691051,2.80,28.9,,,,1
1967-07,Canada,2016A000011124,Rent,2002=100,17,units,0,v41691052,2.81,29.5,,,,1
1967-08,Canada,2016A000011124,All-items,2002=100,17,units,0,v41690973,2.2,18.3,,,,1
1967-08,Canada,2016A000011124,Rented accommodation,2002=100,17,units,0,v41691051,2.80,29.0,,,,1
1967-08,Canada,2016A000011124,Rent,2002=100,17,units,0,v41691052,2.81,29.6,,,,1
1967-09,Canada,2016A000011124,All-items,2002=100,17,units,0,v41690973,2.2,18.3,,,,1
1967-09,Canada,2016A000011124,Rented accommodation,2002=100,17,units,0,v41691051,2.80,29.2,,,,1
1967-09,Canada,2016A000011124,Rent,2002=100,17,units,0,v41691052,2.81,29.6,,,,1
1967-10,Canada,2016A000011124,All-items,2002=100,17,units,0,v41690973,2.2,18.3,,,,1
1967-10,Canada,2016A000011124,Rented accommodation,2002=100,17,units,0,v41691051,2.80,29.2,,,,1
1967-10,Canada,2016A000011124,Rent,2002=100,17,units,0,v41691052,2.81,29.7,,,,1
1967-11,Canada,2016A000011124,All-items,2002=100,17,units,0,v41690973,2.2,18.3,,,,1
1967-11,Canada,2016A000011124,Rented accommodation,2002=100,17,units,0,v41691051,2.80,29.3,,,,1
1967-11,Canada,2016A000011124,Rent,2002=100,17,units,0,v41691052,2.81,29.9,,,,1
1967-12,Canada,2016A000011124,All-items,2002=100,17,units,0,v41690973,2.2,18.4,,,,1
1967-12,Canada,2016A000011124,Rented accommodation,2002=100,17,units,0,v41691051,2.80,29.4,,,,1
1967-12,Canada,2016A000011124,Rent,2002=100,17,units,0,v41691052,2.81,30.0,,,,1
1968-01,Canada,2016A000011124,All-items,2002=100,17,units,0,v41690973,2.2,18.5,,,,1
1968-01,Canada,2016A000011124,Rented accommodation,2002=100,17,units,0,v41691051,2.80,29.5,,,,1
1968-01,Canada,2016A000011124,Rent,2002=100,17,units,0,v41691052,2.81,30.0,,,,1
1968-02,Canada,2016A000011124,All-items,2002=100,17,units,0,v41690973,2.2,18.5,,,,1
1968-02,Canada,2016A000011124,Rented accommodation,2002=100,17,units,0,v41691051,2.80,29.5,,,,1
1968-02,Canada,2016A000011124,Rent,2002=100,17,units,0,v41691052,2.81,30.1,,,,1
1968-03,Canada,2016A000011124,All-items,2002=100,17,units,0,v41690973,2.2,18.6,,,,1
1968-03,Canada,2016A000011124,Rented accommodation,2002=100,17,units,0,v41691051,2.80,29.6,,,,1
1968-03,Canada,2016A000011124,Rent,2002=100,17,units,0,v41691052,2.81,30.2,,,,1
1968-04,Canada,2016A000011124,All-items,2002=100,17,units,0,v41690973,2.2,18.6,,,,1
1968-04,Canada,2016A000011124,Rented accommodation,2002=100,17,units,0,v41691051,2.80,29.7,,,,1
1968-04,Canada,2016A000011124,Rent,2002=100,17,units,0,v41691052,2.81,30.3,,,,1
1968-05,Canada,2016A000011124,All-items,2002=100,17,units,0,v41690973,2.2,18.6,,,,1
1968-05,Canada,2016A000011124,Rented accommodation,2002=100,17,units,0,v41691051,2.80,29.8,,,,1
1968-05,Canada,2016A000011124,Rent,2002=100,17,units,0,v41691052,2.81,30.3,,,,1
1968-06,Canada,2016A000011124,All-items,2002=100,17,units,0,v41690973,2.2,18.7,,,,1
1968-06,Canada,2016A000011124,Rented accommodation,2002=100,17,units,0,v41691051,2.80,30.1,,,,1
1968-06,Canada,2016A000011124,Rent,2002=100,17,units,0,v41691052,2.81,30.6,,,,1
1968-07,Canada,2016A000011124,All-items,2002=100,17,units,0,v41690973,2.2,18.9,,,,1
1968-07,Canada,2016A000011124,Rented accommodation,2002=100,17,units,0,v41691051,2.80,30.2,,,,1
1968-07,Canada,2016A000011124,Rent,2002=100,17,units,0,v41691052,2.81,30.7,,,,1
1968-08,Canada,2016A000011124,All-items,2002=100,17,units,0,v41690973,2.2,19.0,,,,1
1968-08,Canada,2016A000011124,Rented accommodation,2002=100,17,units,0,v41691051,2.80,30.3,,,,1
1968-08,Canada,2016A000011124,Rent,2002=100,17,units,0,v41691052,2.81,30.8,,,,1
1968-09,Canada,2016A000011124,All-items,2002=100,17,units,0,v41690973,2.2,19.0,,,,1
1968-09,Canada,2016A000011124,Rented accommodation,2002=100,17,units,0,v41691051,2.80,30.4,,,,1
1968-09,Canada,2016A000011124,Rent,2002=100,17,units,0,v41691052,2.81,30.9,,,,1
1968-10,Canada,2016A000011124,All-items,2002=100,17,units,0,v41690973,2.2,19.0,,,,1
1968-10,Canada,2016A000011124,Rented accommodation,2002=100,17,units,0,v41691051,2.80,30.6,,,,1
1968-10,Canada,2016A000011124,Rent,2002=100,17,units,0,v41691052,2.81,31.0,,,,1
1968-11,Canada,2016A000011124,All-items,2002=100,17,units,0,v41690973,2.2,19.2,,,,1
1968-11,Canada,2016A000011124,Rented accommodation,2002=100,17,units,0,v41691051,2.80,30.6,,,,1
1968-11,Canada,2016A000011124,Rent,2002=100,17,units,0,v41691052,2.81,31.1,,,,1
1968-12,Canada,2016A000011124,All-items,2002=100,17,units,0,v41690973,2.2,19.2,,,,1
1968-12,Canada,2016A000011124,Rented accommodation,2002=100,17,units,0,v41691051,2.80,30.6,,,,1
1968-12,Canada,2016A000011124,Rent,2002=100,17,units,0,v41691052,2.81,31.2,,,,1
1969-01,Canada,2016A000011124,All-items,2002=100,17,units,0,v41690973,2.2,19.2,,,,1
1969-01,Canada,2016A000011124,Rented accommodation,2002=100,17,units,0,v41691051,2.80,30.8,,,,1
1969-01,Canada,2016A000011124,Rent,2002=100,17,units,0,v41691052,2.81,31.3,,,,1
1969-02,Canada,2016A000011124,All-items,2002=100,17,units,0,v41690973,2.2,19.2,,,,1
1969-02,Canada,2016A000011124,Rented accommodation,2002=100,17,units,0,v41691051,2.80,30.8,,,,1
1969-02,Canada,2016A000011124,Rent,2002=100,17,units,0,v41691052,2.81,31.3,,,,1
1969-03,Canada,2016A000011124,All-items,2002=100,17,units,0,v41690973,2.2,19.3,,,,1
1969-03,Canada,2016A000011124,Rented accommodation,2002=100,17,units,0,v41691051,2.80,30.9,,,,1
1969-03,Canada,2016A000011124,Rent,2002=100,17,units,0,v41691052,2.81,31.4,,,,1
1969-04,Canada,2016A000011124,All-items,2002=100,17,units,0,v41690973,2.2,19.6,,,,1
1969-04,Canada,2016A000011124,Rented accommodation,2002=100,17,units,0,v41691051,2.80,30.9,,,,1
1969-04,Canada,2016A000011124,Rent,2002=100,17,units,0,v41691052,2.81,31.4,,,,1
1969-05,Canada,2016A000011124,All-items,2002=100,17,units,0,v41690973,2.2,19.6,,,,1
1969-05,Canada,2016A000011124,Rented accommodation,2002=100,17,units,0,v41691051,2.80,31.0,,,,1
1969-05,Canada,2016A000011124,Rent,2002=100,17,units,0,v41691052,2.81,31.5,,,,1
1969-06,Canada,2016A000011124,All-items,2002=100,17,units,0,v41690973,2.2,19.7,,,,1
1969-06,Canada,2016A000011124,Rented accommodation,2002=100,17,units,0,v41691051,2.80,31.3,,,,1
1969-06,Canada,2016A000011124,Rent,2002=100,17,units,0,v41691052,2.81,31.8,,,,1
1969-07,Canada,2016A000011124,All-items,2002=100,17,units,0,v41690973,2.2,19.8,,,,1
1969-07,Canada,2016A000011124,Rented accommodation,2002=100,17,units,0,v41691051,2.80,31.4,,,,1
1969-07,Canada,2016A000011124,Rent,2002=100,17,units,0,v41691052,2.81,32.0,,,,1
1969-08,Canada,2016A000011124,All-items,2002=100,17,units,0,v41690973,2.2,19.9,,,,1
1969-08,Canada,2016A000011124,Rented accommodation,2002=100,17,units,0,v41691051,2.80,31.6,,,,1
1969-08,Canada,2016A000011124,Rent,2002=100,17,units,0,v41691052,2.81,32.0,,,,1
1969-09,Canada,2016A000011124,All-items,2002=100,17,units,0,v41690973,2.2,19.9,,,,1
1969-09,Canada,2016A000011124,Rented accommodation,2002=100,17,units,0,v41691051,2.80,31.6,,,,1
1969-09,Canada,2016A000011124,Rent,2002=100,17,units,0,v41691052,2.81,32.2,,,,1
1969-10,Canada,2016A000011124,All-items,2002=100,17,units,0,v41690973,2.2,19.9,,,,1
1969-10,Canada,2016A000011124,Rented accommodation,2002=100,17,units,0,v41691051,2.80,31.7,,,,1
1969-10,Canada,2016A000011124,Rent,2002=100,17,units,0,v41691052,2.81,32.2,,,,1
1969-11,Canada,2016A000011124,All-items,2002=100,17,units,0,v41690973,2.2,19.9,,,,1
1969-11,Canada,2016A000011124,Rented accommodation,2002=100,17,units,0,v41691051,2.80,31.9,,,,1
1969-11,Canada,2016A000011124,Rent,2002=100,17,units,0,v41691052,2.81,32.3,,,,1
1969-12,Canada,2016A000011124,All-items,2002=100,17,units,0,v41690973,2.2,20.1,,,,1
1969-12,Canada,2016A000011124,Rented accommodation,2002=100,17,units,0,v41691051,2.80,31.9,,,,1
1969-12,Canada,2016A000011124,Rent,2002=100,17,units,0,v41691052,2.81,32.4,,,,1
1970-01,Canada,2016A000011124,All-items,2002=100,17,units,0,v41690973,2.2,20.2,,,,1
1970-01,Canada,2016A000011124,Rented accommodation,2002=100,17,units,0,v41691051,2.80,31.9,,,,1
1970-01,Canada,2016A000011124,Rent,2002=100,17,units,0,v41691052,2.81,32.5,,,,1
1970-02,Canada,2016A000011124,All-items,2002=100,17,units,0,v41690973,2.2,20.2,,,,1
1970-02,Canada,2016A000011124,Rented accommodation,2002=100,17,units,0,v41691051,2.80,32.0,,,,1
1970-02,Canada,2016A000011124,Rent,2002=100,17,units,0,v41691052,2.81,32.5,,,,1
1970-03,Canada,2016A000011124,All-items,2002=100,17,units,0,v41690973,2.2,20.2,,,,1
1970-03,Canada,2016A000011124,Rented accommodation,2002=100,17,units,0,v41691051,2.80,32.1,,,,1
1970-03,Canada,2016A000011124,Rent,2002=100,17,units,0,v41691052,2.81,32.7,,,,1
1970-04,Canada,2016A000011124,All-items,2002=100,17,units,0,v41690973,2.2,20.3,,,,1
1970-04,Canada,2016A000011124,Rented accommodation,2002=100,17,units,0,v41691051,2.80,32.1,,,,1
1970-04,Canada,2016A000011124,Rent,2002=100,17,units,0,v41691052,2.81,32.7,,,,1
1970-05,Canada,2016A000011124,All-items,2002=100,17,units,0,v41690973,2.2,20.3,,,,1
1970-05,Canada,2016A000011124,Rented accommodation,2002=100,17,units,0,v41691051,2.80,32.3,,,,1
1970-05,Canada,2016A000011124,Rent,2002=100,17,units,0,v41691052,2.81,32.7,,,,1
1970-06,Canada,2016A000011124,All-items,2002=100,17,units,0,v41690973,2.2,20.3,,,,1
1970-06,Canada,2016A000011124,Rented accommodation,2002=100,17,units,0,v41691051,2.80,32.4,,,,1
1970-06,Canada,2016A000011124,Rent,2002=100,17,units,0,v41691052,2.81,32.9,,,,1
1970-07,Canada,2016A000011124,All-items,2002=100,17,units,0,v41690973,2.2,20.5,,,,1
1970-07,Canada,2016A000011124,Rented accommodation,2002=100,17,units,0,v41691051,2.80,32.5,,,,1
1970-07,Canada,2016A000011124,Rent,2002=100,17,units,0,v41691052,2.81,33.0,,,,1
1970-08,Canada,2016A000011124,All-items,2002=100,17,units,0,v41690973,2.2,20.5,,,,1
1970-08,Canada,2016A000011124,Rented accommodation,2002=100,17,units,0,v41691051,2.80,32.5,,,,1
1970-08,Canada,2016A000011124,Rent,2002=100,17,units,0,v41691052,2.81,33.0,,,,1
1970-09,Canada,2016A000011124,All-items,2002=100,17,units,0,v41690973,2.2,20.4,,,,1
1970-09,Canada,2016A000011124,Rented accommodation,2002=100,17,units,0,v41691051,2.80,32.6,,,,1
1970-09,Canada,2016A000011124,Rent,2002=100,17,units,0,v41691052,2.81,33.0,,,,1
1970-10,Canada,2016A000011124,All-items,2002=100,17,units,0,v41690973,2.2,20.4,,,,1
1970-10,Canada,2016A000011124,Rented accommodation,2002=100,17,units,0,v41691051,2.80,32.6,,,,1
1970-10,Canada,2016A000011124,Rent,2002=100,17,units,0,v41691052,2.81,33.1,,,,1
1970-11,Canada,2016A000011124,All-items,2002=100,17,units,0,v41690973,2.2,20.4,,,,1
1970-11,Canada,2016A000011124,Rented accommodation,2002=100,17,units,0,v41691051,2.80,32.6,,,,1
1970-11,Canada,2016A000011124,Rent,2002=100,17,units,0,v41691052,2.81,33.2,,,,1
1970-12,Canada,2016A000011124,All-items,2002=100,17,units,0,v41690973,2.2,20.3,,,,1
1970-12,Canada,2016A000011124,Rented accommodation,2002=100,17,units,0,v41691051,2.80,32.7,,,,1
1970-12,Canada,2016A000011124,Rent,2002=100,17,units,0,v41691052,2.81,33.2,,,,1
1971-01,Canada,2016A000011124,All-items,2002=100,17,units,0,v41690973,2.2,20.4,,,,1
1971-01,Canada,2016A000011124,Rented accommodation,2002=100,17,units,0,v41691051,2.80,32.7,,,,1
1971-01,Canada,2016A000011124,Rent,2002=100,17,units,0,v41691052,2.81,33.2,,,,1
1971-01,"Toronto, Ontario",2011S0503535,All-items,2002=100,17,units,0,v41692888,16.2,19.7,,,,1
1971-01,"Toronto, Ontario",2011S0503535,Rented accommodation,2002=100,17,units,0,v41692890,16.80,30.8,,,,1
1971-02,Canada,2016A000011124,All-items,2002=100,17,units,0,v41690973,2.2,20.5,,,,1
1971-02,Canada,2016A000011124,Rented accommodation,2002=100,17,units,0,v41691051,2.80,32.8,,,,1
1971-02,Canada,2016A000011124,Rent,2002=100,17,units,0,v41691052,2.81,33.3,,,,1
1971-02,"Toronto, Ontario",2011S0503535,All-items,2002=100,17,units,0,v41692888,16.2,19.8,,,,1
1971-02,"Toronto, Ontario",2011S0503535,Rented accommodation,2002=100,17,units,0,v41692890,16.80,30.9,,,,1
1971-03,Canada,2016A000011124,All-items,2002=100,17,units,0,v41690973,2.2,20.5,,,,1
1971-03,Canada,2016A000011124,Rented accommodation,2002=100,17,units,0,v41691051,2.80,32.9,,,,1
1971-03,Canada,2016A000011124,Rent,2002=100,17,units,0,v41691052,2.81,33.3,,,,1
1971-03,"Toronto, Ontario",2011S0503535,All-items,2002=100,17,units,0,v41692888,16.2,19.9,,,,1
1971-03,"Toronto, Ontario",2011S0503535,Rented accommodation,2002=100,17,units,0,v41692890,16.80,31.0,,,,1
1971-04,Canada,2016A000011124,All-items,2002=100,17,units,0,v41690973,2.2,20.7,,,,1
1971-04,Canada,2016A000011124,Rented accommodation,2002=100,17,units,0,v41691051,2.80,32.9,,,,1
1971-04,Canada,2016A000011124,Rent,2002=100,17,units,0,v41691052,2.81,33.3,,,,1
1971-04,"Toronto, Ontario",2011S0503535,All-items,2002=100,17,units,0,v41692888,16.2,20.1,,,,1
1971-04,"Toronto, Ontario",2011S0503535,Rented accommodation,2002=100,17,units,0,v41692890,16.80,31.0,,,,1
1971-05,Canada,2016A000011124,All-items,2002=100,17,units,0,v41690973,2.2,20.7,,,,1
1971-05,Canada,2016A000011124,Rented accommodation,2002=100,17,units,0,v41691051,2.80,32.9,,,,1
1971-05,Canada,2016A000011124,Rent,2002=100,17,units,0,v41691052,2.81,33.4,,,,1
1971-05,"Toronto, Ontario",2011S0503535,All-items,2002=100,17,units,0,v41692888,16.2,20.2,,,,1
1971-05,"Toronto, Ontario",2011S0503535,Rented accommodation,2002=100,17,units,0,v41692890,16.80,31.0,,,,1
1971-06,Canada,2016A000011124,All-items,2002=100,17,units,0,v41690973,2.2,20.8,,,,1
1971-06,Canada,2016A000011124,Rented accommodation,2002=100,17,units,0,v41691051,2.80,32.9,,,,1
1971-06,Canada,2016A000011124,Rent,2002=100,17,units,0,v41691052,2.81,33.4,,,,1
1971-06,"Toronto, Ontario",2011S0503535,All-items,2002=100,17,units,0,v41692888,16.2,20.2,,,,1
1971-06,"Toronto, Ontario",2011S0503535,Rented accommodation,2002=100,17,units,0,v41692890,16.80,31.1,,,,1
1971-07,Canada,2016A000011124,All-items,2002=100,17,units,0,v41690973,2.2,21.0,,,,1
1971-07,Canada,2016A000011124,Rented accommodation,2002=100,17,units,0,v41691051,2.80,32.9,,,,1
1971-07,Canada,2016A000011124,Rent,2002=100,17,units,0,v41691052,2.81,33.4,,,,1
1971-07,"Toronto, Ontario",2011S0503535,All-items,2002=100,17,units,0,v41692888,16.2,20.4,,,,1
1971-07,"Toronto, Ontario",2011S0503535,Rented accommodation,2002=100,17,units,0,v41692890,16.80,31.1,,,,1
1971-08,Canada,2016A000011124,All-items,2002=100,17,units,0,v41690973,2.2,21.2,,,,1
1971-08,Canada,2016A000011124,Rented accommodation,2002=100,17,units,0,v41691051,2.80,33.0,,,,1
1971-08,Canada,2016A000011124,Rent,2002=100,17,units,0,v41691052,2.81,33.5,,,,1
1971-08,"Toronto, Ontario",2011S0503535,All-items,2002=100,17,units,0,v41692888,16.2,20.4,,,,1
1971-08,"Toronto, Ontario",2011S0503535,Rented accommodation,2002=100,17,units,0,v41692890,16.80,31.1,,,,1
1971-09,Canada,2016A000011124,All-items,2002=100,17,units,0,v41690973,2.2,21.1,,,,1
1971-09,Canada,2016A000011124,Rented accommodation,2002=100,17,units,0,v41691051,2.80,33.0,,,,1
1971-09,Canada,2016A000011124,Rent,2002=100,17,units,0,v41691052,2.81,33.5,,,,1
1971-09,"Toronto, Ontario",2011S0503535,All-items,2002=100,17,units,0,v41692888,16.2,20.4,,,,1
1971-09,"Toronto, Ontario",2011S0503535,Rented accommodation,2002=100,17,units,0,v41692890,16.80,31.3,,,,1
1971-10,Canada,2016A000011124,All-items,2002=100,17,units,0,v41690973,2.2,21.2,,,,1
1971-10,Canada,2016A000011124,Rented accommodation,2002=100,17,units,0,v41691051,2.80,33.1,,,,1
1971-10,Canada,2016A000011124,Rent,2002=100,17,units,0,v41691052,2.81,33.5,,,,1
1971-10,"Toronto, Ontario",2011S0503535,All-items,2002=100,17,units,0,v41692888,16.2,20.4,,,,1
1971-10,"Toronto, Ontario",2011S0503535,Rented accommodation,2002=100,17,units,0,v41692890,16.80,31.3,,,,1
1971-11,Canada,2016A000011124,All-items,2002=100,17,units,0,v41690973,2.2,21.2,,,,1
1971-11,Canada,2016A000011124,Rented accommodation,2002=100,17,units,0,v41691051,2.80,33.2,,,,1
1971-11,Canada,2016A000011124,Rent,2002=100,17,units,0,v41691052,2.81,33.5,,,,1
1971-11,"Toronto, Ontario",2011S0503535,All-items,2002=100,17,units,0,v41692888,16.2,20.4,,,,1
1971-11,"Toronto, Ontario",2011S0503535,Rented accommodation,2002=100,17,units,0,v41692890,16.80,31.4,,,,1
1971-12,Canada,2016A000011124,All-items,2002=100,17,units,0,v41690973,2.2,21.3,,,,1
1971-12,Canada,2016A000011124,Rented accommodation,2002=100,17,units,0,v41691051,2.80,33.2,,,,1
1971-12,Canada,2016A000011124,Rent,2002=100,17,units,0,v41691052,2.81,33.6,,,,1
1971-12,"Toronto, Ontario",2011S0503535,All-items,2002=100,17,units,0,v41692888,16.2,20.6,,,,1
1971-12,"Toronto, Ontario",2011S0503535,Rented accommodation,2002=100,17,units,0,v41692890,16.80,31.4,,,,1
1972-01,Canada,2016A000011124,All-items,2002=100,17,units,0,v41690973,2.2,21.4,,,,1
1972-01,Canada,2016A000011124,Rented accommodation,2002=100,17,units,0,v41691051,2.80,33.2,,,,1
1972-01,Canada,2016A000011124,Rent,2002=100,17,units,0,v41691052,2.81,33.7,,,,1
1972-01,"Toronto, Ontario",2011S0503535,All-items,2002=100,17,units,0,v41692888,16.2,20.7,,,,1
1972-01,"Toronto, Ontario",2011S0503535,Rented accommodation,2002=100,17,units,0,v41692890,16.80,31.4,,,,1
1972-02,Canada,2016A000011124,All-items,2002=100,17,units,0,v41690973,2.2,21.5,,,,1
1972-02,Canada,2016A000011124,Rented accommodation,2002=100,17,units,0,v41691051,2.80,33.2,,,,1
1972-02,Canada,2016A000011124,Rent,2002=100,17,units,0,v41691052,2.81,33.7,,,,1
1972-02,"Toronto, Ontario",2011S0503535,All-items,2002=100,17,units,0,v41692888,16.2,20.8,,,,1
1972-02,"Toronto, Ontario",2011S0503535,Rented accommodation,2002=100,17,units,0,v41692890,16.80,31.4,,,,1
1972-03,Canada,2016A000011124,All-items,2002=100,17,units,0,v41690973,2.2,21.6,,,,1
1972-03,Canada,2016A000011124,Rented accommodation,2002=100,17,units,0,v41691051,2.80,33.2,,,,1
1972-03,Canada,2016A000011124,Rent,2002=100,17,units,0,v41691052,2.81,33.7,,,,1
1972-03,"Toronto, Ontario",2011S0503535,All-items,2002=100,17,units,0,v41692888,16.2,20.8,,,,1
1972-03,"Toronto, Ontario",2011S0503535,Rented accommodation,2002=100,17,units,0,v41692890,16.80,31.4,,,,1
1972-04,Canada,2016A000011124,All-items,2002=100,17,units,0,v41690973,2.2,21.7,,,,1
1972-04,Canada,2016A000011124,Rented accommodation,2002=100,17,units,0,v41691051,2.80,33.2,,,,1
1972-04,Canada,2016A000011124,Rent,2002=100,17,units,0,v41691052,2.81,33.7,,,,1
1972-04,"Toronto, Ontario",2011S0503535,All-items,2002=100,17,units,0,v41692888,16.2,21.0,,,,1
1972-04,"Toronto, Ontario",2011S0503535,Rented accommodation,2002=100,17,units,0,v41692890,16.80,31.5,,,,1
1972-05,Canada,2016A000011124,All-items,2002=100,17,units,0,v41690973,2.2,21.7,,,,1
1972-05,Canada,2016A000011124,Rented accommodation,2002=100,17,units,0,v41691051,2.80,33.3,,,,1
1972-05,Canada,2016A000011124,Rent,2002=100,17,units,0,v41691052,2.81,33.7,,,,1
1972-05,"Toronto, Ontario",2011S0503535,All-items,2002=100,17,units,0,v41692888,16.2,21.0,,,,1
1972-05,"Toronto, Ontario",2011S0503535,Rented accommodation,2002=100,17,units,0,v41692890,16.80,31.5,,,,1
1972-06,Canada,2016A000011124,All-items,2002=100,17,units,0,v41690973,2.2,21.7,,,,1
1972-06,Canada,2016A000011124,Rented accommodation,2002=100,17,units,0,v41691051,2.80,33.3,,,,1
1972-06,Canada,2016A000011124,Rent,2002=100,17,units,0,v41691052,2.81,33.7,,,,1
1972-06,"Toronto, Ontario",2011S0503535,All-items,2002=100,17,units,0,v41692888,16.2,21.1,,,,1
1972-06,"Toronto, Ontario",2011S0503535,Rented accommodation,2002=100,17,units,0,v41692890,16.80,31.6,,,,1
1972-07,Canada,2016A000011124,All-items,2002=100,17,units,0,v41690973,2.2,22.0,,,,1
1972-07,Canada,2016A000011124,Rented accommodation,2002=100,17,units,0,v41691051,2.80,33.5,,,,1
1972-07,Canada,2016A000011124,Rent,2002=100,17,units,0,v41691052,2.81,33.8,,,,1
1972-07,"Toronto, Ontario",2011S0503535,All-items,2002=100,17,units,0,v41692888,16.2,21.4,,,,1
1972-07,"Toronto, Ontario",2011S0503535,Rented accommodation,2002=100,17,units,0,v41692890,16.80,31.6,,,,1
1972-08,Canada,2016A000011124,All-items,2002=100,17,units,0,v41690973,2.2,22.2,,,,1
1972-08,Canada,2016A000011124,Rented accommodation,2002=100,17,units,0,v41691051,2.80,33.5,,,,1
1972-08,Canada,2016A000011124,Rent,2002=100,17,units,0,v41691052,2.81,33.8,,,,1
1972-08,"Toronto, Ontario",2011S0503535,All-items,2002=100,17,units,0,v41692888,16.2,21.4,,,,1
1972-08,"Toronto, Ontario",2011S0503535,Rented accommodation,2002=100,17,units,0,v41692890,16.80,31.7,,,,1
1972-09,Canada,2016A000011124,All-items,2002=100,17,units,0,v41690973,2.2,22.3,,,,1
1972-09,Canada,2016A000011124,Rented accommodation,2002=100,17,units,0,v41691051,2.80,33.5,,,,1
1972-09,Canada,2016A000011124,Rent,2002=100,17,units,0,v41691052,2.81,33.9,,,,1
1972-09,"Toronto, Ontario",2011S0503535,All-items,2002=100,17,units,0,v41692888,16.2,21.6,,,,1
1972-09,"Toronto, Ontario",2011S0503535,Rented accommodation,2002=100,17,units,0,v41692890,16.80,31.7,,,,1
1972-10,Canada,2016A000011124,All-items,2002=100,17,units,0,v41690973,2.2,22.3,,,,1
1972-10,Canada,2016A000011124,Rented accommodation,2002=100,17,units,0,v41691051,2.80,33.6,,,,1
1972-10,Canada,2016A000011124,Rent,2002=100,17,units,0,v41691052,2.81,33.9,,,,1
1972-10,"Toronto, Ontario",2011S0503535,All-items,2002=100,17,units,0,v41692888,16.2,21.5,,,,1
1972-10,"Toronto, Ontario",2011S0503535,Rented accommodation,2002=100,17,units,0,v41692890,16.80,31.7,,,,1
1972-11,Canada,2016A000011124,All-items,2002=100,17,units,0,v41690973,2.2,22.3,,,,1
1972-11,Canada,2016A000011124,Rented accommodation,2002=100,17,units,0,v41691051,2.80,33.6,,,,1
1972-11,Canada,2016A000011124,Rent,2002=100,17,units,0,v41691052,2.81,33.9,,,,1
1972-11,"Toronto, Ontario",2011S0503535,All-items,2002=100,17,units,0,v41692888,16.2,21.6,,,,1
1972-11,"Toronto, Ontario",2011S0503535,Rented accommodation,2002=100,17,units,0,v41692890,16.80,31.8,,,,1
1972-12,Canada,2016A000011124,All-items,2002=100,17,units,0,v41690973,2.2,22.4,,,,1
1972-12,Canada,2016A000011124,Rented accommodation,2002=100,17,units,0,v41691051,2.80,33.7,,,,1
1972-12,Canada,2016A000011124,Rent,2002=100,17,units,0,v41691052,2.81,34.1,,,,1
1972-12,"Toronto, Ontario",2011S0503535,All-items,2002=100,17,units,0,v41692888,16.2,21.8,,,,1
1972-12,"Toronto, Ontario",2011S0503535,Rented accommodation,2002=100,17,units,0,v41692890,16.80,31.9,,,,1
1973-01,Canada,2016A000011124,All-items,2002=100,17,units,0,v41690973,2.2,22.6,,,,1
1973-01,Canada,2016A000011124,Rented accommodation,2002=100,17,units,0,v41691051,2.80,33.7,,,,1
1973-01,Canada,2016A000011124,Rent,2002=100,17,units,0,v41691052,2.81,34.1,,,,1
1973-01,"Toronto, Ontario",2011S0503535,All-items,2002=100,17,units,0,v41692888,16.2,22.1,,,,1
1973-01,"Toronto, Ontario",2011S0503535,Rented accommodation,2002=100,17,units,0,v41692890,16.80,32.0,,,,1
1973-02,Canada,2016A000011124,All-items,2002=100,17,units,0,v41690973,2.2,22.8,,,,1
1973-02,Canada,2016A000011124,Rented accommodation,2002=100,17,units,0,v41691051,2.80,33.8,,,,1
1973-02,Canada,2016A000011124,Rent,2002=100,17,units,0,v41691052,2.81,34.1,,,,1
1973-02,"Toronto, Ontario",2011S0503535,All-items,2002=100,17,units,0,v41692888,16.2,22.2,,,,1
1973-02,"Toronto, Ontario",2011S0503535,Rented accommodation,2002=100,17,units,0,v41692890,16.80,32.0,,,,1
1973-03,Canada,2016A000011124,All-items,2002=100,17,units,0,v41690973,2.2,22.8,,,,1
1973-03,Canada,2016A000011124,Rented accommodation,2002=100,17,units,0,v41691051,2.80,33.8,,,,1
1973-03,Canada,2016A000011124,Rent,2002=100,17,units,0,v41691052,2.81,34.1,,,,1
1973-03,"Toronto, Ontario",2011S0503535,All-items,2002=100,17,units,0,v41692888,16.2,22.2,,,,1
1973-03,"Toronto, Ontario",2011S0503535,Rented accommodation,2002=100,17,units,0,v41692890,16.80,32.0,,,,1
1973-04,Canada,2016A000011124,All-items,2002=100,17,units,0,v41690973,2.2,23.1,,,,1
1973-04,Canada,2016A000011124,Rented accommodation,2002=100,17,units,0,v41691051,2.80,33.9,,,,1
1973-04,Canada,2016A000011124,Rent,2002=100,17,units,0,v41691052,2.81,34.1,,,,1
1973-04,"Toronto, Ontario",2011S0503535,All-items,2002=100,17,units,0,v41692888,16.2,22.5,,,,1
1973-04,"Toronto, Ontario",2011S0503535,Rented accommodation,2002=100,17,units,0,v41692890,16.80,32.0,,,,1
1973-05,Canada,2016A000011124,All-items,2002=100,17,units,0,v41690973,2.2,23.2,,,,1
1973-05,Canada,2016A000011124,Rented accommodation,2002=100,17,units,0,v41691051,2.80,33.9,,,,1
1973-05,Canada,2016A000011124,Rent,2002=100,17,units,0,v41691052,2.81,34.1,,,,1
1973-05,"Toronto, Ontario",2011S0503535,All-items,2002=100,17,units,0,v41692888,16.2,22.6,,,,1
1973-05,"Toronto, Ontario",2011S0503535,Rented accommodation,2002=100,17,units,0,v41692890,16.80,32.0,,,,1
1973-06,Canada,2016A000011124,All-items,2002=100,17,units,0,v41690973,2.2,23.4,,,,1
1973-06,Canada,2016A000011124,Rented accommodation,2002=100,17,units,0,v41691051,2.80,33.9,,,,1
1973-06,Canada,2016A000011124,Rent,2002=100,17,units,0,v41691052,2.81,34.3,,,,1
1973-06,"Toronto, Ontario",2011S0503535,All-items,2002=100,17,units,0,v41692888,16.2,22.8,,,,1
1973-06,"Toronto, Ontario",2011S0503535,Rented accommodation,2002=100,17,units,0,v41692890,16.80,32.1,,,,1
1973-07,Canada,2016A000011124,All-items,2002=100,17,units,0,v41690973,2.2,23.7,,,,1
1973-07,Canada,2016A000011124,Rented accommodation,2002=100,17,units,0,v41691051,2.80,34.0,,,,1
1973-07,Canada,2016A000011124,Rent,2002=100,17,units,0,v41691052,2.81,34.3,,,,1
1973-07,"Toronto, Ontario",2011S0503535,All-items,2002=100,17,units,0,v41692888,16.2,23.1,,,,1
1973-07,"Toronto, Ontario",2011S0503535,Rented accommodation,2002=100,17,units,0,v41692890,16.80,32.2,,,,1
1973-08,Canada,2016A000011124,All-items,2002=100,17,units,0,v41690973,2.2,24.0,,,,1
1973-08,Canada,2016A000011124,Rented accommodation,2002=100,17,units,0,v41691051,2.80,34.1,,,,1
1973-08,Canada,2016A000011124,Rent,2002=100,17,units,0,v41691052,2.81,34.3,,,,1
1973-08,"Toronto, Ontario",2011S0503535,All-items,2002=100,17,units,0,v41692888,16.2,23.2,,,,1
1973-08,"Toronto, Ontario",2011S0503535,Rented accommodation,2002=100,17,units,0,v41692890,16.80,32.3,,,,1
1973-09,Canada,2016A000011124,All-items,2002=100,17,units,0,v41690973,2.2,24.1,,,,1
1973-09,Canada,2016A000011124,Rented accommodation,2002=100,17,units,0,v41691051,2.80,34.1,,,,1
1973-09,Canada,2016A000011124,Rent,2002=100,17,units,0,v41691052,2.81,34.3,,,,1
1973-09,"Toronto, Ontario",2011S0503535,All-items,2002=100,17,units,0,v41692888,16.2,23.3,,,,1
1973-09,"Toronto, Ontario",2011S0503535,Rented accommodation,2002=100,17,units,0,v41692890,16.80,32.3,,,,1
1973-10,Canada,2016A000011124,All-items,2002=100,17,units,0,v41690973,2.2,24.2,,,,1
1973-10,Canada,2016A000011124,Rented accommodation,2002=100,17,units,0,v41691051,2.80,34.2,,,,1
1973-10,Canada,2016A000011124,Rent,2002=100,17,units,0,v41691052,2.81,34.5,,,,1
1973-10,"Toronto, Ontario",2011S0503535,All-items,2002=100,17,units,0,v41692888,16.2,23.3,,,,1
1973-10,"Toronto, Ontario",2011S0503535,Rented accommodation,2002=100,17,units,0,v41692890,16.80,32.5,,,,1
1973-11,Canada,2016A000011124,All-items,2002=100,17,units,0,v41690973,2.2,24.4,,,,1
1973-11,Canada,2016A000011124,Rented accommodation,2002=100,17,units,0,v41691051,2.80,34.3,,,,1
1973-11,Canada,2016A000011124,Rent,2002=100,17,units,0,v41691052,2.81,34.5,,,,1
1973-11,"Toronto, Ontario",2011S0503535,All-items,2002=100,17,units,0,v41692888,16.2,23.6,,,,1
1973-11,"Toronto, Ontario",2011S0503535,Rented accommodation,2002=100,17,units,0,v41692890,16.80,32.5,,,,1
1973-12,Canada,2016A000011124,All-items,2002=100,17,units,0,v41690973,2.2,24.5,,,,1
1973-12,Canada,2016A000011124,Rented accommodation,2002=100,17,units,0,v41691051,2.80,34.3,,,,1
1973-12,Canada,2016A000011124,Rent,2002=100,17,units,0,v41691052,2.81,34.6,,,,1
1973-12,"Toronto, Ontario",2011S0503535,All-items,2002=100,17,units,0,v41692888,16.2,23.6,,,,1
1973-12,"Toronto, Ontario",2011S0503535,Rented accommodation,2002=100,17,units,0,v41692890,16.80,32.5,,,,1
1974-01,Canada,2016A000011124,All-items,2002=100,17,units,0,v41690973,2.2,24.7,,,,1
1974-01,Canada,2016A000011124,Rented accommodation,2002=100,17,units,0,v41691051,2.80,34.3,,,,1
1974-01,Canada,2016A000011124,Rent,2002=100,17,units,0,v41691052,2.81,34.6,,,,1
1974-01,"Toronto, Ontario",2011S0503535,All-items,2002=100,17,units,0,v41692888,16.2,23.9,,,,1
1974-01,"Toronto, Ontario",2011S0503535,Rented accommodation,2002=100,17,units,0,v41692890,16.80,32.5,,,,1
1974-02,Canada,2016A000011124,All-items,2002=100,17,units,0,v41690973,2.2,24.9,,,,1
1974-02,Canada,2016A000011124,Rented accommodation,2002=100,17,units,0,v41691051,2.80,34.5,,,,1
1974-02,Canada,2016A000011124,Rent,2002=100,17,units,0,v41691052,2.81,34.7,,,,1
1974-02,"Toronto, Ontario",2011S0503535,All-items,2002=100,17,units,0,v41692888,16.2,24.1,,,,1
1974-02,"Toronto, Ontario",2011S0503535,Rented accommodation,2002=100,17,units,0,v41692890,16.80,32.6,,,,1
1974-03,Canada,2016A000011124,All-items,2002=100,17,units,0,v41690973,2.2,25.2,,,,1
1974-03,Canada,2016A000011124,Rented accommodation,2002=100,17,units,0,v41691051,2.80,34.5,,,,1
1974-03,Canada,2016A000011124,Rent,2002=100,17,units,0,v41691052,2.81,34.7,,,,1
1974-03,"Toronto, Ontario",2011S0503535,All-items,2002=100,17,units,0,v41692888,16.2,24.3,,,,1
1974-03,"Toronto, Ontario",2011S0503535,Rented accommodation,2002=100,17,units,0,v41692890,16.80,32.6,,,,1
1974-04,Canada,2016A000011124,All-items,2002=100,17,units,0,v41690973,2.2,25.4,,,,1
1974-04,Canada,2016A000011124,Rented accommodation,2002=100,17,units,0,v41691051,2.80,34.5,,,,1
1974-04,Canada,2016A000011124,Rent,2002=100,17,units,0,v41691052,2.81,34.8,,,,1
1974-04,"Toronto, Ontario",2011S0503535,All-items,2002=100,17,units,0,v41692888,16.2,24.5,,,,1
1974-04,"Toronto, Ontario",2011S0503535,Rented accommodation,2002=100,17,units,0,v41692890,16.80,32.8,,,,1
1974-05,Canada,2016A000011124,All-items,2002=100,17,units,0,v41690973,2.2,25.9,,,,1
1974-05,Canada,2016A000011124,Rented accommodation,2002=100,17,units,0,v41691051,2.80,34.6,,,,1
1974-05,Canada,2016A000011124,Rent,2002=100,17,units,0,v41691052,2.81,34.8,,,,1
1974-05,"Toronto, Ontario",2011S0503535,All-items,2002=100,17,units,0,v41692888,16.2,25.0,,,,1
1974-05,"Toronto, Ontario",2011S0503535,Rented accommodation,2002=100,17,units,0,v41692890,16.80,32.9,,,,1
1974-06,Canada,2016A000011124,All-items,2002=100,17,units,0,v41690973,2.2,26.1,,,,1
1974-06,Canada,2016A000011124,Rented accommodation,2002=100,17,units,0,v41691051,2.80,35.0,,,,1
1974-06,Canada,2016A000011124,Rent,2002=100,17,units,0,v41691052,2.81,35.2,,,,1
1974-06,"Toronto, Ontario",2011S0503535,All-items,2002=100,17,units,0,v41692888,16.2,25.3,,,,1
1974-06,"Toronto, Ontario",2011S0503535,Rented accommodation,2002=100,17,units,0,v41692890,16.80,32.9,,,,1
1974-07,Canada,2016A000011124,All-items,2002=100,17,units,0,v41690973,2.2,26.3,,,,1
1974-07,Canada,2016A000011124,Rented accommodation,2002=100,17,units,0,v41691051,2.80,35.1,,,,1
1974-07,Canada,2016A000011124,Rent,2002=100,17,units,0,v41691052,2.81,35.4,,,,1
1974-07,"Toronto, Ontario",2011S0503535,All-items,2002=100,17,units,0,v41692888,16.2,25.5,,,,1
1974-07,"Toronto, Ontario",2011S0503535,Rented accommodation,2002=100,17,units,0,v41692890,16.80,33.1,,,,1
1974-08,Canada,2016A000011124,All-items,2002=100,17,units,0,v41690973,2.2,26.6,,,,1
1974-08,Canada,2016A000011124,Rented accommodation,2002=100,17,units,0,v41691051,2.80,35.2,,,,1
1974-08,Canada,2016A000011124,Rent,2002=100,17,units,0,v41691052,2.81,35.4,,,,1
1974-08,"Toronto, Ontario",2011S0503535,All-items,2002=100,17,units,0,v41692888,16.2,25.7,,,,1
1974-08,"Toronto, Ontario",2011S0503535,Rented accommodation,2002=100,17,units,0,v41692890,16.80,33.2,,,,1
1974-09,Canada,2016A000011124,All-items,2002=100,17,units,0,v41690973,2.2,26.8,,,,1
1974-09,Canada,2016A000011124,Rented accommodation,2002=100,17,units,0,v41691051,2.80,35.3,,,,1
1974-09,Canada,2016A000011124,Rent,2002=100,17,units,0,v41691052,2.81,35.5,,,,1
1974-09,"Toronto, Ontario",2011S0503535,All-items,2002=100,17,units,0,v41692888,16.2,25.8,,,,1
1974-09,"Toronto, Ontario",2011S0503535,Rented accommodation,2002=100,17,units,0,v41692890,16.80,33.4,,,,1
1974-10,Canada,2016A000011124,All-items,2002=100,17,units,0,v41690973,2.2,27.1,,,,1
1974-10,Canada,2016A000011124,Rented accommodation,2002=100,17,units,0,v41691051,2.80,35.5,,,,1
1974-10,Canada,2016A000011124,Rent,2002=100,17,units,0,v41691052,2.81,35.7,,,,1
1974-10,"Toronto, Ontario",2011S0503535,All-items,2002=100,17,units,0,v41692888,16.2,26.1,,,,1
1974-10,"Toronto, Ontario",2011S0503535,Rented accommodation,2002=100,17,units,0,v41692890,16.80,33.6,,,,1
1974-11,Canada,2016A000011124,All-items,2002=100,17,units,0,v41690973,2.2,27.3,,,,1
1974-11,Canada,2016A000011124,Rented accommodation,2002=100,17,units,0,v41691051,2.80,35.7,,,,1
1974-11,Canada,2016A000011124,Rent,2002=100,17,units,0,v41691052,2.81,35.9,,,,1
1974-11,"Toronto, Ontario",2011S0503535,All-items,2002=100,17,units,0,v41692888,16.2,26.4,,,,1
1974-11,"Toronto, Ontario",2011S0503535,Rented accommodation,2002=100,17,units,0,v41692890,16.80,33.7,,,,1
1974-12,Canada,2016A000011124,All-items,2002=100,17,units,0,v41690973,2.2,27.6,,,,1
1974-12,Canada,2016A000011124,Rented accommodation,2002=100,17,units,0,v41691051,2.80,35.8,,,,1
1974-12,Canada,2016A000011124,Rent,2002=100,17,units,0,v41691052,2.81,36.0,,,,1
1974-12,"Toronto, Ontario",2011S0503535,All-items,2002=100,17,units,0,v41692888,16.2,26.7,,,,1
1974-12,"Toronto, Ontario",2011S0503535,Rented accommodation,2002=100,17,units,0,v41692890,16.80,33.9,,,,1
1975-01,Canada,2016A000011124,All-items,2002=100,17,units,0,v41690973,2.2,27.6,,,,1
1975-01,Canada,2016A000011124,Rented accommodation,2002=100,17,units,0,v41691051,2.80,35.8,,,,1
1975-01,Canada,2016A000011124,Rent,2002=100,17,units,0,v41691052,2.81,36.1,,,,1
1975-01,"Toronto, Ontario",2011S0503535,All-items,2002=100,17,units,0,v41692888,16.2,26.8,,,,1
1975-01,"Toronto, Ontario",2011S0503535,Rented accommodation,2002=100,17,units,0,v41692890,16.80,34.0,,,,1
1975-02,Canada,2016A000011124,All-items,2002=100,17,units,0,v41690973,2.2,27.9,,,,1
1975-02,Canada,2016A000011124,Rented accommodation,2002=100,17,units,0,v41691051,2.80,35.9,,,,1
1975-02,Canada,2016A000011124,Rent,2002=100,17,units,0,v41691052,2.81,36.1,,,,1
1975-02,"Toronto, Ontario",2011S0503535,All-items,2002=100,17,units,0,v41692888,16.2,27.0,,,,1
1975-02,"Toronto, Ontario",2011S0503535,Rented accommodation,2002=100,17,units,0,v41692890,16.80,34.2,,,,1
1975-03,Canada,2016A000011124,All-items,2002=100,17,units,0,v41690973,2.2,28.0,,,,1
1975-03,Canada,2016A000011124,Rented accommodation,2002=100,17,units,0,v41691051,2.80,36.1,,,,1
1975-03,Canada,2016A000011124,Rent,2002=100,17,units,0,v41691052,2.81,36.3,,,,1
1975-03,"Toronto, Ontario",2011S0503535,All-items,2002=100,17,units,0,v41692888,16.2,27.2,,,,1
1975-03,"Toronto, Ontario",2011S0503535,Rented accommodation,2002=100,17,units,0,v41692890,16.80,34.3,,,,1
1975-04,Canada,2016A000011124,All-items,2002=100,17,units,0,v41690973,2.2,28.2,,,,1
1975-04,Canada,2016A000011124,Rented accommodation,2002=100,17,units,0,v41691051,2.80,36.2,,,,1
1975-04,Canada,2016A000011124,Rent,2002=100,17,units,0,v41691052,2.81,36.4,,,,1
1975-04,"Toronto, Ontario",2011S0503535,All-items,2002=100,17,units,0,v41692888,16.2,27.3,,,,1
1975-04,"Toronto, Ontario",2011S0503535,Rented accommodation,2002=100,17,units,0,v41692890,16.80,34.4,,,,1
1975-05,Canada,2016A000011124,All-items,2002=100,17,units,0,v41690973,2.2,28.5,,,,1
1975-05,Canada,2016A000011124,Rented accommodation,2002=100,17,units,0,v41691051,2.80,36.4,,,,1
1975-05,Canada,2016A000011124,Rent,2002=100,17,units,0,v41691052,2.81,36.6,,,,1
1975-05,"Toronto, Ontario",2011S0503535,All-items,2002=100,17,units,0,v41692888,16.2,27.5,,,,1
1975-05,"Toronto, Ontario",2011S0503535,Rented accommodation,2002=100,17,units,0,v41692890,16.80,34.6,,,,1
1975-06,Canada,2016A000011124,All-items,2002=100,17,units,0,v41690973,2.2,28.8,,,,1
1975-06,Canada,2016A000011124,Rented accommodation,2002=100,17,units,0,v41691051,2.80,36.7,,,,1
1975-06,Canada,2016A000011124,Rent,2002=100,17,units,0,v41691052,2.81,36.9,,,,1
1975-06,"Toronto, Ontario",2011S0503535,All-items,2002=100,17,units,0,v41692888,16.2,28.0,,,,1
1975-06,"Toronto, Ontario",2011S0503535,Rented accommodation,2002=100,17,units,0,v41692890,16.80,34.8,,,,1
1975-07,Canada,2016A000011124,All-items,2002=100,17,units,0,v41690973,2.2,29.2,,,,1
1975-07,Canada,2016A000011124,Rented accommodation,2002=100,17,units,0,v41691051,2.80,36.9,,,,1
1975-07,Canada,2016A000011124,Rent,2002=100,17,units,0,v41691052,2.81,37.1,,,,1
1975-07,"Toronto, Ontario",2011S0503535,All-items,2002=100,17,units,0,v41692888,16.2,28.4,,,,1
1975-07,"Toronto, Ontario",2011S0503535,Rented accommodation,2002=100,17,units,0,v41692890,16.80,35.2,,,,1
1975-08,Canada,2016A000011124,All-items,2002=100,17,units,0,v41690973,2.2,29.5,,,,1
1975-08,Canada,2016A000011124,Rented accommodation,2002=100,17,units,0,v41691051,2.80,37.2,,,,1
1975-08,Canada,2016A000011124,Rent,2002=100,17,units,0,v41691052,2.81,37.4,,,,1
1975-08,"Toronto, Ontario",2011S0503535,All-items,2002=100,17,units,0,v41692888,16.2,28.5,,,,1
1975-08,"Toronto, Ontario",2011S0503535,Rented accommodation,2002=100,17,units,0,v41692890,16.80,35.4,,,,1
1975-09,Canada,2016A000011124,All-items,2002=100,17,units,0,v41690973,2.2,29.6,,,,1
1975-09,Canada,2016A000011124,Rented accommodation,2002=100,17,units,0,v41691051,2.80,37.4,,,,1
1975-09,Canada,2016A000011124,Rent,2002=100,17,units,0,v41691052,2.81,37.7,,,,1
1975-09,"Toronto, Ontario",2011S0503535,All-items,2002=100,17,units,0,v41692888,16.2,28.5,,,,1
1975-09,"Toronto, Ontario",2011S0503535,Rented accommodation,2002=100,17,units,0,v41692890,16.80,35.6,,,,1
1975-10,Canada,2016A000011124,All-items,2002=100,17,units,0,v41690973,2.2,29.8,,,,1
1975-10,Canada,2016A000011124,Rented accommodation,2002=100,17,units,0,v41691051,2.80,37.7,,,,1
1975-10,Canada,2016A000011124,Rent,2002=100,17,units,0,v41691052,2.81,38.1,,,,1
1975-10,"Toronto, Ontario",2011S0503535,All-items,2002=100,17,units,0,v41692888,16.2,28.7,,,,1
1975-10,"Toronto, Ontario",2011S0503535,Rented accommodation,2002=100,17,units,0,v41692890,16.80,35.8,,,,1
1975-11,Canada,2016A000011124,All-items,2002=100,17,units,0,v41690973,2.2,30.1,,,,1
1975-11,Canada,2016A000011124,Rented accommodation,2002=100,17,units,0,v41691051,2.80,38.1,,,,1
1975-11,Canada,2016A000011124,Rent,2002=100,17,units,0,v41691052,2.81,38.2,,,,1
1975-11,"Toronto, Ontario",2011S0503535,All-items,2002=100,17,units,0,v41692888,16.2,28.9,,,,1
1975-11,"Toronto, Ontario",2011S0503535,Rented accommodation,2002=100,17,units,0,v41692890,16.80,36.0,,,,1
1975-12,Canada,2016A000011124,All-items,2002=100,17,units,0,v41690973,2.2,30.2,,,,1
1975-12,Canada,2016A000011124,Rented accommodation,2002=100,17,units,0,v41691051,2.80,38.2,,,,1
1975-12,Canada,2016A000011124,Rent,2002=100,17,units,0,v41691052,2.81,38.4,,,,1
1975-12,"Toronto, Ontario",2011S0503535,All-items,2002=100,17,units,0,v41692888,16.2,29.1,,,,1
1975-12,"Toronto, Ontario",2011S0503535,Rented accommodation,2002=100,17,units,0,v41692890,16.80,36.3,,,,1
1976-01,Canada,2016A000011124,All-items,2002=100,17,units,0,v41690973,2.2,30.3,,,,1
1976-01,Canada,2016A000011124,Rented accommodation,2002=100,17,units,0,v41691051,2.80,38.4,,,,1
1976-01,Canada,2016A000011124,Rent,2002=100,17,units,0,v41691052,2.81,38.7,,,,1
1976-01,"Toronto, Ontario",2011S0503535,All-items,2002=100,17,units,0,v41692888,16.2,29.4,,,,1
1976-01,"Toronto, Ontario",2011S0503535,Rented accommodation,2002=100,17,units,0,v41692890,16.80,36.6,,,,1
1976-02,Canada,2016A000011124,All-items,2002=100,17,units,0,v41690973,2.2,30.5,,,,1
1976-02,Canada,2016A000011124,Rented accommodation,2002=100,17,units,0,v41691051,2.80,38.7,,,,1
1976-02,Canada,2016A000011124,Rent,2002=100,17,units,0,v41691052,2.81,38.9,,,,1
1976-02,"Toronto, Ontario",2011S0503535,All-items,2002=100,17,units,0,v41692888,16.2,29.4,,,,1
1976-02,"Toronto, Ontario",2011S0503535,Rented accommodation,2002=100,17,units,0,v41692890,16.80,36.6,,,,1
1976-03,Canada,2016A000011124,All-items,2002=100,17,units,0,v41690973,2.2,30.6,,,,1
1976-03,Canada,2016A000011124,Rented accommodation,2002=100,17,units,0,v41691051,2.80,38.8,,,,1
1976-03,Canada,2016A000011124,Rent,2002=100,17,units,0,v41691052,2.81,39.1,,,,1
1976-03,"Toronto, Ontario",2011S0503535,All-items,2002=100,17,units,0,v41692888,16.2,29.5,,,,1
1976-03,"Toronto, Ontario",2011S0503535,Rented accommodation,2002=100,17,units,0,v41692890,16.80,36.6,,,,1
1976-04,Canada,2016A000011124,All-items,2002=100,17,units,0,v41690973,2.2,30.7,,,,1
1976-04,Canada,2016A000011124,Rented accommodation,2002=100,17,units,0,v41691051,2.80,38.8,,,,1
1976-04,Canada,2016A000011124,Rent,2002=100,17,units,0,v41691052,2.81,39.1,,,,1
1976-04,"Toronto, Ontario",2011S0503535,All-items,2002=100,17,units,0,v41692888,16.2,29.7,,,,1
1976-04,"Toronto, Ontario",2011S0503535,Rented accommodation,2002=100,17,units,0,v41692890,16.80,36.7,,,,1
1976-05,Canada,2016A000011124,All-items,2002=100,17,units,0,v41690973,2.2,30.9,,,,1
1976-05,Canada,2016A000011124,Rented accommodation,2002=100,17,units,0,v41691051,2.80,39.0,,,,1
1976-05,Canada,2016A000011124,Rent,2002=100,17,units,0,v41691052,2.81,39.2,,,,1
1976-05,"Toronto, Ontario",2011S0503535,All-items,2002=100,17,units,0,v41692888,16.2,29.9,,,,1
1976-05,"Toronto, Ontario",2011S0503535,Rented accommodation,2002=100,17,units,0,v41692890,16.80,36.8,,,,1
1976-06,Canada,2016A000011124,All-items,2002=100,17,units,0,v41690973,2.2,31.1,,,,1
1976-06,Canada,2016A000011124,Rented accommodation,2002=100,17,units,0,v41691051,2.80,39.2,,,,1
1976-06,Canada,2016A000011124,Rent,2002=100,17,units,0,v41691052,2.81,39.4,,,,1
1976-06,"Toronto, Ontario",2011S0503535,All-items,2002=100,17,units,0,v41692888,16.2,30.0,,,,1
1976-06,"Toronto, Ontario",2011S0503535,Rented accommodation,2002=100,17,units,0,v41692890,16.80,37.1,,,,1
1976-07,Canada,2016A000011124,All-items,2002=100,17,units,0,v41690973,2.2,31.3,,,,1
1976-07,Canada,2016A000011124,Rented accommodation,2002=100,17,units,0,v41691051,2.80,39.5,,,,1
1976-07,Canada,2016A000011124,Rent,2002=100,17,units,0,v41691052,2.81,39.7,,,,1
1976-07,"Toronto, Ontario",2011S0503535,All-items,2002=100,17,units,0,v41692888,16.2,30.2,,,,1
1976-07,"Toronto, Ontario",2011S0503535,Rented accommodation,2002=100,17,units,0,v41692890,16.80,37.2,,,,1
1976-08,Canada,2016A000011124,All-items,2002=100,17,units,0,v41690973,2.2,31.3,,,,1
1976-08,Canada,2016A000011124,Rented accommodation,2002=100,17,units,0,v41691051,2.80,39.8,,,,1
1976-08,Canada,2016A000011124,Rent,2002=100,17,units,0,v41691052,2.81,40.1,,,,1
1976-08,"Toronto, Ontario",2011S0503535,All-items,2002=100,17,units,0,v41692888,16.2,30.3,,,,1
1976-08,"Toronto, Ontario",2011S0503535,Rented accommodation,2002=100,17,units,0,v41692890,16.80,37.4,,,,1
1976-09,Canada,2016A000011124,All-items,2002=100,17,units,0,v41690973,2.2,31.5,,,,1
1976-09,Canada,2016A000011124,Rented accommodation,2002=100,17,units,0,v41691051,2.80,40.2,,,,1
1976-09,Canada,2016A000011124,Rent,2002=100,17,units,0,v41691052,2.81,40.3,,,,1
1976-09,"Toronto, Ontario",2011S0503535,All-items,2002=100,17,units,0,v41692888,16.2,30.3,,,,1
1976-09,"Toronto, Ontario",2011S0503535,Rented accommodation,2002=100,17,units,0,v41692890,16.80,37.6,,,,1
1976-10,Canada,2016A000011124,All-items,2002=100,17,units,0,v41690973,2.2,31.7,,,,1
1976-10,Canada,2016A000011124,Rented accommodation,2002=100,17,units,0,v41691051,2.80,40.4,,,,1
1976-10,Canada,2016A000011124,Rent,2002=100,17,units,0,v41691052,2.81,40.5,,,,1
1976-10,"Toronto, Ontario",2011S0503535,All-items,2002=100,17,units,0,v41692888,16.2,30.5,,,,1
1976-10,"Toronto, Ontario",2011S0503535,Rented accommodation,2002=100,17,units,0,v41692890,16.80,38.0,,,,1
1976-11,Canada,2016A000011124,All-items,2002=100,17,units,0,v41690973,2.2,31.8,,,,1
1976-11,Canada,2016A000011124,Rented accommodation,2002=100,17,units,0,v41691051,2.80,40.6,,,,1
1976-11,Canada,2016A000011124,Rent,2002=100,17,units,0,v41691052,2.81,40.8,,,,1
1976-11,"Toronto, Ontario",2011S0503535,All-items,2002=100,17,units,0,v41692888,16.2,30.6,,,,1
1976-11,"Toronto, Ontario",2011S0503535,Rented accommodation,2002=100,17,units,0,v41692890,16.80,38.2,,,,1
1976-12,Canada,2016A000011124,All-items,2002=100,17,units,0,v41690973,2.2,31.9,,,,1
1976-12,Canada,2016A000011124,Rented accommodation,2002=100,17,units,0,v41691051,2.80,40.8,,,,1
1976-12,Canada,2016A000011124,Rent,2002=100,17,units,0,v41691052,2.81,40.9,,,,1
1976-12,"Toronto, Ontario",2011S0503535,All-items,2002=100,17,units,0,v41692888,16.2,30.7,,,,1
1976-12,"Toronto, Ontario",2011S0503535,Rented accommodation,2002=100,17,units,0,v41692890,16.80,38.3,,,,1
1977-01,Canada,2016A000011124,All-items,2002=100,17,units,0,v41690973,2.2,32.2,,,,1
1977-01,Canada,2016A000011124,Rented accommodation,2002=100,17,units,0,v41691051,2.80,40.9,,,,1
1977-01,Canada,2016A000011124,Rent,2002=100,17,units,0,v41691052,2.81,41.0,,,,1
1977-01,"Toronto, Ontario",2011S0503535,All-items,2002=100,17,units,0,v41692888,16.2,30.9,,,,1
1977-01,"Toronto, Ontario",2011S0503535,Rented accommodation,2002=100,17,units,0,v41692890,16.80,38.4,,,,1
1977-02,Canada,2016A000011124,All-items,2002=100,17,units,0,v41690973,2.2,32.4,,,,1
1977-02,Canada,2016A000011124,Rented accommodation,2002=100,17,units,0,v41691051,2.80,41.2,,,,1
1977-02,Canada,2016A000011124,Rent,2002=100,17,units,0,v41691052,2.81,41.3,,,,1
1977-02,"Toronto, Ontario",2011S0503535,All-items,2002=100,17,units,0,v41692888,16.2,31.3,,,,1
1977-02,"Toronto, Ontario",2011S0503535,Rented accommodation,2002=100,17,units,0,v41692890,16.80,38.7,,,,1
1977-03,Canada,2016A000011124,All-items,2002=100,17,units,0,v41690973,2.2,32.8,,,,1
1977-03,Canada,2016A000011124,Rented accommodation,2002=100,17,units,0,v41691051,2.80,41.3,,,,1
1977-03,Canada,2016A000011124,Rent,2002=100,17,units,0,v41691052,2.81,41.5,,,,1
1977-03,"Toronto, Ontario",2011S0503535,All-items,2002=100,17,units,0,v41692888,16.2,31.6,,,,1
1977-03,"Toronto, Ontario",2011S0503535,Rented accommodation,2002=100,17,units,0,v41692890,16.80,38.8,,,,1
1977-04,Canada,2016A000011124,All-items,2002=100,17,units,0,v41690973,2.2,33.0,,,,1
1977-04,Canada,2016A000011124,Rented accommodation,2002=100,17,units,0,v41691051,2.80,41.5,,,,1
1977-04,Canada,2016A000011124,Rent,2002=100,17,units,0,v41691052,2.81,41.6,,,,1
1977-04,"Toronto, Ontario",2011S0503535,All-items,2002=100,17,units,0,v41692888,16.2,31.8,,,,1
1977-04,"Toronto, Ontario",2011S0503535,Rented accommodation,2002=100,17,units,0,v41692890,16.80,38.9,,,,1
1977-05,Canada,2016A000011124,All-items,2002=100,17,units,0,v41690973,2.2,33.4,,,,1
1977-05,Canada,2016A000011124,Rented accommodation,2002=100,17,units,0,v41691051,2.80,41.6,,,,1
1977-05,Canada,2016A000011124,Rent,2002=100,17,units,0,v41691052,2.81,41.7,,,,1
1977-05,"Toronto, Ontario",2011S0503535,All-items,2002=100,17,units,0,v41692888,16.2,32.0,,,,1
1977-05,"Toronto, Ontario",2011S0503535,Rented accommodation,2002=100,17,units,0,v41692890,16.80,39.1,,,,1
1977-06,Canada,2016A000011124,All-items,2002=100,17,units,0,v41690973,2.2,33.5,,,,1
1977-06,Canada,2016A000011124,Rented accommodation,2002=100,17,units,0,v41691051,2.80,41.8,,,,1
1977-06,Canada,2016A000011124,Rent,2002=100,17,units,0,v41691052,2.81,41.9,,,,1
1977-06,"Toronto, Ontario",2011S0503535,All-items,2002=100,17,units,0,v41692888,16.2,32.3,,,,1
1977-06,"Toronto, Ontario",2011S0503535,Rented accommodation,2002=100,17,units,0,v41692890,16.80,39.3,,,,1
1977-07,Canada,2016A000011124,All-items,2002=100,17,units,0,v41690973,2.2,33.9,,,,1
1977-07,Canada,2016A000011124,Rented accommodation,2002=100,17,units,0,v41691051,2.80,41.9,,,,1
1977-07,Canada,2016A000011124,Rent,2002=100,17,units,0,v41691052,2.81,42.1,,,,1
1977-07,"Toronto, Ontario",2011S0503535,All-items,2002=100,17,units,0,v41692888,16.2,32.5,,,,1
1977-07,"Toronto, Ontario",2011S0503535,Rented accommodation,2002=100,17,units,0,v41692890,16.80,39.5,,,,1
1977-08,Canada,2016A000011124,All-items,2002=100,17,units,0,v41690973,2.2,33.9,,,,1
1977-08,Canada,2016A000011124,Rented accommodation,2002=100,17,units,0,v41691051,2.80,42.5,,,,1
1977-08,Canada,2016A000011124,Rent,2002=100,17,units,0,v41691052,2.81,42.6,,,,1
1977-08,"Toronto, Ontario",2011S0503535,All-items,2002=100,17,units,0,v41692888,16.2,32.6,,,,1
1977-08,"Toronto, Ontario",2011S0503535,Rented accommodation,2002=100,17,units,0,v41692890,16.80,39.7,,,,1
1977-09,Canada,2016A000011124,All-items,2002=100,17,units,0,v41690973,2.2,34.2,,,,1
1977-09,Canada,2016A000011124,Rented accommodation,2002=100,17,units,0,v41691051,2.80,42.7,,,,1
1977-09,Canada,2016A000011124,Rent,2002=100,17,units,0,v41691052,2.81,42.8,,,,1
1977-09,"Toronto, Ontario",2011S0503535,All-items,2002=100,17,units,0,v41692888,16.2,32.8,,,,1
1977-09,"Toronto, Ontario",2011S0503535,Rented accommodation,2002=100,17,units,0,v41692890,16.80,39.8,,,,1
1977-10,Canada,2016A000011124,All-items,2002=100,17,units,0,v41690973,2.2,34.5,,,,1
1977-10,Canada,2016A000011124,Rented accommodation,2002=100,17,units,0,v41691051,2.80,42.9,,,,1
1977-10,Canada,2016A000011124,Rent,2002=100,17,units,0,v41691052,2.81,43.1,,,,1
1977-10,"Toronto, Ontario",2011S0503535,All-items,2002=100,17,units,0,v41692888,16.2,33.2,,,,1
1977-10,"Toronto, Ontario",2011S0503535,Rented accommodation,2002=100,17,units,0,v41692890,16.80,40.1,,,,1
1977-11,Canada,2016A000011124,All-items,2002=100,17,units,0,v41690973,2.2,34.7,,,,1
1977-11,Canada,2016A000011124,Rented accommodation,2002=100,17,units,0,v41691051,2.80,43.1,,,,1
1977-11,Canada,2016A000011124,Rent,2002=100,17,units,0,v41691052,2.81,43.3,,,,1
1977-11,"Toronto, Ontario",2011S0503535,All-items,2002=100,17,units,0,v41692888,16.2,33.3,,,,1
1977-11,"Toronto, Ontario",2011S0503535,Rented accommodation,2002=100,17,units,0,v41692890,16.80,40.3,,,,1
1977-12,Canada,2016A000011124,All-items,2002=100,17,units,0,v41690973,2.2,34.9,,,,1
1977-12,Canada,2016A000011124,Rented accommodation,2002=100,17,units,0,v41691051,2.80,43.2,,,,1
1977-12,Canada,2016A000011124,Rent,2002=100,17,units,0,v41691052,2.81,43.3,,,,1
1977-12,"Toronto, Ontario",2011S0503535,All-items,2002=100,17,units,0,v41692888,16.2,33.7,,,,1
1977-12,"Toronto, Ontario",2011S0503535,Rented accommodation,2002=100,17,units,0,v41692890,16.80,40.4,,,,1
1978-01,Canada,2016A000011124,All-items,2002=100,17,units,0,v41690973,2.2,35.1,,,,1
1978-01,Canada,2016A000011124,Rented accommodation,2002=100,17,units,0,v41691051,2.80,43.3,,,,1
1978-01,Canada,2016A000011124,Rent,2002=100,17,units,0,v41691052,2.81,43.5,,,,1
1978-01,"Toronto, Ontario",2011S0503535,All-items,2002=100,17,units,0,v41692888,16.2,33.8,,,,1
1978-01,"Toronto, Ontario",2011S0503535,Rented accommodation,2002=100,17,units,0,v41692890,16.80,40.5,,,,1
1978-02,Canada,2016A000011124,All-items,2002=100,17,units,0,v41690973,2.2,35.4,,,,1
1978-02,Canada,2016A000011124,Rented accommodation,2002=100,17,units,0,v41691051,2.80,43.6,,,,1
1978-02,Canada,2016A000011124,Rent,2002=100,17,units,0,v41691052,2.81,43.8,,,,1
1978-02,"Toronto, Ontario",2011S0503535,All-items,2002=100,17,units,0,v41692888,16.2,33.9,,,,1
1978-02,"Toronto, Ontario",2011S0503535,Rented accommodation,2002=100,17,units,0,v41692890,16.80,40.7,,,,1
1978-03,Canada,2016A000011124,All-items,2002=100,17,units,0,v41690973,2.2,35.7,,,,1
1978-03,Canada,2016A000011124,Rented accommodation,2002=100,17,units,0,v41691051,2.80,43.6,,,,1
1978-03,Canada,2016A000011124,Rent,2002=100,17,units,0,v41691052,2.81,43.9,,,,1
1978-03,"Toronto, Ontario",2011S0503535,All-items,2002=100,17,units,0,v41692888,16.2,34.2,,,,1
1978-03,"Toronto, Ontario",2011S0503535,Rented accommodation,2002=100,17,units,0,v41692890,16.80,40.8,,,,1
1978-04,Canada,2016A000011124,All-items,2002=100,17,units,0,v41690973,2.2,35.8,,,,1
1978-04,Canada,2016A000011124,Rented accommodation,2002=100,17,units,0,v41691051,2.80,43.8,,,,1
1978-04,Canada,2016A000011124,Rent,2002=100,17,units,0,v41691052,2.81,43.9,,,,1
1978-04,"Toronto, Ontario",2011S0503535,All-items,2002=100,17,units,0,v41692888,16.2,34.3,,,,1
1978-04,"Toronto, Ontario",2011S0503535,Rented accommodation,2002=100,17,units,0,v41692890,16.80,40.9,,,,1
1978-05,Canada,2016A000011124,All-items,2002=100,17,units,0,v41690973,2.2,36.3,,,,1
1978-05,Canada,2016A000011124,Rented accommodation,2002=100,17,units,0,v41691051,2.80,43.8,,,,1
1978-05,Canada,2016A000011124,Rent,2002=100,17,units,0,v41691052,2.81,44.0,,,,1
1978-05,"Toronto, Ontario",2011S0503535,All-items,2002=100,17,units,0,v41692888,16.2,34.7,,,,1
1978-05,"Toronto, Ontario",2011S0503535,Rented accommodation,2002=100,17,units,0,v41692890,16.80,41.1,,,,1
1978-06,Canada,2016A000011124,All-items,2002=100,17,units,0,v41690973,2.2,36.6,,,,1
1978-06,Canada,2016A000011124,Rented accommodation,2002=100,17,units,0,v41691051,2.80,44.0,,,,1
1978-06,Canada,2016A000011124,Rent,2002=100,17,units,0,v41691052,2.81,44.2,,,,1
1978-06,"Toronto, Ontario",2011S0503535,All-items,2002=100,17,units,0,v41692888,16.2,35.1,,,,1
1978-06,"Toronto, Ontario",2011S0503535,Rented accommodation,2002=100,17,units,0,v41692890,16.80,41.2,,,,1
1978-07,Canada,2016A000011124,All-items,2002=100,17,units,0,v41690973,2.2,37.1,,,,1
1978-07,Canada,2016A000011124,Rented accommodation,2002=100,17,units,0,v41691051,2.80,44.2,,,,1
1978-07,Canada,2016A000011124,Rent,2002=100,17,units,0,v41691052,2.81,44.3,,,,1
1978-07,"Toronto, Ontario",2011S0503535,All-items,2002=100,17,units,0,v41692888,16.2,35.7,,,,1
1978-07,"Toronto, Ontario",2011S0503535,Rented accommodation,2002=100,17,units,0,v41692890,16.80,41.3,,,,1
1978-08,Canada,2016A000011124,All-items,2002=100,17,units,0,v41690973,2.2,37.2,,,,1
1978-08,Canada,2016A000011124,Rented accommodation,2002=100,17,units,0,v41691051,2.80,44.7,,,,1
1978-08,Canada,2016A000011124,Rent,2002=100,17,units,0,v41691052,2.81,44.8,,,,1
1978-08,"Toronto, Ontario",2011S0503535,All-items,2002=100,17,units,0,v41692888,16.2,35.6,,,,1
1978-08,"Toronto, Ontario",2011S0503535,Rented accommodation,2002=100,17,units,0,v41692890,16.80,41.5,,,,1
1978-09,Canada,2016A000011124,All-items,2002=100,17,units,0,v41690973,2.2,37.1,,,,1
1978-09,Canada,2016A000011124,Shelter,2002=100,17,units,0,v41691050,2.79,39.1,,,,1
1978-09,Canada,2016A000011124,Rented accommodation,2002=100,17,units,0,v41691051,2.80,44.8,,,,1
1978-09,Canada,2016A000011124,Rent,2002=100,17,units,0,v41691052,2.81,45.0,,,,1
1978-09,Ontario,2016A000235,All-items,2002=100,17,units,0,v41691919,14.2,36.0,,,,1
1978-09,Ontario,2016A000235,Shelter,2002=100,17,units,0,v41691952,14.79,37.0,,,,1
1978-09,Ontario,2016A000235,Rented accommodation,2002=100,17,units,0,v41691953,14.80,43.0,,,,1
1978-09,Ontario,2016A000235,Rent,2002=100,17,units,0,v41691954,14.81,43.0,,,,1
1978-09,"Toronto, Ontario",2011S0503535,All-items,2002=100,17,units,0,v41692888,16.2,35.4,,,,1
1978-09,"Toronto, Ontario",2011S0503535,Shelter,2002=100,17,units,0,v41692889,16.79,37.3,,,,1
1978-09,"Toronto, Ontario",2011S0503535,Rented accommodation,2002=100,17,units,0,v41692890,16.80,41.7,,,,1
1978-10,Canada,2016A000011124,All-items,2002=100,17,units,0,v41690973,2.2,37.6,,,,1
1978-10,Canada,2016A000011124,Shelter,2002=100,17,units,0,v41691050,2.79,39.5,,,,1
1978-10,Canada,2016A000011124,Rented accommodation,2002=100,17,units,0,v41691051,2.80,45.0,,,,1
1978-10,Canada,2016A000011124,Rent,2002=100,17,units,0,v41691052,2.81,45.2,,,,1
1978-10,Ontario,2016A000235,All-items,2002=100,17,units,0,v41691919,14.2,36.5,,,,1
1978-10,Ontario,2016A000235,Shelter,2002=100,17,units,0,v41691952,14.79,37.4,,,,1
1978-10,Ontario,2016A000235,Rented accommodation,2002=100,17,units,0,v41691953,14.80,43.1,,,,1
1978-10,Ontario,2016A000235,Rent,2002=100,17,units,0,v41691954,14.81,43.1,,,,1
1978-10,"Toronto, Ontario",2011S0503535,All-items,2002=100,17,units,0,v41692888,16.2,35.9,,,,1
1978-10,"Toronto, Ontario",2011S0503535,Shelter,2002=100,17,units,0,v41692889,16.79,37.6,,,,1
1978-10,"Toronto, Ontario",2011S0503535,Rented accommodation,2002=100,17,units,0,v41692890,16.80,41.9,,,,1
1978-11,Canada,2016A000011124,All-items,2002=100,17,units,0,v41690973,2.2,37.8,,,,1
1978-11,Canada,2016A000011124,Shelter,2002=100,17,units,0,v41691050,2.79,39.6,,,,1
1978-11,Canada,2016A000011124,Rented accommodation,2002=100,17,units,0,v41691051,2.80,45.2,,,,1
1978-11,Canada,2016A000011124,Rent,2002=100,17,units,0,v41691052,2.81,45.2,,,,1
1978-11,Ontario,2016A000235,All-items,2002=100,17,units,0,v41691919,14.2,36.9,,,,1
1978-11,Ontario,2016A000235,Shelter,2002=100,17,units,0,v41691952,14.79,37.5,,,,1
1978-11,Ontario,2016A000235,Rented accommodation,2002=100,17,units,0,v41691953,14.80,43.3,,,,1
1978-11,Ontario,2016A000235,Rent,2002=100,17,units,0,v41691954,14.81,43.3,,,,1
1978-11,"Toronto, Ontario",2011S0503535,All-items,2002=100,17,units,0,v41692888,16.2,36.2,,,,1
1978-11,"Toronto, Ontario",2011S0503535,Shelter,2002=100,17,units,0,v41692889,16.79,37.6,,,,1
1978-11,"Toronto, Ontario",2011S0503535,Rented accommodation,2002=100,17,units,0,v41692890,16.80,42.1,,,,1
1978-12,Canada,2016A000011124,All-items,2002=100,17,units,0,v41690973,2.2,37.9,,,,1
1978-12,Canada,2016A000011124,Shelter,2002=100,17,units,0,v41691050,2.79,39.7,,,,1
1978-12,Canada,2016A000011124,Rented accommodation,2002=100,17,units,0,v41691051,2.80,45.3,,,,1
1978-12,Canada,2016A000011124,Rent,2002=100,17,units,0,v41691052,2.81,45.3,,,,1
1978-12,Ontario,2016A000235,All-items,2002=100,17,units,0,v41691919,14.2,36.9,,,,1
1978-12,Ontario,2016A000235,Shelter,2002=100,17,units,0,v41691952,14.79,37.6,,,,1
1978-12,Ontario,2016A000235,Rented accommodation,2002=100,17,units,0,v41691953,14.80,43.4,,,,1
1978-12,Ontario,2016A000235,Rent,2002=100,17,units,0,v41691954,14.81,43.3,,,,1
1978-12,"Toronto, Ontario",2011S0503535,All-items,2002=100,17,units,0,v41692888,16.2,36.2,,,,1
1978-12,"Toronto, Ontario",2011S0503535,Shelter,2002=100,17,units,0,v41692889,16.79,37.7,,,,1
1978-12,"Toronto, Ontario",2011S0503535,Rented accommodation,2002=100,17,units,0,v41692890,16.80,42.1,,,,1
1979-01,Canada,2016A000011124,All-items,2002=100,17,units,0,v41690973,2.2,38.1,,,,1
1979-01,Canada,2016A000011124,Shelter,2002=100,17,units,0,v41691050,2.79,40.1,,,,1
1979-01,Canada,2016A000011124,Rented accommodation,2002=100,17,units,0,v41691051,2.80,45.4,,,,1
1979-01,Canada,2016A000011124,Rent,2002=100,17,units,0,v41691052,2.81,45.4,,,,1
1979-01,Ontario,2016A000235,All-items,2002=100,17,units,0,v41691919,14.2,37.2,,,,1
1979-01,Ontario,2016A000235,Shelter,2002=100,17,units,0,v41691952,14.79,37.9,,,,1
1979-01,Ontario,2016A000235,Rented accommodation,2002=100,17,units,0,v41691953,14.80,43.6,,,,1
1979-01,Ontario,2016A000235,Rent,2002=100,17,units,0,v41691954,14.81,43.5,,,,1
1979-01,"Toronto, Ontario",2011S0503535,All-items,2002=100,17,units,0,v41692888,16.2,36.7,,,,1
1979-01,"Toronto, Ontario",2011S0503535,Shelter,2002=100,17,units,0,v41692889,16.79,38.2,,,,1
1979-01,"Toronto, Ontario",2011S0503535,Rented accommodation,2002=100,17,units,0,v41692890,16.80,42.2,,,,1
1979-02,Canada,2016A000011124,All-items,2002=100,17,units,0,v41690973,2.2,38.6,,,,1
1979-02,Canada,2016A000011124,Shelter,2002=100,17,units,0,v41691050,2.79,40.2,,,,1
1979-02,Canada,2016A000011124,Rented accommodation,2002=100,17,units,0,v41691051,2.80,45.7,,,,1
1979-02,Canada,2016A000011124,Rent,2002=100,17,units,0,v41691052,2.81,45.7,,,,1
1979-02,Ontario,2016A000235,All-items,2002=100,17,units,0,v41691919,14.2,37.5,,,,1
1979-02,Ontario,2016A000235,Shelter,2002=100,17,units,0,v41691952,14.79,38.0,,,,1
1979-02,Ontario,2016A000235,Rented accommodation,2002=100,17,units,0,v41691953,14.80,43.7,,,,1
1979-02,Ontario,2016A000235,Rent,2002=100,17,units,0,v41691954,14.81,43.7,,,,1
1979-02,"Toronto, Ontario",2011S0503535,All-items,2002=100,17,units,0,v41692888,16.2,37.0,,,,1
1979-02,"Toronto, Ontario",2011S0503535,Shelter,2002=100,17,units,0,v41692889,16.79,38.1,,,,1
1979-02,"Toronto, Ontario",2011S0503535,Rented accommodation,2002=100,17,units,0,v41692890,16.80,42.4,,,,1
1979-03,Canada,2016A000011124,All-items,2002=100,17,units,0,v41690973,2.2,39.0,,,,1
1979-03,Canada,2016A000011124,Shelter,2002=100,17,units,0,v41691050,2.79,40.3,,,,1
1979-03,Canada,2016A000011124,Rented accommodation,2002=100,17,units,0,v41691051,2.80,45.7,,,,1
1979-03,Canada,2016A000011124,Rent,2002=100,17,units,0,v41691052,2.81,45.9,,,,1
1979-03,Ontario,2016A000235,All-items,2002=100,17,units,0,v41691919,14.2,38.0,,,,1
1979-03,Ontario,2016A000235,Shelter,2002=100,17,units,0,v41691952,14.79,38.1,,,,1
1979-03,Ontario,2016A000235,Rented accommodation,2002=100,17,units,0,v41691953,14.80,43.8,,,,1
1979-03,Ontario,2016A000235,Rent,2002=100,17,units,0,v41691954,14.81,43.9,,,,1
1979-03,"Toronto, Ontario",2011S0503535,All-items,2002=100,17,units,0,v41692888,16.2,37.4,,,,1
1979-03,"Toronto, Ontario",2011S0503535,Shelter,2002=100,17,units,0,v41692889,16.79,38.2,,,,1
1979-03,"Toronto, Ontario",2011S0503535,Rented accommodation,2002=100,17,units,0,v41692890,16.80,42.6,,,,1
1979-04,Canada,2016A000011124,All-items,2002=100,17,units,0,v41690973,2.2,39.3,,,,1
1979-04,Canada,2016A000011124,Shelter,2002=100,17,units,0,v41691050,2.79,40.4,,,,1
1979-04,Canada,2016A000011124,Rented accommodation,2002=100,17,units,0,v41691051,2.80,45.9,,,,1
1979-04,Canada,2016A000011124,Rent,2002=100,17,units,0,v41691052,2.81,45.9,,,,1
1979-04,Ontario,2016A000235,All-items,2002=100,17,units,0,v41691919,14.2,38.3,,,,1
1979-04,Ontario,2016A000235,Shelter,2002=100,17,units,0,v41691952,14.79,38.2,,,,1
1979-04,Ontario,2016A000235,Rented accommodation,2002=100,17,units,0,v41691953,14.80,44.0,,,,1
1979-04,Ontario,2016A000235,Rent,2002=100,17,units,0,v41691954,14.81,43.9,,,,1
1979-04,"Toronto, Ontario",2011S0503535,All-items,2002=100,17,units,0,v41692888,16.2,37.6,,,,1
1979-04,"Toronto, Ontario",2011S0503535,Shelter,2002=100,17,units,0,v41692889,16.79,38.2,,,,1
1979-04,"Toronto, Ontario",2011S0503535,Rented accommodation,2002=100,17,units,0,v41692890,16.80,42.6,,,,1
1979-05,Canada,2016A000011124,All-items,2002=100,17,units,0,v41690973,2.2,39.7,,,,1
1979-05,Canada,2016A000011124,Shelter,2002=100,17,units,0,v41691050,2.79,40.5,,,,1
1979-05,Canada,2016A000011124,Rented accommodation,2002=100,17,units,0,v41691051,2.80,45.9,,,,1
1979-05,Canada,2016A000011124,Rent,2002=100,17,units,0,v41691052,2.81,46.0,,,,1
1979-05,Ontario,2016A000235,All-items,2002=100,17,units,0,v41691919,14.2,38.6,,,,1
1979-05,Ontario,2016A000235,Shelter,2002=100,17,units,0,v41691952,14.79,38.2,,,,1
1979-05,Ontario,2016A000235,Rented accommodation,2002=100,17,units,0,v41691953,14.80,44.1,,,,1
1979-05,Ontario,2016A000235,Rent,2002=100,17,units,0,v41691954,14.81,44.0,,,,1
1979-05,"Toronto, Ontario",2011S0503535,All-items,2002=100,17,units,0,v41692888,16.2,38.1,,,,1
1979-05,"Toronto, Ontario",2011S0503535,Shelter,2002=100,17,units,0,v41692889,16.79,38.2,,,,1
1979-05,"Toronto, Ontario",2011S0503535,Rented accommodation,2002=100,17,units,0,v41692890,16.80,42.8,,,,1
1979-06,Canada,2016A000011124,All-items,2002=100,17,units,0,v41690973,2.2,39.9,,,,1
1979-06,Canada,2016A000011124,Shelter,2002=100,17,units,0,v41691050,2.79,40.7,,,,1
1979-06,Canada,2016A000011124,Rented accommodation,2002=100,17,units,0,v41691051,2.80,46.1,,,,1
1979-06,Canada,2016A000011124,Rent,2002=100,17,units,0,v41691052,2.81,46.1,,,,1
1979-06,Ontario,2016A000235,All-items,2002=100,17,units,0,v41691919,14.2,38.9,,,,1
1979-06,Ontario,2016A000235,Shelter,2002=100,17,units,0,v41691952,14.79,38.5,,,,1
1979-06,Ontario,2016A000235,Rented accommodation,2002=100,17,units,0,v41691953,14.80,44.2,,,,1
1979-06,Ontario,2016A000235,Rent,2002=100,17,units,0,v41691954,14.81,44.1,,,,1
1979-06,"Toronto, Ontario",2011S0503535,All-items,2002=100,17,units,0,v41692888,16.2,38.3,,,,1
1979-06,"Toronto, Ontario",2011S0503535,Shelter,2002=100,17,units,0,v41692889,16.79,38.5,,,,1
1979-06,"Toronto, Ontario",2011S0503535,Rented accommodation,2002=100,17,units,0,v41692890,16.80,43.0,,,,1
1979-07,Canada,2016A000011124,All-items,2002=100,17,units,0,v41690973,2.2,40.2,,,,1
1979-07,Canada,2016A000011124,Shelter,2002=100,17,units,0,v41691050,2.79,40.9,,,,1
1979-07,Canada,2016A000011124,Rented accommodation,2002=100,17,units,0,v41691051,2.80,46.2,,,,1
1979-07,Canada,2016A000011124,Rent,2002=100,17,units,0,v41691052,2.81,46.2,,,,1
1979-07,Ontario,2016A000235,All-items,2002=100,17,units,0,v41691919,14.2,39.2,,,,1
1979-07,Ontario,2016A000235,Shelter,2002=100,17,units,0,v41691952,14.79,38.5,,,,1
1979-07,Ontario,2016A000235,Rented accommodation,2002=100,17,units,0,v41691953,14.80,44.3,,,,1
1979-07,Ontario,2016A000235,Rent,2002=100,17,units,0,v41691954,14.81,44.4,,,,1
1979-07,"Toronto, Ontario",2011S0503535,All-items,2002=100,17,units,0,v41692888,16.2,38.6,,,,1
1979-07,"Toronto, Ontario",2011S0503535,Shelter,2002=100,17,units,0,v41692889,16.79,38.6,,,,1
1979-07,"Toronto, Ontario",2011S0503535,Rented accommodation,2002=100,17,units,0,v41692890,16.80,43.2,,,,1
1979-08,Canada,2016A000011124,All-items,2002=100,17,units,0,v41690973,2.2,40.3,,,,1
1979-08,Canada,2016A000011124,Shelter,2002=100,17,units,0,v41691050,2.79,41.0,,,,1
1979-08,Canada,2016A000011124,Rented accommodation,2002=100,17,units,0,v41691051,2.80,46.8,,,,1
1979-08,Canada,2016A000011124,Rent,2002=100,17,units,0,v41691052,2.81,46.7,,,,1
1979-08,Ontario,2016A000235,All-items,2002=100,17,units,0,v41691919,14.2,39.3,,,,1
1979-08,Ontario,2016A000235,Shelter,2002=100,17,units,0,v41691952,14.79,38.6,,,,1
1979-08,Ontario,2016A000235,Rented accommodation,2002=100,17,units,0,v41691953,14.80,44.6,,,,1
1979-08,Ontario,2016A000235,Rent,2002=100,17,units,0,v41691954,14.81,44.6,,,,1
1979-08,"Toronto, Ontario",2011S0503535,All-items,2002=100,17,units,0,v41692888,16.2,38.6,,,,1
1979-08,"Toronto, Ontario",2011S0503535,Shelter,2002=100,17,units,0,v41692889,16.79,38.7,,,,1
1979-08,"Toronto, Ontario",2011S0503535,Rented accommodation,2002=100,17,units,0,v41692890,16.80,43.4,,,,1
1979-09,Canada,2016A000011124,All-items,2002=100,17,units,0,v41690973,2.2,40.7,,,,1
1979-09,Canada,2016A000011124,Shelter,2002=100,17,units,0,v41691050,2.79,41.5,,,,1
1979-09,Canada,2016A000011124,Rented accommodation,2002=100,17,units,0,v41691051,2.80,46.9,,,,1
1979-09,Canada,2016A000011124,Rent,2002=100,17,units,0,v41691052,2.81,46.9,,,,1
1979-09,Ontario,2016A000235,All-items,2002=100,17,units,0,v41691919,14.2,39.5,,,,1
1979-09,Ontario,2016A000235,Shelter,2002=100,17,units,0,v41691952,14.79,39.0,,,,1
1979-09,Ontario,2016A000235,Rented accommodation,2002=100,17,units,0,v41691953,14.80,44.7,,,,1
1979-09,Ontario,2016A000235,Rent,2002=100,17,units,0,v41691954,14.81,44.7,,,,1
1979-09,"Toronto, Ontario",2011S0503535,All-items,2002=100,17,units,0,v41692888,16.2,39.0,,,,1
1979-09,"Toronto, Ontario",2011S0503535,Shelter,2002=100,17,units,0,v41692889,16.79,38.9,,,,1
1979-09,"Toronto, Ontario",2011S0503535,Rented accommodation,2002=100,17,units,0,v41692890,16.80,43.5,,,,1
1979-10,Canada,2016A000011124,All-items,2002=100,17,units,0,v41690973,2.2,41.0,,,,1
1979-10,Canada,2016A000011124,Shelter,2002=100,17,units,0,v41691050,2.79,41.7,,,,1
1979-10,Canada,2016A000011124,Rented accommodation,2002=100,17,units,0,v41691051,2.80,47.1,,,,1
1979-10,Canada,2016A000011124,Rent,2002=100,17,units,0,v41691052,2.81,47.1,,,,1
1979-10,Ontario,2016A000235,All-items,2002=100,17,units,0,v41691919,14.2,40.0,,,,1
1979-10,Ontario,2016A000235,Shelter,2002=100,17,units,0,v41691952,14.79,39.5,,,,1
1979-10,Ontario,2016A000235,Rented accommodation,2002=100,17,units,0,v41691953,14.80,44.9,,,,1
1979-10,Ontario,2016A000235,Rent,2002=100,17,units,0,v41691954,14.81,45.0,,,,1
1979-10,"Toronto, Ontario",2011S0503535,All-items,2002=100,17,units,0,v41692888,16.2,39.2,,,,1
1979-10,"Toronto, Ontario",2011S0503535,Shelter,2002=100,17,units,0,v41692889,16.79,39.5,,,,1
1979-10,"Toronto, Ontario",2011S0503535,Rented accommodation,2002=100,17,units,0,v41692890,16.80,43.8,,,,1
1979-11,Canada,2016A000011124,All-items,2002=100,17,units,0,v41690973,2.2,41.4,,,,1
1979-11,Canada,2016A000011124,Shelter,2002=100,17,units,0,v41691050,2.79,42.0,,,,1
1979-11,Canada,2016A000011124,Rented accommodation,2002=100,17,units,0,v41691051,2.80,47.2,,,,1
1979-11,Canada,2016A000011124,Rent,2002=100,17,units,0,v41691052,2.81,47.2,,,,1
1979-11,Ontario,2016A000235,All-items,2002=100,17,units,0,v41691919,14.2,40.4,,,,1
1979-11,Ontario,2016A000235,Shelter,2002=100,17,units,0,v41691952,14.79,39.7,,,,1
1979-11,Ontario,2016A000235,Rented accommodation,2002=100,17,units,0,v41691953,14.80,45.1,,,,1
1979-11,Ontario,2016A000235,Rent,2002=100,17,units,0,v41691954,14.81,45.1,,,,1
1979-11,"Toronto, Ontario",2011S0503535,All-items,2002=100,17,units,0,v41692888,16.2,39.8,,,,1
1979-11,"Toronto, Ontario",2011S0503535,Shelter,2002=100,17,units,0,v41692889,16.79,39.7,,,,1
1979-11,"Toronto, Ontario",2011S0503535,Rented accommodation,2002=100,17,units,0,v41692890,16.80,43.9,,,,1
1979-12,Canada,2016A000011124,All-items,2002=100,17,units,0,v41690973,2.2,41.6,,,,1
1979-12,Canada,2016A000011124,Shelter,2002=100,17,units,0,v41691050,2.79,42.1,,,,1
1979-12,Canada,2016A000011124,Rented accommodation,2002=100,17,units,0,v41691051,2.80,47.4,,,,1
1979-12,Canada,2016A000011124,Rent,2002=100,17,units,0,v41691052,2.81,47.3,,,,1
1979-12,Ontario,2016A000235,All-items,2002=100,17,units,0,v41691919,14.2,40.6,,,,1
1979-12,Ontario,2016A000235,Shelter,2002=100,17,units,0,v41691952,14.79,39.8,,,,1
1979-12,Ontario,2016A000235,Rented accommodation,2002=100,17,units,0,v41691953,14.80,45.2,,,,1
1979-12,Ontario,2016A000235,Rent,2002=100,17,units,0,v41691954,14.81,45.2,,,,1
1979-12,"Toronto, Ontario",2011S0503535,All-items,2002=100,17,units,0,v41692888,16.2,40.0,,,,1
1979-12,"Toronto, Ontario",2011S0503535,Shelter,2002=100,17,units,0,v41692889,16.79,39.8,,,,1
1979-12,"Toronto, Ontario",2011S0503535,Rented accommodation,2002=100,17,units,0,v41692890,16.80,44.0,,,,1
1980-01,Canada,2016A000011124,All-items,2002=100,17,units,0,v41690973,2.2,41.8,,,,1
1980-01,Canada,2016A000011124,Shelter,2002=100,17,units,0,v41691050,2.79,42.4,,,,1
1980-01,Canada,2016A000011124,Rented accommodation,2002=100,17,units,0,v41691051,2.80,47.4,,,,1
1980-01,Canada,2016A000011124,Rent,2002=100,17,units,0,v41691052,2.81,47.4,,,,1
1980-01,Ontario,2016A000235,All-items,2002=100,17,units,0,v41691919,14.2,40.9,,,,1
1980-01,Ontario,2016A000235,Shelter,2002=100,17,units,0,v41691952,14.79,40.1,,,,1
1980-01,Ontario,2016A000235,Rented accommodation,2002=100,17,units,0,v41691953,14.80,45.3,,,,1
1980-01,Ontario,2016A000235,Rent,2002=100,17,units,0,v41691954,14.81,45.3,,,,1
1980-01,"Toronto, Ontario",2011S0503535,All-items,2002=100,17,units,0,v41692888,16.2,40.1,,,,1
1980-01,"Toronto, Ontario",2011S0503535,Shelter,2002=100,17,units,0,v41692889,16.79,40.1,,,,1
1980-01,"Toronto, Ontario",2011S0503535,Rented accommodation,2002=100,17,units,0,v41692890,16.80,44.1,,,,1
1980-02,Canada,2016A000011124,All-items,2002=100,17,units,0,v41690973,2.2,42.3,,,,1
1980-02,Canada,2016A000011124,Shelter,2002=100,17,units,0,v41691050,2.79,42.7,,,,1
1980-02,Canada,2016A000011124,Rented accommodation,2002=100,17,units,0,v41691051,2.80,47.7,,,,1
1980-02,Canada,2016A000011124,Rent,2002=100,17,units,0,v41691052,2.81,47.7,,,,1
1980-02,Ontario,2016A000235,All-items,2002=100,17,units,0,v41691919,14.2,41.3,,,,1
1980-02,Ontario,2016A000235,Shelter,2002=100,17,units,0,v41691952,14.79,40.4,,,,1
1980-02,Ontario,2016A000235,Rented accommodation,2002=100,17,units,0,v41691953,14.80,45.6,,,,1
1980-02,Ontario,2016A000235,Rent,2002=100,17,units,0,v41691954,14.81,45.6,,,,1
1980-02,"Toronto, Ontario",2011S0503535,All-items,2002=100,17,units,0,v41692888,16.2,40.6,,,,1
1980-02,"Toronto, Ontario",2011S0503535,Shelter,2002=100,17,units,0,v41692889,16.79,40.3,,,,1
1980-02,"Toronto, Ontario",2011S0503535,Rented accommodation,2002=100,17,units,0,v41692890,16.80,44.4,,,,1
1980-03,Canada,2016A000011124,All-items,2002=100,17,units,0,v41690973,2.2,42.6,,,,1
1980-03,Canada,2016A000011124,Shelter,2002=100,17,units,0,v41691050,2.79,43.1,,,,1
1980-03,Canada,2016A000011124,Rented accommodation,2002=100,17,units,0,v41691051,2.80,47.8,,,,1
1980-03,Canada,2016A000011124,Rent,2002=100,17,units,0,v41691052,2.81,47.8,,,,1
1980-03,Ontario,2016A000235,All-items,2002=100,17,units,0,v41691919,14.2,41.7,,,,1
1980-03,Ontario,2016A000235,Shelter,2002=100,17,units,0,v41691952,14.79,40.6,,,,1
1980-03,Ontario,2016A000235,Rented accommodation,2002=100,17,units,0,v41691953,14.80,45.6,,,,1
1980-03,Ontario,2016A000235,Rent,2002=100,17,units,0,v41691954,14.81,45.6,,,,1
1980-03,"Toronto, Ontario",2011S0503535,All-items,2002=100,17,units,0,v41692888,16.2,41.0,,,,1
1980-03,"Toronto, Ontario",2011S0503535,Shelter,2002=100,17,units,0,v41692889,16.79,40.6,,,,1
1980-03,"Toronto, Ontario",2011S0503535,Rented accommodation,2002=100,17,units,0,v41692890,16.80,44.4,,,,1
1980-04,Canada,2016A000011124,All-items,2002=100,17,units,0,v41690973,2.2,42.9,,,,1
1980-04,Canada,2016A000011124,Shelter,2002=100,17,units,0,v41691050,2.79,43.3,,,,1
1980-04,Canada,2016A000011124,Rented accommodation,2002=100,17,units,0,v41691051,2.80,48.0,,,,1
1980-04,Canada,2016A000011124,Rent,2002=100,17,units,0,v41691052,2.81,47.9,,,,1
1980-04,Ontario,2016A000235,All-items,2002=100,17,units,0,v41691919,14.2,42.0,,,,1
1980-04,Ontario,2016A000235,Shelter,2002=100,17,units,0,v41691952,14.79,40.9,,,,1
1980-04,Ontario,2016A000235,Rented accommodation,2002=100,17,units,0,v41691953,14.80,45.7,,,,1
1980-04,Ontario,2016A000235,Rent,2002=100,17,units,0,v41691954,14.81,45.7,,,,1
1980-04,"Toronto, Ontario",2011S0503535,All-items,2002=100,17,units,0,v41692888,16.2,41.2,,,,1
1980-04,"Toronto, Ontario",2011S0503535,Shelter,2002=100,17,units,0,v41692889,16.79,40.8,,,,1
1980-04,"Toronto, Ontario",2011S0503535,Rented accommodation,2002=100,17,units,0,v41692890,16.80,44.6,,,,1
1980-05,Canada,2016A000011124,All-items,2002=100,17,units,0,v41690973,2.2,43.4,,,,1
1980-05,Canada,2016A000011124,Shelter,2002=100,17,units,0,v41691050,2.79,43.5,,,,1
1980-05,Canada,2016A000011124,Rented accommodation,2002=100,17,units,0,v41691051,2.80,48.0,,,,1
1980-05,Canada,2016A000011124,Rent,2002=100,17,units,0,v41691052,2.81,48.0,,,,1
1980-05,Ontario,2016A000235,All-items,2002=100,17,units,0,v41691919,14.2,42.4,,,,1
1980-05,Ontario,2016A000235,Shelter,2002=100,17,units,0,v41691952,14.79,41.1,,,,1
1980-05,Ontario,2016A000235,Rented accommodation,2002=100,17,units,0,v41691953,14.80,46.0,,,,1
1980-05,Ontario,2016A000235,Rent,2002=100,17,units,0,v41691954,14.81,45.9,,,,1
1980-05,"Toronto, Ontario",2011S0503535,All-items,2002=100,17,units,0,v41692888,16.2,41.7,,,,1
1980-05,"Toronto, Ontario",2011S0503535,Shelter,2002=100,17,units,0,v41692889,16.79,41.0,,,,1
1980-05,"Toronto, Ontario",2011S0503535,Rented accommodation,2002=100,17,units,0,v41692890,16.80,44.7,,,,1
1980-06,Canada,2016A000011124,All-items,2002=100,17,units,0,v41690973,2.2,43.9,,,,1
1980-06,Canada,2016A000011124,Shelter,2002=100,17,units,0,v41691050,2.79,43.8,,,,1
1980-06,Canada,2016A000011124,Rented accommodation,2002=100,17,units,0,v41691051,2.80,48.1,,,,1
1980-06,Canada,2016A000011124,Rent,2002=100,17,units,0,v41691052,2.81,48.2,,,,1
1980-06,Ontario,2016A000235,All-items,2002=100,17,units,0,v41691919,14.2,42.9,,,,1
1980-06,Ontario,2016A000235,Shelter,2002=100,17,units,0,v41691952,14.79,41.3,,,,1
1980-06,Ontario,2016A000235,Rented accommodation,2002=100,17,units,0,v41691953,14.80,46.1,,,,1
1980-06,Ontario,2016A000235,Rent,2002=100,17,units,0,v41691954,14.81,46.1,,,,1
1980-06,"Toronto, Ontario",2011S0503535,All-items,2002=100,17,units,0,v41692888,16.2,42.1,,,,1
1980-06,"Toronto, Ontario",2011S0503535,Shelter,2002=100,17,units,0,v41692889,16.79,41.3,,,,1
1980-06,"Toronto, Ontario",2011S0503535,Rented accommodation,2002=100,17,units,0,v41692890,16.80,44.9,,,,1
1980-07,Canada,2016A000011124,All-items,2002=100,17,units,0,v41690973,2.2,44.2,,,,1
1980-07,Canada,2016A000011124,Shelter,2002=100,17,units,0,v41691050,2.79,44.1,,,,1
1980-07,Canada,2016A000011124,Rented accommodation,2002=100,17,units,0,v41691051,2.80,48.5,,,,1
1980-07,Canada,2016A000011124,Rent,2002=100,17,units,0,v41691052,2.81,48.3,,,,1
1980-07,Ontario,2016A000235,All-items,2002=100,17,units,0,v41691919,14.2,43.1,,,,1
1980-07,Ontario,2016A000235,Shelter,2002=100,17,units,0,v41691952,14.79,41.7,,,,1
1980-07,Ontario,2016A000235,Rented accommodation,2002=100,17,units,0,v41691953,14.80,46.3,,,,1
1980-07,Ontario,2016A000235,Rent,2002=100,17,units,0,v41691954,14.81,46.2,,,,1
1980-07,"Toronto, Ontario",2011S0503535,All-items,2002=100,17,units,0,v41692888,16.2,42.4,,,,1
1980-07,"Toronto, Ontario",2011S0503535,Shelter,2002=100,17,units,0,v41692889,16.79,41.5,,,,1
1980-07,"Toronto, Ontario",2011S0503535,Rented accommodation,2002=100,17,units,0,v41692890,16.80,45.1,,,,1
1980-08,Canada,2016A000011124,All-items,2002=100,17,units,0,v41690973,2.2,44.7,,,,1
1980-08,Canada,2016A000011124,Shelter,2002=100,17,units,0,v41691050,2.79,44.5,,,,1
1980-08,Canada,2016A000011124,Rented accommodation,2002=100,17,units,0,v41691051,2.80,49.2,,,,1
1980-08,Canada,2016A000011124,Rent,2002=100,17,units,0,v41691052,2.81,49.1,,,,1
1980-08,Ontario,2016A000235,All-items,2002=100,17,units,0,v41691919,14.2,43.5,,,,1
1980-08,Ontario,2016A000235,Shelter,2002=100,17,units,0,v41691952,14.79,41.8,,,,1
1980-08,Ontario,2016A000235,Rented accommodation,2002=100,17,units,0,v41691953,14.80,46.6,,,,1
1980-08,Ontario,2016A000235,Rent,2002=100,17,units,0,v41691954,14.81,46.5,,,,1
1980-08,"Toronto, Ontario",2011S0503535,All-items,2002=100,17,units,0,v41692888,16.2,42.8,,,,1
1980-08,"Toronto, Ontario",2011S0503535,Shelter,2002=100,17,units,0,v41692889,16.79,41.8,,,,1
1980-08,"Toronto, Ontario",2011S0503535,Rented accommodation,2002=100,17,units,0,v41692890,16.80,45.3,,,,1
1980-09,Canada,2016A000011124,All-items,2002=100,17,units,0,v41690973,2.2,45.0,,,,1
1980-09,Canada,2016A000011124,Shelter,2002=100,17,units,0,v41691050,2.79,44.7,,,,1
1980-09,Canada,2016A000011124,Rented accommodation,2002=100,17,units,0,v41691051,2.80,49.4,,,,1
1980-09,Canada,2016A000011124,Rent,2002=100,17,units,0,v41691052,2.81,49.3,,,,1
1980-09,Ontario,2016A000235,All-items,2002=100,17,units,0,v41691919,14.2,44.0,,,,1
1980-09,Ontario,2016A000235,Shelter,2002=100,17,units,0,v41691952,14.79,42.0,,,,1
1980-09,Ontario,2016A000235,Rented accommodation,2002=100,17,units,0,v41691953,14.80,46.6,,,,1
1980-09,Ontario,2016A000235,Rent,2002=100,17,units,0,v41691954,14.81,46.6,,,,1
1980-09,"Toronto, Ontario",2011S0503535,All-items,2002=100,17,units,0,v41692888,16.2,43.1,,,,1
1980-09,"Toronto, Ontario",2011S0503535,Shelter,2002=100,17,units,0,v41692889,16.79,42.0,,,,1
1980-09,"Toronto, Ontario",2011S0503535,Rented accommodation,2002=100,17,units,0,v41692890,16.80,45.6,,,,1
1980-10,Canada,2016A000011124,All-items,2002=100,17,units,0,v41690973,2.2,45.4,,,,1
1980-10,Canada,2016A000011124,Shelter,2002=100,17,units,0,v41691050,2.79,45.3,,,,1
1980-10,Canada,2016A000011124,Rented accommodation,2002=100,17,units,0,v41691051,2.80,49.6,,,,1
1980-10,Canada,2016A000011124,Rent,2002=100,17,units,0,v41691052,2.81,49.6,,,,1
1980-10,Ontario,2016A000235,All-items,2002=100,17,units,0,v41691919,14.2,44.3,,,,1
1980-10,Ontario,2016A000235,Shelter,2002=100,17,units,0,v41691952,14.79,42.4,,,,1
1980-10,Ontario,2016A000235,Rented accommodation,2002=100,17,units,0,v41691953,14.80,46.9,,,,1
1980-10,Ontario,2016A000235,Rent,2002=100,17,units,0,v41691954,14.81,46.8,,,,1
1980-10,"Toronto, Ontario",2011S0503535,All-items,2002=100,17,units,0,v41692888,16.2,43.5,,,,1
1980-10,"Toronto, Ontario",2011S0503535,Shelter,2002=100,17,units,0,v41692889,16.79,42.4,,,,1
1980-10,"Toronto, Ontario",2011S0503535,Rented accommodation,2002=100,17,units,0,v41692890,16.80,45.8,,,,1
1980-11,Canada,2016A000011124,All-items,2002=100,17,units,0,v41690973,2.2,46.0,,,,1
1980-11,Canada,2016A000011124,Shelter,2002=100,17,units,0,v41691050,2.79,45.9,,,,1
1980-11,Canada,2016A000011124,Rented accommodation,2002=100,17,units,0,v41691051,2.80,49.9,,,,1
1980-11,Canada,2016A000011124,Rent,2002=100,17,units,0,v41691052,2.81,49.8,,,,1
1980-11,Ontario,2016A000235,All-items,2002=100,17,units,0,v41691919,14.2,44.6,,,,1
1980-11,Ontario,2016A000235,Shelter,2002=100,17,units,0,v41691952,14.79,42.6,,,,1
1980-11,Ontario,2016A000235,Rented accommodation,2002=100,17,units,0,v41691953,14.80,47.1,,,,1
1980-11,Ontario,2016A000235,Rent,2002=100,17,units,0,v41691954,14.81,47.0,,,,1
1980-11,"Toronto, Ontario",2011S0503535,All-items,2002=100,17,units,0,v41692888,16.2,43.9,,,,1
1980-11,"Toronto, Ontario",2011S0503535,Shelter,2002=100,17,units,0,v41692889,16.79,42.7,,,,1
1980-11,"Toronto, Ontario",2011S0503535,Rented accommodation,2002=100,17,units,0,v41692890,16.80,45.9,,,,1
1980-12,Canada,2016A000011124,All-items,2002=100,17,units,0,v41690973,2.2,46.2,,,,1
1980-12,Canada,2016A000011124,Shelter,2002=100,17,units,0,v41691050,2.79,46.1,,,,1
1980-12,Canada,2016A000011124,Rented accommodation,2002=100,17,units,0,v41691051,2.80,50.0,,,,1
1980-12,Canada,2016A000011124,Rent,2002=100,17,units,0,v41691052,2.81,49.9,,,,1
1980-12,Ontario,2016A000235,All-items,2002=100,17,units,0,v41691919,14.2,45.0,,,,1
1980-12,Ontario,2016A000235,Shelter,2002=100,17,units,0,v41691952,14.79,43.0,,,,1
1980-12,Ontario,2016A000235,Rented accommodation,2002=100,17,units,0,v41691953,14.80,47.2,,,,1
1980-12,Ontario,2016A000235,Rent,2002=100,17,units,0,v41691954,14.81,47.2,,,,1
1980-12,"Toronto, Ontario",2011S0503535,All-items,2002=100,17,units,0,v41692888,16.2,44.3,,,,1
1980-12,"Toronto, Ontario",2011S0503535,Shelter,2002=100,17,units,0,v41692889,16.79,43.0,,,,1
1980-12,"Toronto, Ontario",2011S0503535,Rented accommodation,2002=100,17,units,0,v41692890,16.80,46.2,,,,1
1981-01,Canada,2016A000011124,All-items,2002=100,17,units,0,v41690973,2.2,46.9,,,,1
1981-01,Canada,2016A000011124,Shelter,2002=100,17,units,0,v41691050,2.79,46.9,,,,1
1981-01,Canada,2016A000011124,Rented accommodation,2002=100,17,units,0,v41691051,2.80,50.2,,,,1
1981-01,Canada,2016A000011124,Rent,2002=100,17,units,0,v41691052,2.81,50.0,,,,1
1981-01,Ontario,2016A000235,All-items,2002=100,17,units,0,v41691919,14.2,45.6,,,,1
1981-01,Ontario,2016A000235,Shelter,2002=100,17,units,0,v41691952,14.79,43.8,,,,1
1981-01,Ontario,2016A000235,Rented accommodation,2002=100,17,units,0,v41691953,14.80,47.4,,,,1
1981-01,Ontario,2016A000235,Rent,2002=100,17,units,0,v41691954,14.81,47.3,,,,1
1981-01,"Toronto, Ontario",2011S0503535,All-items,2002=100,17,units,0,v41692888,16.2,44.9,,,,1
1981-01,"Toronto, Ontario",2011S0503535,Shelter,2002=100,17,units,0,v41692889,16.79,43.6,,,,1
1981-01,"Toronto, Ontario",2011S0503535,Rented accommodation,2002=100,17,units,0,v41692890,16.80,46.3,,,,1
1981-02,Canada,2016A000011124,All-items,2002=100,17,units,0,v41690973,2.2,47.4,,,,1
1981-02,Canada,2016A000011124,Shelter,2002=100,17,units,0,v41691050,2.79,47.3,,,,1
1981-02,Canada,2016A000011124,Rented accommodation,2002=100,17,units,0,v41691051,2.80,50.5,,,,1
1981-02,Canada,2016A000011124,Rent,2002=100,17,units,0,v41691052,2.81,50.4,,,,1
1981-02,Ontario,2016A000235,All-items,2002=100,17,units,0,v41691919,14.2,46.0,,,,1
1981-02,Ontario,2016A000235,Shelter,2002=100,17,units,0,v41691952,14.79,44.1,,,,1
1981-02,Ontario,2016A000235,Rented accommodation,2002=100,17,units,0,v41691953,14.80,47.6,,,,1
1981-02,Ontario,2016A000235,Rent,2002=100,17,units,0,v41691954,14.81,47.6,,,,1
1981-02,"Toronto, Ontario",2011S0503535,All-items,2002=100,17,units,0,v41692888,16.2,45.4,,,,1
1981-02,"Toronto, Ontario",2011S0503535,Shelter,2002=100,17,units,0,v41692889,16.79,44.0,,,,1
1981-02,"Toronto, Ontario",2011S0503535,Rented accommodation,2002=100,17,units,0,v41692890,16.80,46.4,,,,1
1981-03,Canada,2016A000011124,All-items,2002=100,17,units,0,v41690973,2.2,48.0,,,,1
1981-03,Canada,2016A000011124,Shelter,2002=100,17,units,0,v41691050,2.79,47.9,,,,1
1981-03,Canada,2016A000011124,Rented accommodation,2002=100,17,units,0,v41691051,2.80,50.6,,,,1
1981-03,Canada,2016A000011124,Rent,2002=100,17,units,0,v41691052,2.81,50.5,,,,1
1981-03,Ontario,2016A000235,All-items,2002=100,17,units,0,v41691919,14.2,46.6,,,,1
1981-03,Ontario,2016A000235,Shelter,2002=100,17,units,0,v41691952,14.79,44.6,,,,1
1981-03,Ontario,2016A000235,Rented accommodation,2002=100,17,units,0,v41691953,14.80,47.8,,,,1
1981-03,Ontario,2016A000235,Rent,2002=100,17,units,0,v41691954,14.81,47.7,,,,1
1981-03,"Toronto, Ontario",2011S0503535,All-items,2002=100,17,units,0,v41692888,16.2,45.9,,,,1
1981-03,"Toronto, Ontario",2011S0503535,Shelter,2002=100,17,units,0,v41692889,16.79,44.6,,,,1
1981-03,"Toronto, Ontario",2011S0503535,Rented accommodation,2002=100,17,units,0,v41692890,16.80,46.6,,,,1
1981-04,Canada,2016A000011124,All-items,2002=100,17,units,0,v41690973,2.2,48.3,,,,1
1981-04,Canada,2016A000011124,Shelter,2002=100,17,units,0,v41691050,2.79,48.2,,,,1
1981-04,Canada,2016A000011124,Rented accommodation,2002=100,17,units,0,v41691051,2.80,50.9,,,,1
1981-04,Canada,2016A000011124,Rent,2002=100,17,units,0,v41691052,2.81,50.7,,,,1
1981-04,Ontario,2016A000235,All-items,2002=100,17,units,0,v41691919,14.2,47.0,,,,1
1981-04,Ontario,2016A000235,Shelter,2002=100,17,units,0,v41691952,14.79,45.1,,,,1
1981-04,Ontario,2016A000235,Rented accommodation,2002=100,17,units,0,v41691953,14.80,48.0,,,,1
1981-04,Ontario,2016A000235,Rent,2002=100,17,units,0,v41691954,14.81,47.9,,,,1
1981-04,"Toronto, Ontario",2011S0503535,All-items,2002=100,17,units,0,v41692888,16.2,46.4,,,,1
1981-04,"Toronto, Ontario",2011S0503535,Shelter,2002=100,17,units,0,v41692889,16.79,45.3,,,,1
1981-04,"Toronto, Ontario",2011S0503535,Rented accommodation,2002=100,17,units,0,v41692890,16.80,46.7,,,,1
1981-05,Canada,2016A000011124,All-items,2002=100,17,units,0,v41690973,2.2,48.7,,,,1
1981-05,Canada,2016A000011124,Shelter,2002=100,17,units,0,v41691050,2.79,48.9,,,,1
1981-05,Canada,2016A000011124,Rented accommodation,2002=100,17,units,0,v41691051,2.80,51.1,,,,1
1981-05,Canada,2016A000011124,Rent,2002=100,17,units,0,v41691052,2.81,51.0,,,,1
1981-05,Ontario,2016A000235,All-items,2002=100,17,units,0,v41691919,14.2,47.4,,,,1
1981-05,Ontario,2016A000235,Shelter,2002=100,17,units,0,v41691952,14.79,45.7,,,,1
1981-05,Ontario,2016A000235,Rented accommodation,2002=100,17,units,0,v41691953,14.80,48.2,,,,1
1981-05,Ontario,2016A000235,Rent,2002=100,17,units,0,v41691954,14.81,48.1,,,,1
1981-05,"Toronto, Ontario",2011S0503535,All-items,2002=100,17,units,0,v41692888,16.2,46.8,,,,1
1981-05,"Toronto, Ontario",2011S0503535,Shelter,2002=100,17,units,0,v41692889,16.79,46.0,,,,1
1981-05,"Toronto, Ontario",2011S0503535,Rented accommodation,2002=100,17,units,0,v41692890,16.80,47.0,,,,1
1981-06,Canada,2016A000011124,All-items,2002=100,17,units,0,v41690973,2.2,49.5,,,,1
1981-06,Canada,2016A000011124,Shelter,2002=100,17,units,0,v41691050,2.79,49.7,,,,1
1981-06,Canada,2016A000011124,Rented accommodation,2002=100,17,units,0,v41691051,2.80,51.3,,,,1
1981-06,Canada,2016A000011124,Rent,2002=100,17,units,0,v41691052,2.81,51.2,,,,1
1981-06,Ontario,2016A000235,All-items,2002=100,17,units,0,v41691919,14.2,48.2,,,,1
1981-06,Ontario,2016A000235,Shelter,2002=100,17,units,0,v41691952,14.79,46.5,,,,1
1981-06,Ontario,2016A000235,Rented accommodation,2002=100,17,units,0,v41691953,14.80,48.4,,,,1
1981-06,Ontario,2016A000235,Rent,2002=100,17,units,0,v41691954,14.81,48.2,,,,1
1981-06,"Toronto, Ontario",2011S0503535,All-items,2002=100,17,units,0,v41692888,16.2,47.6,,,,1
1981-06,"Toronto, Ontario",2011S0503535,Shelter,2002=100,17,units,0,v41692889,16.79,47.0,,,,1
1981-06,"Toronto, Ontario",2011S0503535,Rented accommodation,2002=100,17,units,0,v41692890,16.80,47.2,,,,1
1981-07,Canada,2016A000011124,All-items,2002=100,17,units,0,v41690973,2.2,49.9,,,,1
1981-07,Canada,2016A000011124,Shelter,2002=100,17,units,0,v41691050,2.79,50.2,,,,1
1981-07,Canada,2016A000011124,Rented accommodation,2002=100,17,units,0,v41691051,2.80,51.6,,,,1
1981-07,Canada,2016A000011124,Rent,2002=100,17,units,0,v41691052,2.81,51.4,,,,1
1981-07,Ontario,2016A000235,All-items,2002=100,17,units,0,v41691919,14.2,48.6,,,,1
1981-07,Ontario,2016A000235,Shelter,2002=100,17,units,0,v41691952,14.79,46.9,,,,1
1981-07,Ontario,2016A000235,Rented accommodation,2002=100,17,units,0,v41691953,14.80,48.7,,,,1
1981-07,Ontario,2016A000235,Rent,2002=100,17,units,0,v41691954,14.81,48.5,,,,1
1981-07,"Toronto, Ontario",2011S0503535,All-items,2002=100,17,units,0,v41692888,16.2,48.0,,,,1
1981-07,"Toronto, Ontario",2011S0503535,Shelter,2002=100,17,units,0,v41692889,16.79,47.2,,,,1
1981-07,"Toronto, Ontario",2011S0503535,Rented accommodation,2002=100,17,units,0,v41692890,16.80,47.5,,,,1
1981-08,Canada,2016A000011124,All-items,2002=100,17,units,0,v41690973,2.2,50.3,,,,1
1981-08,Canada,2016A000011124,Shelter,2002=100,17,units,0,v41691050,2.79,50.9,,,,1
1981-08,Canada,2016A000011124,Rented accommodation,2002=100,17,units,0,v41691051,2.80,52.6,,,,1
1981-08,Canada,2016A000011124,Rent,2002=100,17,units,0,v41691052,2.81,52.4,,,,1
1981-08,Ontario,2016A000235,All-items,2002=100,17,units,0,v41691919,14.2,49.0,,,,1
1981-08,Ontario,2016A000235,Shelter,2002=100,17,units,0,v41691952,14.79,47.3,,,,1
1981-08,Ontario,2016A000235,Rented accommodation,2002=100,17,units,0,v41691953,14.80,49.0,,,,1
1981-08,Ontario,2016A000235,Rent,2002=100,17,units,0,v41691954,14.81,48.8,,,,1
1981-08,"Toronto, Ontario",2011S0503535,All-items,2002=100,17,units,0,v41692888,16.2,48.3,,,,1
1981-08,"Toronto, Ontario",2011S0503535,Shelter,2002=100,17,units,0,v41692889,16.79,47.7,,,,1
1981-08,"Toronto, Ontario",2011S0503535,Rented accommodation,2002=100,17,units,0,v41692890,16.80,47.8,,,,1
1981-09,Canada,2016A000011124,All-items,2002=100,17,units,0,v41690973,2.2,50.7,,,,1
1981-09,Canada,2016A000011124,Shelter,2002=100,17,units,0,v41691050,2.79,51.5,,,,1
1981-09,Canada,2016A000011124,Rented accommodation,2002=100,17,units,0,v41691051,2.80,53.0,,,,1
1981-09,Canada,2016A000011124,Rent,2002=100,17,units,0,v41691052,2.81,52.6,,,,1
1981-09,Ontario,2016A000235,All-items,2002=100,17,units,0,v41691919,14.2,49.2,,,,1
1981-09,Ontario,2016A000235,Shelter,2002=100,17,units,0,v41691952,14.79,47.8,,,,1
1981-09,Ontario,2016A000235,Rented accommodation,2002=100,17,units,0,v41691953,14.80,49.2,,,,1
1981-09,Ontario,2016A000235,Rent,2002=100,17,units,0,v41691954,14.81,49.1,,,,1
1981-09,"Toronto, Ontario",2011S0503535,All-items,2002=100,17,units,0,v41692888,16.2,48.6,,,,1
1981-09,"Toronto, Ontario",2011S0503535,Shelter,2002=100,17,units,0,v41692889,16.79,48.3,,,,1
1981-09,"Toronto, Ontario",2011S0503535,Rented accommodation,2002=100,17,units,0,v41692890,16.80,48.1,,,,1
1981-10,Canada,2016A000011124,All-items,2002=100,17,units,0,v41690973,2.2,51.2,,,,1
1981-10,Canada,2016A000011124,Shelter,2002=100,17,units,0,v41691050,2.79,52.5,,,,1
1981-10,Canada,2016A000011124,Rented accommodation,2002=100,17,units,0,v41691051,2.80,53.3,,,,1
1981-10,Canada,2016A000011124,Rent,2002=100,17,units,0,v41691052,2.81,53.0,,,,1
1981-10,Ontario,2016A000235,All-items,2002=100,17,units,0,v41691919,14.2,49.9,,,,1
1981-10,Ontario,2016A000235,Shelter,2002=100,17,units,0,v41691952,14.79,49.0,,,,1
1981-10,Ontario,2016A000235,Rented accommodation,2002=100,17,units,0,v41691953,14.80,49.6,,,,1
1981-10,Ontario,2016A000235,Rent,2002=100,17,units,0,v41691954,14.81,49.4,,,,1
1981-10,"Toronto, Ontario",2011S0503535,All-items,2002=100,17,units,0,v41692888,16.2,49.3,,,,1
1981-10,"Toronto, Ontario",2011S0503535,Shelter,2002=100,17,units,0,v41692889,16.79,49.7,,,,1
1981-10,"Toronto, Ontario",2011S0503535,Rented accommodation,2002=100,17,units,0,v41692890,16.80,48.6,,,,1
1981-11,Canada,2016A000011124,All-items,2002=100,17,units,0,v41690973,2.2,51.6,,,,1
1981-11,Canada,2016A000011124,Shelter,2002=100,17,units,0,v41691050,2.79,52.8,,,,1
1981-11,Canada,2016A000011124,Rented accommodation,2002=100,17,units,0,v41691051,2.80,53.7,,,,1
1981-11,Canada,2016A000011124,Rent,2002=100,17,units,0,v41691052,2.81,53.5,,,,1
1981-11,Ontario,2016A000235,All-items,2002=100,17,units,0,v41691919,14.2,50.2,,,,1
1981-11,Ontario,2016A000235,Shelter,2002=100,17,units,0,v41691952,14.79,49.4,,,,1
1981-11,Ontario,2016A000235,Rented accommodation,2002=100,17,units,0,v41691953,14.80,50.0,,,,1
1981-11,Ontario,2016A000235,Rent,2002=100,17,units,0,v41691954,14.81,49.8,,,,1
1981-11,"Toronto, Ontario",2011S0503535,All-items,2002=100,17,units,0,v41692888,16.2,49.5,,,,1
1981-11,"Toronto, Ontario",2011S0503535,Shelter,2002=100,17,units,0,v41692889,16.79,50.0,,,,1
1981-11,"Toronto, Ontario",2011S0503535,Rented accommodation,2002=100,17,units,0,v41692890,16.80,48.9,,,,1
1981-12,Canada,2016A000011124,All-items,2002=100,17,units,0,v41690973,2.2,51.8,,,,1
1981-12,Canada,2016A000011124,Shelter,2002=100,17,units,0,v41691050,2.79,53.3,,,,1
1981-12,Canada,2016A000011124,Rented accommodation,2002=100,17,units,0,v41691051,2.80,53.8,,,,1
1981-12,Canada,2016A000011124,Rent,2002=100,17,units,0,v41691052,2.81,53.7,,,,1
1981-12,Ontario,2016A000235,All-items,2002=100,17,units,0,v41691919,14.2,50.2,,,,1
1981-12,Ontario,2016A000235,Shelter,2002=100,17,units,0,v41691952,14.79,49.7,,,,1
1981-12,Ontario,2016A000235,Rented accommodation,2002=100,17,units,0,v41691953,14.80,50.3,,,,1
1981-12,Ontario,2016A000235,Rent,2002=100,17,units,0,v41691954,14.81,50.1,,,,1
1981-12,"Toronto, Ontario",2011S0503535,All-items,2002=100,17,units,0,v41692888,16.2,49.6,,,,1
1981-12,"Toronto, Ontario",2011S0503535,Shelter,2002=100,17,units,0,v41692889,16.79,50.3,,,,1
1981-12,"Toronto, Ontario",2011S0503535,Rented accommodation,2002=100,17,units,0,v41692890,16.80,49.1,,,,1
1982-01,Canada,2016A000011124,All-items,2002=100,17,units,0,v41690973,2.2,52.2,,,,1
1982-01,Canada,2016A000011124,Shelter,2002=100,17,units,0,v41691050,2.79,53.9,,,,1
1982-01,Canada,2016A000011124,Rented accommodation,2002=100,17,units,0,v41691051,2.80,54.1,,,,1
1982-01,Canada,2016A000011124,Rent,2002=100,17,units,0,v41691052,2.81,53.9,,,,1
1982-01,Ontario,2016A000235,All-items,2002=100,17,units,0,v41691919,14.2,50.5,,,,1
1982-01,Ontario,2016A000235,Shelter,2002=100,17,units,0,v41691952,14.79,50.2,,,,1
1982-01,Ontario,2016A000235,Rented accommodation,2002=100,17,units,0,v41691953,14.80,50.4,,,,1
1982-01,Ontario,2016A000235,Rent,2002=100,17,units,0,v41691954,14.81,50.3,,,,1
1982-01,"Toronto, Ontario",2011S0503535,All-items,2002=100,17,units,0,v41692888,16.2,49.9,,,,1
1982-01,"Toronto, Ontario",2011S0503535,Shelter,2002=100,17,units,0,v41692889,16.79,50.9,,,,1
1982-01,"Toronto, Ontario",2011S0503535,Rented accommodation,2002=100,17,units,0,v41692890,16.80,49.3,,,,1
1982-02,Canada,2016A000011124,All-items,2002=100,17,units,0,v41690973,2.2,52.8,,,,1
1982-02,Canada,2016A000011124,Shelter,2002=100,17,units,0,v41691050,2.79,54.5,,,,1
1982-02,Canada,2016A000011124,Rented accommodation,2002=100,17,units,0,v41691051,2.80,54.5,,,,1
1982-02,Canada,2016A000011124,Rent,2002=100,17,units,0,v41691052,2.81,54.3,,,,1
1982-02,Ontario,2016A000235,All-items,2002=100,17,units,0,v41691919,14.2,51.1,,,,1
1982-02,Ontario,2016A000235,Shelter,2002=100,17,units,0,v41691952,14.79,50.6,,,,1
1982-02,Ontario,2016A000235,Rented accommodation,2002=100,17,units,0,v41691953,14.80,50.8,,,,1
1982-02,Ontario,2016A000235,Rent,2002=100,17,units,0,v41691954,14.81,50.5,,,,1
1982-02,"Toronto, Ontario",2011S0503535,All-items,2002=100,17,units,0,v41692888,16.2,50.6,,,,1
1982-02,"Toronto, Ontario",2011S0503535,Shelter,2002=100,17,units,0,v41692889,16.79,51.2,,,,1
1982-02,"Toronto, Ontario",2011S0503535,Rented accommodation,2002=100,17,units,0,v41692890,16.80,49.6,,,,1
1982-03,Canada,2016A000011124,All-items,2002=100,17,units,0,v41690973,2.2,53.5,,,,1
1982-03,Canada,2016A000011124,Shelter,2002=100,17,units,0,v41691050,2.79,55.4,,,,1
1982-03,Canada,2016A000011124,Rented accommodation,2002=100,17,units,0,v41691051,2.80,54.8,,,,1
1982-03,Canada,2016A000011124,Rent,2002=100,17,units,0,v41691052,2.81,54.6,,,,1
1982-03,Ontario,2016A000235,All-items,2002=100,17,units,0,v41691919,14.2,51.9,,,,1
1982-03,Ontario,2016A000235,Shelter,2002=100,17,units,0,v41691952,14.79,51.6,,,,1
1982-03,Ontario,2016A000235,Rented accommodation,2002=100,17,units,0,v41691953,14.80,51.0,,,,1
1982-03,Ontario,2016A000235,Rent,2002=100,17,units,0,v41691954,14.81,50.8,,,,1
1982-03,"Toronto, Ontario",2011S0503535,All-items,2002=100,17,units,0,v41692888,16.2,51.5,,,,1
1982-03,"Toronto, Ontario",2011S0503535,Shelter,2002=100,17,units,0,v41692889,16.79,52.1,,,,1
1982-03,"Toronto, Ontario",2011S0503535,Rented accommodation,2002=100,17,units,0,v41692890,16.80,49.9,,,,1
1982-04,Canada,2016A000011124,All-items,2002=100,17,units,0,v41690973,2.2,53.8,,,,1
1982-04,Canada,2016A000011124,Shelter,2002=100,17,units,0,v41691050,2.79,55.6,,,,1
1982-04,Canada,2016A000011124,Rented accommodation,2002=100,17,units,0,v41691051,2.80,55.1,,,,1
1982-04,Canada,2016A000011124,Rent,2002=100,17,units,0,v41691052,2.81,55.0,,,,1
1982-04,Ontario,2016A000235,All-items,2002=100,17,units,0,v41691919,14.2,52.2,,,,1
1982-04,Ontario,2016A000235,Shelter,2002=100,17,units,0,v41691952,14.79,51.8,,,,1
1982-04,Ontario,2016A000235,Rented accommodation,2002=100,17,units,0,v41691953,14.80,51.2,,,,1
1982-04,Ontario,2016A000235,Rent,2002=100,17,units,0,v41691954,14.81,51.0,,,,1
1982-04,"Toronto, Ontario",2011S0503535,All-items,2002=100,17,units,0,v41692888,16.2,51.8,,,,1
1982-04,"Toronto, Ontario",2011S0503535,Shelter,2002=100,17,units,0,v41692889,16.79,52.3,,,,1
1982-04,"Toronto, Ontario",2011S0503535,Rented accommodation,2002=100,17,units,0,v41692890,16.80,50.0,,,,1
1982-05,Canada,2016A000011124,All-items,2002=100,17,units,0,v41690973,2.2,54.5,,,,1
1982-05,Canada,2016A000011124,Shelter,2002=100,17,units,0,v41691050,2.79,56.0,,,,1
1982-05,Canada,2016A000011124,Rented accommodation,2002=100,17,units,0,v41691051,2.80,55.4,,,,1
1982-05,Canada,2016A000011124,Rent,2002=100,17,units,0,v41691052,2.81,55.3,,,,1
1982-05,Ontario,2016A000235,All-items,2002=100,17,units,0,v41691919,14.2,52.9,,,,1
1982-05,Ontario,2016A000235,Shelter,2002=100,17,units,0,v41691952,14.79,52.1,,,,1
1982-05,Ontario,2016A000235,Rented accommodation,2002=100,17,units,0,v41691953,14.80,51.5,,,,1
1982-05,Ontario,2016A000235,Rent,2002=100,17,units,0,v41691954,14.81,51.3,,,,1
1982-05,"Toronto, Ontario",2011S0503535,All-items,2002=100,17,units,0,v41692888,16.2,52.6,,,,1
1982-05,"Toronto, Ontario",2011S0503535,Shelter,2002=100,17,units,0,v41692889,16.79,52.7,,,,1
1982-05,"Toronto, Ontario",2011S0503535,Rented accommodation,2002=100,17,units,0,v41692890,16.80,50.4,,,,1
1982-06,Canada,2016A000011124,All-items,2002=100,17,units,0,v41690973,2.2,55.1,,,,1
1982-06,Canada,2016A000011124,Shelter,2002=100,17,units,0,v41691050,2.79,56.2,,,,1
1982-06,Canada,2016A000011124,Rented accommodation,2002=100,17,units,0,v41691051,2.80,55.8,,,,1
1982-06,Canada,2016A000011124,Rent,2002=100,17,units,0,v41691052,2.81,55.6,,,,1
1982-06,Ontario,2016A000235,All-items,2002=100,17,units,0,v41691919,14.2,53.5,,,,1
1982-06,Ontario,2016A000235,Shelter,2002=100,17,units,0,v41691952,14.79,52.3,,,,1
1982-06,Ontario,2016A000235,Rented accommodation,2002=100,17,units,0,v41691953,14.80,51.8,,,,1
1982-06,Ontario,2016A000235,Rent,2002=100,17,units,0,v41691954,14.81,51.7,,,,1
1982-06,"Toronto, Ontario",2011S0503535,All-items,2002=100,17,units,0,v41692888,16.2,53.2,,,,1
1982-06,"Toronto, Ontario",2011S0503535,Shelter,2002=100,17,units,0,v41692889,16.79,53.0,,,,1
1982-06,"Toronto, Ontario",2011S0503535,Rented accommodation,2002=100,17,units,0,v41692890,16.80,50.8,,,,1
1982-07,Canada,2016A000011124,All-items,2002=100,17,units,0,v41690973,2.2,55.4,,,,1
1982-07,Canada,2016A000011124,Shelter,2002=100,17,units,0,v41691050,2.79,56.8,,,,1
1982-07,Canada,2016A000011124,Rented accommodation,2002=100,17,units,0,v41691051,2.80,56.1,,,,1
1982-07,Canada,2016A000011124,Rent,2002=100,17,units,0,v41691052,2.81,55.9,,,,1
1982-07,Ontario,2016A000235,All-items,2002=100,17,units,0,v41691919,14.2,53.9,,,,1
1982-07,Ontario,2016A000235,Shelter,2002=100,17,units,0,v41691952,14.79,52.9,,,,1
1982-07,Ontario,2016A000235,Rented accommodation,2002=100,17,units,0,v41691953,14.80,52.2,,,,1
1982-07,Ontario,2016A000235,Rent,2002=100,17,units,0,v41691954,14.81,52.0,,,,1
1982-07,"Toronto, Ontario",2011S0503535,All-items,2002=100,17,units,0,v41692888,16.2,53.5,,,,1
1982-07,"Toronto, Ontario",2011S0503535,Shelter,2002=100,17,units,0,v41692889,16.79,53.2,,,,1
1982-07,"Toronto, Ontario",2011S0503535,Rented accommodation,2002=100,17,units,0,v41692890,16.80,51.0,,,,1
1982-08,Canada,2016A000011124,All-items,2002=100,17,units,0,v41690973,2.2,55.6,,,,1
1982-08,Canada,2016A000011124,Shelter,2002=100,17,units,0,v41691050,2.79,57.4,,,,1
1982-08,Canada,2016A000011124,Rented accommodation,2002=100,17,units,0,v41691051,2.80,57.6,,,,1
1982-08,Canada,2016A000011124,Rent,2002=100,17,units,0,v41691052,2.81,57.4,,,,1
1982-08,Ontario,2016A000235,All-items,2002=100,17,units,0,v41691919,14.2,54.0,,,,1
1982-08,Ontario,2016A000235,Shelter,2002=100,17,units,0,v41691952,14.79,53.1,,,,1
1982-08,Ontario,2016A000235,Rented accommodation,2002=100,17,units,0,v41691953,14.80,52.5,,,,1
1982-08,Ontario,2016A000235,Rent,2002=100,17,units,0,v41691954,14.81,52.4,,,,1
1982-08,"Toronto, Ontario",2011S0503535,All-items,2002=100,17,units,0,v41692888,16.2,53.7,,,,1
1982-08,"Toronto, Ontario",2011S0503535,Shelter,2002=100,17,units,0,v41692889,16.79,53.6,,,,1
1982-08,"Toronto, Ontario",2011S0503535,Rented accommodation,2002=100,17,units,0,v41692890,16.80,51.4,,,,1
1982-09,Canada,2016A000011124,All-items,2002=100,17,units,0,v41690973,2.2,55.9,,,,1
1982-09,Canada,2016A000011124,Shelter,2002=100,17,units,0,v41691050,2.79,58.1,,,,1
1982-09,Canada,2016A000011124,Rented accommodation,2002=100,17,units,0,v41691051,2.80,58.1,,,,1
1982-09,Canada,2016A000011124,Rent,2002=100,17,units,0,v41691052,2.81,58.0,,,,1
1982-09,Ontario,2016A000235,All-items,2002=100,17,units,0,v41691919,14.2,54.4,,,,1
1982-09,Ontario,2016A000235,Shelter,2002=100,17,units,0,v41691952,14.79,53.6,,,,1
1982-09,Ontario,2016A000235,Rented accommodation,2002=100,17,units,0,v41691953,14.80,52.9,,,,1
1982-09,Ontario,2016A000235,Rent,2002=100,17,units,0,v41691954,14.81,52.9,,,,1
1982-09,"Toronto, Ontario",2011S0503535,All-items,2002=100,17,units,0,v41692888,16.2,53.8,,,,1
1982-09,"Toronto, Ontario",2011S0503535,Shelter,2002=100,17,units,0,v41692889,16.79,54.0,,,,1
1982-09,"Toronto, Ontario",2011S0503535,Rented accommodation,2002=100,17,units,0,v41692890,16.80,51.8,,,,1
1982-10,Canada,2016A000011124,All-items,2002=100,17,units,0,v41690973,2.2,56.3,,,,1
1982-10,Canada,2016A000011124,Shelter,2002=100,17,units,0,v41691050,2.79,59.0,,,,1
1982-10,Canada,2016A000011124,Rented accommodation,2002=100,17,units,0,v41691051,2.80,58.5,,,,1
1982-10,Canada,2016A000011124,Rent,2002=100,17,units,0,v41691052,2.81,58.4,,,,1
1982-10,Ontario,2016A000235,All-items,2002=100,17,units,0,v41691919,14.2,54.7,,,,1
1982-10,Ontario,2016A000235,Shelter,2002=100,17,units,0,v41691952,14.79,54.4,,,,1
1982-10,Ontario,2016A000235,Rented accommodation,2002=100,17,units,0,v41691953,14.80,53.4,,,,1
1982-10,Ontario,2016A000235,Rent,2002=100,17,units,0,v41691954,14.81,53.3,,,,1
1982-10,"Toronto, Ontario",2011S0503535,All-items,2002=100,17,units,0,v41692888,16.2,54.2,,,,1
1982-10,"Toronto, Ontario",2011S0503535,Shelter,2002=100,17,units,0,v41692889,16.79,54.9,,,,1
1982-10,"Toronto, Ontario",2011S0503535,Rented accommodation,2002=100,17,units,0,v41692890,16.80,52.3,,,,1
1982-11,Canada,2016A000011124,All-items,2002=100,17,units,0,v41690973,2.2,56.6,,,,1
1982-11,Canada,2016A000011124,Shelter,2002=100,17,units,0,v41691050,2.79,59.1,,,,1
1982-11,Canada,2016A000011124,Rented accommodation,2002=100,17,units,0,v41691051,2.80,59.0,,,,1
1982-11,Canada,2016A000011124,Rent,2002=100,17,units,0,v41691052,2.81,58.8,,,,1
1982-11,Ontario,2016A000235,All-items,2002=100,17,units,0,v41691919,14.2,55.1,,,,1
1982-11,Ontario,2016A000235,Shelter,2002=100,17,units,0,v41691952,14.79,54.6,,,,1
1982-11,Ontario,2016A000235,Rented accommodation,2002=100,17,units,0,v41691953,14.80,53.9,,,,1
1982-11,Ontario,2016A000235,Rent,2002=100,17,units,0,v41691954,14.81,53.8,,,,1
1982-11,"Toronto, Ontario",2011S0503535,All-items,2002=100,17,units,0,v41692888,16.2,54.7,,,,1
1982-11,"Toronto, Ontario",2011S0503535,Shelter,2002=100,17,units,0,v41692889,16.79,54.9,,,,1
1982-11,"Toronto, Ontario",2011S0503535,Rented accommodation,2002=100,17,units,0,v41692890,16.80,52.8,,,,1
1982-12,Canada,2016A000011124,All-items,2002=100,17,units,0,v41690973,2.2,56.6,,,,1
1982-12,Canada,2016A000011124,Shelter,2002=100,17,units,0,v41691050,2.79,59.5,,,,1
1982-12,Canada,2016A000011124,Rented accommodation,2002=100,17,units,0,v41691051,2.80,59.1,,,,1
1982-12,Canada,2016A000011124,Rent,2002=100,17,units,0,v41691052,2.81,58.9,,,,1
1982-12,Ontario,2016A000235,All-items,2002=100,17,units,0,v41691919,14.2,55.3,,,,1
1982-12,Ontario,2016A000235,Shelter,2002=100,17,units,0,v41691952,14.79,54.9,,,,1
1982-12,Ontario,2016A000235,Rented accommodation,2002=100,17,units,0,v41691953,14.80,54.2,,,,1
1982-12,Ontario,2016A000235,Rent,2002=100,17,units,0,v41691954,14.81,54.0,,,,1
1982-12,"Toronto, Ontario",2011S0503535,All-items,2002=100,17,units,0,v41692888,16.2,54.8,,,,1
1982-12,"Toronto, Ontario",2011S0503535,Shelter,2002=100,17,units,0,v41692889,16.79,55.3,,,,1
1982-12,"Toronto, Ontario",2011S0503535,Rented accommodation,2002=100,17,units,0,v41692890,16.80,53.1,,,,1
1983-01,Canada,2016A000011124,All-items,2002=100,17,units,0,v41690973,2.2,56.5,,,,1
1983-01,Canada,2016A000011124,Shelter,2002=100,17,units,0,v41691050,2.79,59.6,,,,1
1983-01,Canada,2016A000011124,Rented accommodation,2002=100,17,units,0,v41691051,2.80,59.3,,,,1
1983-01,Canada,2016A000011124,Rent,2002=100,17,units,0,v41691052,2.81,59.1,,,,1
1983-01,Ontario,2016A000235,All-items,2002=100,17,units,0,v41691919,14.2,55.1,,,,1
1983-01,Ontario,2016A000235,Shelter,2002=100,17,units,0,v41691952,14.79,55.3,,,,1
1983-01,Ontario,2016A000235,Rented accommodation,2002=100,17,units,0,v41691953,14.80,54.4,,,,1
1983-01,Ontario,2016A000235,Rent,2002=100,17,units,0,v41691954,14.81,54.3,,,,1
1983-01,"Toronto, Ontario",2011S0503535,All-items,2002=100,17,units,0,v41692888,16.2,54.6,,,,1
1983-01,"Toronto, Ontario",2011S0503535,Shelter,2002=100,17,units,0,v41692889,16.79,55.5,,,,1
1983-01,"Toronto, Ontario",2011S0503535,Rented accommodation,2002=100,17,units,0,v41692890,16.80,53.4,,,,1
1983-02,Canada,2016A000011124,All-items,2002=100,17,units,0,v41690973,2.2,56.8,,,,1
1983-02,Canada,2016A000011124,Shelter,2002=100,17,units,0,v41691050,2.79,59.7,,,,1
1983-02,Canada,2016A000011124,Rented accommodation,2002=100,17,units,0,v41691051,2.80,59.6,,,,1
1983-02,Canada,2016A000011124,Rent,2002=100,17,units,0,v41691052,2.81,59.4,,,,1
1983-02,Ontario,2016A000235,All-items,2002=100,17,units,0,v41691919,14.2,55.4,,,,1
1983-02,Ontario,2016A000235,Shelter,2002=100,17,units,0,v41691952,14.79,55.4,,,,1
1983-02,Ontario,2016A000235,Rented accommodation,2002=100,17,units,0,v41691953,14.80,54.8,,,,1
1983-02,Ontario,2016A000235,Rent,2002=100,17,units,0,v41691954,14.81,54.6,,,,1
1983-02,"Toronto, Ontario",2011S0503535,All-items,2002=100,17,units,0,v41692888,16.2,55.0,,,,1
1983-02,"Toronto, Ontario",2011S0503535,Shelter,2002=100,17,units,0,v41692889,16.79,55.6,,,,1
1983-02,"Toronto, Ontario",2011S0503535,Rented accommodation,2002=100,17,units,0,v41692890,16.80,53.6,,,,1
1983-03,Canada,2016A000011124,All-items,2002=100,17,units,0,v41690973,2.2,57.4,,,,1
1983-03,Canada,2016A000011124,Shelter,2002=100,17,units,0,v41691050,2.79,60.3,,,,1
1983-03,Canada,2016A000011124,Rented accommodation,2002=100,17,units,0,v41691051,2.80,59.8,,,,1
1983-03,Canada,2016A000011124,Rent,2002=100,17,units,0,v41691052,2.81,59.5,,,,1
1983-03,Ontario,2016A000235,All-items,2002=100,17,units,0,v41691919,14.2,55.9,,,,1
1983-03,Ontario,2016A000235,Shelter,2002=100,17,units,0,v41691952,14.79,56.0,,,,1
1983-03,Ontario,2016A000235,Rented accommodation,2002=100,17,units,0,v41691953,14.80,54.9,,,,1
1983-03,Ontario,2016A000235,Rent,2002=100,17,units,0,v41691954,14.81,54.8,,,,1
1983-03,"Toronto, Ontario",2011S0503535,All-items,2002=100,17,units,0,v41692888,16.2,55.5,,,,1
1983-03,"Toronto, Ontario",2011S0503535,Shelter,2002=100,17,units,0,v41692889,16.79,56.2,,,,1
1983-03,"Toronto, Ontario",2011S0503535,Rented accommodation,2002=100,17,units,0,v41692890,16.80,53.9,,,,1
1983-04,Canada,2016A000011124,All-items,2002=100,17,units,0,v41690973,2.2,57.4,,,,1
1983-04,Canada,2016A000011124,Shelter,2002=100,17,units,0,v41691050,2.79,60.4,,,,1
1983-04,Canada,2016A000011124,Rented accommodation,2002=100,17,units,0,v41691051,2.80,60.0,,,,1
1983-04,Canada,2016A000011124,Rent,2002=100,17,units,0,v41691052,2.81,59.7,,,,1
1983-04,Ontario,2016A000235,All-items,2002=100,17,units,0,v41691919,14.2,55.5,,,,1
1983-04,Ontario,2016A000235,Shelter,2002=100,17,units,0,v41691952,14.79,56.1,,,,1
1983-04,Ontario,2016A000235,Rented accommodation,2002=100,17,units,0,v41691953,14.80,55.2,,,,1
1983-04,Ontario,2016A000235,Rent,2002=100,17,units,0,v41691954,14.81,55.1,,,,1
1983-04,"Toronto, Ontario",2011S0503535,All-items,2002=100,17,units,0,v41692888,16.2,55.2,,,,1
1983-04,"Toronto, Ontario",2011S0503535,Shelter,2002=100,17,units,0,v41692889,16.79,56.2,,,,1
1983-04,"Toronto, Ontario",2011S0503535,Rented accommodation,2002=100,17,units,0,v41692890,16.80,54.2,,,,1
1983-05,Canada,2016A000011124,All-items,2002=100,17,units,0,v41690973,2.2,57.5,,,,1
1983-05,Canada,2016A000011124,Shelter,2002=100,17,units,0,v41691050,2.79,60.4,,,,1
1983-05,Canada,2016A000011124,Rented accommodation,2002=100,17,units,0,v41691051,2.80,60.0,,,,1
1983-05,Canada,2016A000011124,Rent,2002=100,17,units,0,v41691052,2.81,59.8,,,,1
1983-05,Ontario,2016A000235,All-items,2002=100,17,units,0,v41691919,14.2,55.7,,,,1
1983-05,Ontario,2016A000235,Shelter,2002=100,17,units,0,v41691952,14.79,56.3,,,,1
1983-05,Ontario,2016A000235,Rented accommodation,2002=100,17,units,0,v41691953,14.80,55.4,,,,1
1983-05,Ontario,2016A000235,Rent,2002=100,17,units,0,v41691954,14.81,55.2,,,,1
1983-05,"Toronto, Ontario",2011S0503535,All-items,2002=100,17,units,0,v41692888,16.2,55.2,,,,1
1983-05,"Toronto, Ontario",2011S0503535,Shelter,2002=100,17,units,0,v41692889,16.79,56.2,,,,1
1983-05,"Toronto, Ontario",2011S0503535,Rented accommodation,2002=100,17,units,0,v41692890,16.80,54.2,,,,1
1983-06,Canada,2016A000011124,All-items,2002=100,17,units,0,v41690973,2.2,58.1,,,,1
1983-06,Canada,2016A000011124,Shelter,2002=100,17,units,0,v41691050,2.79,60.6,,,,1
1983-06,Canada,2016A000011124,Rented accommodation,2002=100,17,units,0,v41691051,2.80,60.3,,,,1
1983-06,Canada,2016A000011124,Rent,2002=100,17,units,0,v41691052,2.81,60.1,,,,1
1983-06,Ontario,2016A000235,All-items,2002=100,17,units,0,v41691919,14.2,56.8,,,,1
1983-06,Ontario,2016A000235,Shelter,2002=100,17,units,0,v41691952,14.79,56.4,,,,1
1983-06,Ontario,2016A000235,Rented accommodation,2002=100,17,units,0,v41691953,14.80,55.7,,,,1
1983-06,Ontario,2016A000235,Rent,2002=100,17,units,0,v41691954,14.81,55.5,,,,1
1983-06,"Toronto, Ontario",2011S0503535,All-items,2002=100,17,units,0,v41692888,16.2,56.3,,,,1
1983-06,"Toronto, Ontario",2011S0503535,Shelter,2002=100,17,units,0,v41692889,16.79,56.5,,,,1
1983-06,"Toronto, Ontario",2011S0503535,Rented accommodation,2002=100,17,units,0,v41692890,16.80,54.6,,,,1
1983-07,Canada,2016A000011124,All-items,2002=100,17,units,0,v41690973,2.2,58.4,,,,1
1983-07,Canada,2016A000011124,Shelter,2002=100,17,units,0,v41691050,2.79,60.9,,,,1
1983-07,Canada,2016A000011124,Rented accommodation,2002=100,17,units,0,v41691051,2.80,60.5,,,,1
1983-07,Canada,2016A000011124,Rent,2002=100,17,units,0,v41691052,2.81,60.2,,,,1
1983-07,Ontario,2016A000235,All-items,2002=100,17,units,0,v41691919,14.2,56.9,,,,1
1983-07,Ontario,2016A000235,Shelter,2002=100,17,units,0,v41691952,14.79,56.7,,,,1
1983-07,Ontario,2016A000235,Rented accommodation,2002=100,17,units,0,v41691953,14.80,56.0,,,,1
1983-07,Ontario,2016A000235,Rent,2002=100,17,units,0,v41691954,14.81,55.9,,,,1
1983-07,"Toronto, Ontario",2011S0503535,All-items,2002=100,17,units,0,v41692888,16.2,56.5,,,,1
1983-07,"Toronto, Ontario",2011S0503535,Shelter,2002=100,17,units,0,v41692889,16.79,56.7,,,,1
1983-07,"Toronto, Ontario",2011S0503535,Rented accommodation,2002=100,17,units,0,v41692890,16.80,55.0,,,,1
1983-08,Canada,2016A000011124,All-items,2002=100,17,units,0,v41690973,2.2,58.7,,,,1
1983-08,Canada,2016A000011124,Shelter,2002=100,17,units,0,v41691050,2.79,61.3,,,,1
1983-08,Canada,2016A000011124,Rented accommodation,2002=100,17,units,0,v41691051,2.80,61.5,,,,1
1983-08,Canada,2016A000011124,Rent,2002=100,17,units,0,v41691052,2.81,61.3,,,,1
1983-08,Ontario,2016A000235,All-items,2002=100,17,units,0,v41691919,14.2,57.3,,,,1
1983-08,Ontario,2016A000235,Shelter,2002=100,17,units,0,v41691952,14.79,56.9,,,,1
1983-08,Ontario,2016A000235,Rented accommodation,2002=100,17,units,0,v41691953,14.80,56.4,,,,1
1983-08,Ontario,2016A000235,Rent,2002=100,17,units,0,v41691954,14.81,56.3,,,,1
1983-08,"Toronto, Ontario",2011S0503535,All-items,2002=100,17,units,0,v41692888,16.2,56.7,,,,1
1983-08,"Toronto, Ontario",2011S0503535,Shelter,2002=100,17,units,0,v41692889,16.79,56.8,,,,1
1983-08,"Toronto, Ontario",2011S0503535,Rented accommodation,2002=100,17,units,0,v41692890,16.80,55.3,,,,1
1983-09,Canada,2016A000011124,All-items,2002=100,17,units,0,v41690973,2.2,58.7,,,,1
1983-09,Canada,2016A000011124,Shelter,2002=100,17,units,0,v41691050,2.79,61.5,,,,1
1983-09,Canada,2016A000011124,Rented accommodation,2002=100,17,units,0,v41691051,2.80,61.7,,,,1
1983-09,Canada,2016A000011124,Rent,2002=100,17,units,0,v41691052,2.81,61.5,,,,1
1983-09,Ontario,2016A000235,All-items,2002=100,17,units,0,v41691919,14.2,57.3,,,,1
1983-09,Ontario,2016A000235,Shelter,2002=100,17,units,0,v41691952,14.79,57.1,,,,1
1983-09,Ontario,2016A000235,Rented accommodation,2002=100,17,units,0,v41691953,14.80,56.7,,,,1
1983-09,Ontario,2016A000235,Rent,2002=100,17,units,0,v41691954,14.81,56.6,,,,1
1983-09,"Toronto, Ontario",2011S0503535,All-items,2002=100,17,units,0,v41692888,16.2,56.7,,,,1
1983-09,"Toronto, Ontario",2011S0503535,Shelter,2002=100,17,units,0,v41692889,16.79,57.0,,,,1
1983-09,"Toronto, Ontario",2011S0503535,Rented accommodation,2002=100,17,units,0,v41692890,16.80,55.5,,,,1
1983-10,Canada,2016A000011124,All-items,2002=100,17,units,0,v41690973,2.2,59.1,,,,1
1983-10,Canada,2016A000011124,Shelter,2002=100,17,units,0,v41691050,2.79,61.9,,,,1
1983-10,Canada,2016A000011124,Rented accommodation,2002=100,17,units,0,v41691051,2.80,62.0,,,,1
1983-10,Canada,2016A000011124,Rent,2002=100,17,units,0,v41691052,2.81,61.8,,,,1
1983-10,Ontario,2016A000235,All-items,2002=100,17,units,0,v41691919,14.2,57.6,,,,1
1983-10,Ontario,2016A000235,Shelter,2002=100,17,units,0,v41691952,14.79,57.7,,,,1
1983-10,Ontario,2016A000235,Rented accommodation,2002=100,17,units,0,v41691953,14.80,57.0,,,,1
1983-10,Ontario,2016A000235,Rent,2002=100,17,units,0,v41691954,14.81,57.0,,,,1
1983-10,"Toronto, Ontario",2011S0503535,All-items,2002=100,17,units,0,v41692888,16.2,57.1,,,,1
1983-10,"Toronto, Ontario",2011S0503535,Shelter,2002=100,17,units,0,v41692889,16.79,57.6,,,,1
1983-10,"Toronto, Ontario",2011S0503535,Rented accommodation,2002=100,17,units,0,v41692890,16.80,55.9,,,,1
1983-11,Canada,2016A000011124,All-items,2002=100,17,units,0,v41690973,2.2,59.1,,,,1
1983-11,Canada,2016A000011124,Shelter,2002=100,17,units,0,v41691050,2.79,61.9,,,,1
1983-11,Canada,2016A000011124,Rented accommodation,2002=100,17,units,0,v41691051,2.80,62.2,,,,1
1983-11,Canada,2016A000011124,Rent,2002=100,17,units,0,v41691052,2.81,62.2,,,,1
1983-11,Ontario,2016A000235,All-items,2002=100,17,units,0,v41691919,14.2,57.5,,,,1
1983-11,Ontario,2016A000235,Shelter,2002=100,17,units,0,v41691952,14.79,57.8,,,,1
1983-11,Ontario,2016A000235,Rented accommodation,2002=100,17,units,0,v41691953,14.80,57.3,,,,1
1983-11,Ontario,2016A000235,Rent,2002=100,17,units,0,v41691954,14.81,57.2,,,,1
1983-11,"Toronto, Ontario",2011S0503535,All-items,2002=100,17,units,0,v41692888,16.2,56.9,,,,1
1983-11,"Toronto, Ontario",2011S0503535,Shelter,2002=100,17,units,0,v41692889,16.79,57.7,,,,1
1983-11,"Toronto, Ontario",2011S0503535,Rented accommodation,2002=100,17,units,0,v41692890,16.80,56.1,,,,1
1983-12,Canada,2016A000011124,All-items,2002=100,17,units,0,v41690973,2.2,59.2,,,,1
1983-12,Canada,2016A000011124,Shelter,2002=100,17,units,0,v41691050,2.79,62.1,,,,1
1983-12,Canada,2016A000011124,Rented accommodation,2002=100,17,units,0,v41691051,2.80,62.5,,,,1
1983-12,Canada,2016A000011124,Rent,2002=100,17,units,0,v41691052,2.81,62.2,,,,1
1983-12,Ontario,2016A000235,All-items,2002=100,17,units,0,v41691919,14.2,57.9,,,,1
1983-12,Ontario,2016A000235,Shelter,2002=100,17,units,0,v41691952,14.79,58.0,,,,1
1983-12,Ontario,2016A000235,Rented accommodation,2002=100,17,units,0,v41691953,14.80,57.5,,,,1
1983-12,Ontario,2016A000235,Rent,2002=100,17,units,0,v41691954,14.81,57.5,,,,1
1983-12,"Toronto, Ontario",2011S0503535,All-items,2002=100,17,units,0,v41692888,16.2,57.2,,,,1
1983-12,"Toronto, Ontario",2011S0503535,Shelter,2002=100,17,units,0,v41692889,16.79,57.8,,,,1
1983-12,"Toronto, Ontario",2011S0503535,Rented accommodation,2002=100,17,units,0,v41692890,16.80,56.4,,,,1
1984-01,Canada,2016A000011124,All-items,2002=100,17,units,0,v41690973,2.2,59.6,,,,1
1984-01,Canada,2016A000011124,Shelter,2002=100,17,units,0,v41691050,2.79,62.5,,,,1
1984-01,Canada,2016A000011124,Rented accommodation,2002=100,17,units,0,v41691051,2.80,62.6,,,,1
1984-01,Canada,2016A000011124,Rent,2002=100,17,units,0,v41691052,2.81,62.4,,,,1
1984-01,Ontario,2016A000235,All-items,2002=100,17,units,0,v41691919,14.2,58.4,,,,1
1984-01,Ontario,2016A000235,Shelter,2002=100,17,units,0,v41691952,14.79,58.4,,,,1
1984-01,Ontario,2016A000235,Rented accommodation,2002=100,17,units,0,v41691953,14.80,57.8,,,,1
1984-01,Ontario,2016A000235,Rent,2002=100,17,units,0,v41691954,14.81,57.6,,,,1
1984-01,"Toronto, Ontario",2011S0503535,All-items,2002=100,17,units,0,v41692888,16.2,57.6,,,,1
1984-01,"Toronto, Ontario",2011S0503535,Shelter,2002=100,17,units,0,v41692889,16.79,58.1,,,,1
1984-01,"Toronto, Ontario",2011S0503535,Rented accommodation,2002=100,17,units,0,v41692890,16.80,56.7,,,,1
1984-02,Canada,2016A000011124,All-items,2002=100,17,units,0,v41690973,2.2,59.9,,,,1
1984-02,Canada,2016A000011124,Shelter,2002=100,17,units,0,v41691050,2.79,62.7,,,,1
1984-02,Canada,2016A000011124,Rented accommodation,2002=100,17,units,0,v41691051,2.80,62.9,,,,1
1984-02,Canada,2016A000011124,Rent,2002=100,17,units,0,v41691052,2.81,62.7,,,,1
1984-02,Ontario,2016A000235,All-items,2002=100,17,units,0,v41691919,14.2,58.7,,,,1
1984-02,Ontario,2016A000235,Shelter,2002=100,17,units,0,v41691952,14.79,58.6,,,,1
1984-02,Ontario,2016A000235,Rented accommodation,2002=100,17,units,0,v41691953,14.80,58.1,,,,1
1984-02,Ontario,2016A000235,Rent,2002=100,17,units,0,v41691954,14.81,57.9,,,,1
1984-02,"Toronto, Ontario",2011S0503535,All-items,2002=100,17,units,0,v41692888,16.2,58.1,,,,1
1984-02,"Toronto, Ontario",2011S0503535,Shelter,2002=100,17,units,0,v41692889,16.79,58.3,,,,1
1984-02,"Toronto, Ontario",2011S0503535,Rented accommodation,2002=100,17,units,0,v41692890,16.80,56.9,,,,1
1984-03,Canada,2016A000011124,All-items,2002=100,17,units,0,v41690973,2.2,60.0,,,,1
1984-03,Canada,2016A000011124,Shelter,2002=100,17,units,0,v41691050,2.79,62.7,,,,1
1984-03,Canada,2016A000011124,Rented accommodation,2002=100,17,units,0,v41691051,2.80,62.9,,,,1
1984-03,Canada,2016A000011124,Rent,2002=100,17,units,0,v41691052,2.81,62.8,,,,1
1984-03,Ontario,2016A000235,All-items,2002=100,17,units,0,v41691919,14.2,58.7,,,,1
1984-03,Ontario,2016A000235,Shelter,2002=100,17,units,0,v41691952,14.79,58.8,,,,1
1984-03,Ontario,2016A000235,Rented accommodation,2002=100,17,units,0,v41691953,14.80,58.2,,,,1
1984-03,Ontario,2016A000235,Rent,2002=100,17,units,0,v41691954,14.81,58.1,,,,1
1984-03,"Toronto, Ontario",2011S0503535,All-items,2002=100,17,units,0,v41692888,16.2,58.1,,,,1
1984-03,"Toronto, Ontario",2011S0503535,Shelter,2002=100,17,units,0,v41692889,16.79,58.4,,,,1
1984-03,"Toronto, Ontario",2011S0503535,Rented accommodation,2002=100,17,units,0,v41692890,16.80,57.1,,,,1
1984-04,Canada,2016A000011124,All-items,2002=100,17,units,0,v41690973,2.2,60.2,,,,1
1984-04,Canada,2016A000011124,Shelter,2002=100,17,units,0,v41691050,2.79,62.9,,,,1
1984-04,Canada,2016A000011124,Rented accommodation,2002=100,17,units,0,v41691051,2.80,63.1,,,,1
1984-04,Canada,2016A000011124,Rent,2002=100,17,units,0,v41691052,2.81,62.9,,,,1
1984-04,Ontario,2016A000235,All-items,2002=100,17,units,0,v41691919,14.2,58.9,,,,1
1984-04,Ontario,2016A000235,Shelter,2002=100,17,units,0,v41691952,14.79,58.9,,,,1
1984-04,Ontario,2016A000235,Rented accommodation,2002=100,17,units,0,v41691953,14.80,58.5,,,,1
1984-04,Ontario,2016A000235,Rent,2002=100,17,units,0,v41691954,14.81,58.3,,,,1
1984-04,"Toronto, Ontario",2011S0503535,All-items,2002=100,17,units,0,v41692888,16.2,58.2,,,,1
1984-04,"Toronto, Ontario",2011S0503535,Shelter,2002=100,17,units,0,v41692889,16.79,58.5,,,,1
1984-04,"Toronto, Ontario",2011S0503535,Rented accommodation,2002=100,17,units,0,v41692890,16.80,57.3,,,,1
1984-05,Canada,2016A000011124,All-items,2002=100,17,units,0,v41690973,2.2,60.2,,,,1
1984-05,Canada,2016A000011124,Shelter,2002=100,17,units,0,v41691050,2.79,63.0,,,,1
1984-05,Canada,2016A000011124,Rented accommodation,2002=100,17,units,0,v41691051,2.80,63.3,,,,1
1984-05,Canada,2016A000011124,Rent,2002=100,17,units,0,v41691052,2.81,63.1,,,,1
1984-05,Ontario,2016A000235,All-items,2002=100,17,units,0,v41691919,14.2,58.9,,,,1
1984-05,Ontario,2016A000235,Shelter,2002=100,17,units,0,v41691952,14.79,58.9,,,,1
1984-05,Ontario,2016A000235,Rented accommodation,2002=100,17,units,0,v41691953,14.80,58.7,,,,1
1984-05,Ontario,2016A000235,Rent,2002=100,17,units,0,v41691954,14.81,58.5,,,,1
1984-05,"Toronto, Ontario",2011S0503535,All-items,2002=100,17,units,0,v41692888,16.2,58.3,,,,1
1984-05,"Toronto, Ontario",2011S0503535,Shelter,2002=100,17,units,0,v41692889,16.79,58.5,,,,1
1984-05,"Toronto, Ontario",2011S0503535,Rented accommodation,2002=100,17,units,0,v41692890,16.80,57.4,,,,1
1984-06,Canada,2016A000011124,All-items,2002=100,17,units,0,v41690973,2.2,60.6,,,,1
1984-06,Canada,2016A000011124,Shelter,2002=100,17,units,0,v41691050,2.79,63.0,,,,1
1984-06,Canada,2016A000011124,Rented accommodation,2002=100,17,units,0,v41691051,2.80,63.5,,,,1
1984-06,Canada,2016A000011124,Rent,2002=100,17,units,0,v41691052,2.81,63.2,,,,1
1984-06,Ontario,2016A000235,All-items,2002=100,17,units,0,v41691919,14.2,59.3,,,,1
1984-06,Ontario,2016A000235,Shelter,2002=100,17,units,0,v41691952,14.79,59.1,,,,1
1984-06,Ontario,2016A000235,Rented accommodation,2002=100,17,units,0,v41691953,14.80,58.9,,,,1
1984-06,Ontario,2016A000235,Rent,2002=100,17,units,0,v41691954,14.81,58.7,,,,1
1984-06,"Toronto, Ontario",2011S0503535,All-items,2002=100,17,units,0,v41692888,16.2,58.8,,,,1
1984-06,"Toronto, Ontario",2011S0503535,Shelter,2002=100,17,units,0,v41692889,16.79,58.7,,,,1
1984-06,"Toronto, Ontario",2011S0503535,Rented accommodation,2002=100,17,units,0,v41692890,16.80,57.7,,,,1
1984-07,Canada,2016A000011124,All-items,2002=100,17,units,0,v41690973,2.2,60.8,,,,1
1984-07,Canada,2016A000011124,Shelter,2002=100,17,units,0,v41691050,2.79,63.2,,,,1
1984-07,Canada,2016A000011124,Rented accommodation,2002=100,17,units,0,v41691051,2.80,63.6,,,,1
1984-07,Canada,2016A000011124,Rent,2002=100,17,units,0,v41691052,2.81,63.5,,,,1
1984-07,Ontario,2016A000235,All-items,2002=100,17,units,0,v41691919,14.2,59.7,,,,1
1984-07,Ontario,2016A000235,Shelter,2002=100,17,units,0,v41691952,14.79,59.2,,,,1
1984-07,Ontario,2016A000235,Rented accommodation,2002=100,17,units,0,v41691953,14.80,59.1,,,,1
1984-07,Ontario,2016A000235,Rent,2002=100,17,units,0,v41691954,14.81,59.0,,,,1
1984-07,"Toronto, Ontario",2011S0503535,All-items,2002=100,17,units,0,v41692888,16.2,59.1,,,,1
1984-07,"Toronto, Ontario",2011S0503535,Shelter,2002=100,17,units,0,v41692889,16.79,58.8,,,,1
1984-07,"Toronto, Ontario",2011S0503535,Rented accommodation,2002=100,17,units,0,v41692890,16.80,58.0,,,,1
1984-08,Canada,2016A000011124,All-items,2002=100,17,units,0,v41690973,2.2,60.8,,,,1
1984-08,Canada,2016A000011124,Shelter,2002=100,17,units,0,v41691050,2.79,63.3,,,,1
1984-08,Canada,2016A000011124,Rented accommodation,2002=100,17,units,0,v41691051,2.80,64.3,,,,1
1984-08,Canada,2016A000011124,Rent,2002=100,17,units,0,v41691052,2.81,64.1,,,,1
1984-08,Ontario,2016A000235,All-items,2002=100,17,units,0,v41691919,14.2,59.7,,,,1
1984-08,Ontario,2016A000235,Shelter,2002=100,17,units,0,v41691952,14.79,59.4,,,,1
1984-08,Ontario,2016A000235,Rented accommodation,2002=100,17,units,0,v41691953,14.80,59.5,,,,1
1984-08,Ontario,2016A000235,Rent,2002=100,17,units,0,v41691954,14.81,59.3,,,,1
1984-08,"Toronto, Ontario",2011S0503535,All-items,2002=100,17,units,0,v41692888,16.2,59.1,,,,1
1984-08,"Toronto, Ontario",2011S0503535,Shelter,2002=100,17,units,0,v41692889,16.79,59.0,,,,1
1984-08,"Toronto, Ontario",2011S0503535,Rented accommodation,2002=100,17,units,0,v41692890,16.80,58.3,,,,1
1984-09,Canada,2016A000011124,All-items,2002=100,17,units,0,v41690973,2.2,60.9,,,,1
1984-09,Canada,2016A000011124,Shelter,2002=100,17,units,0,v41691050,2.79,63.6,,,,1
1984-09,Canada,2016A000011124,Rented accommodation,2002=100,17,units,0,v41691051,2.80,64.6,,,,1
1984-09,Canada,2016A000011124,Rent,2002=100,17,units,0,v41691052,2.81,64.4,,,,1
1984-09,Ontario,2016A000235,All-items,2002=100,17,units,0,v41691919,14.2,59.8,,,,1
1984-09,Ontario,2016A000235,Shelter,2002=100,17,units,0,v41691952,14.79,59.6,,,,1
1984-09,Ontario,2016A000235,Rented accommodation,2002=100,17,units,0,v41691953,14.80,59.8,,,,1
1984-09,Ontario,2016A000235,Rent,2002=100,17,units,0,v41691954,14.81,59.7,,,,1
1984-09,"Toronto, Ontario",2011S0503535,All-items,2002=100,17,units,0,v41692888,16.2,59.2,,,,1
1984-09,"Toronto, Ontario",2011S0503535,Shelter,2002=100,17,units,0,v41692889,16.79,59.2,,,,1
1984-09,"Toronto, Ontario",2011S0503535,Rented accommodation,2002=100,17,units,0,v41692890,16.80,58.6,,,,1
1984-10,Canada,2016A000011124,All-items,2002=100,17,units,0,v41690973,2.2,61.1,,,,1
1984-10,Canada,2016A000011124,Shelter,2002=100,17,units,0,v41691050,2.79,64.1,,,,1
1984-10,Canada,2016A000011124,Rented accommodation,2002=100,17,units,0,v41691051,2.80,64.8,,,,1
1984-10,Canada,2016A000011124,Rent,2002=100,17,units,0,v41691052,2.81,64.6,,,,1
1984-10,Ontario,2016A000235,All-items,2002=100,17,units,0,v41691919,14.2,59.9,,,,1
1984-10,Ontario,2016A000235,Shelter,2002=100,17,units,0,v41691952,14.79,60.2,,,,1
1984-10,Ontario,2016A000235,Rented accommodation,2002=100,17,units,0,v41691953,14.80,60.1,,,,1
1984-10,Ontario,2016A000235,Rent,2002=100,17,units,0,v41691954,14.81,60.0,,,,1
1984-10,"Toronto, Ontario",2011S0503535,All-items,2002=100,17,units,0,v41692888,16.2,59.2,,,,1
1984-10,"Toronto, Ontario",2011S0503535,Shelter,2002=100,17,units,0,v41692889,16.79,59.7,,,,1
1984-10,"Toronto, Ontario",2011S0503535,Rented accommodation,2002=100,17,units,0,v41692890,16.80,58.9,,,,1
1984-11,Canada,2016A000011124,All-items,2002=100,17,units,0,v41690973,2.2,61.4,,,,1
1984-11,Canada,2016A000011124,Shelter,2002=100,17,units,0,v41691050,2.79,64.4,,,,1
1984-11,Canada,2016A000011124,Rented accommodation,2002=100,17,units,0,v41691051,2.80,65.0,,,,1
1984-11,Canada,2016A000011124,Rent,2002=100,17,units,0,v41691052,2.81,64.8,,,,1
1984-11,Ontario,2016A000235,All-items,2002=100,17,units,0,v41691919,14.2,60.4,,,,1
1984-11,Ontario,2016A000235,Shelter,2002=100,17,units,0,v41691952,14.79,60.5,,,,1
1984-11,Ontario,2016A000235,Rented accommodation,2002=100,17,units,0,v41691953,14.80,60.4,,,,1
1984-11,Ontario,2016A000235,Rent,2002=100,17,units,0,v41691954,14.81,60.2,,,,1
1984-11,"Toronto, Ontario",2011S0503535,All-items,2002=100,17,units,0,v41692888,16.2,59.6,,,,1
1984-11,"Toronto, Ontario",2011S0503535,Shelter,2002=100,17,units,0,v41692889,16.79,60.1,,,,1
1984-11,"Toronto, Ontario",2011S0503535,Rented accommodation,2002=100,17,units,0,v41692890,16.80,59.2,,,,1
1984-12,Canada,2016A000011124,All-items,2002=100,17,units,0,v41690973,2.2,61.4,,,,1
1984-12,Canada,2016A000011124,Shelter,2002=100,17,units,0,v41691050,2.79,64.5,,,,1
1984-12,Canada,2016A000011124,Rented accommodation,2002=100,17,units,0,v41691051,2.80,65.2,,,,1
1984-12,Canada,2016A000011124,Rent,2002=100,17,units,0,v41691052,2.81,65.0,,,,1
1984-12,Ontario,2016A000235,All-items,2002=100,17,units,0,v41691919,14.2,60.3,,,,1
1984-12,Ontario,2016A000235,Shelter,2002=100,17,units,0,v41691952,14.79,60.7,,,,1
1984-12,Ontario,2016A000235,Rented accommodation,2002=100,17,units,0,v41691953,14.80,60.6,,,,1
1984-12,Ontario,2016A000235,Rent,2002=100,17,units,0,v41691954,14.81,60.4,,,,1
1984-12,"Toronto, Ontario",2011S0503535,All-items,2002=100,17,units,0,v41692888,16.2,59.6,,,,1
1984-12,"Toronto, Ontario",2011S0503535,Shelter,2002=100,17,units,0,v41692889,16.79,60.1,,,,1
1984-12,"Toronto, Ontario",2011S0503535,Rented accommodation,2002=100,17,units,0,v41692890,16.80,59.3,,,,1
1985-01,Canada,2016A000011124,All-items,2002=100,17,units,0,v41690973,2.2,61.7,,,,1
1985-01,Canada,2016A000011124,Shelter,2002=100,17,units,0,v41691050,2.79,64.8,,,,1
1985-01,Canada,2016A000011124,Rented accommodation,2002=100,17,units,0,v41691051,2.80,65.4,,,,1
1985-01,Canada,2016A000011124,Rent,2002=100,17,units,0,v41691052,2.81,65.2,,,,1
1985-01,Ontario,2016A000235,All-items,2002=100,17,units,0,v41691919,14.2,60.7,,,,1
1985-01,Ontario,2016A000235,Shelter,2002=100,17,units,0,v41691952,14.79,61.2,,,,1
1985-01,Ontario,2016A000235,Rented accommodation,2002=100,17,units,0,v41691953,14.80,60.8,,,,1
1985-01,Ontario,2016A000235,Rent,2002=100,17,units,0,v41691954,14.81,60.7,,,,1
1985-01,"Toronto, Ontario",2011S0503535,All-items,2002=100,17,units,0,v41692888,16.2,60.0,,,,1
1985-01,"Toronto, Ontario",2011S0503535,Shelter,2002=100,17,units,0,v41692889,16.79,60.7,,,,1
1985-01,"Toronto, Ontario",2011S0503535,Rented accommodation,2002=100,17,units,0,v41692890,16.80,59.6,,,,1
1985-02,Canada,2016A000011124,All-items,2002=100,17,units,0,v41690973,2.2,62.1,,,,1
1985-02,Canada,2016A000011124,Shelter,2002=100,17,units,0,v41691050,2.79,65.0,,,,1
1985-02,Canada,2016A000011124,Rented accommodation,2002=100,17,units,0,v41691051,2.80,65.5,,,,1
1985-02,Canada,2016A000011124,Rent,2002=100,17,units,0,v41691052,2.81,65.4,,,,1
1985-02,Ontario,2016A000235,All-items,2002=100,17,units,0,v41691919,14.2,61.0,,,,1
1985-02,Ontario,2016A000235,Shelter,2002=100,17,units,0,v41691952,14.79,61.4,,,,1
1985-02,Ontario,2016A000235,Rented accommodation,2002=100,17,units,0,v41691953,14.80,61.1,,,,1
1985-02,Ontario,2016A000235,Rent,2002=100,17,units,0,v41691954,14.81,61.0,,,,1
1985-02,"Toronto, Ontario",2011S0503535,All-items,2002=100,17,units,0,v41692888,16.2,60.3,,,,1
1985-02,"Toronto, Ontario",2011S0503535,Shelter,2002=100,17,units,0,v41692889,16.79,60.8,,,,1
1985-02,"Toronto, Ontario",2011S0503535,Rented accommodation,2002=100,17,units,0,v41692890,16.80,59.8,,,,1
1985-03,Canada,2016A000011124,All-items,2002=100,17,units,0,v41690973,2.2,62.2,,,,1
1985-03,Canada,2016A000011124,Shelter,2002=100,17,units,0,v41691050,2.79,65.0,,,,1
1985-03,Canada,2016A000011124,Rented accommodation,2002=100,17,units,0,v41691051,2.80,65.7,,,,1
1985-03,Canada,2016A000011124,Rent,2002=100,17,units,0,v41691052,2.81,65.4,,,,1
1985-03,Ontario,2016A000235,All-items,2002=100,17,units,0,v41691919,14.2,61.3,,,,1
1985-03,Ontario,2016A000235,Shelter,2002=100,17,units,0,v41691952,14.79,61.5,,,,1
1985-03,Ontario,2016A000235,Rented accommodation,2002=100,17,units,0,v41691953,14.80,61.4,,,,1
1985-03,Ontario,2016A000235,Rent,2002=100,17,units,0,v41691954,14.81,61.2,,,,1
1985-03,"Toronto, Ontario",2011S0503535,All-items,2002=100,17,units,0,v41692888,16.2,60.5,,,,1
1985-03,"Toronto, Ontario",2011S0503535,Shelter,2002=100,17,units,0,v41692889,16.79,61.0,,,,1
1985-03,"Toronto, Ontario",2011S0503535,Rented accommodation,2002=100,17,units,0,v41692890,16.80,60.1,,,,1
1985-04,Canada,2016A000011124,All-items,2002=100,17,units,0,v41690973,2.2,62.5,,,,1
1985-04,Canada,2016A000011124,Shelter,2002=100,17,units,0,v41691050,2.79,65.3,,,,1
1985-04,Canada,2016A000011124,Rented accommodation,2002=100,17,units,0,v41691051,2.80,65.8,,,,1
1985-04,Canada,2016A000011124,Rent,2002=100,17,units,0,v41691052,2.81,65.6,,,,1
1985-04,Ontario,2016A000235,All-items,2002=100,17,units,0,v41691919,14.2,61.3,,,,1
1985-04,Ontario,2016A000235,Shelter,2002=100,17,units,0,v41691952,14.79,61.6,,,,1
1985-04,Ontario,2016A000235,Rented accommodation,2002=100,17,units,0,v41691953,14.80,61.6,,,,1
1985-04,Ontario,2016A000235,Rent,2002=100,17,units,0,v41691954,14.81,61.4,,,,1
1985-04,"Toronto, Ontario",2011S0503535,All-items,2002=100,17,units,0,v41692888,16.2,60.7,,,,1
1985-04,"Toronto, Ontario",2011S0503535,Shelter,2002=100,17,units,0,v41692889,16.79,61.1,,,,1
1985-04,"Toronto, Ontario",2011S0503535,Rented accommodation,2002=100,17,units,0,v41692890,16.80,60.2,,,,1
1985-05,Canada,2016A000011124,All-items,2002=100,17,units,0,v41690973,2.2,62.7,,,,1
1985-05,Canada,2016A000011124,Shelter,2002=100,17,units,0,v41691050,2.79,65.4,,,,1
1985-05,Canada,2016A000011124,Rented accommodation,2002=100,17,units,0,v41691051,2.80,66.1,,,,1
1985-05,Canada,2016A000011124,Rent,2002=100,17,units,0,v41691052,2.81,65.8,,,,1
1985-05,Ontario,2016A000235,All-items,2002=100,17,units,0,v41691919,14.2,61.4,,,,1
1985-05,Ontario,2016A000235,Shelter,2002=100,17,units,0,v41691952,14.79,61.8,,,,1
1985-05,Ontario,2016A000235,Rented accommodation,2002=100,17,units,0,v41691953,14.80,61.8,,,,1
1985-05,Ontario,2016A000235,Rent,2002=100,17,units,0,v41691954,14.81,61.6,,,,1
1985-05,"Toronto, Ontario",2011S0503535,All-items,2002=100,17,units,0,v41692888,16.2,60.7,,,,1
1985-05,"Toronto, Ontario",2011S0503535,Shelter,2002=100,17,units,0,v41692889,16.79,61.2,,,,1
1985-05,"Toronto, Ontario",2011S0503535,Rented accommodation,2002=100,17,units,0,v41692890,16.80,60.5,,,,1
1985-06,Canada,2016A000011124,All-items,2002=100,17,units,0,v41690973,2.2,63.0,,,,1
1985-06,Canada,2016A000011124,Shelter,2002=100,17,units,0,v41691050,2.79,65.5,,,,1
1985-06,Canada,2016A000011124,Rented accommodation,2002=100,17,units,0,v41691051,2.80,66.2,,,,1
1985-06,Canada,2016A000011124,Rent,2002=100,17,units,0,v41691052,2.81,65.9,,,,1
1985-06,Ontario,2016A000235,All-items,2002=100,17,units,0,v41691919,14.2,61.8,,,,1
1985-06,Ontario,2016A000235,Shelter,2002=100,17,units,0,v41691952,14.79,62.0,,,,1
1985-06,Ontario,2016A000235,Rented accommodation,2002=100,17,units,0,v41691953,14.80,62.1,,,,1
1985-06,Ontario,2016A000235,Rent,2002=100,17,units,0,v41691954,14.81,61.9,,,,1
1985-06,"Toronto, Ontario",2011S0503535,All-items,2002=100,17,units,0,v41692888,16.2,61.0,,,,1
1985-06,"Toronto, Ontario",2011S0503535,Shelter,2002=100,17,units,0,v41692889,16.79,61.3,,,,1
1985-06,"Toronto, Ontario",2011S0503535,Rented accommodation,2002=100,17,units,0,v41692890,16.80,60.7,,,,1
1985-07,Canada,2016A000011124,All-items,2002=100,17,units,0,v41690973,2.2,63.3,,,,1
1985-07,Canada,2016A000011124,Shelter,2002=100,17,units,0,v41691050,2.79,65.5,,,,1
1985-07,Canada,2016A000011124,Rented accommodation,2002=100,17,units,0,v41691051,2.80,66.4,,,,1
1985-07,Canada,2016A000011124,Rent,2002=100,17,units,0,v41691052,2.81,66.1,,,,1
1985-07,Ontario,2016A000235,All-items,2002=100,17,units,0,v41691919,14.2,61.9,,,,1
1985-07,Ontario,2016A000235,Shelter,2002=100,17,units,0,v41691952,14.79,62.0,,,,1
1985-07,Ontario,2016A000235,Rented accommodation,2002=100,17,units,0,v41691953,14.80,62.3,,,,1
1985-07,Ontario,2016A000235,Rent,2002=100,17,units,0,v41691954,14.81,62.2,,,,1
1985-07,"Toronto, Ontario",2011S0503535,All-items,2002=100,17,units,0,v41692888,16.2,61.1,,,,1
1985-07,"Toronto, Ontario",2011S0503535,Shelter,2002=100,17,units,0,v41692889,16.79,61.3,,,,1
1985-07,"Toronto, Ontario",2011S0503535,Rented accommodation,2002=100,17,units,0,v41692890,16.80,60.9,,,,1
1985-08,Canada,2016A000011124,All-items,2002=100,17,units,0,v41690973,2.2,63.3,,,,1
1985-08,Canada,2016A000011124,Shelter,2002=100,17,units,0,v41691050,2.79,65.8,,,,1
1985-08,Canada,2016A000011124,Rented accommodation,2002=100,17,units,0,v41691051,2.80,67.1,,,,1
1985-08,Canada,2016A000011124,Rent,2002=100,17,units,0,v41691052,2.81,66.8,,,,1
1985-08,Ontario,2016A000235,All-items,2002=100,17,units,0,v41691919,14.2,62.1,,,,1
1985-08,Ontario,2016A000235,Shelter,2002=100,17,units,0,v41691952,14.79,62.2,,,,1
1985-08,Ontario,2016A000235,Rented accommodation,2002=100,17,units,0,v41691953,14.80,62.6,,,,1
1985-08,Ontario,2016A000235,Rent,2002=100,17,units,0,v41691954,14.81,62.5,,,,1
1985-08,"Toronto, Ontario",2011S0503535,All-items,2002=100,17,units,0,v41692888,16.2,61.3,,,,1
1985-08,"Toronto, Ontario",2011S0503535,Shelter,2002=100,17,units,0,v41692889,16.79,61.4,,,,1
1985-08,"Toronto, Ontario",2011S0503535,Rented accommodation,2002=100,17,units,0,v41692890,16.80,61.2,,,,1
1985-09,Canada,2016A000011124,All-items,2002=100,17,units,0,v41690973,2.2,63.4,,,,1
1985-09,Canada,2016A000011124,Shelter,2002=100,17,units,0,v41691050,2.79,65.9,,,,1
1985-09,Canada,2016A000011124,Rented accommodation,2002=100,17,units,0,v41691051,2.80,67.3,,,,1
1985-09,Canada,2016A000011124,Rent,2002=100,17,units,0,v41691052,2.81,67.0,,,,1
1985-09,Ontario,2016A000235,All-items,2002=100,17,units,0,v41691919,14.2,62.1,,,,1
1985-09,Ontario,2016A000235,Shelter,2002=100,17,units,0,v41691952,14.79,62.3,,,,1
1985-09,Ontario,2016A000235,Rented accommodation,2002=100,17,units,0,v41691953,14.80,63.0,,,,1
1985-09,Ontario,2016A000235,Rent,2002=100,17,units,0,v41691954,14.81,62.8,,,,1
1985-09,"Toronto, Ontario",2011S0503535,All-items,2002=100,17,units,0,v41692888,16.2,61.3,,,,1
1985-09,"Toronto, Ontario",2011S0503535,Shelter,2002=100,17,units,0,v41692889,16.79,61.7,,,,1
1985-09,"Toronto, Ontario",2011S0503535,Rented accommodation,2002=100,17,units,0,v41692890,16.80,61.5,,,,1
1985-10,Canada,2016A000011124,All-items,2002=100,17,units,0,v41690973,2.2,63.6,,,,1
1985-10,Canada,2016A000011124,Shelter,2002=100,17,units,0,v41691050,2.79,66.3,,,,1
1985-10,Canada,2016A000011124,Rented accommodation,2002=100,17,units,0,v41691051,2.80,67.4,,,,1
1985-10,Canada,2016A000011124,Rent,2002=100,17,units,0,v41691052,2.81,67.3,,,,1
1985-10,Ontario,2016A000235,All-items,2002=100,17,units,0,v41691919,14.2,62.4,,,,1
1985-10,Ontario,2016A000235,Shelter,2002=100,17,units,0,v41691952,14.79,62.8,,,,1
1985-10,Ontario,2016A000235,Rented accommodation,2002=100,17,units,0,v41691953,14.80,63.4,,,,1
1985-10,Ontario,2016A000235,Rent,2002=100,17,units,0,v41691954,14.81,63.3,,,,1
1985-10,"Toronto, Ontario",2011S0503535,All-items,2002=100,17,units,0,v41692888,16.2,61.5,,,,1
1985-10,"Toronto, Ontario",2011S0503535,Shelter,2002=100,17,units,0,v41692889,16.79,62.0,,,,1
1985-10,"Toronto, Ontario",2011S0503535,Rented accommodation,2002=100,17,units,0,v41692890,16.80,61.9,,,,1
1985-11,Canada,2016A000011124,All-items,2002=100,17,units,0,v41690973,2.2,63.8,,,,1
1985-11,Canada,2016A000011124,Shelter,2002=100,17,units,0,v41691050,2.79,66.4,,,,1
1985-11,Canada,2016A000011124,Rented accommodation,2002=100,17,units,0,v41691051,2.80,67.8,,,,1
1985-11,Canada,2016A000011124,Rent,2002=100,17,units,0,v41691052,2.81,67.5,,,,1
1985-11,Ontario,2016A000235,All-items,2002=100,17,units,0,v41691919,14.2,62.7,,,,1
1985-11,Ontario,2016A000235,Shelter,2002=100,17,units,0,v41691952,14.79,63.0,,,,1
1985-11,Ontario,2016A000235,Rented accommodation,2002=100,17,units,0,v41691953,14.80,63.7,,,,1
1985-11,Ontario,2016A000235,Rent,2002=100,17,units,0,v41691954,14.81,63.5,,,,1
1985-11,"Toronto, Ontario",2011S0503535,All-items,2002=100,17,units,0,v41692888,16.2,61.9,,,,1
1985-11,"Toronto, Ontario",2011S0503535,Shelter,2002=100,17,units,0,v41692889,16.79,62.4,,,,1
1985-11,"Toronto, Ontario",2011S0503535,Rented accommodation,2002=100,17,units,0,v41692890,16.80,62.3,,,,1
1985-12,Canada,2016A000011124,All-items,2002=100,17,units,0,v41690973,2.2,64.1,,,,1
1985-12,Canada,2016A000011124,Shelter,2002=100,17,units,0,v41691050,2.79,66.6,,,,1
1985-12,Canada,2016A000011124,Rented accommodation,2002=100,17,units,0,v41691051,2.80,68.0,,,,1
1985-12,Canada,2016A000011124,Rent,2002=100,17,units,0,v41691052,2.81,67.7,,,,1
1985-12,Ontario,2016A000235,All-items,2002=100,17,units,0,v41691919,14.2,63.0,,,,1
1985-12,Ontario,2016A000235,Shelter,2002=100,17,units,0,v41691952,14.79,63.2,,,,1
1985-12,Ontario,2016A000235,Rented accommodation,2002=100,17,units,0,v41691953,14.80,63.9,,,,1
1985-12,Ontario,2016A000235,Rent,2002=100,17,units,0,v41691954,14.81,63.8,,,,1
1985-12,"Toronto, Ontario",2011S0503535,All-items,2002=100,17,units,0,v41692888,16.2,62.2,,,,1
1985-12,"Toronto, Ontario",2011S0503535,Shelter,2002=100,17,units,0,v41692889,16.79,62.6,,,,1
1985-12,"Toronto, Ontario",2011S0503535,Rented accommodation,2002=100,17,units,0,v41692890,16.80,62.5,,,,1
1986-01,Canada,2016A000011124,All-items,2002=100,17,units,0,v41690973,2.2,64.4,,,,1
1986-01,Canada,2016A000011124,Shelter,2002=100,17,units,0,v41691050,2.79,66.8,,,,1
1986-01,Canada,2016A000011124,Rented accommodation,2002=100,17,units,0,v41691051,2.80,68.1,,,,1
1986-01,Canada,2016A000011124,Rent,2002=100,17,units,0,v41691052,2.81,67.9,,,,1
1986-01,Ontario,2016A000235,All-items,2002=100,17,units,0,v41691919,14.2,63.4,,,,1
1986-01,Ontario,2016A000235,Shelter,2002=100,17,units,0,v41691952,14.79,63.5,,,,1
1986-01,Ontario,2016A000235,Rented accommodation,2002=100,17,units,0,v41691953,14.80,64.2,,,,1
1986-01,Ontario,2016A000235,Rent,2002=100,17,units,0,v41691954,14.81,63.9,,,,1
1986-01,"Toronto, Ontario",2011S0503535,All-items,2002=100,17,units,0,v41692888,16.2,62.5,,,,1
1986-01,"Toronto, Ontario",2011S0503535,Shelter,2002=100,17,units,0,v41692889,16.79,62.9,,,,1
1986-01,"Toronto, Ontario",2011S0503535,Rented accommodation,2002=100,17,units,0,v41692890,16.80,62.8,,,,1
1986-02,Canada,2016A000011124,All-items,2002=100,17,units,0,v41690973,2.2,64.7,,,,1
1986-02,Canada,2016A000011124,Shelter,2002=100,17,units,0,v41691050,2.79,67.0,,,,1
1986-02,Canada,2016A000011124,Rented accommodation,2002=100,17,units,0,v41691051,2.80,68.3,,,,1
1986-02,Canada,2016A000011124,Rent,2002=100,17,units,0,v41691052,2.81,68.1,,,,1
1986-02,Ontario,2016A000235,All-items,2002=100,17,units,0,v41691919,14.2,63.6,,,,1
1986-02,Ontario,2016A000235,Shelter,2002=100,17,units,0,v41691952,14.79,63.8,,,,1
1986-02,Ontario,2016A000235,Rented accommodation,2002=100,17,units,0,v41691953,14.80,64.4,,,,1
1986-02,Ontario,2016A000235,Rent,2002=100,17,units,0,v41691954,14.81,64.3,,,,1
1986-02,"Toronto, Ontario",2011S0503535,All-items,2002=100,17,units,0,v41692888,16.2,62.9,,,,1
1986-02,"Toronto, Ontario",2011S0503535,Shelter,2002=100,17,units,0,v41692889,16.79,63.3,,,,1
1986-02,"Toronto, Ontario",2011S0503535,Rented accommodation,2002=100,17,units,0,v41692890,16.80,63.0,,,,1
1986-03,Canada,2016A000011124,All-items,2002=100,17,units,0,v41690973,2.2,64.9,,,,1
1986-03,Canada,2016A000011124,Shelter,2002=100,17,units,0,v41691050,2.79,67.0,,,,1
1986-03,Canada,2016A000011124,Rented accommodation,2002=100,17,units,0,v41691051,2.80,68.5,,,,1
1986-03,Canada,2016A000011124,Rent,2002=100,17,units,0,v41691052,2.81,68.2,,,,1
1986-03,Ontario,2016A000235,All-items,2002=100,17,units,0,v41691919,14.2,63.7,,,,1
1986-03,Ontario,2016A000235,Shelter,2002=100,17,units,0,v41691952,14.79,64.0,,,,1
1986-03,Ontario,2016A000235,Rented accommodation,2002=100,17,units,0,v41691953,14.80,64.6,,,,1
1986-03,Ontario,2016A000235,Rent,2002=100,17,units,0,v41691954,14.81,64.4,,,,1
1986-03,"Toronto, Ontario",2011S0503535,All-items,2002=100,17,units,0,v41692888,16.2,63.0,,,,1
1986-03,"Toronto, Ontario",2011S0503535,Shelter,2002=100,17,units,0,v41692889,16.79,63.4,,,,1
1986-03,"Toronto, Ontario",2011S0503535,Rented accommodation,2002=100,17,units,0,v41692890,16.80,63.2,,,,1
1986-04,Canada,2016A000011124,All-items,2002=100,17,units,0,v41690973,2.2,64.9,,,,1
1986-04,Canada,2016A000011124,Shelter,2002=100,17,units,0,v41691050,2.79,67.0,,,,1
1986-04,Canada,2016A000011124,Rented accommodation,2002=100,17,units,0,v41691051,2.80,68.5,,,,1
1986-04,Canada,2016A000011124,Rent,2002=100,17,units,0,v41691052,2.81,68.3,,,,1
1986-04,Ontario,2016A000235,All-items,2002=100,17,units,0,v41691919,14.2,63.8,,,,1
1986-04,Ontario,2016A000235,Shelter,2002=100,17,units,0,v41691952,14.79,64.0,,,,1
1986-04,Ontario,2016A000235,Rented accommodation,2002=100,17,units,0,v41691953,14.80,64.7,,,,1
1986-04,Ontario,2016A000235,Rent,2002=100,17,units,0,v41691954,14.81,64.5,,,,1
1986-04,"Toronto, Ontario",2011S0503535,All-items,2002=100,17,units,0,v41692888,16.2,63.0,,,,1
1986-04,"Toronto, Ontario",2011S0503535,Shelter,2002=100,17,units,0,v41692889,16.79,63.4,,,,1
1986-04,"Toronto, Ontario",2011S0503535,Rented accommodation,2002=100,17,units,0,v41692890,16.80,63.3,,,,1
1986-05,Canada,2016A000011124,All-items,2002=100,17,units,0,v41690973,2.2,65.3,,,,1
1986-05,Canada,2016A000011124,Shelter,2002=100,17,units,0,v41691050,2.79,67.1,,,,1
1986-05,Canada,2016A000011124,Rented accommodation,2002=100,17,units,0,v41691051,2.80,68.7,,,,1
1986-05,Canada,2016A000011124,Rent,2002=100,17,units,0,v41691052,2.81,68.6,,,,1
1986-05,Ontario,2016A000235,All-items,2002=100,17,units,0,v41691919,14.2,64.1,,,,1
1986-05,Ontario,2016A000235,Shelter,2002=100,17,units,0,v41691952,14.79,64.1,,,,1
1986-05,Ontario,2016A000235,Rented accommodation,2002=100,17,units,0,v41691953,14.80,64.9,,,,1
1986-05,Ontario,2016A000235,Rent,2002=100,17,units,0,v41691954,14.81,64.8,,,,1
1986-05,"Toronto, Ontario",2011S0503535,All-items,2002=100,17,units,0,v41692888,16.2,63.4,,,,1
1986-05,"Toronto, Ontario",2011S0503535,Shelter,2002=100,17,units,0,v41692889,16.79,63.4,,,,1
1986-05,"Toronto, Ontario",2011S0503535,Rented accommodation,2002=100,17,units,0,v41692890,16.80,63.5,,,,1
1986-06,Canada,2016A000011124,All-items,2002=100,17,units,0,v41690973,2.2,65.4,,,,1
1986-06,Canada,2016A000011124,Shelter,2002=100,17,units,0,v41691050,2.79,67.1,,,,1
1986-06,Canada,2016A000011124,Rented accommodation,2002=100,17,units,0,v41691051,2.80,68.8,,,,1
1986-06,Canada,2016A000011124,Rent,2002=100,17,units,0,v41691052,2.81,68.7,,,,1
1986-06,Ontario,2016A000235,All-items,2002=100,17,units,0,v41691919,14.2,64.3,,,,1
1986-06,Ontario,2016A000235,Shelter,2002=100,17,units,0,v41691952,14.79,64.2,,,,1
1986-06,Ontario,2016A000235,Rented accommodation,2002=100,17,units,0,v41691953,14.80,65.0,,,,1
1986-06,Ontario,2016A000235,Rent,2002=100,17,units,0,v41691954,14.81,64.9,,,,1
1986-06,"Toronto, Ontario",2011S0503535,All-items,2002=100,17,units,0,v41692888,16.2,63.6,,,,1
1986-06,"Toronto, Ontario",2011S0503535,Shelter,2002=100,17,units,0,v41692889,16.79,63.7,,,,1
1986-06,"Toronto, Ontario",2011S0503535,Rented accommodation,2002=100,17,units,0,v41692890,16.80,63.8,,,,1
1986-07,Canada,2016A000011124,All-items,2002=100,17,units,0,v41690973,2.2,65.9,,,,1
1986-07,Canada,2016A000011124,Shelter,2002=100,17,units,0,v41691050,2.79,67.2,,,,1
1986-07,Canada,2016A000011124,Rented accommodation,2002=100,17,units,0,v41691051,2.80,69.2,,,,1
1986-07,Canada,2016A000011124,Rent,2002=100,17,units,0,v41691052,2.81,68.9,,,,1
1986-07,Ontario,2016A000235,All-items,2002=100,17,units,0,v41691919,14.2,64.8,,,,1
1986-07,Ontario,2016A000235,Shelter,2002=100,17,units,0,v41691952,14.79,64.4,,,,1
1986-07,Ontario,2016A000235,Rented accommodation,2002=100,17,units,0,v41691953,14.80,65.3,,,,1
1986-07,Ontario,2016A000235,Rent,2002=100,17,units,0,v41691954,14.81,65.2,,,,1
1986-07,"Toronto, Ontario",2011S0503535,All-items,2002=100,17,units,0,v41692888,16.2,64.3,,,,1
1986-07,"Toronto, Ontario",2011S0503535,Shelter,2002=100,17,units,0,v41692889,16.79,63.9,,,,1
1986-07,"Toronto, Ontario",2011S0503535,Rented accommodation,2002=100,17,units,0,v41692890,16.80,64.1,,,,1
1986-08,Canada,2016A000011124,All-items,2002=100,17,units,0,v41690973,2.2,66.0,,,,1
1986-08,Canada,2016A000011124,Shelter,2002=100,17,units,0,v41691050,2.79,67.5,,,,1
1986-08,Canada,2016A000011124,Rented accommodation,2002=100,17,units,0,v41691051,2.80,69.7,,,,1
1986-08,Canada,2016A000011124,Rent,2002=100,17,units,0,v41691052,2.81,69.5,,,,1
1986-08,Ontario,2016A000235,All-items,2002=100,17,units,0,v41691919,14.2,65.0,,,,1
1986-08,Ontario,2016A000235,Shelter,2002=100,17,units,0,v41691952,14.79,64.6,,,,1
1986-08,Ontario,2016A000235,Rented accommodation,2002=100,17,units,0,v41691953,14.80,65.6,,,,1
1986-08,Ontario,2016A000235,Rent,2002=100,17,units,0,v41691954,14.81,65.4,,,,1
1986-08,"Toronto, Ontario",2011S0503535,All-items,2002=100,17,units,0,v41692888,16.2,64.4,,,,1
1986-08,"Toronto, Ontario",2011S0503535,Shelter,2002=100,17,units,0,v41692889,16.79,64.2,,,,1
1986-08,"Toronto, Ontario",2011S0503535,Rented accommodation,2002=100,17,units,0,v41692890,16.80,64.3,,,,1
1986-09,Canada,2016A000011124,All-items,2002=100,17,units,0,v41690973,2.2,66.0,,,,1
1986-09,Canada,2016A000011124,Shelter,2002=100,17,units,0,v41691050,2.79,67.6,,,,1
1986-09,Canada,2016A000011124,Rented accommodation,2002=100,17,units,0,v41691051,2.80,69.9,,,,1
1986-09,Canada,2016A000011124,Rent,2002=100,17,units,0,v41691052,2.81,69.7,,,,1
1986-09,Ontario,2016A000235,All-items,2002=100,17,units,0,v41691919,14.2,65.0,,,,1
1986-09,Ontario,2016A000235,Shelter,2002=100,17,units,0,v41691952,14.79,64.8,,,,1
1986-09,Ontario,2016A000235,Rented accommodation,2002=100,17,units,0,v41691953,14.80,65.9,,,,1
1986-09,Ontario,2016A000235,Rent,2002=100,17,units,0,v41691954,14.81,65.7,,,,1
1986-09,"Toronto, Ontario",2011S0503535,All-items,2002=100,17,units,0,v41692888,16.2,64.4,,,,1
1986-09,"Toronto, Ontario",2011S0503535,Shelter,2002=100,17,units,0,v41692889,16.79,64.6,,,,1
1986-09,"Toronto, Ontario",2011S0503535,Rented accommodation,2002=100,17,units,0,v41692890,16.80,64.7,,,,1
1986-10,Canada,2016A000011124,All-items,2002=100,17,units,0,v41690973,2.2,66.4,,,,1
1986-10,Canada,2016A000011124,Shelter,2002=100,17,units,0,v41691050,2.79,68.3,,,,1
1986-10,Canada,2016A000011124,Rented accommodation,2002=100,17,units,0,v41691051,2.80,70.1,,,,1
1986-10,Canada,2016A000011124,Rent,2002=100,17,units,0,v41691052,2.81,70.0,,,,1
1986-10,Ontario,2016A000235,All-items,2002=100,17,units,0,v41691919,14.2,65.4,,,,1
1986-10,Ontario,2016A000235,Shelter,2002=100,17,units,0,v41691952,14.79,65.7,,,,1
1986-10,Ontario,2016A000235,Rented accommodation,2002=100,17,units,0,v41691953,14.80,66.1,,,,1
1986-10,Ontario,2016A000235,Rent,2002=100,17,units,0,v41691954,14.81,65.9,,,,1
1986-10,"Toronto, Ontario",2011S0503535,All-items,2002=100,17,units,0,v41692888,16.2,64.9,,,,1
1986-10,"Toronto, Ontario",2011S0503535,Shelter,2002=100,17,units,0,v41692889,16.79,65.6,,,,1
1986-10,"Toronto, Ontario",2011S0503535,Rented accommodation,2002=100,17,units,0,v41692890,16.80,64.7,,,,1
1986-11,Canada,2016A000011124,All-items,2002=100,17,units,0,v41690973,2.2,66.7,,,,1
1986-11,Canada,2016A000011124,Shelter,2002=100,17,units,0,v41691050,2.79,68.5,,,,1
1986-11,Canada,2016A000011124,Rented accommodation,2002=100,17,units,0,v41691051,2.80,70.3,,,,1
1986-11,Canada,2016A000011124,Rent,2002=100,17,units,0,v41691052,2.81,70.2,,,,1
1986-11,Ontario,2016A000235,All-items,2002=100,17,units,0,v41691919,14.2,65.8,,,,1
1986-11,Ontario,2016A000235,Shelter,2002=100,17,units,0,v41691952,14.79,65.9,,,,1
1986-11,Ontario,2016A000235,Rented accommodation,2002=100,17,units,0,v41691953,14.80,66.3,,,,1
1986-11,Ontario,2016A000235,Rent,2002=100,17,units,0,v41691954,14.81,66.3,,,,1
1986-11,"Toronto, Ontario",2011S0503535,All-items,2002=100,17,units,0,v41692888,16.2,65.4,,,,1
1986-11,"Toronto, Ontario",2011S0503535,Shelter,2002=100,17,units,0,v41692889,16.79,65.9,,,,1
1986-11,"Toronto, Ontario",2011S0503535,Rented accommodation,2002=100,17,units,0,v41692890,16.80,65.1,,,,1
1986-12,Canada,2016A000011124,All-items,2002=100,17,units,0,v41690973,2.2,66.8,,,,1
1986-12,Canada,2016A000011124,Shelter,2002=100,17,units,0,v41691050,2.79,68.8,,,,1
1986-12,Canada,2016A000011124,Rented accommodation,2002=100,17,units,0,v41691051,2.80,70.6,,,,1
1986-12,Canada,2016A000011124,Rent,2002=100,17,units,0,v41691052,2.81,70.3,,,,1
1986-12,Ontario,2016A000235,All-items,2002=100,17,units,0,v41691919,14.2,65.9,,,,1
1986-12,Ontario,2016A000235,Shelter,2002=100,17,units,0,v41691952,14.79,66.3,,,,1
1986-12,Ontario,2016A000235,Rented accommodation,2002=100,17,units,0,v41691953,14.80,66.5,,,,1
1986-12,Ontario,2016A000235,Rent,2002=100,17,units,0,v41691954,14.81,66.5,,,,1
1986-12,"Toronto, Ontario",2011S0503535,All-items,2002=100,17,units,0,v41692888,16.2,65.5,,,,1
1986-12,"Toronto, Ontario",2011S0503535,Shelter,2002=100,17,units,0,v41692889,16.79,66.5,,,,1
1986-12,"Toronto, Ontario",2011S0503535,Rented accommodation,2002=100,17,units,0,v41692890,16.80,65.2,,,,1
1987-01,Canada,2016A000011124,All-items,2002=100,17,units,0,v41690973,2.2,67.0,,,,1
1987-01,Canada,2016A000011124,Shelter,2002=100,17,units,0,v41691050,2.79,69.0,,,,1
1987-01,Canada,2016A000011124,Rented accommodation,2002=100,17,units,0,v41691051,2.80,70.6,,,,1
1987-01,Canada,2016A000011124,Rent,2002=100,17,units,0,v41691052,2.81,70.5,,,,1
1987-01,Ontario,2016A000235,All-items,2002=100,17,units,0,v41691919,14.2,66.2,,,,1
1987-01,Ontario,2016A000235,Shelter,2002=100,17,units,0,v41691952,14.79,66.8,,,,1
1987-01,Ontario,2016A000235,Rented accommodation,2002=100,17,units,0,v41691953,14.80,66.7,,,,1
1987-01,Ontario,2016A000235,Rent,2002=100,17,units,0,v41691954,14.81,66.6,,,,1
1987-01,"Toronto, Ontario",2011S0503535,All-items,2002=100,17,units,0,v41692888,16.2,65.7,,,,1
1987-01,"Toronto, Ontario",2011S0503535,Shelter,2002=100,17,units,0,v41692889,16.79,66.9,,,,1
1987-01,"Toronto, Ontario",2011S0503535,Rented accommodation,2002=100,17,units,0,v41692890,16.80,65.4,,,,1
1987-02,Canada,2016A000011124,All-items,2002=100,17,units,0,v41690973,2.2,67.3,,,,1
1987-02,Canada,2016A000011124,Shelter,2002=100,17,units,0,v41691050,2.79,69.3,,,,1
1987-02,Canada,2016A000011124,Rented accommodation,2002=100,17,units,0,v41691051,2.80,70.8,,,,1
1987-02,Canada,2016A000011124,Rent,2002=100,17,units,0,v41691052,2.81,70.6,,,,1
1987-02,Ontario,2016A000235,All-items,2002=100,17,units,0,v41691919,14.2,66.5,,,,1
1987-02,Ontario,2016A000235,Shelter,2002=100,17,units,0,v41691952,14.79,67.2,,,,1
1987-02,Ontario,2016A000235,Rented accommodation,2002=100,17,units,0,v41691953,14.80,67.1,,,,1
1987-02,Ontario,2016A000235,Rent,2002=100,17,units,0,v41691954,14.81,67.0,,,,1
1987-02,"Toronto, Ontario",2011S0503535,All-items,2002=100,17,units,0,v41692888,16.2,66.0,,,,1
1987-02,"Toronto, Ontario",2011S0503535,Shelter,2002=100,17,units,0,v41692889,16.79,67.5,,,,1
1987-02,"Toronto, Ontario",2011S0503535,Rented accommodation,2002=100,17,units,0,v41692890,16.80,65.8,,,,1
1987-03,Canada,2016A000011124,All-items,2002=100,17,units,0,v41690973,2.2,67.5,,,,1
1987-03,Canada,2016A000011124,Shelter,2002=100,17,units,0,v41691050,2.79,69.6,,,,1
1987-03,Canada,2016A000011124,Rented accommodation,2002=100,17,units,0,v41691051,2.80,70.9,,,,1
1987-03,Canada,2016A000011124,Rent,2002=100,17,units,0,v41691052,2.81,70.8,,,,1
1987-03,Ontario,2016A000235,All-items,2002=100,17,units,0,v41691919,14.2,66.8,,,,1
1987-03,Ontario,2016A000235,Shelter,2002=100,17,units,0,v41691952,14.79,67.7,,,,1
1987-03,Ontario,2016A000235,Rented accommodation,2002=100,17,units,0,v41691953,14.80,67.3,,,,1
1987-03,Ontario,2016A000235,Rent,2002=100,17,units,0,v41691954,14.81,67.2,,,,1
1987-03,"Toronto, Ontario",2011S0503535,All-items,2002=100,17,units,0,v41692888,16.2,66.4,,,,1
1987-03,"Toronto, Ontario",2011S0503535,Shelter,2002=100,17,units,0,v41692889,16.79,68.2,,,,1
1987-03,"Toronto, Ontario",2011S0503535,Rented accommodation,2002=100,17,units,0,v41692890,16.80,66.1,,,,1
1987-04,Canada,2016A000011124,All-items,2002=100,17,units,0,v41690973,2.2,67.9,,,,1
1987-04,Canada,2016A000011124,Shelter,2002=100,17,units,0,v41691050,2.79,69.9,,,,1
1987-04,Canada,2016A000011124,Rented accommodation,2002=100,17,units,0,v41691051,2.80,71.2,,,,1
1987-04,Canada,2016A000011124,Rent,2002=100,17,units,0,v41691052,2.81,70.9,,,,1
1987-04,Ontario,2016A000235,All-items,2002=100,17,units,0,v41691919,14.2,67.2,,,,1
1987-04,Ontario,2016A000235,Shelter,2002=100,17,units,0,v41691952,14.79,68.5,,,,1
1987-04,Ontario,2016A000235,Rented accommodation,2002=100,17,units,0,v41691953,14.80,67.6,,,,1
1987-04,Ontario,2016A000235,Rent,2002=100,17,units,0,v41691954,14.81,67.5,,,,1
1987-04,"Toronto, Ontario",2011S0503535,All-items,2002=100,17,units,0,v41692888,16.2,66.8,,,,1
1987-04,"Toronto, Ontario",2011S0503535,Shelter,2002=100,17,units,0,v41692889,16.79,69.2,,,,1
1987-04,"Toronto, Ontario",2011S0503535,Rented accommodation,2002=100,17,units,0,v41692890,16.80,66.3,,,,1
1987-05,Canada,2016A000011124,All-items,2002=100,17,units,0,v41690973,2.2,68.3,,,,1
1987-05,Canada,2016A000011124,Shelter,2002=100,17,units,0,v41691050,2.79,70.1,,,,1
1987-05,Canada,2016A000011124,Rented accommodation,2002=100,17,units,0,v41691051,2.80,71.2,,,,1
1987-05,Canada,2016A000011124,Rent,2002=100,17,units,0,v41691052,2.81,71.1,,,,1
1987-05,Ontario,2016A000235,All-items,2002=100,17,units,0,v41691919,14.2,67.6,,,,1
1987-05,Ontario,2016A000235,Shelter,2002=100,17,units,0,v41691952,14.79,68.8,,,,1
1987-05,Ontario,2016A000235,Rented accommodation,2002=100,17,units,0,v41691953,14.80,67.8,,,,1
1987-05,Ontario,2016A000235,Rent,2002=100,17,units,0,v41691954,14.81,67.5,,,,1
1987-05,"Toronto, Ontario",2011S0503535,All-items,2002=100,17,units,0,v41692888,16.2,67.3,,,,1
1987-05,"Toronto, Ontario",2011S0503535,Shelter,2002=100,17,units,0,v41692889,16.79,69.7,,,,1
1987-05,"Toronto, Ontario",2011S0503535,Rented accommodation,2002=100,17,units,0,v41692890,16.80,66.5,,,,1
1987-06,Canada,2016A000011124,All-items,2002=100,17,units,0,v41690973,2.2,68.5,,,,1
1987-06,Canada,2016A000011124,Shelter,2002=100,17,units,0,v41691050,2.79,70.3,,,,1
1987-06,Canada,2016A000011124,Rented accommodation,2002=100,17,units,0,v41691051,2.80,71.3,,,,1
1987-06,Canada,2016A000011124,Rent,2002=100,17,units,0,v41691052,2.81,71.3,,,,1
1987-06,Ontario,2016A000235,All-items,2002=100,17,units,0,v41691919,14.2,67.8,,,,1
1987-06,Ontario,2016A000235,Shelter,2002=100,17,units,0,v41691952,14.79,68.9,,,,1
1987-06,Ontario,2016A000235,Rented accommodation,2002=100,17,units,0,v41691953,14.80,68.0,,,,1
1987-06,Ontario,2016A000235,Rent,2002=100,17,units,0,v41691954,14.81,67.8,,,,1
1987-06,"Toronto, Ontario",2011S0503535,All-items,2002=100,17,units,0,v41692888,16.2,67.6,,,,1
1987-06,"Toronto, Ontario",2011S0503535,Shelter,2002=100,17,units,0,v41692889,16.79,70.0,,,,1
1987-06,"Toronto, Ontario",2011S0503535,Rented accommodation,2002=100,17,units,0,v41692890,16.80,66.8,,,,1
1987-07,Canada,2016A000011124,All-items,2002=100,17,units,0,v41690973,2.2,68.9,,,,1
1987-07,Canada,2016A000011124,Shelter,2002=100,17,units,0,v41691050,2.79,70.5,,,,1
1987-07,Canada,2016A000011124,Rented accommodation,2002=100,17,units,0,v41691051,2.80,71.6,,,,1
1987-07,Canada,2016A000011124,Rent,2002=100,17,units,0,v41691052,2.81,71.4,,,,1
1987-07,Ontario,2016A000235,All-items,2002=100,17,units,0,v41691919,14.2,68.4,,,,1
1987-07,Ontario,2016A000235,Shelter,2002=100,17,units,0,v41691952,14.79,69.3,,,,1
1987-07,Ontario,2016A000235,Rented accommodation,2002=100,17,units,0,v41691953,14.80,68.3,,,,1
1987-07,Ontario,2016A000235,Rent,2002=100,17,units,0,v41691954,14.81,68.1,,,,1
1987-07,"Toronto, Ontario",2011S0503535,All-items,2002=100,17,units,0,v41692888,16.2,68.3,,,,1
1987-07,"Toronto, Ontario",2011S0503535,Shelter,2002=100,17,units,0,v41692889,16.79,70.3,,,,1
1987-07,"Toronto, Ontario",2011S0503535,Rented accommodation,2002=100,17,units,0,v41692890,16.80,67.1,,,,1
1987-08,Canada,2016A000011124,All-items,2002=100,17,units,0,v41690973,2.2,69.0,,,,1
1987-08,Canada,2016A000011124,Shelter,2002=100,17,units,0,v41691050,2.79,70.8,,,,1
1987-08,Canada,2016A000011124,Rented accommodation,2002=100,17,units,0,v41691051,2.80,72.2,,,,1
1987-08,Canada,2016A000011124,Rent,2002=100,17,units,0,v41691052,2.81,72.0,,,,1
1987-08,Ontario,2016A000235,All-items,2002=100,17,units,0,v41691919,14.2,68.4,,,,1
1987-08,Ontario,2016A000235,Shelter,2002=100,17,units,0,v41691952,14.79,69.5,,,,1
1987-08,Ontario,2016A000235,Rented accommodation,2002=100,17,units,0,v41691953,14.80,68.6,,,,1
1987-08,Ontario,2016A000235,Rent,2002=100,17,units,0,v41691954,14.81,68.5,,,,1
1987-08,"Toronto, Ontario",2011S0503535,All-items,2002=100,17,units,0,v41692888,16.2,68.3,,,,1
1987-08,"Toronto, Ontario",2011S0503535,Shelter,2002=100,17,units,0,v41692889,16.79,70.6,,,,1
1987-08,"Toronto, Ontario",2011S0503535,Rented accommodation,2002=100,17,units,0,v41692890,16.80,67.4,,,,1
1987-09,Canada,2016A000011124,All-items,2002=100,17,units,0,v41690973,2.2,69.0,,,,1
1987-09,Canada,2016A000011124,Shelter,2002=100,17,units,0,v41691050,2.79,71.0,,,,1
1987-09,Canada,2016A000011124,Rented accommodation,2002=100,17,units,0,v41691051,2.80,72.4,,,,1
1987-09,Canada,2016A000011124,Rent,2002=100,17,units,0,v41691052,2.81,72.2,,,,1
1987-09,Ontario,2016A000235,All-items,2002=100,17,units,0,v41691919,14.2,68.4,,,,1
1987-09,Ontario,2016A000235,Shelter,2002=100,17,units,0,v41691952,14.79,69.7,,,,1
1987-09,Ontario,2016A000235,Rented accommodation,2002=100,17,units,0,v41691953,14.80,68.8,,,,1
1987-09,Ontario,2016A000235,Rent,2002=100,17,units,0,v41691954,14.81,68.6,,,,1
1987-09,"Toronto, Ontario",2011S0503535,All-items,2002=100,17,units,0,v41692888,16.2,68.3,,,,1
1987-09,"Toronto, Ontario",2011S0503535,Shelter,2002=100,17,units,0,v41692889,16.79,70.7,,,,1
1987-09,"Toronto, Ontario",2011S0503535,Rented accommodation,2002=100,17,units,0,v41692890,16.80,67.5,,,,1
1987-10,Canada,2016A000011124,All-items,2002=100,17,units,0,v41690973,2.2,69.2,,,,1
1987-10,Canada,2016A000011124,Shelter,2002=100,17,units,0,v41691050,2.79,71.7,,,,1
1987-10,Canada,2016A000011124,Rented accommodation,2002=100,17,units,0,v41691051,2.80,72.6,,,,1
1987-10,Canada,2016A000011124,Rent,2002=100,17,units,0,v41691052,2.81,72.6,,,,1
1987-10,Ontario,2016A000235,All-items,2002=100,17,units,0,v41691919,14.2,68.7,,,,1
1987-10,Ontario,2016A000235,Shelter,2002=100,17,units,0,v41691952,14.79,70.3,,,,1
1987-10,Ontario,2016A000235,Rented accommodation,2002=100,17,units,0,v41691953,14.80,69.2,,,,1
1987-10,Ontario,2016A000235,Rent,2002=100,17,units,0,v41691954,14.81,69.1,,,,1
1987-10,"Toronto, Ontario",2011S0503535,All-items,2002=100,17,units,0,v41692888,16.2,68.3,,,,1
1987-10,"Toronto, Ontario",2011S0503535,Shelter,2002=100,17,units,0,v41692889,16.79,71.1,,,,1
1987-10,"Toronto, Ontario",2011S0503535,Rented accommodation,2002=100,17,units,0,v41692890,16.80,67.9,,,,1
1987-11,Canada,2016A000011124,All-items,2002=100,17,units,0,v41690973,2.2,69.5,,,,1
1987-11,Canada,2016A000011124,Shelter,2002=100,17,units,0,v41691050,2.79,72.0,,,,1
1987-11,Canada,2016A000011124,Rented accommodation,2002=100,17,units,0,v41691051,2.80,72.8,,,,1
1987-11,Canada,2016A000011124,Rent,2002=100,17,units,0,v41691052,2.81,72.6,,,,1
1987-11,Ontario,2016A000235,All-items,2002=100,17,units,0,v41691919,14.2,68.9,,,,1
1987-11,Ontario,2016A000235,Shelter,2002=100,17,units,0,v41691952,14.79,70.6,,,,1
1987-11,Ontario,2016A000235,Rented accommodation,2002=100,17,units,0,v41691953,14.80,69.4,,,,1
1987-11,Ontario,2016A000235,Rent,2002=100,17,units,0,v41691954,14.81,69.3,,,,1
1987-11,"Toronto, Ontario",2011S0503535,All-items,2002=100,17,units,0,v41692888,16.2,68.6,,,,1
1987-11,"Toronto, Ontario",2011S0503535,Shelter,2002=100,17,units,0,v41692889,16.79,71.4,,,,1
1987-11,"Toronto, Ontario",2011S0503535,Rented accommodation,2002=100,17,units,0,v41692890,16.80,68.1,,,,1
1987-12,Canada,2016A000011124,All-items,2002=100,17,units,0,v41690973,2.2,69.6,,,,1
1987-12,Canada,2016A000011124,Shelter,2002=100,17,units,0,v41691050,2.79,72.1,,,,1
1987-12,Canada,2016A000011124,Rented accommodation,2002=100,17,units,0,v41691051,2.80,73.0,,,,1
1987-12,Canada,2016A000011124,Rent,2002=100,17,units,0,v41691052,2.81,72.8,,,,1
1987-12,Ontario,2016A000235,All-items,2002=100,17,units,0,v41691919,14.2,68.8,,,,1
1987-12,Ontario,2016A000235,Shelter,2002=100,17,units,0,v41691952,14.79,70.7,,,,1
1987-12,Ontario,2016A000235,Rented accommodation,2002=100,17,units,0,v41691953,14.80,69.7,,,,1
1987-12,Ontario,2016A000235,Rent,2002=100,17,units,0,v41691954,14.81,69.5,,,,1
1987-12,"Toronto, Ontario",2011S0503535,All-items,2002=100,17,units,0,v41692888,16.2,68.6,,,,1
1987-12,"Toronto, Ontario",2011S0503535,Shelter,2002=100,17,units,0,v41692889,16.79,71.6,,,,1
1987-12,"Toronto, Ontario",2011S0503535,Rented accommodation,2002=100,17,units,0,v41692890,16.80,68.4,,,,1
1988-01,Canada,2016A000011124,All-items,2002=100,17,units,0,v41690973,2.2,69.7,,,,1
1988-01,Canada,2016A000011124,Shelter,2002=100,17,units,0,v41691050,2.79,72.5,,,,1
1988-01,Canada,2016A000011124,Rented accommodation,2002=100,17,units,0,v41691051,2.80,73.2,,,,1
1988-01,Canada,2016A000011124,Rent,2002=100,17,units,0,v41691052,2.81,73.0,,,,1
1988-01,Ontario,2016A000235,All-items,2002=100,17,units,0,v41691919,14.2,69.0,,,,1
1988-01,Ontario,2016A000235,Shelter,2002=100,17,units,0,v41691952,14.79,71.1,,,,1
1988-01,Ontario,2016A000235,Rented accommodation,2002=100,17,units,0,v41691953,14.80,69.8,,,,1
1988-01,Ontario,2016A000235,Rent,2002=100,17,units,0,v41691954,14.81,69.8,,,,1
1988-01,"Toronto, Ontario",2011S0503535,All-items,2002=100,17,units,0,v41692888,16.2,68.8,,,,1
1988-01,"Toronto, Ontario",2011S0503535,Shelter,2002=100,17,units,0,v41692889,16.79,72.0,,,,1
1988-01,"Toronto, Ontario",2011S0503535,Rented accommodation,2002=100,17,units,0,v41692890,16.80,68.6,,,,1
1988-02,Canada,2016A000011124,All-items,2002=100,17,units,0,v41690973,2.2,70.0,,,,1
1988-02,Canada,2016A000011124,Shelter,2002=100,17,units,0,v41691050,2.79,72.5,,,,1
1988-02,Canada,2016A000011124,Rented accommodation,2002=100,17,units,0,v41691051,2.80,73.3,,,,1
1988-02,Canada,2016A000011124,Rent,2002=100,17,units,0,v41691052,2.81,73.2,,,,1
1988-02,Ontario,2016A000235,All-items,2002=100,17,units,0,v41691919,14.2,69.3,,,,1
1988-02,Ontario,2016A000235,Shelter,2002=100,17,units,0,v41691952,14.79,71.1,,,,1
1988-02,Ontario,2016A000235,Rented accommodation,2002=100,17,units,0,v41691953,14.80,70.1,,,,1
1988-02,Ontario,2016A000235,Rent,2002=100,17,units,0,v41691954,14.81,70.1,,,,1
1988-02,"Toronto, Ontario",2011S0503535,All-items,2002=100,17,units,0,v41692888,16.2,69.1,,,,1
1988-02,"Toronto, Ontario",2011S0503535,Shelter,2002=100,17,units,0,v41692889,16.79,71.9,,,,1
1988-02,"Toronto, Ontario",2011S0503535,Rented accommodation,2002=100,17,units,0,v41692890,16.80,68.8,,,,1
1988-03,Canada,2016A000011124,All-items,2002=100,17,units,0,v41690973,2.2,70.4,,,,1
1988-03,Canada,2016A000011124,Shelter,2002=100,17,units,0,v41691050,2.79,72.8,,,,1
1988-03,Canada,2016A000011124,Rented accommodation,2002=100,17,units,0,v41691051,2.80,73.5,,,,1
1988-03,Canada,2016A000011124,Rent,2002=100,17,units,0,v41691052,2.81,73.3,,,,1
1988-03,Ontario,2016A000235,All-items,2002=100,17,units,0,v41691919,14.2,69.7,,,,1
1988-03,Ontario,2016A000235,Shelter,2002=100,17,units,0,v41691952,14.79,71.5,,,,1
1988-03,Ontario,2016A000235,Rented accommodation,2002=100,17,units,0,v41691953,14.80,70.4,,,,1
1988-03,Ontario,2016A000235,Rent,2002=100,17,units,0,v41691954,14.81,70.3,,,,1
1988-03,"Toronto, Ontario",2011S0503535,All-items,2002=100,17,units,0,v41692888,16.2,69.4,,,,1
1988-03,"Toronto, Ontario",2011S0503535,Shelter,2002=100,17,units,0,v41692889,16.79,72.3,,,,1
1988-03,"Toronto, Ontario",2011S0503535,Rented accommodation,2002=100,17,units,0,v41692890,16.80,69.0,,,,1
1988-04,Canada,2016A000011124,All-items,2002=100,17,units,0,v41690973,2.2,70.6,,,,1
1988-04,Canada,2016A000011124,Shelter,2002=100,17,units,0,v41691050,2.79,73.0,,,,1
1988-04,Canada,2016A000011124,Rented accommodation,2002=100,17,units,0,v41691051,2.80,73.7,,,,1
1988-04,Canada,2016A000011124,Rent,2002=100,17,units,0,v41691052,2.81,73.5,,,,1
1988-04,Ontario,2016A000235,All-items,2002=100,17,units,0,v41691919,14.2,69.9,,,,1
1988-04,Ontario,2016A000235,Shelter,2002=100,17,units,0,v41691952,14.79,71.9,,,,1
1988-04,Ontario,2016A000235,Rented accommodation,2002=100,17,units,0,v41691953,14.80,70.6,,,,1
1988-04,Ontario,2016A000235,Rent,2002=100,17,units,0,v41691954,14.81,70.6,,,,1
1988-04,"Toronto, Ontario",2011S0503535,All-items,2002=100,17,units,0,v41692888,16.2,69.8,,,,1
1988-04,"Toronto, Ontario",2011S0503535,Shelter,2002=100,17,units,0,v41692889,16.79,72.9,,,,1
1988-04,"Toronto, Ontario",2011S0503535,Rented accommodation,2002=100,17,units,0,v41692890,16.80,69.4,,,,1
1988-05,Canada,2016A000011124,All-items,2002=100,17,units,0,v41690973,2.2,71.0,,,,1
1988-05,Canada,2016A000011124,Shelter,2002=100,17,units,0,v41691050,2.79,73.2,,,,1
1988-05,Canada,2016A000011124,Rented accommodation,2002=100,17,units,0,v41691051,2.80,73.8,,,,1
1988-05,Canada,2016A000011124,Rent,2002=100,17,units,0,v41691052,2.81,73.7,,,,1
1988-05,Ontario,2016A000235,All-items,2002=100,17,units,0,v41691919,14.2,70.8,,,,1
1988-05,Ontario,2016A000235,Shelter,2002=100,17,units,0,v41691952,14.79,72.2,,,,1
1988-05,Ontario,2016A000235,Rented accommodation,2002=100,17,units,0,v41691953,14.80,70.8,,,,1
1988-05,Ontario,2016A000235,Rent,2002=100,17,units,0,v41691954,14.81,70.7,,,,1
1988-05,"Toronto, Ontario",2011S0503535,All-items,2002=100,17,units,0,v41692888,16.2,70.7,,,,1
1988-05,"Toronto, Ontario",2011S0503535,Shelter,2002=100,17,units,0,v41692889,16.79,73.5,,,,1
1988-05,"Toronto, Ontario",2011S0503535,Rented accommodation,2002=100,17,units,0,v41692890,16.80,69.6,,,,1
1988-06,Canada,2016A000011124,All-items,2002=100,17,units,0,v41690973,2.2,71.2,,,,1
1988-06,Canada,2016A000011124,Shelter,2002=100,17,units,0,v41691050,2.79,73.4,,,,1
1988-06,Canada,2016A000011124,Rented accommodation,2002=100,17,units,0,v41691051,2.80,74.0,,,,1
1988-06,Canada,2016A000011124,Rent,2002=100,17,units,0,v41691052,2.81,73.9,,,,1
1988-06,Ontario,2016A000235,All-items,2002=100,17,units,0,v41691919,14.2,71.0,,,,1
1988-06,Ontario,2016A000235,Shelter,2002=100,17,units,0,v41691952,14.79,72.5,,,,1
1988-06,Ontario,2016A000235,Rented accommodation,2002=100,17,units,0,v41691953,14.80,71.1,,,,1
1988-06,Ontario,2016A000235,Rent,2002=100,17,units,0,v41691954,14.81,71.1,,,,1
1988-06,"Toronto, Ontario",2011S0503535,All-items,2002=100,17,units,0,v41692888,16.2,71.1,,,,1
1988-06,"Toronto, Ontario",2011S0503535,Shelter,2002=100,17,units,0,v41692889,16.79,73.7,,,,1
1988-06,"Toronto, Ontario",2011S0503535,Rented accommodation,2002=100,17,units,0,v41692890,16.80,69.9,,,,1
1988-07,Canada,2016A000011124,All-items,2002=100,17,units,0,v41690973,2.2,71.6,,,,1
1988-07,Canada,2016A000011124,Shelter,2002=100,17,units,0,v41691050,2.79,73.5,,,,1
1988-07,Canada,2016A000011124,Rented accommodation,2002=100,17,units,0,v41691051,2.80,74.2,,,,1
1988-07,Canada,2016A000011124,Rent,2002=100,17,units,0,v41691052,2.81,74.0,,,,1
1988-07,Ontario,2016A000235,All-items,2002=100,17,units,0,v41691919,14.2,71.4,,,,1
1988-07,Ontario,2016A000235,Shelter,2002=100,17,units,0,v41691952,14.79,72.8,,,,1
1988-07,Ontario,2016A000235,Rented accommodation,2002=100,17,units,0,v41691953,14.80,71.3,,,,1
1988-07,Ontario,2016A000235,Rent,2002=100,17,units,0,v41691954,14.81,71.3,,,,1
1988-07,"Toronto, Ontario",2011S0503535,All-items,2002=100,17,units,0,v41692888,16.2,71.4,,,,1
1988-07,"Toronto, Ontario",2011S0503535,Shelter,2002=100,17,units,0,v41692889,16.79,74.2,,,,1
1988-07,"Toronto, Ontario",2011S0503535,Rented accommodation,2002=100,17,units,0,v41692890,16.80,70.2,,,,1
1988-08,Canada,2016A000011124,All-items,2002=100,17,units,0,v41690973,2.2,71.7,,,,1
1988-08,Canada,2016A000011124,Shelter,2002=100,17,units,0,v41691050,2.79,74.0,,,,1
1988-08,Canada,2016A000011124,Rented accommodation,2002=100,17,units,0,v41691051,2.80,75.1,,,,1
1988-08,Canada,2016A000011124,Rent,2002=100,17,units,0,v41691052,2.81,75.0,,,,1
1988-08,Ontario,2016A000235,All-items,2002=100,17,units,0,v41691919,14.2,71.7,,,,1
1988-08,Ontario,2016A000235,Shelter,2002=100,17,units,0,v41691952,14.79,73.3,,,,1
1988-08,Ontario,2016A000235,Rented accommodation,2002=100,17,units,0,v41691953,14.80,72.0,,,,1
1988-08,Ontario,2016A000235,Rent,2002=100,17,units,0,v41691954,14.81,72.1,,,,1
1988-08,"Toronto, Ontario",2011S0503535,All-items,2002=100,17,units,0,v41692888,16.2,71.7,,,,1
1988-08,"Toronto, Ontario",2011S0503535,Shelter,2002=100,17,units,0,v41692889,16.79,74.7,,,,1
1988-08,"Toronto, Ontario",2011S0503535,Rented accommodation,2002=100,17,units,0,v41692890,16.80,70.9,,,,1
1988-09,Canada,2016A000011124,All-items,2002=100,17,units,0,v41690973,2.2,71.8,,,,1
1988-09,Canada,2016A000011124,Shelter,2002=100,17,units,0,v41691050,2.79,74.3,,,,1
1988-09,Canada,2016A000011124,Rented accommodation,2002=100,17,units,0,v41691051,2.80,75.5,,,,1
1988-09,Canada,2016A000011124,Rent,2002=100,17,units,0,v41691052,2.81,75.4,,,,1
1988-09,Ontario,2016A000235,All-items,2002=100,17,units,0,v41691919,14.2,71.8,,,,1
1988-09,Ontario,2016A000235,Shelter,2002=100,17,units,0,v41691952,14.79,73.7,,,,1
1988-09,Ontario,2016A000235,Rented accommodation,2002=100,17,units,0,v41691953,14.80,72.4,,,,1
1988-09,Ontario,2016A000235,Rent,2002=100,17,units,0,v41691954,14.81,72.5,,,,1
1988-09,"Toronto, Ontario",2011S0503535,All-items,2002=100,17,units,0,v41692888,16.2,71.7,,,,1
1988-09,"Toronto, Ontario",2011S0503535,Shelter,2002=100,17,units,0,v41692889,16.79,75.3,,,,1
1988-09,"Toronto, Ontario",2011S0503535,Rented accommodation,2002=100,17,units,0,v41692890,16.80,71.3,,,,1
1988-10,Canada,2016A000011124,All-items,2002=100,17,units,0,v41690973,2.2,72.2,,,,1
1988-10,Canada,2016A000011124,Shelter,2002=100,17,units,0,v41691050,2.79,75.1,,,,1
1988-10,Canada,2016A000011124,Rented accommodation,2002=100,17,units,0,v41691051,2.80,75.8,,,,1
1988-10,Canada,2016A000011124,Rent,2002=100,17,units,0,v41691052,2.81,75.8,,,,1
1988-10,Ontario,2016A000235,All-items,2002=100,17,units,0,v41691919,14.2,72.2,,,,1
1988-10,Ontario,2016A000235,Shelter,2002=100,17,units,0,v41691952,14.79,74.7,,,,1
1988-10,Ontario,2016A000235,Rented accommodation,2002=100,17,units,0,v41691953,14.80,72.9,,,,1
1988-10,Ontario,2016A000235,Rent,2002=100,17,units,0,v41691954,14.81,72.9,,,,1
1988-10,"Toronto, Ontario",2011S0503535,All-items,2002=100,17,units,0,v41692888,16.2,72.2,,,,1
1988-10,"Toronto, Ontario",2011S0503535,Shelter,2002=100,17,units,0,v41692889,16.79,76.6,,,,1
1988-10,"Toronto, Ontario",2011S0503535,Rented accommodation,2002=100,17,units,0,v41692890,16.80,71.9,,,,1
1988-11,Canada,2016A000011124,All-items,2002=100,17,units,0,v41690973,2.2,72.3,,,,1
1988-11,Canada,2016A000011124,Shelter,2002=100,17,units,0,v41691050,2.79,75.3,,,,1
1988-11,Canada,2016A000011124,Rented accommodation,2002=100,17,units,0,v41691051,2.80,76.0,,,,1
1988-11,Canada,2016A000011124,Rent,2002=100,17,units,0,v41691052,2.81,76.0,,,,1
1988-11,Ontario,2016A000235,All-items,2002=100,17,units,0,v41691919,14.2,72.4,,,,1
1988-11,Ontario,2016A000235,Shelter,2002=100,17,units,0,v41691952,14.79,74.9,,,,1
1988-11,Ontario,2016A000235,Rented accommodation,2002=100,17,units,0,v41691953,14.80,73.3,,,,1
1988-11,Ontario,2016A000235,Rent,2002=100,17,units,0,v41691954,14.81,73.2,,,,1
1988-11,"Toronto, Ontario",2011S0503535,All-items,2002=100,17,units,0,v41692888,16.2,72.6,,,,1
1988-11,"Toronto, Ontario",2011S0503535,Shelter,2002=100,17,units,0,v41692889,16.79,76.9,,,,1
1988-11,"Toronto, Ontario",2011S0503535,Rented accommodation,2002=100,17,units,0,v41692890,16.80,72.1,,,,1
1988-12,Canada,2016A000011124,All-items,2002=100,17,units,0,v41690973,2.2,72.3,,,,1
1988-12,Canada,2016A000011124,Shelter,2002=100,17,units,0,v41691050,2.79,75.5,,,,1
1988-12,Canada,2016A000011124,Rented accommodation,2002=100,17,units,0,v41691051,2.80,76.4,,,,1
1988-12,Canada,2016A000011124,Rent,2002=100,17,units,0,v41691052,2.81,76.4,,,,1
1988-12,Ontario,2016A000235,All-items,2002=100,17,units,0,v41691919,14.2,72.5,,,,1
1988-12,Ontario,2016A000235,Shelter,2002=100,17,units,0,v41691952,14.79,75.2,,,,1
1988-12,Ontario,2016A000235,Rented accommodation,2002=100,17,units,0,v41691953,14.80,73.6,,,,1
1988-12,Ontario,2016A000235,Rent,2002=100,17,units,0,v41691954,14.81,73.6,,,,1
1988-12,"Toronto, Ontario",2011S0503535,All-items,2002=100,17,units,0,v41692888,16.2,72.7,,,,1
1988-12,"Toronto, Ontario",2011S0503535,Shelter,2002=100,17,units,0,v41692889,16.79,77.2,,,,1
1988-12,"Toronto, Ontario",2011S0503535,Rented accommodation,2002=100,17,units,0,v41692890,16.80,72.5,,,,1
1989-01,Canada,2016A000011124,All-items,2002=100,17,units,0,v41690973,2.2,72.7,,,,1
1989-01,Canada,2016A000011124,Shelter,2002=100,17,units,0,v41691050,2.79,76.1,,,,1
1989-01,Canada,2016A000011124,Rented accommodation,2002=100,17,units,0,v41691051,2.80,76.6,,,,1
1989-01,Canada,2016A000011124,Rent,2002=100,17,units,0,v41691052,2.81,76.6,,,,1
1989-01,Ontario,2016A000235,All-items,2002=100,17,units,0,v41691919,14.2,72.8,,,,1
1989-01,Ontario,2016A000235,Shelter,2002=100,17,units,0,v41691952,14.79,75.9,,,,1
1989-01,Ontario,2016A000235,Rented accommodation,2002=100,17,units,0,v41691953,14.80,74.0,,,,1
1989-01,Ontario,2016A000235,Rent,2002=100,17,units,0,v41691954,14.81,73.9,,,,1
1989-01,"Toronto, Ontario",2011S0503535,All-items,2002=100,17,units,0,v41692888,16.2,73.1,,,,1
1989-01,"Toronto, Ontario",2011S0503535,Shelter,2002=100,17,units,0,v41692889,16.79,78.0,,,,1
1989-01,"Toronto, Ontario",2011S0503535,Rented accommodation,2002=100,17,units,0,v41692890,16.80,72.9,,,,1
1989-02,Canada,2016A000011124,All-items,2002=100,17,units,0,v41690973,2.2,73.2,,,,1
1989-02,Canada,2016A000011124,Shelter,2002=100,17,units,0,v41691050,2.79,76.4,,,,1
1989-02,Canada,2016A000011124,Rented accommodation,2002=100,17,units,0,v41691051,2.80,77.0,,,,1
1989-02,Canada,2016A000011124,Rent,2002=100,17,units,0,v41691052,2.81,77.0,,,,1
1989-02,Ontario,2016A000235,All-items,2002=100,17,units,0,v41691919,14.2,73.3,,,,1
1989-02,Ontario,2016A000235,Shelter,2002=100,17,units,0,v41691952,14.79,76.3,,,,1
1989-02,Ontario,2016A000235,Rented accommodation,2002=100,17,units,0,v41691953,14.80,74.3,,,,1
1989-02,Ontario,2016A000235,Rent,2002=100,17,units,0,v41691954,14.81,74.3,,,,1
1989-02,"Toronto, Ontario",2011S0503535,All-items,2002=100,17,units,0,v41692888,16.2,73.6,,,,1
1989-02,"Toronto, Ontario",2011S0503535,Shelter,2002=100,17,units,0,v41692889,16.79,78.3,,,,1
1989-02,"Toronto, Ontario",2011S0503535,Rented accommodation,2002=100,17,units,0,v41692890,16.80,73.1,,,,1
1989-03,Canada,2016A000011124,All-items,2002=100,17,units,0,v41690973,2.2,73.6,,,,1
1989-03,Canada,2016A000011124,Shelter,2002=100,17,units,0,v41691050,2.79,76.8,,,,1
1989-03,Canada,2016A000011124,Rented accommodation,2002=100,17,units,0,v41691051,2.80,77.1,,,,1
1989-03,Canada,2016A000011124,Rent,2002=100,17,units,0,v41691052,2.81,77.1,,,,1
1989-03,Ontario,2016A000235,All-items,2002=100,17,units,0,v41691919,14.2,73.8,,,,1
1989-03,Ontario,2016A000235,Shelter,2002=100,17,units,0,v41691952,14.79,76.8,,,,1
1989-03,Ontario,2016A000235,Rented accommodation,2002=100,17,units,0,v41691953,14.80,74.5,,,,1
1989-03,Ontario,2016A000235,Rent,2002=100,17,units,0,v41691954,14.81,74.5,,,,1
1989-03,"Toronto, Ontario",2011S0503535,All-items,2002=100,17,units,0,v41692888,16.2,74.1,,,,1
1989-03,"Toronto, Ontario",2011S0503535,Shelter,2002=100,17,units,0,v41692889,16.79,79.0,,,,1
1989-03,"Toronto, Ontario",2011S0503535,Rented accommodation,2002=100,17,units,0,v41692890,16.80,73.4,,,,1
1989-04,Canada,2016A000011124,All-items,2002=100,17,units,0,v41690973,2.2,73.8,,,,1
1989-04,Canada,2016A000011124,Shelter,2002=100,17,units,0,v41691050,2.79,77.3,,,,1
1989-04,Canada,2016A000011124,Rented accommodation,2002=100,17,units,0,v41691051,2.80,77.6,,,,1
1989-04,Canada,2016A000011124,Rent,2002=100,17,units,0,v41691052,2.81,77.4,,,,1
1989-04,Ontario,2016A000235,All-items,2002=100,17,units,0,v41691919,14.2,74.2,,,,1
1989-04,Ontario,2016A000235,Shelter,2002=100,17,units,0,v41691952,14.79,77.4,,,,1
1989-04,Ontario,2016A000235,Rented accommodation,2002=100,17,units,0,v41691953,14.80,75.0,,,,1
1989-04,Ontario,2016A000235,Rent,2002=100,17,units,0,v41691954,14.81,74.9,,,,1
1989-04,"Toronto, Ontario",2011S0503535,All-items,2002=100,17,units,0,v41692888,16.2,74.4,,,,1
1989-04,"Toronto, Ontario",2011S0503535,Shelter,2002=100,17,units,0,v41692889,16.79,79.6,,,,1
1989-04,"Toronto, Ontario",2011S0503535,Rented accommodation,2002=100,17,units,0,v41692890,16.80,73.9,,,,1
1989-05,Canada,2016A000011124,All-items,2002=100,17,units,0,v41690973,2.2,74.6,,,,1
1989-05,Canada,2016A000011124,Shelter,2002=100,17,units,0,v41691050,2.79,77.6,,,,1
1989-05,Canada,2016A000011124,Rented accommodation,2002=100,17,units,0,v41691051,2.80,77.7,,,,1
1989-05,Canada,2016A000011124,Rent,2002=100,17,units,0,v41691052,2.81,77.8,,,,1
1989-05,Ontario,2016A000235,All-items,2002=100,17,units,0,v41691919,14.2,74.8,,,,1
1989-05,Ontario,2016A000235,Shelter,2002=100,17,units,0,v41691952,14.79,77.6,,,,1
1989-05,Ontario,2016A000235,Rented accommodation,2002=100,17,units,0,v41691953,14.80,75.3,,,,1
1989-05,Ontario,2016A000235,Rent,2002=100,17,units,0,v41691954,14.81,75.3,,,,1
1989-05,"Toronto, Ontario",2011S0503535,All-items,2002=100,17,units,0,v41692888,16.2,75.1,,,,1
1989-05,"Toronto, Ontario",2011S0503535,Shelter,2002=100,17,units,0,v41692889,16.79,79.9,,,,1
1989-05,"Toronto, Ontario",2011S0503535,Rented accommodation,2002=100,17,units,0,v41692890,16.80,74.2,,,,1
1989-06,Canada,2016A000011124,All-items,2002=100,17,units,0,v41690973,2.2,74.9,,,,1
1989-06,Canada,2016A000011124,Shelter,2002=100,17,units,0,v41691050,2.79,77.9,,,,1
1989-06,Canada,2016A000011124,Rented accommodation,2002=100,17,units,0,v41691051,2.80,78.1,,,,1
1989-06,Canada,2016A000011124,Rent,2002=100,17,units,0,v41691052,2.81,78.1,,,,1
1989-06,Ontario,2016A000235,All-items,2002=100,17,units,0,v41691919,14.2,75.3,,,,1
1989-06,Ontario,2016A000235,Shelter,2002=100,17,units,0,v41691952,14.79,78.0,,,,1
1989-06,Ontario,2016A000235,Rented accommodation,2002=100,17,units,0,v41691953,14.80,75.6,,,,1
1989-06,Ontario,2016A000235,Rent,2002=100,17,units,0,v41691954,14.81,75.6,,,,1
1989-06,"Toronto, Ontario",2011S0503535,All-items,2002=100,17,units,0,v41692888,16.2,75.6,,,,1
1989-06,"Toronto, Ontario",2011S0503535,Shelter,2002=100,17,units,0,v41692889,16.79,80.3,,,,1
1989-06,"Toronto, Ontario",2011S0503535,Rented accommodation,2002=100,17,units,0,v41692890,16.80,74.6,,,,1
1989-07,Canada,2016A000011124,All-items,2002=100,17,units,0,v41690973,2.2,75.4,,,,1
1989-07,Canada,2016A000011124,Shelter,2002=100,17,units,0,v41691050,2.79,78.2,,,,1
1989-07,Canada,2016A000011124,Rented accommodation,2002=100,17,units,0,v41691051,2.80,78.4,,,,1
1989-07,Canada,2016A000011124,Rent,2002=100,17,units,0,v41691052,2.81,78.4,,,,1
1989-07,Ontario,2016A000235,All-items,2002=100,17,units,0,v41691919,14.2,75.8,,,,1
1989-07,Ontario,2016A000235,Shelter,2002=100,17,units,0,v41691952,14.79,78.3,,,,1
1989-07,Ontario,2016A000235,Rented accommodation,2002=100,17,units,0,v41691953,14.80,75.9,,,,1
1989-07,Ontario,2016A000235,Rent,2002=100,17,units,0,v41691954,14.81,75.9,,,,1
1989-07,"Toronto, Ontario",2011S0503535,All-items,2002=100,17,units,0,v41692888,16.2,76.1,,,,1
1989-07,"Toronto, Ontario",2011S0503535,Shelter,2002=100,17,units,0,v41692889,16.79,80.6,,,,1
1989-07,"Toronto, Ontario",2011S0503535,Rented accommodation,2002=100,17,units,0,v41692890,16.80,74.9,,,,1
1989-08,Canada,2016A000011124,All-items,2002=100,17,units,0,v41690973,2.2,75.5,,,,1
1989-08,Canada,2016A000011124,Shelter,2002=100,17,units,0,v41691050,2.79,78.6,,,,1
1989-08,Canada,2016A000011124,Rented accommodation,2002=100,17,units,0,v41691051,2.80,79.0,,,,1
1989-08,Canada,2016A000011124,Rent,2002=100,17,units,0,v41691052,2.81,79.1,,,,1
1989-08,Ontario,2016A000235,All-items,2002=100,17,units,0,v41691919,14.2,75.9,,,,1
1989-08,Ontario,2016A000235,Shelter,2002=100,17,units,0,v41691952,14.79,78.6,,,,1
1989-08,Ontario,2016A000235,Rented accommodation,2002=100,17,units,0,v41691953,14.80,76.2,,,,1
1989-08,Ontario,2016A000235,Rent,2002=100,17,units,0,v41691954,14.81,76.2,,,,1
1989-08,"Toronto, Ontario",2011S0503535,All-items,2002=100,17,units,0,v41692888,16.2,76.1,,,,1
1989-08,"Toronto, Ontario",2011S0503535,Shelter,2002=100,17,units,0,v41692889,16.79,80.9,,,,1
1989-08,"Toronto, Ontario",2011S0503535,Rented accommodation,2002=100,17,units,0,v41692890,16.80,75.3,,,,1
1989-09,Canada,2016A000011124,All-items,2002=100,17,units,0,v41690973,2.2,75.6,,,,1
1989-09,Canada,2016A000011124,Shelter,2002=100,17,units,0,v41691050,2.79,78.7,,,,1
1989-09,Canada,2016A000011124,Rented accommodation,2002=100,17,units,0,v41691051,2.80,79.3,,,,1
1989-09,Canada,2016A000011124,Rent,2002=100,17,units,0,v41691052,2.81,79.4,,,,1
1989-09,Ontario,2016A000235,All-items,2002=100,17,units,0,v41691919,14.2,75.9,,,,1
1989-09,Ontario,2016A000235,Shelter,2002=100,17,units,0,v41691952,14.79,78.7,,,,1
1989-09,Ontario,2016A000235,Rented accommodation,2002=100,17,units,0,v41691953,14.80,76.5,,,,1
1989-09,Ontario,2016A000235,Rent,2002=100,17,units,0,v41691954,14.81,76.5,,,,1
1989-09,"Toronto, Ontario",2011S0503535,All-items,2002=100,17,units,0,v41692888,16.2,76.2,,,,1
1989-09,"Toronto, Ontario",2011S0503535,Shelter,2002=100,17,units,0,v41692889,16.79,81.2,,,,1
1989-09,"Toronto, Ontario",2011S0503535,Rented accommodation,2002=100,17,units,0,v41692890,16.80,75.5,,,,1
1989-10,Canada,2016A000011124,All-items,2002=100,17,units,0,v41690973,2.2,75.9,,,,1
1989-10,Canada,2016A000011124,Shelter,2002=100,17,units,0,v41691050,2.79,79.6,,,,1
1989-10,Canada,2016A000011124,Rented accommodation,2002=100,17,units,0,v41691051,2.80,79.5,,,,1
1989-10,Canada,2016A000011124,Rent,2002=100,17,units,0,v41691052,2.81,79.7,,,,1
1989-10,Ontario,2016A000235,All-items,2002=100,17,units,0,v41691919,14.2,76.3,,,,1
1989-10,Ontario,2016A000235,Shelter,2002=100,17,units,0,v41691952,14.79,80.0,,,,1
1989-10,Ontario,2016A000235,Rented accommodation,2002=100,17,units,0,v41691953,14.80,76.8,,,,1
1989-10,Ontario,2016A000235,Rent,2002=100,17,units,0,v41691954,14.81,76.8,,,,1
1989-10,"Toronto, Ontario",2011S0503535,All-items,2002=100,17,units,0,v41692888,16.2,76.6,,,,1
1989-10,"Toronto, Ontario",2011S0503535,Shelter,2002=100,17,units,0,v41692889,16.79,82.5,,,,1
1989-10,"Toronto, Ontario",2011S0503535,Rented accommodation,2002=100,17,units,0,v41692890,16.80,75.7,,,,1
1989-11,Canada,2016A000011124,All-items,2002=100,17,units,0,v41690973,2.2,76.1,,,,1
1989-11,Canada,2016A000011124,Shelter,2002=100,17,units,0,v41691050,2.79,79.9,,,,1
1989-11,Canada,2016A000011124,Rented accommodation,2002=100,17,units,0,v41691051,2.80,79.7,,,,1
1989-11,Canada,2016A000011124,Rent,2002=100,17,units,0,v41691052,2.81,79.8,,,,1
1989-11,Ontario,2016A000235,All-items,2002=100,17,units,0,v41691919,14.2,76.6,,,,1
1989-11,Ontario,2016A000235,Shelter,2002=100,17,units,0,v41691952,14.79,80.1,,,,1
1989-11,Ontario,2016A000235,Rented accommodation,2002=100,17,units,0,v41691953,14.80,77.1,,,,1
1989-11,Ontario,2016A000235,Rent,2002=100,17,units,0,v41691954,14.81,77.0,,,,1
1989-11,"Toronto, Ontario",2011S0503535,All-items,2002=100,17,units,0,v41692888,16.2,76.9,,,,1
1989-11,"Toronto, Ontario",2011S0503535,Shelter,2002=100,17,units,0,v41692889,16.79,82.6,,,,1
1989-11,"Toronto, Ontario",2011S0503535,Rented accommodation,2002=100,17,units,0,v41692890,16.80,76.0,,,,1
1989-12,Canada,2016A000011124,All-items,2002=100,17,units,0,v41690973,2.2,76.1,,,,1
1989-12,Canada,2016A000011124,Shelter,2002=100,17,units,0,v41691050,2.79,80.1,,,,1
1989-12,Canada,2016A000011124,Rented accommodation,2002=100,17,units,0,v41691051,2.80,79.8,,,,1
1989-12,Canada,2016A000011124,Rent,2002=100,17,units,0,v41691052,2.81,80.0,,,,1
1989-12,Ontario,2016A000235,All-items,2002=100,17,units,0,v41691919,14.2,76.6,,,,1
1989-12,Ontario,2016A000235,Shelter,2002=100,17,units,0,v41691952,14.79,80.5,,,,1
1989-12,Ontario,2016A000235,Rented accommodation,2002=100,17,units,0,v41691953,14.80,77.2,,,,1
1989-12,Ontario,2016A000235,Rent,2002=100,17,units,0,v41691954,14.81,77.3,,,,1
1989-12,"Toronto, Ontario",2011S0503535,All-items,2002=100,17,units,0,v41692888,16.2,77.0,,,,1
1989-12,"Toronto, Ontario",2011S0503535,Shelter,2002=100,17,units,0,v41692889,16.79,82.9,,,,1
1989-12,"Toronto, Ontario",2011S0503535,Rented accommodation,2002=100,17,units,0,v41692890,16.80,76.1,,,,1
1990-01,Canada,2016A000011124,All-items,2002=100,17,units,0,v41690973,2.2,76.7,,,,1
1990-01,Canada,2016A000011124,Shelter,2002=100,17,units,0,v41691050,2.79,80.9,,,,1
1990-01,Canada,2016A000011124,Rented accommodation,2002=100,17,units,0,v41691051,2.80,80.1,,,,1
1990-01,Canada,2016A000011124,Rent,2002=100,17,units,0,v41691052,2.81,80.1,,,,1
1990-01,Ontario,2016A000235,All-items,2002=100,17,units,0,v41691919,14.2,77.2,,,,1
1990-01,Ontario,2016A000235,Shelter,2002=100,17,units,0,v41691952,14.79,81.3,,,,1
1990-01,Ontario,2016A000235,Rented accommodation,2002=100,17,units,0,v41691953,14.80,77.4,,,,1
1990-01,Ontario,2016A000235,Rent,2002=100,17,units,0,v41691954,14.81,77.4,,,,1
1990-01,"Toronto, Ontario",2011S0503535,All-items,2002=100,17,units,0,v41692888,16.2,77.4,,,,1
1990-01,"Toronto, Ontario",2011S0503535,Shelter,2002=100,17,units,0,v41692889,16.79,83.7,,,,1
1990-01,"Toronto, Ontario",2011S0503535,Rented accommodation,2002=100,17,units,0,v41692890,16.80,76.2,,,,1
1990-02,Canada,2016A000011124,All-items,2002=100,17,units,0,v41690973,2.2,77.2,,,,1
1990-02,Canada,2016A000011124,Shelter,2002=100,17,units,0,v41691050,2.79,81.3,,,,1
1990-02,Canada,2016A000011124,Rented accommodation,2002=100,17,units,0,v41691051,2.80,80.3,,,,1
1990-02,Canada,2016A000011124,Rent,2002=100,17,units,0,v41691052,2.81,80.4,,,,1
1990-02,Ontario,2016A000235,All-items,2002=100,17,units,0,v41691919,14.2,77.7,,,,1
1990-02,Ontario,2016A000235,Shelter,2002=100,17,units,0,v41691952,14.79,81.6,,,,1
1990-02,Ontario,2016A000235,Rented accommodation,2002=100,17,units,0,v41691953,14.80,77.6,,,,1
1990-02,Ontario,2016A000235,Rent,2002=100,17,units,0,v41691954,14.81,77.6,,,,1
1990-02,"Toronto, Ontario",2011S0503535,All-items,2002=100,17,units,0,v41692888,16.2,78.0,,,,1
1990-02,"Toronto, Ontario",2011S0503535,Shelter,2002=100,17,units,0,v41692889,16.79,83.9,,,,1
1990-02,"Toronto, Ontario",2011S0503535,Rented accommodation,2002=100,17,units,0,v41692890,16.80,76.5,,,,1
1990-03,Canada,2016A000011124,All-items,2002=100,17,units,0,v41690973,2.2,77.5,,,,1
1990-03,Canada,2016A000011124,Shelter,2002=100,17,units,0,v41691050,2.79,81.5,,,,1
1990-03,Canada,2016A000011124,Rented accommodation,2002=100,17,units,0,v41691051,2.80,80.5,,,,1
1990-03,Canada,2016A000011124,Rent,2002=100,17,units,0,v41691052,2.81,80.6,,,,1
1990-03,Ontario,2016A000235,All-items,2002=100,17,units,0,v41691919,14.2,77.9,,,,1
1990-03,Ontario,2016A000235,Shelter,2002=100,17,units,0,v41691952,14.79,81.9,,,,1
1990-03,Ontario,2016A000235,Rented accommodation,2002=100,17,units,0,v41691953,14.80,77.9,,,,1
1990-03,Ontario,2016A000235,Rent,2002=100,17,units,0,v41691954,14.81,77.9,,,,1
1990-03,"Toronto, Ontario",2011S0503535,All-items,2002=100,17,units,0,v41692888,16.2,78.2,,,,1
1990-03,"Toronto, Ontario",2011S0503535,Shelter,2002=100,17,units,0,v41692889,16.79,83.9,,,,1
1990-03,"Toronto, Ontario",2011S0503535,Rented accommodation,2002=100,17,units,0,v41692890,16.80,76.8,,,,1
1990-04,Canada,2016A000011124,All-items,2002=100,17,units,0,v41690973,2.2,77.5,,,,1
1990-04,Canada,2016A000011124,Shelter,2002=100,17,units,0,v41691050,2.79,81.9,,,,1
1990-04,Canada,2016A000011124,Rented accommodation,2002=100,17,units,0,v41691051,2.80,80.8,,,,1
1990-04,Canada,2016A000011124,Rent,2002=100,17,units,0,v41691052,2.81,80.8,,,,1
1990-04,Ontario,2016A000235,All-items,2002=100,17,units,0,v41691919,14.2,77.9,,,,1
1990-04,Ontario,2016A000235,Shelter,2002=100,17,units,0,v41691952,14.79,82.1,,,,1
1990-04,Ontario,2016A000235,Rented accommodation,2002=100,17,units,0,v41691953,14.80,78.1,,,,1
1990-04,Ontario,2016A000235,Rent,2002=100,17,units,0,v41691954,14.81,78.1,,,,1
1990-04,"Toronto, Ontario",2011S0503535,All-items,2002=100,17,units,0,v41692888,16.2,78.1,,,,1
1990-04,"Toronto, Ontario",2011S0503535,Shelter,2002=100,17,units,0,v41692889,16.79,84.2,,,,1
1990-04,"Toronto, Ontario",2011S0503535,Rented accommodation,2002=100,17,units,0,v41692890,16.80,77.1,,,,1
1990-05,Canada,2016A000011124,All-items,2002=100,17,units,0,v41690973,2.2,77.9,,,,1
1990-05,Canada,2016A000011124,Shelter,2002=100,17,units,0,v41691050,2.79,82.2,,,,1
1990-05,Canada,2016A000011124,Rented accommodation,2002=100,17,units,0,v41691051,2.80,80.9,,,,1
1990-05,Canada,2016A000011124,Rent,2002=100,17,units,0,v41691052,2.81,81.0,,,,1
1990-05,Ontario,2016A000235,All-items,2002=100,17,units,0,v41691919,14.2,78.3,,,,1
1990-05,Ontario,2016A000235,Shelter,2002=100,17,units,0,v41691952,14.79,82.4,,,,1
1990-05,Ontario,2016A000235,Rented accommodation,2002=100,17,units,0,v41691953,14.80,78.3,,,,1
1990-05,Ontario,2016A000235,Rent,2002=100,17,units,0,v41691954,14.81,78.3,,,,1
1990-05,"Toronto, Ontario",2011S0503535,All-items,2002=100,17,units,0,v41692888,16.2,78.5,,,,1
1990-05,"Toronto, Ontario",2011S0503535,Shelter,2002=100,17,units,0,v41692889,16.79,84.5,,,,1
1990-05,"Toronto, Ontario",2011S0503535,Rented accommodation,2002=100,17,units,0,v41692890,16.80,77.2,,,,1
1990-06,Canada,2016A000011124,All-items,2002=100,17,units,0,v41690973,2.2,78.2,,,,1
1990-06,Canada,2016A000011124,Shelter,2002=100,17,units,0,v41691050,2.79,82.2,,,,1
1990-06,Canada,2016A000011124,Rented accommodation,2002=100,17,units,0,v41691051,2.80,81.1,,,,1
1990-06,Canada,2016A000011124,Rent,2002=100,17,units,0,v41691052,2.81,81.2,,,,1
1990-06,Ontario,2016A000235,All-items,2002=100,17,units,0,v41691919,14.2,78.6,,,,1
1990-06,Ontario,2016A000235,Shelter,2002=100,17,units,0,v41691952,14.79,82.4,,,,1
1990-06,Ontario,2016A000235,Rented accommodation,2002=100,17,units,0,v41691953,14.80,78.6,,,,1
1990-06,Ontario,2016A000235,Rent,2002=100,17,units,0,v41691954,14.81,78.5,,,,1
1990-06,"Toronto, Ontario",2011S0503535,All-items,2002=100,17,units,0,v41692888,16.2,78.9,,,,1
1990-06,"Toronto, Ontario",2011S0503535,Shelter,2002=100,17,units,0,v41692889,16.79,84.4,,,,1
1990-06,"Toronto, Ontario",2011S0503535,Rented accommodation,2002=100,17,units,0,v41692890,16.80,77.5,,,,1
1990-07,Canada,2016A000011124,All-items,2002=100,17,units,0,v41690973,2.2,78.5,,,,1
1990-07,Canada,2016A000011124,Shelter,2002=100,17,units,0,v41691050,2.79,82.2,,,,1
1990-07,Canada,2016A000011124,Rented accommodation,2002=100,17,units,0,v41691051,2.80,81.4,,,,1
1990-07,Canada,2016A000011124,Rent,2002=100,17,units,0,v41691052,2.81,81.5,,,,1
1990-07,Ontario,2016A000235,All-items,2002=100,17,units,0,v41691919,14.2,79.0,,,,1
1990-07,Ontario,2016A000235,Shelter,2002=100,17,units,0,v41691952,14.79,82.1,,,,1
1990-07,Ontario,2016A000235,Rented accommodation,2002=100,17,units,0,v41691953,14.80,78.8,,,,1
1990-07,Ontario,2016A000235,Rent,2002=100,17,units,0,v41691954,14.81,78.8,,,,1
1990-07,"Toronto, Ontario",2011S0503535,All-items,2002=100,17,units,0,v41692888,16.2,79.3,,,,1
1990-07,"Toronto, Ontario",2011S0503535,Shelter,2002=100,17,units,0,v41692889,16.79,83.9,,,,1
1990-07,"Toronto, Ontario",2011S0503535,Rented accommodation,2002=100,17,units,0,v41692890,16.80,77.7,,,,1
1990-08,Canada,2016A000011124,All-items,2002=100,17,units,0,v41690973,2.2,78.6,,,,1
1990-08,Canada,2016A000011124,Shelter,2002=100,17,units,0,v41691050,2.79,82.5,,,,1
1990-08,Canada,2016A000011124,Rented accommodation,2002=100,17,units,0,v41691051,2.80,81.9,,,,1
1990-08,Canada,2016A000011124,Rent,2002=100,17,units,0,v41691052,2.81,82.1,,,,1
1990-08,Ontario,2016A000235,All-items,2002=100,17,units,0,v41691919,14.2,79.0,,,,1
1990-08,Ontario,2016A000235,Shelter,2002=100,17,units,0,v41691952,14.79,82.2,,,,1
1990-08,Ontario,2016A000235,Rented accommodation,2002=100,17,units,0,v41691953,14.80,79.1,,,,1
1990-08,Ontario,2016A000235,Rent,2002=100,17,units,0,v41691954,14.81,79.1,,,,1
1990-08,"Toronto, Ontario",2011S0503535,All-items,2002=100,17,units,0,v41692888,16.2,79.2,,,,1
1990-08,"Toronto, Ontario",2011S0503535,Shelter,2002=100,17,units,0,v41692889,16.79,83.9,,,,1
1990-08,"Toronto, Ontario",2011S0503535,Rented accommodation,2002=100,17,units,0,v41692890,16.80,78.0,,,,1
1990-09,Canada,2016A000011124,All-items,2002=100,17,units,0,v41690973,2.2,78.8,,,,1
1990-09,Canada,2016A000011124,Shelter,2002=100,17,units,0,v41691050,2.79,82.8,,,,1
1990-09,Canada,2016A000011124,Rented accommodation,2002=100,17,units,0,v41691051,2.80,82.2,,,,1
1990-09,Canada,2016A000011124,Rent,2002=100,17,units,0,v41691052,2.81,82.3,,,,1
1990-09,Ontario,2016A000235,All-items,2002=100,17,units,0,v41691919,14.2,79.1,,,,1
1990-09,Ontario,2016A000235,Shelter,2002=100,17,units,0,v41691952,14.79,82.2,,,,1
1990-09,Ontario,2016A000235,Rented accommodation,2002=100,17,units,0,v41691953,14.80,79.2,,,,1
1990-09,Ontario,2016A000235,Rent,2002=100,17,units,0,v41691954,14.81,79.3,,,,1
1990-09,"Toronto, Ontario",2011S0503535,All-items,2002=100,17,units,0,v41692888,16.2,79.3,,,,1
1990-09,"Toronto, Ontario",2011S0503535,Shelter,2002=100,17,units,0,v41692889,16.79,83.8,,,,1
1990-09,"Toronto, Ontario",2011S0503535,Rented accommodation,2002=100,17,units,0,v41692890,16.80,78.2,,,,1
1990-10,Canada,2016A000011124,All-items,2002=100,17,units,0,v41690973,2.2,79.5,,,,1
1990-10,Canada,2016A000011124,Shelter,2002=100,17,units,0,v41691050,2.79,83.8,,,,1
1990-10,Canada,2016A000011124,Rented accommodation,2002=100,17,units,0,v41691051,2.80,82.5,,,,1
1990-10,Canada,2016A000011124,Rent,2002=100,17,units,0,v41691052,2.81,82.6,,,,1
1990-10,Ontario,2016A000235,All-items,2002=100,17,units,0,v41691919,14.2,79.8,,,,1
1990-10,Ontario,2016A000235,Shelter,2002=100,17,units,0,v41691952,14.79,83.3,,,,1
1990-10,Ontario,2016A000235,Rented accommodation,2002=100,17,units,0,v41691953,14.80,79.6,,,,1
1990-10,Ontario,2016A000235,Rent,2002=100,17,units,0,v41691954,14.81,79.6,,,,1
1990-10,"Toronto, Ontario",2011S0503535,All-items,2002=100,17,units,0,v41692888,16.2,80.0,,,,1
1990-10,"Toronto, Ontario",2011S0503535,Shelter,2002=100,17,units,0,v41692889,16.79,84.6,,,,1
1990-10,"Toronto, Ontario",2011S0503535,Rented accommodation,2002=100,17,units,0,v41692890,16.80,78.5,,,,1
1990-11,Canada,2016A000011124,All-items,2002=100,17,units,0,v41690973,2.2,80.0,,,,1
1990-11,Canada,2016A000011124,Shelter,2002=100,17,units,0,v41691050,2.79,84.2,,,,1
1990-11,Canada,2016A000011124,Rented accommodation,2002=100,17,units,0,v41691051,2.80,82.8,,,,1
1990-11,Canada,2016A000011124,Rent,2002=100,17,units,0,v41691052,2.81,82.9,,,,1
1990-11,Ontario,2016A000235,All-items,2002=100,17,units,0,v41691919,14.2,80.3,,,,1
1990-11,Ontario,2016A000235,Shelter,2002=100,17,units,0,v41691952,14.79,83.5,,,,1
1990-11,Ontario,2016A000235,Rented accommodation,2002=100,17,units,0,v41691953,14.80,79.9,,,,1
1990-11,Ontario,2016A000235,Rent,2002=100,17,units,0,v41691954,14.81,80.0,,,,1
1990-11,"Toronto, Ontario",2011S0503535,All-items,2002=100,17,units,0,v41692888,16.2,80.3,,,,1
1990-11,"Toronto, Ontario",2011S0503535,Shelter,2002=100,17,units,0,v41692889,16.79,84.6,,,,1
1990-11,"Toronto, Ontario",2011S0503535,Rented accommodation,2002=100,17,units,0,v41692890,16.80,78.8,,,,1
1990-12,Canada,2016A000011124,All-items,2002=100,17,units,0,v41690973,2.2,79.9,,,,1
1990-12,Canada,2016A000011124,Shelter,2002=100,17,units,0,v41691050,2.79,84.3,,,,1
1990-12,Canada,2016A000011124,Rented accommodation,2002=100,17,units,0,v41691051,2.80,82.9,,,,1
1990-12,Canada,2016A000011124,Rent,2002=100,17,units,0,v41691052,2.81,83.0,,,,1
1990-12,Ontario,2016A000235,All-items,2002=100,17,units,0,v41691919,14.2,79.9,,,,1
1990-12,Ontario,2016A000235,Shelter,2002=100,17,units,0,v41691952,14.79,83.3,,,,1
1990-12,Ontario,2016A000235,Rented accommodation,2002=100,17,units,0,v41691953,14.80,80.1,,,,1
1990-12,Ontario,2016A000235,Rent,2002=100,17,units,0,v41691954,14.81,80.2,,,,1
1990-12,"Toronto, Ontario",2011S0503535,All-items,2002=100,17,units,0,v41692888,16.2,80.0,,,,1
1990-12,"Toronto, Ontario",2011S0503535,Shelter,2002=100,17,units,0,v41692889,16.79,84.4,,,,1
1990-12,"Toronto, Ontario",2011S0503535,Rented accommodation,2002=100,17,units,0,v41692890,16.80,79.0,,,,1
1991-01,Canada,2016A000011124,All-items,2002=100,17,units,0,v41690973,2.2,82.0,,,,1
1991-01,Canada,2016A000011124,Shelter,2002=100,17,units,0,v41691050,2.79,85.8,,,,1
1991-01,Canada,2016A000011124,Rented accommodation,2002=100,17,units,0,v41691051,2.80,83.1,,,,1
1991-01,Canada,2016A000011124,Rent,2002=100,17,units,0,v41691052,2.81,83.1,,,,1
1991-01,Ontario,2016A000235,All-items,2002=100,17,units,0,v41691919,14.2,81.6,,,,1
1991-01,Ontario,2016A000235,Shelter,2002=100,17,units,0,v41691952,14.79,85.2,,,,1
1991-01,Ontario,2016A000235,Rented accommodation,2002=100,17,units,0,v41691953,14.80,80.3,,,,1
1991-01,Ontario,2016A000235,Rent,2002=100,17,units,0,v41691954,14.81,80.3,,,,1
1991-01,"Toronto, Ontario",2011S0503535,All-items,2002=100,17,units,0,v41692888,16.2,81.4,,,,1
1991-01,"Toronto, Ontario",2011S0503535,Shelter,2002=100,17,units,0,v41692889,16.79,85.7,,,,1
1991-01,"Toronto, Ontario",2011S0503535,Rented accommodation,2002=100,17,units,0,v41692890,16.80,79.1,,,,1
1991-02,Canada,2016A000011124,All-items,2002=100,17,units,0,v41690973,2.2,82.0,,,,1
1991-02,Canada,2016A000011124,Shelter,2002=100,17,units,0,v41691050,2.79,85.8,,,,1
1991-02,Canada,2016A000011124,Rented accommodation,2002=100,17,units,0,v41691051,2.80,83.4,,,,1
1991-02,Canada,2016A000011124,Rent,2002=100,17,units,0,v41691052,2.81,83.5,,,,1
1991-02,Ontario,2016A000235,All-items,2002=100,17,units,0,v41691919,14.2,81.6,,,,1
1991-02,Ontario,2016A000235,Shelter,2002=100,17,units,0,v41691952,14.79,85.2,,,,1
1991-02,Ontario,2016A000235,Rented accommodation,2002=100,17,units,0,v41691953,14.80,80.6,,,,1
1991-02,Ontario,2016A000235,Rent,2002=100,17,units,0,v41691954,14.81,80.5,,,,1
1991-02,"Toronto, Ontario",2011S0503535,All-items,2002=100,17,units,0,v41692888,16.2,81.4,,,,1
1991-02,"Toronto, Ontario",2011S0503535,Shelter,2002=100,17,units,0,v41692889,16.79,85.4,,,,1
1991-02,"Toronto, Ontario",2011S0503535,Rented accommodation,2002=100,17,units,0,v41692890,16.80,79.4,,,,1
1991-03,Canada,2016A000011124,All-items,2002=100,17,units,0,v41690973,2.2,82.3,,,,1
1991-03,Canada,2016A000011124,Shelter,2002=100,17,units,0,v41691050,2.79,85.6,,,,1
1991-03,Canada,2016A000011124,Rented accommodation,2002=100,17,units,0,v41691051,2.80,83.5,,,,1
1991-03,Canada,2016A000011124,Rent,2002=100,17,units,0,v41691052,2.81,83.6,,,,1
1991-03,Ontario,2016A000235,All-items,2002=100,17,units,0,v41691919,14.2,81.8,,,,1
1991-03,Ontario,2016A000235,Shelter,2002=100,17,units,0,v41691952,14.79,84.6,,,,1
1991-03,Ontario,2016A000235,Rented accommodation,2002=100,17,units,0,v41691953,14.80,80.7,,,,1
1991-03,Ontario,2016A000235,Rent,2002=100,17,units,0,v41691954,14.81,80.7,,,,1
1991-03,"Toronto, Ontario",2011S0503535,All-items,2002=100,17,units,0,v41692888,16.2,81.7,,,,1
1991-03,"Toronto, Ontario",2011S0503535,Shelter,2002=100,17,units,0,v41692889,16.79,84.5,,,,1
1991-03,"Toronto, Ontario",2011S0503535,Rented accommodation,2002=100,17,units,0,v41692890,16.80,79.4,,,,1
1991-04,Canada,2016A000011124,All-items,2002=100,17,units,0,v41690973,2.2,82.3,,,,1
1991-04,Canada,2016A000011124,Shelter,2002=100,17,units,0,v41691050,2.79,85.7,,,,1
1991-04,Canada,2016A000011124,Rented accommodation,2002=100,17,units,0,v41691051,2.80,83.6,,,,1
1991-04,Canada,2016A000011124,Rent,2002=100,17,units,0,v41691052,2.81,83.7,,,,1
1991-04,Ontario,2016A000235,All-items,2002=100,17,units,0,v41691919,14.2,81.9,,,,1
1991-04,Ontario,2016A000235,Shelter,2002=100,17,units,0,v41691952,14.79,84.7,,,,1
1991-04,Ontario,2016A000235,Rented accommodation,2002=100,17,units,0,v41691953,14.80,80.8,,,,1
1991-04,Ontario,2016A000235,Rent,2002=100,17,units,0,v41691954,14.81,80.9,,,,1
1991-04,"Toronto, Ontario",2011S0503535,All-items,2002=100,17,units,0,v41692888,16.2,81.7,,,,1
1991-04,"Toronto, Ontario",2011S0503535,Shelter,2002=100,17,units,0,v41692889,16.79,84.6,,,,1
1991-04,"Toronto, Ontario",2011S0503535,Rented accommodation,2002=100,17,units,0,v41692890,16.80,79.6,,,,1
1991-05,Canada,2016A000011124,All-items,2002=100,17,units,0,v41690973,2.2,82.7,,,,1
1991-05,Canada,2016A000011124,Shelter,2002=100,17,units,0,v41691050,2.79,85.8,,,,1
1991-05,Canada,2016A000011124,Rented accommodation,2002=100,17,units,0,v41691051,2.80,83.9,,,,1
1991-05,Canada,2016A000011124,Rent,2002=100,17,units,0,v41691052,2.81,83.9,,,,1
1991-05,Ontario,2016A000235,All-items,2002=100,17,units,0,v41691919,14.2,82.4,,,,1
1991-05,Ontario,2016A000235,Shelter,2002=100,17,units,0,v41691952,14.79,84.9,,,,1
1991-05,Ontario,2016A000235,Rented accommodation,2002=100,17,units,0,v41691953,14.80,81.1,,,,1
1991-05,Ontario,2016A000235,Rent,2002=100,17,units,0,v41691954,14.81,81.1,,,,1
1991-05,"Toronto, Ontario",2011S0503535,All-items,2002=100,17,units,0,v41692888,16.2,82.3,,,,1
1991-05,"Toronto, Ontario",2011S0503535,Shelter,2002=100,17,units,0,v41692889,16.79,84.8,,,,1
1991-05,"Toronto, Ontario",2011S0503535,Rented accommodation,2002=100,17,units,0,v41692890,16.80,79.9,,,,1
1991-06,Canada,2016A000011124,All-items,2002=100,17,units,0,v41690973,2.2,83.1,,,,1
1991-06,Canada,2016A000011124,Shelter,2002=100,17,units,0,v41691050,2.79,86.0,,,,1
1991-06,Canada,2016A000011124,Rented accommodation,2002=100,17,units,0,v41691051,2.80,84.0,,,,1
1991-06,Canada,2016A000011124,Rent,2002=100,17,units,0,v41691052,2.81,84.1,,,,1
1991-06,Ontario,2016A000235,All-items,2002=100,17,units,0,v41691919,14.2,82.8,,,,1
1991-06,Ontario,2016A000235,Shelter,2002=100,17,units,0,v41691952,14.79,85.2,,,,1
1991-06,Ontario,2016A000235,Rented accommodation,2002=100,17,units,0,v41691953,14.80,81.2,,,,1
1991-06,Ontario,2016A000235,Rent,2002=100,17,units,0,v41691954,14.81,81.3,,,,1
1991-06,"Toronto, Ontario",2011S0503535,All-items,2002=100,17,units,0,v41692888,16.2,82.8,,,,1
1991-06,"Toronto, Ontario",2011S0503535,Shelter,2002=100,17,units,0,v41692889,16.79,85.6,,,,1
1991-06,"Toronto, Ontario",2011S0503535,Rented accommodation,2002=100,17,units,0,v41692890,16.80,80.0,,,,1
1991-07,Canada,2016A000011124,All-items,2002=100,17,units,0,v41690973,2.2,83.2,,,,1
1991-07,Canada,2016A000011124,Shelter,2002=100,17,units,0,v41691050,2.79,86.3,,,,1
1991-07,Canada,2016A000011124,Rented accommodation,2002=100,17,units,0,v41691051,2.80,84.2,,,,1
1991-07,Canada,2016A000011124,Rent,2002=100,17,units,0,v41691052,2.81,84.3,,,,1
1991-07,Ontario,2016A000235,All-items,2002=100,17,units,0,v41691919,14.2,83.0,,,,1
1991-07,Ontario,2016A000235,Shelter,2002=100,17,units,0,v41691952,14.79,85.5,,,,1
1991-07,Ontario,2016A000235,Rented accommodation,2002=100,17,units,0,v41691953,14.80,81.5,,,,1
1991-07,Ontario,2016A000235,Rent,2002=100,17,units,0,v41691954,14.81,81.6,,,,1
1991-07,"Toronto, Ontario",2011S0503535,All-items,2002=100,17,units,0,v41692888,16.2,82.9,,,,1
1991-07,"Toronto, Ontario",2011S0503535,Shelter,2002=100,17,units,0,v41692889,16.79,85.7,,,,1
1991-07,"Toronto, Ontario",2011S0503535,Rented accommodation,2002=100,17,units,0,v41692890,16.80,80.2,,,,1
1991-08,Canada,2016A000011124,All-items,2002=100,17,units,0,v41690973,2.2,83.3,,,,1
1991-08,Canada,2016A000011124,Shelter,2002=100,17,units,0,v41691050,2.79,86.5,,,,1
1991-08,Canada,2016A000011124,Rented accommodation,2002=100,17,units,0,v41691051,2.80,84.7,,,,1
1991-08,Canada,2016A000011124,Rent,2002=100,17,units,0,v41691052,2.81,84.9,,,,1
1991-08,Ontario,2016A000235,All-items,2002=100,17,units,0,v41691919,14.2,83.0,,,,1
1991-08,Ontario,2016A000235,Shelter,2002=100,17,units,0,v41691952,14.79,85.7,,,,1
1991-08,Ontario,2016A000235,Rented accommodation,2002=100,17,units,0,v41691953,14.80,81.7,,,,1
1991-08,Ontario,2016A000235,Rent,2002=100,17,units,0,v41691954,14.81,81.7,,,,1
1991-08,"Toronto, Ontario",2011S0503535,All-items,2002=100,17,units,0,v41692888,16.2,82.9,,,,1
1991-08,"Toronto, Ontario",2011S0503535,Shelter,2002=100,17,units,0,v41692889,16.79,85.8,,,,1
1991-08,"Toronto, Ontario",2011S0503535,Rented accommodation,2002=100,17,units,0,v41692890,16.80,80.3,,,,1
1991-09,Canada,2016A000011124,All-items,2002=100,17,units,0,v41690973,2.2,83.1,,,,1
1991-09,Canada,2016A000011124,Shelter,2002=100,17,units,0,v41691050,2.79,86.5,,,,1
1991-09,Canada,2016A000011124,Rented accommodation,2002=100,17,units,0,v41691051,2.80,84.9,,,,1
1991-09,Canada,2016A000011124,Rent,2002=100,17,units,0,v41691052,2.81,84.9,,,,1
1991-09,Ontario,2016A000235,All-items,2002=100,17,units,0,v41691919,14.2,82.8,,,,1
1991-09,Ontario,2016A000235,Shelter,2002=100,17,units,0,v41691952,14.79,85.7,,,,1
1991-09,Ontario,2016A000235,Rented accommodation,2002=100,17,units,0,v41691953,14.80,81.8,,,,1
1991-09,Ontario,2016A000235,Rent,2002=100,17,units,0,v41691954,14.81,82.0,,,,1
1991-09,"Toronto, Ontario",2011S0503535,All-items,2002=100,17,units,0,v41692888,16.2,82.5,,,,1
1991-09,"Toronto, Ontario",2011S0503535,Shelter,2002=100,17,units,0,v41692889,16.79,85.7,,,,1
1991-09,"Toronto, Ontario",2011S0503535,Rented accommodation,2002=100,17,units,0,v41692890,16.80,80.5,,,,1
1991-10,Canada,2016A000011124,All-items,2002=100,17,units,0,v41690973,2.2,83.0,,,,1
1991-10,Canada,2016A000011124,Shelter,2002=100,17,units,0,v41691050,2.79,87.2,,,,1
1991-10,Canada,2016A000011124,Rented accommodation,2002=100,17,units,0,v41691051,2.80,85.2,,,,1
1991-10,Canada,2016A000011124,Rent,2002=100,17,units,0,v41691052,2.81,85.2,,,,1
1991-10,Ontario,2016A000235,All-items,2002=100,17,units,0,v41691919,14.2,82.4,,,,1
1991-10,Ontario,2016A000235,Shelter,2002=100,17,units,0,v41691952,14.79,86.3,,,,1
1991-10,Ontario,2016A000235,Rented accommodation,2002=100,17,units,0,v41691953,14.80,82.2,,,,1
1991-10,Ontario,2016A000235,Rent,2002=100,17,units,0,v41691954,14.81,82.2,,,,1
1991-10,"Toronto, Ontario",2011S0503535,All-items,2002=100,17,units,0,v41692888,16.2,82.3,,,,1
1991-10,"Toronto, Ontario",2011S0503535,Shelter,2002=100,17,units,0,v41692889,16.79,86.3,,,,1
1991-10,"Toronto, Ontario",2011S0503535,Rented accommodation,2002=100,17,units,0,v41692890,16.80,80.8,,,,1
1991-11,Canada,2016A000011124,All-items,2002=100,17,units,0,v41690973,2.2,83.3,,,,1
1991-11,Canada,2016A000011124,Shelter,2002=100,17,units,0,v41691050,2.79,87.2,,,,1
1991-11,Canada,2016A000011124,Rented accommodation,2002=100,17,units,0,v41691051,2.80,85.4,,,,1
1991-11,Canada,2016A000011124,Rent,2002=100,17,units,0,v41691052,2.81,85.4,,,,1
1991-11,Ontario,2016A000235,All-items,2002=100,17,units,0,v41691919,14.2,82.8,,,,1
1991-11,Ontario,2016A000235,Shelter,2002=100,17,units,0,v41691952,14.79,86.4,,,,1
1991-11,Ontario,2016A000235,Rented accommodation,2002=100,17,units,0,v41691953,14.80,82.4,,,,1
1991-11,Ontario,2016A000235,Rent,2002=100,17,units,0,v41691954,14.81,82.4,,,,1
1991-11,"Toronto, Ontario",2011S0503535,All-items,2002=100,17,units,0,v41692888,16.2,82.6,,,,1
1991-11,"Toronto, Ontario",2011S0503535,Shelter,2002=100,17,units,0,v41692889,16.79,86.4,,,,1
1991-11,"Toronto, Ontario",2011S0503535,Rented accommodation,2002=100,17,units,0,v41692890,16.80,80.8,,,,1
1991-12,Canada,2016A000011124,All-items,2002=100,17,units,0,v41690973,2.2,82.9,,,,1
1991-12,Canada,2016A000011124,Shelter,2002=100,17,units,0,v41691050,2.79,87.2,,,,1
1991-12,Canada,2016A000011124,Rented accommodation,2002=100,17,units,0,v41691051,2.80,85.4,,,,1
1991-12,Canada,2016A000011124,Rent,2002=100,17,units,0,v41691052,2.81,85.5,,,,1
1991-12,Ontario,2016A000235,All-items,2002=100,17,units,0,v41691919,14.2,82.4,,,,1
1991-12,Ontario,2016A000235,Shelter,2002=100,17,units,0,v41691952,14.79,86.5,,,,1
1991-12,Ontario,2016A000235,Rented accommodation,2002=100,17,units,0,v41691953,14.80,82.6,,,,1
1991-12,Ontario,2016A000235,Rent,2002=100,17,units,0,v41691954,14.81,82.6,,,,1
1991-12,"Toronto, Ontario",2011S0503535,All-items,2002=100,17,units,0,v41692888,16.2,82.3,,,,1
1991-12,"Toronto, Ontario",2011S0503535,Shelter,2002=100,17,units,0,v41692889,16.79,86.4,,,,1
1991-12,"Toronto, Ontario",2011S0503535,Rented accommodation,2002=100,17,units,0,v41692890,16.80,81.1,,,,1
1992-01,Canada,2016A000011124,All-items,2002=100,17,units,0,v41690973,2.2,83.3,,,,1
1992-01,Canada,2016A000011124,Shelter,2002=100,17,units,0,v41691050,2.79,87.6,,,,1
1992-01,Canada,2016A000011124,Rented accommodation,2002=100,17,units,0,v41691051,2.80,85.6,,,,1
1992-01,Canada,2016A000011124,Rent,2002=100,17,units,0,v41691052,2.81,85.6,,,,1
1992-01,Ontario,2016A000235,All-items,2002=100,17,units,0,v41691919,14.2,82.5,,,,1
1992-01,Ontario,2016A000235,Shelter,2002=100,17,units,0,v41691952,14.79,86.9,,,,1
1992-01,Ontario,2016A000235,Rented accommodation,2002=100,17,units,0,v41691953,14.80,82.7,,,,1
1992-01,Ontario,2016A000235,Rent,2002=100,17,units,0,v41691954,14.81,82.7,,,,1
1992-01,"Toronto, Ontario",2011S0503535,All-items,2002=100,17,units,0,v41692888,16.2,82.3,,,,1
1992-01,"Toronto, Ontario",2011S0503535,Shelter,2002=100,17,units,0,v41692889,16.79,86.8,,,,1
1992-01,"Toronto, Ontario",2011S0503535,Rented accommodation,2002=100,17,units,0,v41692890,16.80,81.2,,,,1
1992-02,Canada,2016A000011124,All-items,2002=100,17,units,0,v41690973,2.2,83.3,,,,1
1992-02,Canada,2016A000011124,Shelter,2002=100,17,units,0,v41691050,2.79,87.6,,,,1
1992-02,Canada,2016A000011124,Rented accommodation,2002=100,17,units,0,v41691051,2.80,85.8,,,,1
1992-02,Canada,2016A000011124,Rent,2002=100,17,units,0,v41691052,2.81,85.8,,,,1
1992-02,Ontario,2016A000235,All-items,2002=100,17,units,0,v41691919,14.2,82.7,,,,1
1992-02,Ontario,2016A000235,Shelter,2002=100,17,units,0,v41691952,14.79,87.0,,,,1
1992-02,Ontario,2016A000235,Rented accommodation,2002=100,17,units,0,v41691953,14.80,83.0,,,,1
1992-02,Ontario,2016A000235,Rent,2002=100,17,units,0,v41691954,14.81,83.1,,,,1
1992-02,"Toronto, Ontario",2011S0503535,All-items,2002=100,17,units,0,v41692888,16.2,82.4,,,,1
1992-02,"Toronto, Ontario",2011S0503535,Shelter,2002=100,17,units,0,v41692889,16.79,86.9,,,,1
1992-02,"Toronto, Ontario",2011S0503535,Rented accommodation,2002=100,17,units,0,v41692890,16.80,81.4,,,,1
1992-03,Canada,2016A000011124,All-items,2002=100,17,units,0,v41690973,2.2,83.6,,,,1
1992-03,Canada,2016A000011124,Shelter,2002=100,17,units,0,v41691050,2.79,87.5,,,,1
1992-03,Canada,2016A000011124,Rented accommodation,2002=100,17,units,0,v41691051,2.80,86.0,,,,1
1992-03,Canada,2016A000011124,Rent,2002=100,17,units,0,v41691052,2.81,86.0,,,,1
1992-03,Ontario,2016A000235,All-items,2002=100,17,units,0,v41691919,14.2,82.8,,,,1
1992-03,Ontario,2016A000235,Shelter,2002=100,17,units,0,v41691952,14.79,86.8,,,,1
1992-03,Ontario,2016A000235,Rented accommodation,2002=100,17,units,0,v41691953,14.80,83.2,,,,1
1992-03,Ontario,2016A000235,Rent,2002=100,17,units,0,v41691954,14.81,83.2,,,,1
1992-03,"Toronto, Ontario",2011S0503535,All-items,2002=100,17,units,0,v41692888,16.2,82.8,,,,1
1992-03,"Toronto, Ontario",2011S0503535,Shelter,2002=100,17,units,0,v41692889,16.79,86.5,,,,1
1992-03,"Toronto, Ontario",2011S0503535,Rented accommodation,2002=100,17,units,0,v41692890,16.80,81.7,,,,1
1992-04,Canada,2016A000011124,All-items,2002=100,17,units,0,v41690973,2.2,83.7,,,,1
1992-04,Canada,2016A000011124,Shelter,2002=100,17,units,0,v41691050,2.79,87.4,,,,1
1992-04,Canada,2016A000011124,Rented accommodation,2002=100,17,units,0,v41691051,2.80,86.1,,,,1
1992-04,Canada,2016A000011124,Rent,2002=100,17,units,0,v41691052,2.81,86.2,,,,1
1992-04,Ontario,2016A000235,All-items,2002=100,17,units,0,v41691919,14.2,82.9,,,,1
1992-04,Ontario,2016A000235,Shelter,2002=100,17,units,0,v41691952,14.79,86.5,,,,1
1992-04,Ontario,2016A000235,Rented accommodation,2002=100,17,units,0,v41691953,14.80,83.3,,,,1
1992-04,Ontario,2016A000235,Rent,2002=100,17,units,0,v41691954,14.81,83.5,,,,1
1992-04,"Toronto, Ontario",2011S0503535,All-items,2002=100,17,units,0,v41692888,16.2,82.7,,,,1
1992-04,"Toronto, Ontario",2011S0503535,Shelter,2002=100,17,units,0,v41692889,16.79,86.2,,,,1
1992-04,"Toronto, Ontario",2011S0503535,Rented accommodation,2002=100,17,units,0,v41692890,16.80,81.7,,,,1
1992-05,Canada,2016A000011124,All-items,2002=100,17,units,0,v41690973,2.2,83.8,,,,1
1992-05,Canada,2016A000011124,Shelter,2002=100,17,units,0,v41691050,2.79,87.6,,,,1
1992-05,Canada,2016A000011124,Rented accommodation,2002=100,17,units,0,v41691051,2.80,86.2,,,,1
1992-05,Canada,2016A000011124,Rent,2002=100,17,units,0,v41691052,2.81,86.2,,,,1
1992-05,Ontario,2016A000235,All-items,2002=100,17,units,0,v41691919,14.2,83.1,,,,1
1992-05,Ontario,2016A000235,Shelter,2002=100,17,units,0,v41691952,14.79,86.7,,,,1
1992-05,Ontario,2016A000235,Rented accommodation,2002=100,17,units,0,v41691953,14.80,83.4,,,,1
1992-05,Ontario,2016A000235,Rent,2002=100,17,units,0,v41691954,14.81,83.5,,,,1
1992-05,"Toronto, Ontario",2011S0503535,All-items,2002=100,17,units,0,v41692888,16.2,82.9,,,,1
1992-05,"Toronto, Ontario",2011S0503535,Shelter,2002=100,17,units,0,v41692889,16.79,86.4,,,,1
1992-05,"Toronto, Ontario",2011S0503535,Rented accommodation,2002=100,17,units,0,v41692890,16.80,81.8,,,,1
1992-06,Canada,2016A000011124,All-items,2002=100,17,units,0,v41690973,2.2,84.0,,,,1
1992-06,Canada,2016A000011124,Shelter,2002=100,17,units,0,v41691050,2.79,87.5,,,,1
1992-06,Canada,2016A000011124,Rented accommodation,2002=100,17,units,0,v41691051,2.80,86.4,,,,1
1992-06,Canada,2016A000011124,Rent,2002=100,17,units,0,v41691052,2.81,86.5,,,,1
1992-06,Ontario,2016A000235,All-items,2002=100,17,units,0,v41691919,14.2,83.3,,,,1
1992-06,Ontario,2016A000235,Shelter,2002=100,17,units,0,v41691952,14.79,86.5,,,,1
1992-06,Ontario,2016A000235,Rented accommodation,2002=100,17,units,0,v41691953,14.80,83.7,,,,1
1992-06,Ontario,2016A000235,Rent,2002=100,17,units,0,v41691954,14.81,83.7,,,,1
1992-06,"Toronto, Ontario",2011S0503535,All-items,2002=100,17,units,0,v41692888,16.2,83.1,,,,1
1992-06,"Toronto, Ontario",2011S0503535,Shelter,2002=100,17,units,0,v41692889,16.79,86.3,,,,1
1992-06,"Toronto, Ontario",2011S0503535,Rented accommodation,2002=100,17,units,0,v41692890,16.80,82.1,,,,1
1992-07,Canada,2016A000011124,All-items,2002=100,17,units,0,v41690973,2.2,84.2,,,,1
1992-07,Canada,2016A000011124,Shelter,2002=100,17,units,0,v41691050,2.79,87.7,,,,1
1992-07,Canada,2016A000011124,Rented accommodation,2002=100,17,units,0,v41691051,2.80,86.5,,,,1
1992-07,Canada,2016A000011124,Rent,2002=100,17,units,0,v41691052,2.81,86.6,,,,1
1992-07,Ontario,2016A000235,All-items,2002=100,17,units,0,v41691919,14.2,83.5,,,,1
1992-07,Ontario,2016A000235,Shelter,2002=100,17,units,0,v41691952,14.79,86.6,,,,1
1992-07,Ontario,2016A000235,Rented accommodation,2002=100,17,units,0,v41691953,14.80,83.8,,,,1
1992-07,Ontario,2016A000235,Rent,2002=100,17,units,0,v41691954,14.81,83.9,,,,1
1992-07,"Toronto, Ontario",2011S0503535,All-items,2002=100,17,units,0,v41692888,16.2,83.3,,,,1
1992-07,"Toronto, Ontario",2011S0503535,Shelter,2002=100,17,units,0,v41692889,16.79,86.3,,,,1
1992-07,"Toronto, Ontario",2011S0503535,Rented accommodation,2002=100,17,units,0,v41692890,16.80,82.2,,,,1
1992-08,Canada,2016A000011124,All-items,2002=100,17,units,0,v41690973,2.2,84.2,,,,1
1992-08,Canada,2016A000011124,Shelter,2002=100,17,units,0,v41691050,2.79,87.9,,,,1
1992-08,Canada,2016A000011124,Rented accommodation,2002=100,17,units,0,v41691051,2.80,86.9,,,,1
1992-08,Canada,2016A000011124,Rent,2002=100,17,units,0,v41691052,2.81,86.9,,,,1
1992-08,Ontario,2016A000235,All-items,2002=100,17,units,0,v41691919,14.2,83.5,,,,1
1992-08,Ontario,2016A000235,Shelter,2002=100,17,units,0,v41691952,14.79,86.6,,,,1
1992-08,Ontario,2016A000235,Rented accommodation,2002=100,17,units,0,v41691953,14.80,84.0,,,,1
1992-08,Ontario,2016A000235,Rent,2002=100,17,units,0,v41691954,14.81,84.1,,,,1
1992-08,"Toronto, Ontario",2011S0503535,All-items,2002=100,17,units,0,v41692888,16.2,83.2,,,,1
1992-08,"Toronto, Ontario",2011S0503535,Shelter,2002=100,17,units,0,v41692889,16.79,86.2,,,,1
1992-08,"Toronto, Ontario",2011S0503535,Rented accommodation,2002=100,17,units,0,v41692890,16.80,82.3,,,,1
1992-09,Canada,2016A000011124,All-items,2002=100,17,units,0,v41690973,2.2,84.2,,,,1
1992-09,Canada,2016A000011124,Shelter,2002=100,17,units,0,v41691050,2.79,87.7,,,,1
1992-09,Canada,2016A000011124,Rented accommodation,2002=100,17,units,0,v41691051,2.80,87.1,,,,1
1992-09,Canada,2016A000011124,Rent,2002=100,17,units,0,v41691052,2.81,87.2,,,,1
1992-09,Ontario,2016A000235,All-items,2002=100,17,units,0,v41691919,14.2,83.3,,,,1
1992-09,Ontario,2016A000235,Shelter,2002=100,17,units,0,v41691952,14.79,86.5,,,,1
1992-09,Ontario,2016A000235,Rented accommodation,2002=100,17,units,0,v41691953,14.80,84.3,,,,1
1992-09,Ontario,2016A000235,Rent,2002=100,17,units,0,v41691954,14.81,84.3,,,,1
1992-09,"Toronto, Ontario",2011S0503535,All-items,2002=100,17,units,0,v41692888,16.2,82.9,,,,1
1992-09,"Toronto, Ontario",2011S0503535,Shelter,2002=100,17,units,0,v41692889,16.79,86.0,,,,1
1992-09,"Toronto, Ontario",2011S0503535,Rented accommodation,2002=100,17,units,0,v41692890,16.80,82.6,,,,1
1992-10,Canada,2016A000011124,All-items,2002=100,17,units,0,v41690973,2.2,84.3,,,,1
1992-10,Canada,2016A000011124,Shelter,2002=100,17,units,0,v41691050,2.79,88.4,,,,1
1992-10,Canada,2016A000011124,Rented accommodation,2002=100,17,units,0,v41691051,2.80,87.3,,,,1
1992-10,Canada,2016A000011124,Rent,2002=100,17,units,0,v41691052,2.81,87.4,,,,1
1992-10,Ontario,2016A000235,All-items,2002=100,17,units,0,v41691919,14.2,83.4,,,,1
1992-10,Ontario,2016A000235,Shelter,2002=100,17,units,0,v41691952,14.79,87.0,,,,1
1992-10,Ontario,2016A000235,Rented accommodation,2002=100,17,units,0,v41691953,14.80,84.5,,,,1
1992-10,Ontario,2016A000235,Rent,2002=100,17,units,0,v41691954,14.81,84.7,,,,1
1992-10,"Toronto, Ontario",2011S0503535,All-items,2002=100,17,units,0,v41692888,16.2,83.1,,,,1
1992-10,"Toronto, Ontario",2011S0503535,Shelter,2002=100,17,units,0,v41692889,16.79,86.6,,,,1
1992-10,"Toronto, Ontario",2011S0503535,Rented accommodation,2002=100,17,units,0,v41692890,16.80,82.7,,,,1
1992-11,Canada,2016A000011124,All-items,2002=100,17,units,0,v41690973,2.2,84.7,,,,1
1992-11,Canada,2016A000011124,Shelter,2002=100,17,units,0,v41691050,2.79,88.6,,,,1
1992-11,Canada,2016A000011124,Rented accommodation,2002=100,17,units,0,v41691051,2.80,87.4,,,,1
1992-11,Canada,2016A000011124,Rent,2002=100,17,units,0,v41691052,2.81,87.5,,,,1
1992-11,Ontario,2016A000235,All-items,2002=100,17,units,0,v41691919,14.2,83.8,,,,1
1992-11,Ontario,2016A000235,Shelter,2002=100,17,units,0,v41691952,14.79,87.0,,,,1
1992-11,Ontario,2016A000235,Rented accommodation,2002=100,17,units,0,v41691953,14.80,84.7,,,,1
1992-11,Ontario,2016A000235,Rent,2002=100,17,units,0,v41691954,14.81,84.8,,,,1
1992-11,"Toronto, Ontario",2011S0503535,All-items,2002=100,17,units,0,v41692888,16.2,83.5,,,,1
1992-11,"Toronto, Ontario",2011S0503535,Shelter,2002=100,17,units,0,v41692889,16.79,86.6,,,,1
1992-11,"Toronto, Ontario",2011S0503535,Rented accommodation,2002=100,17,units,0,v41692890,16.80,82.9,,,,1
1992-12,Canada,2016A000011124,All-items,2002=100,17,units,0,v41690973,2.2,84.7,,,,1
1992-12,Canada,2016A000011124,Shelter,2002=100,17,units,0,v41691050,2.79,88.7,,,,1
1992-12,Canada,2016A000011124,Rented accommodation,2002=100,17,units,0,v41691051,2.80,87.6,,,,1
1992-12,Canada,2016A000011124,Rent,2002=100,17,units,0,v41691052,2.81,87.7,,,,1
1992-12,Ontario,2016A000235,All-items,2002=100,17,units,0,v41691919,14.2,83.8,,,,1
1992-12,Ontario,2016A000235,Shelter,2002=100,17,units,0,v41691952,14.79,87.3,,,,1
1992-12,Ontario,2016A000235,Rented accommodation,2002=100,17,units,0,v41691953,14.80,84.8,,,,1
1992-12,Ontario,2016A000235,Rent,2002=100,17,units,0,v41691954,14.81,85.0,,,,1
1992-12,"Toronto, Ontario",2011S0503535,All-items,2002=100,17,units,0,v41692888,16.2,83.4,,,,1
1992-12,"Toronto, Ontario",2011S0503535,Shelter,2002=100,17,units,0,v41692889,16.79,87.1,,,,1
1992-12,"Toronto, Ontario",2011S0503535,Rented accommodation,2002=100,17,units,0,v41692890,16.80,83.0,,,,1
1993-01,Canada,2016A000011124,All-items,2002=100,17,units,0,v41690973,2.2,85.0,,,,1
1993-01,Canada,2016A000011124,Shelter,2002=100,17,units,0,v41691050,2.79,88.9,,,,1
1993-01,Canada,2016A000011124,Rented accommodation,2002=100,17,units,0,v41691051,2.80,87.7,,,,1
1993-01,Canada,2016A000011124,Rent,2002=100,17,units,0,v41691052,2.81,87.8,,,,1
1993-01,Ontario,2016A000235,All-items,2002=100,17,units,0,v41691919,14.2,84.0,,,,1
1993-01,Ontario,2016A000235,Shelter,2002=100,17,units,0,v41691952,14.79,87.8,,,,1
1993-01,Ontario,2016A000235,Rented accommodation,2002=100,17,units,0,v41691953,14.80,85.0,,,,1
1993-01,Ontario,2016A000235,Rent,2002=100,17,units,0,v41691954,14.81,85.2,,,,1
1993-01,"Toronto, Ontario",2011S0503535,All-items,2002=100,17,units,0,v41692888,16.2,83.6,,,,1
1993-01,"Toronto, Ontario",2011S0503535,Shelter,2002=100,17,units,0,v41692889,16.79,87.5,,,,1
1993-01,"Toronto, Ontario",2011S0503535,Rented accommodation,2002=100,17,units,0,v41692890,16.80,83.1,,,,1
1993-02,Canada,2016A000011124,All-items,2002=100,17,units,0,v41690973,2.2,85.3,,,,1
1993-02,Canada,2016A000011124,Shelter,2002=100,17,units,0,v41691050,2.79,88.9,,,,1
1993-02,Canada,2016A000011124,Rented accommodation,2002=100,17,units,0,v41691051,2.80,87.8,,,,1
1993-02,Canada,2016A000011124,Rent,2002=100,17,units,0,v41691052,2.81,87.9,,,,1
1993-02,Ontario,2016A000235,All-items,2002=100,17,units,0,v41691919,14.2,84.4,,,,1
1993-02,Ontario,2016A000235,Shelter,2002=100,17,units,0,v41691952,14.79,87.7,,,,1
1993-02,Ontario,2016A000235,Rented accommodation,2002=100,17,units,0,v41691953,14.80,85.2,,,,1
1993-02,Ontario,2016A000235,Rent,2002=100,17,units,0,v41691954,14.81,85.3,,,,1
1993-02,"Toronto, Ontario",2011S0503535,All-items,2002=100,17,units,0,v41692888,16.2,84.2,,,,1
1993-02,"Toronto, Ontario",2011S0503535,Shelter,2002=100,17,units,0,v41692889,16.79,87.4,,,,1
1993-02,"Toronto, Ontario",2011S0503535,Rented accommodation,2002=100,17,units,0,v41692890,16.80,83.3,,,,1
1993-03,Canada,2016A000011124,All-items,2002=100,17,units,0,v41690973,2.2,85.2,,,,1
1993-03,Canada,2016A000011124,Shelter,2002=100,17,units,0,v41691050,2.79,88.9,,,,1
1993-03,Canada,2016A000011124,Rented accommodation,2002=100,17,units,0,v41691051,2.80,87.9,,,,1
1993-03,Canada,2016A000011124,Rent,2002=100,17,units,0,v41691052,2.81,88.1,,,,1
1993-03,Ontario,2016A000235,All-items,2002=100,17,units,0,v41691919,14.2,84.5,,,,1
1993-03,Ontario,2016A000235,Shelter,2002=100,17,units,0,v41691952,14.79,87.6,,,,1
1993-03,Ontario,2016A000235,Rented accommodation,2002=100,17,units,0,v41691953,14.80,85.3,,,,1
1993-03,Ontario,2016A000235,Rent,2002=100,17,units,0,v41691954,14.81,85.5,,,,1
1993-03,"Toronto, Ontario",2011S0503535,All-items,2002=100,17,units,0,v41692888,16.2,84.2,,,,1
1993-03,"Toronto, Ontario",2011S0503535,Shelter,2002=100,17,units,0,v41692889,16.79,87.3,,,,1
1993-03,"Toronto, Ontario",2011S0503535,Rented accommodation,2002=100,17,units,0,v41692890,16.80,83.5,,,,1
1993-04,Canada,2016A000011124,All-items,2002=100,17,units,0,v41690973,2.2,85.2,,,,1
1993-04,Canada,2016A000011124,Shelter,2002=100,17,units,0,v41691050,2.79,89.0,,,,1
1993-04,Canada,2016A000011124,Rented accommodation,2002=100,17,units,0,v41691051,2.80,88.0,,,,1
1993-04,Canada,2016A000011124,Rent,2002=100,17,units,0,v41691052,2.81,88.2,,,,1
1993-04,Ontario,2016A000235,All-items,2002=100,17,units,0,v41691919,14.2,84.3,,,,1
1993-04,Ontario,2016A000235,Shelter,2002=100,17,units,0,v41691952,14.79,87.4,,,,1
1993-04,Ontario,2016A000235,Rented accommodation,2002=100,17,units,0,v41691953,14.80,85.4,,,,1
1993-04,Ontario,2016A000235,Rent,2002=100,17,units,0,v41691954,14.81,85.7,,,,1
1993-04,"Toronto, Ontario",2011S0503535,All-items,2002=100,17,units,0,v41692888,16.2,83.9,,,,1
1993-04,"Toronto, Ontario",2011S0503535,Shelter,2002=100,17,units,0,v41692889,16.79,87.0,,,,1
1993-04,"Toronto, Ontario",2011S0503535,Rented accommodation,2002=100,17,units,0,v41692890,16.80,83.6,,,,1
1993-05,Canada,2016A000011124,All-items,2002=100,17,units,0,v41690973,2.2,85.4,,,,1
1993-05,Canada,2016A000011124,Shelter,2002=100,17,units,0,v41691050,2.79,88.9,,,,1
1993-05,Canada,2016A000011124,Rented accommodation,2002=100,17,units,0,v41691051,2.80,88.1,,,,1
1993-05,Canada,2016A000011124,Rent,2002=100,17,units,0,v41691052,2.81,88.2,,,,1
1993-05,Ontario,2016A000235,All-items,2002=100,17,units,0,v41691919,14.2,84.4,,,,1
1993-05,Ontario,2016A000235,Shelter,2002=100,17,units,0,v41691952,14.79,87.2,,,,1
1993-05,Ontario,2016A000235,Rented accommodation,2002=100,17,units,0,v41691953,14.80,85.7,,,,1
1993-05,Ontario,2016A000235,Rent,2002=100,17,units,0,v41691954,14.81,85.8,,,,1
1993-05,"Toronto, Ontario",2011S0503535,All-items,2002=100,17,units,0,v41692888,16.2,83.9,,,,1
1993-05,"Toronto, Ontario",2011S0503535,Shelter,2002=100,17,units,0,v41692889,16.79,86.6,,,,1
1993-05,"Toronto, Ontario",2011S0503535,Rented accommodation,2002=100,17,units,0,v41692890,16.80,83.7,,,,1
1993-06,Canada,2016A000011124,All-items,2002=100,17,units,0,v41690973,2.2,85.4,,,,1
1993-06,Canada,2016A000011124,Shelter,2002=100,17,units,0,v41691050,2.79,88.9,,,,1
1993-06,Canada,2016A000011124,Rented accommodation,2002=100,17,units,0,v41691051,2.80,88.2,,,,1
1993-06,Canada,2016A000011124,Rent,2002=100,17,units,0,v41691052,2.81,88.4,,,,1
1993-06,Ontario,2016A000235,All-items,2002=100,17,units,0,v41691919,14.2,84.6,,,,1
1993-06,Ontario,2016A000235,Shelter,2002=100,17,units,0,v41691952,14.79,87.3,,,,1
1993-06,Ontario,2016A000235,Rented accommodation,2002=100,17,units,0,v41691953,14.80,85.8,,,,1
1993-06,Ontario,2016A000235,Rent,2002=100,17,units,0,v41691954,14.81,86.0,,,,1
1993-06,"Toronto, Ontario",2011S0503535,All-items,2002=100,17,units,0,v41692888,16.2,84.1,,,,1
1993-06,"Toronto, Ontario",2011S0503535,Shelter,2002=100,17,units,0,v41692889,16.79,86.8,,,,1
1993-06,"Toronto, Ontario",2011S0503535,Rented accommodation,2002=100,17,units,0,v41692890,16.80,84.0,,,,1
1993-07,Canada,2016A000011124,All-items,2002=100,17,units,0,v41690973,2.2,85.6,,,,1
1993-07,Canada,2016A000011124,Shelter,2002=100,17,units,0,v41691050,2.79,88.9,,,,1
1993-07,Canada,2016A000011124,Rented accommodation,2002=100,17,units,0,v41691051,2.80,88.4,,,,1
1993-07,Canada,2016A000011124,Rent,2002=100,17,units,0,v41691052,2.81,88.5,,,,1
1993-07,Ontario,2016A000235,All-items,2002=100,17,units,0,v41691919,14.2,84.8,,,,1
1993-07,Ontario,2016A000235,Shelter,2002=100,17,units,0,v41691952,14.79,87.4,,,,1
1993-07,Ontario,2016A000235,Rented accommodation,2002=100,17,units,0,v41691953,14.80,86.0,,,,1
1993-07,Ontario,2016A000235,Rent,2002=100,17,units,0,v41691954,14.81,86.1,,,,1
1993-07,"Toronto, Ontario",2011S0503535,All-items,2002=100,17,units,0,v41692888,16.2,84.4,,,,1
1993-07,"Toronto, Ontario",2011S0503535,Shelter,2002=100,17,units,0,v41692889,16.79,87.0,,,,1
1993-07,"Toronto, Ontario",2011S0503535,Rented accommodation,2002=100,17,units,0,v41692890,16.80,84.1,,,,1
1993-08,Canada,2016A000011124,All-items,2002=100,17,units,0,v41690973,2.2,85.7,,,,1
1993-08,Canada,2016A000011124,Shelter,2002=100,17,units,0,v41691050,2.79,89.0,,,,1
1993-08,Canada,2016A000011124,Rented accommodation,2002=100,17,units,0,v41691051,2.80,88.7,,,,1
1993-08,Canada,2016A000011124,Rent,2002=100,17,units,0,v41691052,2.81,88.8,,,,1
1993-08,Ontario,2016A000235,All-items,2002=100,17,units,0,v41691919,14.2,84.8,,,,1
1993-08,Ontario,2016A000235,Shelter,2002=100,17,units,0,v41691952,14.79,87.2,,,,1
1993-08,Ontario,2016A000235,Rented accommodation,2002=100,17,units,0,v41691953,14.80,86.2,,,,1
1993-08,Ontario,2016A000235,Rent,2002=100,17,units,0,v41691954,14.81,86.3,,,,1
1993-08,"Toronto, Ontario",2011S0503535,All-items,2002=100,17,units,0,v41692888,16.2,84.4,,,,1
1993-08,"Toronto, Ontario",2011S0503535,Shelter,2002=100,17,units,0,v41692889,16.79,86.8,,,,1
1993-08,"Toronto, Ontario",2011S0503535,Rented accommodation,2002=100,17,units,0,v41692890,16.80,84.3,,,,1
1993-09,Canada,2016A000011124,All-items,2002=100,17,units,0,v41690973,2.2,85.7,,,,1
1993-09,Canada,2016A000011124,Shelter,2002=100,17,units,0,v41691050,2.79,89.0,,,,1
1993-09,Canada,2016A000011124,Rented accommodation,2002=100,17,units,0,v41691051,2.80,88.8,,,,1
1993-09,Canada,2016A000011124,Rent,2002=100,17,units,0,v41691052,2.81,88.9,,,,1
1993-09,Ontario,2016A000235,All-items,2002=100,17,units,0,v41691919,14.2,84.9,,,,1
1993-09,Ontario,2016A000235,Shelter,2002=100,17,units,0,v41691952,14.79,87.4,,,,1
1993-09,Ontario,2016A000235,Rented accommodation,2002=100,17,units,0,v41691953,14.80,86.4,,,,1
1993-09,Ontario,2016A000235,Rent,2002=100,17,units,0,v41691954,14.81,86.5,,,,1
1993-09,"Toronto, Ontario",2011S0503535,All-items,2002=100,17,units,0,v41692888,16.2,84.5,,,,1
1993-09,"Toronto, Ontario",2011S0503535,Shelter,2002=100,17,units,0,v41692889,16.79,87.0,,,,1
1993-09,"Toronto, Ontario",2011S0503535,Rented accommodation,2002=100,17,units,0,v41692890,16.80,84.5,,,,1
1993-10,Canada,2016A000011124,All-items,2002=100,17,units,0,v41690973,2.2,85.9,,,,1
1993-10,Canada,2016A000011124,Shelter,2002=100,17,units,0,v41691050,2.79,89.4,,,,1
1993-10,Canada,2016A000011124,Rented accommodation,2002=100,17,units,0,v41691051,2.80,89.0,,,,1
1993-10,Canada,2016A000011124,Rent,2002=100,17,units,0,v41691052,2.81,89.1,,,,1
1993-10,Ontario,2016A000235,All-items,2002=100,17,units,0,v41691919,14.2,85.1,,,,1
1993-10,Ontario,2016A000235,Shelter,2002=100,17,units,0,v41691952,14.79,88.0,,,,1
1993-10,Ontario,2016A000235,Rented accommodation,2002=100,17,units,0,v41691953,14.80,86.6,,,,1
1993-10,Ontario,2016A000235,Rent,2002=100,17,units,0,v41691954,14.81,86.7,,,,1
1993-10,"Toronto, Ontario",2011S0503535,All-items,2002=100,17,units,0,v41692888,16.2,84.7,,,,1
1993-10,"Toronto, Ontario",2011S0503535,Shelter,2002=100,17,units,0,v41692889,16.79,87.5,,,,1
1993-10,"Toronto, Ontario",2011S0503535,Rented accommodation,2002=100,17,units,0,v41692890,16.80,84.7,,,,1
1993-11,Canada,2016A000011124,All-items,2002=100,17,units,0,v41690973,2.2,86.3,,,,1
1993-11,Canada,2016A000011124,Shelter,2002=100,17,units,0,v41691050,2.79,89.5,,,,1
1993-11,Canada,2016A000011124,Rented accommodation,2002=100,17,units,0,v41691051,2.80,89.2,,,,1
1993-11,Canada,2016A000011124,Rent,2002=100,17,units,0,v41691052,2.81,89.2,,,,1
1993-11,Ontario,2016A000235,All-items,2002=100,17,units,0,v41691919,14.2,85.3,,,,1
1993-11,Ontario,2016A000235,Shelter,2002=100,17,units,0,v41691952,14.79,87.9,,,,1
1993-11,Ontario,2016A000235,Rented accommodation,2002=100,17,units,0,v41691953,14.80,86.8,,,,1
1993-11,Ontario,2016A000235,Rent,2002=100,17,units,0,v41691954,14.81,86.9,,,,1
1993-11,"Toronto, Ontario",2011S0503535,All-items,2002=100,17,units,0,v41692888,16.2,84.8,,,,1
1993-11,"Toronto, Ontario",2011S0503535,Shelter,2002=100,17,units,0,v41692889,16.79,87.3,,,,1
1993-11,"Toronto, Ontario",2011S0503535,Rented accommodation,2002=100,17,units,0,v41692890,16.80,84.9,,,,1
1993-12,Canada,2016A000011124,All-items,2002=100,17,units,0,v41690973,2.2,86.1,,,,1
1993-12,Canada,2016A000011124,Shelter,2002=100,17,units,0,v41691050,2.79,89.6,,,,1
1993-12,Canada,2016A000011124,Rented accommodation,2002=100,17,units,0,v41691051,2.80,89.3,,,,1
1993-12,Canada,2016A000011124,Rent,2002=100,17,units,0,v41691052,2.81,89.4,,,,1
1993-12,Ontario,2016A000235,All-items,2002=100,17,units,0,v41691919,14.2,85.3,,,,1
1993-12,Ontario,2016A000235,Shelter,2002=100,17,units,0,v41691952,14.79,88.0,,,,1
1993-12,Ontario,2016A000235,Rented accommodation,2002=100,17,units,0,v41691953,14.80,87.0,,,,1
1993-12,Ontario,2016A000235,Rent,2002=100,17,units,0,v41691954,14.81,87.1,,,,1
1993-12,"Toronto, Ontario",2011S0503535,All-items,2002=100,17,units,0,v41692888,16.2,84.8,,,,1
1993-12,"Toronto, Ontario",2011S0503535,Shelter,2002=100,17,units,0,v41692889,16.79,87.5,,,,1
1993-12,"Toronto, Ontario",2011S0503535,Rented accommodation,2002=100,17,units,0,v41692890,16.80,85.2,,,,1
1994-01,Canada,2016A000011124,All-items,2002=100,17,units,0,v41690973,2.2,86.1,,,,1
1994-01,Canada,2016A000011124,Shelter,2002=100,17,units,0,v41691050,2.79,89.5,,,,1
1994-01,Canada,2016A000011124,Rented accommodation,2002=100,17,units,0,v41691051,2.80,89.3,,,,1
1994-01,Canada,2016A000011124,Rent,2002=100,17,units,0,v41691052,2.81,89.5,,,,1
1994-01,Ontario,2016A000235,All-items,2002=100,17,units,0,v41691919,14.2,85.1,,,,1
1994-01,Ontario,2016A000235,Shelter,2002=100,17,units,0,v41691952,14.79,87.8,,,,1
1994-01,Ontario,2016A000235,Rented accommodation,2002=100,17,units,0,v41691953,14.80,87.2,,,,1
1994-01,Ontario,2016A000235,Rent,2002=100,17,units,0,v41691954,14.81,87.3,,,,1
1994-01,"Toronto, Ontario",2011S0503535,All-items,2002=100,17,units,0,v41692888,16.2,84.7,,,,1
1994-01,"Toronto, Ontario",2011S0503535,Shelter,2002=100,17,units,0,v41692889,16.79,87.3,,,,1
1994-01,"Toronto, Ontario",2011S0503535,Rented accommodation,2002=100,17,units,0,v41692890,16.80,85.2,,,,1
1994-02,Canada,2016A000011124,All-items,2002=100,17,units,0,v41690973,2.2,85.4,,,,1
1994-02,Canada,2016A000011124,Shelter,2002=100,17,units,0,v41691050,2.79,89.5,,,,1
1994-02,Canada,2016A000011124,Rented accommodation,2002=100,17,units,0,v41691051,2.80,89.4,,,,1
1994-02,Canada,2016A000011124,Rent,2002=100,17,units,0,v41691052,2.81,89.5,,,,1
1994-02,Ontario,2016A000235,All-items,2002=100,17,units,0,v41691919,14.2,84.6,,,,1
1994-02,Ontario,2016A000235,Shelter,2002=100,17,units,0,v41691952,14.79,87.8,,,,1
1994-02,Ontario,2016A000235,Rented accommodation,2002=100,17,units,0,v41691953,14.80,87.3,,,,1
1994-02,Ontario,2016A000235,Rent,2002=100,17,units,0,v41691954,14.81,87.3,,,,1
1994-02,"Toronto, Ontario",2011S0503535,All-items,2002=100,17,units,0,v41692888,16.2,84.3,,,,1
1994-02,"Toronto, Ontario",2011S0503535,Shelter,2002=100,17,units,0,v41692889,16.79,87.4,,,,1
1994-02,"Toronto, Ontario",2011S0503535,Rented accommodation,2002=100,17,units,0,v41692890,16.80,85.4,,,,1
1994-03,Canada,2016A000011124,All-items,2002=100,17,units,0,v41690973,2.2,85.4,,,,1
1994-03,Canada,2016A000011124,Shelter,2002=100,17,units,0,v41691050,2.79,89.4,,,,1
1994-03,Canada,2016A000011124,Rented accommodation,2002=100,17,units,0,v41691051,2.80,89.5,,,,1
1994-03,Canada,2016A000011124,Rent,2002=100,17,units,0,v41691052,2.81,89.6,,,,1
1994-03,Ontario,2016A000235,All-items,2002=100,17,units,0,v41691919,14.2,84.3,,,,1
1994-03,Ontario,2016A000235,Shelter,2002=100,17,units,0,v41691952,14.79,87.7,,,,1
1994-03,Ontario,2016A000235,Rented accommodation,2002=100,17,units,0,v41691953,14.80,87.4,,,,1
1994-03,Ontario,2016A000235,Rent,2002=100,17,units,0,v41691954,14.81,87.5,,,,1
1994-03,"Toronto, Ontario",2011S0503535,All-items,2002=100,17,units,0,v41692888,16.2,84.1,,,,1
1994-03,"Toronto, Ontario",2011S0503535,Shelter,2002=100,17,units,0,v41692889,16.79,87.2,,,,1
1994-03,"Toronto, Ontario",2011S0503535,Rented accommodation,2002=100,17,units,0,v41692890,16.80,85.4,,,,1
1994-04,Canada,2016A000011124,All-items,2002=100,17,units,0,v41690973,2.2,85.4,,,,1
1994-04,Canada,2016A000011124,Shelter,2002=100,17,units,0,v41691050,2.79,88.9,,,,1
1994-04,Canada,2016A000011124,Rented accommodation,2002=100,17,units,0,v41691051,2.80,89.5,,,,1
1994-04,Canada,2016A000011124,Rent,2002=100,17,units,0,v41691052,2.81,89.8,,,,1
1994-04,Ontario,2016A000235,All-items,2002=100,17,units,0,v41691919,14.2,84.5,,,,1
1994-04,Ontario,2016A000235,Shelter,2002=100,17,units,0,v41691952,14.79,87.2,,,,1
1994-04,Ontario,2016A000235,Rented accommodation,2002=100,17,units,0,v41691953,14.80,87.4,,,,1
1994-04,Ontario,2016A000235,Rent,2002=100,17,units,0,v41691954,14.81,87.6,,,,1
1994-04,"Toronto, Ontario",2011S0503535,All-items,2002=100,17,units,0,v41692888,16.2,84.1,,,,1
1994-04,"Toronto, Ontario",2011S0503535,Shelter,2002=100,17,units,0,v41692889,16.79,86.6,,,,1
1994-04,"Toronto, Ontario",2011S0503535,Rented accommodation,2002=100,17,units,0,v41692890,16.80,85.5,,,,1
1994-05,Canada,2016A000011124,All-items,2002=100,17,units,0,v41690973,2.2,85.2,,,,1
1994-05,Canada,2016A000011124,Shelter,2002=100,17,units,0,v41691050,2.79,89.0,,,,1
1994-05,Canada,2016A000011124,Rented accommodation,2002=100,17,units,0,v41691051,2.80,89.7,,,,1
1994-05,Canada,2016A000011124,Rent,2002=100,17,units,0,v41691052,2.81,89.9,,,,1
1994-05,Ontario,2016A000235,All-items,2002=100,17,units,0,v41691919,14.2,84.3,,,,1
1994-05,Ontario,2016A000235,Shelter,2002=100,17,units,0,v41691952,14.79,87.2,,,,1
1994-05,Ontario,2016A000235,Rented accommodation,2002=100,17,units,0,v41691953,14.80,87.4,,,,1
1994-05,Ontario,2016A000235,Rent,2002=100,17,units,0,v41691954,14.81,87.6,,,,1
1994-05,"Toronto, Ontario",2011S0503535,All-items,2002=100,17,units,0,v41692888,16.2,83.9,,,,1
1994-05,"Toronto, Ontario",2011S0503535,Shelter,2002=100,17,units,0,v41692889,16.79,86.7,,,,1
1994-05,"Toronto, Ontario",2011S0503535,Rented accommodation,2002=100,17,units,0,v41692890,16.80,85.6,,,,1
1994-06,Canada,2016A000011124,All-items,2002=100,17,units,0,v41690973,2.2,85.4,,,,1
1994-06,Canada,2016A000011124,Shelter,2002=100,17,units,0,v41691050,2.79,89.2,,,,1
1994-06,Canada,2016A000011124,Rented accommodation,2002=100,17,units,0,v41691051,2.80,89.8,,,,1
1994-06,Canada,2016A000011124,Rent,2002=100,17,units,0,v41691052,2.81,89.9,,,,1
1994-06,Ontario,2016A000235,All-items,2002=100,17,units,0,v41691919,14.2,84.3,,,,1
1994-06,Ontario,2016A000235,Shelter,2002=100,17,units,0,v41691952,14.79,87.4,,,,1
1994-06,Ontario,2016A000235,Rented accommodation,2002=100,17,units,0,v41691953,14.80,87.6,,,,1
1994-06,Ontario,2016A000235,Rent,2002=100,17,units,0,v41691954,14.81,87.8,,,,1
1994-06,"Toronto, Ontario",2011S0503535,All-items,2002=100,17,units,0,v41692888,16.2,83.9,,,,1
1994-06,"Toronto, Ontario",2011S0503535,Shelter,2002=100,17,units,0,v41692889,16.79,86.9,,,,1
1994-06,"Toronto, Ontario",2011S0503535,Rented accommodation,2002=100,17,units,0,v41692890,16.80,85.7,,,,1
1994-07,Canada,2016A000011124,All-items,2002=100,17,units,0,v41690973,2.2,85.7,,,,1
1994-07,Canada,2016A000011124,Shelter,2002=100,17,units,0,v41691050,2.79,89.2,,,,1
1994-07,Canada,2016A000011124,Rented accommodation,2002=100,17,units,0,v41691051,2.80,89.9,,,,1
1994-07,Canada,2016A000011124,Rent,2002=100,17,units,0,v41691052,2.81,90.0,,,,1
1994-07,Ontario,2016A000235,All-items,2002=100,17,units,0,v41691919,14.2,84.8,,,,1
1994-07,Ontario,2016A000235,Shelter,2002=100,17,units,0,v41691952,14.79,87.4,,,,1
1994-07,Ontario,2016A000235,Rented accommodation,2002=100,17,units,0,v41691953,14.80,87.8,,,,1
1994-07,Ontario,2016A000235,Rent,2002=100,17,units,0,v41691954,14.81,87.8,,,,1
1994-07,"Toronto, Ontario",2011S0503535,All-items,2002=100,17,units,0,v41692888,16.2,84.4,,,,1
1994-07,"Toronto, Ontario",2011S0503535,Shelter,2002=100,17,units,0,v41692889,16.79,86.9,,,,1
1994-07,"Toronto, Ontario",2011S0503535,Rented accommodation,2002=100,17,units,0,v41692890,16.80,85.8,,,,1
1994-08,Canada,2016A000011124,All-items,2002=100,17,units,0,v41690973,2.2,85.8,,,,1
1994-08,Canada,2016A000011124,Shelter,2002=100,17,units,0,v41691050,2.79,89.4,,,,1
1994-08,Canada,2016A000011124,Rented accommodation,2002=100,17,units,0,v41691051,2.80,90.0,,,,1
1994-08,Canada,2016A000011124,Rent,2002=100,17,units,0,v41691052,2.81,90.2,,,,1
1994-08,Ontario,2016A000235,All-items,2002=100,17,units,0,v41691919,14.2,84.8,,,,1
1994-08,Ontario,2016A000235,Shelter,2002=100,17,units,0,v41691952,14.79,87.7,,,,1
1994-08,Ontario,2016A000235,Rented accommodation,2002=100,17,units,0,v41691953,14.80,87.9,,,,1
1994-08,Ontario,2016A000235,Rent,2002=100,17,units,0,v41691954,14.81,88.1,,,,1
1994-08,"Toronto, Ontario",2011S0503535,All-items,2002=100,17,units,0,v41692888,16.2,84.5,,,,1
1994-08,"Toronto, Ontario",2011S0503535,Shelter,2002=100,17,units,0,v41692889,16.79,87.1,,,,1
1994-08,"Toronto, Ontario",2011S0503535,Rented accommodation,2002=100,17,units,0,v41692890,16.80,86.0,,,,1
1994-09,Canada,2016A000011124,All-items,2002=100,17,units,0,v41690973,2.2,85.9,,,,1
1994-09,Canada,2016A000011124,Shelter,2002=100,17,units,0,v41691050,2.79,89.4,,,,1
1994-09,Canada,2016A000011124,Rented accommodation,2002=100,17,units,0,v41691051,2.80,90.2,,,,1
1994-09,Canada,2016A000011124,Rent,2002=100,17,units,0,v41691052,2.81,90.4,,,,1
1994-09,Ontario,2016A000235,All-items,2002=100,17,units,0,v41691919,14.2,84.8,,,,1
1994-09,Ontario,2016A000235,Shelter,2002=100,17,units,0,v41691952,14.79,87.8,,,,1
1994-09,Ontario,2016A000235,Rented accommodation,2002=100,17,units,0,v41691953,14.80,88.0,,,,1
1994-09,Ontario,2016A000235,Rent,2002=100,17,units,0,v41691954,14.81,88.2,,,,1
1994-09,"Toronto, Ontario",2011S0503535,All-items,2002=100,17,units,0,v41692888,16.2,84.5,,,,1
1994-09,"Toronto, Ontario",2011S0503535,Shelter,2002=100,17,units,0,v41692889,16.79,87.3,,,,1
1994-09,"Toronto, Ontario",2011S0503535,Rented accommodation,2002=100,17,units,0,v41692890,16.80,86.1,,,,1
1994-10,Canada,2016A000011124,All-items,2002=100,17,units,0,v41690973,2.2,85.7,,,,1
1994-10,Canada,2016A000011124,Shelter,2002=100,17,units,0,v41691050,2.79,89.7,,,,1
1994-10,Canada,2016A000011124,Rented accommodation,2002=100,17,units,0,v41691051,2.80,90.2,,,,1
1994-10,Canada,2016A000011124,Rent,2002=100,17,units,0,v41691052,2.81,90.5,,,,1
1994-10,Ontario,2016A000235,All-items,2002=100,17,units,0,v41691919,14.2,84.8,,,,1
1994-10,Ontario,2016A000235,Shelter,2002=100,17,units,0,v41691952,14.79,87.9,,,,1
1994-10,Ontario,2016A000235,Rented accommodation,2002=100,17,units,0,v41691953,14.80,88.1,,,,1
1994-10,Ontario,2016A000235,Rent,2002=100,17,units,0,v41691954,14.81,88.3,,,,1
1994-10,"Toronto, Ontario",2011S0503535,All-items,2002=100,17,units,0,v41692888,16.2,84.3,,,,1
1994-10,"Toronto, Ontario",2011S0503535,Shelter,2002=100,17,units,0,v41692889,16.79,87.4,,,,1
1994-10,"Toronto, Ontario",2011S0503535,Rented accommodation,2002=100,17,units,0,v41692890,16.80,86.3,,,,1
1994-11,Canada,2016A000011124,All-items,2002=100,17,units,0,v41690973,2.2,86.2,,,,1
1994-11,Canada,2016A000011124,Shelter,2002=100,17,units,0,v41691050,2.79,89.8,,,,1
1994-11,Canada,2016A000011124,Rented accommodation,2002=100,17,units,0,v41691051,2.80,90.5,,,,1
1994-11,Canada,2016A000011124,Rent,2002=100,17,units,0,v41691052,2.81,90.7,,,,1
1994-11,Ontario,2016A000235,All-items,2002=100,17,units,0,v41691919,14.2,85.2,,,,1
1994-11,Ontario,2016A000235,Shelter,2002=100,17,units,0,v41691952,14.79,87.9,,,,1
1994-11,Ontario,2016A000235,Rented accommodation,2002=100,17,units,0,v41691953,14.80,88.4,,,,1
1994-11,Ontario,2016A000235,Rent,2002=100,17,units,0,v41691954,14.81,88.6,,,,1
1994-11,"Toronto, Ontario",2011S0503535,All-items,2002=100,17,units,0,v41692888,16.2,84.8,,,,1
1994-11,"Toronto, Ontario",2011S0503535,Shelter,2002=100,17,units,0,v41692889,16.79,87.4,,,,1
1994-11,"Toronto, Ontario",2011S0503535,Rented accommodation,2002=100,17,units,0,v41692890,16.80,86.5,,,,1
1994-12,Canada,2016A000011124,All-items,2002=100,17,units,0,v41690973,2.2,86.3,,,,1
1994-12,Canada,2016A000011124,Shelter,2002=100,17,units,0,v41691050,2.79,90.1,,,,1
1994-12,Canada,2016A000011124,Rented accommodation,2002=100,17,units,0,v41691051,2.80,90.6,,,,1
1994-12,Canada,2016A000011124,Rent,2002=100,17,units,0,v41691052,2.81,90.8,,,,1
1994-12,Ontario,2016A000235,All-items,2002=100,17,units,0,v41691919,14.2,85.4,,,,1
1994-12,Ontario,2016A000235,Shelter,2002=100,17,units,0,v41691952,14.79,88.3,,,,1
1994-12,Ontario,2016A000235,Rented accommodation,2002=100,17,units,0,v41691953,14.80,88.5,,,,1
1994-12,Ontario,2016A000235,Rent,2002=100,17,units,0,v41691954,14.81,88.7,,,,1
1994-12,"Toronto, Ontario",2011S0503535,All-items,2002=100,17,units,0,v41692888,16.2,85.1,,,,1
1994-12,"Toronto, Ontario",2011S0503535,Shelter,2002=100,17,units,0,v41692889,16.79,87.7,,,,1
1994-12,"Toronto, Ontario",2011S0503535,Rented accommodation,2002=100,17,units,0,v41692890,16.80,86.6,,,,1
1995-01,Canada,2016A000011124,All-items,2002=100,17,units,0,v41690973,2.2,86.6,,,,1
1995-01,Canada,2016A000011124,Shelter,2002=100,17,units,0,v41691050,2.79,90.2,,,,1
1995-01,Canada,2016A000011124,Rented accommodation,2002=100,17,units,0,v41691051,2.80,90.6,,,,1
1995-01,Canada,2016A000011124,Rent,2002=100,17,units,0,v41691052,2.81,90.9,,,,1
1995-01,Ontario,2016A000235,All-items,2002=100,17,units,0,v41691919,14.2,85.9,,,,1
1995-01,Ontario,2016A000235,Shelter,2002=100,17,units,0,v41691952,14.79,88.5,,,,1
1995-01,Ontario,2016A000235,Rented accommodation,2002=100,17,units,0,v41691953,14.80,88.6,,,,1
1995-01,Ontario,2016A000235,Rent,2002=100,17,units,0,v41691954,14.81,88.9,,,,1
1995-01,"Toronto, Ontario",2011S0503535,All-items,2002=100,17,units,0,v41692888,16.2,85.7,,,,1
1995-01,"Toronto, Ontario",2011S0503535,Shelter,2002=100,17,units,0,v41692889,16.79,87.9,,,,1
1995-01,"Toronto, Ontario",2011S0503535,Rented accommodation,2002=100,17,units,0,v41692890,16.80,86.8,,,,1
1995-02,Canada,2016A000011124,All-items,2002=100,17,units,0,v41690973,2.2,87.0,,,,1
1995-02,Canada,2016A000011124,Shelter,2002=100,17,units,0,v41691050,2.79,90.2,,,,1
1995-02,Canada,2016A000011124,Rented accommodation,2002=100,17,units,0,v41691051,2.80,90.7,,,,1
1995-02,Canada,2016A000011124,Rent,2002=100,17,units,0,v41691052,2.81,91.0,,,,1
1995-02,Ontario,2016A000235,All-items,2002=100,17,units,0,v41691919,14.2,86.3,,,,1
1995-02,Ontario,2016A000235,Shelter,2002=100,17,units,0,v41691952,14.79,88.7,,,,1
1995-02,Ontario,2016A000235,Rented accommodation,2002=100,17,units,0,v41691953,14.80,88.9,,,,1
1995-02,Ontario,2016A000235,Rent,2002=100,17,units,0,v41691954,14.81,89.0,,,,1
1995-02,"Toronto, Ontario",2011S0503535,All-items,2002=100,17,units,0,v41692888,16.2,86.0,,,,1
1995-02,"Toronto, Ontario",2011S0503535,Shelter,2002=100,17,units,0,v41692889,16.79,88.2,,,,1
1995-02,"Toronto, Ontario",2011S0503535,Rented accommodation,2002=100,17,units,0,v41692890,16.80,86.9,,,,1
1995-03,Canada,2016A000011124,All-items,2002=100,17,units,0,v41690973,2.2,87.2,,,,1
1995-03,Canada,2016A000011124,Shelter,2002=100,17,units,0,v41691050,2.79,90.3,,,,1
1995-03,Canada,2016A000011124,Rented accommodation,2002=100,17,units,0,v41691051,2.80,90.8,,,,1
1995-03,Canada,2016A000011124,Rent,2002=100,17,units,0,v41691052,2.81,91.1,,,,1
1995-03,Ontario,2016A000235,All-items,2002=100,17,units,0,v41691919,14.2,86.6,,,,1
1995-03,Ontario,2016A000235,Shelter,2002=100,17,units,0,v41691952,14.79,88.8,,,,1
1995-03,Ontario,2016A000235,Rented accommodation,2002=100,17,units,0,v41691953,14.80,88.9,,,,1
1995-03,Ontario,2016A000235,Rent,2002=100,17,units,0,v41691954,14.81,89.1,,,,1
1995-03,"Toronto, Ontario",2011S0503535,All-items,2002=100,17,units,0,v41692888,16.2,86.1,,,,1
1995-03,"Toronto, Ontario",2011S0503535,Shelter,2002=100,17,units,0,v41692889,16.79,88.4,,,,1
1995-03,"Toronto, Ontario",2011S0503535,Rented accommodation,2002=100,17,units,0,v41692890,16.80,87.0,,,,1
1995-04,Canada,2016A000011124,All-items,2002=100,17,units,0,v41690973,2.2,87.5,,,,1
1995-04,Canada,2016A000011124,Shelter,2002=100,17,units,0,v41691050,2.79,90.1,,,,1
1995-04,Canada,2016A000011124,Rented accommodation,2002=100,17,units,0,v41691051,2.80,90.9,,,,1
1995-04,Canada,2016A000011124,Rent,2002=100,17,units,0,v41691052,2.81,91.2,,,,1
1995-04,Ontario,2016A000235,All-items,2002=100,17,units,0,v41691919,14.2,86.7,,,,1
1995-04,Ontario,2016A000235,Shelter,2002=100,17,units,0,v41691952,14.79,88.5,,,,1
1995-04,Ontario,2016A000235,Rented accommodation,2002=100,17,units,0,v41691953,14.80,88.9,,,,1
1995-04,Ontario,2016A000235,Rent,2002=100,17,units,0,v41691954,14.81,89.2,,,,1
1995-04,"Toronto, Ontario",2011S0503535,All-items,2002=100,17,units,0,v41692888,16.2,86.2,,,,1
1995-04,"Toronto, Ontario",2011S0503535,Shelter,2002=100,17,units,0,v41692889,16.79,87.9,,,,1
1995-04,"Toronto, Ontario",2011S0503535,Rented accommodation,2002=100,17,units,0,v41692890,16.80,87.1,,,,1
1995-05,Canada,2016A000011124,All-items,2002=100,17,units,0,v41690973,2.2,87.7,,,,1
1995-05,Canada,2016A000011124,Shelter,2002=100,17,units,0,v41691050,2.79,90.3,,,,1
1995-05,Canada,2016A000011124,Rented accommodation,2002=100,17,units,0,v41691051,2.80,91.1,,,,1
1995-05,Canada,2016A000011124,Rent,2002=100,17,units,0,v41691052,2.81,91.3,,,,1
1995-05,Ontario,2016A000235,All-items,2002=100,17,units,0,v41691919,14.2,86.9,,,,1
1995-05,Ontario,2016A000235,Shelter,2002=100,17,units,0,v41691952,14.79,88.8,,,,1
1995-05,Ontario,2016A000235,Rented accommodation,2002=100,17,units,0,v41691953,14.80,89.2,,,,1
1995-05,Ontario,2016A000235,Rent,2002=100,17,units,0,v41691954,14.81,89.3,,,,1
1995-05,"Toronto, Ontario",2011S0503535,All-items,2002=100,17,units,0,v41692888,16.2,86.6,,,,1
1995-05,"Toronto, Ontario",2011S0503535,Shelter,2002=100,17,units,0,v41692889,16.79,88.3,,,,1
1995-05,"Toronto, Ontario",2011S0503535,Rented accommodation,2002=100,17,units,0,v41692890,16.80,87.4,,,,1
1995-06,Canada,2016A000011124,All-items,2002=100,17,units,0,v41690973,2.2,87.7,,,,1
1995-06,Canada,2016A000011124,Shelter,2002=100,17,units,0,v41691050,2.79,90.5,,,,1
1995-06,Canada,2016A000011124,Rented accommodation,2002=100,17,units,0,v41691051,2.80,91.2,,,,1
1995-06,Canada,2016A000011124,Rent,2002=100,17,units,0,v41691052,2.81,91.3,,,,1
1995-06,Ontario,2016A000235,All-items,2002=100,17,units,0,v41691919,14.2,87.0,,,,1
1995-06,Ontario,2016A000235,Shelter,2002=100,17,units,0,v41691952,14.79,88.8,,,,1
1995-06,Ontario,2016A000235,Rented accommodation,2002=100,17,units,0,v41691953,14.80,89.3,,,,1
1995-06,Ontario,2016A000235,Rent,2002=100,17,units,0,v41691954,14.81,89.4,,,,1
1995-06,"Toronto, Ontario",2011S0503535,All-items,2002=100,17,units,0,v41692888,16.2,86.7,,,,1
1995-06,"Toronto, Ontario",2011S0503535,Shelter,2002=100,17,units,0,v41692889,16.79,88.3,,,,1
1995-06,"Toronto, Ontario",2011S0503535,Rented accommodation,2002=100,17,units,0,v41692890,16.80,87.5,,,,1
1995-07,Canada,2016A000011124,All-items,2002=100,17,units,0,v41690973,2.2,87.9,,,,1
1995-07,Canada,2016A000011124,Shelter,2002=100,17,units,0,v41691050,2.79,90.5,,,,1
1995-07,Canada,2016A000011124,Rented accommodation,2002=100,17,units,0,v41691051,2.80,91.2,,,,1
1995-07,Canada,2016A000011124,Rent,2002=100,17,units,0,v41691052,2.81,91.4,,,,1
1995-07,Ontario,2016A000235,All-items,2002=100,17,units,0,v41691919,14.2,87.1,,,,1
1995-07,Ontario,2016A000235,Shelter,2002=100,17,units,0,v41691952,14.79,88.7,,,,1
1995-07,Ontario,2016A000235,Rented accommodation,2002=100,17,units,0,v41691953,14.80,89.4,,,,1
1995-07,Ontario,2016A000235,Rent,2002=100,17,units,0,v41691954,14.81,89.5,,,,1
1995-07,"Toronto, Ontario",2011S0503535,All-items,2002=100,17,units,0,v41692888,16.2,86.7,,,,1
1995-07,"Toronto, Ontario",2011S0503535,Shelter,2002=100,17,units,0,v41692889,16.79,88.2,,,,1
1995-07,"Toronto, Ontario",2011S0503535,Rented accommodation,2002=100,17,units,0,v41692890,16.80,87.5,,,,1
1995-08,Canada,2016A000011124,All-items,2002=100,17,units,0,v41690973,2.2,87.7,,,,1
1995-08,Canada,2016A000011124,Shelter,2002=100,17,units,0,v41691050,2.79,90.5,,,,1
1995-08,Canada,2016A000011124,Rented accommodation,2002=100,17,units,0,v41691051,2.80,91.3,,,,1
1995-08,Canada,2016A000011124,Rent,2002=100,17,units,0,v41691052,2.81,91.6,,,,1
1995-08,Ontario,2016A000235,All-items,2002=100,17,units,0,v41691919,14.2,87.0,,,,1
1995-08,Ontario,2016A000235,Shelter,2002=100,17,units,0,v41691952,14.79,88.7,,,,1
1995-08,Ontario,2016A000235,Rented accommodation,2002=100,17,units,0,v41691953,14.80,89.5,,,,1
1995-08,Ontario,2016A000235,Rent,2002=100,17,units,0,v41691954,14.81,89.6,,,,1
1995-08,"Toronto, Ontario",2011S0503535,All-items,2002=100,17,units,0,v41692888,16.2,86.5,,,,1
1995-08,"Toronto, Ontario",2011S0503535,Shelter,2002=100,17,units,0,v41692889,16.79,88.3,,,,1
1995-08,"Toronto, Ontario",2011S0503535,Rented accommodation,2002=100,17,units,0,v41692890,16.80,87.7,,,,1
1995-09,Canada,2016A000011124,All-items,2002=100,17,units,0,v41690973,2.2,87.8,,,,1
1995-09,Canada,2016A000011124,Shelter,2002=100,17,units,0,v41691050,2.79,90.5,,,,1
1995-09,Canada,2016A000011124,Rented accommodation,2002=100,17,units,0,v41691051,2.80,91.5,,,,1
1995-09,Canada,2016A000011124,Rent,2002=100,17,units,0,v41691052,2.81,91.7,,,,1
1995-09,Ontario,2016A000235,All-items,2002=100,17,units,0,v41691919,14.2,87.2,,,,1
1995-09,Ontario,2016A000235,Shelter,2002=100,17,units,0,v41691952,14.79,88.7,,,,1
1995-09,Ontario,2016A000235,Rented accommodation,2002=100,17,units,0,v41691953,14.80,89.6,,,,1
1995-09,Ontario,2016A000235,Rent,2002=100,17,units,0,v41691954,14.81,89.8,,,,1
1995-09,"Toronto, Ontario",2011S0503535,All-items,2002=100,17,units,0,v41692888,16.2,86.8,,,,1
1995-09,"Toronto, Ontario",2011S0503535,Shelter,2002=100,17,units,0,v41692889,16.79,88.3,,,,1
1995-09,"Toronto, Ontario",2011S0503535,Rented accommodation,2002=100,17,units,0,v41692890,16.80,87.8,,,,1
1995-10,Canada,2016A000011124,All-items,2002=100,17,units,0,v41690973,2.2,87.7,,,,1
1995-10,Canada,2016A000011124,Shelter,2002=100,17,units,0,v41691050,2.79,90.4,,,,1
1995-10,Canada,2016A000011124,Rented accommodation,2002=100,17,units,0,v41691051,2.80,91.5,,,,1
1995-10,Canada,2016A000011124,Rent,2002=100,17,units,0,v41691052,2.81,91.9,,,,1
1995-10,Ontario,2016A000235,All-items,2002=100,17,units,0,v41691919,14.2,87.0,,,,1
1995-10,Ontario,2016A000235,Shelter,2002=100,17,units,0,v41691952,14.79,88.5,,,,1
1995-10,Ontario,2016A000235,Rented accommodation,2002=100,17,units,0,v41691953,14.80,89.5,,,,1
1995-10,Ontario,2016A000235,Rent,2002=100,17,units,0,v41691954,14.81,89.9,,,,1
1995-10,"Toronto, Ontario",2011S0503535,All-items,2002=100,17,units,0,v41692888,16.2,86.7,,,,1
1995-10,"Toronto, Ontario",2011S0503535,Shelter,2002=100,17,units,0,v41692889,16.79,88.1,,,,1
1995-10,"Toronto, Ontario",2011S0503535,Rented accommodation,2002=100,17,units,0,v41692890,16.80,87.8,,,,1
1995-11,Canada,2016A000011124,All-items,2002=100,17,units,0,v41690973,2.2,88.0,,,,1
1995-11,Canada,2016A000011124,Shelter,2002=100,17,units,0,v41691050,2.79,90.6,,,,1
1995-11,Canada,2016A000011124,Rented accommodation,2002=100,17,units,0,v41691051,2.80,91.6,,,,1
1995-11,Canada,2016A000011124,Rent,2002=100,17,units,0,v41691052,2.81,92.0,,,,1
1995-11,Ontario,2016A000235,All-items,2002=100,17,units,0,v41691919,14.2,87.2,,,,1
1995-11,Ontario,2016A000235,Shelter,2002=100,17,units,0,v41691952,14.79,88.7,,,,1
1995-11,Ontario,2016A000235,Rented accommodation,2002=100,17,units,0,v41691953,14.80,89.7,,,,1
1995-11,Ontario,2016A000235,Rent,2002=100,17,units,0,v41691954,14.81,89.9,,,,1
1995-11,"Toronto, Ontario",2011S0503535,All-items,2002=100,17,units,0,v41692888,16.2,86.8,,,,1
1995-11,"Toronto, Ontario",2011S0503535,Shelter,2002=100,17,units,0,v41692889,16.79,88.3,,,,1
1995-11,"Toronto, Ontario",2011S0503535,Rented accommodation,2002=100,17,units,0,v41692890,16.80,87.9,,,,1
1995-12,Canada,2016A000011124,All-items,2002=100,17,units,0,v41690973,2.2,87.8,,,,1
1995-12,Canada,2016A000011124,Shelter,2002=100,17,units,0,v41691050,2.79,90.6,,,,1
1995-12,Canada,2016A000011124,Rented accommodation,2002=100,17,units,0,v41691051,2.80,91.7,,,,1
1995-12,Canada,2016A000011124,Rent,2002=100,17,units,0,v41691052,2.81,92.0,,,,1
1995-12,Ontario,2016A000235,All-items,2002=100,17,units,0,v41691919,14.2,87.1,,,,1
1995-12,Ontario,2016A000235,Shelter,2002=100,17,units,0,v41691952,14.79,88.8,,,,1
1995-12,Ontario,2016A000235,Rented accommodation,2002=100,17,units,0,v41691953,14.80,89.8,,,,1
1995-12,Ontario,2016A000235,Rent,2002=100,17,units,0,v41691954,14.81,90.1,,,,1
1995-12,"Toronto, Ontario",2011S0503535,All-items,2002=100,17,units,0,v41692888,16.2,86.7,,,,1
1995-12,"Toronto, Ontario",2011S0503535,Shelter,2002=100,17,units,0,v41692889,16.79,88.6,,,,1
1995-12,"Toronto, Ontario",2011S0503535,Rented accommodation,2002=100,17,units,0,v41692890,16.80,88.0,,,,1
1996-01,Canada,2016A000011124,All-items,2002=100,17,units,0,v41690973,2.2,88.0,,,,1
1996-01,Canada,2016A000011124,Shelter,2002=100,17,units,0,v41691050,2.79,90.6,,,,1
1996-01,Canada,2016A000011124,Rented accommodation,2002=100,17,units,0,v41691051,2.80,91.8,,,,1
1996-01,Canada,2016A000011124,Rent,2002=100,17,units,0,v41691052,2.81,92.1,,,,1
1996-01,Ontario,2016A000235,All-items,2002=100,17,units,0,v41691919,14.2,87.2,,,,1
1996-01,Ontario,2016A000235,Shelter,2002=100,17,units,0,v41691952,14.79,88.8,,,,1
1996-01,Ontario,2016A000235,Rented accommodation,2002=100,17,units,0,v41691953,14.80,89.8,,,,1
1996-01,Ontario,2016A000235,Rent,2002=100,17,units,0,v41691954,14.81,90.2,,,,1
1996-01,"Toronto, Ontario",2011S0503535,All-items,2002=100,17,units,0,v41692888,16.2,86.9,,,,1
1996-01,"Toronto, Ontario",2011S0503535,Shelter,2002=100,17,units,0,v41692889,16.79,88.6,,,,1
1996-01,"Toronto, Ontario",2011S0503535,Rented accommodation,2002=100,17,units,0,v41692890,16.80,88.1,,,,1
1996-02,Canada,2016A000011124,All-items,2002=100,17,units,0,v41690973,2.2,88.1,,,,1
1996-02,Canada,2016A000011124,Shelter,2002=100,17,units,0,v41691050,2.79,90.6,,,,1
1996-02,Canada,2016A000011124,Rented accommodation,2002=100,17,units,0,v41691051,2.80,91.9,,,,1
1996-02,Canada,2016A000011124,Rent,2002=100,17,units,0,v41691052,2.81,92.2,,,,1
1996-02,Ontario,2016A000235,All-items,2002=100,17,units,0,v41691919,14.2,87.4,,,,1
1996-02,Ontario,2016A000235,Shelter,2002=100,17,units,0,v41691952,14.79,88.8,,,,1
1996-02,Ontario,2016A000235,Rented accommodation,2002=100,17,units,0,v41691953,14.80,89.9,,,,1
1996-02,Ontario,2016A000235,Rent,2002=100,17,units,0,v41691954,14.81,90.3,,,,1
1996-02,"Toronto, Ontario",2011S0503535,All-items,2002=100,17,units,0,v41692888,16.2,87.2,,,,1
1996-02,"Toronto, Ontario",2011S0503535,Shelter,2002=100,17,units,0,v41692889,16.79,88.6,,,,1
1996-02,"Toronto, Ontario",2011S0503535,Rented accommodation,2002=100,17,units,0,v41692890,16.80,88.2,,,,1
1996-03,Canada,2016A000011124,All-items,2002=100,17,units,0,v41690973,2.2,88.5,,,,1
1996-03,Canada,2016A000011124,Shelter,2002=100,17,units,0,v41691050,2.79,90.6,,,,1
1996-03,Canada,2016A000011124,Rented accommodation,2002=100,17,units,0,v41691051,2.80,91.9,,,,1
1996-03,Canada,2016A000011124,Rent,2002=100,17,units,0,v41691052,2.81,92.2,,,,1
1996-03,Ontario,2016A000235,All-items,2002=100,17,units,0,v41691919,14.2,87.7,,,,1
1996-03,Ontario,2016A000235,Shelter,2002=100,17,units,0,v41691952,14.79,88.7,,,,1
1996-03,Ontario,2016A000235,Rented accommodation,2002=100,17,units,0,v41691953,14.80,90.1,,,,1
1996-03,Ontario,2016A000235,Rent,2002=100,17,units,0,v41691954,14.81,90.4,,,,1
1996-03,"Toronto, Ontario",2011S0503535,All-items,2002=100,17,units,0,v41692888,16.2,87.5,,,,1
1996-03,"Toronto, Ontario",2011S0503535,Shelter,2002=100,17,units,0,v41692889,16.79,88.4,,,,1
1996-03,"Toronto, Ontario",2011S0503535,Rented accommodation,2002=100,17,units,0,v41692890,16.80,88.3,,,,1
1996-04,Canada,2016A000011124,All-items,2002=100,17,units,0,v41690973,2.2,88.7,,,,1
1996-04,Canada,2016A000011124,Shelter,2002=100,17,units,0,v41691050,2.79,90.5,,,,1
1996-04,Canada,2016A000011124,Rented accommodation,2002=100,17,units,0,v41691051,2.80,92.0,,,,1
1996-04,Canada,2016A000011124,Rent,2002=100,17,units,0,v41691052,2.81,92.3,,,,1
1996-04,Ontario,2016A000235,All-items,2002=100,17,units,0,v41691919,14.2,87.9,,,,1
1996-04,Ontario,2016A000235,Shelter,2002=100,17,units,0,v41691952,14.79,88.6,,,,1
1996-04,Ontario,2016A000235,Rented accommodation,2002=100,17,units,0,v41691953,14.80,90.2,,,,1
1996-04,Ontario,2016A000235,Rent,2002=100,17,units,0,v41691954,14.81,90.4,,,,1
1996-04,"Toronto, Ontario",2011S0503535,All-items,2002=100,17,units,0,v41692888,16.2,87.7,,,,1
1996-04,"Toronto, Ontario",2011S0503535,Shelter,2002=100,17,units,0,v41692889,16.79,88.2,,,,1
1996-04,"Toronto, Ontario",2011S0503535,Rented accommodation,2002=100,17,units,0,v41692890,16.80,88.4,,,,1
1996-05,Canada,2016A000011124,All-items,2002=100,17,units,0,v41690973,2.2,89.0,,,,1
1996-05,Canada,2016A000011124,Shelter,2002=100,17,units,0,v41691050,2.79,90.6,,,,1
1996-05,Canada,2016A000011124,Rented accommodation,2002=100,17,units,0,v41691051,2.80,92.2,,,,1
1996-05,Canada,2016A000011124,Rent,2002=100,17,units,0,v41691052,2.81,92.5,,,,1
1996-05,Ontario,2016A000235,All-items,2002=100,17,units,0,v41691919,14.2,88.1,,,,1
1996-05,Ontario,2016A000235,Shelter,2002=100,17,units,0,v41691952,14.79,88.7,,,,1
1996-05,Ontario,2016A000235,Rented accommodation,2002=100,17,units,0,v41691953,14.80,90.5,,,,1
1996-05,Ontario,2016A000235,Rent,2002=100,17,units,0,v41691954,14.81,90.6,,,,1
1996-05,"Toronto, Ontario",2011S0503535,All-items,2002=100,17,units,0,v41692888,16.2,87.8,,,,1
1996-05,"Toronto, Ontario",2011S0503535,Shelter,2002=100,17,units,0,v41692889,16.79,88.2,,,,1
1996-05,"Toronto, Ontario",2011S0503535,Rented accommodation,2002=100,17,units,0,v41692890,16.80,88.6,,,,1
1996-06,Canada,2016A000011124,All-items,2002=100,17,units,0,v41690973,2.2,89.0,,,,1
1996-06,Canada,2016A000011124,Shelter,2002=100,17,units,0,v41691050,2.79,90.4,,,,1
1996-06,Canada,2016A000011124,Rented accommodation,2002=100,17,units,0,v41691051,2.80,92.3,,,,1
1996-06,Canada,2016A000011124,Rent,2002=100,17,units,0,v41691052,2.81,92.6,,,,1
1996-06,Ontario,2016A000235,All-items,2002=100,17,units,0,v41691919,14.2,88.0,,,,1
1996-06,Ontario,2016A000235,Shelter,2002=100,17,units,0,v41691952,14.79,88.5,,,,1
1996-06,Ontario,2016A000235,Rented accommodation,2002=100,17,units,0,v41691953,14.80,90.5,,,,1
1996-06,Ontario,2016A000235,Rent,2002=100,17,units,0,v41691954,14.81,90.8,,,,1
1996-06,"Toronto, Ontario",2011S0503535,All-items,2002=100,17,units,0,v41692888,16.2,87.7,,,,1
1996-06,"Toronto, Ontario",2011S0503535,Shelter,2002=100,17,units,0,v41692889,16.79,88.1,,,,1
1996-06,"Toronto, Ontario",2011S0503535,Rented accommodation,2002=100,17,units,0,v41692890,16.80,88.8,,,,1
1996-07,Canada,2016A000011124,All-items,2002=100,17,units,0,v41690973,2.2,89.0,,,,1
1996-07,Canada,2016A000011124,Shelter,2002=100,17,units,0,v41691050,2.79,90.5,,,,1
1996-07,Canada,2016A000011124,Rented accommodation,2002=100,17,units,0,v41691051,2.80,92.4,,,,1
1996-07,Canada,2016A000011124,Rent,2002=100,17,units,0,v41691052,2.81,92.7,,,,1
1996-07,Ontario,2016A000235,All-items,2002=100,17,units,0,v41691919,14.2,88.1,,,,1
1996-07,Ontario,2016A000235,Shelter,2002=100,17,units,0,v41691952,14.79,88.5,,,,1
1996-07,Ontario,2016A000235,Rented accommodation,2002=100,17,units,0,v41691953,14.80,90.7,,,,1
1996-07,Ontario,2016A000235,Rent,2002=100,17,units,0,v41691954,14.81,90.9,,,,1
1996-07,"Toronto, Ontario",2011S0503535,All-items,2002=100,17,units,0,v41692888,16.2,87.7,,,,1
1996-07,"Toronto, Ontario",2011S0503535,Shelter,2002=100,17,units,0,v41692889,16.79,88.1,,,,1
1996-07,"Toronto, Ontario",2011S0503535,Rented accommodation,2002=100,17,units,0,v41692890,16.80,89.0,,,,1
1996-08,Canada,2016A000011124,All-items,2002=100,17,units,0,v41690973,2.2,89.0,,,,1
1996-08,Canada,2016A000011124,Shelter,2002=100,17,units,0,v41691050,2.79,90.3,,,,1
1996-08,Canada,2016A000011124,Rented accommodation,2002=100,17,units,0,v41691051,2.80,92.5,,,,1
1996-08,Canada,2016A000011124,Rent,2002=100,17,units,0,v41691052,2.81,92.8,,,,1
1996-08,Ontario,2016A000235,All-items,2002=100,17,units,0,v41691919,14.2,88.2,,,,1
1996-08,Ontario,2016A000235,Shelter,2002=100,17,units,0,v41691952,14.79,88.4,,,,1
1996-08,Ontario,2016A000235,Rented accommodation,2002=100,17,units,0,v41691953,14.80,90.8,,,,1
1996-08,Ontario,2016A000235,Rent,2002=100,17,units,0,v41691954,14.81,91.0,,,,1
1996-08,"Toronto, Ontario",2011S0503535,All-items,2002=100,17,units,0,v41692888,16.2,87.9,,,,1
1996-08,"Toronto, Ontario",2011S0503535,Shelter,2002=100,17,units,0,v41692889,16.79,88.0,,,,1
1996-08,"Toronto, Ontario",2011S0503535,Rented accommodation,2002=100,17,units,0,v41692890,16.80,89.1,,,,1
1996-09,Canada,2016A000011124,All-items,2002=100,17,units,0,v41690973,2.2,89.1,,,,1
1996-09,Canada,2016A000011124,Shelter,2002=100,17,units,0,v41691050,2.79,90.5,,,,1
1996-09,Canada,2016A000011124,Rented accommodation,2002=100,17,units,0,v41691051,2.80,92.7,,,,1
1996-09,Canada,2016A000011124,Rent,2002=100,17,units,0,v41691052,2.81,92.9,,,,1
1996-09,Ontario,2016A000235,All-items,2002=100,17,units,0,v41691919,14.2,88.2,,,,1
1996-09,Ontario,2016A000235,Shelter,2002=100,17,units,0,v41691952,14.79,88.5,,,,1
1996-09,Ontario,2016A000235,Rented accommodation,2002=100,17,units,0,v41691953,14.80,91.0,,,,1
1996-09,Ontario,2016A000235,Rent,2002=100,17,units,0,v41691954,14.81,91.1,,,,1
1996-09,"Toronto, Ontario",2011S0503535,All-items,2002=100,17,units,0,v41692888,16.2,88.2,,,,1
1996-09,"Toronto, Ontario",2011S0503535,Shelter,2002=100,17,units,0,v41692889,16.79,88.1,,,,1
1996-09,"Toronto, Ontario",2011S0503535,Rented accommodation,2002=100,17,units,0,v41692890,16.80,89.4,,,,1
1996-10,Canada,2016A000011124,All-items,2002=100,17,units,0,v41690973,2.2,89.3,,,,1
1996-10,Canada,2016A000011124,Shelter,2002=100,17,units,0,v41691050,2.79,90.9,,,,1
1996-10,Canada,2016A000011124,Rented accommodation,2002=100,17,units,0,v41691051,2.80,92.7,,,,1
1996-10,Canada,2016A000011124,Rent,2002=100,17,units,0,v41691052,2.81,93.0,,,,1
1996-10,Ontario,2016A000235,All-items,2002=100,17,units,0,v41691919,14.2,88.6,,,,1
1996-10,Ontario,2016A000235,Shelter,2002=100,17,units,0,v41691952,14.79,89.2,,,,1
1996-10,Ontario,2016A000235,Rented accommodation,2002=100,17,units,0,v41691953,14.80,91.0,,,,1
1996-10,Ontario,2016A000235,Rent,2002=100,17,units,0,v41691954,14.81,91.3,,,,1
1996-10,"Toronto, Ontario",2011S0503535,All-items,2002=100,17,units,0,v41692888,16.2,88.4,,,,1
1996-10,"Toronto, Ontario",2011S0503535,Shelter,2002=100,17,units,0,v41692889,16.79,89.1,,,,1
1996-10,"Toronto, Ontario",2011S0503535,Rented accommodation,2002=100,17,units,0,v41692890,16.80,89.5,,,,1
1996-11,Canada,2016A000011124,All-items,2002=100,17,units,0,v41690973,2.2,89.7,,,,1
1996-11,Canada,2016A000011124,Shelter,2002=100,17,units,0,v41691050,2.79,90.6,,,,1
1996-11,Canada,2016A000011124,Rented accommodation,2002=100,17,units,0,v41691051,2.80,92.8,,,,1
1996-11,Canada,2016A000011124,Rent,2002=100,17,units,0,v41691052,2.81,93.1,,,,1
1996-11,Ontario,2016A000235,All-items,2002=100,17,units,0,v41691919,14.2,89.2,,,,1
1996-11,Ontario,2016A000235,Shelter,2002=100,17,units,0,v41691952,14.79,88.5,,,,1
1996-11,Ontario,2016A000235,Rented accommodation,2002=100,17,units,0,v41691953,14.80,91.0,,,,1
1996-11,Ontario,2016A000235,Rent,2002=100,17,units,0,v41691954,14.81,91.4,,,,1
1996-11,"Toronto, Ontario",2011S0503535,All-items,2002=100,17,units,0,v41692888,16.2,88.8,,,,1
1996-11,"Toronto, Ontario",2011S0503535,Shelter,2002=100,17,units,0,v41692889,16.79,88.0,,,,1
1996-11,"Toronto, Ontario",2011S0503535,Rented accommodation,2002=100,17,units,0,v41692890,16.80,89.5,,,,1
1996-12,Canada,2016A000011124,All-items,2002=100,17,units,0,v41690973,2.2,89.7,,,,1
1996-12,Canada,2016A000011124,Shelter,2002=100,17,units,0,v41691050,2.79,90.8,,,,1
1996-12,Canada,2016A000011124,Rented accommodation,2002=100,17,units,0,v41691051,2.80,92.9,,,,1
1996-12,Canada,2016A000011124,Rent,2002=100,17,units,0,v41691052,2.81,93.2,,,,1
1996-12,Ontario,2016A000235,All-items,2002=100,17,units,0,v41691919,14.2,89.2,,,,1
1996-12,Ontario,2016A000235,Shelter,2002=100,17,units,0,v41691952,14.79,88.7,,,,1
1996-12,Ontario,2016A000235,Rented accommodation,2002=100,17,units,0,v41691953,14.80,91.2,,,,1
1996-12,Ontario,2016A000235,Rent,2002=100,17,units,0,v41691954,14.81,91.5,,,,1
1996-12,"Toronto, Ontario",2011S0503535,All-items,2002=100,17,units,0,v41692888,16.2,89.0,,,,1
1996-12,"Toronto, Ontario",2011S0503535,Shelter,2002=100,17,units,0,v41692889,16.79,88.4,,,,1
1996-12,"Toronto, Ontario",2011S0503535,Rented accommodation,2002=100,17,units,0,v41692890,16.80,89.5,,,,1
1997-01,Canada,2016A000011124,All-items,2002=100,17,units,0,v41690973,2.2,89.9,,,,1
1997-01,Canada,2016A000011124,Shelter,2002=100,17,units,0,v41691050,2.79,90.9,,,,1
1997-01,Canada,2016A000011124,Rented accommodation,2002=100,17,units,0,v41691051,2.80,93.0,,,,1
1997-01,Canada,2016A000011124,Rent,2002=100,17,units,0,v41691052,2.81,93.3,,,,1
1997-01,Ontario,2016A000235,All-items,2002=100,17,units,0,v41691919,14.2,89.4,,,,1
1997-01,Ontario,2016A000235,Shelter,2002=100,17,units,0,v41691952,14.79,88.7,,,,1
1997-01,Ontario,2016A000235,Rented accommodation,2002=100,17,units,0,v41691953,14.80,91.3,,,,1
1997-01,Ontario,2016A000235,Rent,2002=100,17,units,0,v41691954,14.81,91.5,,,,1
1997-01,"Toronto, Ontario",2011S0503535,All-items,2002=100,17,units,0,v41692888,16.2,89.0,,,,1
1997-01,"Toronto, Ontario",2011S0503535,Shelter,2002=100,17,units,0,v41692889,16.79,88.5,,,,1
1997-01,"Toronto, Ontario",2011S0503535,Rented accommodation,2002=100,17,units,0,v41692890,16.80,89.6,,,,1
1997-02,Canada,2016A000011124,All-items,2002=100,17,units,0,v41690973,2.2,90.1,,,,1
1997-02,Canada,2016A000011124,Shelter,2002=100,17,units,0,v41691050,2.79,90.9,,,,1
1997-02,Canada,2016A000011124,Rented accommodation,2002=100,17,units,0,v41691051,2.80,93.0,,,,1
1997-02,Canada,2016A000011124,Rent,2002=100,17,units,0,v41691052,2.81,93.3,,,,1
1997-02,Ontario,2016A000235,All-items,2002=100,17,units,0,v41691919,14.2,89.4,,,,1
1997-02,Ontario,2016A000235,Shelter,2002=100,17,units,0,v41691952,14.79,88.7,,,,1
1997-02,Ontario,2016A000235,Rented accommodation,2002=100,17,units,0,v41691953,14.80,91.3,,,,1
1997-02,Ontario,2016A000235,Rent,2002=100,17,units,0,v41691954,14.81,91.6,,,,1
1997-02,"Toronto, Ontario",2011S0503535,All-items,2002=100,17,units,0,v41692888,16.2,89.0,,,,1
1997-02,"Toronto, Ontario",2011S0503535,Shelter,2002=100,17,units,0,v41692889,16.79,88.5,,,,1
1997-02,"Toronto, Ontario",2011S0503535,Rented accommodation,2002=100,17,units,0,v41692890,16.80,89.8,,,,1
1997-03,Canada,2016A000011124,All-items,2002=100,17,units,0,v41690973,2.2,90.2,,,,1
1997-03,Canada,2016A000011124,Shelter,2002=100,17,units,0,v41691050,2.79,90.9,,,,1
1997-03,Canada,2016A000011124,Rented accommodation,2002=100,17,units,0,v41691051,2.80,93.1,,,,1
1997-03,Canada,2016A000011124,Rent,2002=100,17,units,0,v41691052,2.81,93.4,,,,1
1997-03,Ontario,2016A000235,All-items,2002=100,17,units,0,v41691919,14.2,89.7,,,,1
1997-03,Ontario,2016A000235,Shelter,2002=100,17,units,0,v41691952,14.79,89.0,,,,1
1997-03,Ontario,2016A000235,Rented accommodation,2002=100,17,units,0,v41691953,14.80,91.4,,,,1
1997-03,Ontario,2016A000235,Rent,2002=100,17,units,0,v41691954,14.81,91.6,,,,1
1997-03,"Toronto, Ontario",2011S0503535,All-items,2002=100,17,units,0,v41692888,16.2,89.3,,,,1
1997-03,"Toronto, Ontario",2011S0503535,Shelter,2002=100,17,units,0,v41692889,16.79,88.7,,,,1
1997-03,"Toronto, Ontario",2011S0503535,Rented accommodation,2002=100,17,units,0,v41692890,16.80,89.8,,,,1
1997-04,Canada,2016A000011124,All-items,2002=100,17,units,0,v41690973,2.2,90.2,,,,1
1997-04,Canada,2016A000011124,Shelter,2002=100,17,units,0,v41691050,2.79,90.9,,,,1
1997-04,Canada,2016A000011124,Rented accommodation,2002=100,17,units,0,v41691051,2.80,93.3,,,,1
1997-04,Canada,2016A000011124,Rent,2002=100,17,units,0,v41691052,2.81,93.4,,,,1
1997-04,Ontario,2016A000235,All-items,2002=100,17,units,0,v41691919,14.2,89.7,,,,1
1997-04,Ontario,2016A000235,Shelter,2002=100,17,units,0,v41691952,14.79,88.9,,,,1
1997-04,Ontario,2016A000235,Rented accommodation,2002=100,17,units,0,v41691953,14.80,91.7,,,,1
1997-04,Ontario,2016A000235,Rent,2002=100,17,units,0,v41691954,14.81,91.8,,,,1
1997-04,"Toronto, Ontario",2011S0503535,All-items,2002=100,17,units,0,v41692888,16.2,89.4,,,,1
1997-04,"Toronto, Ontario",2011S0503535,Shelter,2002=100,17,units,0,v41692889,16.79,88.5,,,,1
1997-04,"Toronto, Ontario",2011S0503535,Rented accommodation,2002=100,17,units,0,v41692890,16.80,90.1,,,,1
1997-05,Canada,2016A000011124,All-items,2002=100,17,units,0,v41690973,2.2,90.3,,,,1
1997-05,Canada,2016A000011124,Shelter,2002=100,17,units,0,v41691050,2.79,90.7,,,,1
1997-05,Canada,2016A000011124,Rented accommodation,2002=100,17,units,0,v41691051,2.80,93.3,,,,1
1997-05,Canada,2016A000011124,Rent,2002=100,17,units,0,v41691052,2.81,93.5,,,,1
1997-05,Ontario,2016A000235,All-items,2002=100,17,units,0,v41691919,14.2,89.7,,,,1
1997-05,Ontario,2016A000235,Shelter,2002=100,17,units,0,v41691952,14.79,88.8,,,,1
1997-05,Ontario,2016A000235,Rented accommodation,2002=100,17,units,0,v41691953,14.80,91.8,,,,1
1997-05,Ontario,2016A000235,Rent,2002=100,17,units,0,v41691954,14.81,91.9,,,,1
1997-05,"Toronto, Ontario",2011S0503535,All-items,2002=100,17,units,0,v41692888,16.2,89.3,,,,1
1997-05,"Toronto, Ontario",2011S0503535,Shelter,2002=100,17,units,0,v41692889,16.79,88.5,,,,1
1997-05,"Toronto, Ontario",2011S0503535,Rented accommodation,2002=100,17,units,0,v41692890,16.80,90.2,,,,1
1997-06,Canada,2016A000011124,All-items,2002=100,17,units,0,v41690973,2.2,90.5,,,,1
1997-06,Canada,2016A000011124,Shelter,2002=100,17,units,0,v41691050,2.79,90.8,,,,1
1997-06,Canada,2016A000011124,Rented accommodation,2002=100,17,units,0,v41691051,2.80,93.4,,,,1
1997-06,Canada,2016A000011124,Rent,2002=100,17,units,0,v41691052,2.81,93.6,,,,1
1997-06,Ontario,2016A000235,All-items,2002=100,17,units,0,v41691919,14.2,89.9,,,,1
1997-06,Ontario,2016A000235,Shelter,2002=100,17,units,0,v41691952,14.79,88.8,,,,1
1997-06,Ontario,2016A000235,Rented accommodation,2002=100,17,units,0,v41691953,14.80,91.9,,,,1
1997-06,Ontario,2016A000235,Rent,2002=100,17,units,0,v41691954,14.81,91.9,,,,1
1997-06,"Toronto, Ontario",2011S0503535,All-items,2002=100,17,units,0,v41692888,16.2,89.7,,,,1
1997-06,"Toronto, Ontario",2011S0503535,Shelter,2002=100,17,units,0,v41692889,16.79,88.6,,,,1
1997-06,"Toronto, Ontario",2011S0503535,Rented accommodation,2002=100,17,units,0,v41692890,16.80,90.4,,,,1
1997-07,Canada,2016A000011124,All-items,2002=100,17,units,0,v41690973,2.2,90.5,,,,1
1997-07,Canada,2016A000011124,Shelter,2002=100,17,units,0,v41691050,2.79,90.8,,,,1
1997-07,Canada,2016A000011124,Rented accommodation,2002=100,17,units,0,v41691051,2.80,93.5,,,,1
1997-07,Canada,2016A000011124,Rent,2002=100,17,units,0,v41691052,2.81,93.6,,,,1
1997-07,Ontario,2016A000235,All-items,2002=100,17,units,0,v41691919,14.2,89.9,,,,1
1997-07,Ontario,2016A000235,Shelter,2002=100,17,units,0,v41691952,14.79,88.9,,,,1
1997-07,Ontario,2016A000235,Rented accommodation,2002=100,17,units,0,v41691953,14.80,92.0,,,,1
1997-07,Ontario,2016A000235,Rent,2002=100,17,units,0,v41691954,14.81,92.1,,,,1
1997-07,"Toronto, Ontario",2011S0503535,All-items,2002=100,17,units,0,v41692888,16.2,89.6,,,,1
1997-07,"Toronto, Ontario",2011S0503535,Shelter,2002=100,17,units,0,v41692889,16.79,88.6,,,,1
1997-07,"Toronto, Ontario",2011S0503535,Rented accommodation,2002=100,17,units,0,v41692890,16.80,90.5,,,,1
1997-08,Canada,2016A000011124,All-items,2002=100,17,units,0,v41690973,2.2,90.6,,,,1
1997-08,Canada,2016A000011124,Shelter,2002=100,17,units,0,v41691050,2.79,90.6,,,,1
1997-08,Canada,2016A000011124,Rented accommodation,2002=100,17,units,0,v41691051,2.80,93.6,,,,1
1997-08,Canada,2016A000011124,Rent,2002=100,17,units,0,v41691052,2.81,93.8,,,,1
1997-08,Ontario,2016A000235,All-items,2002=100,17,units,0,v41691919,14.2,90.1,,,,1
1997-08,Ontario,2016A000235,Shelter,2002=100,17,units,0,v41691952,14.79,88.6,,,,1
1997-08,Ontario,2016A000235,Rented accommodation,2002=100,17,units,0,v41691953,14.80,92.1,,,,1
1997-08,Ontario,2016A000235,Rent,2002=100,17,units,0,v41691954,14.81,92.2,,,,1
1997-08,"Toronto, Ontario",2011S0503535,All-items,2002=100,17,units,0,v41692888,16.2,89.9,,,,1
1997-08,"Toronto, Ontario",2011S0503535,Shelter,2002=100,17,units,0,v41692889,16.79,88.6,,,,1
1997-08,"Toronto, Ontario",2011S0503535,Rented accommodation,2002=100,17,units,0,v41692890,16.80,90.7,,,,1
1997-09,Canada,2016A000011124,All-items,2002=100,17,units,0,v41690973,2.2,90.6,,,,1
1997-09,Canada,2016A000011124,Shelter,2002=100,17,units,0,v41691050,2.79,90.6,,,,1
1997-09,Canada,2016A000011124,Rented accommodation,2002=100,17,units,0,v41691051,2.80,93.7,,,,1
1997-09,Canada,2016A000011124,Rent,2002=100,17,units,0,v41691052,2.81,93.9,,,,1
1997-09,Ontario,2016A000235,All-items,2002=100,17,units,0,v41691919,14.2,90.0,,,,1
1997-09,Ontario,2016A000235,Shelter,2002=100,17,units,0,v41691952,14.79,88.6,,,,1
1997-09,Ontario,2016A000235,Rented accommodation,2002=100,17,units,0,v41691953,14.80,92.2,,,,1
1997-09,Ontario,2016A000235,Rent,2002=100,17,units,0,v41691954,14.81,92.3,,,,1
1997-09,"Toronto, Ontario",2011S0503535,All-items,2002=100,17,units,0,v41692888,16.2,89.7,,,,1
1997-09,"Toronto, Ontario",2011S0503535,Shelter,2002=100,17,units,0,v41692889,16.79,88.5,,,,1
1997-09,"Toronto, Ontario",2011S0503535,Rented accommodation,2002=100,17,units,0,v41692890,16.80,90.8,,,,1
1997-10,Canada,2016A000011124,All-items,2002=100,17,units,0,v41690973,2.2,90.6,,,,1
1997-10,Canada,2016A000011124,Shelter,2002=100,17,units,0,v41691050,2.79,90.7,,,,1
1997-10,Canada,2016A000011124,Rented accommodation,2002=100,17,units,0,v41691051,2.80,93.8,,,,1
1997-10,Canada,2016A000011124,Rent,2002=100,17,units,0,v41691052,2.81,94.0,,,,1
1997-10,Ontario,2016A000235,All-items,2002=100,17,units,0,v41691919,14.2,90.2,,,,1
1997-10,Ontario,2016A000235,Shelter,2002=100,17,units,0,v41691952,14.79,88.9,,,,1
1997-10,Ontario,2016A000235,Rented accommodation,2002=100,17,units,0,v41691953,14.80,92.3,,,,1
1997-10,Ontario,2016A000235,Rent,2002=100,17,units,0,v41691954,14.81,92.5,,,,1
1997-10,"Toronto, Ontario",2011S0503535,All-items,2002=100,17,units,0,v41692888,16.2,89.9,,,,1
1997-10,"Toronto, Ontario",2011S0503535,Shelter,2002=100,17,units,0,v41692889,16.79,88.8,,,,1
1997-10,"Toronto, Ontario",2011S0503535,Rented accommodation,2002=100,17,units,0,v41692890,16.80,90.9,,,,1
1997-11,Canada,2016A000011124,All-items,2002=100,17,units,0,v41690973,2.2,90.5,,,,1
1997-11,Canada,2016A000011124,Shelter,2002=100,17,units,0,v41691050,2.79,90.7,,,,1
1997-11,Canada,2016A000011124,Rented accommodation,2002=100,17,units,0,v41691051,2.80,93.8,,,,1
1997-11,Canada,2016A000011124,Rent,2002=100,17,units,0,v41691052,2.81,94.0,,,,1
1997-11,Ontario,2016A000235,All-items,2002=100,17,units,0,v41691919,14.2,89.9,,,,1
1997-11,Ontario,2016A000235,Shelter,2002=100,17,units,0,v41691952,14.79,88.6,,,,1
1997-11,Ontario,2016A000235,Rented accommodation,2002=100,17,units,0,v41691953,14.80,92.4,,,,1
1997-11,Ontario,2016A000235,Rent,2002=100,17,units,0,v41691954,14.81,92.5,,,,1
1997-11,"Toronto, Ontario",2011S0503535,All-items,2002=100,17,units,0,v41692888,16.2,89.6,,,,1
1997-11,"Toronto, Ontario",2011S0503535,Shelter,2002=100,17,units,0,v41692889,16.79,88.4,,,,1
1997-11,"Toronto, Ontario",2011S0503535,Rented accommodation,2002=100,17,units,0,v41692890,16.80,91.0,,,,1
1997-12,Canada,2016A000011124,All-items,2002=100,17,units,0,v41690973,2.2,90.4,,,,1
1997-12,Canada,2016A000011124,Shelter,2002=100,17,units,0,v41691050,2.79,90.8,,,,1
1997-12,Canada,2016A000011124,Rented accommodation,2002=100,17,units,0,v41691051,2.80,93.9,,,,1
1997-12,Canada,2016A000011124,Rent,2002=100,17,units,0,v41691052,2.81,94.1,,,,1
1997-12,Ontario,2016A000235,All-items,2002=100,17,units,0,v41691919,14.2,89.8,,,,1
1997-12,Ontario,2016A000235,Shelter,2002=100,17,units,0,v41691952,14.79,88.9,,,,1
1997-12,Ontario,2016A000235,Rented accommodation,2002=100,17,units,0,v41691953,14.80,92.5,,,,1
1997-12,Ontario,2016A000235,Rent,2002=100,17,units,0,v41691954,14.81,92.5,,,,1
1997-12,"Toronto, Ontario",2011S0503535,All-items,2002=100,17,units,0,v41692888,16.2,89.5,,,,1
1997-12,"Toronto, Ontario",2011S0503535,Shelter,2002=100,17,units,0,v41692889,16.79,89.1,,,,1
1997-12,"Toronto, Ontario",2011S0503535,Rented accommodation,2002=100,17,units,0,v41692890,16.80,91.1,,,,1
1998-01,Canada,2016A000011124,All-items,2002=100,17,units,0,v41690973,2.2,90.9,,,,1
1998-01,Canada,2016A000011124,Shelter,2002=100,17,units,0,v41691050,2.79,90.8,,,,1
1998-01,Canada,2016A000011124,Rented accommodation,2002=100,17,units,0,v41691051,2.80,94.0,,,,1
1998-01,Canada,2016A000011124,Rent,2002=100,17,units,0,v41691052,2.81,94.2,,,,1
1998-01,Ontario,2016A000235,All-items,2002=100,17,units,0,v41691919,14.2,90.2,,,,1
1998-01,Ontario,2016A000235,Shelter,2002=100,17,units,0,v41691952,14.79,88.9,,,,1
1998-01,Ontario,2016A000235,Rented accommodation,2002=100,17,units,0,v41691953,14.80,92.6,,,,1
1998-01,Ontario,2016A000235,Rent,2002=100,17,units,0,v41691954,14.81,92.6,,,,1
1998-01,"Toronto, Ontario",2011S0503535,All-items,2002=100,17,units,0,v41692888,16.2,89.9,,,,1
1998-01,"Toronto, Ontario",2011S0503535,Shelter,2002=100,17,units,0,v41692889,16.79,89.1,,,,1
1998-01,"Toronto, Ontario",2011S0503535,Rented accommodation,2002=100,17,units,0,v41692890,16.80,91.2,,,,1
1998-02,Canada,2016A000011124,All-items,2002=100,17,units,0,v41690973,2.2,91.0,,,,1
1998-02,Canada,2016A000011124,Shelter,2002=100,17,units,0,v41691050,2.79,90.7,,,,1
1998-02,Canada,2016A000011124,Rented accommodation,2002=100,17,units,0,v41691051,2.80,94.1,,,,1
1998-02,Canada,2016A000011124,Rent,2002=100,17,units,0,v41691052,2.81,94.3,,,,1
1998-02,Ontario,2016A000235,All-items,2002=100,17,units,0,v41691919,14.2,90.5,,,,1
1998-02,Ontario,2016A000235,Shelter,2002=100,17,units,0,v41691952,14.79,89.0,,,,1
1998-02,Ontario,2016A000235,Rented accommodation,2002=100,17,units,0,v41691953,14.80,92.7,,,,1
1998-02,Ontario,2016A000235,Rent,2002=100,17,units,0,v41691954,14.81,92.8,,,,1
1998-02,"Toronto, Ontario",2011S0503535,All-items,2002=100,17,units,0,v41692888,16.2,90.4,,,,1
1998-02,"Toronto, Ontario",2011S0503535,Shelter,2002=100,17,units,0,v41692889,16.79,89.2,,,,1
1998-02,"Toronto, Ontario",2011S0503535,Rented accommodation,2002=100,17,units,0,v41692890,16.80,91.3,,,,1
1998-03,Canada,2016A000011124,All-items,2002=100,17,units,0,v41690973,2.2,91.1,,,,1
1998-03,Canada,2016A000011124,Shelter,2002=100,17,units,0,v41691050,2.79,90.8,,,,1
1998-03,Canada,2016A000011124,Rented accommodation,2002=100,17,units,0,v41691051,2.80,94.1,,,,1
1998-03,Canada,2016A000011124,Rent,2002=100,17,units,0,v41691052,2.81,94.3,,,,1
1998-03,Ontario,2016A000235,All-items,2002=100,17,units,0,v41691919,14.2,90.6,,,,1
1998-03,Ontario,2016A000235,Shelter,2002=100,17,units,0,v41691952,14.79,89.1,,,,1
1998-03,Ontario,2016A000235,Rented accommodation,2002=100,17,units,0,v41691953,14.80,92.7,,,,1
1998-03,Ontario,2016A000235,Rent,2002=100,17,units,0,v41691954,14.81,92.8,,,,1
1998-03,"Toronto, Ontario",2011S0503535,All-items,2002=100,17,units,0,v41692888,16.2,90.4,,,,1
1998-03,"Toronto, Ontario",2011S0503535,Shelter,2002=100,17,units,0,v41692889,16.79,89.4,,,,1
1998-03,"Toronto, Ontario",2011S0503535,Rented accommodation,2002=100,17,units,0,v41692890,16.80,91.4,,,,1
1998-04,Canada,2016A000011124,All-items,2002=100,17,units,0,v41690973,2.2,91.0,,,,1
1998-04,Canada,2016A000011124,Shelter,2002=100,17,units,0,v41691050,2.79,90.9,,,,1
1998-04,Canada,2016A000011124,Rented accommodation,2002=100,17,units,0,v41691051,2.80,94.3,,,,1
1998-04,Canada,2016A000011124,Rent,2002=100,17,units,0,v41691052,2.81,94.4,,,,1
1998-04,Ontario,2016A000235,All-items,2002=100,17,units,0,v41691919,14.2,90.3,,,,1
1998-04,Ontario,2016A000235,Shelter,2002=100,17,units,0,v41691952,14.79,88.9,,,,1
1998-04,Ontario,2016A000235,Rented accommodation,2002=100,17,units,0,v41691953,14.80,92.8,,,,1
1998-04,Ontario,2016A000235,Rent,2002=100,17,units,0,v41691954,14.81,92.9,,,,1
1998-04,"Toronto, Ontario",2011S0503535,All-items,2002=100,17,units,0,v41692888,16.2,90.1,,,,1
1998-04,"Toronto, Ontario",2011S0503535,Shelter,2002=100,17,units,0,v41692889,16.79,89.0,,,,1
1998-04,"Toronto, Ontario",2011S0503535,Rented accommodation,2002=100,17,units,0,v41692890,16.80,91.5,,,,1
1998-05,Canada,2016A000011124,All-items,2002=100,17,units,0,v41690973,2.2,91.3,,,,1
1998-05,Canada,2016A000011124,Shelter,2002=100,17,units,0,v41691050,2.79,91.0,,,,1
1998-05,Canada,2016A000011124,Rented accommodation,2002=100,17,units,0,v41691051,2.80,94.3,,,,1
1998-05,Canada,2016A000011124,Rent,2002=100,17,units,0,v41691052,2.81,94.5,,,,1
1998-05,Ontario,2016A000235,All-items,2002=100,17,units,0,v41691919,14.2,90.6,,,,1
1998-05,Ontario,2016A000235,Shelter,2002=100,17,units,0,v41691952,14.79,89.1,,,,1
1998-05,Ontario,2016A000235,Rented accommodation,2002=100,17,units,0,v41691953,14.80,92.9,,,,1
1998-05,Ontario,2016A000235,Rent,2002=100,17,units,0,v41691954,14.81,93.0,,,,1
1998-05,"Toronto, Ontario",2011S0503535,All-items,2002=100,17,units,0,v41692888,16.2,90.4,,,,1
1998-05,"Toronto, Ontario",2011S0503535,Shelter,2002=100,17,units,0,v41692889,16.79,89.3,,,,1
1998-05,"Toronto, Ontario",2011S0503535,Rented accommodation,2002=100,17,units,0,v41692890,16.80,91.6,,,,1
1998-06,Canada,2016A000011124,All-items,2002=100,17,units,0,v41690973,2.2,91.4,,,,1
1998-06,Canada,2016A000011124,Shelter,2002=100,17,units,0,v41691050,2.79,90.9,,,,1
1998-06,Canada,2016A000011124,Rented accommodation,2002=100,17,units,0,v41691051,2.80,94.4,,,,1
1998-06,Canada,2016A000011124,Rent,2002=100,17,units,0,v41691052,2.81,94.5,,,,1
1998-06,Ontario,2016A000235,All-items,2002=100,17,units,0,v41691919,14.2,90.6,,,,1
1998-06,Ontario,2016A000235,Shelter,2002=100,17,units,0,v41691952,14.79,89.0,,,,1
1998-06,Ontario,2016A000235,Rented accommodation,2002=100,17,units,0,v41691953,14.80,93.0,,,,1
1998-06,Ontario,2016A000235,Rent,2002=100,17,units,0,v41691954,14.81,93.0,,,,1
1998-06,"Toronto, Ontario",2011S0503535,All-items,2002=100,17,units,0,v41692888,16.2,90.4,,,,1
1998-06,"Toronto, Ontario",2011S0503535,Shelter,2002=100,17,units,0,v41692889,16.79,89.3,,,,1
1998-06,"Toronto, Ontario",2011S0503535,Rented accommodation,2002=100,17,units,0,v41692890,16.80,91.7,,,,1
1998-07,Canada,2016A000011124,All-items,2002=100,17,units,0,v41690973,2.2,91.4,,,,1
1998-07,Canada,2016A000011124,Shelter,2002=100,17,units,0,v41691050,2.79,91.0,,,,1
1998-07,Canada,2016A000011124,Rented accommodation,2002=100,17,units,0,v41691051,2.80,94.5,,,,1
1998-07,Canada,2016A000011124,Rent,2002=100,17,units,0,v41691052,2.81,94.6,,,,1
1998-07,Ontario,2016A000235,All-items,2002=100,17,units,0,v41691919,14.2,90.7,,,,1
1998-07,Ontario,2016A000235,Shelter,2002=100,17,units,0,v41691952,14.79,89.4,,,,1
1998-07,Ontario,2016A000235,Rented accommodation,2002=100,17,units,0,v41691953,14.80,93.1,,,,1
1998-07,Ontario,2016A000235,Rent,2002=100,17,units,0,v41691954,14.81,93.1,,,,1
1998-07,"Toronto, Ontario",2011S0503535,All-items,2002=100,17,units,0,v41692888,16.2,90.4,,,,1
1998-07,"Toronto, Ontario",2011S0503535,Shelter,2002=100,17,units,0,v41692889,16.79,89.5,,,,1
1998-07,"Toronto, Ontario",2011S0503535,Rented accommodation,2002=100,17,units,0,v41692890,16.80,91.8,,,,1
1998-08,Canada,2016A000011124,All-items,2002=100,17,units,0,v41690973,2.2,91.4,,,,1
1998-08,Canada,2016A000011124,Shelter,2002=100,17,units,0,v41691050,2.79,91.1,,,,1
1998-08,Canada,2016A000011124,Rented accommodation,2002=100,17,units,0,v41691051,2.80,94.6,,,,1
1998-08,Canada,2016A000011124,Rent,2002=100,17,units,0,v41691052,2.81,94.7,,,,1
1998-08,Ontario,2016A000235,All-items,2002=100,17,units,0,v41691919,14.2,90.7,,,,1
1998-08,Ontario,2016A000235,Shelter,2002=100,17,units,0,v41691952,14.79,89.3,,,,1
1998-08,Ontario,2016A000235,Rented accommodation,2002=100,17,units,0,v41691953,14.80,93.2,,,,1
1998-08,Ontario,2016A000235,Rent,2002=100,17,units,0,v41691954,14.81,93.2,,,,1
1998-08,"Toronto, Ontario",2011S0503535,All-items,2002=100,17,units,0,v41692888,16.2,90.4,,,,1
1998-08,"Toronto, Ontario",2011S0503535,Shelter,2002=100,17,units,0,v41692889,16.79,89.5,,,,1
1998-08,"Toronto, Ontario",2011S0503535,Rented accommodation,2002=100,17,units,0,v41692890,16.80,91.9,,,,1
1998-09,Canada,2016A000011124,All-items,2002=100,17,units,0,v41690973,2.2,91.2,,,,1
1998-09,Canada,2016A000011124,Shelter,2002=100,17,units,0,v41691050,2.79,91.0,,,,1
1998-09,Canada,2016A000011124,Rented accommodation,2002=100,17,units,0,v41691051,2.80,94.7,,,,1
1998-09,Canada,2016A000011124,Rent,2002=100,17,units,0,v41691052,2.81,94.8,,,,1
1998-09,Ontario,2016A000235,All-items,2002=100,17,units,0,v41691919,14.2,90.7,,,,1
1998-09,Ontario,2016A000235,Shelter,2002=100,17,units,0,v41691952,14.79,89.5,,,,1
1998-09,Ontario,2016A000235,Rented accommodation,2002=100,17,units,0,v41691953,14.80,93.3,,,,1
1998-09,Ontario,2016A000235,Rent,2002=100,17,units,0,v41691954,14.81,93.3,,,,1
1998-09,"Toronto, Ontario",2011S0503535,All-items,2002=100,17,units,0,v41692888,16.2,90.5,,,,1
1998-09,"Toronto, Ontario",2011S0503535,Shelter,2002=100,17,units,0,v41692889,16.79,89.7,,,,1
1998-09,"Toronto, Ontario",2011S0503535,Rented accommodation,2002=100,17,units,0,v41692890,16.80,92.0,,,,1
1998-10,Canada,2016A000011124,All-items,2002=100,17,units,0,v41690973,2.2,91.6,,,,1
1998-10,Canada,2016A000011124,Shelter,2002=100,17,units,0,v41691050,2.79,91.6,,,,1
1998-10,Canada,2016A000011124,Rented accommodation,2002=100,17,units,0,v41691051,2.80,94.8,,,,1
1998-10,Canada,2016A000011124,Rent,2002=100,17,units,0,v41691052,2.81,94.9,,,,1
1998-10,Ontario,2016A000235,All-items,2002=100,17,units,0,v41691919,14.2,91.1,,,,1
1998-10,Ontario,2016A000235,Shelter,2002=100,17,units,0,v41691952,14.79,90.1,,,,1
1998-10,Ontario,2016A000235,Rented accommodation,2002=100,17,units,0,v41691953,14.80,93.4,,,,1
1998-10,Ontario,2016A000235,Rent,2002=100,17,units,0,v41691954,14.81,93.5,,,,1
1998-10,"Toronto, Ontario",2011S0503535,All-items,2002=100,17,units,0,v41692888,16.2,90.9,,,,1
1998-10,"Toronto, Ontario",2011S0503535,Shelter,2002=100,17,units,0,v41692889,16.79,90.2,,,,1
1998-10,"Toronto, Ontario",2011S0503535,Rented accommodation,2002=100,17,units,0,v41692890,16.80,92.1,,,,1
1998-11,Canada,2016A000011124,All-items,2002=100,17,units,0,v41690973,2.2,91.6,,,,1
1998-11,Canada,2016A000011124,Shelter,2002=100,17,units,0,v41691050,2.79,91.5,,,,1
1998-11,Canada,2016A000011124,Rented accommodation,2002=100,17,units,0,v41691051,2.80,94.9,,,,1
1998-11,Canada,2016A000011124,Rent,2002=100,17,units,0,v41691052,2.81,95.0,,,,1
1998-11,Ontario,2016A000235,All-items,2002=100,17,units,0,v41691919,14.2,91.0,,,,1
1998-11,Ontario,2016A000235,Shelter,2002=100,17,units,0,v41691952,14.79,90.0,,,,1
1998-11,Ontario,2016A000235,Rented accommodation,2002=100,17,units,0,v41691953,14.80,93.5,,,,1
1998-11,Ontario,2016A000235,Rent,2002=100,17,units,0,v41691954,14.81,93.6,,,,1
1998-11,"Toronto, Ontario",2011S0503535,All-items,2002=100,17,units,0,v41692888,16.2,90.8,,,,1
1998-11,"Toronto, Ontario",2011S0503535,Shelter,2002=100,17,units,0,v41692889,16.79,90.1,,,,1
1998-11,"Toronto, Ontario",2011S0503535,Rented accommodation,2002=100,17,units,0,v41692890,16.80,92.3,,,,1
1998-12,Canada,2016A000011124,All-items,2002=100,17,units,0,v41690973,2.2,91.3,,,,1
1998-12,Canada,2016A000011124,Shelter,2002=100,17,units,0,v41691050,2.79,91.8,,,,1
1998-12,Canada,2016A000011124,Rented accommodation,2002=100,17,units,0,v41691051,2.80,94.9,,,,1
1998-12,Canada,2016A000011124,Rent,2002=100,17,units,0,v41691052,2.81,95.1,,,,1
1998-12,Ontario,2016A000235,All-items,2002=100,17,units,0,v41691919,14.2,90.7,,,,1
1998-12,Ontario,2016A000235,Shelter,2002=100,17,units,0,v41691952,14.79,90.3,,,,1
1998-12,Ontario,2016A000235,Rented accommodation,2002=100,17,units,0,v41691953,14.80,93.6,,,,1
1998-12,Ontario,2016A000235,Rent,2002=100,17,units,0,v41691954,14.81,93.7,,,,1
1998-12,"Toronto, Ontario",2011S0503535,All-items,2002=100,17,units,0,v41692888,16.2,90.5,,,,1
1998-12,"Toronto, Ontario",2011S0503535,Shelter,2002=100,17,units,0,v41692889,16.79,90.6,,,,1
1998-12,"Toronto, Ontario",2011S0503535,Rented accommodation,2002=100,17,units,0,v41692890,16.80,92.4,,,,1
1999-01,Canada,2016A000011124,All-items,2002=100,17,units,0,v41690973,2.2,91.5,,,,1
1999-01,Canada,2016A000011124,Shelter,2002=100,17,units,0,v41691050,2.79,91.8,,,,1
1999-01,Canada,2016A000011124,Rented accommodation,2002=100,17,units,0,v41691051,2.80,95.0,,,,1
1999-01,Canada,2016A000011124,Rent,2002=100,17,units,0,v41691052,2.81,95.1,,,,1
1999-01,Ontario,2016A000235,All-items,2002=100,17,units,0,v41691919,14.2,91.0,,,,1
1999-01,Ontario,2016A000235,Shelter,2002=100,17,units,0,v41691952,14.79,90.4,,,,1
1999-01,Ontario,2016A000235,Rented accommodation,2002=100,17,units,0,v41691953,14.80,93.7,,,,1
1999-01,Ontario,2016A000235,Rent,2002=100,17,units,0,v41691954,14.81,93.8,,,,1
1999-01,"Toronto, Ontario",2011S0503535,All-items,2002=100,17,units,0,v41692888,16.2,90.8,,,,1
1999-01,"Toronto, Ontario",2011S0503535,Shelter,2002=100,17,units,0,v41692889,16.79,90.7,,,,1
1999-01,"Toronto, Ontario",2011S0503535,Rented accommodation,2002=100,17,units,0,v41692890,16.80,92.6,,,,1
1999-02,Canada,2016A000011124,All-items,2002=100,17,units,0,v41690973,2.2,91.6,,,,1
1999-02,Canada,2016A000011124,Shelter,2002=100,17,units,0,v41691050,2.79,91.8,,,,1
1999-02,Canada,2016A000011124,Rented accommodation,2002=100,17,units,0,v41691051,2.80,95.1,,,,1
1999-02,Canada,2016A000011124,Rent,2002=100,17,units,0,v41691052,2.81,95.2,,,,1
1999-02,Ontario,2016A000235,All-items,2002=100,17,units,0,v41691919,14.2,91.1,,,,1
1999-02,Ontario,2016A000235,Shelter,2002=100,17,units,0,v41691952,14.79,90.3,,,,1
1999-02,Ontario,2016A000235,Rented accommodation,2002=100,17,units,0,v41691953,14.80,93.8,,,,1
1999-02,Ontario,2016A000235,Rent,2002=100,17,units,0,v41691954,14.81,93.9,,,,1
1999-02,"Toronto, Ontario",2011S0503535,All-items,2002=100,17,units,0,v41692888,16.2,90.9,,,,1
1999-02,"Toronto, Ontario",2011S0503535,Shelter,2002=100,17,units,0,v41692889,16.79,90.6,,,,1
1999-02,"Toronto, Ontario",2011S0503535,Rented accommodation,2002=100,17,units,0,v41692890,16.80,92.7,,,,1
1999-03,Canada,2016A000011124,All-items,2002=100,17,units,0,v41690973,2.2,92.0,,,,1
1999-03,Canada,2016A000011124,Shelter,2002=100,17,units,0,v41691050,2.79,91.8,,,,1
1999-03,Canada,2016A000011124,Rented accommodation,2002=100,17,units,0,v41691051,2.80,95.2,,,,1
1999-03,Canada,2016A000011124,Rent,2002=100,17,units,0,v41691052,2.81,95.3,,,,1
1999-03,Ontario,2016A000235,All-items,2002=100,17,units,0,v41691919,14.2,91.6,,,,1
1999-03,Ontario,2016A000235,Shelter,2002=100,17,units,0,v41691952,14.79,90.3,,,,1
1999-03,Ontario,2016A000235,Rented accommodation,2002=100,17,units,0,v41691953,14.80,93.9,,,,1
1999-03,Ontario,2016A000235,Rent,2002=100,17,units,0,v41691954,14.81,94.0,,,,1
1999-03,"Toronto, Ontario",2011S0503535,All-items,2002=100,17,units,0,v41692888,16.2,91.5,,,,1
1999-03,"Toronto, Ontario",2011S0503535,Shelter,2002=100,17,units,0,v41692889,16.79,90.7,,,,1
1999-03,"Toronto, Ontario",2011S0503535,Rented accommodation,2002=100,17,units,0,v41692890,16.80,92.8,,,,1
1999-04,Canada,2016A000011124,All-items,2002=100,17,units,0,v41690973,2.2,92.5,,,,1
1999-04,Canada,2016A000011124,Shelter,2002=100,17,units,0,v41691050,2.79,92.0,,,,1
1999-04,Canada,2016A000011124,Rented accommodation,2002=100,17,units,0,v41691051,2.80,95.3,,,,1
1999-04,Canada,2016A000011124,Rent,2002=100,17,units,0,v41691052,2.81,95.3,,,,1
1999-04,Ontario,2016A000235,All-items,2002=100,17,units,0,v41691919,14.2,92.1,,,,1
1999-04,Ontario,2016A000235,Shelter,2002=100,17,units,0,v41691952,14.79,90.5,,,,1
1999-04,Ontario,2016A000235,Rented accommodation,2002=100,17,units,0,v41691953,14.80,94.0,,,,1
1999-04,Ontario,2016A000235,Rent,2002=100,17,units,0,v41691954,14.81,94.1,,,,1
1999-04,"Toronto, Ontario",2011S0503535,All-items,2002=100,17,units,0,v41692888,16.2,91.8,,,,1
1999-04,"Toronto, Ontario",2011S0503535,Shelter,2002=100,17,units,0,v41692889,16.79,90.6,,,,1
1999-04,"Toronto, Ontario",2011S0503535,Rented accommodation,2002=100,17,units,0,v41692890,16.80,92.9,,,,1
1999-05,Canada,2016A000011124,All-items,2002=100,17,units,0,v41690973,2.2,92.7,,,,1
1999-05,Canada,2016A000011124,Shelter,2002=100,17,units,0,v41691050,2.79,91.9,,,,1
1999-05,Canada,2016A000011124,Rented accommodation,2002=100,17,units,0,v41691051,2.80,95.3,,,,1
1999-05,Canada,2016A000011124,Rent,2002=100,17,units,0,v41691052,2.81,95.4,,,,1
1999-05,Ontario,2016A000235,All-items,2002=100,17,units,0,v41691919,14.2,92.4,,,,1
1999-05,Ontario,2016A000235,Shelter,2002=100,17,units,0,v41691952,14.79,90.4,,,,1
1999-05,Ontario,2016A000235,Rented accommodation,2002=100,17,units,0,v41691953,14.80,94.1,,,,1
1999-05,Ontario,2016A000235,Rent,2002=100,17,units,0,v41691954,14.81,94.2,,,,1
1999-05,"Toronto, Ontario",2011S0503535,All-items,2002=100,17,units,0,v41692888,16.2,92.2,,,,1
1999-05,"Toronto, Ontario",2011S0503535,Shelter,2002=100,17,units,0,v41692889,16.79,90.5,,,,1
1999-05,"Toronto, Ontario",2011S0503535,Rented accommodation,2002=100,17,units,0,v41692890,16.80,93.1,,,,1
1999-06,Canada,2016A000011124,All-items,2002=100,17,units,0,v41690973,2.2,92.9,,,,1
1999-06,Canada,2016A000011124,Shelter,2002=100,17,units,0,v41691050,2.79,92.0,,,,1
1999-06,Canada,2016A000011124,Rented accommodation,2002=100,17,units,0,v41691051,2.80,95.4,,,,1
1999-06,Canada,2016A000011124,Rent,2002=100,17,units,0,v41691052,2.81,95.5,,,,1
1999-06,Ontario,2016A000235,All-items,2002=100,17,units,0,v41691919,14.2,92.3,,,,1
1999-06,Ontario,2016A000235,Shelter,2002=100,17,units,0,v41691952,14.79,90.5,,,,1
1999-06,Ontario,2016A000235,Rented accommodation,2002=100,17,units,0,v41691953,14.80,94.2,,,,1
1999-06,Ontario,2016A000235,Rent,2002=100,17,units,0,v41691954,14.81,94.3,,,,1
1999-06,"Toronto, Ontario",2011S0503535,All-items,2002=100,17,units,0,v41692888,16.2,92.1,,,,1
1999-06,"Toronto, Ontario",2011S0503535,Shelter,2002=100,17,units,0,v41692889,16.79,90.6,,,,1
1999-06,"Toronto, Ontario",2011S0503535,Rented accommodation,2002=100,17,units,0,v41692890,16.80,93.2,,,,1
1999-07,Canada,2016A000011124,All-items,2002=100,17,units,0,v41690973,2.2,93.1,,,,1
1999-07,Canada,2016A000011124,Shelter,2002=100,17,units,0,v41691050,2.79,92.1,,,,1
1999-07,Canada,2016A000011124,Rented accommodation,2002=100,17,units,0,v41691051,2.80,95.4,,,,1
1999-07,Canada,2016A000011124,Rent,2002=100,17,units,0,v41691052,2.81,95.5,,,,1
1999-07,Ontario,2016A000235,All-items,2002=100,17,units,0,v41691919,14.2,92.6,,,,1
1999-07,Ontario,2016A000235,Shelter,2002=100,17,units,0,v41691952,14.79,90.6,,,,1
1999-07,Ontario,2016A000235,Rented accommodation,2002=100,17,units,0,v41691953,14.80,94.3,,,,1
1999-07,Ontario,2016A000235,Rent,2002=100,17,units,0,v41691954,14.81,94.4,,,,1
1999-07,"Toronto, Ontario",2011S0503535,All-items,2002=100,17,units,0,v41692888,16.2,92.3,,,,1
1999-07,"Toronto, Ontario",2011S0503535,Shelter,2002=100,17,units,0,v41692889,16.79,90.8,,,,1
1999-07,"Toronto, Ontario",2011S0503535,Rented accommodation,2002=100,17,units,0,v41692890,16.80,93.3,,,,1
1999-08,Canada,2016A000011124,All-items,2002=100,17,units,0,v41690973,2.2,93.3,,,,1
1999-08,Canada,2016A000011124,Shelter,2002=100,17,units,0,v41691050,2.79,92.3,,,,1
1999-08,Canada,2016A000011124,Rented accommodation,2002=100,17,units,0,v41691051,2.80,95.5,,,,1
1999-08,Canada,2016A000011124,Rent,2002=100,17,units,0,v41691052,2.81,95.6,,,,1
1999-08,Ontario,2016A000235,All-items,2002=100,17,units,0,v41691919,14.2,92.9,,,,1
1999-08,Ontario,2016A000235,Shelter,2002=100,17,units,0,v41691952,14.79,90.7,,,,1
1999-08,Ontario,2016A000235,Rented accommodation,2002=100,17,units,0,v41691953,14.80,94.4,,,,1
1999-08,Ontario,2016A000235,Rent,2002=100,17,units,0,v41691954,14.81,94.4,,,,1
1999-08,"Toronto, Ontario",2011S0503535,All-items,2002=100,17,units,0,v41692888,16.2,92.7,,,,1
1999-08,"Toronto, Ontario",2011S0503535,Shelter,2002=100,17,units,0,v41692889,16.79,90.8,,,,1
1999-08,"Toronto, Ontario",2011S0503535,Rented accommodation,2002=100,17,units,0,v41692890,16.80,93.4,,,,1
1999-09,Canada,2016A000011124,All-items,2002=100,17,units,0,v41690973,2.2,93.6,,,,1
1999-09,Canada,2016A000011124,Shelter,2002=100,17,units,0,v41691050,2.79,92.8,,,,1
1999-09,Canada,2016A000011124,Rented accommodation,2002=100,17,units,0,v41691051,2.80,95.7,,,,1
1999-09,Canada,2016A000011124,Rent,2002=100,17,units,0,v41691052,2.81,95.7,,,,1
1999-09,Ontario,2016A000235,All-items,2002=100,17,units,0,v41691919,14.2,93.1,,,,1
1999-09,Ontario,2016A000235,Shelter,2002=100,17,units,0,v41691952,14.79,91.1,,,,1
1999-09,Ontario,2016A000235,Rented accommodation,2002=100,17,units,0,v41691953,14.80,94.6,,,,1
1999-09,Ontario,2016A000235,Rent,2002=100,17,units,0,v41691954,14.81,94.6,,,,1
1999-09,"Toronto, Ontario",2011S0503535,All-items,2002=100,17,units,0,v41692888,16.2,92.9,,,,1
1999-09,"Toronto, Ontario",2011S0503535,Shelter,2002=100,17,units,0,v41692889,16.79,91.2,,,,1
1999-09,"Toronto, Ontario",2011S0503535,Rented accommodation,2002=100,17,units,0,v41692890,16.80,93.7,,,,1
1999-10,Canada,2016A000011124,All-items,2002=100,17,units,0,v41690973,2.2,93.7,,,,1
1999-10,Canada,2016A000011124,Shelter,2002=100,17,units,0,v41691050,2.79,92.9,,,,1
1999-10,Canada,2016A000011124,Rented accommodation,2002=100,17,units,0,v41691051,2.80,95.7,,,,1
1999-10,Canada,2016A000011124,Rent,2002=100,17,units,0,v41691052,2.81,95.8,,,,1
1999-10,Ontario,2016A000235,All-items,2002=100,17,units,0,v41691919,14.2,93.2,,,,1
1999-10,Ontario,2016A000235,Shelter,2002=100,17,units,0,v41691952,14.79,91.1,,,,1
1999-10,Ontario,2016A000235,Rented accommodation,2002=100,17,units,0,v41691953,14.80,94.6,,,,1
1999-10,Ontario,2016A000235,Rent,2002=100,17,units,0,v41691954,14.81,94.7,,,,1
1999-10,"Toronto, Ontario",2011S0503535,All-items,2002=100,17,units,0,v41692888,16.2,93.0,,,,1
1999-10,"Toronto, Ontario",2011S0503535,Shelter,2002=100,17,units,0,v41692889,16.79,91.1,,,,1
1999-10,"Toronto, Ontario",2011S0503535,Rented accommodation,2002=100,17,units,0,v41692890,16.80,93.7,,,,1
1999-11,Canada,2016A000011124,All-items,2002=100,17,units,0,v41690973,2.2,93.6,,,,1
1999-11,Canada,2016A000011124,Shelter,2002=100,17,units,0,v41691050,2.79,93.1,,,,1
1999-11,Canada,2016A000011124,Rented accommodation,2002=100,17,units,0,v41691051,2.80,95.8,,,,1
1999-11,Canada,2016A000011124,Rent,2002=100,17,units,0,v41691052,2.81,95.9,,,,1
1999-11,Ontario,2016A000235,All-items,2002=100,17,units,0,v41691919,14.2,93.1,,,,1
1999-11,Ontario,2016A000235,Shelter,2002=100,17,units,0,v41691952,14.79,91.2,,,,1
1999-11,Ontario,2016A000235,Rented accommodation,2002=100,17,units,0,v41691953,14.80,94.7,,,,1
1999-11,Ontario,2016A000235,Rent,2002=100,17,units,0,v41691954,14.81,94.8,,,,1
1999-11,"Toronto, Ontario",2011S0503535,All-items,2002=100,17,units,0,v41692888,16.2,93.0,,,,1
1999-11,"Toronto, Ontario",2011S0503535,Shelter,2002=100,17,units,0,v41692889,16.79,91.2,,,,1
1999-11,"Toronto, Ontario",2011S0503535,Rented accommodation,2002=100,17,units,0,v41692890,16.80,93.8,,,,1
1999-12,Canada,2016A000011124,All-items,2002=100,17,units,0,v41690973,2.2,93.7,,,,1
1999-12,Canada,2016A000011124,Shelter,2002=100,17,units,0,v41691050,2.79,93.4,,,,1
1999-12,Canada,2016A000011124,Rented accommodation,2002=100,17,units,0,v41691051,2.80,95.9,,,,1
1999-12,Canada,2016A000011124,Rent,2002=100,17,units,0,v41691052,2.81,95.9,,,,1
1999-12,Ontario,2016A000235,All-items,2002=100,17,units,0,v41691919,14.2,93.4,,,,1
1999-12,Ontario,2016A000235,Shelter,2002=100,17,units,0,v41691952,14.79,91.8,,,,1
1999-12,Ontario,2016A000235,Rented accommodation,2002=100,17,units,0,v41691953,14.80,94.8,,,,1
1999-12,Ontario,2016A000235,Rent,2002=100,17,units,0,v41691954,14.81,94.9,,,,1
1999-12,"Toronto, Ontario",2011S0503535,All-items,2002=100,17,units,0,v41692888,16.2,93.3,,,,1
1999-12,"Toronto, Ontario",2011S0503535,Shelter,2002=100,17,units,0,v41692889,16.79,91.9,,,,1
1999-12,"Toronto, Ontario",2011S0503535,Rented accommodation,2002=100,17,units,0,v41692890,16.80,94.0,,,,1
2000-01,Canada,2016A000011124,All-items,2002=100,17,units,0,v41690973,2.2,93.5,,,,1
2000-01,Canada,2016A000011124,Shelter,2002=100,17,units,0,v41691050,2.79,93.7,,,,1
2000-01,Canada,2016A000011124,Rented accommodation,2002=100,17,units,0,v41691051,2.80,95.9,,,,1
2000-01,Canada,2016A000011124,Rent,2002=100,17,units,0,v41691052,2.81,96.0,,,,1
2000-01,Ontario,2016A000235,All-items,2002=100,17,units,0,v41691919,14.2,93.2,,,,1
2000-01,Ontario,2016A000235,Shelter,2002=100,17,units,0,v41691952,14.79,92.1,,,,1
2000-01,Ontario,2016A000235,Rented accommodation,2002=100,17,units,0,v41691953,14.80,94.9,,,,1
2000-01,Ontario,2016A000235,Rent,2002=100,17,units,0,v41691954,14.81,95.0,,,,1
2000-01,"Toronto, Ontario",2011S0503535,All-items,2002=100,17,units,0,v41692888,16.2,93.1,,,,1
2000-01,"Toronto, Ontario",2011S0503535,Shelter,2002=100,17,units,0,v41692889,16.79,92.2,,,,1
2000-01,"Toronto, Ontario",2011S0503535,Rented accommodation,2002=100,17,units,0,v41692890,16.80,94.1,,,,1
2000-02,Canada,2016A000011124,All-items,2002=100,17,units,0,v41690973,2.2,94.1,,,,1
2000-02,Canada,2016A000011124,Shelter,2002=100,17,units,0,v41691050,2.79,94.4,,,,1
2000-02,Canada,2016A000011124,Rented accommodation,2002=100,17,units,0,v41691051,2.80,96.0,,,,1
2000-02,Canada,2016A000011124,Rent,2002=100,17,units,0,v41691052,2.81,96.1,,,,1
2000-02,Ontario,2016A000235,All-items,2002=100,17,units,0,v41691919,14.2,93.9,,,,1
2000-02,Ontario,2016A000235,Shelter,2002=100,17,units,0,v41691952,14.79,92.8,,,,1
2000-02,Ontario,2016A000235,Rented accommodation,2002=100,17,units,0,v41691953,14.80,95.1,,,,1
2000-02,Ontario,2016A000235,Rent,2002=100,17,units,0,v41691954,14.81,95.2,,,,1
2000-02,"Toronto, Ontario",2011S0503535,All-items,2002=100,17,units,0,v41692888,16.2,93.9,,,,1
2000-02,"Toronto, Ontario",2011S0503535,Shelter,2002=100,17,units,0,v41692889,16.79,92.9,,,,1
2000-02,"Toronto, Ontario",2011S0503535,Rented accommodation,2002=100,17,units,0,v41692890,16.80,94.2,,,,1
2000-03,Canada,2016A000011124,All-items,2002=100,17,units,0,v41690973,2.2,94.8,,,,1
2000-03,Canada,2016A000011124,Shelter,2002=100,17,units,0,v41691050,2.79,94.5,,,,1
2000-03,Canada,2016A000011124,Rented accommodation,2002=100,17,units,0,v41691051,2.80,96.1,,,,1
2000-03,Canada,2016A000011124,Rent,2002=100,17,units,0,v41691052,2.81,96.2,,,,1
2000-03,Ontario,2016A000235,All-items,2002=100,17,units,0,v41691919,14.2,94.7,,,,1
2000-03,Ontario,2016A000235,Shelter,2002=100,17,units,0,v41691952,14.79,92.9,,,,1
2000-03,Ontario,2016A000235,Rented accommodation,2002=100,17,units,0,v41691953,14.80,95.2,,,,1
2000-03,Ontario,2016A000235,Rent,2002=100,17,units,0,v41691954,14.81,95.3,,,,1
2000-03,"Toronto, Ontario",2011S0503535,All-items,2002=100,17,units,0,v41692888,16.2,94.5,,,,1
2000-03,"Toronto, Ontario",2011S0503535,Shelter,2002=100,17,units,0,v41692889,16.79,92.9,,,,1
2000-03,"Toronto, Ontario",2011S0503535,Rented accommodation,2002=100,17,units,0,v41692890,16.80,94.3,,,,1
2000-04,Canada,2016A000011124,All-items,2002=100,17,units,0,v41690973,2.2,94.5,,,,1
2000-04,Canada,2016A000011124,Shelter,2002=100,17,units,0,v41691050,2.79,94.5,,,,1
2000-04,Canada,2016A000011124,Rented accommodation,2002=100,17,units,0,v41691051,2.80,96.3,,,,1
2000-04,Canada,2016A000011124,Rent,2002=100,17,units,0,v41691052,2.81,96.3,,,,1
2000-04,Ontario,2016A000235,All-items,2002=100,17,units,0,v41691919,14.2,94.1,,,,1
2000-04,Ontario,2016A000235,Shelter,2002=100,17,units,0,v41691952,14.79,92.8,,,,1
2000-04,Ontario,2016A000235,Rented accommodation,2002=100,17,units,0,v41691953,14.80,95.4,,,,1
2000-04,Ontario,2016A000235,Rent,2002=100,17,units,0,v41691954,14.81,95.4,,,,1
2000-04,"Toronto, Ontario",2011S0503535,All-items,2002=100,17,units,0,v41692888,16.2,94.0,,,,1
2000-04,"Toronto, Ontario",2011S0503535,Shelter,2002=100,17,units,0,v41692889,16.79,92.7,,,,1
2000-04,"Toronto, Ontario",2011S0503535,Rented accommodation,2002=100,17,units,0,v41692890,16.80,94.6,,,,1
2000-05,Canada,2016A000011124,All-items,2002=100,17,units,0,v41690973,2.2,94.9,,,,1
2000-05,Canada,2016A000011124,Shelter,2002=100,17,units,0,v41691050,2.79,94.7,,,,1
2000-05,Canada,2016A000011124,Rented accommodation,2002=100,17,units,0,v41691051,2.80,96.3,,,,1
2000-05,Canada,2016A000011124,Rent,2002=100,17,units,0,v41691052,2.81,96.4,,,,1
2000-05,Ontario,2016A000235,All-items,2002=100,17,units,0,v41691919,14.2,94.7,,,,1
2000-05,Ontario,2016A000235,Shelter,2002=100,17,units,0,v41691952,14.79,92.9,,,,1
2000-05,Ontario,2016A000235,Rented accommodation,2002=100,17,units,0,v41691953,14.80,95.5,,,,1
2000-05,Ontario,2016A000235,Rent,2002=100,17,units,0,v41691954,14.81,95.5,,,,1
2000-05,"Toronto, Ontario",2011S0503535,All-items,2002=100,17,units,0,v41692888,16.2,94.6,,,,1
2000-05,"Toronto, Ontario",2011S0503535,Shelter,2002=100,17,units,0,v41692889,16.79,92.9,,,,1
2000-05,"Toronto, Ontario",2011S0503535,Rented accommodation,2002=100,17,units,0,v41692890,16.80,94.7,,,,1
2000-06,Canada,2016A000011124,All-items,2002=100,17,units,0,v41690973,2.2,95.5,,,,1
2000-06,Canada,2016A000011124,Shelter,2002=100,17,units,0,v41691050,2.79,95.0,,,,1
2000-06,Canada,2016A000011124,Rented accommodation,2002=100,17,units,0,v41691051,2.80,96.4,,,,1
2000-06,Canada,2016A000011124,Rent,2002=100,17,units,0,v41691052,2.81,96.5,,,,1
2000-06,Ontario,2016A000235,All-items,2002=100,17,units,0,v41691919,14.2,95.3,,,,1
2000-06,Ontario,2016A000235,Shelter,2002=100,17,units,0,v41691952,14.79,93.4,,,,1
2000-06,Ontario,2016A000235,Rented accommodation,2002=100,17,units,0,v41691953,14.80,95.6,,,,1
2000-06,Ontario,2016A000235,Rent,2002=100,17,units,0,v41691954,14.81,95.7,,,,1
2000-06,"Toronto, Ontario",2011S0503535,All-items,2002=100,17,units,0,v41692888,16.2,95.3,,,,1
2000-06,"Toronto, Ontario",2011S0503535,Shelter,2002=100,17,units,0,v41692889,16.79,93.6,,,,1
2000-06,"Toronto, Ontario",2011S0503535,Rented accommodation,2002=100,17,units,0,v41692890,16.80,94.9,,,,1
2000-07,Canada,2016A000011124,All-items,2002=100,17,units,0,v41690973,2.2,95.8,,,,1
2000-07,Canada,2016A000011124,Shelter,2002=100,17,units,0,v41691050,2.79,95.5,,,,1
2000-07,Canada,2016A000011124,Rented accommodation,2002=100,17,units,0,v41691051,2.80,96.5,,,,1
2000-07,Canada,2016A000011124,Rent,2002=100,17,units,0,v41691052,2.81,96.6,,,,1
2000-07,Ontario,2016A000235,All-items,2002=100,17,units,0,v41691919,14.2,95.5,,,,1
2000-07,Ontario,2016A000235,Shelter,2002=100,17,units,0,v41691952,14.79,93.7,,,,1
2000-07,Ontario,2016A000235,Rented accommodation,2002=100,17,units,0,v41691953,14.80,95.7,,,,1
2000-07,Ontario,2016A000235,Rent,2002=100,17,units,0,v41691954,14.81,95.8,,,,1
2000-07,"Toronto, Ontario",2011S0503535,All-items,2002=100,17,units,0,v41692888,16.2,95.3,,,,1
2000-07,"Toronto, Ontario",2011S0503535,Shelter,2002=100,17,units,0,v41692889,16.79,93.8,,,,1
2000-07,"Toronto, Ontario",2011S0503535,Rented accommodation,2002=100,17,units,0,v41692890,16.80,95.0,,,,1
2000-08,Canada,2016A000011124,All-items,2002=100,17,units,0,v41690973,2.2,95.7,,,,1
2000-08,Canada,2016A000011124,Shelter,2002=100,17,units,0,v41691050,2.79,95.7,,,,1
2000-08,Canada,2016A000011124,Rented accommodation,2002=100,17,units,0,v41691051,2.80,96.7,,,,1
2000-08,Canada,2016A000011124,Rent,2002=100,17,units,0,v41691052,2.81,96.7,,,,1
2000-08,Ontario,2016A000235,All-items,2002=100,17,units,0,v41691919,14.2,95.3,,,,1
2000-08,Ontario,2016A000235,Shelter,2002=100,17,units,0,v41691952,14.79,93.9,,,,1
2000-08,Ontario,2016A000235,Rented accommodation,2002=100,17,units,0,v41691953,14.80,95.9,,,,1
2000-08,Ontario,2016A000235,Rent,2002=100,17,units,0,v41691954,14.81,96.0,,,,1
2000-08,"Toronto, Ontario",2011S0503535,All-items,2002=100,17,units,0,v41692888,16.2,95.2,,,,1
2000-08,"Toronto, Ontario",2011S0503535,Shelter,2002=100,17,units,0,v41692889,16.79,94.0,,,,1
2000-08,"Toronto, Ontario",2011S0503535,Rented accommodation,2002=100,17,units,0,v41692890,16.80,95.1,,,,1
2000-09,Canada,2016A000011124,All-items,2002=100,17,units,0,v41690973,2.2,96.1,,,,1
2000-09,Canada,2016A000011124,Shelter,2002=100,17,units,0,v41691050,2.79,96.3,,,,1
2000-09,Canada,2016A000011124,Rented accommodation,2002=100,17,units,0,v41691051,2.80,96.7,,,,1
2000-09,Canada,2016A000011124,Rent,2002=100,17,units,0,v41691052,2.81,96.8,,,,1
2000-09,Ontario,2016A000235,All-items,2002=100,17,units,0,v41691919,14.2,95.7,,,,1
2000-09,Ontario,2016A000235,Shelter,2002=100,17,units,0,v41691952,14.79,94.2,,,,1
2000-09,Ontario,2016A000235,Rented accommodation,2002=100,17,units,0,v41691953,14.80,95.9,,,,1
2000-09,Ontario,2016A000235,Rent,2002=100,17,units,0,v41691954,14.81,96.1,,,,1
2000-09,"Toronto, Ontario",2011S0503535,All-items,2002=100,17,units,0,v41692888,16.2,95.6,,,,1
2000-09,"Toronto, Ontario",2011S0503535,Shelter,2002=100,17,units,0,v41692889,16.79,94.0,,,,1
2000-09,"Toronto, Ontario",2011S0503535,Rented accommodation,2002=100,17,units,0,v41692890,16.80,95.1,,,,1
2000-10,Canada,2016A000011124,All-items,2002=100,17,units,0,v41690973,2.2,96.3,,,,1
2000-10,Canada,2016A000011124,Shelter,2002=100,17,units,0,v41691050,2.79,97.2,,,,1
2000-10,Canada,2016A000011124,Rented accommodation,2002=100,17,units,0,v41691051,2.80,96.9,,,,1
2000-10,Canada,2016A000011124,Rent,2002=100,17,units,0,v41691052,2.81,96.9,,,,1
2000-10,Ontario,2016A000235,All-items,2002=100,17,units,0,v41691919,14.2,95.9,,,,1
2000-10,Ontario,2016A000235,Shelter,2002=100,17,units,0,v41691952,14.79,95.5,,,,1
2000-10,Ontario,2016A000235,Rented accommodation,2002=100,17,units,0,v41691953,14.80,96.1,,,,1
2000-10,Ontario,2016A000235,Rent,2002=100,17,units,0,v41691954,14.81,96.2,,,,1
2000-10,"Toronto, Ontario",2011S0503535,All-items,2002=100,17,units,0,v41692888,16.2,95.8,,,,1
2000-10,"Toronto, Ontario",2011S0503535,Shelter,2002=100,17,units,0,v41692889,16.79,95.4,,,,1
2000-10,"Toronto, Ontario",2011S0503535,Rented accommodation,2002=100,17,units,0,v41692890,16.80,95.4,,,,1
2000-11,Canada,2016A000011124,All-items,2002=100,17,units,0,v41690973,2.2,96.6,,,,1
2000-11,Canada,2016A000011124,Shelter,2002=100,17,units,0,v41691050,2.79,97.7,,,,1
2000-11,Canada,2016A000011124,Rented accommodation,2002=100,17,units,0,v41691051,2.80,97.0,,,,1
2000-11,Canada,2016A000011124,Rent,2002=100,17,units,0,v41691052,2.81,97.1,,,,1
2000-11,Ontario,2016A000235,All-items,2002=100,17,units,0,v41691919,14.2,96.5,,,,1
2000-11,Ontario,2016A000235,Shelter,2002=100,17,units,0,v41691952,14.79,96.3,,,,1
2000-11,Ontario,2016A000235,Rented accommodation,2002=100,17,units,0,v41691953,14.80,96.3,,,,1
2000-11,Ontario,2016A000235,Rent,2002=100,17,units,0,v41691954,14.81,96.4,,,,1
2000-11,"Toronto, Ontario",2011S0503535,All-items,2002=100,17,units,0,v41692888,16.2,96.4,,,,1
2000-11,"Toronto, Ontario",2011S0503535,Shelter,2002=100,17,units,0,v41692889,16.79,96.3,,,,1
2000-11,"Toronto, Ontario",2011S0503535,Rented accommodation,2002=100,17,units,0,v41692890,16.80,95.6,,,,1
2000-12,Canada,2016A000011124,All-items,2002=100,17,units,0,v41690973,2.2,96.7,,,,1
2000-12,Canada,2016A000011124,Shelter,2002=100,17,units,0,v41691050,2.79,98.1,,,,1
2000-12,Canada,2016A000011124,Rented accommodation,2002=100,17,units,0,v41691051,2.80,97.1,,,,1
2000-12,Canada,2016A000011124,Rent,2002=100,17,units,0,v41691052,2.81,97.2,,,,1
2000-12,Ontario,2016A000235,All-items,2002=100,17,units,0,v41691919,14.2,96.6,,,,1
2000-12,Ontario,2016A000235,Shelter,2002=100,17,units,0,v41691952,14.79,96.5,,,,1
2000-12,Ontario,2016A000235,Rented accommodation,2002=100,17,units,0,v41691953,14.80,96.5,,,,1
2000-12,Ontario,2016A000235,Rent,2002=100,17,units,0,v41691954,14.81,96.5,,,,1
2000-12,"Toronto, Ontario",2011S0503535,All-items,2002=100,17,units,0,v41692888,16.2,96.4,,,,1
2000-12,"Toronto, Ontario",2011S0503535,Shelter,2002=100,17,units,0,v41692889,16.79,96.5,,,,1
2000-12,"Toronto, Ontario",2011S0503535,Rented accommodation,2002=100,17,units,0,v41692890,16.80,95.9,,,,1
2001-01,Canada,2016A000011124,All-items,2002=100,17,units,0,v41690973,2.2,96.3,,,,1
2001-01,Canada,2016A000011124,Shelter,2002=100,17,units,0,v41691050,2.79,97.5,,,,1
2001-01,Canada,2016A000011124,Rented accommodation,2002=100,17,units,0,v41691051,2.80,97.2,,,,1
2001-01,Canada,2016A000011124,Rent,2002=100,17,units,0,v41691052,2.81,97.3,,,,1
2001-01,Ontario,2016A000235,All-items,2002=100,17,units,0,v41691919,14.2,96.5,,,,1
2001-01,Ontario,2016A000235,Shelter,2002=100,17,units,0,v41691952,14.79,97.3,,,,1
2001-01,Ontario,2016A000235,Rented accommodation,2002=100,17,units,0,v41691953,14.80,96.6,,,,1
2001-01,Ontario,2016A000235,Rent,2002=100,17,units,0,v41691954,14.81,96.7,,,,1
2001-01,"Toronto, Ontario",2011S0503535,All-items,2002=100,17,units,0,v41692888,16.2,96.5,,,,1
2001-01,"Toronto, Ontario",2011S0503535,Shelter,2002=100,17,units,0,v41692889,16.79,97.5,,,,1
2001-01,"Toronto, Ontario",2011S0503535,Rented accommodation,2002=100,17,units,0,v41692890,16.80,96.0,,,,1
2001-02,Canada,2016A000011124,All-items,2002=100,17,units,0,v41690973,2.2,96.8,,,,1
2001-02,Canada,2016A000011124,Shelter,2002=100,17,units,0,v41691050,2.79,97.3,,,,1
2001-02,Canada,2016A000011124,Rented accommodation,2002=100,17,units,0,v41691051,2.80,97.4,,,,1
2001-02,Canada,2016A000011124,Rent,2002=100,17,units,0,v41691052,2.81,97.4,,,,1
2001-02,Ontario,2016A000235,All-items,2002=100,17,units,0,v41691919,14.2,97.1,,,,1
2001-02,Ontario,2016A000235,Shelter,2002=100,17,units,0,v41691952,14.79,97.4,,,,1
2001-02,Ontario,2016A000235,Rented accommodation,2002=100,17,units,0,v41691953,14.80,96.8,,,,1
2001-02,Ontario,2016A000235,Rent,2002=100,17,units,0,v41691954,14.81,96.9,,,,1
2001-02,"Toronto, Ontario",2011S0503535,All-items,2002=100,17,units,0,v41692888,16.2,97.1,,,,1
2001-02,"Toronto, Ontario",2011S0503535,Shelter,2002=100,17,units,0,v41692889,16.79,97.7,,,,1
2001-02,"Toronto, Ontario",2011S0503535,Rented accommodation,2002=100,17,units,0,v41692890,16.80,96.2,,,,1
2001-03,Canada,2016A000011124,All-items,2002=100,17,units,0,v41690973,2.2,97.1,,,,1
2001-03,Canada,2016A000011124,Shelter,2002=100,17,units,0,v41691050,2.79,98.4,,,,1
2001-03,Canada,2016A000011124,Rented accommodation,2002=100,17,units,0,v41691051,2.80,97.5,,,,1
2001-03,Canada,2016A000011124,Rent,2002=100,17,units,0,v41691052,2.81,97.6,,,,1
2001-03,Ontario,2016A000235,All-items,2002=100,17,units,0,v41691919,14.2,97.7,,,,1
2001-03,Ontario,2016A000235,Shelter,2002=100,17,units,0,v41691952,14.79,98.9,,,,1
2001-03,Ontario,2016A000235,Rented accommodation,2002=100,17,units,0,v41691953,14.80,96.9,,,,1
2001-03,Ontario,2016A000235,Rent,2002=100,17,units,0,v41691954,14.81,97.0,,,,1
2001-03,"Toronto, Ontario",2011S0503535,All-items,2002=100,17,units,0,v41692888,16.2,97.7,,,,1
2001-03,"Toronto, Ontario",2011S0503535,Shelter,2002=100,17,units,0,v41692889,16.79,99.2,,,,1
2001-03,"Toronto, Ontario",2011S0503535,Rented accommodation,2002=100,17,units,0,v41692890,16.80,96.4,,,,1
2001-04,Canada,2016A000011124,All-items,2002=100,17,units,0,v41690973,2.2,97.8,,,,1
2001-04,Canada,2016A000011124,Shelter,2002=100,17,units,0,v41691050,2.79,98.9,,,,1
2001-04,Canada,2016A000011124,Rented accommodation,2002=100,17,units,0,v41691051,2.80,97.6,,,,1
2001-04,Canada,2016A000011124,Rent,2002=100,17,units,0,v41691052,2.81,97.7,,,,1
2001-04,Ontario,2016A000235,All-items,2002=100,17,units,0,v41691919,14.2,98.1,,,,1
2001-04,Ontario,2016A000235,Shelter,2002=100,17,units,0,v41691952,14.79,98.8,,,,1
2001-04,Ontario,2016A000235,Rented accommodation,2002=100,17,units,0,v41691953,14.80,97.1,,,,1
2001-04,Ontario,2016A000235,Rent,2002=100,17,units,0,v41691954,14.81,97.1,,,,1
2001-04,"Toronto, Ontario",2011S0503535,All-items,2002=100,17,units,0,v41692888,16.2,98.2,,,,1
2001-04,"Toronto, Ontario",2011S0503535,Shelter,2002=100,17,units,0,v41692889,16.79,98.9,,,,1
2001-04,"Toronto, Ontario",2011S0503535,Rented accommodation,2002=100,17,units,0,v41692890,16.80,96.6,,,,1
2001-05,Canada,2016A000011124,All-items,2002=100,17,units,0,v41690973,2.2,98.6,,,,1
2001-05,Canada,2016A000011124,Shelter,2002=100,17,units,0,v41691050,2.79,100.0,,,,1
2001-05,Canada,2016A000011124,Rented accommodation,2002=100,17,units,0,v41691051,2.80,97.8,,,,1
2001-05,Canada,2016A000011124,Rent,2002=100,17,units,0,v41691052,2.81,97.8,,,,1
2001-05,Ontario,2016A000235,All-items,2002=100,17,units,0,v41691919,14.2,98.7,,,,1
2001-05,Ontario,2016A000235,Shelter,2002=100,17,units,0,v41691952,14.79,99.0,,,,1
2001-05,Ontario,2016A000235,Rented accommodation,2002=100,17,units,0,v41691953,14.80,97.3,,,,1
2001-05,Ontario,2016A000235,Rent,2002=100,17,units,0,v41691954,14.81,97.3,,,,1
2001-05,"Toronto, Ontario",2011S0503535,All-items,2002=100,17,units,0,v41692888,16.2,98.6,,,,1
2001-05,"Toronto, Ontario",2011S0503535,Shelter,2002=100,17,units,0,v41692889,16.79,99.0,,,,1
2001-05,"Toronto, Ontario",2011S0503535,Rented accommodation,2002=100,17,units,0,v41692890,16.80,96.9,,,,1
2001-06,Canada,2016A000011124,All-items,2002=100,17,units,0,v41690973,2.2,98.7,,,,1
2001-06,Canada,2016A000011124,Shelter,2002=100,17,units,0,v41691050,2.79,100.3,,,,1
2001-06,Canada,2016A000011124,Rented accommodation,2002=100,17,units,0,v41691051,2.80,97.9,,,,1
2001-06,Canada,2016A000011124,Rent,2002=100,17,units,0,v41691052,2.81,98.0,,,,1
2001-06,Ontario,2016A000235,All-items,2002=100,17,units,0,v41691919,14.2,98.7,,,,1
2001-06,Ontario,2016A000235,Shelter,2002=100,17,units,0,v41691952,14.79,99.6,,,,1
2001-06,Ontario,2016A000235,Rented accommodation,2002=100,17,units,0,v41691953,14.80,97.5,,,,1
2001-06,Ontario,2016A000235,Rent,2002=100,17,units,0,v41691954,14.81,97.5,,,,1
2001-06,"Toronto, Ontario",2011S0503535,All-items,2002=100,17,units,0,v41692888,16.2,98.4,,,,1
2001-06,"Toronto, Ontario",2011S0503535,Shelter,2002=100,17,units,0,v41692889,16.79,99.5,,,,1
2001-06,"Toronto, Ontario",2011S0503535,Rented accommodation,2002=100,17,units,0,v41692890,16.80,97.0,,,,1
2001-07,Canada,2016A000011124,All-items,2002=100,17,units,0,v41690973,2.2,98.4,,,,1
2001-07,Canada,2016A000011124,Shelter,2002=100,17,units,0,v41691050,2.79,99.9,,,,1
2001-07,Canada,2016A000011124,Rented accommodation,2002=100,17,units,0,v41691051,2.80,98.1,,,,1
2001-07,Canada,2016A000011124,Rent,2002=100,17,units,0,v41691052,2.81,98.1,,,,1
2001-07,Ontario,2016A000235,All-items,2002=100,17,units,0,v41691919,14.2,98.5,,,,1
2001-07,Ontario,2016A000235,Shelter,2002=100,17,units,0,v41691952,14.79,99.8,,,,1
2001-07,Ontario,2016A000235,Rented accommodation,2002=100,17,units,0,v41691953,14.80,97.6,,,,1
2001-07,Ontario,2016A000235,Rent,2002=100,17,units,0,v41691954,14.81,97.7,,,,1
2001-07,"Toronto, Ontario",2011S0503535,All-items,2002=100,17,units,0,v41692888,16.2,98.3,,,,1
2001-07,"Toronto, Ontario",2011S0503535,Shelter,2002=100,17,units,0,v41692889,16.79,99.6,,,,1
2001-07,"Toronto, Ontario",2011S0503535,Rented accommodation,2002=100,17,units,0,v41692890,16.80,97.3,,,,1
2001-08,Canada,2016A000011124,All-items,2002=100,17,units,0,v41690973,2.2,98.4,,,,1
2001-08,Canada,2016A000011124,Shelter,2002=100,17,units,0,v41691050,2.79,99.9,,,,1
2001-08,Canada,2016A000011124,Rented accommodation,2002=100,17,units,0,v41691051,2.80,98.3,,,,1
2001-08,Canada,2016A000011124,Rent,2002=100,17,units,0,v41691052,2.81,98.4,,,,1
2001-08,Ontario,2016A000235,All-items,2002=100,17,units,0,v41691919,14.2,98.5,,,,1
2001-08,Ontario,2016A000235,Shelter,2002=100,17,units,0,v41691952,14.79,99.7,,,,1
2001-08,Ontario,2016A000235,Rented accommodation,2002=100,17,units,0,v41691953,14.80,97.8,,,,1
2001-08,Ontario,2016A000235,Rent,2002=100,17,units,0,v41691954,14.81,97.9,,,,1
2001-08,"Toronto, Ontario",2011S0503535,All-items,2002=100,17,units,0,v41692888,16.2,98.2,,,,1
2001-08,"Toronto, Ontario",2011S0503535,Shelter,2002=100,17,units,0,v41692889,16.79,99.4,,,,1
2001-08,"Toronto, Ontario",2011S0503535,Rented accommodation,2002=100,17,units,0,v41692890,16.80,97.5,,,,1
2001-09,Canada,2016A000011124,All-items,2002=100,17,units,0,v41690973,2.2,98.6,,,,1
2001-09,Canada,2016A000011124,Shelter,2002=100,17,units,0,v41691050,2.79,99.6,,,,1
2001-09,Canada,2016A000011124,Rented accommodation,2002=100,17,units,0,v41691051,2.80,98.4,,,,1
2001-09,Canada,2016A000011124,Rent,2002=100,17,units,0,v41691052,2.81,98.5,,,,1
2001-09,Ontario,2016A000235,All-items,2002=100,17,units,0,v41691919,14.2,98.7,,,,1
2001-09,Ontario,2016A000235,Shelter,2002=100,17,units,0,v41691952,14.79,99.2,,,,1
2001-09,Ontario,2016A000235,Rented accommodation,2002=100,17,units,0,v41691953,14.80,98.0,,,,1
2001-09,Ontario,2016A000235,Rent,2002=100,17,units,0,v41691954,14.81,98.1,,,,1
2001-09,"Toronto, Ontario",2011S0503535,All-items,2002=100,17,units,0,v41692888,16.2,98.4,,,,1
2001-09,"Toronto, Ontario",2011S0503535,Shelter,2002=100,17,units,0,v41692889,16.79,98.7,,,,1
2001-09,"Toronto, Ontario",2011S0503535,Rented accommodation,2002=100,17,units,0,v41692890,16.80,97.6,,,,1
2001-10,Canada,2016A000011124,All-items,2002=100,17,units,0,v41690973,2.2,98.1,,,,1
2001-10,Canada,2016A000011124,Shelter,2002=100,17,units,0,v41691050,2.79,99.8,,,,1
2001-10,Canada,2016A000011124,Rented accommodation,2002=100,17,units,0,v41691051,2.80,98.7,,,,1
2001-10,Canada,2016A000011124,Rent,2002=100,17,units,0,v41691052,2.81,98.7,,,,1
2001-10,Ontario,2016A000235,All-items,2002=100,17,units,0,v41691919,14.2,98.4,,,,1
2001-10,Ontario,2016A000235,Shelter,2002=100,17,units,0,v41691952,14.79,99.9,,,,1
2001-10,Ontario,2016A000235,Rented accommodation,2002=100,17,units,0,v41691953,14.80,98.3,,,,1
2001-10,Ontario,2016A000235,Rent,2002=100,17,units,0,v41691954,14.81,98.3,,,,1
2001-10,"Toronto, Ontario",2011S0503535,All-items,2002=100,17,units,0,v41692888,16.2,98.3,,,,1
2001-10,"Toronto, Ontario",2011S0503535,Shelter,2002=100,17,units,0,v41692889,16.79,99.7,,,,1
2001-10,"Toronto, Ontario",2011S0503535,Rented accommodation,2002=100,17,units,0,v41692890,16.80,98.0,,,,1
2001-11,Canada,2016A000011124,All-items,2002=100,17,units,0,v41690973,2.2,97.2,,,,1
2001-11,Canada,2016A000011124,Shelter,2002=100,17,units,0,v41691050,2.79,98.4,,,,1
2001-11,Canada,2016A000011124,Rented accommodation,2002=100,17,units,0,v41691051,2.80,98.8,,,,1
2001-11,Canada,2016A000011124,Rent,2002=100,17,units,0,v41691052,2.81,98.9,,,,1
2001-11,Ontario,2016A000235,All-items,2002=100,17,units,0,v41691919,14.2,97.7,,,,1
2001-11,Ontario,2016A000235,Shelter,2002=100,17,units,0,v41691952,14.79,99.3,,,,1
2001-11,Ontario,2016A000235,Rented accommodation,2002=100,17,units,0,v41691953,14.80,98.5,,,,1
2001-11,Ontario,2016A000235,Rent,2002=100,17,units,0,v41691954,14.81,98.5,,,,1
2001-11,"Toronto, Ontario",2011S0503535,All-items,2002=100,17,units,0,v41692888,16.2,97.8,,,,1
2001-11,"Toronto, Ontario",2011S0503535,Shelter,2002=100,17,units,0,v41692889,16.79,99.7,,,,1
2001-11,"Toronto, Ontario",2011S0503535,Rented accommodation,2002=100,17,units,0,v41692890,16.80,98.2,,,,1
2001-12,Canada,2016A000011124,All-items,2002=100,17,units,0,v41690973,2.2,97.4,,,,1
2001-12,Canada,2016A000011124,Shelter,2002=100,17,units,0,v41691050,2.79,98.9,,,,1
2001-12,Canada,2016A000011124,Rented accommodation,2002=100,17,units,0,v41691051,2.80,98.9,,,,1
2001-12,Canada,2016A000011124,Rent,2002=100,17,units,0,v41691052,2.81,99.0,,,,1
2001-12,Ontario,2016A000235,All-items,2002=100,17,units,0,v41691919,14.2,97.7,,,,1
2001-12,Ontario,2016A000235,Shelter,2002=100,17,units,0,v41691952,14.79,99.5,,,,1
2001-12,Ontario,2016A000235,Rented accommodation,2002=100,17,units,0,v41691953,14.80,98.6,,,,1
2001-12,Ontario,2016A000235,Rent,2002=100,17,units,0,v41691954,14.81,98.7,,,,1
2001-12,"Toronto, Ontario",2011S0503535,All-items,2002=100,17,units,0,v41692888,16.2,98.0,,,,1
2001-12,"Toronto, Ontario",2011S0503535,Shelter,2002=100,17,units,0,v41692889,16.79,100.2,,,,1
2001-12,"Toronto, Ontario",2011S0503535,Rented accommodation,2002=100,17,units,0,v41692890,16.80,98.4,,,,1
2002-01,Canada,2016A000011124,All-items,2002=100,17,units,0,v41690973,2.2,97.6,,,,1
2002-01,Canada,2016A000011124,Shelter,2002=100,17,units,0,v41691050,2.79,99.3,,,,1
2002-01,Canada,2016A000011124,Rented accommodation,2002=100,17,units,0,v41691051,2.80,99.1,,,,1
2002-01,Canada,2016A000011124,Rent,2002=100,17,units,0,v41691052,2.81,99.1,,,,1
2002-01,Ontario,2016A000235,All-items,2002=100,17,units,0,v41691919,14.2,97.7,,,,1
2002-01,Ontario,2016A000235,Shelter,2002=100,17,units,0,v41691952,14.79,99.5,,,,1
2002-01,Ontario,2016A000235,Rented accommodation,2002=100,17,units,0,v41691953,14.80,98.8,,,,1
2002-01,Ontario,2016A000235,Rent,2002=100,17,units,0,v41691954,14.81,98.8,,,,1
2002-01,"Toronto, Ontario",2011S0503535,All-items,2002=100,17,units,0,v41692888,16.2,97.7,,,,1
2002-01,"Toronto, Ontario",2011S0503535,Shelter,2002=100,17,units,0,v41692889,16.79,99.8,,,,1
2002-01,"Toronto, Ontario",2011S0503535,Rented accommodation,2002=100,17,units,0,v41692890,16.80,98.6,,,,1
2002-02,Canada,2016A000011124,All-items,2002=100,17,units,0,v41690973,2.2,98.2,,,,1
2002-02,Canada,2016A000011124,Shelter,2002=100,17,units,0,v41691050,2.79,99.4,,,,1
2002-02,Canada,2016A000011124,Rented accommodation,2002=100,17,units,0,v41691051,2.80,99.2,,,,1
2002-02,Canada,2016A000011124,Rent,2002=100,17,units,0,v41691052,2.81,99.3,,,,1
2002-02,Ontario,2016A000235,All-items,2002=100,17,units,0,v41691919,14.2,98.4,,,,1
2002-02,Ontario,2016A000235,Shelter,2002=100,17,units,0,v41691952,14.79,99.6,,,,1
2002-02,Ontario,2016A000235,Rented accommodation,2002=100,17,units,0,v41691953,14.80,99.1,,,,1
2002-02,Ontario,2016A000235,Rent,2002=100,17,units,0,v41691954,14.81,99.1,,,,1
2002-02,"Toronto, Ontario",2011S0503535,All-items,2002=100,17,units,0,v41692888,16.2,98.5,,,,1
2002-02,"Toronto, Ontario",2011S0503535,Shelter,2002=100,17,units,0,v41692889,16.79,99.9,,,,1
2002-02,"Toronto, Ontario",2011S0503535,Rented accommodation,2002=100,17,units,0,v41692890,16.80,98.9,,,,1
2002-03,Canada,2016A000011124,All-items,2002=100,17,units,0,v41690973,2.2,98.9,,,,1
2002-03,Canada,2016A000011124,Shelter,2002=100,17,units,0,v41691050,2.79,99.4,,,,1
2002-03,Canada,2016A000011124,Rented accommodation,2002=100,17,units,0,v41691051,2.80,99.3,,,,1
2002-03,Canada,2016A000011124,Rent,2002=100,17,units,0,v41691052,2.81,99.4,,,,1
2002-03,Ontario,2016A000235,All-items,2002=100,17,units,0,v41691919,14.2,99.5,,,,1
2002-03,Ontario,2016A000235,Shelter,2002=100,17,units,0,v41691952,14.79,100.4,,,,1
2002-03,Ontario,2016A000235,Rented accommodation,2002=100,17,units,0,v41691953,14.80,99.2,,,,1
2002-03,Ontario,2016A000235,Rent,2002=100,17,units,0,v41691954,14.81,99.2,,,,1
2002-03,"Toronto, Ontario",2011S0503535,All-items,2002=100,17,units,0,v41692888,16.2,99.6,,,,1
2002-03,"Toronto, Ontario",2011S0503535,Shelter,2002=100,17,units,0,v41692889,16.79,100.7,,,,1
2002-03,"Toronto, Ontario",2011S0503535,Rented accommodation,2002=100,17,units,0,v41692890,16.80,99.0,,,,1
2002-04,Canada,2016A000011124,All-items,2002=100,17,units,0,v41690973,2.2,99.5,,,,1
2002-04,Canada,2016A000011124,Shelter,2002=100,17,units,0,v41691050,2.79,99.1,,,,1
2002-04,Canada,2016A000011124,Rented accommodation,2002=100,17,units,0,v41691051,2.80,99.6,,,,1
2002-04,Canada,2016A000011124,Rent,2002=100,17,units,0,v41691052,2.81,99.5,,,,1
2002-04,Ontario,2016A000235,All-items,2002=100,17,units,0,v41691919,14.2,99.5,,,,1
2002-04,Ontario,2016A000235,Shelter,2002=100,17,units,0,v41691952,14.79,99.1,,,,1
2002-04,Ontario,2016A000235,Rented accommodation,2002=100,17,units,0,v41691953,14.80,99.5,,,,1
2002-04,Ontario,2016A000235,Rent,2002=100,17,units,0,v41691954,14.81,99.4,,,,1
2002-04,"Toronto, Ontario",2011S0503535,All-items,2002=100,17,units,0,v41692888,16.2,99.5,,,,1
2002-04,"Toronto, Ontario",2011S0503535,Shelter,2002=100,17,units,0,v41692889,16.79,99.1,,,,1
2002-04,"Toronto, Ontario",2011S0503535,Rented accommodation,2002=100,17,units,0,v41692890,16.80,99.4,,,,1
2002-05,Canada,2016A000011124,All-items,2002=100,17,units,0,v41690973,2.2,99.7,,,,1
2002-05,Canada,2016A000011124,Shelter,2002=100,17,units,0,v41691050,2.79,99.4,,,,1
2002-05,Canada,2016A000011124,Rented accommodation,2002=100,17,units,0,v41691051,2.80,99.8,,,,1
2002-05,Canada,2016A000011124,Rent,2002=100,17,units,0,v41691052,2.81,99.7,,,,1
2002-05,Ontario,2016A000235,All-items,2002=100,17,units,0,v41691919,14.2,99.5,,,,1
2002-05,Ontario,2016A000235,Shelter,2002=100,17,units,0,v41691952,14.79,99.3,,,,1
2002-05,Ontario,2016A000235,Rented accommodation,2002=100,17,units,0,v41691953,14.80,99.8,,,,1
2002-05,Ontario,2016A000235,Rent,2002=100,17,units,0,v41691954,14.81,99.7,,,,1
2002-05,"Toronto, Ontario",2011S0503535,All-items,2002=100,17,units,0,v41692888,16.2,99.6,,,,1
2002-05,"Toronto, Ontario",2011S0503535,Shelter,2002=100,17,units,0,v41692889,16.79,99.3,,,,1
2002-05,"Toronto, Ontario",2011S0503535,Rented accommodation,2002=100,17,units,0,v41692890,16.80,99.7,,,,1
2002-06,Canada,2016A000011124,All-items,2002=100,17,units,0,v41690973,2.2,99.9,,,,1
2002-06,Canada,2016A000011124,Shelter,2002=100,17,units,0,v41691050,2.79,99.3,,,,1
2002-06,Canada,2016A000011124,Rented accommodation,2002=100,17,units,0,v41691051,2.80,99.9,,,,1
2002-06,Canada,2016A000011124,Rent,2002=100,17,units,0,v41691052,2.81,99.9,,,,1
2002-06,Ontario,2016A000235,All-items,2002=100,17,units,0,v41691919,14.2,99.8,,,,1
2002-06,Ontario,2016A000235,Shelter,2002=100,17,units,0,v41691952,14.79,99.0,,,,1
2002-06,Ontario,2016A000235,Rented accommodation,2002=100,17,units,0,v41691953,14.80,100.0,,,,1
2002-06,Ontario,2016A000235,Rent,2002=100,17,units,0,v41691954,14.81,99.9,,,,1
2002-06,"Toronto, Ontario",2011S0503535,All-items,2002=100,17,units,0,v41692888,16.2,100.0,,,,1
2002-06,"Toronto, Ontario",2011S0503535,Shelter,2002=100,17,units,0,v41692889,16.79,99.6,,,,1
2002-06,"Toronto, Ontario",2011S0503535,Rented accommodation,2002=100,17,units,0,v41692890,16.80,99.9,,,,1
2002-07,Canada,2016A000011124,All-items,2002=100,17,units,0,v41690973,2.2,100.5,,,,1
2002-07,Canada,2016A000011124,Shelter,2002=100,17,units,0,v41691050,2.79,99.5,,,,1
2002-07,Canada,2016A000011124,Rented accommodation,2002=100,17,units,0,v41691051,2.80,100.0,,,,1
2002-07,Canada,2016A000011124,Rent,2002=100,17,units,0,v41691052,2.81,100.0,,,,1
2002-07,Ontario,2016A000235,All-items,2002=100,17,units,0,v41691919,14.2,100.5,,,,1
2002-07,Ontario,2016A000235,Shelter,2002=100,17,units,0,v41691952,14.79,99.4,,,,1
2002-07,Ontario,2016A000235,Rented accommodation,2002=100,17,units,0,v41691953,14.80,100.1,,,,1
2002-07,Ontario,2016A000235,Rent,2002=100,17,units,0,v41691954,14.81,100.1,,,,1
2002-07,"Toronto, Ontario",2011S0503535,All-items,2002=100,17,units,0,v41692888,16.2,100.3,,,,1
2002-07,"Toronto, Ontario",2011S0503535,Shelter,2002=100,17,units,0,v41692889,16.79,98.9,,,,1
2002-07,"Toronto, Ontario",2011S0503535,Rented accommodation,2002=100,17,units,0,v41692890,16.80,100.2,,,,1
2002-08,Canada,2016A000011124,All-items,2002=100,17,units,0,v41690973,2.2,100.9,,,,1
2002-08,Canada,2016A000011124,Shelter,2002=100,17,units,0,v41691050,2.79,100.3,,,,1
2002-08,Canada,2016A000011124,Rented accommodation,2002=100,17,units,0,v41691051,2.80,100.3,,,,1
2002-08,Canada,2016A000011124,Rent,2002=100,17,units,0,v41691052,2.81,100.3,,,,1
2002-08,Ontario,2016A000235,All-items,2002=100,17,units,0,v41691919,14.2,101.3,,,,1
2002-08,Ontario,2016A000235,Shelter,2002=100,17,units,0,v41691952,14.79,101.5,,,,1
2002-08,Ontario,2016A000235,Rented accommodation,2002=100,17,units,0,v41691953,14.80,100.4,,,,1
2002-08,Ontario,2016A000235,Rent,2002=100,17,units,0,v41691954,14.81,100.3,,,,1
2002-08,"Toronto, Ontario",2011S0503535,All-items,2002=100,17,units,0,v41692888,16.2,100.8,,,,1
2002-08,"Toronto, Ontario",2011S0503535,Shelter,2002=100,17,units,0,v41692889,16.79,100.2,,,,1
2002-08,"Toronto, Ontario",2011S0503535,Rented accommodation,2002=100,17,units,0,v41692890,16.80,100.5,,,,1
2002-09,Canada,2016A000011124,All-items,2002=100,17,units,0,v41690973,2.2,100.9,,,,1
2002-09,Canada,2016A000011124,Shelter,2002=100,17,units,0,v41691050,2.79,100.7,,,,1
2002-09,Canada,2016A000011124,Rented accommodation,2002=100,17,units,0,v41691051,2.80,100.5,,,,1
2002-09,Canada,2016A000011124,Rent,2002=100,17,units,0,v41691052,2.81,100.5,,,,1
2002-09,Ontario,2016A000235,All-items,2002=100,17,units,0,v41691919,14.2,100.9,,,,1
2002-09,Ontario,2016A000235,Shelter,2002=100,17,units,0,v41691952,14.79,100.9,,,,1
2002-09,Ontario,2016A000235,Rented accommodation,2002=100,17,units,0,v41691953,14.80,100.5,,,,1
2002-09,Ontario,2016A000235,Rent,2002=100,17,units,0,v41691954,14.81,100.5,,,,1
2002-09,"Toronto, Ontario",2011S0503535,All-items,2002=100,17,units,0,v41692888,16.2,100.4,,,,1
2002-09,"Toronto, Ontario",2011S0503535,Shelter,2002=100,17,units,0,v41692889,16.79,99.3,,,,1
2002-09,"Toronto, Ontario",2011S0503535,Rented accommodation,2002=100,17,units,0,v41692890,16.80,100.6,,,,1
2002-10,Canada,2016A000011124,All-items,2002=100,17,units,0,v41690973,2.2,101.2,,,,1
2002-10,Canada,2016A000011124,Shelter,2002=100,17,units,0,v41691050,2.79,101.7,,,,1
2002-10,Canada,2016A000011124,Rented accommodation,2002=100,17,units,0,v41691051,2.80,100.6,,,,1
2002-10,Canada,2016A000011124,Rent,2002=100,17,units,0,v41691052,2.81,100.7,,,,1
2002-10,Ontario,2016A000235,All-items,2002=100,17,units,0,v41691919,14.2,101.1,,,,1
2002-10,Ontario,2016A000235,Shelter,2002=100,17,units,0,v41691952,14.79,101.9,,,,1
2002-10,Ontario,2016A000235,Rented accommodation,2002=100,17,units,0,v41691953,14.80,100.7,,,,1
2002-10,Ontario,2016A000235,Rent,2002=100,17,units,0,v41691954,14.81,100.8,,,,1
2002-10,"Toronto, Ontario",2011S0503535,All-items,2002=100,17,units,0,v41692888,16.2,101.0,,,,1
2002-10,"Toronto, Ontario",2011S0503535,Shelter,2002=100,17,units,0,v41692889,16.79,101.2,,,,1
2002-10,"Toronto, Ontario",2011S0503535,Rented accommodation,2002=100,17,units,0,v41692890,16.80,100.9,,,,1
2002-11,Canada,2016A000011124,All-items,2002=100,17,units,0,v41690973,2.2,101.5,,,,1
2002-11,Canada,2016A000011124,Shelter,2002=100,17,units,0,v41691050,2.79,101.7,,,,1
2002-11,Canada,2016A000011124,Rented accommodation,2002=100,17,units,0,v41691051,2.80,100.7,,,,1
2002-11,Canada,2016A000011124,Rent,2002=100,17,units,0,v41691052,2.81,100.8,,,,1
2002-11,Ontario,2016A000235,All-items,2002=100,17,units,0,v41691919,14.2,101.4,,,,1
2002-11,Ontario,2016A000235,Shelter,2002=100,17,units,0,v41691952,14.79,101.6,,,,1
2002-11,Ontario,2016A000235,Rented accommodation,2002=100,17,units,0,v41691953,14.80,100.9,,,,1
2002-11,Ontario,2016A000235,Rent,2002=100,17,units,0,v41691954,14.81,100.9,,,,1
2002-11,"Toronto, Ontario",2011S0503535,All-items,2002=100,17,units,0,v41692888,16.2,101.3,,,,1
2002-11,"Toronto, Ontario",2011S0503535,Shelter,2002=100,17,units,0,v41692889,16.79,101.3,,,,1
2002-11,"Toronto, Ontario",2011S0503535,Rented accommodation,2002=100,17,units,0,v41692890,16.80,101.1,,,,1
2002-12,Canada,2016A000011124,All-items,2002=100,17,units,0,v41690973,2.2,101.1,,,,1
2002-12,Canada,2016A000011124,Shelter,2002=100,17,units,0,v41691050,2.79,100.1,,,,1
2002-12,Canada,2016A000011124,Rented accommodation,2002=100,17,units,0,v41691051,2.80,100.9,,,,1
2002-12,Canada,2016A000011124,Rent,2002=100,17,units,0,v41691052,2.81,100.9,,,,1
2002-12,Ontario,2016A000235,All-items,2002=100,17,units,0,v41691919,14.2,100.4,,,,1
2002-12,Ontario,2016A000235,Shelter,2002=100,17,units,0,v41691952,14.79,97.7,,,,1
2002-12,Ontario,2016A000235,Rented accommodation,2002=100,17,units,0,v41691953,14.80,101.0,,,,1
2002-12,Ontario,2016A000235,Rent,2002=100,17,units,0,v41691954,14.81,101.1,,,,1
2002-12,"Toronto, Ontario",2011S0503535,All-items,2002=100,17,units,0,v41692888,16.2,101.3,,,,1
2002-12,"Toronto, Ontario",2011S0503535,Shelter,2002=100,17,units,0,v41692889,16.79,100.5,,,,1
2002-12,"Toronto, Ontario",2011S0503535,Rented accommodation,2002=100,17,units,0,v41692890,16.80,101.3,,,,1
2003-01,Canada,2016A000011124,All-items,2002=100,17,units,0,v41690973,2.2,102.0,,,,1
2003-01,Canada,2016A000011124,Shelter,2002=100,17,units,0,v41691050,2.79,102.1,,,,1
2003-01,Canada,2016A000011124,Rented accommodation,2002=100,17,units,0,v41691051,2.80,101.0,,,,1
2003-01,Canada,2016A000011124,Rent,2002=100,17,units,0,v41691052,2.81,101.0,,,,1
2003-01,Ontario,2016A000235,All-items,2002=100,17,units,0,v41691919,14.2,101.9,,,,1
2003-01,Ontario,2016A000235,Shelter,2002=100,17,units,0,v41691952,14.79,101.5,,,,1
2003-01,Ontario,2016A000235,Rented accommodation,2002=100,17,units,0,v41691953,14.80,101.1,,,,1
2003-01,Ontario,2016A000235,Rent,2002=100,17,units,0,v41691954,14.81,101.2,,,,1
2003-01,"Toronto, Ontario",2011S0503535,All-items,2002=100,17,units,0,v41692888,16.2,102.2,,,,1
2003-01,"Toronto, Ontario",2011S0503535,Shelter,2002=100,17,units,0,v41692889,16.79,102.0,,,,1
2003-01,"Toronto, Ontario",2011S0503535,Rented accommodation,2002=100,17,units,0,v41692890,16.80,101.3,,,,1
2003-02,Canada,2016A000011124,All-items,2002=100,17,units,0,v41690973,2.2,102.8,,,,1
2003-02,Canada,2016A000011124,Shelter,2002=100,17,units,0,v41691050,2.79,102.5,,,,1
2003-02,Canada,2016A000011124,Rented accommodation,2002=100,17,units,0,v41691051,2.80,101.1,,,,1
2003-02,Canada,2016A000011124,Rent,2002=100,17,units,0,v41691052,2.81,101.0,,,,1
2003-02,Ontario,2016A000235,All-items,2002=100,17,units,0,v41691919,14.2,102.7,,,,1
2003-02,Ontario,2016A000235,Shelter,2002=100,17,units,0,v41691952,14.79,101.8,,,,1
2003-02,Ontario,2016A000235,Rented accommodation,2002=100,17,units,0,v41691953,14.80,101.2,,,,1
2003-02,Ontario,2016A000235,Rent,2002=100,17,units,0,v41691954,14.81,101.2,,,,1
2003-02,"Toronto, Ontario",2011S0503535,All-items,2002=100,17,units,0,v41692888,16.2,103.0,,,,1
2003-02,"Toronto, Ontario",2011S0503535,Shelter,2002=100,17,units,0,v41692889,16.79,102.2,,,,1
2003-02,"Toronto, Ontario",2011S0503535,Rented accommodation,2002=100,17,units,0,v41692890,16.80,101.4,,,,1
2003-03,Canada,2016A000011124,All-items,2002=100,17,units,0,v41690973,2.2,103.1,,,,1
2003-03,Canada,2016A000011124,Shelter,2002=100,17,units,0,v41691050,2.79,103.2,,,,1
2003-03,Canada,2016A000011124,Rented accommodation,2002=100,17,units,0,v41691051,2.80,101.1,,,,1
2003-03,Canada,2016A000011124,Rent,2002=100,17,units,0,v41691052,2.81,101.1,,,,1
2003-03,Ontario,2016A000235,All-items,2002=100,17,units,0,v41691919,14.2,102.8,,,,1
2003-03,Ontario,2016A000235,Shelter,2002=100,17,units,0,v41691952,14.79,102.2,,,,1
2003-03,Ontario,2016A000235,Rented accommodation,2002=100,17,units,0,v41691953,14.80,101.3,,,,1
2003-03,Ontario,2016A000235,Rent,2002=100,17,units,0,v41691954,14.81,101.3,,,,1
2003-03,"Toronto, Ontario",2011S0503535,All-items,2002=100,17,units,0,v41692888,16.2,103.1,,,,1
2003-03,"Toronto, Ontario",2011S0503535,Shelter,2002=100,17,units,0,v41692889,16.79,102.4,,,,1
2003-03,"Toronto, Ontario",2011S0503535,Rented accommodation,2002=100,17,units,0,v41692890,16.80,101.4,,,,1
2003-04,Canada,2016A000011124,All-items,2002=100,17,units,0,v41690973,2.2,102.4,,,,1
2003-04,Canada,2016A000011124,Shelter,2002=100,17,units,0,v41691050,2.79,102.3,,,,1
2003-04,Canada,2016A000011124,Rented accommodation,2002=100,17,units,0,v41691051,2.80,101.2,,,,1
2003-04,Canada,2016A000011124,Rent,2002=100,17,units,0,v41691052,2.81,101.2,,,,1
2003-04,Ontario,2016A000235,All-items,2002=100,17,units,0,v41691919,14.2,101.8,,,,1
2003-04,Ontario,2016A000235,Shelter,2002=100,17,units,0,v41691952,14.79,100.4,,,,1
2003-04,Ontario,2016A000235,Rented accommodation,2002=100,17,units,0,v41691953,14.80,101.4,,,,1
2003-04,Ontario,2016A000235,Rent,2002=100,17,units,0,v41691954,14.81,101.4,,,,1
2003-04,"Toronto, Ontario",2011S0503535,All-items,2002=100,17,units,0,v41692888,16.2,102.5,,,,1
2003-04,"Toronto, Ontario",2011S0503535,Shelter,2002=100,17,units,0,v41692889,16.79,102.0,,,,1
2003-04,"Toronto, Ontario",2011S0503535,Rented accommodation,2002=100,17,units,0,v41692890,16.80,101.6,,,,1
2003-05,Canada,2016A000011124,All-items,2002=100,17,units,0,v41690973,2.2,102.5,,,,1
2003-05,Canada,2016A000011124,Shelter,2002=100,17,units,0,v41691050,2.79,102.9,,,,1
2003-05,Canada,2016A000011124,Rented accommodation,2002=100,17,units,0,v41691051,2.80,101.3,,,,1
2003-05,Canada,2016A000011124,Rent,2002=100,17,units,0,v41691052,2.81,101.3,,,,1
2003-05,Ontario,2016A000235,All-items,2002=100,17,units,0,v41691919,14.2,102.2,,,,1
2003-05,Ontario,2016A000235,Shelter,2002=100,17,units,0,v41691952,14.79,102.3,,,,1
2003-05,Ontario,2016A000235,Rented accommodation,2002=100,17,units,0,v41691953,14.80,101.5,,,,1
2003-05,Ontario,2016A000235,Rent,2002=100,17,units,0,v41691954,14.81,101.5,,,,1
2003-05,"Toronto, Ontario",2011S0503535,All-items,2002=100,17,units,0,v41692888,16.2,102.4,,,,1
2003-05,"Toronto, Ontario",2011S0503535,Shelter,2002=100,17,units,0,v41692889,16.79,102.7,,,,1
2003-05,"Toronto, Ontario",2011S0503535,Rented accommodation,2002=100,17,units,0,v41692890,16.80,101.7,,,,1
2003-06,Canada,2016A000011124,All-items,2002=100,17,units,0,v41690973,2.2,102.5,,,,1
2003-06,Canada,2016A000011124,Shelter,2002=100,17,units,0,v41691050,2.79,103.4,,,,1
2003-06,Canada,2016A000011124,Rented accommodation,2002=100,17,units,0,v41691051,2.80,101.4,,,,1
2003-06,Canada,2016A000011124,Rent,2002=100,17,units,0,v41691052,2.81,101.3,,,,1
2003-06,Ontario,2016A000235,All-items,2002=100,17,units,0,v41691919,14.2,102.3,,,,1
2003-06,Ontario,2016A000235,Shelter,2002=100,17,units,0,v41691952,14.79,103.1,,,,1
2003-06,Ontario,2016A000235,Rented accommodation,2002=100,17,units,0,v41691953,14.80,101.6,,,,1
2003-06,Ontario,2016A000235,Rent,2002=100,17,units,0,v41691954,14.81,101.6,,,,1
2003-06,"Toronto, Ontario",2011S0503535,All-items,2002=100,17,units,0,v41692888,16.2,102.6,,,,1
2003-06,"Toronto, Ontario",2011S0503535,Shelter,2002=100,17,units,0,v41692889,16.79,103.6,,,,1
2003-06,"Toronto, Ontario",2011S0503535,Rented accommodation,2002=100,17,units,0,v41692890,16.80,101.8,,,,1
2003-07,Canada,2016A000011124,All-items,2002=100,17,units,0,v41690973,2.2,102.6,,,,1
2003-07,Canada,2016A000011124,Shelter,2002=100,17,units,0,v41691050,2.79,103.3,,,,1
2003-07,Canada,2016A000011124,Rented accommodation,2002=100,17,units,0,v41691051,2.80,101.5,,,,1
2003-07,Canada,2016A000011124,Rent,2002=100,17,units,0,v41691052,2.81,101.4,,,,1
2003-07,Ontario,2016A000235,All-items,2002=100,17,units,0,v41691919,14.2,102.5,,,,1
2003-07,Ontario,2016A000235,Shelter,2002=100,17,units,0,v41691952,14.79,103.0,,,,1
2003-07,Ontario,2016A000235,Rented accommodation,2002=100,17,units,0,v41691953,14.80,101.7,,,,1
2003-07,Ontario,2016A000235,Rent,2002=100,17,units,0,v41691954,14.81,101.7,,,,1
2003-07,"Toronto, Ontario",2011S0503535,All-items,2002=100,17,units,0,v41692888,16.2,102.8,,,,1
2003-07,"Toronto, Ontario",2011S0503535,Shelter,2002=100,17,units,0,v41692889,16.79,104.0,,,,1
2003-07,"Toronto, Ontario",2011S0503535,Rented accommodation,2002=100,17,units,0,v41692890,16.80,101.9,,,,1
2003-08,Canada,2016A000011124,All-items,2002=100,17,units,0,v41690973,2.2,102.9,,,,1
2003-08,Canada,2016A000011124,Shelter,2002=100,17,units,0,v41691050,2.79,103.4,,,,1
2003-08,Canada,2016A000011124,Rented accommodation,2002=100,17,units,0,v41691051,2.80,101.7,,,,1
2003-08,Canada,2016A000011124,Rent,2002=100,17,units,0,v41691052,2.81,101.7,,,,1
2003-08,Ontario,2016A000235,All-items,2002=100,17,units,0,v41691919,14.2,103.0,,,,1
2003-08,Ontario,2016A000235,Shelter,2002=100,17,units,0,v41691952,14.79,103.5,,,,1
2003-08,Ontario,2016A000235,Rented accommodation,2002=100,17,units,0,v41691953,14.80,101.8,,,,1
2003-08,Ontario,2016A000235,Rent,2002=100,17,units,0,v41691954,14.81,101.9,,,,1
2003-08,"Toronto, Ontario",2011S0503535,All-items,2002=100,17,units,0,v41692888,16.2,103.4,,,,1
2003-08,"Toronto, Ontario",2011S0503535,Shelter,2002=100,17,units,0,v41692889,16.79,104.2,,,,1
2003-08,"Toronto, Ontario",2011S0503535,Rented accommodation,2002=100,17,units,0,v41692890,16.80,102.1,,,,1
2003-09,Canada,2016A000011124,All-items,2002=100,17,units,0,v41690973,2.2,103.1,,,,1
2003-09,Canada,2016A000011124,Shelter,2002=100,17,units,0,v41691050,2.79,103.6,,,,1
2003-09,Canada,2016A000011124,Rented accommodation,2002=100,17,units,0,v41691051,2.80,101.8,,,,1
2003-09,Canada,2016A000011124,Rent,2002=100,17,units,0,v41691052,2.81,101.8,,,,1
2003-09,Ontario,2016A000235,All-items,2002=100,17,units,0,v41691919,14.2,103.2,,,,1
2003-09,Ontario,2016A000235,Shelter,2002=100,17,units,0,v41691952,14.79,103.6,,,,1
2003-09,Ontario,2016A000235,Rented accommodation,2002=100,17,units,0,v41691953,14.80,101.9,,,,1
2003-09,Ontario,2016A000235,Rent,2002=100,17,units,0,v41691954,14.81,101.9,,,,1
2003-09,"Toronto, Ontario",2011S0503535,All-items,2002=100,17,units,0,v41692888,16.2,103.5,,,,1
2003-09,"Toronto, Ontario",2011S0503535,Shelter,2002=100,17,units,0,v41692889,16.79,104.4,,,,1
2003-09,"Toronto, Ontario",2011S0503535,Rented accommodation,2002=100,17,units,0,v41692890,16.80,102.1,,,,1
2003-10,Canada,2016A000011124,All-items,2002=100,17,units,0,v41690973,2.2,102.8,,,,1
2003-10,Canada,2016A000011124,Shelter,2002=100,17,units,0,v41691050,2.79,103.8,,,,1
2003-10,Canada,2016A000011124,Rented accommodation,2002=100,17,units,0,v41691051,2.80,101.9,,,,1
2003-10,Canada,2016A000011124,Rent,2002=100,17,units,0,v41691052,2.81,101.9,,,,1
2003-10,Ontario,2016A000235,All-items,2002=100,17,units,0,v41691919,14.2,102.9,,,,1
2003-10,Ontario,2016A000235,Shelter,2002=100,17,units,0,v41691952,14.79,103.7,,,,1
2003-10,Ontario,2016A000235,Rented accommodation,2002=100,17,units,0,v41691953,14.80,102.1,,,,1
2003-10,Ontario,2016A000235,Rent,2002=100,17,units,0,v41691954,14.81,102.1,,,,1
2003-10,"Toronto, Ontario",2011S0503535,All-items,2002=100,17,units,0,v41692888,16.2,103.3,,,,1
2003-10,"Toronto, Ontario",2011S0503535,Shelter,2002=100,17,units,0,v41692889,16.79,104.2,,,,1
2003-10,"Toronto, Ontario",2011S0503535,Rented accommodation,2002=100,17,units,0,v41692890,16.80,102.3,,,,1
2003-11,Canada,2016A000011124,All-items,2002=100,17,units,0,v41690973,2.2,103.1,,,,1
2003-11,Canada,2016A000011124,Shelter,2002=100,17,units,0,v41691050,2.79,104.0,,,,1
2003-11,Canada,2016A000011124,Rented accommodation,2002=100,17,units,0,v41691051,2.80,102.0,,,,1
2003-11,Canada,2016A000011124,Rent,2002=100,17,units,0,v41691052,2.81,102.0,,,,1
2003-11,Ontario,2016A000235,All-items,2002=100,17,units,0,v41691919,14.2,103.1,,,,1
2003-11,Ontario,2016A000235,Shelter,2002=100,17,units,0,v41691952,14.79,103.8,,,,1
2003-11,Ontario,2016A000235,Rented accommodation,2002=100,17,units,0,v41691953,14.80,102.2,,,,1
2003-11,Ontario,2016A000235,Rent,2002=100,17,units,0,v41691954,14.81,102.2,,,,1
2003-11,"Toronto, Ontario",2011S0503535,All-items,2002=100,17,units,0,v41692888,16.2,103.7,,,,1
2003-11,"Toronto, Ontario",2011S0503535,Shelter,2002=100,17,units,0,v41692889,16.79,104.7,,,,1
2003-11,"Toronto, Ontario",2011S0503535,Rented accommodation,2002=100,17,units,0,v41692890,16.80,102.4,,,,1
2003-12,Canada,2016A000011124,All-items,2002=100,17,units,0,v41690973,2.2,103.2,,,,1
2003-12,Canada,2016A000011124,Shelter,2002=100,17,units,0,v41691050,2.79,104.4,,,,1
2003-12,Canada,2016A000011124,Rented accommodation,2002=100,17,units,0,v41691051,2.80,102.1,,,,1
2003-12,Canada,2016A000011124,Rent,2002=100,17,units,0,v41691052,2.81,102.1,,,,1
2003-12,Ontario,2016A000235,All-items,2002=100,17,units,0,v41691919,14.2,103.4,,,,1
2003-12,Ontario,2016A000235,Shelter,2002=100,17,units,0,v41691952,14.79,104.4,,,,1
2003-12,Ontario,2016A000235,Rented accommodation,2002=100,17,units,0,v41691953,14.80,102.2,,,,1
2003-12,Ontario,2016A000235,Rent,2002=100,17,units,0,v41691954,14.81,102.3,,,,1
2003-12,"Toronto, Ontario",2011S0503535,All-items,2002=100,17,units,0,v41692888,16.2,104.0,,,,1
2003-12,"Toronto, Ontario",2011S0503535,Shelter,2002=100,17,units,0,v41692889,16.79,105.2,,,,1
2003-12,"Toronto, Ontario",2011S0503535,Rented accommodation,2002=100,17,units,0,v41692890,16.80,102.5,,,,1
2004-01,Canada,2016A000011124,All-items,2002=100,17,units,0,v41690973,2.2,103.3,,,,1
2004-01,Canada,2016A000011124,Shelter,2002=100,17,units,0,v41691050,2.79,104.3,,,,1
2004-01,Canada,2016A000011124,Rented accommodation,2002=100,17,units,0,v41691051,2.80,102.2,,,,1
2004-01,Canada,2016A000011124,Rent,2002=100,17,units,0,v41691052,2.81,102.1,,,,1
2004-01,Ontario,2016A000235,All-items,2002=100,17,units,0,v41691919,14.2,103.4,,,,1
2004-01,Ontario,2016A000235,Shelter,2002=100,17,units,0,v41691952,14.79,103.9,,,,1
2004-01,Ontario,2016A000235,Rented accommodation,2002=100,17,units,0,v41691953,14.80,102.3,,,,1
2004-01,Ontario,2016A000235,Rent,2002=100,17,units,0,v41691954,14.81,102.4,,,,1
2004-01,"Toronto, Ontario",2011S0503535,All-items,2002=100,17,units,0,v41692888,16.2,103.9,,,,1
2004-01,"Toronto, Ontario",2011S0503535,Shelter,2002=100,17,units,0,v41692889,16.79,104.6,,,,1
2004-01,"Toronto, Ontario",2011S0503535,Rented accommodation,2002=100,17,units,0,v41692890,16.80,102.6,,,,1
2004-02,Canada,2016A000011124,All-items,2002=100,17,units,0,v41690973,2.2,103.5,,,,1
2004-02,Canada,2016A000011124,Shelter,2002=100,17,units,0,v41691050,2.79,104.5,,,,1
2004-02,Canada,2016A000011124,Rented accommodation,2002=100,17,units,0,v41691051,2.80,102.2,,,,1
2004-02,Canada,2016A000011124,Rent,2002=100,17,units,0,v41691052,2.81,102.2,,,,1
2004-02,Ontario,2016A000235,All-items,2002=100,17,units,0,v41691919,14.2,103.6,,,,1
2004-02,Ontario,2016A000235,Shelter,2002=100,17,units,0,v41691952,14.79,104.1,,,,1
2004-02,Ontario,2016A000235,Rented accommodation,2002=100,17,units,0,v41691953,14.80,102.4,,,,1
2004-02,Ontario,2016A000235,Rent,2002=100,17,units,0,v41691954,14.81,102.4,,,,1
2004-02,"Toronto, Ontario",2011S0503535,All-items,2002=100,17,units,0,v41692888,16.2,104.1,,,,1
2004-02,"Toronto, Ontario",2011S0503535,Shelter,2002=100,17,units,0,v41692889,16.79,104.8,,,,1
2004-02,"Toronto, Ontario",2011S0503535,Rented accommodation,2002=100,17,units,0,v41692890,16.80,102.7,,,,1
2004-03,Canada,2016A000011124,All-items,2002=100,17,units,0,v41690973,2.2,103.9,,,,1
2004-03,Canada,2016A000011124,Shelter,2002=100,17,units,0,v41691050,2.79,104.6,,,,1
2004-03,Canada,2016A000011124,Rented accommodation,2002=100,17,units,0,v41691051,2.80,102.3,,,,1
2004-03,Canada,2016A000011124,Rent,2002=100,17,units,0,v41691052,2.81,102.2,,,,1
2004-03,Ontario,2016A000235,All-items,2002=100,17,units,0,v41691919,14.2,104.0,,,,1
2004-03,Ontario,2016A000235,Shelter,2002=100,17,units,0,v41691952,14.79,104.4,,,,1
2004-03,Ontario,2016A000235,Rented accommodation,2002=100,17,units,0,v41691953,14.80,102.5,,,,1
2004-03,Ontario,2016A000235,Rent,2002=100,17,units,0,v41691954,14.81,102.5,,,,1
2004-03,"Toronto, Ontario",2011S0503535,All-items,2002=100,17,units,0,v41692888,16.2,104.3,,,,1
2004-03,"Toronto, Ontario",2011S0503535,Shelter,2002=100,17,units,0,v41692889,16.79,104.9,,,,1
2004-03,"Toronto, Ontario",2011S0503535,Rented accommodation,2002=100,17,units,0,v41692890,16.80,102.8,,,,1
2004-04,Canada,2016A000011124,All-items,2002=100,17,units,0,v41690973,2.2,104.1,,,,1
2004-04,Canada,2016A000011124,Shelter,2002=100,17,units,0,v41691050,2.79,105.1,,,,1
2004-04,Canada,2016A000011124,Rented accommodation,2002=100,17,units,0,v41691051,2.80,102.4,,,,1
2004-04,Canada,2016A000011124,Rent,2002=100,17,units,0,v41691052,2.81,102.3,,,,1
2004-04,Ontario,2016A000235,All-items,2002=100,17,units,0,v41691919,14.2,104.1,,,,1
2004-04,Ontario,2016A000235,Shelter,2002=100,17,units,0,v41691952,14.79,105.0,,,,1
2004-04,Ontario,2016A000235,Rented accommodation,2002=100,17,units,0,v41691953,14.80,102.6,,,,1
2004-04,Ontario,2016A000235,Rent,2002=100,17,units,0,v41691954,14.81,102.6,,,,1
2004-04,"Toronto, Ontario",2011S0503535,All-items,2002=100,17,units,0,v41692888,16.2,104.3,,,,1
2004-04,"Toronto, Ontario",2011S0503535,Shelter,2002=100,17,units,0,v41692889,16.79,105.2,,,,1
2004-04,"Toronto, Ontario",2011S0503535,Rented accommodation,2002=100,17,units,0,v41692890,16.80,102.9,,,,1
2004-05,Canada,2016A000011124,All-items,2002=100,17,units,0,v41690973,2.2,105.0,,,,1
2004-05,Canada,2016A000011124,Shelter,2002=100,17,units,0,v41691050,2.79,105.3,,,,1
2004-05,Canada,2016A000011124,Rented accommodation,2002=100,17,units,0,v41691051,2.80,102.4,,,,1
2004-05,Canada,2016A000011124,Rent,2002=100,17,units,0,v41691052,2.81,102.3,,,,1
2004-05,Ontario,2016A000235,All-items,2002=100,17,units,0,v41691919,14.2,105.0,,,,1
2004-05,Ontario,2016A000235,Shelter,2002=100,17,units,0,v41691952,14.79,105.2,,,,1
2004-05,Ontario,2016A000235,Rented accommodation,2002=100,17,units,0,v41691953,14.80,102.7,,,,1
2004-05,Ontario,2016A000235,Rent,2002=100,17,units,0,v41691954,14.81,102.6,,,,1
2004-05,"Toronto, Ontario",2011S0503535,All-items,2002=100,17,units,0,v41692888,16.2,105.1,,,,1
2004-05,"Toronto, Ontario",2011S0503535,Shelter,2002=100,17,units,0,v41692889,16.79,105.5,,,,1
2004-05,"Toronto, Ontario",2011S0503535,Rented accommodation,2002=100,17,units,0,v41692890,16.80,103.0,,,,1
2004-06,Canada,2016A000011124,All-items,2002=100,17,units,0,v41690973,2.2,105.1,,,,1
2004-06,Canada,2016A000011124,Shelter,2002=100,17,units,0,v41691050,2.79,105.7,,,,1
2004-06,Canada,2016A000011124,Rented accommodation,2002=100,17,units,0,v41691051,2.80,102.5,,,,1
2004-06,Canada,2016A000011124,Rent,2002=100,17,units,0,v41691052,2.81,102.4,,,,1
2004-06,Ontario,2016A000235,All-items,2002=100,17,units,0,v41691919,14.2,104.8,,,,1
2004-06,Ontario,2016A000235,Shelter,2002=100,17,units,0,v41691952,14.79,105.3,,,,1
2004-06,Ontario,2016A000235,Rented accommodation,2002=100,17,units,0,v41691953,14.80,102.8,,,,1
2004-06,Ontario,2016A000235,Rent,2002=100,17,units,0,v41691954,14.81,102.7,,,,1
2004-06,"Toronto, Ontario",2011S0503535,All-items,2002=100,17,units,0,v41692888,16.2,104.9,,,,1
2004-06,"Toronto, Ontario",2011S0503535,Shelter,2002=100,17,units,0,v41692889,16.79,105.7,,,,1
2004-06,"Toronto, Ontario",2011S0503535,Rented accommodation,2002=100,17,units,0,v41692890,16.80,103.1,,,,1
2004-07,Canada,2016A000011124,All-items,2002=100,17,units,0,v41690973,2.2,105.0,,,,1
2004-07,Canada,2016A000011124,Shelter,2002=100,17,units,0,v41691050,2.79,106.0,,,,1
2004-07,Canada,2016A000011124,Rented accommodation,2002=100,17,units,0,v41691051,2.80,102.5,,,,1
2004-07,Canada,2016A000011124,Rent,2002=100,17,units,0,v41691052,2.81,102.5,,,,1
2004-07,Ontario,2016A000235,All-items,2002=100,17,units,0,v41691919,14.2,104.9,,,,1
2004-07,Ontario,2016A000235,Shelter,2002=100,17,units,0,v41691952,14.79,106.0,,,,1
2004-07,Ontario,2016A000235,Rented accommodation,2002=100,17,units,0,v41691953,14.80,102.9,,,,1
2004-07,Ontario,2016A000235,Rent,2002=100,17,units,0,v41691954,14.81,102.8,,,,1
2004-07,"Toronto, Ontario",2011S0503535,All-items,2002=100,17,units,0,v41692888,16.2,104.9,,,,1
2004-07,"Toronto, Ontario",2011S0503535,Shelter,2002=100,17,units,0,v41692889,16.79,106.4,,,,1
2004-07,"Toronto, Ontario",2011S0503535,Rented accommodation,2002=100,17,units,0,v41692890,16.80,103.2,,,,1
2004-08,Canada,2016A000011124,All-items,2002=100,17,units,0,v41690973,2.2,104.8,,,,1
2004-08,Canada,2016A000011124,Shelter,2002=100,17,units,0,v41691050,2.79,106.2,,,,1
2004-08,Canada,2016A000011124,Rented accommodation,2002=100,17,units,0,v41691051,2.80,102.7,,,,1
2004-08,Canada,2016A000011124,Rent,2002=100,17,units,0,v41691052,2.81,102.7,,,,1
2004-08,Ontario,2016A000235,All-items,2002=100,17,units,0,v41691919,14.2,104.7,,,,1
2004-08,Ontario,2016A000235,Shelter,2002=100,17,units,0,v41691952,14.79,106.1,,,,1
2004-08,Ontario,2016A000235,Rented accommodation,2002=100,17,units,0,v41691953,14.80,103.0,,,,1
2004-08,Ontario,2016A000235,Rent,2002=100,17,units,0,v41691954,14.81,102.9,,,,1
2004-08,"Toronto, Ontario",2011S0503535,All-items,2002=100,17,units,0,v41692888,16.2,104.7,,,,1
2004-08,"Toronto, Ontario",2011S0503535,Shelter,2002=100,17,units,0,v41692889,16.79,106.5,,,,1
2004-08,"Toronto, Ontario",2011S0503535,Rented accommodation,2002=100,17,units,0,v41692890,16.80,103.3,,,,1
2004-09,Canada,2016A000011124,All-items,2002=100,17,units,0,v41690973,2.2,105.0,,,,1
2004-09,Canada,2016A000011124,Shelter,2002=100,17,units,0,v41691050,2.79,106.5,,,,1
2004-09,Canada,2016A000011124,Rented accommodation,2002=100,17,units,0,v41691051,2.80,102.8,,,,1
2004-09,Canada,2016A000011124,Rent,2002=100,17,units,0,v41691052,2.81,102.7,,,,1
2004-09,Ontario,2016A000235,All-items,2002=100,17,units,0,v41691919,14.2,104.8,,,,1
2004-09,Ontario,2016A000235,Shelter,2002=100,17,units,0,v41691952,14.79,106.3,,,,1
2004-09,Ontario,2016A000235,Rented accommodation,2002=100,17,units,0,v41691953,14.80,103.0,,,,1
2004-09,Ontario,2016A000235,Rent,2002=100,17,units,0,v41691954,14.81,103.0,,,,1
2004-09,"Toronto, Ontario",2011S0503535,All-items,2002=100,17,units,0,v41692888,16.2,104.9,,,,1
2004-09,"Toronto, Ontario",2011S0503535,Shelter,2002=100,17,units,0,v41692889,16.79,106.7,,,,1
2004-09,"Toronto, Ontario",2011S0503535,Rented accommodation,2002=100,17,units,0,v41692890,16.80,103.4,,,,1
2004-10,Canada,2016A000011124,All-items,2002=100,17,units,0,v41690973,2.2,105.2,,,,1
2004-10,Canada,2016A000011124,Shelter,2002=100,17,units,0,v41691050,2.79,107.0,,,,1
2004-10,Canada,2016A000011124,Rented accommodation,2002=100,17,units,0,v41691051,2.80,102.8,,,,1
2004-10,Canada,2016A000011124,Rent,2002=100,17,units,0,v41691052,2.81,102.8,,,,1
2004-10,Ontario,2016A000235,All-items,2002=100,17,units,0,v41691919,14.2,105.0,,,,1
2004-10,Ontario,2016A000235,Shelter,2002=100,17,units,0,v41691952,14.79,106.7,,,,1
2004-10,Ontario,2016A000235,Rented accommodation,2002=100,17,units,0,v41691953,14.80,103.0,,,,1
2004-10,Ontario,2016A000235,Rent,2002=100,17,units,0,v41691954,14.81,103.1,,,,1
2004-10,"Toronto, Ontario",2011S0503535,All-items,2002=100,17,units,0,v41692888,16.2,104.9,,,,1
2004-10,"Toronto, Ontario",2011S0503535,Shelter,2002=100,17,units,0,v41692889,16.79,106.5,,,,1
2004-10,"Toronto, Ontario",2011S0503535,Rented accommodation,2002=100,17,units,0,v41692890,16.80,103.4,,,,1
2004-11,Canada,2016A000011124,All-items,2002=100,17,units,0,v41690973,2.2,105.6,,,,1
2004-11,Canada,2016A000011124,Shelter,2002=100,17,units,0,v41691050,2.79,107.4,,,,1
2004-11,Canada,2016A000011124,Rented accommodation,2002=100,17,units,0,v41691051,2.80,102.9,,,,1
2004-11,Canada,2016A000011124,Rent,2002=100,17,units,0,v41691052,2.81,102.9,,,,1
2004-11,Ontario,2016A000235,All-items,2002=100,17,units,0,v41691919,14.2,105.4,,,,1
2004-11,Ontario,2016A000235,Shelter,2002=100,17,units,0,v41691952,14.79,107.0,,,,1
2004-11,Ontario,2016A000235,Rented accommodation,2002=100,17,units,0,v41691953,14.80,103.2,,,,1
2004-11,Ontario,2016A000235,Rent,2002=100,17,units,0,v41691954,14.81,103.2,,,,1
2004-11,"Toronto, Ontario",2011S0503535,All-items,2002=100,17,units,0,v41692888,16.2,105.2,,,,1
2004-11,"Toronto, Ontario",2011S0503535,Shelter,2002=100,17,units,0,v41692889,16.79,106.7,,,,1
2004-11,"Toronto, Ontario",2011S0503535,Rented accommodation,2002=100,17,units,0,v41692890,16.80,103.5,,,,1
2004-12,Canada,2016A000011124,All-items,2002=100,17,units,0,v41690973,2.2,105.4,,,,1
2004-12,Canada,2016A000011124,Shelter,2002=100,17,units,0,v41691050,2.79,107.4,,,,1
2004-12,Canada,2016A000011124,Rented accommodation,2002=100,17,units,0,v41691051,2.80,103.0,,,,1
2004-12,Canada,2016A000011124,Rent,2002=100,17,units,0,v41691052,2.81,103.0,,,,1
2004-12,Ontario,2016A000235,All-items,2002=100,17,units,0,v41691919,14.2,105.3,,,,1
2004-12,Ontario,2016A000235,Shelter,2002=100,17,units,0,v41691952,14.79,107.1,,,,1
2004-12,Ontario,2016A000235,Rented accommodation,2002=100,17,units,0,v41691953,14.80,103.3,,,,1
2004-12,Ontario,2016A000235,Rent,2002=100,17,units,0,v41691954,14.81,103.3,,,,1
2004-12,"Toronto, Ontario",2011S0503535,All-items,2002=100,17,units,0,v41692888,16.2,105.1,,,,1
2004-12,"Toronto, Ontario",2011S0503535,Shelter,2002=100,17,units,0,v41692889,16.79,106.8,,,,1
2004-12,"Toronto, Ontario",2011S0503535,Rented accommodation,2002=100,17,units,0,v41692890,16.80,103.8,,,,1
2005-01,Canada,2016A000011124,All-items,2002=100,17,units,0,v41690973,2.2,105.3,,,,1
2005-01,Canada,2016A000011124,Shelter,2002=100,17,units,0,v41691050,2.79,107.5,,,,1
2005-01,Canada,2016A000011124,Rented accommodation,2002=100,17,units,0,v41691051,2.80,103.0,,,,1
2005-01,Canada,2016A000011124,Rent,2002=100,17,units,0,v41691052,2.81,103.0,,,,1
2005-01,Ontario,2016A000235,All-items,2002=100,17,units,0,v41691919,14.2,105.1,,,,1
2005-01,Ontario,2016A000235,Shelter,2002=100,17,units,0,v41691952,14.79,107.4,,,,1
2005-01,Ontario,2016A000235,Rented accommodation,2002=100,17,units,0,v41691953,14.80,103.3,,,,1
2005-01,Ontario,2016A000235,Rent,2002=100,17,units,0,v41691954,14.81,103.4,,,,1
2005-01,"Toronto, Ontario",2011S0503535,All-items,2002=100,17,units,0,v41692888,16.2,105.0,,,,1
2005-01,"Toronto, Ontario",2011S0503535,Shelter,2002=100,17,units,0,v41692889,16.79,107.2,,,,1
2005-01,"Toronto, Ontario",2011S0503535,Rented accommodation,2002=100,17,units,0,v41692890,16.80,103.8,,,,1
2005-02,Canada,2016A000011124,All-items,2002=100,17,units,0,v41690973,2.2,105.7,,,,1
2005-02,Canada,2016A000011124,Shelter,2002=100,17,units,0,v41691050,2.79,107.7,,,,1
2005-02,Canada,2016A000011124,Rented accommodation,2002=100,17,units,0,v41691051,2.80,103.1,,,,1
2005-02,Canada,2016A000011124,Rent,2002=100,17,units,0,v41691052,2.81,103.1,,,,1
2005-02,Ontario,2016A000235,All-items,2002=100,17,units,0,v41691919,14.2,105.8,,,,1
2005-02,Ontario,2016A000235,Shelter,2002=100,17,units,0,v41691952,14.79,107.9,,,,1
2005-02,Ontario,2016A000235,Rented accommodation,2002=100,17,units,0,v41691953,14.80,103.4,,,,1
2005-02,Ontario,2016A000235,Rent,2002=100,17,units,0,v41691954,14.81,103.5,,,,1
2005-02,"Toronto, Ontario",2011S0503535,All-items,2002=100,17,units,0,v41692888,16.2,105.6,,,,1
2005-02,"Toronto, Ontario",2011S0503535,Shelter,2002=100,17,units,0,v41692889,16.79,107.7,,,,1
2005-02,"Toronto, Ontario",2011S0503535,Rented accommodation,2002=100,17,units,0,v41692890,16.80,104.0,,,,1
2005-03,Canada,2016A000011124,All-items,2002=100,17,units,0,v41690973,2.2,106.3,,,,1
2005-03,Canada,2016A000011124,Shelter,2002=100,17,units,0,v41691050,2.79,108.1,,,,1
2005-03,Canada,2016A000011124,Rented accommodation,2002=100,17,units,0,v41691051,2.80,103.1,,,,1
2005-03,Canada,2016A000011124,Rent,2002=100,17,units,0,v41691052,2.81,103.1,,,,1
2005-03,Ontario,2016A000235,All-items,2002=100,17,units,0,v41691919,14.2,106.4,,,,1
2005-03,Ontario,2016A000235,Shelter,2002=100,17,units,0,v41691952,14.79,108.2,,,,1
2005-03,Ontario,2016A000235,Rented accommodation,2002=100,17,units,0,v41691953,14.80,103.4,,,,1
2005-03,Ontario,2016A000235,Rent,2002=100,17,units,0,v41691954,14.81,103.5,,,,1
2005-03,"Toronto, Ontario",2011S0503535,All-items,2002=100,17,units,0,v41692888,16.2,106.4,,,,1
2005-03,"Toronto, Ontario",2011S0503535,Shelter,2002=100,17,units,0,v41692889,16.79,108.0,,,,1
2005-03,"Toronto, Ontario",2011S0503535,Rented accommodation,2002=100,17,units,0,v41692890,16.80,104.0,,,,1
2005-04,Canada,2016A000011124,All-items,2002=100,17,units,0,v41690973,2.2,106.6,,,,1
2005-04,Canada,2016A000011124,Shelter,2002=100,17,units,0,v41691050,2.79,108.4,,,,1
2005-04,Canada,2016A000011124,Rented accommodation,2002=100,17,units,0,v41691051,2.80,103.2,,,,1
2005-04,Canada,2016A000011124,Rent,2002=100,17,units,0,v41691052,2.81,103.1,,,,1
2005-04,Ontario,2016A000235,All-items,2002=100,17,units,0,v41691919,14.2,106.5,,,,1
2005-04,Ontario,2016A000235,Shelter,2002=100,17,units,0,v41691952,14.79,108.2,,,,1
2005-04,Ontario,2016A000235,Rented accommodation,2002=100,17,units,0,v41691953,14.80,103.4,,,,1
2005-04,Ontario,2016A000235,Rent,2002=100,17,units,0,v41691954,14.81,103.5,,,,1
2005-04,"Toronto, Ontario",2011S0503535,All-items,2002=100,17,units,0,v41692888,16.2,106.3,,,,1
2005-04,"Toronto, Ontario",2011S0503535,Shelter,2002=100,17,units,0,v41692889,16.79,107.9,,,,1
2005-04,"Toronto, Ontario",2011S0503535,Rented accommodation,2002=100,17,units,0,v41692890,16.80,104.0,,,,1
2005-05,Canada,2016A000011124,All-items,2002=100,17,units,0,v41690973,2.2,106.7,,,,1
2005-05,Canada,2016A000011124,Shelter,2002=100,17,units,0,v41691050,2.79,108.6,,,,1
2005-05,Canada,2016A000011124,Rented accommodation,2002=100,17,units,0,v41691051,2.80,103.3,,,,1
2005-05,Canada,2016A000011124,Rent,2002=100,17,units,0,v41691052,2.81,103.2,,,,1
2005-05,Ontario,2016A000235,All-items,2002=100,17,units,0,v41691919,14.2,106.6,,,,1
2005-05,Ontario,2016A000235,Shelter,2002=100,17,units,0,v41691952,14.79,108.6,,,,1
2005-05,Ontario,2016A000235,Rented accommodation,2002=100,17,units,0,v41691953,14.80,103.6,,,,1
2005-05,Ontario,2016A000235,Rent,2002=100,17,units,0,v41691954,14.81,103.6,,,,1
2005-05,"Toronto, Ontario",2011S0503535,All-items,2002=100,17,units,0,v41692888,16.2,106.5,,,,1
2005-05,"Toronto, Ontario",2011S0503535,Shelter,2002=100,17,units,0,v41692889,16.79,108.3,,,,1
2005-05,"Toronto, Ontario",2011S0503535,Rented accommodation,2002=100,17,units,0,v41692890,16.80,104.1,,,,1
2005-06,Canada,2016A000011124,All-items,2002=100,17,units,0,v41690973,2.2,106.9,,,,1
2005-06,Canada,2016A000011124,Shelter,2002=100,17,units,0,v41691050,2.79,108.8,,,,1
2005-06,Canada,2016A000011124,Rented accommodation,2002=100,17,units,0,v41691051,2.80,103.3,,,,1
2005-06,Canada,2016A000011124,Rent,2002=100,17,units,0,v41691052,2.81,103.2,,,,1
2005-06,Ontario,2016A000235,All-items,2002=100,17,units,0,v41691919,14.2,106.8,,,,1
2005-06,Ontario,2016A000235,Shelter,2002=100,17,units,0,v41691952,14.79,108.8,,,,1
2005-06,Ontario,2016A000235,Rented accommodation,2002=100,17,units,0,v41691953,14.80,103.6,,,,1
2005-06,Ontario,2016A000235,Rent,2002=100,17,units,0,v41691954,14.81,103.6,,,,1
2005-06,"Toronto, Ontario",2011S0503535,All-items,2002=100,17,units,0,v41692888,16.2,106.5,,,,1
2005-06,"Toronto, Ontario",2011S0503535,Shelter,2002=100,17,units,0,v41692889,16.79,108.5,,,,1
2005-06,"Toronto, Ontario",2011S0503535,Rented accommodation,2002=100,17,units,0,v41692890,16.80,104.1,,,,1
2005-07,Canada,2016A000011124,All-items,2002=100,17,units,0,v41690973,2.2,107.1,,,,1
2005-07,Canada,2016A000011124,Shelter,2002=100,17,units,0,v41691050,2.79,109.4,,,,1
2005-07,Canada,2016A000011124,Rented accommodation,2002=100,17,units,0,v41691051,2.80,103.4,,,,1
2005-07,Canada,2016A000011124,Rent,2002=100,17,units,0,v41691052,2.81,103.3,,,,1
2005-07,Ontario,2016A000235,All-items,2002=100,17,units,0,v41691919,14.2,106.9,,,,1
2005-07,Ontario,2016A000235,Shelter,2002=100,17,units,0,v41691952,14.79,109.2,,,,1
2005-07,Ontario,2016A000235,Rented accommodation,2002=100,17,units,0,v41691953,14.80,103.6,,,,1
2005-07,Ontario,2016A000235,Rent,2002=100,17,units,0,v41691954,14.81,103.7,,,,1
2005-07,"Toronto, Ontario",2011S0503535,All-items,2002=100,17,units,0,v41692888,16.2,106.6,,,,1
2005-07,"Toronto, Ontario",2011S0503535,Shelter,2002=100,17,units,0,v41692889,16.79,108.9,,,,1
2005-07,"Toronto, Ontario",2011S0503535,Rented accommodation,2002=100,17,units,0,v41692890,16.80,104.1,,,,1
2005-08,Canada,2016A000011124,All-items,2002=100,17,units,0,v41690973,2.2,107.5,,,,1
2005-08,Canada,2016A000011124,Shelter,2002=100,17,units,0,v41691050,2.79,109.3,,,,1
2005-08,Canada,2016A000011124,Rented accommodation,2002=100,17,units,0,v41691051,2.80,103.6,,,,1
2005-08,Canada,2016A000011124,Rent,2002=100,17,units,0,v41691052,2.81,103.5,,,,1
2005-08,Ontario,2016A000235,All-items,2002=100,17,units,0,v41691919,14.2,107.5,,,,1
2005-08,Ontario,2016A000235,Shelter,2002=100,17,units,0,v41691952,14.79,109.3,,,,1
2005-08,Ontario,2016A000235,Rented accommodation,2002=100,17,units,0,v41691953,14.80,103.7,,,,1
2005-08,Ontario,2016A000235,Rent,2002=100,17,units,0,v41691954,14.81,103.7,,,,1
2005-08,"Toronto, Ontario",2011S0503535,All-items,2002=100,17,units,0,v41692888,16.2,107.2,,,,1
2005-08,"Toronto, Ontario",2011S0503535,Shelter,2002=100,17,units,0,v41692889,16.79,108.9,,,,1
2005-08,"Toronto, Ontario",2011S0503535,Rented accommodation,2002=100,17,units,0,v41692890,16.80,104.2,,,,1
2005-09,Canada,2016A000011124,All-items,2002=100,17,units,0,v41690973,2.2,108.4,,,,1
2005-09,Canada,2016A000011124,Shelter,2002=100,17,units,0,v41691050,2.79,110.0,,,,1
2005-09,Canada,2016A000011124,Rented accommodation,2002=100,17,units,0,v41691051,2.80,103.6,,,,1
2005-09,Canada,2016A000011124,Rent,2002=100,17,units,0,v41691052,2.81,103.6,,,,1
2005-09,Ontario,2016A000235,All-items,2002=100,17,units,0,v41691919,14.2,108.2,,,,1
2005-09,Ontario,2016A000235,Shelter,2002=100,17,units,0,v41691952,14.79,109.6,,,,1
2005-09,Ontario,2016A000235,Rented accommodation,2002=100,17,units,0,v41691953,14.80,103.8,,,,1
2005-09,Ontario,2016A000235,Rent,2002=100,17,units,0,v41691954,14.81,103.8,,,,1
2005-09,"Toronto, Ontario",2011S0503535,All-items,2002=100,17,units,0,v41692888,16.2,107.7,,,,1
2005-09,"Toronto, Ontario",2011S0503535,Shelter,2002=100,17,units,0,v41692889,16.79,109.1,,,,1
2005-09,"Toronto, Ontario",2011S0503535,Rented accommodation,2002=100,17,units,0,v41692890,16.80,104.3,,,,1
2005-10,Canada,2016A000011124,All-items,2002=100,17,units,0,v41690973,2.2,107.9,,,,1
2005-10,Canada,2016A000011124,Shelter,2002=100,17,units,0,v41691050,2.79,110.7,,,,1
2005-10,Canada,2016A000011124,Rented accommodation,2002=100,17,units,0,v41691051,2.80,103.7,,,,1
2005-10,Canada,2016A000011124,Rent,2002=100,17,units,0,v41691052,2.81,103.6,,,,1
2005-10,Ontario,2016A000235,All-items,2002=100,17,units,0,v41691919,14.2,107.7,,,,1
2005-10,Ontario,2016A000235,Shelter,2002=100,17,units,0,v41691952,14.79,110.3,,,,1
2005-10,Ontario,2016A000235,Rented accommodation,2002=100,17,units,0,v41691953,14.80,103.8,,,,1
2005-10,Ontario,2016A000235,Rent,2002=100,17,units,0,v41691954,14.81,103.8,,,,1
2005-10,"Toronto, Ontario",2011S0503535,All-items,2002=100,17,units,0,v41692888,16.2,107.4,,,,1
2005-10,"Toronto, Ontario",2011S0503535,Shelter,2002=100,17,units,0,v41692889,16.79,109.6,,,,1
2005-10,"Toronto, Ontario",2011S0503535,Rented accommodation,2002=100,17,units,0,v41692890,16.80,104.4,,,,1
2005-11,Canada,2016A000011124,All-items,2002=100,17,units,0,v41690973,2.2,107.7,,,,1
2005-11,Canada,2016A000011124,Shelter,2002=100,17,units,0,v41691050,2.79,110.8,,,,1
2005-11,Canada,2016A000011124,Rented accommodation,2002=100,17,units,0,v41691051,2.80,103.7,,,,1
2005-11,Canada,2016A000011124,Rent,2002=100,17,units,0,v41691052,2.81,103.7,,,,1
2005-11,Ontario,2016A000235,All-items,2002=100,17,units,0,v41691919,14.2,107.5,,,,1
2005-11,Ontario,2016A000235,Shelter,2002=100,17,units,0,v41691952,14.79,110.4,,,,1
2005-11,Ontario,2016A000235,Rented accommodation,2002=100,17,units,0,v41691953,14.80,103.9,,,,1
2005-11,Ontario,2016A000235,Rent,2002=100,17,units,0,v41691954,14.81,103.9,,,,1
2005-11,"Toronto, Ontario",2011S0503535,All-items,2002=100,17,units,0,v41692888,16.2,107.2,,,,1
2005-11,"Toronto, Ontario",2011S0503535,Shelter,2002=100,17,units,0,v41692889,16.79,109.7,,,,1
2005-11,"Toronto, Ontario",2011S0503535,Rented accommodation,2002=100,17,units,0,v41692890,16.80,104.4,,,,1
2005-12,Canada,2016A000011124,All-items,2002=100,17,units,0,v41690973,2.2,107.6,,,,1
2005-12,Canada,2016A000011124,Shelter,2002=100,17,units,0,v41691050,2.79,110.5,,,,1
2005-12,Canada,2016A000011124,Rented accommodation,2002=100,17,units,0,v41691051,2.80,103.8,,,,1
2005-12,Canada,2016A000011124,Rent,2002=100,17,units,0,v41691052,2.81,103.7,,,,1
2005-12,Ontario,2016A000235,All-items,2002=100,17,units,0,v41691919,14.2,107.6,,,,1
2005-12,Ontario,2016A000235,Shelter,2002=100,17,units,0,v41691952,14.79,110.2,,,,1
2005-12,Ontario,2016A000235,Rented accommodation,2002=100,17,units,0,v41691953,14.80,104.0,,,,1
2005-12,Ontario,2016A000235,Rent,2002=100,17,units,0,v41691954,14.81,104.0,,,,1
2005-12,"Toronto, Ontario",2011S0503535,All-items,2002=100,17,units,0,v41692888,16.2,107.4,,,,1
2005-12,"Toronto, Ontario",2011S0503535,Shelter,2002=100,17,units,0,v41692889,16.79,109.8,,,,1
2005-12,"Toronto, Ontario",2011S0503535,Rented accommodation,2002=100,17,units,0,v41692890,16.80,104.5,,,,1
2006-01,Canada,2016A000011124,All-items,2002=100,17,units,0,v41690973,2.2,108.2,,,,1
2006-01,Canada,2016A000011124,Shelter,2002=100,17,units,0,v41691050,2.79,111.8,,,,1
2006-01,Canada,2016A000011124,Rented accommodation,2002=100,17,units,0,v41691051,2.80,103.8,,,,1
2006-01,Canada,2016A000011124,Rent,2002=100,17,units,0,v41691052,2.81,103.8,,,,1
2006-01,Ontario,2016A000235,All-items,2002=100,17,units,0,v41691919,14.2,108.2,,,,1
2006-01,Ontario,2016A000235,Shelter,2002=100,17,units,0,v41691952,14.79,111.7,,,,1
2006-01,Ontario,2016A000235,Rented accommodation,2002=100,17,units,0,v41691953,14.80,104.0,,,,1
2006-01,Ontario,2016A000235,Rent,2002=100,17,units,0,v41691954,14.81,104.0,,,,1
2006-01,"Toronto, Ontario",2011S0503535,All-items,2002=100,17,units,0,v41692888,16.2,107.9,,,,1
2006-01,"Toronto, Ontario",2011S0503535,Shelter,2002=100,17,units,0,v41692889,16.79,111.0,,,,1
2006-01,"Toronto, Ontario",2011S0503535,Rented accommodation,2002=100,17,units,0,v41692890,16.80,104.5,,,,1
2006-02,Canada,2016A000011124,All-items,2002=100,17,units,0,v41690973,2.2,108.0,,,,1
2006-02,Canada,2016A000011124,Shelter,2002=100,17,units,0,v41691050,2.79,111.7,,,,1
2006-02,Canada,2016A000011124,Rented accommodation,2002=100,17,units,0,v41691051,2.80,103.9,,,,1
2006-02,Canada,2016A000011124,Rent,2002=100,17,units,0,v41691052,2.81,103.9,,,,1
2006-02,Ontario,2016A000235,All-items,2002=100,17,units,0,v41691919,14.2,107.9,,,,1
2006-02,Ontario,2016A000235,Shelter,2002=100,17,units,0,v41691952,14.79,112.0,,,,1
2006-02,Ontario,2016A000235,Rented accommodation,2002=100,17,units,0,v41691953,14.80,104.1,,,,1
2006-02,Ontario,2016A000235,Rent,2002=100,17,units,0,v41691954,14.81,104.1,,,,1
2006-02,"Toronto, Ontario",2011S0503535,All-items,2002=100,17,units,0,v41692888,16.2,107.6,,,,1
2006-02,"Toronto, Ontario",2011S0503535,Shelter,2002=100,17,units,0,v41692889,16.79,111.4,,,,1
2006-02,"Toronto, Ontario",2011S0503535,Rented accommodation,2002=100,17,units,0,v41692890,16.80,104.6,,,,1
2006-03,Canada,2016A000011124,All-items,2002=100,17,units,0,v41690973,2.2,108.6,,,,1
2006-03,Canada,2016A000011124,Shelter,2002=100,17,units,0,v41691050,2.79,111.9,,,,1
2006-03,Canada,2016A000011124,Rented accommodation,2002=100,17,units,0,v41691051,2.80,104.0,,,,1
2006-03,Canada,2016A000011124,Rent,2002=100,17,units,0,v41691052,2.81,103.9,,,,1
2006-03,Ontario,2016A000235,All-items,2002=100,17,units,0,v41691919,14.2,108.8,,,,1
2006-03,Ontario,2016A000235,Shelter,2002=100,17,units,0,v41691952,14.79,112.2,,,,1
2006-03,Ontario,2016A000235,Rented accommodation,2002=100,17,units,0,v41691953,14.80,104.1,,,,1
2006-03,Ontario,2016A000235,Rent,2002=100,17,units,0,v41691954,14.81,104.2,,,,1
2006-03,"Toronto, Ontario",2011S0503535,All-items,2002=100,17,units,0,v41692888,16.2,108.5,,,,1
2006-03,"Toronto, Ontario",2011S0503535,Shelter,2002=100,17,units,0,v41692889,16.79,111.6,,,,1
2006-03,"Toronto, Ontario",2011S0503535,Rented accommodation,2002=100,17,units,0,v41692890,16.80,104.7,,,,1
2006-04,Canada,2016A000011124,All-items,2002=100,17,units,0,v41690973,2.2,109.2,,,,1
2006-04,Canada,2016A000011124,Shelter,2002=100,17,units,0,v41691050,2.79,112.2,,,,1
2006-04,Canada,2016A000011124,Rented accommodation,2002=100,17,units,0,v41691051,2.80,104.1,,,,1
2006-04,Canada,2016A000011124,Rent,2002=100,17,units,0,v41691052,2.81,104.0,,,,1
2006-04,Ontario,2016A000235,All-items,2002=100,17,units,0,v41691919,14.2,109.1,,,,1
2006-04,Ontario,2016A000235,Shelter,2002=100,17,units,0,v41691952,14.79,111.7,,,,1
2006-04,Ontario,2016A000235,Rented accommodation,2002=100,17,units,0,v41691953,14.80,104.2,,,,1
2006-04,Ontario,2016A000235,Rent,2002=100,17,units,0,v41691954,14.81,104.2,,,,1
2006-04,"Toronto, Ontario",2011S0503535,All-items,2002=100,17,units,0,v41692888,16.2,108.7,,,,1
2006-04,"Toronto, Ontario",2011S0503535,Shelter,2002=100,17,units,0,v41692889,16.79,111.0,,,,1
2006-04,"Toronto, Ontario",2011S0503535,Rented accommodation,2002=100,17,units,0,v41692890,16.80,104.8,,,,1
2006-05,Canada,2016A000011124,All-items,2002=100,17,units,0,v41690973,2.2,109.7,,,,1
2006-05,Canada,2016A000011124,Shelter,2002=100,17,units,0,v41691050,2.79,113.0,,,,1
2006-05,Canada,2016A000011124,Rented accommodation,2002=100,17,units,0,v41691051,2.80,104.2,,,,1
2006-05,Canada,2016A000011124,Rent,2002=100,17,units,0,v41691052,2.81,104.1,,,,1
2006-05,Ontario,2016A000235,All-items,2002=100,17,units,0,v41691919,14.2,109.5,,,,1
2006-05,Ontario,2016A000235,Shelter,2002=100,17,units,0,v41691952,14.79,113.0,,,,1
2006-05,Ontario,2016A000235,Rented accommodation,2002=100,17,units,0,v41691953,14.80,104.3,,,,1
2006-05,Ontario,2016A000235,Rent,2002=100,17,units,0,v41691954,14.81,104.3,,,,1
2006-05,"Toronto, Ontario",2011S0503535,All-items,2002=100,17,units,0,v41692888,16.2,109.0,,,,1
2006-05,"Toronto, Ontario",2011S0503535,Shelter,2002=100,17,units,0,v41692889,16.79,111.9,,,,1
2006-05,"Toronto, Ontario",2011S0503535,Rented accommodation,2002=100,17,units,0,v41692890,16.80,104.8,,,,1
2006-06,Canada,2016A000011124,All-items,2002=100,17,units,0,v41690973,2.2,109.5,,,,1
2006-06,Canada,2016A000011124,Shelter,2002=100,17,units,0,v41691050,2.79,112.8,,,,1
2006-06,Canada,2016A000011124,Rented accommodation,2002=100,17,units,0,v41691051,2.80,104.3,,,,1
2006-06,Canada,2016A000011124,Rent,2002=100,17,units,0,v41691052,2.81,104.2,,,,1
2006-06,Ontario,2016A000235,All-items,2002=100,17,units,0,v41691919,14.2,109.3,,,,1
2006-06,Ontario,2016A000235,Shelter,2002=100,17,units,0,v41691952,14.79,112.9,,,,1
2006-06,Ontario,2016A000235,Rented accommodation,2002=100,17,units,0,v41691953,14.80,104.4,,,,1
2006-06,Ontario,2016A000235,Rent,2002=100,17,units,0,v41691954,14.81,104.4,,,,1
2006-06,"Toronto, Ontario",2011S0503535,All-items,2002=100,17,units,0,v41692888,16.2,108.9,,,,1
2006-06,"Toronto, Ontario",2011S0503535,Shelter,2002=100,17,units,0,v41692889,16.79,111.8,,,,1
2006-06,"Toronto, Ontario",2011S0503535,Rented accommodation,2002=100,17,units,0,v41692890,16.80,104.9,,,,1
2006-07,Canada,2016A000011124,All-items,2002=100,17,units,0,v41690973,2.2,109.6,,,,1
2006-07,Canada,2016A000011124,Shelter,2002=100,17,units,0,v41691050,2.79,113.2,,,,1
2006-07,Canada,2016A000011124,Rented accommodation,2002=100,17,units,0,v41691051,2.80,104.4,,,,1
2006-07,Canada,2016A000011124,Rent,2002=100,17,units,0,v41691052,2.81,104.3,,,,1
2006-07,Ontario,2016A000235,All-items,2002=100,17,units,0,v41691919,14.2,109.0,,,,1
2006-07,Ontario,2016A000235,Shelter,2002=100,17,units,0,v41691952,14.79,112.5,,,,1
2006-07,Ontario,2016A000235,Rented accommodation,2002=100,17,units,0,v41691953,14.80,104.5,,,,1
2006-07,Ontario,2016A000235,Rent,2002=100,17,units,0,v41691954,14.81,104.5,,,,1
2006-07,"Toronto, Ontario",2011S0503535,All-items,2002=100,17,units,0,v41692888,16.2,108.5,,,,1
2006-07,"Toronto, Ontario",2011S0503535,Shelter,2002=100,17,units,0,v41692889,16.79,111.4,,,,1
2006-07,"Toronto, Ontario",2011S0503535,Rented accommodation,2002=100,17,units,0,v41692890,16.80,105.0,,,,1
2006-08,Canada,2016A000011124,All-items,2002=100,17,units,0,v41690973,2.2,109.8,,,,1
2006-08,Canada,2016A000011124,Shelter,2002=100,17,units,0,v41691050,2.79,113.5,,,,1
2006-08,Canada,2016A000011124,Rented accommodation,2002=100,17,units,0,v41691051,2.80,104.6,,,,1
2006-08,Canada,2016A000011124,Rent,2002=100,17,units,0,v41691052,2.81,104.5,,,,1
2006-08,Ontario,2016A000235,All-items,2002=100,17,units,0,v41691919,14.2,109.1,,,,1
2006-08,Ontario,2016A000235,Shelter,2002=100,17,units,0,v41691952,14.79,112.7,,,,1
2006-08,Ontario,2016A000235,Rented accommodation,2002=100,17,units,0,v41691953,14.80,104.6,,,,1
2006-08,Ontario,2016A000235,Rent,2002=100,17,units,0,v41691954,14.81,104.6,,,,1
2006-08,"Toronto, Ontario",2011S0503535,All-items,2002=100,17,units,0,v41692888,16.2,108.5,,,,1
2006-08,"Toronto, Ontario",2011S0503535,Shelter,2002=100,17,units,0,v41692889,16.79,111.6,,,,1
2006-08,"Toronto, Ontario",2011S0503535,Rented accommodation,2002=100,17,units,0,v41692890,16.80,105.2,,,,1
2006-09,Canada,2016A000011124,All-items,2002=100,17,units,0,v41690973,2.2,109.2,,,,1
2006-09,Canada,2016A000011124,Shelter,2002=100,17,units,0,v41691050,2.79,114.0,,,,1
2006-09,Canada,2016A000011124,Rented accommodation,2002=100,17,units,0,v41691051,2.80,104.7,,,,1
2006-09,Canada,2016A000011124,Rent,2002=100,17,units,0,v41691052,2.81,104.6,,,,1
2006-09,Ontario,2016A000235,All-items,2002=100,17,units,0,v41691919,14.2,108.5,,,,1
2006-09,Ontario,2016A000235,Shelter,2002=100,17,units,0,v41691952,14.79,112.8,,,,1
2006-09,Ontario,2016A000235,Rented accommodation,2002=100,17,units,0,v41691953,14.80,104.6,,,,1
2006-09,Ontario,2016A000235,Rent,2002=100,17,units,0,v41691954,14.81,104.7,,,,1
2006-09,"Toronto, Ontario",2011S0503535,All-items,2002=100,17,units,0,v41692888,16.2,108.1,,,,1
2006-09,"Toronto, Ontario",2011S0503535,Shelter,2002=100,17,units,0,v41692889,16.79,111.6,,,,1
2006-09,"Toronto, Ontario",2011S0503535,Rented accommodation,2002=100,17,units,0,v41692890,16.80,105.1,,,,1
2006-10,Canada,2016A000011124,All-items,2002=100,17,units,0,v41690973,2.2,109.0,,,,1
2006-10,Canada,2016A000011124,Shelter,2002=100,17,units,0,v41691050,2.79,114.1,,,,1
2006-10,Canada,2016A000011124,Rented accommodation,2002=100,17,units,0,v41691051,2.80,104.8,,,,1
2006-10,Canada,2016A000011124,Rent,2002=100,17,units,0,v41691052,2.81,104.8,,,,1
2006-10,Ontario,2016A000235,All-items,2002=100,17,units,0,v41691919,14.2,108.4,,,,1
2006-10,Ontario,2016A000235,Shelter,2002=100,17,units,0,v41691952,14.79,113.0,,,,1
2006-10,Ontario,2016A000235,Rented accommodation,2002=100,17,units,0,v41691953,14.80,104.7,,,,1
2006-10,Ontario,2016A000235,Rent,2002=100,17,units,0,v41691954,14.81,104.8,,,,1
2006-10,"Toronto, Ontario",2011S0503535,All-items,2002=100,17,units,0,v41692888,16.2,108.0,,,,1
2006-10,"Toronto, Ontario",2011S0503535,Shelter,2002=100,17,units,0,v41692889,16.79,111.6,,,,1
2006-10,"Toronto, Ontario",2011S0503535,Rented accommodation,2002=100,17,units,0,v41692890,16.80,105.3,,,,1
2006-11,Canada,2016A000011124,All-items,2002=100,17,units,0,v41690973,2.2,109.2,,,,1
2006-11,Canada,2016A000011124,Shelter,2002=100,17,units,0,v41691050,2.79,114.1,,,,1
2006-11,Canada,2016A000011124,Rented accommodation,2002=100,17,units,0,v41691051,2.80,104.9,,,,1
2006-11,Canada,2016A000011124,Rent,2002=100,17,units,0,v41691052,2.81,104.9,,,,1
2006-11,Ontario,2016A000235,All-items,2002=100,17,units,0,v41691919,14.2,108.6,,,,1
2006-11,Ontario,2016A000235,Shelter,2002=100,17,units,0,v41691952,14.79,112.4,,,,1
2006-11,Ontario,2016A000235,Rented accommodation,2002=100,17,units,0,v41691953,14.80,104.8,,,,1
2006-11,Ontario,2016A000235,Rent,2002=100,17,units,0,v41691954,14.81,104.9,,,,1
2006-11,"Toronto, Ontario",2011S0503535,All-items,2002=100,17,units,0,v41692888,16.2,108.3,,,,1
2006-11,"Toronto, Ontario",2011S0503535,Shelter,2002=100,17,units,0,v41692889,16.79,111.2,,,,1
2006-11,"Toronto, Ontario",2011S0503535,Rented accommodation,2002=100,17,units,0,v41692890,16.80,105.4,,,,1
2006-12,Canada,2016A000011124,All-items,2002=100,17,units,0,v41690973,2.2,109.4,,,,1
2006-12,Canada,2016A000011124,Shelter,2002=100,17,units,0,v41691050,2.79,114.6,,,,1
2006-12,Canada,2016A000011124,Rented accommodation,2002=100,17,units,0,v41691051,2.80,105.0,,,,1
2006-12,Canada,2016A000011124,Rent,2002=100,17,units,0,v41691052,2.81,105.0,,,,1
2006-12,Ontario,2016A000235,All-items,2002=100,17,units,0,v41691919,14.2,108.8,,,,1
2006-12,Ontario,2016A000235,Shelter,2002=100,17,units,0,v41691952,14.79,112.9,,,,1
2006-12,Ontario,2016A000235,Rented accommodation,2002=100,17,units,0,v41691953,14.80,104.9,,,,1
2006-12,Ontario,2016A000235,Rent,2002=100,17,units,0,v41691954,14.81,104.9,,,,1
2006-12,"Toronto, Ontario",2011S0503535,All-items,2002=100,17,units,0,v41692888,16.2,108.5,,,,1
2006-12,"Toronto, Ontario",2011S0503535,Shelter,2002=100,17,units,0,v41692889,16.79,111.7,,,,1
2006-12,"Toronto, Ontario",2011S0503535,Rented accommodation,2002=100,17,units,0,v41692890,16.80,105.4,,,,1
2007-01,Canada,2016A000011124,All-items,2002=100,17,units,0,v41690973,2.2,109.4,,,,1
2007-01,Canada,2016A000011124,Shelter,2002=100,17,units,0,v41691050,2.79,114.8,,,,1
2007-01,Canada,2016A000011124,Rented accommodation,2002=100,17,units,0,v41691051,2.80,105.1,,,,1
2007-01,Canada,2016A000011124,Rent,2002=100,17,units,0,v41691052,2.81,105.1,,,,1
2007-01,Ontario,2016A000235,All-items,2002=100,17,units,0,v41691919,14.2,108.6,,,,1
2007-01,Ontario,2016A000235,Shelter,2002=100,17,units,0,v41691952,14.79,112.9,,,,1
2007-01,Ontario,2016A000235,Rented accommodation,2002=100,17,units,0,v41691953,14.80,104.9,,,,1
2007-01,Ontario,2016A000235,Rent,2002=100,17,units,0,v41691954,14.81,105.0,,,,1
2007-01,"Toronto, Ontario",2011S0503535,All-items,2002=100,17,units,0,v41692888,16.2,108.2,,,,1
2007-01,"Toronto, Ontario",2011S0503535,Shelter,2002=100,17,units,0,v41692889,16.79,111.7,,,,1
2007-01,"Toronto, Ontario",2011S0503535,Rented accommodation,2002=100,17,units,0,v41692890,16.80,105.5,,,,1
2007-02,Canada,2016A000011124,All-items,2002=100,17,units,0,v41690973,2.2,110.2,,,,1
2007-02,Canada,2016A000011124,Shelter,2002=100,17,units,0,v41691050,2.79,114.9,,,,1
2007-02,Canada,2016A000011124,Rented accommodation,2002=100,17,units,0,v41691051,2.80,105.3,,,,1
2007-02,Canada,2016A000011124,Rent,2002=100,17,units,0,v41691052,2.81,105.2,,,,1
2007-02,Ontario,2016A000235,All-items,2002=100,17,units,0,v41691919,14.2,109.7,,,,1
2007-02,Ontario,2016A000235,Shelter,2002=100,17,units,0,v41691952,14.79,112.9,,,,1
2007-02,Ontario,2016A000235,Rented accommodation,2002=100,17,units,0,v41691953,14.80,105.0,,,,1
2007-02,Ontario,2016A000235,Rent,2002=100,17,units,0,v41691954,14.81,105.1,,,,1
2007-02,"Toronto, Ontario",2011S0503535,All-items,2002=100,17,units,0,v41692888,16.2,109.3,,,,1
2007-02,"Toronto, Ontario",2011S0503535,Shelter,2002=100,17,units,0,v41692889,16.79,111.8,,,,1
2007-02,"Toronto, Ontario",2011S0503535,Rented accommodation,2002=100,17,units,0,v41692890,16.80,105.6,,,,1
2007-03,Canada,2016A000011124,All-items,2002=100,17,units,0,v41690973,2.2,111.1,,,,1
2007-03,Canada,2016A000011124,Shelter,2002=100,17,units,0,v41691050,2.79,115.4,,,,1
2007-03,Canada,2016A000011124,Rented accommodation,2002=100,17,units,0,v41691051,2.80,105.4,,,,1
2007-03,Canada,2016A000011124,Rent,2002=100,17,units,0,v41691052,2.81,105.4,,,,1
2007-03,Ontario,2016A000235,All-items,2002=100,17,units,0,v41691919,14.2,110.8,,,,1
2007-03,Ontario,2016A000235,Shelter,2002=100,17,units,0,v41691952,14.79,113.3,,,,1
2007-03,Ontario,2016A000235,Rented accommodation,2002=100,17,units,0,v41691953,14.80,105.1,,,,1
2007-03,Ontario,2016A000235,Rent,2002=100,17,units,0,v41691954,14.81,105.2,,,,1
2007-03,"Toronto, Ontario",2011S0503535,All-items,2002=100,17,units,0,v41692888,16.2,110.3,,,,1
2007-03,"Toronto, Ontario",2011S0503535,Shelter,2002=100,17,units,0,v41692889,16.79,112.1,,,,1
2007-03,"Toronto, Ontario",2011S0503535,Rented accommodation,2002=100,17,units,0,v41692890,16.80,105.6,,,,1
2007-04,Canada,2016A000011124,All-items,2002=100,17,units,0,v41690973,2.2,111.6,,,,1
2007-04,Canada,2016A000011124,Shelter,2002=100,17,units,0,v41691050,2.79,116.2,,,,1
2007-04,Canada,2016A000011124,Rented accommodation,2002=100,17,units,0,v41691051,2.80,105.6,,,,1
2007-04,Canada,2016A000011124,Rent,2002=100,17,units,0,v41691052,2.81,105.5,,,,1
2007-04,Ontario,2016A000235,All-items,2002=100,17,units,0,v41691919,14.2,111.1,,,,1
2007-04,Ontario,2016A000235,Shelter,2002=100,17,units,0,v41691952,14.79,114.2,,,,1
2007-04,Ontario,2016A000235,Rented accommodation,2002=100,17,units,0,v41691953,14.80,105.2,,,,1
2007-04,Ontario,2016A000235,Rent,2002=100,17,units,0,v41691954,14.81,105.2,,,,1
2007-04,"Toronto, Ontario",2011S0503535,All-items,2002=100,17,units,0,v41692888,16.2,110.8,,,,1
2007-04,"Toronto, Ontario",2011S0503535,Shelter,2002=100,17,units,0,v41692889,16.79,113.2,,,,1
2007-04,"Toronto, Ontario",2011S0503535,Rented accommodation,2002=100,17,units,0,v41692890,16.80,105.8,,,,1
2007-05,Canada,2016A000011124,All-items,2002=100,17,units,0,v41690973,2.2,112.1,,,,1
2007-05,Canada,2016A000011124,Shelter,2002=100,17,units,0,v41691050,2.79,116.0,,,,1
2007-05,Canada,2016A000011124,Rented accommodation,2002=100,17,units,0,v41691051,2.80,105.7,,,,1
2007-05,Canada,2016A000011124,Rent,2002=100,17,units,0,v41691052,2.81,105.6,,,,1
2007-05,Ontario,2016A000235,All-items,2002=100,17,units,0,v41691919,14.2,111.6,,,,1
2007-05,Ontario,2016A000235,Shelter,2002=100,17,units,0,v41691952,14.79,114.2,,,,1
2007-05,Ontario,2016A000235,Rented accommodation,2002=100,17,units,0,v41691953,14.80,105.3,,,,1
2007-05,Ontario,2016A000235,Rent,2002=100,17,units,0,v41691954,14.81,105.3,,,,1
2007-05,"Toronto, Ontario",2011S0503535,All-items,2002=100,17,units,0,v41692888,16.2,111.2,,,,1
2007-05,"Toronto, Ontario",2011S0503535,Shelter,2002=100,17,units,0,v41692889,16.79,113.2,,,,1
2007-05,"Toronto, Ontario",2011S0503535,Rented accommodation,2002=100,17,units,0,v41692890,16.80,105.9,,,,1
2007-06,Canada,2016A000011124,All-items,2002=100,17,units,0,v41690973,2.2,111.9,,,,1
2007-06,Canada,2016A000011124,Shelter,2002=100,17,units,0,v41691050,2.79,116.8,,,,1
2007-06,Canada,2016A000011124,Rented accommodation,2002=100,17,units,0,v41691051,2.80,105.9,,,,1
2007-06,Canada,2016A000011124,Rent,2002=100,17,units,0,v41691052,2.81,105.8,,,,1
2007-06,Ontario,2016A000235,All-items,2002=100,17,units,0,v41691919,14.2,111.1,,,,1
2007-06,Ontario,2016A000235,Shelter,2002=100,17,units,0,v41691952,14.79,114.4,,,,1
2007-06,Ontario,2016A000235,Rented accommodation,2002=100,17,units,0,v41691953,14.80,105.5,,,,1
2007-06,Ontario,2016A000235,Rent,2002=100,17,units,0,v41691954,14.81,105.5,,,,1
2007-06,"Toronto, Ontario",2011S0503535,All-items,2002=100,17,units,0,v41692888,16.2,110.7,,,,1
2007-06,"Toronto, Ontario",2011S0503535,Shelter,2002=100,17,units,0,v41692889,16.79,113.4,,,,1
2007-06,"Toronto, Ontario",2011S0503535,Rented accommodation,2002=100,17,units,0,v41692890,16.80,106.1,,,,1
2007-07,Canada,2016A000011124,All-items,2002=100,17,units,0,v41690973,2.2,112.0,,,,1
2007-07,Canada,2016A000011124,Shelter,2002=100,17,units,0,v41691050,2.79,117.0,,,,1
2007-07,Canada,2016A000011124,Rented accommodation,2002=100,17,units,0,v41691051,2.80,106.0,,,,1
2007-07,Canada,2016A000011124,Rent,2002=100,17,units,0,v41691052,2.81,106.0,,,,1
2007-07,Ontario,2016A000235,All-items,2002=100,17,units,0,v41691919,14.2,111.1,,,,1
2007-07,Ontario,2016A000235,Shelter,2002=100,17,units,0,v41691952,14.79,114.4,,,,1
2007-07,Ontario,2016A000235,Rented accommodation,2002=100,17,units,0,v41691953,14.80,105.6,,,,1
2007-07,Ontario,2016A000235,Rent,2002=100,17,units,0,v41691954,14.81,105.6,,,,1
2007-07,"Toronto, Ontario",2011S0503535,All-items,2002=100,17,units,0,v41692888,16.2,110.7,,,,1
2007-07,"Toronto, Ontario",2011S0503535,Shelter,2002=100,17,units,0,v41692889,16.79,113.3,,,,1
2007-07,"Toronto, Ontario",2011S0503535,Rented accommodation,2002=100,17,units,0,v41692890,16.80,106.2,,,,1
2007-08,Canada,2016A000011124,All-items,2002=100,17,units,0,v41690973,2.2,111.7,,,,1
2007-08,Canada,2016A000011124,Shelter,2002=100,17,units,0,v41691050,2.79,117.6,,,,1
2007-08,Canada,2016A000011124,Rented accommodation,2002=100,17,units,0,v41691051,2.80,106.3,,,,1
2007-08,Canada,2016A000011124,Rent,2002=100,17,units,0,v41691052,2.81,106.3,,,,1
2007-08,Ontario,2016A000235,All-items,2002=100,17,units,0,v41691919,14.2,110.9,,,,1
2007-08,Ontario,2016A000235,Shelter,2002=100,17,units,0,v41691952,14.79,114.7,,,,1
2007-08,Ontario,2016A000235,Rented accommodation,2002=100,17,units,0,v41691953,14.80,105.6,,,,1
2007-08,Ontario,2016A000235,Rent,2002=100,17,units,0,v41691954,14.81,105.6,,,,1
2007-08,"Toronto, Ontario",2011S0503535,All-items,2002=100,17,units,0,v41692888,16.2,110.6,,,,1
2007-08,"Toronto, Ontario",2011S0503535,Shelter,2002=100,17,units,0,v41692889,16.79,113.5,,,,1
2007-08,"Toronto, Ontario",2011S0503535,Rented accommodation,2002=100,17,units,0,v41692890,16.80,106.3,,,,1
2007-09,Canada,2016A000011124,All-items,2002=100,17,units,0,v41690973,2.2,111.9,,,,1
2007-09,Canada,2016A000011124,Shelter,2002=100,17,units,0,v41691050,2.79,117.8,,,,1
2007-09,Canada,2016A000011124,Rented accommodation,2002=100,17,units,0,v41691051,2.80,106.5,,,,1
2007-09,Canada,2016A000011124,Rent,2002=100,17,units,0,v41691052,2.81,106.4,,,,1
2007-09,Ontario,2016A000235,All-items,2002=100,17,units,0,v41691919,14.2,111.0,,,,1
2007-09,Ontario,2016A000235,Shelter,2002=100,17,units,0,v41691952,14.79,115.0,,,,1
2007-09,Ontario,2016A000235,Rented accommodation,2002=100,17,units,0,v41691953,14.80,105.7,,,,1
2007-09,Ontario,2016A000235,Rent,2002=100,17,units,0,v41691954,14.81,105.7,,,,1
2007-09,"Toronto, Ontario",2011S0503535,All-items,2002=100,17,units,0,v41692888,16.2,110.8,,,,1
2007-09,"Toronto, Ontario",2011S0503535,Shelter,2002=100,17,units,0,v41692889,16.79,113.9,,,,1
2007-09,"Toronto, Ontario",2011S0503535,Rented accommodation,2002=100,17,units,0,v41692890,16.80,106.3,,,,1
2007-10,Canada,2016A000011124,All-items,2002=100,17,units,0,v41690973,2.2,111.6,,,,1
2007-10,Canada,2016A000011124,Shelter,2002=100,17,units,0,v41691050,2.79,118.7,,,,1
2007-10,Canada,2016A000011124,Rented accommodation,2002=100,17,units,0,v41691051,2.80,106.6,,,,1
2007-10,Canada,2016A000011124,Rent,2002=100,17,units,0,v41691052,2.81,106.6,,,,1
2007-10,Ontario,2016A000235,All-items,2002=100,17,units,0,v41691919,14.2,110.9,,,,1
2007-10,Ontario,2016A000235,Shelter,2002=100,17,units,0,v41691952,14.79,116.0,,,,1
2007-10,Ontario,2016A000235,Rented accommodation,2002=100,17,units,0,v41691953,14.80,105.8,,,,1
2007-10,Ontario,2016A000235,Rent,2002=100,17,units,0,v41691954,14.81,105.8,,,,1
2007-10,"Toronto, Ontario",2011S0503535,All-items,2002=100,17,units,0,v41692888,16.2,110.7,,,,1
2007-10,"Toronto, Ontario",2011S0503535,Shelter,2002=100,17,units,0,v41692889,16.79,115.1,,,,1
2007-10,"Toronto, Ontario",2011S0503535,Rented accommodation,2002=100,17,units,0,v41692890,16.80,106.4,,,,1
2007-11,Canada,2016A000011124,All-items,2002=100,17,units,0,v41690973,2.2,111.9,,,,1
2007-11,Canada,2016A000011124,Shelter,2002=100,17,units,0,v41691050,2.79,118.8,,,,1
2007-11,Canada,2016A000011124,Rented accommodation,2002=100,17,units,0,v41691051,2.80,106.8,,,,1
2007-11,Canada,2016A000011124,Rent,2002=100,17,units,0,v41691052,2.81,106.7,,,,1
2007-11,Ontario,2016A000235,All-items,2002=100,17,units,0,v41691919,14.2,111.2,,,,1
2007-11,Ontario,2016A000235,Shelter,2002=100,17,units,0,v41691952,14.79,115.5,,,,1
2007-11,Ontario,2016A000235,Rented accommodation,2002=100,17,units,0,v41691953,14.80,105.9,,,,1
2007-11,Ontario,2016A000235,Rent,2002=100,17,units,0,v41691954,14.81,105.9,,,,1
2007-11,"Toronto, Ontario",2011S0503535,All-items,2002=100,17,units,0,v41692888,16.2,111.0,,,,1
2007-11,"Toronto, Ontario",2011S0503535,Shelter,2002=100,17,units,0,v41692889,16.79,114.6,,,,1
2007-11,"Toronto, Ontario",2011S0503535,Rented accommodation,2002=100,17,units,0,v41692890,16.80,106.5,,,,1
2007-12,Canada,2016A000011124,All-items,2002=100,17,units,0,v41690973,2.2,112.0,,,,1
2007-12,Canada,2016A000011124,Shelter,2002=100,17,units,0,v41691050,2.79,119.2,,,,1
2007-12,Canada,2016A000011124,Rented accommodation,2002=100,17,units,0,v41691051,2.80,106.9,,,,1
2007-12,Canada,2016A000011124,Rent,2002=100,17,units,0,v41691052,2.81,106.9,,,,1
2007-12,Ontario,2016A000235,All-items,2002=100,17,units,0,v41691919,14.2,111.1,,,,1
2007-12,Ontario,2016A000235,Shelter,2002=100,17,units,0,v41691952,14.79,115.8,,,,1
2007-12,Ontario,2016A000235,Rented accommodation,2002=100,17,units,0,v41691953,14.80,105.9,,,,1
2007-12,Ontario,2016A000235,Rent,2002=100,17,units,0,v41691954,14.81,105.9,,,,1
2007-12,"Toronto, Ontario",2011S0503535,All-items,2002=100,17,units,0,v41692888,16.2,111.1,,,,1
2007-12,"Toronto, Ontario",2011S0503535,Shelter,2002=100,17,units,0,v41692889,16.79,115.0,,,,1
2007-12,"Toronto, Ontario",2011S0503535,Rented accommodation,2002=100,17,units,0,v41692890,16.80,106.5,,,,1
2008-01,Canada,2016A000011124,All-items,2002=100,17,units,0,v41690973,2.2,111.8,,,,1
2008-01,Canada,2016A000011124,Shelter,2002=100,17,units,0,v41691050,2.79,119.2,,,,1
2008-01,Canada,2016A000011124,Rented accommodation,2002=100,17,units,0,v41691051,2.80,107.0,,,,1
2008-01,Canada,2016A000011124,Rent,2002=100,17,units,0,v41691052,2.81,107.0,,,,1
2008-01,Ontario,2016A000235,All-items,2002=100,17,units,0,v41691919,14.2,110.9,,,,1
2008-01,Ontario,2016A000235,Shelter,2002=100,17,units,0,v41691952,14.79,115.6,,,,1
2008-01,Ontario,2016A000235,Rented accommodation,2002=100,17,units,0,v41691953,14.80,106.0,,,,1
2008-01,Ontario,2016A000235,Rent,2002=100,17,units,0,v41691954,14.81,106.0,,,,1
2008-01,"Toronto, Ontario",2011S0503535,All-items,2002=100,17,units,0,v41692888,16.2,110.7,,,,1
2008-01,"Toronto, Ontario",2011S0503535,Shelter,2002=100,17,units,0,v41692889,16.79,114.8,,,,1
2008-01,"Toronto, Ontario",2011S0503535,Rented accommodation,2002=100,17,units,0,v41692890,16.80,106.5,,,,1
2008-02,Canada,2016A000011124,All-items,2002=100,17,units,0,v41690973,2.2,112.2,,,,1
2008-02,Canada,2016A000011124,Shelter,2002=100,17,units,0,v41691050,2.79,119.6,,,,1
2008-02,Canada,2016A000011124,Rented accommodation,2002=100,17,units,0,v41691051,2.80,107.2,,,,1
2008-02,Canada,2016A000011124,Rent,2002=100,17,units,0,v41691052,2.81,107.2,,,,1
2008-02,Ontario,2016A000235,All-items,2002=100,17,units,0,v41691919,14.2,111.4,,,,1
2008-02,Ontario,2016A000235,Shelter,2002=100,17,units,0,v41691952,14.79,115.9,,,,1
2008-02,Ontario,2016A000235,Rented accommodation,2002=100,17,units,0,v41691953,14.80,106.1,,,,1
2008-02,Ontario,2016A000235,Rent,2002=100,17,units,0,v41691954,14.81,106.2,,,,1
2008-02,"Toronto, Ontario",2011S0503535,All-items,2002=100,17,units,0,v41692888,16.2,111.3,,,,1
2008-02,"Toronto, Ontario",2011S0503535,Shelter,2002=100,17,units,0,v41692889,16.79,115.2,,,,1
2008-02,"Toronto, Ontario",2011S0503535,Rented accommodation,2002=100,17,units,0,v41692890,16.80,106.7,,,,1
2008-03,Canada,2016A000011124,All-items,2002=100,17,units,0,v41690973,2.2,112.6,,,,1
2008-03,Canada,2016A000011124,Shelter,2002=100,17,units,0,v41691050,2.79,120.1,,,,1
2008-03,Canada,2016A000011124,Rented accommodation,2002=100,17,units,0,v41691051,2.80,107.3,,,,1
2008-03,Canada,2016A000011124,Rent,2002=100,17,units,0,v41691052,2.81,107.3,,,,1
2008-03,Ontario,2016A000235,All-items,2002=100,17,units,0,v41691919,14.2,111.7,,,,1
2008-03,Ontario,2016A000235,Shelter,2002=100,17,units,0,v41691952,14.79,116.3,,,,1
2008-03,Ontario,2016A000235,Rented accommodation,2002=100,17,units,0,v41691953,14.80,106.1,,,,1
2008-03,Ontario,2016A000235,Rent,2002=100,17,units,0,v41691954,14.81,106.2,,,,1
2008-03,"Toronto, Ontario",2011S0503535,All-items,2002=100,17,units,0,v41692888,16.2,111.5,,,,1
2008-03,"Toronto, Ontario",2011S0503535,Shelter,2002=100,17,units,0,v41692889,16.79,115.5,,,,1
2008-03,"Toronto, Ontario",2011S0503535,Rented accommodation,2002=100,17,units,0,v41692890,16.80,106.7,,,,1
2008-04,Canada,2016A000011124,All-items,2002=100,17,units,0,v41690973,2.2,113.5,,,,1
2008-04,Canada,2016A000011124,Shelter,2002=100,17,units,0,v41691050,2.79,121.2,,,,1
2008-04,Canada,2016A000011124,Rented accommodation,2002=100,17,units,0,v41691051,2.80,107.4,,,,1
2008-04,Canada,2016A000011124,Rent,2002=100,17,units,0,v41691052,2.81,107.4,,,,1
2008-04,Ontario,2016A000235,All-items,2002=100,17,units,0,v41691919,14.2,112.5,,,,1
2008-04,Ontario,2016A000235,Shelter,2002=100,17,units,0,v41691952,14.79,117.1,,,,1
2008-04,Ontario,2016A000235,Rented accommodation,2002=100,17,units,0,v41691953,14.80,106.2,,,,1
2008-04,Ontario,2016A000235,Rent,2002=100,17,units,0,v41691954,14.81,106.2,,,,1
2008-04,"Toronto, Ontario",2011S0503535,All-items,2002=100,17,units,0,v41692888,16.2,112.2,,,,1
2008-04,"Toronto, Ontario",2011S0503535,Shelter,2002=100,17,units,0,v41692889,16.79,116.1,,,,1
2008-04,"Toronto, Ontario",2011S0503535,Rented accommodation,2002=100,17,units,0,v41692890,16.80,106.7,,,,1
2008-05,Canada,2016A000011124,All-items,2002=100,17,units,0,v41690973,2.2,114.6,,,,1
2008-05,Canada,2016A000011124,Shelter,2002=100,17,units,0,v41691050,2.79,121.6,,,,1
2008-05,Canada,2016A000011124,Rented accommodation,2002=100,17,units,0,v41691051,2.80,107.6,,,,1
2008-05,Canada,2016A000011124,Rent,2002=100,17,units,0,v41691052,2.81,107.6,,,,1
2008-05,Ontario,2016A000235,All-items,2002=100,17,units,0,v41691919,14.2,113.6,,,,1
2008-05,Ontario,2016A000235,Shelter,2002=100,17,units,0,v41691952,14.79,117.5,,,,1
2008-05,Ontario,2016A000235,Rented accommodation,2002=100,17,units,0,v41691953,14.80,106.2,,,,1
2008-05,Ontario,2016A000235,Rent,2002=100,17,units,0,v41691954,14.81,106.3,,,,1
2008-05,"Toronto, Ontario",2011S0503535,All-items,2002=100,17,units,0,v41692888,16.2,113.3,,,,1
2008-05,"Toronto, Ontario",2011S0503535,Shelter,2002=100,17,units,0,v41692889,16.79,116.2,,,,1
2008-05,"Toronto, Ontario",2011S0503535,Rented accommodation,2002=100,17,units,0,v41692890,16.80,106.8,,,,1
2008-06,Canada,2016A000011124,All-items,2002=100,17,units,0,v41690973,2.2,115.4,,,,1
2008-06,Canada,2016A000011124,Shelter,2002=100,17,units,0,v41691050,2.79,122.3,,,,1
2008-06,Canada,2016A000011124,Rented accommodation,2002=100,17,units,0,v41691051,2.80,107.7,,,,1
2008-06,Canada,2016A000011124,Rent,2002=100,17,units,0,v41691052,2.81,107.7,,,,1
2008-06,Ontario,2016A000235,All-items,2002=100,17,units,0,v41691919,14.2,114.2,,,,1
2008-06,Ontario,2016A000235,Shelter,2002=100,17,units,0,v41691952,14.79,117.6,,,,1
2008-06,Ontario,2016A000235,Rented accommodation,2002=100,17,units,0,v41691953,14.80,106.3,,,,1
2008-06,Ontario,2016A000235,Rent,2002=100,17,units,0,v41691954,14.81,106.4,,,,1
2008-06,"Toronto, Ontario",2011S0503535,All-items,2002=100,17,units,0,v41692888,16.2,113.8,,,,1
2008-06,"Toronto, Ontario",2011S0503535,Shelter,2002=100,17,units,0,v41692889,16.79,116.3,,,,1
2008-06,"Toronto, Ontario",2011S0503535,Rented accommodation,2002=100,17,units,0,v41692890,16.80,106.8,,,,1
2008-07,Canada,2016A000011124,All-items,2002=100,17,units,0,v41690973,2.2,115.8,,,,1
2008-07,Canada,2016A000011124,Shelter,2002=100,17,units,0,v41691050,2.79,123.3,,,,1
2008-07,Canada,2016A000011124,Rented accommodation,2002=100,17,units,0,v41691051,2.80,107.9,,,,1
2008-07,Canada,2016A000011124,Rent,2002=100,17,units,0,v41691052,2.81,107.9,,,,1
2008-07,Ontario,2016A000235,All-items,2002=100,17,units,0,v41691919,14.2,115.1,,,,1
2008-07,Ontario,2016A000235,Shelter,2002=100,17,units,0,v41691952,14.79,119.9,,,,1
2008-07,Ontario,2016A000235,Rented accommodation,2002=100,17,units,0,v41691953,14.80,106.3,,,,1
2008-07,Ontario,2016A000235,Rent,2002=100,17,units,0,v41691954,14.81,106.4,,,,1
2008-07,"Toronto, Ontario",2011S0503535,All-items,2002=100,17,units,0,v41692888,16.2,114.9,,,,1
2008-07,"Toronto, Ontario",2011S0503535,Shelter,2002=100,17,units,0,v41692889,16.79,118.9,,,,1
2008-07,"Toronto, Ontario",2011S0503535,Rented accommodation,2002=100,17,units,0,v41692890,16.80,106.9,,,,1
2008-08,Canada,2016A000011124,All-items,2002=100,17,units,0,v41690973,2.2,115.6,,,,1
2008-08,Canada,2016A000011124,Shelter,2002=100,17,units,0,v41691050,2.79,123.8,,,,1
2008-08,Canada,2016A000011124,Rented accommodation,2002=100,17,units,0,v41691051,2.80,108.1,,,,1
2008-08,Canada,2016A000011124,Rent,2002=100,17,units,0,v41691052,2.81,108.1,,,,1
2008-08,Ontario,2016A000235,All-items,2002=100,17,units,0,v41691919,14.2,114.8,,,,1
2008-08,Ontario,2016A000235,Shelter,2002=100,17,units,0,v41691952,14.79,120.0,,,,1
2008-08,Ontario,2016A000235,Rented accommodation,2002=100,17,units,0,v41691953,14.80,106.5,,,,1
2008-08,Ontario,2016A000235,Rent,2002=100,17,units,0,v41691954,14.81,106.5,,,,1
2008-08,"Toronto, Ontario",2011S0503535,All-items,2002=100,17,units,0,v41692888,16.2,114.7,,,,1
2008-08,"Toronto, Ontario",2011S0503535,Shelter,2002=100,17,units,0,v41692889,16.79,119.0,,,,1
2008-08,"Toronto, Ontario",2011S0503535,Rented accommodation,2002=100,17,units,0,v41692890,16.80,107.1,,,,1
2008-09,Canada,2016A000011124,All-items,2002=100,17,units,0,v41690973,2.2,115.7,,,,1
2008-09,Canada,2016A000011124,Shelter,2002=100,17,units,0,v41691050,2.79,123.1,,,,1
2008-09,Canada,2016A000011124,Rented accommodation,2002=100,17,units,0,v41691051,2.80,108.2,,,,1
2008-09,Canada,2016A000011124,Rent,2002=100,17,units,0,v41691052,2.81,108.2,,,,1
2008-09,Ontario,2016A000235,All-items,2002=100,17,units,0,v41691919,14.2,115.1,,,,1
2008-09,Ontario,2016A000235,Shelter,2002=100,17,units,0,v41691952,14.79,119.8,,,,1
2008-09,Ontario,2016A000235,Rented accommodation,2002=100,17,units,0,v41691953,14.80,106.5,,,,1
2008-09,Ontario,2016A000235,Rent,2002=100,17,units,0,v41691954,14.81,106.6,,,,1
2008-09,"Toronto, Ontario",2011S0503535,All-items,2002=100,17,units,0,v41692888,16.2,114.9,,,,1
2008-09,"Toronto, Ontario",2011S0503535,Shelter,2002=100,17,units,0,v41692889,16.79,118.8,,,,1
2008-09,"Toronto, Ontario",2011S0503535,Rented accommodation,2002=100,17,units,0,v41692890,16.80,107.1,,,,1
2008-10,Canada,2016A000011124,All-items,2002=100,17,units,0,v41690973,2.2,114.5,,,,1
2008-10,Canada,2016A000011124,Shelter,2002=100,17,units,0,v41691050,2.79,123.2,,,,1
2008-10,Canada,2016A000011124,Rented accommodation,2002=100,17,units,0,v41691051,2.80,108.4,,,,1
2008-10,Canada,2016A000011124,Rent,2002=100,17,units,0,v41691052,2.81,108.4,,,,1
2008-10,Ontario,2016A000235,All-items,2002=100,17,units,0,v41691919,14.2,113.7,,,,1
2008-10,Ontario,2016A000235,Shelter,2002=100,17,units,0,v41691952,14.79,120.1,,,,1
2008-10,Ontario,2016A000235,Rented accommodation,2002=100,17,units,0,v41691953,14.80,106.6,,,,1
2008-10,Ontario,2016A000235,Rent,2002=100,17,units,0,v41691954,14.81,106.7,,,,1
2008-10,"Toronto, Ontario",2011S0503535,All-items,2002=100,17,units,0,v41692888,16.2,113.7,,,,1
2008-10,"Toronto, Ontario",2011S0503535,Shelter,2002=100,17,units,0,v41692889,16.79,119.0,,,,1
2008-10,"Toronto, Ontario",2011S0503535,Rented accommodation,2002=100,17,units,0,v41692890,16.80,107.2,,,,1
2008-11,Canada,2016A000011124,All-items,2002=100,17,units,0,v41690973,2.2,114.1,,,,1
2008-11,Canada,2016A000011124,Shelter,2002=100,17,units,0,v41691050,2.79,123.4,,,,1
2008-11,Canada,2016A000011124,Rented accommodation,2002=100,17,units,0,v41691051,2.80,108.6,,,,1
2008-11,Canada,2016A000011124,Rent,2002=100,17,units,0,v41691052,2.81,108.6,,,,1
2008-11,Ontario,2016A000235,All-items,2002=100,17,units,0,v41691919,14.2,113.5,,,,1
2008-11,Ontario,2016A000235,Shelter,2002=100,17,units,0,v41691952,14.79,120.6,,,,1
2008-11,Ontario,2016A000235,Rented accommodation,2002=100,17,units,0,v41691953,14.80,106.7,,,,1
2008-11,Ontario,2016A000235,Rent,2002=100,17,units,0,v41691954,14.81,106.8,,,,1
2008-11,"Toronto, Ontario",2011S0503535,All-items,2002=100,17,units,0,v41692888,16.2,113.5,,,,1
2008-11,"Toronto, Ontario",2011S0503535,Shelter,2002=100,17,units,0,v41692889,16.79,119.6,,,,1
2008-11,"Toronto, Ontario",2011S0503535,Rented accommodation,2002=100,17,units,0,v41692890,16.80,107.3,,,,1
2008-12,Canada,2016A000011124,All-items,2002=100,17,units,0,v41690973,2.2,113.3,,,,1
2008-12,Canada,2016A000011124,Shelter,2002=100,17,units,0,v41691050,2.79,123.4,,,,1
2008-12,Canada,2016A000011124,Rented accommodation,2002=100,17,units,0,v41691051,2.80,108.7,,,,1
2008-12,Canada,2016A000011124,Rent,2002=100,17,units,0,v41691052,2.81,108.7,,,,1
2008-12,Ontario,2016A000235,All-items,2002=100,17,units,0,v41691919,14.2,112.8,,,,1
2008-12,Ontario,2016A000235,Shelter,2002=100,17,units,0,v41691952,14.79,120.6,,,,1
2008-12,Ontario,2016A000235,Rented accommodation,2002=100,17,units,0,v41691953,14.80,106.8,,,,1
2008-12,Ontario,2016A000235,Rent,2002=100,17,units,0,v41691954,14.81,106.8,,,,1
2008-12,"Toronto, Ontario",2011S0503535,All-items,2002=100,17,units,0,v41692888,16.2,113.0,,,,1
2008-12,"Toronto, Ontario",2011S0503535,Shelter,2002=100,17,units,0,v41692889,16.79,119.8,,,,1
2008-12,"Toronto, Ontario",2011S0503535,Rented accommodation,2002=100,17,units,0,v41692890,16.80,107.3,,,,1
2009-01,Canada,2016A000011124,All-items,2002=100,17,units,0,v41690973,2.2,113.0,,,,1
2009-01,Canada,2016A000011124,Shelter,2002=100,17,units,0,v41691050,2.79,123.1,,,,1
2009-01,Canada,2016A000011124,Rented accommodation,2002=100,17,units,0,v41691051,2.80,108.8,,,,1
2009-01,Canada,2016A000011124,Rent,2002=100,17,units,0,v41691052,2.81,108.8,,,,1
2009-01,Ontario,2016A000235,All-items,2002=100,17,units,0,v41691919,14.2,112.4,,,,1
2009-01,Ontario,2016A000235,Shelter,2002=100,17,units,0,v41691952,14.79,120.3,,,,1
2009-01,Ontario,2016A000235,Rented accommodation,2002=100,17,units,0,v41691953,14.80,106.8,,,,1
2009-01,Ontario,2016A000235,Rent,2002=100,17,units,0,v41691954,14.81,106.9,,,,1
2009-01,"Toronto, Ontario",2011S0503535,All-items,2002=100,17,units,0,v41692888,16.2,112.5,,,,1
2009-01,"Toronto, Ontario",2011S0503535,Shelter,2002=100,17,units,0,v41692889,16.79,119.5,,,,1
2009-01,"Toronto, Ontario",2011S0503535,Rented accommodation,2002=100,17,units,0,v41692890,16.80,107.4,,,,1
2009-02,Canada,2016A000011124,All-items,2002=100,17,units,0,v41690973,2.2,113.8,,,,1
2009-02,Canada,2016A000011124,Shelter,2002=100,17,units,0,v41691050,2.79,123.2,,,,1
2009-02,Canada,2016A000011124,Rented accommodation,2002=100,17,units,0,v41691051,2.80,108.9,,,,1
2009-02,Canada,2016A000011124,Rent,2002=100,17,units,0,v41691052,2.81,108.9,,,,1
2009-02,Ontario,2016A000235,All-items,2002=100,17,units,0,v41691919,14.2,113.1,,,,1
2009-02,Ontario,2016A000235,Shelter,2002=100,17,units,0,v41691952,14.79,120.3,,,,1
2009-02,Ontario,2016A000235,Rented accommodation,2002=100,17,units,0,v41691953,14.80,107.0,,,,1
2009-02,Ontario,2016A000235,Rent,2002=100,17,units,0,v41691954,14.81,107.0,,,,1
2009-02,"Toronto, Ontario",2011S0503535,All-items,2002=100,17,units,0,v41692888,16.2,113.2,,,,1
2009-02,"Toronto, Ontario",2011S0503535,Shelter,2002=100,17,units,0,v41692889,16.79,119.5,,,,1
2009-02,"Toronto, Ontario",2011S0503535,Rented accommodation,2002=100,17,units,0,v41692890,16.80,107.6,,,,1
2009-03,Canada,2016A000011124,All-items,2002=100,17,units,0,v41690973,2.2,114.0,,,,1
2009-03,Canada,2016A000011124,Shelter,2002=100,17,units,0,v41691050,2.79,122.6,,,,1
2009-03,Canada,2016A000011124,Rented accommodation,2002=100,17,units,0,v41691051,2.80,109.0,,,,1
2009-03,Canada,2016A000011124,Rent,2002=100,17,units,0,v41691052,2.81,109.0,,,,1
2009-03,Ontario,2016A000235,All-items,2002=100,17,units,0,v41691919,14.2,113.7,,,,1
2009-03,Ontario,2016A000235,Shelter,2002=100,17,units,0,v41691952,14.79,120.2,,,,1
2009-03,Ontario,2016A000235,Rented accommodation,2002=100,17,units,0,v41691953,14.80,107.1,,,,1
2009-03,Ontario,2016A000235,Rent,2002=100,17,units,0,v41691954,14.81,107.1,,,,1
2009-03,"Toronto, Ontario",2011S0503535,All-items,2002=100,17,units,0,v41692888,16.2,113.8,,,,1
2009-03,"Toronto, Ontario",2011S0503535,Shelter,2002=100,17,units,0,v41692889,16.79,119.4,,,,1
2009-03,"Toronto, Ontario",2011S0503535,Rented accommodation,2002=100,17,units,0,v41692890,16.80,107.6,,,,1
2009-04,Canada,2016A000011124,All-items,2002=100,17,units,0,v41690973,2.2,113.9,,,,1
2009-04,Canada,2016A000011124,Shelter,2002=100,17,units,0,v41691050,2.79,121.4,,,,1
2009-04,Canada,2016A000011124,Rented accommodation,2002=100,17,units,0,v41691051,2.80,109.1,,,,1
2009-04,Canada,2016A000011124,Rent,2002=100,17,units,0,v41691052,2.81,109.1,,,,1
2009-04,Ontario,2016A000235,All-items,2002=100,17,units,0,v41691919,14.2,113.2,,,,1
2009-04,Ontario,2016A000235,Shelter,2002=100,17,units,0,v41691952,14.79,118.1,,,,1
2009-04,Ontario,2016A000235,Rented accommodation,2002=100,17,units,0,v41691953,14.80,107.2,,,,1
2009-04,Ontario,2016A000235,Rent,2002=100,17,units,0,v41691954,14.81,107.2,,,,1
2009-04,"Toronto, Ontario",2011S0503535,All-items,2002=100,17,units,0,v41692888,16.2,113.1,,,,1
2009-04,"Toronto, Ontario",2011S0503535,Shelter,2002=100,17,units,0,v41692889,16.79,116.8,,,,1
2009-04,"Toronto, Ontario",2011S0503535,Rented accommodation,2002=100,17,units,0,v41692890,16.80,107.8,,,,1
2009-05,Canada,2016A000011124,All-items,2002=100,17,units,0,v41690973,2.2,114.7,,,,1
2009-05,Canada,2016A000011124,Shelter,2002=100,17,units,0,v41691050,2.79,121.4,,,,1
2009-05,Canada,2016A000011124,Rented accommodation,2002=100,17,units,0,v41691051,2.80,109.2,,,,1
2009-05,Canada,2016A000011124,Rent,2002=100,17,units,0,v41691052,2.81,109.2,,,,1
2009-05,Ontario,2016A000235,All-items,2002=100,17,units,0,v41691919,14.2,114.0,,,,1
2009-05,Ontario,2016A000235,Shelter,2002=100,17,units,0,v41691952,14.79,118.3,,,,1
2009-05,Ontario,2016A000235,Rented accommodation,2002=100,17,units,0,v41691953,14.80,107.3,,,,1
2009-05,Ontario,2016A000235,Rent,2002=100,17,units,0,v41691954,14.81,107.3,,,,1
2009-05,"Toronto, Ontario",2011S0503535,All-items,2002=100,17,units,0,v41692888,16.2,113.9,,,,1
2009-05,"Toronto, Ontario",2011S0503535,Shelter,2002=100,17,units,0,v41692889,16.79,117.0,,,,1
2009-05,"Toronto, Ontario",2011S0503535,Rented accommodation,2002=100,17,units,0,v41692890,16.80,107.9,,,,1
2009-06,Canada,2016A000011124,All-items,2002=100,17,units,0,v41690973,2.2,115.1,,,,1
2009-06,Canada,2016A000011124,Shelter,2002=100,17,units,0,v41691050,2.79,121.3,,,,1
2009-06,Canada,2016A000011124,Rented accommodation,2002=100,17,units,0,v41691051,2.80,109.3,,,,1
2009-06,Canada,2016A000011124,Rent,2002=100,17,units,0,v41691052,2.81,109.3,,,,1
2009-06,Ontario,2016A000235,All-items,2002=100,17,units,0,v41691919,14.2,114.2,,,,1
2009-06,Ontario,2016A000235,Shelter,2002=100,17,units,0,v41691952,14.79,118.3,,,,1
2009-06,Ontario,2016A000235,Rented accommodation,2002=100,17,units,0,v41691953,14.80,107.3,,,,1
2009-06,Ontario,2016A000235,Rent,2002=100,17,units,0,v41691954,14.81,107.4,,,,1
2009-06,"Toronto, Ontario",2011S0503535,All-items,2002=100,17,units,0,v41692888,16.2,114.0,,,,1
2009-06,"Toronto, Ontario",2011S0503535,Shelter,2002=100,17,units,0,v41692889,16.79,116.9,,,,1
2009-06,"Toronto, Ontario",2011S0503535,Rented accommodation,2002=100,17,units,0,v41692890,16.80,108.0,,,,1
2009-07,Canada,2016A000011124,All-items,2002=100,17,units,0,v41690973,2.2,114.7,,,,1
2009-07,Canada,2016A000011124,Shelter,2002=100,17,units,0,v41691050,2.79,120.8,,,,1
2009-07,Canada,2016A000011124,Rented accommodation,2002=100,17,units,0,v41691051,2.80,109.4,,,,1
2009-07,Canada,2016A000011124,Rent,2002=100,17,units,0,v41691052,2.81,109.4,,,,1
2009-07,Ontario,2016A000235,All-items,2002=100,17,units,0,v41691919,14.2,113.7,,,,1
2009-07,Ontario,2016A000235,Shelter,2002=100,17,units,0,v41691952,14.79,117.8,,,,1
2009-07,Ontario,2016A000235,Rented accommodation,2002=100,17,units,0,v41691953,14.80,107.4,,,,1
2009-07,Ontario,2016A000235,Rent,2002=100,17,units,0,v41691954,14.81,107.5,,,,1
2009-07,"Toronto, Ontario",2011S0503535,All-items,2002=100,17,units,0,v41692888,16.2,113.6,,,,1
2009-07,"Toronto, Ontario",2011S0503535,Shelter,2002=100,17,units,0,v41692889,16.79,116.4,,,,1
2009-07,"Toronto, Ontario",2011S0503535,Rented accommodation,2002=100,17,units,0,v41692890,16.80,108.0,,,,1
2009-08,Canada,2016A000011124,All-items,2002=100,17,units,0,v41690973,2.2,114.7,,,,1
2009-08,Canada,2016A000011124,Shelter,2002=100,17,units,0,v41691050,2.79,121.1,,,,1
2009-08,Canada,2016A000011124,Rented accommodation,2002=100,17,units,0,v41691051,2.80,109.7,,,,1
2009-08,Canada,2016A000011124,Rent,2002=100,17,units,0,v41691052,2.81,109.7,,,,1
2009-08,Ontario,2016A000235,All-items,2002=100,17,units,0,v41691919,14.2,113.7,,,,1
2009-08,Ontario,2016A000235,Shelter,2002=100,17,units,0,v41691952,14.79,117.7,,,,1
2009-08,Ontario,2016A000235,Rented accommodation,2002=100,17,units,0,v41691953,14.80,107.6,,,,1
2009-08,Ontario,2016A000235,Rent,2002=100,17,units,0,v41691954,14.81,107.6,,,,1
2009-08,"Toronto, Ontario",2011S0503535,All-items,2002=100,17,units,0,v41692888,16.2,113.6,,,,1
2009-08,"Toronto, Ontario",2011S0503535,Shelter,2002=100,17,units,0,v41692889,16.79,116.3,,,,1
2009-08,"Toronto, Ontario",2011S0503535,Rented accommodation,2002=100,17,units,0,v41692890,16.80,108.2,,,,1
2009-09,Canada,2016A000011124,All-items,2002=100,17,units,0,v41690973,2.2,114.7,,,,1
2009-09,Canada,2016A000011124,Shelter,2002=100,17,units,0,v41691050,2.79,120.9,,,,1
2009-09,Canada,2016A000011124,Rented accommodation,2002=100,17,units,0,v41691051,2.80,109.8,,,,1
2009-09,Canada,2016A000011124,Rent,2002=100,17,units,0,v41691052,2.81,109.8,,,,1
2009-09,Ontario,2016A000235,All-items,2002=100,17,units,0,v41691919,14.2,113.8,,,,1
2009-09,Ontario,2016A000235,Shelter,2002=100,17,units,0,v41691952,14.79,117.7,,,,1
2009-09,Ontario,2016A000235,Rented accommodation,2002=100,17,units,0,v41691953,14.80,107.8,,,,1
2009-09,Ontario,2016A000235,Rent,2002=100,17,units,0,v41691954,14.81,107.8,,,,1
2009-09,"Toronto, Ontario",2011S0503535,All-items,2002=100,17,units,0,v41692888,16.2,113.7,,,,1
2009-09,"Toronto, Ontario",2011S0503535,Shelter,2002=100,17,units,0,v41692889,16.79,116.3,,,,1
2009-09,"Toronto, Ontario",2011S0503535,Rented accommodation,2002=100,17,units,0,v41692890,16.80,108.5,,,,1
2009-10,Canada,2016A000011124,All-items,2002=100,17,units,0,v41690973,2.2,114.6,,,,1
2009-10,Canada,2016A000011124,Shelter,2002=100,17,units,0,v41691050,2.79,121.2,,,,1
2009-10,Canada,2016A000011124,Rented accommodation,2002=100,17,units,0,v41691051,2.80,110.0,,,,1
2009-10,Canada,2016A000011124,Rent,2002=100,17,units,0,v41691052,2.81,110.0,,,,1
2009-10,Ontario,2016A000235,All-items,2002=100,17,units,0,v41691919,14.2,113.9,,,,1
2009-10,Ontario,2016A000235,Shelter,2002=100,17,units,0,v41691952,14.79,118.2,,,,1
2009-10,Ontario,2016A000235,Rented accommodation,2002=100,17,units,0,v41691953,14.80,108.0,,,,1
2009-10,Ontario,2016A000235,Rent,2002=100,17,units,0,v41691954,14.81,108.0,,,,1
2009-10,"Toronto, Ontario",2011S0503535,All-items,2002=100,17,units,0,v41692888,16.2,114.0,,,,1
2009-10,"Toronto, Ontario",2011S0503535,Shelter,2002=100,17,units,0,v41692889,16.79,117.2,,,,1
2009-10,"Toronto, Ontario",2011S0503535,Rented accommodation,2002=100,17,units,0,v41692890,16.80,108.8,,,,1
2009-11,Canada,2016A000011124,All-items,2002=100,17,units,0,v41690973,2.2,115.2,,,,1
2009-11,Canada,2016A000011124,Shelter,2002=100,17,units,0,v41691050,2.79,121.3,,,,1
2009-11,Canada,2016A000011124,Rented accommodation,2002=100,17,units,0,v41691051,2.80,110.1,,,,1
2009-11,Canada,2016A000011124,Rent,2002=100,17,units,0,v41691052,2.81,110.1,,,,1
2009-11,Ontario,2016A000235,All-items,2002=100,17,units,0,v41691919,14.2,114.6,,,,1
2009-11,Ontario,2016A000235,Shelter,2002=100,17,units,0,v41691952,14.79,118.0,,,,1
2009-11,Ontario,2016A000235,Rented accommodation,2002=100,17,units,0,v41691953,14.80,108.1,,,,1
2009-11,Ontario,2016A000235,Rent,2002=100,17,units,0,v41691954,14.81,108.1,,,,1
2009-11,"Toronto, Ontario",2011S0503535,All-items,2002=100,17,units,0,v41692888,16.2,114.4,,,,1
2009-11,"Toronto, Ontario",2011S0503535,Shelter,2002=100,17,units,0,v41692889,16.79,117.1,,,,1
2009-11,"Toronto, Ontario",2011S0503535,Rented accommodation,2002=100,17,units,0,v41692890,16.80,109.0,,,,1
2009-12,Canada,2016A000011124,All-items,2002=100,17,units,0,v41690973,2.2,114.8,,,,1
2009-12,Canada,2016A000011124,Shelter,2002=100,17,units,0,v41691050,2.79,121.3,,,,1
2009-12,Canada,2016A000011124,Rented accommodation,2002=100,17,units,0,v41691051,2.80,110.2,,,,1
2009-12,Canada,2016A000011124,Rent,2002=100,17,units,0,v41691052,2.81,110.2,,,,1
2009-12,Ontario,2016A000235,All-items,2002=100,17,units,0,v41691919,14.2,114.1,,,,1
2009-12,Ontario,2016A000235,Shelter,2002=100,17,units,0,v41691952,14.79,118.2,,,,1
2009-12,Ontario,2016A000235,Rented accommodation,2002=100,17,units,0,v41691953,14.80,108.3,,,,1
2009-12,Ontario,2016A000235,Rent,2002=100,17,units,0,v41691954,14.81,108.3,,,,1
2009-12,"Toronto, Ontario",2011S0503535,All-items,2002=100,17,units,0,v41692888,16.2,113.9,,,,1
2009-12,"Toronto, Ontario",2011S0503535,Shelter,2002=100,17,units,0,v41692889,16.79,117.2,,,,1
2009-12,"Toronto, Ontario",2011S0503535,Rented accommodation,2002=100,17,units,0,v41692890,16.80,109.2,,,,1
2010-01,Canada,2016A000011124,All-items,2002=100,17,units,0,v41690973,2.2,115.1,,,,1
2010-01,Canada,2016A000011124,Shelter,2002=100,17,units,0,v41691050,2.79,121.8,,,,1
2010-01,Canada,2016A000011124,Rented accommodation,2002=100,17,units,0,v41691051,2.80,110.2,,,,1
2010-01,Canada,2016A000011124,Rent,2002=100,17,units,0,v41691052,2.81,110.3,,,,1
2010-01,Ontario,2016A000235,All-items,2002=100,17,units,0,v41691919,14.2,114.5,,,,1
2010-01,Ontario,2016A000235,Shelter,2002=100,17,units,0,v41691952,14.79,118.6,,,,1
2010-01,Ontario,2016A000235,Rented accommodation,2002=100,17,units,0,v41691953,14.80,108.4,,,,1
2010-01,Ontario,2016A000235,Rent,2002=100,17,units,0,v41691954,14.81,108.4,,,,1
2010-01,"Toronto, Ontario",2011S0503535,All-items,2002=100,17,units,0,v41692888,16.2,114.5,,,,1
2010-01,"Toronto, Ontario",2011S0503535,Shelter,2002=100,17,units,0,v41692889,16.79,117.7,,,,1
2010-01,"Toronto, Ontario",2011S0503535,Rented accommodation,2002=100,17,units,0,v41692890,16.80,109.4,,,,1
2010-02,Canada,2016A000011124,All-items,2002=100,17,units,0,v41690973,2.2,115.6,,,,1
2010-02,Canada,2016A000011124,Shelter,2002=100,17,units,0,v41691050,2.79,121.8,,,,1
2010-02,Canada,2016A000011124,Rented accommodation,2002=100,17,units,0,v41691051,2.80,110.3,,,,1
2010-02,Canada,2016A000011124,Rent,2002=100,17,units,0,v41691052,2.81,110.3,,,,1
2010-02,Ontario,2016A000235,All-items,2002=100,17,units,0,v41691919,14.2,115.1,,,,1
2010-02,Ontario,2016A000235,Shelter,2002=100,17,units,0,v41691952,14.79,118.6,,,,1
2010-02,Ontario,2016A000235,Rented accommodation,2002=100,17,units,0,v41691953,14.80,108.5,,,,1
2010-02,Ontario,2016A000235,Rent,2002=100,17,units,0,v41691954,14.81,108.5,,,,1
2010-02,"Toronto, Ontario",2011S0503535,All-items,2002=100,17,units,0,v41692888,16.2,115.1,,,,1
2010-02,"Toronto, Ontario",2011S0503535,Shelter,2002=100,17,units,0,v41692889,16.79,117.8,,,,1
2010-02,"Toronto, Ontario",2011S0503535,Rented accommodation,2002=100,17,units,0,v41692890,16.80,109.6,,,,1
2010-03,Canada,2016A000011124,All-items,2002=100,17,units,0,v41690973,2.2,115.6,,,,1
2010-03,Canada,2016A000011124,Shelter,2002=100,17,units,0,v41691050,2.79,121.7,,,,1
2010-03,Canada,2016A000011124,Rented accommodation,2002=100,17,units,0,v41691051,2.80,110.4,,,,1
2010-03,Canada,2016A000011124,Rent,2002=100,17,units,0,v41691052,2.81,110.4,,,,1
2010-03,Ontario,2016A000235,All-items,2002=100,17,units,0,v41691919,14.2,115.3,,,,1
2010-03,Ontario,2016A000235,Shelter,2002=100,17,units,0,v41691952,14.79,118.8,,,,1
2010-03,Ontario,2016A000235,Rented accommodation,2002=100,17,units,0,v41691953,14.80,108.6,,,,1
2010-03,Ontario,2016A000235,Rent,2002=100,17,units,0,v41691954,14.81,108.6,,,,1
2010-03,"Toronto, Ontario",2011S0503535,All-items,2002=100,17,units,0,v41692888,16.2,115.3,,,,1
2010-03,"Toronto, Ontario",2011S0503535,Shelter,2002=100,17,units,0,v41692889,16.79,117.8,,,,1
2010-03,"Toronto, Ontario",2011S0503535,Rented accommodation,2002=100,17,units,0,v41692890,16.80,109.6,,,,1
2010-04,Canada,2016A000011124,All-items,2002=100,17,units,0,v41690973,2.2,116.0,,,,1
2010-04,Canada,2016A000011124,Shelter,2002=100,17,units,0,v41691050,2.79,122.4,,,,1
2010-04,Canada,2016A000011124,Rented accommodation,2002=100,17,units,0,v41691051,2.80,110.5,,,,1
2010-04,Canada,2016A000011124,Rent,2002=100,17,units,0,v41691052,2.81,110.5,,,,1
2010-04,Ontario,2016A000235,All-items,2002=100,17,units,0,v41691919,14.2,115.7,,,,1
2010-04,Ontario,2016A000235,Shelter,2002=100,17,units,0,v41691952,14.79,120.0,,,,1
2010-04,Ontario,2016A000235,Rented accommodation,2002=100,17,units,0,v41691953,14.80,108.6,,,,1
2010-04,Ontario,2016A000235,Rent,2002=100,17,units,0,v41691954,14.81,108.6,,,,1
2010-04,"Toronto, Ontario",2011S0503535,All-items,2002=100,17,units,0,v41692888,16.2,115.8,,,,1
2010-04,"Toronto, Ontario",2011S0503535,Shelter,2002=100,17,units,0,v41692889,16.79,119.2,,,,1
2010-04,"Toronto, Ontario",2011S0503535,Rented accommodation,2002=100,17,units,0,v41692890,16.80,109.7,,,,1
2010-05,Canada,2016A000011124,All-items,2002=100,17,units,0,v41690973,2.2,116.3,,,,1
2010-05,Canada,2016A000011124,Shelter,2002=100,17,units,0,v41691050,2.79,123.0,,,,1
2010-05,Canada,2016A000011124,Rented accommodation,2002=100,17,units,0,v41691051,2.80,110.5,,,,1
2010-05,Canada,2016A000011124,Rent,2002=100,17,units,0,v41691052,2.81,110.6,,,,1
2010-05,Ontario,2016A000235,All-items,2002=100,17,units,0,v41691919,14.2,116.2,,,,1
2010-05,Ontario,2016A000235,Shelter,2002=100,17,units,0,v41691952,14.79,121.4,,,,1
2010-05,Ontario,2016A000235,Rented accommodation,2002=100,17,units,0,v41691953,14.80,108.7,,,,1
2010-05,Ontario,2016A000235,Rent,2002=100,17,units,0,v41691954,14.81,108.7,,,,1
2010-05,"Toronto, Ontario",2011S0503535,All-items,2002=100,17,units,0,v41692888,16.2,116.3,,,,1
2010-05,"Toronto, Ontario",2011S0503535,Shelter,2002=100,17,units,0,v41692889,16.79,120.4,,,,1
2010-05,"Toronto, Ontario",2011S0503535,Rented accommodation,2002=100,17,units,0,v41692890,16.80,109.7,,,,1
2010-06,Canada,2016A000011124,All-items,2002=100,17,units,0,v41690973,2.2,116.2,,,,1
2010-06,Canada,2016A000011124,Shelter,2002=100,17,units,0,v41691050,2.79,123.3,,,,1
2010-06,Canada,2016A000011124,Rented accommodation,2002=100,17,units,0,v41691051,2.80,110.6,,,,1
2010-06,Canada,2016A000011124,Rent,2002=100,17,units,0,v41691052,2.81,110.7,,,,1
2010-06,Ontario,2016A000235,All-items,2002=100,17,units,0,v41691919,14.2,116.0,,,,1
2010-06,Ontario,2016A000235,Shelter,2002=100,17,units,0,v41691952,14.79,121.4,,,,1
2010-06,Ontario,2016A000235,Rented accommodation,2002=100,17,units,0,v41691953,14.80,108.7,,,,1
2010-06,Ontario,2016A000235,Rent,2002=100,17,units,0,v41691954,14.81,108.7,,,,1
2010-06,"Toronto, Ontario",2011S0503535,All-items,2002=100,17,units,0,v41692888,16.2,116.1,,,,1
2010-06,"Toronto, Ontario",2011S0503535,Shelter,2002=100,17,units,0,v41692889,16.79,120.5,,,,1
2010-06,"Toronto, Ontario",2011S0503535,Rented accommodation,2002=100,17,units,0,v41692890,16.80,109.8,,,,1
2010-07,Canada,2016A000011124,All-items,2002=100,17,units,0,v41690973,2.2,116.8,,,,1
2010-07,Canada,2016A000011124,Shelter,2002=100,17,units,0,v41691050,2.79,124.3,,,,1
2010-07,Canada,2016A000011124,Rented accommodation,2002=100,17,units,0,v41691051,2.80,110.8,,,,1
2010-07,Canada,2016A000011124,Rent,2002=100,17,units,0,v41691052,2.81,110.8,,,,1
2010-07,Ontario,2016A000235,All-items,2002=100,17,units,0,v41691919,14.2,117.0,,,,1
2010-07,Ontario,2016A000235,Shelter,2002=100,17,units,0,v41691952,14.79,122.9,,,,1
2010-07,Ontario,2016A000235,Rented accommodation,2002=100,17,units,0,v41691953,14.80,108.9,,,,1
2010-07,Ontario,2016A000235,Rent,2002=100,17,units,0,v41691954,14.81,108.9,,,,1
2010-07,"Toronto, Ontario",2011S0503535,All-items,2002=100,17,units,0,v41692888,16.2,117.1,,,,1
2010-07,"Toronto, Ontario",2011S0503535,Shelter,2002=100,17,units,0,v41692889,16.79,121.7,,,,1
2010-07,"Toronto, Ontario",2011S0503535,Rented accommodation,2002=100,17,units,0,v41692890,16.80,109.9,,,,1
2010-08,Canada,2016A000011124,All-items,2002=100,17,units,0,v41690973,2.2,116.7,,,,1
2010-08,Canada,2016A000011124,Shelter,2002=100,17,units,0,v41691050,2.79,124.0,,,,1
2010-08,Canada,2016A000011124,Rented accommodation,2002=100,17,units,0,v41691051,2.80,111.0,,,,1
2010-08,Canada,2016A000011124,Rent,2002=100,17,units,0,v41691052,2.81,111.0,,,,1
2010-08,Ontario,2016A000235,All-items,2002=100,17,units,0,v41691919,14.2,117.0,,,,1
2010-08,Ontario,2016A000235,Shelter,2002=100,17,units,0,v41691952,14.79,122.5,,,,1
2010-08,Ontario,2016A000235,Rented accommodation,2002=100,17,units,0,v41691953,14.80,109.0,,,,1
2010-08,Ontario,2016A000235,Rent,2002=100,17,units,0,v41691954,14.81,109.0,,,,1
2010-08,"Toronto, Ontario",2011S0503535,All-items,2002=100,17,units,0,v41692888,16.2,117.1,,,,1
2010-08,"Toronto, Ontario",2011S0503535,Shelter,2002=100,17,units,0,v41692889,16.79,121.5,,,,1
2010-08,"Toronto, Ontario",2011S0503535,Rented accommodation,2002=100,17,units,0,v41692890,16.80,110.1,,,,1
2010-09,Canada,2016A000011124,All-items,2002=100,17,units,0,v41690973,2.2,116.9,,,,1
2010-09,Canada,2016A000011124,Shelter,2002=100,17,units,0,v41691050,2.79,123.9,,,,1
2010-09,Canada,2016A000011124,Rented accommodation,2002=100,17,units,0,v41691051,2.80,111.1,,,,1
2010-09,Canada,2016A000011124,Rent,2002=100,17,units,0,v41691052,2.81,111.1,,,,1
2010-09,Ontario,2016A000235,All-items,2002=100,17,units,0,v41691919,14.2,117.1,,,,1
2010-09,Ontario,2016A000235,Shelter,2002=100,17,units,0,v41691952,14.79,122.5,,,,1
2010-09,Ontario,2016A000235,Rented accommodation,2002=100,17,units,0,v41691953,14.80,109.1,,,,1
2010-09,Ontario,2016A000235,Rent,2002=100,17,units,0,v41691954,14.81,109.2,,,,1
2010-09,"Toronto, Ontario",2011S0503535,All-items,2002=100,17,units,0,v41692888,16.2,117.3,,,,1
2010-09,"Toronto, Ontario",2011S0503535,Shelter,2002=100,17,units,0,v41692889,16.79,121.5,,,,1
2010-09,"Toronto, Ontario",2011S0503535,Rented accommodation,2002=100,17,units,0,v41692890,16.80,110.2,,,,1
2010-10,Canada,2016A000011124,All-items,2002=100,17,units,0,v41690973,2.2,117.4,,,,1
2010-10,Canada,2016A000011124,Shelter,2002=100,17,units,0,v41691050,2.79,124.6,,,,1
2010-10,Canada,2016A000011124,Rented accommodation,2002=100,17,units,0,v41691051,2.80,111.3,,,,1
2010-10,Canada,2016A000011124,Rent,2002=100,17,units,0,v41691052,2.81,111.3,,,,1
2010-10,Ontario,2016A000235,All-items,2002=100,17,units,0,v41691919,14.2,117.8,,,,1
2010-10,Ontario,2016A000235,Shelter,2002=100,17,units,0,v41691952,14.79,123.2,,,,1
2010-10,Ontario,2016A000235,Rented accommodation,2002=100,17,units,0,v41691953,14.80,109.4,,,,1
2010-10,Ontario,2016A000235,Rent,2002=100,17,units,0,v41691954,14.81,109.4,,,,1
2010-10,"Toronto, Ontario",2011S0503535,All-items,2002=100,17,units,0,v41692888,16.2,117.7,,,,1
2010-10,"Toronto, Ontario",2011S0503535,Shelter,2002=100,17,units,0,v41692889,16.79,121.9,,,,1
2010-10,"Toronto, Ontario",2011S0503535,Rented accommodation,2002=100,17,units,0,v41692890,16.80,110.5,,,,1
2010-11,Canada,2016A000011124,All-items,2002=100,17,units,0,v41690973,2.2,117.5,,,,1
2010-11,Canada,2016A000011124,Shelter,2002=100,17,units,0,v41691050,2.79,124.4,,,,1
2010-11,Canada,2016A000011124,Rented accommodation,2002=100,17,units,0,v41691051,2.80,111.4,,,,1
2010-11,Canada,2016A000011124,Rent,2002=100,17,units,0,v41691052,2.81,111.4,,,,1
2010-11,Ontario,2016A000235,All-items,2002=100,17,units,0,v41691919,14.2,118.0,,,,1
2010-11,Ontario,2016A000235,Shelter,2002=100,17,units,0,v41691952,14.79,122.8,,,,1
2010-11,Ontario,2016A000235,Rented accommodation,2002=100,17,units,0,v41691953,14.80,109.4,,,,1
2010-11,Ontario,2016A000235,Rent,2002=100,17,units,0,v41691954,14.81,109.5,,,,1
2010-11,"Toronto, Ontario",2011S0503535,All-items,2002=100,17,units,0,v41692888,16.2,117.8,,,,1
2010-11,"Toronto, Ontario",2011S0503535,Shelter,2002=100,17,units,0,v41692889,16.79,121.6,,,,1
2010-11,"Toronto, Ontario",2011S0503535,Rented accommodation,2002=100,17,units,0,v41692890,16.80,110.5,,,,1
2010-12,Canada,2016A000011124,All-items,2002=100,17,units,0,v41690973,2.2,117.5,,,,1
2010-12,Canada,2016A000011124,Shelter,2002=100,17,units,0,v41691050,2.79,124.6,,,,1
2010-12,Canada,2016A000011124,Rented accommodation,2002=100,17,units,0,v41691051,2.80,111.5,,,,1
2010-12,Canada,2016A000011124,Rent,2002=100,17,units,0,v41691052,2.81,111.5,,,,1
2010-12,Ontario,2016A000235,All-items,2002=100,17,units,0,v41691919,14.2,117.9,,,,1
2010-12,Ontario,2016A000235,Shelter,2002=100,17,units,0,v41691952,14.79,123.0,,,,1
2010-12,Ontario,2016A000235,Rented accommodation,2002=100,17,units,0,v41691953,14.80,109.5,,,,1
2010-12,Ontario,2016A000235,Rent,2002=100,17,units,0,v41691954,14.81,109.5,,,,1
2010-12,"Toronto, Ontario",2011S0503535,All-items,2002=100,17,units,0,v41692888,16.2,117.6,,,,1
2010-12,"Toronto, Ontario",2011S0503535,Shelter,2002=100,17,units,0,v41692889,16.79,121.8,,,,1
2010-12,"Toronto, Ontario",2011S0503535,Rented accommodation,2002=100,17,units,0,v41692890,16.80,110.7,,,,1
2011-01,Canada,2016A000011124,All-items,2002=100,17,units,0,v41690973,2.2,117.8,,,,1
2011-01,Canada,2016A000011124,Shelter,2002=100,17,units,0,v41691050,2.79,124.5,,,,1
2011-01,Canada,2016A000011124,Rented accommodation,2002=100,17,units,0,v41691051,2.80,111.5,,,,1
2011-01,Canada,2016A000011124,Rent,2002=100,17,units,0,v41691052,2.81,111.5,,,,1
2011-01,Ontario,2016A000235,All-items,2002=100,17,units,0,v41691919,14.2,117.8,,,,1
2011-01,Ontario,2016A000235,Shelter,2002=100,17,units,0,v41691952,14.79,122.4,,,,1
2011-01,Ontario,2016A000235,Rented accommodation,2002=100,17,units,0,v41691953,14.80,109.6,,,,1
2011-01,Ontario,2016A000235,Rent,2002=100,17,units,0,v41691954,14.81,109.6,,,,1
2011-01,"Toronto, Ontario",2011S0503535,All-items,2002=100,17,units,0,v41692888,16.2,117.5,,,,1
2011-01,"Toronto, Ontario",2011S0503535,Shelter,2002=100,17,units,0,v41692889,16.79,121.0,,,,1
2011-01,"Toronto, Ontario",2011S0503535,Rented accommodation,2002=100,17,units,0,v41692890,16.80,110.7,,,,1
2011-02,Canada,2016A000011124,All-items,2002=100,17,units,0,v41690973,2.2,118.1,,,,1
2011-02,Canada,2016A000011124,Shelter,2002=100,17,units,0,v41691050,2.79,124.5,,,,1
2011-02,Canada,2016A000011124,Rented accommodation,2002=100,17,units,0,v41691051,2.80,111.6,,,,1
2011-02,Canada,2016A000011124,Rent,2002=100,17,units,0,v41691052,2.81,111.6,,,,1
2011-02,Ontario,2016A000235,All-items,2002=100,17,units,0,v41691919,14.2,118.0,,,,1
2011-02,Ontario,2016A000235,Shelter,2002=100,17,units,0,v41691952,14.79,121.5,,,,1
2011-02,Ontario,2016A000235,Rented accommodation,2002=100,17,units,0,v41691953,14.80,109.7,,,,1
2011-02,Ontario,2016A000235,Rent,2002=100,17,units,0,v41691954,14.81,109.7,,,,1
2011-02,"Toronto, Ontario",2011S0503535,All-items,2002=100,17,units,0,v41692888,16.2,117.9,,,,1
2011-02,"Toronto, Ontario",2011S0503535,Shelter,2002=100,17,units,0,v41692889,16.79,120.7,,,,1
2011-02,"Toronto, Ontario",2011S0503535,Rented accommodation,2002=100,17,units,0,v41692890,16.80,110.7,,,,1
2011-03,Canada,2016A000011124,All-items,2002=100,17,units,0,v41690973,2.2,119.4,,,,1
2011-03,Canada,2016A000011124,Shelter,2002=100,17,units,0,v41691050,2.79,124.6,,,,1
2011-03,Canada,2016A000011124,Rented accommodation,2002=100,17,units,0,v41691051,2.80,111.7,,,,1
2011-03,Canada,2016A000011124,Rent,2002=100,17,units,0,v41691052,2.81,111.7,,,,1
2011-03,Ontario,2016A000235,All-items,2002=100,17,units,0,v41691919,14.2,119.4,,,,1
2011-03,Ontario,2016A000235,Shelter,2002=100,17,units,0,v41691952,14.79,122.0,,,,1
2011-03,Ontario,2016A000235,Rented accommodation,2002=100,17,units,0,v41691953,14.80,109.8,,,,1
2011-03,Ontario,2016A000235,Rent,2002=100,17,units,0,v41691954,14.81,109.8,,,,1
2011-03,"Toronto, Ontario",2011S0503535,All-items,2002=100,17,units,0,v41692888,16.2,119.4,,,,1
2011-03,"Toronto, Ontario",2011S0503535,Shelter,2002=100,17,units,0,v41692889,16.79,121.1,,,,1
2011-03,"Toronto, Ontario",2011S0503535,Rented accommodation,2002=100,17,units,0,v41692890,16.80,110.8,,,,1
2011-04,Canada,2016A000011124,All-items,2002=100,17,units,0,v41690973,2.2,119.8,,,,1
2011-04,Canada,2016A000011124,Shelter,2002=100,17,units,0,v41691050,2.79,125.2,,,,1
2011-04,Canada,2016A000011124,Rented accommodation,2002=100,17,units,0,v41691051,2.80,111.8,,,,1
2011-04,Canada,2016A000011124,Rent,2002=100,17,units,0,v41691052,2.81,111.8,,,,1
2011-04,Ontario,2016A000235,All-items,2002=100,17,units,0,v41691919,14.2,119.9,,,,1
2011-04,Ontario,2016A000235,Shelter,2002=100,17,units,0,v41691952,14.79,122.2,,,,1
2011-04,Ontario,2016A000235,Rented accommodation,2002=100,17,units,0,v41691953,14.80,109.8,,,,1
2011-04,Ontario,2016A000235,Rent,2002=100,17,units,0,v41691954,14.81,109.8,,,,1
2011-04,"Toronto, Ontario",2011S0503535,All-items,2002=100,17,units,0,v41692888,16.2,119.8,,,,1
2011-04,"Toronto, Ontario",2011S0503535,Shelter,2002=100,17,units,0,v41692889,16.79,121.2,,,,1
2011-04,"Toronto, Ontario",2011S0503535,Rented accommodation,2002=100,17,units,0,v41692890,16.80,110.8,,,,1
2011-05,Canada,2016A000011124,All-items,2002=100,17,units,0,v41690973,2.2,120.6,,,,1
2011-05,Canada,2016A000011124,Shelter,2002=100,17,units,0,v41691050,2.79,125.2,,,,1
2011-05,Canada,2016A000011124,Rented accommodation,2002=100,17,units,0,v41691051,2.80,111.9,,,,1
2011-05,Canada,2016A000011124,Rent,2002=100,17,units,0,v41691052,2.81,111.9,,,,1
2011-05,Ontario,2016A000235,All-items,2002=100,17,units,0,v41691919,14.2,120.9,,,,1
2011-05,Ontario,2016A000235,Shelter,2002=100,17,units,0,v41691952,14.79,123.0,,,,1
2011-05,Ontario,2016A000235,Rented accommodation,2002=100,17,units,0,v41691953,14.80,109.9,,,,1
2011-05,Ontario,2016A000235,Rent,2002=100,17,units,0,v41691954,14.81,109.9,,,,1
2011-05,"Toronto, Ontario",2011S0503535,All-items,2002=100,17,units,0,v41692888,16.2,120.8,,,,1
2011-05,"Toronto, Ontario",2011S0503535,Shelter,2002=100,17,units,0,v41692889,16.79,121.9,,,,1
2011-05,"Toronto, Ontario",2011S0503535,Rented accommodation,2002=100,17,units,0,v41692890,16.80,110.9,,,,1
2011-06,Canada,2016A000011124,All-items,2002=100,17,units,0,v41690973,2.2,119.8,,,,1
2011-06,Canada,2016A000011124,Shelter,2002=100,17,units,0,v41691050,2.79,125.4,,,,1
2011-06,Canada,2016A000011124,Rented accommodation,2002=100,17,units,0,v41691051,2.80,111.9,,,,1
2011-06,Canada,2016A000011124,Rent,2002=100,17,units,0,v41691052,2.81,111.9,,,,1
2011-06,Ontario,2016A000235,All-items,2002=100,17,units,0,v41691919,14.2,120.2,,,,1
2011-06,Ontario,2016A000235,Shelter,2002=100,17,units,0,v41691952,14.79,123.1,,,,1
2011-06,Ontario,2016A000235,Rented accommodation,2002=100,17,units,0,v41691953,14.80,109.9,,,,1
2011-06,Ontario,2016A000235,Rent,2002=100,17,units,0,v41691954,14.81,109.9,,,,1
2011-06,"Toronto, Ontario",2011S0503535,All-items,2002=100,17,units,0,v41692888,16.2,120.2,,,,1
2011-06,"Toronto, Ontario",2011S0503535,Shelter,2002=100,17,units,0,v41692889,16.79,122.2,,,,1
2011-06,"Toronto, Ontario",2011S0503535,Rented accommodation,2002=100,17,units,0,v41692890,16.80,110.9,,,,1
2011-07,Canada,2016A000011124,All-items,2002=100,17,units,0,v41690973,2.2,120.0,,,,1
2011-07,Canada,2016A000011124,Shelter,2002=100,17,units,0,v41691050,2.79,125.9,,,,1
2011-07,Canada,2016A000011124,Rented accommodation,2002=100,17,units,0,v41691051,2.80,112.0,,,,1
2011-07,Canada,2016A000011124,Rent,2002=100,17,units,0,v41691052,2.81,112.0,,,,1
2011-07,Ontario,2016A000235,All-items,2002=100,17,units,0,v41691919,14.2,120.5,,,,1
2011-07,Ontario,2016A000235,Shelter,2002=100,17,units,0,v41691952,14.79,123.5,,,,1
2011-07,Ontario,2016A000235,Rented accommodation,2002=100,17,units,0,v41691953,14.80,110.0,,,,1
2011-07,Ontario,2016A000235,Rent,2002=100,17,units,0,v41691954,14.81,110.0,,,,1
2011-07,"Toronto, Ontario",2011S0503535,All-items,2002=100,17,units,0,v41692888,16.2,120.4,,,,1
2011-07,"Toronto, Ontario",2011S0503535,Shelter,2002=100,17,units,0,v41692889,16.79,122.7,,,,1
2011-07,"Toronto, Ontario",2011S0503535,Rented accommodation,2002=100,17,units,0,v41692890,16.80,111.0,,,,1
2011-08,Canada,2016A000011124,All-items,2002=100,17,units,0,v41690973,2.2,120.3,,,,1
2011-08,Canada,2016A000011124,Shelter,2002=100,17,units,0,v41691050,2.79,126.2,,,,1
2011-08,Canada,2016A000011124,Rented accommodation,2002=100,17,units,0,v41691051,2.80,112.2,,,,1
2011-08,Canada,2016A000011124,Rent,2002=100,17,units,0,v41691052,2.81,112.2,,,,1
2011-08,Ontario,2016A000235,All-items,2002=100,17,units,0,v41691919,14.2,120.6,,,,1
2011-08,Ontario,2016A000235,Shelter,2002=100,17,units,0,v41691952,14.79,123.6,,,,1
2011-08,Ontario,2016A000235,Rented accommodation,2002=100,17,units,0,v41691953,14.80,110.1,,,,1
2011-08,Ontario,2016A000235,Rent,2002=100,17,units,0,v41691954,14.81,110.1,,,,1
2011-08,"Toronto, Ontario",2011S0503535,All-items,2002=100,17,units,0,v41692888,16.2,120.5,,,,1
2011-08,"Toronto, Ontario",2011S0503535,Shelter,2002=100,17,units,0,v41692889,16.79,122.8,,,,1
2011-08,"Toronto, Ontario",2011S0503535,Rented accommodation,2002=100,17,units,0,v41692890,16.80,111.1,,,,1
2011-09,Canada,2016A000011124,All-items,2002=100,17,units,0,v41690973,2.2,120.6,,,,1
2011-09,Canada,2016A000011124,Shelter,2002=100,17,units,0,v41691050,2.79,125.7,,,,1
2011-09,Canada,2016A000011124,Rented accommodation,2002=100,17,units,0,v41691051,2.80,112.3,,,,1
2011-09,Canada,2016A000011124,Rent,2002=100,17,units,0,v41691052,2.81,112.3,,,,1
2011-09,Ontario,2016A000235,All-items,2002=100,17,units,0,v41691919,14.2,121.1,,,,1
2011-09,Ontario,2016A000235,Shelter,2002=100,17,units,0,v41691952,14.79,123.6,,,,1
2011-09,Ontario,2016A000235,Rented accommodation,2002=100,17,units,0,v41691953,14.80,110.2,,,,1
2011-09,Ontario,2016A000235,Rent,2002=100,17,units,0,v41691954,14.81,110.2,,,,1
2011-09,"Toronto, Ontario",2011S0503535,All-items,2002=100,17,units,0,v41692888,16.2,121.2,,,,1
2011-09,"Toronto, Ontario",2011S0503535,Shelter,2002=100,17,units,0,v41692889,16.79,122.8,,,,1
2011-09,"Toronto, Ontario",2011S0503535,Rented accommodation,2002=100,17,units,0,v41692890,16.80,111.2,,,,1
2011-10,Canada,2016A000011124,All-items,2002=100,17,units,0,v41690973,2.2,120.8,,,,1
2011-10,Canada,2016A000011124,Shelter,2002=100,17,units,0,v41691050,2.79,126.5,,,,1
2011-10,Canada,2016A000011124,Rented accommodation,2002=100,17,units,0,v41691051,2.80,112.4,,,,1
2011-10,Canada,2016A000011124,Rent,2002=100,17,units,0,v41691052,2.81,112.5,,,,1
2011-10,Ontario,2016A000235,All-items,2002=100,17,units,0,v41691919,14.2,121.0,,,,1
2011-10,Ontario,2016A000235,Shelter,2002=100,17,units,0,v41691952,14.79,123.8,,,,1
2011-10,Ontario,2016A000235,Rented accommodation,2002=100,17,units,0,v41691953,14.80,110.3,,,,1
2011-10,Ontario,2016A000235,Rent,2002=100,17,units,0,v41691954,14.81,110.3,,,,1
2011-10,"Toronto, Ontario",2011S0503535,All-items,2002=100,17,units,0,v41692888,16.2,121.1,,,,1
2011-10,"Toronto, Ontario",2011S0503535,Shelter,2002=100,17,units,0,v41692889,16.79,123.1,,,,1
2011-10,"Toronto, Ontario",2011S0503535,Rented accommodation,2002=100,17,units,0,v41692890,16.80,111.3,,,,1
2011-11,Canada,2016A000011124,All-items,2002=100,17,units,0,v41690973,2.2,120.9,,,,1
2011-11,Canada,2016A000011124,Shelter,2002=100,17,units,0,v41691050,2.79,126.3,,,,1
2011-11,Canada,2016A000011124,Rented accommodation,2002=100,17,units,0,v41691051,2.80,112.5,,,,1
2011-11,Canada,2016A000011124,Rent,2002=100,17,units,0,v41691052,2.81,112.6,,,,1
2011-11,Ontario,2016A000235,All-items,2002=100,17,units,0,v41691919,14.2,121.0,,,,1
2011-11,Ontario,2016A000235,Shelter,2002=100,17,units,0,v41691952,14.79,123.9,,,,1
2011-11,Ontario,2016A000235,Rented accommodation,2002=100,17,units,0,v41691953,14.80,110.4,,,,1
2011-11,Ontario,2016A000235,Rent,2002=100,17,units,0,v41691954,14.81,110.4,,,,1
2011-11,"Toronto, Ontario",2011S0503535,All-items,2002=100,17,units,0,v41692888,16.2,120.9,,,,1
2011-11,"Toronto, Ontario",2011S0503535,Shelter,2002=100,17,units,0,v41692889,16.79,123.1,,,,1
2011-11,"Toronto, Ontario",2011S0503535,Rented accommodation,2002=100,17,units,0,v41692890,16.80,111.4,,,,1
2011-12,Canada,2016A000011124,All-items,2002=100,17,units,0,v41690973,2.2,120.2,,,,1
2011-12,Canada,2016A000011124,Shelter,2002=100,17,units,0,v41691050,2.79,126.8,,,,1
2011-12,Canada,2016A000011124,Rented accommodation,2002=100,17,units,0,v41691051,2.80,112.6,,,,1
2011-12,Canada,2016A000011124,Rent,2002=100,17,units,0,v41691052,2.81,112.7,,,,1
2011-12,Ontario,2016A000235,All-items,2002=100,17,units,0,v41691919,14.2,120.3,,,,1
2011-12,Ontario,2016A000235,Shelter,2002=100,17,units,0,v41691952,14.79,124.1,,,,1
2011-12,Ontario,2016A000235,Rented accommodation,2002=100,17,units,0,v41691953,14.80,110.5,,,,1
2011-12,Ontario,2016A000235,Rent,2002=100,17,units,0,v41691954,14.81,110.5,,,,1
2011-12,"Toronto, Ontario",2011S0503535,All-items,2002=100,17,units,0,v41692888,16.2,120.2,,,,1
2011-12,"Toronto, Ontario",2011S0503535,Shelter,2002=100,17,units,0,v41692889,16.79,123.4,,,,1
2011-12,"Toronto, Ontario",2011S0503535,Rented accommodation,2002=100,17,units,0,v41692890,16.80,111.5,,,,1
2012-01,Canada,2016A000011124,All-items,2002=100,17,units,0,v41690973,2.2,120.7,,,,1
2012-01,Canada,2016A000011124,Shelter,2002=100,17,units,0,v41691050,2.79,127.1,,,,1
2012-01,Canada,2016A000011124,Rented accommodation,2002=100,17,units,0,v41691051,2.80,112.7,,,,1
2012-01,Canada,2016A000011124,Rent,2002=100,17,units,0,v41691052,2.81,112.8,,,,1
2012-01,Ontario,2016A000235,All-items,2002=100,17,units,0,v41691919,14.2,120.6,,,,1
2012-01,Ontario,2016A000235,Shelter,2002=100,17,units,0,v41691952,14.79,124.3,,,,1
2012-01,Ontario,2016A000235,Rented accommodation,2002=100,17,units,0,v41691953,14.80,110.5,,,,1
2012-01,Ontario,2016A000235,Rent,2002=100,17,units,0,v41691954,14.81,110.6,,,,1
2012-01,"Toronto, Ontario",2011S0503535,All-items,2002=100,17,units,0,v41692888,16.2,120.7,,,,1
2012-01,"Toronto, Ontario",2011S0503535,Shelter,2002=100,17,units,0,v41692889,16.79,123.7,,,,1
2012-01,"Toronto, Ontario",2011S0503535,Rented accommodation,2002=100,17,units,0,v41692890,16.80,111.6,,,,1
2012-02,Canada,2016A000011124,All-items,2002=100,17,units,0,v41690973,2.2,121.2,,,,1
2012-02,Canada,2016A000011124,Shelter,2002=100,17,units,0,v41691050,2.79,126.9,,,,1
2012-02,Canada,2016A000011124,Rented accommodation,2002=100,17,units,0,v41691051,2.80,112.9,,,,1
2012-02,Canada,2016A000011124,Rent,2002=100,17,units,0,v41691052,2.81,113.0,,,,1
2012-02,Ontario,2016A000235,All-items,2002=100,17,units,0,v41691919,14.2,121.4,,,,1
2012-02,Ontario,2016A000235,Shelter,2002=100,17,units,0,v41691952,14.79,124.3,,,,1
2012-02,Ontario,2016A000235,Rented accommodation,2002=100,17,units,0,v41691953,14.80,110.8,,,,1
2012-02,Ontario,2016A000235,Rent,2002=100,17,units,0,v41691954,14.81,110.9,,,,1
2012-02,"Toronto, Ontario",2011S0503535,All-items,2002=100,17,units,0,v41692888,16.2,121.5,,,,1
2012-02,"Toronto, Ontario",2011S0503535,Shelter,2002=100,17,units,0,v41692889,16.79,123.8,,,,1
2012-02,"Toronto, Ontario",2011S0503535,Rented accommodation,2002=100,17,units,0,v41692890,16.80,111.9,,,,1
2012-03,Canada,2016A000011124,All-items,2002=100,17,units,0,v41690973,2.2,121.7,,,,1
2012-03,Canada,2016A000011124,Shelter,2002=100,17,units,0,v41691050,2.79,126.6,,,,1
2012-03,Canada,2016A000011124,Rented accommodation,2002=100,17,units,0,v41691051,2.80,113.0,,,,1
2012-03,Canada,2016A000011124,Rent,2002=100,17,units,0,v41691052,2.81,113.1,,,,1
2012-03,Ontario,2016A000235,All-items,2002=100,17,units,0,v41691919,14.2,122.0,,,,1
2012-03,Ontario,2016A000235,Shelter,2002=100,17,units,0,v41691952,14.79,124.4,,,,1
2012-03,Ontario,2016A000235,Rented accommodation,2002=100,17,units,0,v41691953,14.80,110.9,,,,1
2012-03,Ontario,2016A000235,Rent,2002=100,17,units,0,v41691954,14.81,111.0,,,,1
2012-03,"Toronto, Ontario",2011S0503535,All-items,2002=100,17,units,0,v41692888,16.2,122.0,,,,1
2012-03,"Toronto, Ontario",2011S0503535,Shelter,2002=100,17,units,0,v41692889,16.79,123.9,,,,1
2012-03,"Toronto, Ontario",2011S0503535,Rented accommodation,2002=100,17,units,0,v41692890,16.80,112.1,,,,1
2012-04,Canada,2016A000011124,All-items,2002=100,17,units,0,v41690973,2.2,122.2,,,,1
2012-04,Canada,2016A000011124,Shelter,2002=100,17,units,0,v41691050,2.79,126.6,,,,1
2012-04,Canada,2016A000011124,Rented accommodation,2002=100,17,units,0,v41691051,2.80,113.2,,,,1
2012-04,Canada,2016A000011124,Rent,2002=100,17,units,0,v41691052,2.81,113.2,,,,1
2012-04,Ontario,2016A000235,All-items,2002=100,17,units,0,v41691919,14.2,122.4,,,,1
2012-04,Ontario,2016A000235,Shelter,2002=100,17,units,0,v41691952,14.79,124.4,,,,1
2012-04,Ontario,2016A000235,Rented accommodation,2002=100,17,units,0,v41691953,14.80,111.2,,,,1
2012-04,Ontario,2016A000235,Rent,2002=100,17,units,0,v41691954,14.81,111.1,,,,1
2012-04,"Toronto, Ontario",2011S0503535,All-items,2002=100,17,units,0,v41692888,16.2,122.4,,,,1
2012-04,"Toronto, Ontario",2011S0503535,Shelter,2002=100,17,units,0,v41692889,16.79,124.0,,,,1
2012-04,"Toronto, Ontario",2011S0503535,Rented accommodation,2002=100,17,units,0,v41692890,16.80,112.2,,,,1
2012-05,Canada,2016A000011124,All-items,2002=100,17,units,0,v41690973,2.2,122.1,,,,1
2012-05,Canada,2016A000011124,Shelter,2002=100,17,units,0,v41691050,2.79,126.7,,,,1
2012-05,Canada,2016A000011124,Rented accommodation,2002=100,17,units,0,v41691051,2.80,113.3,,,,1
2012-05,Canada,2016A000011124,Rent,2002=100,17,units,0,v41691052,2.81,113.3,,,,1
2012-05,Ontario,2016A000235,All-items,2002=100,17,units,0,v41691919,14.2,122.4,,,,1
2012-05,Ontario,2016A000235,Shelter,2002=100,17,units,0,v41691952,14.79,125.2,,,,1
2012-05,Ontario,2016A000235,Rented accommodation,2002=100,17,units,0,v41691953,14.80,111.3,,,,1
2012-05,Ontario,2016A000235,Rent,2002=100,17,units,0,v41691954,14.81,111.2,,,,1
2012-05,"Toronto, Ontario",2011S0503535,All-items,2002=100,17,units,0,v41692888,16.2,122.4,,,,1
2012-05,"Toronto, Ontario",2011S0503535,Shelter,2002=100,17,units,0,v41692889,16.79,124.7,,,,1
2012-05,"Toronto, Ontario",2011S0503535,Rented accommodation,2002=100,17,units,0,v41692890,16.80,112.4,,,,1
2012-06,Canada,2016A000011124,All-items,2002=100,17,units,0,v41690973,2.2,121.6,,,,1
2012-06,Canada,2016A000011124,Shelter,2002=100,17,units,0,v41691050,2.79,127.0,,,,1
2012-06,Canada,2016A000011124,Rented accommodation,2002=100,17,units,0,v41691051,2.80,113.5,,,,1
2012-06,Canada,2016A000011124,Rent,2002=100,17,units,0,v41691052,2.81,113.4,,,,1
2012-06,Ontario,2016A000235,All-items,2002=100,17,units,0,v41691919,14.2,121.6,,,,1
2012-06,Ontario,2016A000235,Shelter,2002=100,17,units,0,v41691952,14.79,125.3,,,,1
2012-06,Ontario,2016A000235,Rented accommodation,2002=100,17,units,0,v41691953,14.80,111.5,,,,1
2012-06,Ontario,2016A000235,Rent,2002=100,17,units,0,v41691954,14.81,111.4,,,,1
2012-06,"Toronto, Ontario",2011S0503535,All-items,2002=100,17,units,0,v41692888,16.2,121.7,,,,1
2012-06,"Toronto, Ontario",2011S0503535,Shelter,2002=100,17,units,0,v41692889,16.79,124.9,,,,1
2012-06,"Toronto, Ontario",2011S0503535,Rented accommodation,2002=100,17,units,0,v41692890,16.80,112.6,,,,1
2012-07,Canada,2016A000011124,All-items,2002=100,17,units,0,v41690973,2.2,121.5,,,,1
2012-07,Canada,2016A000011124,Shelter,2002=100,17,units,0,v41691050,2.79,127.2,,,,1
2012-07,Canada,2016A000011124,Rented accommodation,2002=100,17,units,0,v41691051,2.80,113.6,,,,1
2012-07,Canada,2016A000011124,Rent,2002=100,17,units,0,v41691052,2.81,113.5,,,,1
2012-07,Ontario,2016A000235,All-items,2002=100,17,units,0,v41691919,14.2,121.4,,,,1
2012-07,Ontario,2016A000235,Shelter,2002=100,17,units,0,v41691952,14.79,125.4,,,,1
2012-07,Ontario,2016A000235,Rented accommodation,2002=100,17,units,0,v41691953,14.80,111.6,,,,1
2012-07,Ontario,2016A000235,Rent,2002=100,17,units,0,v41691954,14.81,111.5,,,,1
2012-07,"Toronto, Ontario",2011S0503535,All-items,2002=100,17,units,0,v41692888,16.2,121.6,,,,1
2012-07,"Toronto, Ontario",2011S0503535,Shelter,2002=100,17,units,0,v41692889,16.79,125.0,,,,1
2012-07,"Toronto, Ontario",2011S0503535,Rented accommodation,2002=100,17,units,0,v41692890,16.80,112.7,,,,1
2012-08,Canada,2016A000011124,All-items,2002=100,17,units,0,v41690973,2.2,121.8,,,,1
2012-08,Canada,2016A000011124,Shelter,2002=100,17,units,0,v41691050,2.79,127.4,,,,1
2012-08,Canada,2016A000011124,Rented accommodation,2002=100,17,units,0,v41691051,2.80,113.9,,,,1
2012-08,Canada,2016A000011124,Rent,2002=100,17,units,0,v41691052,2.81,113.8,,,,1
2012-08,Ontario,2016A000235,All-items,2002=100,17,units,0,v41691919,14.2,121.8,,,,1
2012-08,Ontario,2016A000235,Shelter,2002=100,17,units,0,v41691952,14.79,125.4,,,,1
2012-08,Ontario,2016A000235,Rented accommodation,2002=100,17,units,0,v41691953,14.80,111.7,,,,1
2012-08,Ontario,2016A000235,Rent,2002=100,17,units,0,v41691954,14.81,111.7,,,,1
2012-08,"Toronto, Ontario",2011S0503535,All-items,2002=100,17,units,0,v41692888,16.2,121.8,,,,1
2012-08,"Toronto, Ontario",2011S0503535,Shelter,2002=100,17,units,0,v41692889,16.79,124.9,,,,1
2012-08,"Toronto, Ontario",2011S0503535,Rented accommodation,2002=100,17,units,0,v41692890,16.80,112.9,,,,1
2012-09,Canada,2016A000011124,All-items,2002=100,17,units,0,v41690973,2.2,122.0,,,,1
2012-09,Canada,2016A000011124,Shelter,2002=100,17,units,0,v41691050,2.79,127.2,,,,1
2012-09,Canada,2016A000011124,Rented accommodation,2002=100,17,units,0,v41691051,2.80,114.0,,,,1
2012-09,Canada,2016A000011124,Rent,2002=100,17,units,0,v41691052,2.81,114.0,,,,1
2012-09,Ontario,2016A000235,All-items,2002=100,17,units,0,v41691919,14.2,122.0,,,,1
2012-09,Ontario,2016A000235,Shelter,2002=100,17,units,0,v41691952,14.79,125.2,,,,1
2012-09,Ontario,2016A000235,Rented accommodation,2002=100,17,units,0,v41691953,14.80,111.8,,,,1
2012-09,Ontario,2016A000235,Rent,2002=100,17,units,0,v41691954,14.81,111.8,,,,1
2012-09,"Toronto, Ontario",2011S0503535,All-items,2002=100,17,units,0,v41692888,16.2,122.1,,,,1
2012-09,"Toronto, Ontario",2011S0503535,Shelter,2002=100,17,units,0,v41692889,16.79,124.9,,,,1
2012-09,"Toronto, Ontario",2011S0503535,Rented accommodation,2002=100,17,units,0,v41692890,16.80,113.0,,,,1
2012-10,Canada,2016A000011124,All-items,2002=100,17,units,0,v41690973,2.2,122.2,,,,1
2012-10,Canada,2016A000011124,Shelter,2002=100,17,units,0,v41691050,2.79,127.6,,,,1
2012-10,Canada,2016A000011124,Rented accommodation,2002=100,17,units,0,v41691051,2.80,114.2,,,,1
2012-10,Canada,2016A000011124,Rent,2002=100,17,units,0,v41691052,2.81,114.2,,,,1
2012-10,Ontario,2016A000235,All-items,2002=100,17,units,0,v41691919,14.2,122.2,,,,1
2012-10,Ontario,2016A000235,Shelter,2002=100,17,units,0,v41691952,14.79,125.5,,,,1
2012-10,Ontario,2016A000235,Rented accommodation,2002=100,17,units,0,v41691953,14.80,111.9,,,,1
2012-10,Ontario,2016A000235,Rent,2002=100,17,units,0,v41691954,14.81,111.9,,,,1
2012-10,"Toronto, Ontario",2011S0503535,All-items,2002=100,17,units,0,v41692888,16.2,122.3,,,,1
2012-10,"Toronto, Ontario",2011S0503535,Shelter,2002=100,17,units,0,v41692889,16.79,125.2,,,,1
2012-10,"Toronto, Ontario",2011S0503535,Rented accommodation,2002=100,17,units,0,v41692890,16.80,113.1,,,,1
2012-11,Canada,2016A000011124,All-items,2002=100,17,units,0,v41690973,2.2,121.9,,,,1
2012-11,Canada,2016A000011124,Shelter,2002=100,17,units,0,v41691050,2.79,127.5,,,,1
2012-11,Canada,2016A000011124,Rented accommodation,2002=100,17,units,0,v41691051,2.80,114.4,,,,1
2012-11,Canada,2016A000011124,Rent,2002=100,17,units,0,v41691052,2.81,114.3,,,,1
2012-11,Ontario,2016A000235,All-items,2002=100,17,units,0,v41691919,14.2,121.9,,,,1
2012-11,Ontario,2016A000235,Shelter,2002=100,17,units,0,v41691952,14.79,125.4,,,,1
2012-11,Ontario,2016A000235,Rented accommodation,2002=100,17,units,0,v41691953,14.80,112.1,,,,1
2012-11,Ontario,2016A000235,Rent,2002=100,17,units,0,v41691954,14.81,112.2,,,,1
2012-11,"Toronto, Ontario",2011S0503535,All-items,2002=100,17,units,0,v41692888,16.2,122.0,,,,1
2012-11,"Toronto, Ontario",2011S0503535,Shelter,2002=100,17,units,0,v41692889,16.79,125.1,,,,1
2012-11,"Toronto, Ontario",2011S0503535,Rented accommodation,2002=100,17,units,0,v41692890,16.80,113.4,,,,1
2012-12,Canada,2016A000011124,All-items,2002=100,17,units,0,v41690973,2.2,121.2,,,,1
2012-12,Canada,2016A000011124,Shelter,2002=100,17,units,0,v41691050,2.79,127.5,,,,1
2012-12,Canada,2016A000011124,Rented accommodation,2002=100,17,units,0,v41691051,2.80,114.5,,,,1
2012-12,Canada,2016A000011124,Rent,2002=100,17,units,0,v41691052,2.81,114.5,,,,1
2012-12,Ontario,2016A000235,All-items,2002=100,17,units,0,v41691919,14.2,121.3,,,,1
2012-12,Ontario,2016A000235,Shelter,2002=100,17,units,0,v41691952,14.79,125.4,,,,1
2012-12,Ontario,2016A000235,Rented accommodation,2002=100,17,units,0,v41691953,14.80,112.3,,,,1
2012-12,Ontario,2016A000235,Rent,2002=100,17,units,0,v41691954,14.81,112.3,,,,1
2012-12,"Toronto, Ontario",2011S0503535,All-items,2002=100,17,units,0,v41692888,16.2,121.4,,,,1
2012-12,"Toronto, Ontario",2011S0503535,Shelter,2002=100,17,units,0,v41692889,16.79,125.0,,,,1
2012-12,"Toronto, Ontario",2011S0503535,Rented accommodation,2002=100,17,units,0,v41692890,16.80,113.6,,,,1
2013-01,Canada,2016A000011124,All-items,2002=100,17,units,0,v41690973,2.2,121.3,,,,1
2013-01,Canada,2016A000011124,Shelter,2002=100,17,units,0,v41691050,2.79,127.8,,,,1
2013-01,Canada,2016A000011124,Rented accommodation,2002=100,17,units,0,v41691051,2.80,114.6,,,,1
2013-01,Canada,2016A000011124,Rent,2002=100,17,units,0,v41691052,2.81,114.6,,,,1
2013-01,Ontario,2016A000235,All-items,2002=100,17,units,0,v41691919,14.2,121.3,,,,1
2013-01,Ontario,2016A000235,Shelter,2002=100,17,units,0,v41691952,14.79,125.9,,,,1
2013-01,Ontario,2016A000235,Rented accommodation,2002=100,17,units,0,v41691953,14.80,112.5,,,,1
2013-01,Ontario,2016A000235,Rent,2002=100,17,units,0,v41691954,14.81,112.5,,,,1
2013-01,"Toronto, Ontario",2011S0503535,All-items,2002=100,17,units,0,v41692888,16.2,121.5,,,,1
2013-01,"Toronto, Ontario",2011S0503535,Shelter,2002=100,17,units,0,v41692889,16.79,125.6,,,,1
2013-01,"Toronto, Ontario",2011S0503535,Rented accommodation,2002=100,17,units,0,v41692890,16.80,113.8,,,,1
2013-02,Canada,2016A000011124,All-items,2002=100,17,units,0,v41690973,2.2,122.7,,,,1
2013-02,Canada,2016A000011124,Shelter,2002=100,17,units,0,v41691050,2.79,127.9,,,,1
2013-02,Canada,2016A000011124,Rented accommodation,2002=100,17,units,0,v41691051,2.80,114.8,,,,1
2013-02,Canada,2016A000011124,Rent,2002=100,17,units,0,v41691052,2.81,114.8,,,,1
2013-02,Ontario,2016A000235,All-items,2002=100,17,units,0,v41691919,14.2,122.8,,,,1
2013-02,Ontario,2016A000235,Shelter,2002=100,17,units,0,v41691952,14.79,126.1,,,,1
2013-02,Ontario,2016A000235,Rented accommodation,2002=100,17,units,0,v41691953,14.80,112.6,,,,1
2013-02,Ontario,2016A000235,Rent,2002=100,17,units,0,v41691954,14.81,112.7,,,,1
2013-02,"Toronto, Ontario",2011S0503535,All-items,2002=100,17,units,0,v41692888,16.2,122.9,,,,1
2013-02,"Toronto, Ontario",2011S0503535,Shelter,2002=100,17,units,0,v41692889,16.79,125.9,,,,1
2013-02,"Toronto, Ontario",2011S0503535,Rented accommodation,2002=100,17,units,0,v41692890,16.80,114.0,,,,1
2013-03,Canada,2016A000011124,All-items,2002=100,17,units,0,v41690973,2.2,122.9,,,,1
2013-03,Canada,2016A000011124,Shelter,2002=100,17,units,0,v41691050,2.79,128.0,,,,1
2013-03,Canada,2016A000011124,Rented accommodation,2002=100,17,units,0,v41691051,2.80,114.9,,,,1
2013-03,Canada,2016A000011124,Rent,2002=100,17,units,0,v41691052,2.81,114.9,,,,1
2013-03,Ontario,2016A000235,All-items,2002=100,17,units,0,v41691919,14.2,123.2,,,,1
2013-03,Ontario,2016A000235,Shelter,2002=100,17,units,0,v41691952,14.79,126.1,,,,1
2013-03,Ontario,2016A000235,Rented accommodation,2002=100,17,units,0,v41691953,14.80,112.8,,,,1
2013-03,Ontario,2016A000235,Rent,2002=100,17,units,0,v41691954,14.81,112.9,,,,1
2013-03,"Toronto, Ontario",2011S0503535,All-items,2002=100,17,units,0,v41692888,16.2,123.3,,,,1
2013-03,"Toronto, Ontario",2011S0503535,Shelter,2002=100,17,units,0,v41692889,16.79,125.9,,,,1
2013-03,"Toronto, Ontario",2011S0503535,Rented accommodation,2002=100,17,units,0,v41692890,16.80,114.2,,,,1
2013-04,Canada,2016A000011124,All-items,2002=100,17,units,0,v41690973,2.2,122.7,,,,1
2013-04,Canada,2016A000011124,Shelter,2002=100,17,units,0,v41691050,2.79,128.2,,,,1
2013-04,Canada,2016A000011124,Rented accommodation,2002=100,17,units,0,v41691051,2.80,115.1,,,,1
2013-04,Canada,2016A000011124,Rent,2002=100,17,units,0,v41691052,2.81,115.0,,,,1
2013-04,Ontario,2016A000235,All-items,2002=100,17,units,0,v41691919,14.2,122.9,,,,1
2013-04,Ontario,2016A000235,Shelter,2002=100,17,units,0,v41691952,14.79,126.1,,,,1
2013-04,Ontario,2016A000235,Rented accommodation,2002=100,17,units,0,v41691953,14.80,113.1,,,,1
2013-04,Ontario,2016A000235,Rent,2002=100,17,units,0,v41691954,14.81,113.0,,,,1
2013-04,"Toronto, Ontario",2011S0503535,All-items,2002=100,17,units,0,v41692888,16.2,123.1,,,,1
2013-04,"Toronto, Ontario",2011S0503535,Shelter,2002=100,17,units,0,v41692889,16.79,126.0,,,,1
2013-04,"Toronto, Ontario",2011S0503535,Rented accommodation,2002=100,17,units,0,v41692890,16.80,114.5,,,,1
2013-05,Canada,2016A000011124,All-items,2002=100,17,units,0,v41690973,2.2,123.0,,,,1
2013-05,Canada,2016A000011124,Shelter,2002=100,17,units,0,v41691050,2.79,128.3,,,,1
2013-05,Canada,2016A000011124,Rented accommodation,2002=100,17,units,0,v41691051,2.80,115.1,,,,1
2013-05,Canada,2016A000011124,Rent,2002=100,17,units,0,v41691052,2.81,115.1,,,,1
2013-05,Ontario,2016A000235,All-items,2002=100,17,units,0,v41691919,14.2,123.0,,,,1
2013-05,Ontario,2016A000235,Shelter,2002=100,17,units,0,v41691952,14.79,126.4,,,,1
2013-05,Ontario,2016A000235,Rented accommodation,2002=100,17,units,0,v41691953,14.80,113.2,,,,1
2013-05,Ontario,2016A000235,Rent,2002=100,17,units,0,v41691954,14.81,113.1,,,,1
2013-05,"Toronto, Ontario",2011S0503535,All-items,2002=100,17,units,0,v41692888,16.2,123.2,,,,1
2013-05,"Toronto, Ontario",2011S0503535,Shelter,2002=100,17,units,0,v41692889,16.79,126.2,,,,1
2013-05,"Toronto, Ontario",2011S0503535,Rented accommodation,2002=100,17,units,0,v41692890,16.80,114.6,,,,1
2013-06,Canada,2016A000011124,All-items,2002=100,17,units,0,v41690973,2.2,123.0,,,,1
2013-06,Canada,2016A000011124,Shelter,2002=100,17,units,0,v41691050,2.79,128.5,,,,1
2013-06,Canada,2016A000011124,Rented accommodation,2002=100,17,units,0,v41691051,2.80,115.3,,,,1
2013-06,Canada,2016A000011124,Rent,2002=100,17,units,0,v41691052,2.81,115.3,,,,1
2013-06,Ontario,2016A000235,All-items,2002=100,17,units,0,v41691919,14.2,123.2,,,,1
2013-06,Ontario,2016A000235,Shelter,2002=100,17,units,0,v41691952,14.79,126.6,,,,1
2013-06,Ontario,2016A000235,Rented accommodation,2002=100,17,units,0,v41691953,14.80,113.3,,,,1
2013-06,Ontario,2016A000235,Rent,2002=100,17,units,0,v41691954,14.81,113.3,,,,1
2013-06,"Toronto, Ontario",2011S0503535,All-items,2002=100,17,units,0,v41692888,16.2,123.4,,,,1
2013-06,"Toronto, Ontario",2011S0503535,Shelter,2002=100,17,units,0,v41692889,16.79,126.5,,,,1
2013-06,"Toronto, Ontario",2011S0503535,Rented accommodation,2002=100,17,units,0,v41692890,16.80,114.8,,,,1
2013-07,Canada,2016A000011124,All-items,2002=100,17,units,0,v41690973,2.2,123.1,,,,1
2013-07,Canada,2016A000011124,Shelter,2002=100,17,units,0,v41691050,2.79,128.8,,,,1
2013-07,Canada,2016A000011124,Rented accommodation,2002=100,17,units,0,v41691051,2.80,115.4,,,,1
2013-07,Canada,2016A000011124,Rent,2002=100,17,units,0,v41691052,2.81,115.4,,,,1
2013-07,Ontario,2016A000235,All-items,2002=100,17,units,0,v41691919,14.2,123.4,,,,1
2013-07,Ontario,2016A000235,Shelter,2002=100,17,units,0,v41691952,14.79,127.1,,,,1
2013-07,Ontario,2016A000235,Rented accommodation,2002=100,17,units,0,v41691953,14.80,113.4,,,,1
2013-07,Ontario,2016A000235,Rent,2002=100,17,units,0,v41691954,14.81,113.4,,,,1
2013-07,"Toronto, Ontario",2011S0503535,All-items,2002=100,17,units,0,v41692888,16.2,123.6,,,,1
2013-07,"Toronto, Ontario",2011S0503535,Shelter,2002=100,17,units,0,v41692889,16.79,127.0,,,,1
2013-07,"Toronto, Ontario",2011S0503535,Rented accommodation,2002=100,17,units,0,v41692890,16.80,114.9,,,,1
2013-08,Canada,2016A000011124,All-items,2002=100,17,units,0,v41690973,2.2,123.1,,,,1
2013-08,Canada,2016A000011124,Shelter,2002=100,17,units,0,v41691050,2.79,128.8,,,,1
2013-08,Canada,2016A000011124,Rented accommodation,2002=100,17,units,0,v41691051,2.80,115.7,,,,1
2013-08,Canada,2016A000011124,Rent,2002=100,17,units,0,v41691052,2.81,115.7,,,,1
2013-08,Ontario,2016A000235,All-items,2002=100,17,units,0,v41691919,14.2,123.4,,,,1
2013-08,Ontario,2016A000235,Shelter,2002=100,17,units,0,v41691952,14.79,127.2,,,,1
2013-08,Ontario,2016A000235,Rented accommodation,2002=100,17,units,0,v41691953,14.80,113.6,,,,1
2013-08,Ontario,2016A000235,Rent,2002=100,17,units,0,v41691954,14.81,113.6,,,,1
2013-08,"Toronto, Ontario",2011S0503535,All-items,2002=100,17,units,0,v41692888,16.2,123.7,,,,1
2013-08,"Toronto, Ontario",2011S0503535,Shelter,2002=100,17,units,0,v41692889,16.79,127.2,,,,1
2013-08,"Toronto, Ontario",2011S0503535,Rented accommodation,2002=100,17,units,0,v41692890,16.80,115.2,,,,1
2013-09,Canada,2016A000011124,All-items,2002=100,17,units,0,v41690973,2.2,123.3,,,,1
2013-09,Canada,2016A000011124,Shelter,2002=100,17,units,0,v41691050,2.79,129.0,,,,1
2013-09,Canada,2016A000011124,Rented accommodation,2002=100,17,units,0,v41691051,2.80,115.8,,,,1
2013-09,Canada,2016A000011124,Rent,2002=100,17,units,0,v41691052,2.81,115.8,,,,1
2013-09,Ontario,2016A000235,All-items,2002=100,17,units,0,v41691919,14.2,123.5,,,,1
2013-09,Ontario,2016A000235,Shelter,2002=100,17,units,0,v41691952,14.79,127.4,,,,1
2013-09,Ontario,2016A000235,Rented accommodation,2002=100,17,units,0,v41691953,14.80,113.7,,,,1
2013-09,Ontario,2016A000235,Rent,2002=100,17,units,0,v41691954,14.81,113.7,,,,1
2013-09,"Toronto, Ontario",2011S0503535,All-items,2002=100,17,units,0,v41692888,16.2,123.8,,,,1
2013-09,"Toronto, Ontario",2011S0503535,Shelter,2002=100,17,units,0,v41692889,16.79,127.3,,,,1
2013-09,"Toronto, Ontario",2011S0503535,Rented accommodation,2002=100,17,units,0,v41692890,16.80,115.3,,,,1
2013-10,Canada,2016A000011124,All-items,2002=100,17,units,0,v41690973,2.2,123.0,,,,1
2013-10,Canada,2016A000011124,Shelter,2002=100,17,units,0,v41691050,2.79,129.2,,,,1
2013-10,Canada,2016A000011124,Rented accommodation,2002=100,17,units,0,v41691051,2.80,116.0,,,,1
2013-10,Canada,2016A000011124,Rent,2002=100,17,units,0,v41691052,2.81,116.0,,,,1
2013-10,Ontario,2016A000235,All-items,2002=100,17,units,0,v41691919,14.2,123.3,,,,1
2013-10,Ontario,2016A000235,Shelter,2002=100,17,units,0,v41691952,14.79,127.4,,,,1
2013-10,Ontario,2016A000235,Rented accommodation,2002=100,17,units,0,v41691953,14.80,113.9,,,,1
2013-10,Ontario,2016A000235,Rent,2002=100,17,units,0,v41691954,14.81,114.0,,,,1
2013-10,"Toronto, Ontario",2011S0503535,All-items,2002=100,17,units,0,v41692888,16.2,123.7,,,,1
2013-10,"Toronto, Ontario",2011S0503535,Shelter,2002=100,17,units,0,v41692889,16.79,127.2,,,,1
2013-10,"Toronto, Ontario",2011S0503535,Rented accommodation,2002=100,17,units,0,v41692890,16.80,115.6,,,,1
2013-11,Canada,2016A000011124,All-items,2002=100,17,units,0,v41690973,2.2,123.0,,,,1
2013-11,Canada,2016A000011124,Shelter,2002=100,17,units,0,v41691050,2.79,129.8,,,,1
2013-11,Canada,2016A000011124,Rented accommodation,2002=100,17,units,0,v41691051,2.80,116.2,,,,1
2013-11,Canada,2016A000011124,Rent,2002=100,17,units,0,v41691052,2.81,116.2,,,,1
2013-11,Ontario,2016A000235,All-items,2002=100,17,units,0,v41691919,14.2,123.3,,,,1
2013-11,Ontario,2016A000235,Shelter,2002=100,17,units,0,v41691952,14.79,128.1,,,,1
2013-11,Ontario,2016A000235,Rented accommodation,2002=100,17,units,0,v41691953,14.80,114.0,,,,1
2013-11,Ontario,2016A000235,Rent,2002=100,17,units,0,v41691954,14.81,114.1,,,,1
2013-11,"Toronto, Ontario",2011S0503535,All-items,2002=100,17,units,0,v41692888,16.2,123.6,,,,1
2013-11,"Toronto, Ontario",2011S0503535,Shelter,2002=100,17,units,0,v41692889,16.79,127.8,,,,1
2013-11,"Toronto, Ontario",2011S0503535,Rented accommodation,2002=100,17,units,0,v41692890,16.80,115.7,,,,1
2013-12,Canada,2016A000011124,All-items,2002=100,17,units,0,v41690973,2.2,122.7,,,,1
2013-12,Canada,2016A000011124,Shelter,2002=100,17,units,0,v41691050,2.79,129.9,,,,1
2013-12,Canada,2016A000011124,Rented accommodation,2002=100,17,units,0,v41691051,2.80,116.3,,,,1
2013-12,Canada,2016A000011124,Rent,2002=100,17,units,0,v41691052,2.81,116.3,,,,1
2013-12,Ontario,2016A000235,All-items,2002=100,17,units,0,v41691919,14.2,123.1,,,,1
2013-12,Ontario,2016A000235,Shelter,2002=100,17,units,0,v41691952,14.79,128.3,,,,1
2013-12,Ontario,2016A000235,Rented accommodation,2002=100,17,units,0,v41691953,14.80,114.1,,,,1
2013-12,Ontario,2016A000235,Rent,2002=100,17,units,0,v41691954,14.81,114.2,,,,1
2013-12,"Toronto, Ontario",2011S0503535,All-items,2002=100,17,units,0,v41692888,16.2,123.4,,,,1
2013-12,"Toronto, Ontario",2011S0503535,Shelter,2002=100,17,units,0,v41692889,16.79,128.0,,,,1
2013-12,"Toronto, Ontario",2011S0503535,Rented accommodation,2002=100,17,units,0,v41692890,16.80,115.8,,,,1
2014-01,Canada,2016A000011124,All-items,2002=100,17,units,0,v41690973,2.2,123.1,,,,1
2014-01,Canada,2016A000011124,Shelter,2002=100,17,units,0,v41691050,2.79,130.5,,,,1
2014-01,Canada,2016A000011124,Rented accommodation,2002=100,17,units,0,v41691051,2.80,116.3,,,,1
2014-01,Canada,2016A000011124,Rent,2002=100,17,units,0,v41691052,2.81,116.4,,,,1
2014-01,Ontario,2016A000235,All-items,2002=100,17,units,0,v41691919,14.2,123.3,,,,1
2014-01,Ontario,2016A000235,Shelter,2002=100,17,units,0,v41691952,14.79,128.8,,,,1
2014-01,Ontario,2016A000235,Rented accommodation,2002=100,17,units,0,v41691953,14.80,114.2,,,,1
2014-01,Ontario,2016A000235,Rent,2002=100,17,units,0,v41691954,14.81,114.3,,,,1
2014-01,"Toronto, Ontario",2011S0503535,All-items,2002=100,17,units,0,v41692888,16.2,123.7,,,,1
2014-01,"Toronto, Ontario",2011S0503535,Shelter,2002=100,17,units,0,v41692889,16.79,128.6,,,,1
2014-01,"Toronto, Ontario",2011S0503535,Rented accommodation,2002=100,17,units,0,v41692890,16.80,115.9,,,,1
2014-02,Canada,2016A000011124,All-items,2002=100,17,units,0,v41690973,2.2,124.1,,,,1
2014-02,Canada,2016A000011124,Shelter,2002=100,17,units,0,v41691050,2.79,130.7,,,,1
2014-02,Canada,2016A000011124,Rented accommodation,2002=100,17,units,0,v41691051,2.80,116.5,,,,1
2014-02,Canada,2016A000011124,Rent,2002=100,17,units,0,v41691052,2.81,116.5,,,,1
2014-02,Ontario,2016A000235,All-items,2002=100,17,units,0,v41691919,14.2,124.6,,,,1
2014-02,Ontario,2016A000235,Shelter,2002=100,17,units,0,v41691952,14.79,128.9,,,,1
2014-02,Ontario,2016A000235,Rented accommodation,2002=100,17,units,0,v41691953,14.80,114.3,,,,1
2014-02,Ontario,2016A000235,Rent,2002=100,17,units,0,v41691954,14.81,114.4,,,,1
2014-02,"Toronto, Ontario",2011S0503535,All-items,2002=100,17,units,0,v41692888,16.2,125.0,,,,1
2014-02,"Toronto, Ontario",2011S0503535,Shelter,2002=100,17,units,0,v41692889,16.79,128.8,,,,1
2014-02,"Toronto, Ontario",2011S0503535,Rented accommodation,2002=100,17,units,0,v41692890,16.80,116.1,,,,1
2014-03,Canada,2016A000011124,All-items,2002=100,17,units,0,v41690973,2.2,124.8,,,,1
2014-03,Canada,2016A000011124,Shelter,2002=100,17,units,0,v41691050,2.79,131.4,,,,1
2014-03,Canada,2016A000011124,Rented accommodation,2002=100,17,units,0,v41691051,2.80,116.6,,,,1
2014-03,Canada,2016A000011124,Rent,2002=100,17,units,0,v41691052,2.81,116.6,,,,1
2014-03,Ontario,2016A000235,All-items,2002=100,17,units,0,v41691919,14.2,125.1,,,,1
2014-03,Ontario,2016A000235,Shelter,2002=100,17,units,0,v41691952,14.79,129.1,,,,1
2014-03,Ontario,2016A000235,Rented accommodation,2002=100,17,units,0,v41691953,14.80,114.5,,,,1
2014-03,Ontario,2016A000235,Rent,2002=100,17,units,0,v41691954,14.81,114.6,,,,1
2014-03,"Toronto, Ontario",2011S0503535,All-items,2002=100,17,units,0,v41692888,16.2,125.5,,,,1
2014-03,"Toronto, Ontario",2011S0503535,Shelter,2002=100,17,units,0,v41692889,16.79,128.9,,,,1
2014-03,"Toronto, Ontario",2011S0503535,Rented accommodation,2002=100,17,units,0,v41692890,16.80,116.3,,,,1
2014-04,Canada,2016A000011124,All-items,2002=100,17,units,0,v41690973,2.2,125.2,,,,1
2014-04,Canada,2016A000011124,Shelter,2002=100,17,units,0,v41691050,2.79,132.4,,,,1
2014-04,Canada,2016A000011124,Rented accommodation,2002=100,17,units,0,v41691051,2.80,116.8,,,,1
2014-04,Canada,2016A000011124,Rent,2002=100,17,units,0,v41691052,2.81,116.7,,,,1
2014-04,Ontario,2016A000235,All-items,2002=100,17,units,0,v41691919,14.2,125.9,,,,1
2014-04,Ontario,2016A000235,Shelter,2002=100,17,units,0,v41691952,14.79,131.9,,,,1
2014-04,Ontario,2016A000235,Rented accommodation,2002=100,17,units,0,v41691953,14.80,114.7,,,,1
2014-04,Ontario,2016A000235,Rent,2002=100,17,units,0,v41691954,14.81,114.7,,,,1
2014-04,"Toronto, Ontario",2011S0503535,All-items,2002=100,17,units,0,v41692888,16.2,126.4,,,,1
2014-04,"Toronto, Ontario",2011S0503535,Shelter,2002=100,17,units,0,v41692889,16.79,132.4,,,,1
2014-04,"Toronto, Ontario",2011S0503535,Rented accommodation,2002=100,17,units,0,v41692890,16.80,116.6,,,,1
2014-05,Canada,2016A000011124,All-items,2002=100,17,units,0,v41690973,2.2,125.8,,,,1
2014-05,Canada,2016A000011124,Shelter,2002=100,17,units,0,v41691050,2.79,132.6,,,,1
2014-05,Canada,2016A000011124,Rented accommodation,2002=100,17,units,0,v41691051,2.80,116.8,,,,1
2014-05,Canada,2016A000011124,Rent,2002=100,17,units,0,v41691052,2.81,116.8,,,,1
2014-05,Ontario,2016A000235,All-items,2002=100,17,units,0,v41691919,14.2,126.5,,,,1
2014-05,Ontario,2016A000235,Shelter,2002=100,17,units,0,v41691952,14.79,132.4,,,,1
2014-05,Ontario,2016A000235,Rented accommodation,2002=100,17,units,0,v41691953,14.80,114.8,,,,1
2014-05,Ontario,2016A000235,Rent,2002=100,17,units,0,v41691954,14.81,114.8,,,,1
2014-05,"Toronto, Ontario",2011S0503535,All-items,2002=100,17,units,0,v41692888,16.2,127.0,,,,1
2014-05,"Toronto, Ontario",2011S0503535,Shelter,2002=100,17,units,0,v41692889,16.79,133.0,,,,1
2014-05,"Toronto, Ontario",2011S0503535,Rented accommodation,2002=100,17,units,0,v41692890,16.80,116.7,,,,1
2014-06,Canada,2016A000011124,All-items,2002=100,17,units,0,v41690973,2.2,125.9,,,,1
2014-06,Canada,2016A000011124,Shelter,2002=100,17,units,0,v41691050,2.79,132.2,,,,1
2014-06,Canada,2016A000011124,Rented accommodation,2002=100,17,units,0,v41691051,2.80,117.0,,,,1
2014-06,Canada,2016A000011124,Rent,2002=100,17,units,0,v41691052,2.81,117.0,,,,1
2014-06,Ontario,2016A000235,All-items,2002=100,17,units,0,v41691919,14.2,126.9,,,,1
2014-06,Ontario,2016A000235,Shelter,2002=100,17,units,0,v41691952,14.79,132.3,,,,1
2014-06,Ontario,2016A000235,Rented accommodation,2002=100,17,units,0,v41691953,14.80,114.8,,,,1
2014-06,Ontario,2016A000235,Rent,2002=100,17,units,0,v41691954,14.81,114.9,,,,1
2014-06,"Toronto, Ontario",2011S0503535,All-items,2002=100,17,units,0,v41692888,16.2,127.4,,,,1
2014-06,"Toronto, Ontario",2011S0503535,Shelter,2002=100,17,units,0,v41692889,16.79,132.9,,,,1
2014-06,"Toronto, Ontario",2011S0503535,Rented accommodation,2002=100,17,units,0,v41692890,16.80,116.7,,,,1
2014-07,Canada,2016A000011124,All-items,2002=100,17,units,0,v41690973,2.2,125.7,,,,1
2014-07,Canada,2016A000011124,Shelter,2002=100,17,units,0,v41691050,2.79,132.6,,,,1
2014-07,Canada,2016A000011124,Rented accommodation,2002=100,17,units,0,v41691051,2.80,117.1,,,,1
2014-07,Canada,2016A000011124,Rent,2002=100,17,units,0,v41691052,2.81,117.1,,,,1
2014-07,Ontario,2016A000235,All-items,2002=100,17,units,0,v41691919,14.2,126.5,,,,1
2014-07,Ontario,2016A000235,Shelter,2002=100,17,units,0,v41691952,14.79,132.1,,,,1
2014-07,Ontario,2016A000235,Rented accommodation,2002=100,17,units,0,v41691953,14.80,115.0,,,,1
2014-07,Ontario,2016A000235,Rent,2002=100,17,units,0,v41691954,14.81,115.0,,,,1
2014-07,"Toronto, Ontario",2011S0503535,All-items,2002=100,17,units,0,v41692888,16.2,126.9,,,,1
2014-07,"Toronto, Ontario",2011S0503535,Shelter,2002=100,17,units,0,v41692889,16.79,132.4,,,,1
2014-07,"Toronto, Ontario",2011S0503535,Rented accommodation,2002=100,17,units,0,v41692890,16.80,116.8,,,,1
2014-08,Canada,2016A000011124,All-items,2002=100,17,units,0,v41690973,2.2,125.7,,,,1
2014-08,Canada,2016A000011124,Shelter,2002=100,17,units,0,v41691050,2.79,132.4,,,,1
2014-08,Canada,2016A000011124,Rented accommodation,2002=100,17,units,0,v41691051,2.80,117.3,,,,1
2014-08,Canada,2016A000011124,Rent,2002=100,17,units,0,v41691052,2.81,117.3,,,,1
2014-08,Ontario,2016A000235,All-items,2002=100,17,units,0,v41691919,14.2,126.5,,,,1
2014-08,Ontario,2016A000235,Shelter,2002=100,17,units,0,v41691952,14.79,132.1,,,,1
2014-08,Ontario,2016A000235,Rented accommodation,2002=100,17,units,0,v41691953,14.80,115.0,,,,1
2014-08,Ontario,2016A000235,Rent,2002=100,17,units,0,v41691954,14.81,115.1,,,,1
2014-08,"Toronto, Ontario",2011S0503535,All-items,2002=100,17,units,0,v41692888,16.2,126.9,,,,1
2014-08,"Toronto, Ontario",2011S0503535,Shelter,2002=100,17,units,0,v41692889,16.79,132.3,,,,1
2014-08,"Toronto, Ontario",2011S0503535,Rented accommodation,2002=100,17,units,0,v41692890,16.80,116.9,,,,1
2014-09,Canada,2016A000011124,All-items,2002=100,17,units,0,v41690973,2.2,125.8,,,,1
2014-09,Canada,2016A000011124,Shelter,2002=100,17,units,0,v41691050,2.79,132.5,,,,1
2014-09,Canada,2016A000011124,Rented accommodation,2002=100,17,units,0,v41691051,2.80,117.5,,,,1
2014-09,Canada,2016A000011124,Rent,2002=100,17,units,0,v41691052,2.81,117.5,,,,1
2014-09,Ontario,2016A000235,All-items,2002=100,17,units,0,v41691919,14.2,126.7,,,,1
2014-09,Ontario,2016A000235,Shelter,2002=100,17,units,0,v41691952,14.79,132.1,,,,1
2014-09,Ontario,2016A000235,Rented accommodation,2002=100,17,units,0,v41691953,14.80,115.1,,,,1
2014-09,Ontario,2016A000235,Rent,2002=100,17,units,0,v41691954,14.81,115.2,,,,1
2014-09,"Toronto, Ontario",2011S0503535,All-items,2002=100,17,units,0,v41692888,16.2,127.2,,,,1
2014-09,"Toronto, Ontario",2011S0503535,Shelter,2002=100,17,units,0,v41692889,16.79,132.4,,,,1
2014-09,"Toronto, Ontario",2011S0503535,Rented accommodation,2002=100,17,units,0,v41692890,16.80,117.0,,,,1
2014-10,Canada,2016A000011124,All-items,2002=100,17,units,0,v41690973,2.2,125.9,,,,1
2014-10,Canada,2016A000011124,Shelter,2002=100,17,units,0,v41691050,2.79,132.8,,,,1
2014-10,Canada,2016A000011124,Rented accommodation,2002=100,17,units,0,v41691051,2.80,117.6,,,,1
2014-10,Canada,2016A000011124,Rent,2002=100,17,units,0,v41691052,2.81,117.7,,,,1
2014-10,Ontario,2016A000235,All-items,2002=100,17,units,0,v41691919,14.2,126.8,,,,1
2014-10,Ontario,2016A000235,Shelter,2002=100,17,units,0,v41691952,14.79,132.3,,,,1
2014-10,Ontario,2016A000235,Rented accommodation,2002=100,17,units,0,v41691953,14.80,115.3,,,,1
2014-10,Ontario,2016A000235,Rent,2002=100,17,units,0,v41691954,14.81,115.3,,,,1
2014-10,"Toronto, Ontario",2011S0503535,All-items,2002=100,17,units,0,v41692888,16.2,127.4,,,,1
2014-10,"Toronto, Ontario",2011S0503535,Shelter,2002=100,17,units,0,v41692889,16.79,132.8,,,,1
2014-10,"Toronto, Ontario",2011S0503535,Rented accommodation,2002=100,17,units,0,v41692890,16.80,117.2,,,,1
2014-11,Canada,2016A000011124,All-items,2002=100,17,units,0,v41690973,2.2,125.4,,,,1
2014-11,Canada,2016A000011124,Shelter,2002=100,17,units,0,v41691050,2.79,132.8,,,,1
2014-11,Canada,2016A000011124,Rented accommodation,2002=100,17,units,0,v41691051,2.80,117.8,,,,1
2014-11,Canada,2016A000011124,Rent,2002=100,17,units,0,v41691052,2.81,117.8,,,,1
2014-11,Ontario,2016A000235,All-items,2002=100,17,units,0,v41691919,14.2,126.3,,,,1
2014-11,Ontario,2016A000235,Shelter,2002=100,17,units,0,v41691952,14.79,132.6,,,,1
2014-11,Ontario,2016A000235,Rented accommodation,2002=100,17,units,0,v41691953,14.80,115.3,,,,1
2014-11,Ontario,2016A000235,Rent,2002=100,17,units,0,v41691954,14.81,115.3,,,,1
2014-11,"Toronto, Ontario",2011S0503535,All-items,2002=100,17,units,0,v41692888,16.2,126.9,,,,1
2014-11,"Toronto, Ontario",2011S0503535,Shelter,2002=100,17,units,0,v41692889,16.79,133.0,,,,1
2014-11,"Toronto, Ontario",2011S0503535,Rented accommodation,2002=100,17,units,0,v41692890,16.80,117.3,,,,1
2014-12,Canada,2016A000011124,All-items,2002=100,17,units,0,v41690973,2.2,124.5,,,,1
2014-12,Canada,2016A000011124,Shelter,2002=100,17,units,0,v41691050,2.79,133.0,,,,1
2014-12,Canada,2016A000011124,Rented accommodation,2002=100,17,units,0,v41691051,2.80,117.9,,,,1
2014-12,Canada,2016A000011124,Rent,2002=100,17,units,0,v41691052,2.81,117.9,,,,1
2014-12,Ontario,2016A000235,All-items,2002=100,17,units,0,v41691919,14.2,125.4,,,,1
2014-12,Ontario,2016A000235,Shelter,2002=100,17,units,0,v41691952,14.79,132.9,,,,1
2014-12,Ontario,2016A000235,Rented accommodation,2002=100,17,units,0,v41691953,14.80,115.4,,,,1
2014-12,Ontario,2016A000235,Rent,2002=100,17,units,0,v41691954,14.81,115.5,,,,1
2014-12,"Toronto, Ontario",2011S0503535,All-items,2002=100,17,units,0,v41692888,16.2,126.2,,,,1
2014-12,"Toronto, Ontario",2011S0503535,Shelter,2002=100,17,units,0,v41692889,16.79,133.4,,,,1
2014-12,"Toronto, Ontario",2011S0503535,Rented accommodation,2002=100,17,units,0,v41692890,16.80,117.4,,,,1
2015-01,Canada,2016A000011124,All-items,2002=100,17,units,0,v41690973,2.2,124.3,,,,1
2015-01,Canada,2016A000011124,Shelter,2002=100,17,units,0,v41691050,2.79,133.1,,,,1
2015-01,Canada,2016A000011124,Rented accommodation,2002=100,17,units,0,v41691051,2.80,117.9,,,,1
2015-01,Canada,2016A000011124,Rent,2002=100,17,units,0,v41691052,2.81,117.9,,,,1
2015-01,Ontario,2016A000235,All-items,2002=100,17,units,0,v41691919,14.2,125.3,,,,1
2015-01,Ontario,2016A000235,Shelter,2002=100,17,units,0,v41691952,14.79,133.4,,,,1
2015-01,Ontario,2016A000235,Rented accommodation,2002=100,17,units,0,v41691953,14.80,115.6,,,,1
2015-01,Ontario,2016A000235,Rent,2002=100,17,units,0,v41691954,14.81,115.6,,,,1
2015-01,"Toronto, Ontario",2011S0503535,All-items,2002=100,17,units,0,v41692888,16.2,126.3,,,,1
2015-01,"Toronto, Ontario",2011S0503535,Shelter,2002=100,17,units,0,v41692889,16.79,134.0,,,,1
2015-01,"Toronto, Ontario",2011S0503535,Rented accommodation,2002=100,17,units,0,v41692890,16.80,117.5,,,,1
2015-02,Canada,2016A000011124,All-items,2002=100,17,units,0,v41690973,2.2,125.4,,,,1
2015-02,Canada,2016A000011124,Shelter,2002=100,17,units,0,v41691050,2.79,133.1,,,,1
2015-02,Canada,2016A000011124,Rented accommodation,2002=100,17,units,0,v41691051,2.80,118.0,,,,1
2015-02,Canada,2016A000011124,Rent,2002=100,17,units,0,v41691052,2.81,118.1,,,,1
2015-02,Ontario,2016A000235,All-items,2002=100,17,units,0,v41691919,14.2,126.2,,,,1
2015-02,Ontario,2016A000235,Shelter,2002=100,17,units,0,v41691952,14.79,133.5,,,,1
2015-02,Ontario,2016A000235,Rented accommodation,2002=100,17,units,0,v41691953,14.80,115.7,,,,1
2015-02,Ontario,2016A000235,Rent,2002=100,17,units,0,v41691954,14.81,115.7,,,,1
2015-02,"Toronto, Ontario",2011S0503535,All-items,2002=100,17,units,0,v41692888,16.2,127.2,,,,1
2015-02,"Toronto, Ontario",2011S0503535,Shelter,2002=100,17,units,0,v41692889,16.79,134.1,,,,1
2015-02,"Toronto, Ontario",2011S0503535,Rented accommodation,2002=100,17,units,0,v41692890,16.80,117.7,,,,1
2015-03,Canada,2016A000011124,All-items,2002=100,17,units,0,v41690973,2.2,126.3,,,,1
2015-03,Canada,2016A000011124,Shelter,2002=100,17,units,0,v41691050,2.79,133.3,,,,1
2015-03,Canada,2016A000011124,Rented accommodation,2002=100,17,units,0,v41691051,2.80,118.2,,,,1
2015-03,Canada,2016A000011124,Rent,2002=100,17,units,0,v41691052,2.81,118.2,,,,1
2015-03,Ontario,2016A000235,All-items,2002=100,17,units,0,v41691919,14.2,127.1,,,,1
2015-03,Ontario,2016A000235,Shelter,2002=100,17,units,0,v41691952,14.79,133.8,,,,1
2015-03,Ontario,2016A000235,Rented accommodation,2002=100,17,units,0,v41691953,14.80,115.8,,,,1
2015-03,Ontario,2016A000235,Rent,2002=100,17,units,0,v41691954,14.81,115.8,,,,1
2015-03,"Toronto, Ontario",2011S0503535,All-items,2002=100,17,units,0,v41692888,16.2,127.9,,,,1
2015-03,"Toronto, Ontario",2011S0503535,Shelter,2002=100,17,units,0,v41692889,16.79,134.4,,,,1
2015-03,"Toronto, Ontario",2011S0503535,Rented accommodation,2002=100,17,units,0,v41692890,16.80,117.8,,,,1
2015-04,Canada,2016A000011124,All-items,2002=100,17,units,0,v41690973,2.2,126.2,,,,1
2015-04,Canada,2016A000011124,Shelter,2002=100,17,units,0,v41691050,2.79,133.1,,,,1
2015-04,Canada,2016A000011124,Rented accommodation,2002=100,17,units,0,v41691051,2.80,118.3,,,,1
2015-04,Canada,2016A000011124,Rent,2002=100,17,units,0,v41691052,2.81,118.3,,,,1
2015-04,Ontario,2016A000235,All-items,2002=100,17,units,0,v41691919,14.2,126.9,,,,1
2015-04,Ontario,2016A000235,Shelter,2002=100,17,units,0,v41691952,14.79,133.5,,,,1
2015-04,Ontario,2016A000235,Rented accommodation,2002=100,17,units,0,v41691953,14.80,115.9,,,,1
2015-04,Ontario,2016A000235,Rent,2002=100,17,units,0,v41691954,14.81,115.9,,,,1
2015-04,"Toronto, Ontario",2011S0503535,All-items,2002=100,17,units,0,v41692888,16.2,127.7,,,,1
2015-04,"Toronto, Ontario",2011S0503535,Shelter,2002=100,17,units,0,v41692889,16.79,134.4,,,,1
2015-04,"Toronto, Ontario",2011S0503535,Rented accommodation,2002=100,17,units,0,v41692890,16.80,118.0,,,,1
2015-05,Canada,2016A000011124,All-items,2002=100,17,units,0,v41690973,2.2,126.9,,,,1
2015-05,Canada,2016A000011124,Shelter,2002=100,17,units,0,v41691050,2.79,133.2,,,,1
2015-05,Canada,2016A000011124,Rented accommodation,2002=100,17,units,0,v41691051,2.80,118.4,,,,1
2015-05,Canada,2016A000011124,Rent,2002=100,17,units,0,v41691052,2.81,118.3,,,,1
2015-05,Ontario,2016A000235,All-items,2002=100,17,units,0,v41691919,14.2,127.7,,,,1
2015-05,Ontario,2016A000235,Shelter,2002=100,17,units,0,v41691952,14.79,134.1,,,,1
2015-05,Ontario,2016A000235,Rented accommodation,2002=100,17,units,0,v41691953,14.80,116.0,,,,1
2015-05,Ontario,2016A000235,Rent,2002=100,17,units,0,v41691954,14.81,116.0,,,,1
2015-05,"Toronto, Ontario",2011S0503535,All-items,2002=100,17,units,0,v41692888,16.2,128.5,,,,1
2015-05,"Toronto, Ontario",2011S0503535,Shelter,2002=100,17,units,0,v41692889,16.79,134.9,,,,1
2015-05,"Toronto, Ontario",2011S0503535,Rented accommodation,2002=100,17,units,0,v41692890,16.80,118.1,,,,1
2015-06,Canada,2016A000011124,All-items,2002=100,17,units,0,v41690973,2.2,127.2,,,,1
2015-06,Canada,2016A000011124,Shelter,2002=100,17,units,0,v41691050,2.79,133.5,,,,1
2015-06,Canada,2016A000011124,Rented accommodation,2002=100,17,units,0,v41691051,2.80,118.4,,,,1
2015-06,Canada,2016A000011124,Rent,2002=100,17,units,0,v41691052,2.81,118.4,,,,1
2015-06,Ontario,2016A000235,All-items,2002=100,17,units,0,v41691919,14.2,128.2,,,,1
2015-06,Ontario,2016A000235,Shelter,2002=100,17,units,0,v41691952,14.79,134.4,,,,1
2015-06,Ontario,2016A000235,Rented accommodation,2002=100,17,units,0,v41691953,14.80,116.1,,,,1
2015-06,Ontario,2016A000235,Rent,2002=100,17,units,0,v41691954,14.81,116.0,,,,1
2015-06,"Toronto, Ontario",2011S0503535,All-items,2002=100,17,units,0,v41692888,16.2,128.8,,,,1
2015-06,"Toronto, Ontario",2011S0503535,Shelter,2002=100,17,units,0,v41692889,16.79,135.0,,,,1
2015-06,"Toronto, Ontario",2011S0503535,Rented accommodation,2002=100,17,units,0,v41692890,16.80,118.1,,,,1
2015-07,Canada,2016A000011124,All-items,2002=100,17,units,0,v41690973,2.2,127.3,,,,1
2015-07,Canada,2016A000011124,Shelter,2002=100,17,units,0,v41691050,2.79,133.8,,,,1
2015-07,Canada,2016A000011124,Rented accommodation,2002=100,17,units,0,v41691051,2.80,118.5,,,,1
2015-07,Canada,2016A000011124,Rent,2002=100,17,units,0,v41691052,2.81,118.5,,,,1
2015-07,Ontario,2016A000235,All-items,2002=100,17,units,0,v41691919,14.2,128.4,,,,1
2015-07,Ontario,2016A000235,Shelter,2002=100,17,units,0,v41691952,14.79,134.9,,,,1
2015-07,Ontario,2016A000235,Rented accommodation,2002=100,17,units,0,v41691953,14.80,116.1,,,,1
2015-07,Ontario,2016A000235,Rent,2002=100,17,units,0,v41691954,14.81,116.1,,,,1
2015-07,"Toronto, Ontario",2011S0503535,All-items,2002=100,17,units,0,v41692888,16.2,129.2,,,,1
2015-07,"Toronto, Ontario",2011S0503535,Shelter,2002=100,17,units,0,v41692889,16.79,135.9,,,,1
2015-07,"Toronto, Ontario",2011S0503535,Rented accommodation,2002=100,17,units,0,v41692890,16.80,118.2,,,,1
2015-08,Canada,2016A000011124,All-items,2002=100,17,units,0,v41690973,2.2,127.3,,,,1
2015-08,Canada,2016A000011124,Shelter,2002=100,17,units,0,v41691050,2.79,133.9,,,,1
2015-08,Canada,2016A000011124,Rented accommodation,2002=100,17,units,0,v41691051,2.80,118.7,,,,1
2015-08,Canada,2016A000011124,Rent,2002=100,17,units,0,v41691052,2.81,118.6,,,,1
2015-08,Ontario,2016A000235,All-items,2002=100,17,units,0,v41691919,14.2,128.0,,,,1
2015-08,Ontario,2016A000235,Shelter,2002=100,17,units,0,v41691952,14.79,135.0,,,,1
2015-08,Ontario,2016A000235,Rented accommodation,2002=100,17,units,0,v41691953,14.80,116.2,,,,1
2015-08,Ontario,2016A000235,Rent,2002=100,17,units,0,v41691954,14.81,116.2,,,,1
2015-08,"Toronto, Ontario",2011S0503535,All-items,2002=100,17,units,0,v41692888,16.2,128.7,,,,1
2015-08,"Toronto, Ontario",2011S0503535,Shelter,2002=100,17,units,0,v41692889,16.79,136.0,,,,1
2015-08,"Toronto, Ontario",2011S0503535,Rented accommodation,2002=100,17,units,0,v41692890,16.80,118.3,,,,1
2015-09,Canada,2016A000011124,All-items,2002=100,17,units,0,v41690973,2.2,127.1,,,,1
2015-09,Canada,2016A000011124,Shelter,2002=100,17,units,0,v41691050,2.79,133.9,,,,1
2015-09,Canada,2016A000011124,Rented accommodation,2002=100,17,units,0,v41691051,2.80,118.7,,,,1
2015-09,Canada,2016A000011124,Rent,2002=100,17,units,0,v41691052,2.81,118.7,,,,1
2015-09,Ontario,2016A000235,All-items,2002=100,17,units,0,v41691919,14.2,127.8,,,,1
2015-09,Ontario,2016A000235,Shelter,2002=100,17,units,0,v41691952,14.79,135.1,,,,1
2015-09,Ontario,2016A000235,Rented accommodation,2002=100,17,units,0,v41691953,14.80,116.4,,,,1
2015-09,Ontario,2016A000235,Rent,2002=100,17,units,0,v41691954,14.81,116.3,,,,1
2015-09,"Toronto, Ontario",2011S0503535,All-items,2002=100,17,units,0,v41692888,16.2,129.0,,,,1
2015-09,"Toronto, Ontario",2011S0503535,Shelter,2002=100,17,units,0,v41692889,16.79,136.3,,,,1
2015-09,"Toronto, Ontario",2011S0503535,Rented accommodation,2002=100,17,units,0,v41692890,16.80,118.4,,,,1
2015-10,Canada,2016A000011124,All-items,2002=100,17,units,0,v41690973,2.2,127.2,,,,1
2015-10,Canada,2016A000011124,Shelter,2002=100,17,units,0,v41691050,2.79,134.3,,,,1
2015-10,Canada,2016A000011124,Rented accommodation,2002=100,17,units,0,v41691051,2.80,118.8,,,,1
2015-10,Canada,2016A000011124,Rent,2002=100,17,units,0,v41691052,2.81,118.8,,,,1
2015-10,Ontario,2016A000235,All-items,2002=100,17,units,0,v41691919,14.2,127.9,,,,1
2015-10,Ontario,2016A000235,Shelter,2002=100,17,units,0,v41691952,14.79,135.0,,,,1
2015-10,Ontario,2016A000235,Rented accommodation,2002=100,17,units,0,v41691953,14.80,116.5,,,,1
2015-10,Ontario,2016A000235,Rent,2002=100,17,units,0,v41691954,14.81,116.5,,,,1
2015-10,"Toronto, Ontario",2011S0503535,All-items,2002=100,17,units,0,v41692888,16.2,129.0,,,,1
2015-10,"Toronto, Ontario",2011S0503535,Shelter,2002=100,17,units,0,v41692889,16.79,135.9,,,,1
2015-10,"Toronto, Ontario",2011S0503535,Rented accommodation,2002=100,17,units,0,v41692890,16.80,118.7,,,,1
2015-11,Canada,2016A000011124,All-items,2002=100,17,units,0,v41690973,2.2,127.1,,,,1
2015-11,Canada,2016A000011124,Shelter,2002=100,17,units,0,v41691050,2.79,134.4,,,,1
2015-11,Canada,2016A000011124,Rented accommodation,2002=100,17,units,0,v41691051,2.80,118.9,,,,1
2015-11,Canada,2016A000011124,Rent,2002=100,17,units,0,v41691052,2.81,118.8,,,,1
2015-11,Ontario,2016A000235,All-items,2002=100,17,units,0,v41691919,14.2,127.9,,,,1
2015-11,Ontario,2016A000235,Shelter,2002=100,17,units,0,v41691952,14.79,135.3,,,,1
2015-11,Ontario,2016A000235,Rented accommodation,2002=100,17,units,0,v41691953,14.80,116.6,,,,1
2015-11,Ontario,2016A000235,Rent,2002=100,17,units,0,v41691954,14.81,116.6,,,,1
2015-11,"Toronto, Ontario",2011S0503535,All-items,2002=100,17,units,0,v41692888,16.2,129.1,,,,1
2015-11,"Toronto, Ontario",2011S0503535,Shelter,2002=100,17,units,0,v41692889,16.79,136.1,,,,1
2015-11,"Toronto, Ontario",2011S0503535,Rented accommodation,2002=100,17,units,0,v41692890,16.80,118.8,,,,1
2015-12,Canada,2016A000011124,All-items,2002=100,17,units,0,v41690973,2.2,126.5,,,,1
2015-12,Canada,2016A000011124,Shelter,2002=100,17,units,0,v41691050,2.79,134.5,,,,1
2015-12,Canada,2016A000011124,Rented accommodation,2002=100,17,units,0,v41691051,2.80,118.9,,,,1
2015-12,Canada,2016A000011124,Rent,2002=100,17,units,0,v41691052,2.81,118.9,,,,1
2015-12,Ontario,2016A000235,All-items,2002=100,17,units,0,v41691919,14.2,127.5,,,,1
2015-12,Ontario,2016A000235,Shelter,2002=100,17,units,0,v41691952,14.79,135.5,,,,1
2015-12,Ontario,2016A000235,Rented accommodation,2002=100,17,units,0,v41691953,14.80,116.7,,,,1
2015-12,Ontario,2016A000235,Rent,2002=100,17,units,0,v41691954,14.81,116.7,,,,1
2015-12,"Toronto, Ontario",2011S0503535,All-items,2002=100,17,units,0,v41692888,16.2,128.7,,,,1
2015-12,"Toronto, Ontario",2011S0503535,Shelter,2002=100,17,units,0,v41692889,16.79,136.3,,,,1
2015-12,"Toronto, Ontario",2011S0503535,Rented accommodation,2002=100,17,units,0,v41692890,16.80,118.9,,,,1
2016-01,Canada,2016A000011124,All-items,2002=100,17,units,0,v41690973,2.2,126.8,,,,1
2016-01,Canada,2016A000011124,Shelter,2002=100,17,units,0,v41691050,2.79,134.6,,,,1
2016-01,Canada,2016A000011124,Rented accommodation,2002=100,17,units,0,v41691051,2.80,118.9,,,,1
2016-01,Canada,2016A000011124,Rent,2002=100,17,units,0,v41691052,2.81,118.9,,,,1
2016-01,Ontario,2016A000235,All-items,2002=100,17,units,0,v41691919,14.2,127.8,,,,1
2016-01,Ontario,2016A000235,Shelter,2002=100,17,units,0,v41691952,14.79,136.1,,,,1
2016-01,Ontario,2016A000235,Rented accommodation,2002=100,17,units,0,v41691953,14.80,116.7,,,,1
2016-01,Ontario,2016A000235,Rent,2002=100,17,units,0,v41691954,14.81,116.7,,,,1
2016-01,"Toronto, Ontario",2011S0503535,All-items,2002=100,17,units,0,v41692888,16.2,129.0,,,,1
2016-01,"Toronto, Ontario",2011S0503535,Shelter,2002=100,17,units,0,v41692889,16.79,136.9,,,,1
2016-01,"Toronto, Ontario",2011S0503535,Rented accommodation,2002=100,17,units,0,v41692890,16.80,119.0,,,,1
2016-02,Canada,2016A000011124,All-items,2002=100,17,units,0,v41690973,2.2,127.1,,,,1
2016-02,Canada,2016A000011124,Shelter,2002=100,17,units,0,v41691050,2.79,134.7,,,,1
2016-02,Canada,2016A000011124,Rented accommodation,2002=100,17,units,0,v41691051,2.80,119.0,,,,1
2016-02,Canada,2016A000011124,Rent,2002=100,17,units,0,v41691052,2.81,119.0,,,,1
2016-02,Ontario,2016A000235,All-items,2002=100,17,units,0,v41691919,14.2,128.2,,,,1
2016-02,Ontario,2016A000235,Shelter,2002=100,17,units,0,v41691952,14.79,136.2,,,,1
2016-02,Ontario,2016A000235,Rented accommodation,2002=100,17,units,0,v41691953,14.80,116.9,,,,1
2016-02,Ontario,2016A000235,Rent,2002=100,17,units,0,v41691954,14.81,116.8,,,,1
2016-02,"Toronto, Ontario",2011S0503535,All-items,2002=100,17,units,0,v41692888,16.2,129.4,,,,1
2016-02,"Toronto, Ontario",2011S0503535,Shelter,2002=100,17,units,0,v41692889,16.79,137.1,,,,1
2016-02,"Toronto, Ontario",2011S0503535,Rented accommodation,2002=100,17,units,0,v41692890,16.80,119.1,,,,1
2016-03,Canada,2016A000011124,All-items,2002=100,17,units,0,v41690973,2.2,127.9,,,,1
2016-03,Canada,2016A000011124,Shelter,2002=100,17,units,0,v41691050,2.79,134.8,,,,1
2016-03,Canada,2016A000011124,Rented accommodation,2002=100,17,units,0,v41691051,2.80,119.1,,,,1
2016-03,Canada,2016A000011124,Rent,2002=100,17,units,0,v41691052,2.81,119.0,,,,1
2016-03,Ontario,2016A000235,All-items,2002=100,17,units,0,v41691919,14.2,129.0,,,,1
2016-03,Ontario,2016A000235,Shelter,2002=100,17,units,0,v41691952,14.79,136.5,,,,1
2016-03,Ontario,2016A000235,Rented accommodation,2002=100,17,units,0,v41691953,14.80,117.0,,,,1
2016-03,Ontario,2016A000235,Rent,2002=100,17,units,0,v41691954,14.81,116.9,,,,1
2016-03,"Toronto, Ontario",2011S0503535,All-items,2002=100,17,units,0,v41692888,16.2,130.3,,,,1
2016-03,"Toronto, Ontario",2011S0503535,Shelter,2002=100,17,units,0,v41692889,16.79,137.7,,,,1
2016-03,"Toronto, Ontario",2011S0503535,Rented accommodation,2002=100,17,units,0,v41692890,16.80,119.2,,,,1
2016-04,Canada,2016A000011124,All-items,2002=100,17,units,0,v41690973,2.2,128.3,,,,1
2016-04,Canada,2016A000011124,Shelter,2002=100,17,units,0,v41691050,2.79,134.9,,,,1
2016-04,Canada,2016A000011124,Rented accommodation,2002=100,17,units,0,v41691051,2.80,119.1,,,,1
2016-04,Canada,2016A000011124,Rent,2002=100,17,units,0,v41691052,2.81,119.0,,,,1
2016-04,Ontario,2016A000235,All-items,2002=100,17,units,0,v41691919,14.2,129.6,,,,1
2016-04,Ontario,2016A000235,Shelter,2002=100,17,units,0,v41691952,14.79,136.9,,,,1
2016-04,Ontario,2016A000235,Rented accommodation,2002=100,17,units,0,v41691953,14.80,117.1,,,,1
2016-04,Ontario,2016A000235,Rent,2002=100,17,units,0,v41691954,14.81,117.0,,,,1
2016-04,"Toronto, Ontario",2011S0503535,All-items,2002=100,17,units,0,v41692888,16.2,130.7,,,,1
2016-04,"Toronto, Ontario",2011S0503535,Shelter,2002=100,17,units,0,v41692889,16.79,138.3,,,,1
2016-04,"Toronto, Ontario",2011S0503535,Rented accommodation,2002=100,17,units,0,v41692890,16.80,119.4,,,,1
2016-05,Canada,2016A000011124,All-items,2002=100,17,units,0,v41690973,2.2,128.8,,,,1
2016-05,Canada,2016A000011124,Shelter,2002=100,17,units,0,v41691050,2.79,135.1,,,,1
2016-05,Canada,2016A000011124,Rented accommodation,2002=100,17,units,0,v41691051,2.80,119.1,,,,1
2016-05,Canada,2016A000011124,Rent,2002=100,17,units,0,v41691052,2.81,119.1,,,,1
2016-05,Ontario,2016A000235,All-items,2002=100,17,units,0,v41691919,14.2,130.1,,,,1
2016-05,Ontario,2016A000235,Shelter,2002=100,17,units,0,v41691952,14.79,137.5,,,,1
2016-05,Ontario,2016A000235,Rented accommodation,2002=100,17,units,0,v41691953,14.80,117.1,,,,1
2016-05,Ontario,2016A000235,Rent,2002=100,17,units,0,v41691954,14.81,117.1,,,,1
2016-05,"Toronto, Ontario",2011S0503535,All-items,2002=100,17,units,0,v41692888,16.2,131.2,,,,1
2016-05,"Toronto, Ontario",2011S0503535,Shelter,2002=100,17,units,0,v41692889,16.79,138.8,,,,1
2016-05,"Toronto, Ontario",2011S0503535,Rented accommodation,2002=100,17,units,0,v41692890,16.80,119.4,,,,1
2016-06,Canada,2016A000011124,All-items,2002=100,17,units,0,v41690973,2.2,129.1,,,,1
2016-06,Canada,2016A000011124,Shelter,2002=100,17,units,0,v41691050,2.79,135.6,,,,1
2016-06,Canada,2016A000011124,Rented accommodation,2002=100,17,units,0,v41691051,2.80,119.2,,,,1
2016-06,Canada,2016A000011124,Rent,2002=100,17,units,0,v41691052,2.81,119.1,,,,1
2016-06,Ontario,2016A000235,All-items,2002=100,17,units,0,v41691919,14.2,130.4,,,,1
2016-06,Ontario,2016A000235,Shelter,2002=100,17,units,0,v41691952,14.79,138.0,,,,1
2016-06,Ontario,2016A000235,Rented accommodation,2002=100,17,units,0,v41691953,14.80,117.3,,,,1
2016-06,Ontario,2016A000235,Rent,2002=100,17,units,0,v41691954,14.81,117.2,,,,1
2016-06,"Toronto, Ontario",2011S0503535,All-items,2002=100,17,units,0,v41692888,16.2,131.5,,,,1
2016-06,"Toronto, Ontario",2011S0503535,Shelter,2002=100,17,units,0,v41692889,16.79,139.8,,,,1
2016-06,"Toronto, Ontario",2011S0503535,Rented accommodation,2002=100,17,units,0,v41692890,16.80,119.6,,,,1
2016-07,Canada,2016A000011124,All-items,2002=100,17,units,0,v41690973,2.2,128.9,,,,1
2016-07,Canada,2016A000011124,Shelter,2002=100,17,units,0,v41691050,2.79,136.0,,,,1
2016-07,Canada,2016A000011124,Rented accommodation,2002=100,17,units,0,v41691051,2.80,119.2,,,,1
2016-07,Canada,2016A000011124,Rent,2002=100,17,units,0,v41691052,2.81,119.1,,,,1
2016-07,Ontario,2016A000235,All-items,2002=100,17,units,0,v41691919,14.2,130.3,,,,1
2016-07,Ontario,2016A000235,Shelter,2002=100,17,units,0,v41691952,14.79,138.5,,,,1
2016-07,Ontario,2016A000235,Rented accommodation,2002=100,17,units,0,v41691953,14.80,117.4,,,,1
2016-07,Ontario,2016A000235,Rent,2002=100,17,units,0,v41691954,14.81,117.3,,,,1
2016-07,"Toronto, Ontario",2011S0503535,All-items,2002=100,17,units,0,v41692888,16.2,131.4,,,,1
2016-07,"Toronto, Ontario",2011S0503535,Shelter,2002=100,17,units,0,v41692889,16.79,140.4,,,,1
2016-07,"Toronto, Ontario",2011S0503535,Rented accommodation,2002=100,17,units,0,v41692890,16.80,119.7,,,,1
2016-08,Canada,2016A000011124,All-items,2002=100,17,units,0,v41690973,2.2,128.7,,,,1
2016-08,Canada,2016A000011124,Shelter,2002=100,17,units,0,v41691050,2.79,136.2,,,,1
2016-08,Canada,2016A000011124,Rented accommodation,2002=100,17,units,0,v41691051,2.80,119.4,,,,1
2016-08,Canada,2016A000011124,Rent,2002=100,17,units,0,v41691052,2.81,119.3,,,,1
2016-08,Ontario,2016A000235,All-items,2002=100,17,units,0,v41691919,14.2,129.9,,,,1
2016-08,Ontario,2016A000235,Shelter,2002=100,17,units,0,v41691952,14.79,138.7,,,,1
2016-08,Ontario,2016A000235,Rented accommodation,2002=100,17,units,0,v41691953,14.80,117.5,,,,1
2016-08,Ontario,2016A000235,Rent,2002=100,17,units,0,v41691954,14.81,117.4,,,,1
2016-08,"Toronto, Ontario",2011S0503535,All-items,2002=100,17,units,0,v41692888,16.2,131.1,,,,1
2016-08,"Toronto, Ontario",2011S0503535,Shelter,2002=100,17,units,0,v41692889,16.79,140.9,,,,1
2016-08,"Toronto, Ontario",2011S0503535,Rented accommodation,2002=100,17,units,0,v41692890,16.80,119.8,,,,1
2016-09,Canada,2016A000011124,All-items,2002=100,17,units,0,v41690973,2.2,128.8,,,,1
2016-09,Canada,2016A000011124,Shelter,2002=100,17,units,0,v41691050,2.79,136.2,,,,1
2016-09,Canada,2016A000011124,Rented accommodation,2002=100,17,units,0,v41691051,2.80,119.4,,,,1
2016-09,Canada,2016A000011124,Rent,2002=100,17,units,0,v41691052,2.81,119.3,,,,1
2016-09,Ontario,2016A000235,All-items,2002=100,17,units,0,v41691919,14.2,130.1,,,,1
2016-09,Ontario,2016A000235,Shelter,2002=100,17,units,0,v41691952,14.79,138.9,,,,1
2016-09,Ontario,2016A000235,Rented accommodation,2002=100,17,units,0,v41691953,14.80,117.6,,,,1
2016-09,Ontario,2016A000235,Rent,2002=100,17,units,0,v41691954,14.81,117.5,,,,1
2016-09,"Toronto, Ontario",2011S0503535,All-items,2002=100,17,units,0,v41692888,16.2,131.7,,,,1
2016-09,"Toronto, Ontario",2011S0503535,Shelter,2002=100,17,units,0,v41692889,16.79,141.2,,,,1
2016-09,"Toronto, Ontario",2011S0503535,Rented accommodation,2002=100,17,units,0,v41692890,16.80,119.9,,,,1
2016-10,Canada,2016A000011124,All-items,2002=100,17,units,0,v41690973,2.2,129.1,,,,1
2016-10,Canada,2016A000011124,Shelter,2002=100,17,units,0,v41691050,2.79,136.9,,,,1
2016-10,Canada,2016A000011124,Rented accommodation,2002=100,17,units,0,v41691051,2.80,119.5,,,,1
2016-10,Canada,2016A000011124,Rent,2002=100,17,units,0,v41691052,2.81,119.4,,,,1
2016-10,Ontario,2016A000235,All-items,2002=100,17,units,0,v41691919,14.2,130.6,,,,1
2016-10,Ontario,2016A000235,Shelter,2002=100,17,units,0,v41691952,14.79,139.5,,,,1
2016-10,Ontario,2016A000235,Rented accommodation,2002=100,17,units,0,v41691953,14.80,117.7,,,,1
2016-10,Ontario,2016A000235,Rent,2002=100,17,units,0,v41691954,14.81,117.6,,,,1
2016-10,"Toronto, Ontario",2011S0503535,All-items,2002=100,17,units,0,v41692888,16.2,132.0,,,,1
2016-10,"Toronto, Ontario",2011S0503535,Shelter,2002=100,17,units,0,v41692889,16.79,141.6,,,,1
2016-10,"Toronto, Ontario",2011S0503535,Rented accommodation,2002=100,17,units,0,v41692890,16.80,120.0,,,,1
2016-11,Canada,2016A000011124,All-items,2002=100,17,units,0,v41690973,2.2,128.6,,,,1
2016-11,Canada,2016A000011124,Shelter,2002=100,17,units,0,v41691050,2.79,137.2,,,,1
2016-11,Canada,2016A000011124,Rented accommodation,2002=100,17,units,0,v41691051,2.80,119.6,,,,1
2016-11,Canada,2016A000011124,Rent,2002=100,17,units,0,v41691052,2.81,119.4,,,,1
2016-11,Ontario,2016A000235,All-items,2002=100,17,units,0,v41691919,14.2,130.2,,,,1
2016-11,Ontario,2016A000235,Shelter,2002=100,17,units,0,v41691952,14.79,139.9,,,,1
2016-11,Ontario,2016A000235,Rented accommodation,2002=100,17,units,0,v41691953,14.80,117.8,,,,1
2016-11,Ontario,2016A000235,Rent,2002=100,17,units,0,v41691954,14.81,117.7,,,,1
2016-11,"Toronto, Ontario",2011S0503535,All-items,2002=100,17,units,0,v41692888,16.2,131.7,,,,1
2016-11,"Toronto, Ontario",2011S0503535,Shelter,2002=100,17,units,0,v41692889,16.79,142.3,,,,1
2016-11,"Toronto, Ontario",2011S0503535,Rented accommodation,2002=100,17,units,0,v41692890,16.80,120.1,,,,1
2016-12,Canada,2016A000011124,All-items,2002=100,17,units,0,v41690973,2.2,128.4,,,,1
2016-12,Canada,2016A000011124,Shelter,2002=100,17,units,0,v41691050,2.79,137.3,,,,1
2016-12,Canada,2016A000011124,Rented accommodation,2002=100,17,units,0,v41691051,2.80,119.6,,,,1
2016-12,Canada,2016A000011124,Rent,2002=100,17,units,0,v41691052,2.81,119.5,,,,1
2016-12,Ontario,2016A000235,All-items,2002=100,17,units,0,v41691919,14.2,130.0,,,,1
2016-12,Ontario,2016A000235,Shelter,2002=100,17,units,0,v41691952,14.79,140.1,,,,1
2016-12,Ontario,2016A000235,Rented accommodation,2002=100,17,units,0,v41691953,14.80,117.9,,,,1
2016-12,Ontario,2016A000235,Rent,2002=100,17,units,0,v41691954,14.81,117.8,,,,1
2016-12,"Toronto, Ontario",2011S0503535,All-items,2002=100,17,units,0,v41692888,16.2,131.5,,,,1
2016-12,"Toronto, Ontario",2011S0503535,Shelter,2002=100,17,units,0,v41692889,16.79,142.4,,,,1
2016-12,"Toronto, Ontario",2011S0503535,Rented accommodation,2002=100,17,units,0,v41692890,16.80,120.2,,,,1
2017-01,Canada,2016A000011124,All-items,2002=100,17,units,0,v41690973,2.2,129.5,,,,1
2017-01,Canada,2016A000011124,Shelter,2002=100,17,units,0,v41691050,2.79,137.8,,,,1
2017-01,Canada,2016A000011124,Rented accommodation,2002=100,17,units,0,v41691051,2.80,119.6,,,,1
2017-01,Canada,2016A000011124,Rent,2002=100,17,units,0,v41691052,2.81,119.5,,,,1
2017-01,Ontario,2016A000235,All-items,2002=100,17,units,0,v41691919,14.2,130.8,,,,1
2017-01,Ontario,2016A000235,Shelter,2002=100,17,units,0,v41691952,14.79,140.2,,,,1
2017-01,Ontario,2016A000235,Rented accommodation,2002=100,17,units,0,v41691953,14.80,117.9,,,,1
2017-01,Ontario,2016A000235,Rent,2002=100,17,units,0,v41691954,14.81,117.8,,,,1
2017-01,"Toronto, Ontario",2011S0503535,All-items,2002=100,17,units,0,v41692888,16.2,132.1,,,,1
2017-01,"Toronto, Ontario",2011S0503535,Shelter,2002=100,17,units,0,v41692889,16.79,142.3,,,,1
2017-01,"Toronto, Ontario",2011S0503535,Rented accommodation,2002=100,17,units,0,v41692890,16.80,120.2,,,,1
2017-02,Canada,2016A000011124,All-items,2002=100,17,units,0,v41690973,2.2,129.7,,,,1
2017-02,Canada,2016A000011124,Shelter,2002=100,17,units,0,v41691050,2.79,137.6,,,,1
2017-02,Canada,2016A000011124,Rented accommodation,2002=100,17,units,0,v41691051,2.80,119.7,,,,1
2017-02,Canada,2016A000011124,Rent,2002=100,17,units,0,v41691052,2.81,119.6,,,,1
2017-02,Ontario,2016A000235,All-items,2002=100,17,units,0,v41691919,14.2,131.2,,,,1
2017-02,Ontario,2016A000235,Shelter,2002=100,17,units,0,v41691952,14.79,140.2,,,,1
2017-02,Ontario,2016A000235,Rented accommodation,2002=100,17,units,0,v41691953,14.80,118.0,,,,1
2017-02,Ontario,2016A000235,Rent,2002=100,17,units,0,v41691954,14.81,117.9,,,,1
2017-02,"Toronto, Ontario",2011S0503535,All-items,2002=100,17,units,0,v41692888,16.2,132.5,,,,1
2017-02,"Toronto, Ontario",2011S0503535,Shelter,2002=100,17,units,0,v41692889,16.79,142.2,,,,1
2017-02,"Toronto, Ontario",2011S0503535,Rented accommodation,2002=100,17,units,0,v41692890,16.80,120.3,,,,1
2017-03,Canada,2016A000011124,All-items,2002=100,17,units,0,v41690973,2.2,129.9,,,,1
2017-03,Canada,2016A000011124,Shelter,2002=100,17,units,0,v41691050,2.79,137.7,,,,1
2017-03,Canada,2016A000011124,Rented accommodation,2002=100,17,units,0,v41691051,2.80,119.8,,,,1
2017-03,Canada,2016A000011124,Rent,2002=100,17,units,0,v41691052,2.81,119.7,,,,1
2017-03,Ontario,2016A000235,All-items,2002=100,17,units,0,v41691919,14.2,131.4,,,,1
2017-03,Ontario,2016A000235,Shelter,2002=100,17,units,0,v41691952,14.79,140.5,,,,1
2017-03,Ontario,2016A000235,Rented accommodation,2002=100,17,units,0,v41691953,14.80,118.1,,,,1
2017-03,Ontario,2016A000235,Rent,2002=100,17,units,0,v41691954,14.81,118.1,,,,1
2017-03,"Toronto, Ontario",2011S0503535,All-items,2002=100,17,units,0,v41692888,16.2,133.0,,,,1
2017-03,"Toronto, Ontario",2011S0503535,Shelter,2002=100,17,units,0,v41692889,16.79,142.7,,,,1
2017-03,"Toronto, Ontario",2011S0503535,Rented accommodation,2002=100,17,units,0,v41692890,16.80,120.5,,,,1
2017-04,Canada,2016A000011124,All-items,2002=100,17,units,0,v41690973,2.2,130.4,,,,1
2017-04,Canada,2016A000011124,Shelter,2002=100,17,units,0,v41691050,2.79,137.9,,,,1
2017-04,Canada,2016A000011124,Rented accommodation,2002=100,17,units,0,v41691051,2.80,119.8,,,,1
2017-04,Canada,2016A000011124,Rent,2002=100,17,units,0,v41691052,2.81,119.7,,,,1
2017-04,Ontario,2016A000235,All-items,2002=100,17,units,0,v41691919,14.2,132.0,,,,1
2017-04,Ontario,2016A000235,Shelter,2002=100,17,units,0,v41691952,14.79,140.7,,,,1
2017-04,Ontario,2016A000235,Rented accommodation,2002=100,17,units,0,v41691953,14.80,118.2,,,,1
2017-04,Ontario,2016A000235,Rent,2002=100,17,units,0,v41691954,14.81,118.2,,,,1
2017-04,"Toronto, Ontario",2011S0503535,All-items,2002=100,17,units,0,v41692888,16.2,133.6,,,,1
2017-04,"Toronto, Ontario",2011S0503535,Shelter,2002=100,17,units,0,v41692889,16.79,142.9,,,,1
2017-04,"Toronto, Ontario",2011S0503535,Rented accommodation,2002=100,17,units,0,v41692890,16.80,120.7,,,,1
2017-05,Canada,2016A000011124,All-items,2002=100,17,units,0,v41690973,2.2,130.5,,,,1
2017-05,Canada,2016A000011124,Shelter,2002=100,17,units,0,v41691050,2.79,137.7,,,,1
2017-05,Canada,2016A000011124,Rented accommodation,2002=100,17,units,0,v41691051,2.80,119.9,,,,1
2017-05,Canada,2016A000011124,Rent,2002=100,17,units,0,v41691052,2.81,119.8,,,,1
2017-05,Ontario,2016A000235,All-items,2002=100,17,units,0,v41691919,14.2,131.9,,,,1
2017-05,Ontario,2016A000235,Shelter,2002=100,17,units,0,v41691952,14.79,140.3,,,,1
2017-05,Ontario,2016A000235,Rented accommodation,2002=100,17,units,0,v41691953,14.80,118.3,,,,1
2017-05,Ontario,2016A000235,Rent,2002=100,17,units,0,v41691954,14.81,118.2,,,,1
2017-05,"Toronto, Ontario",2011S0503535,All-items,2002=100,17,units,0,v41692888,16.2,133.7,,,,1
2017-05,"Toronto, Ontario",2011S0503535,Shelter,2002=100,17,units,0,v41692889,16.79,143.1,,,,1
2017-05,"Toronto, Ontario",2011S0503535,Rented accommodation,2002=100,17,units,0,v41692890,16.80,120.7,,,,1
2017-06,Canada,2016A000011124,All-items,2002=100,17,units,0,v41690973,2.2,130.4,,,,1
2017-06,Canada,2016A000011124,Shelter,2002=100,17,units,0,v41691050,2.79,137.8,,,,1
2017-06,Canada,2016A000011124,Rented accommodation,2002=100,17,units,0,v41691051,2.80,119.9,,,,1
2017-06,Canada,2016A000011124,Rent,2002=100,17,units,0,v41691052,2.81,119.9,,,,1
2017-06,Ontario,2016A000235,All-items,2002=100,17,units,0,v41691919,14.2,132.1,,,,1
2017-06,Ontario,2016A000235,Shelter,2002=100,17,units,0,v41691952,14.79,140.6,,,,1
2017-06,Ontario,2016A000235,Rented accommodation,2002=100,17,units,0,v41691953,14.80,118.3,,,,1
2017-06,Ontario,2016A000235,Rent,2002=100,17,units,0,v41691954,14.81,118.3,,,,1
2017-06,"Toronto, Ontario",2011S0503535,All-items,2002=100,17,units,0,v41692888,16.2,134.2,,,,1
2017-06,"Toronto, Ontario",2011S0503535,Shelter,2002=100,17,units,0,v41692889,16.79,143.6,,,,1
2017-06,"Toronto, Ontario",2011S0503535,Rented accommodation,2002=100,17,units,0,v41692890,16.80,120.8,,,,1
2017-07,Canada,2016A000011124,All-items,2002=100,17,units,0,v41690973,2.2,130.4,,,,1
2017-07,Canada,2016A000011124,Shelter,2002=100,17,units,0,v41691050,2.79,137.7,,,,1
2017-07,Canada,2016A000011124,Rented accommodation,2002=100,17,units,0,v41691051,2.80,120.0,,,,1
2017-07,Canada,2016A000011124,Rent,2002=100,17,units,0,v41691052,2.81,119.9,,,,1
2017-07,Ontario,2016A000235,All-items,2002=100,17,units,0,v41691919,14.2,131.9,,,,1
2017-07,Ontario,2016A000235,Shelter,2002=100,17,units,0,v41691952,14.79,139.8,,,,1
2017-07,Ontario,2016A000235,Rented accommodation,2002=100,17,units,0,v41691953,14.80,118.4,,,,1
2017-07,Ontario,2016A000235,Rent,2002=100,17,units,0,v41691954,14.81,118.4,,,,1
2017-07,"Toronto, Ontario",2011S0503535,All-items,2002=100,17,units,0,v41692888,16.2,134.0,,,,1
2017-07,"Toronto, Ontario",2011S0503535,Shelter,2002=100,17,units,0,v41692889,16.79,143.0,,,,1
2017-07,"Toronto, Ontario",2011S0503535,Rented accommodation,2002=100,17,units,0,v41692890,16.80,120.9,,,,1
2017-08,Canada,2016A000011124,All-items,2002=100,17,units,0,v41690973,2.2,130.5,,,,1
2017-08,Canada,2016A000011124,Shelter,2002=100,17,units,0,v41691050,2.79,138.0,,,,1
2017-08,Canada,2016A000011124,Rented accommodation,2002=100,17,units,0,v41691051,2.80,120.1,,,,1
2017-08,Canada,2016A000011124,Rent,2002=100,17,units,0,v41691052,2.81,120.0,,,,1
2017-08,Ontario,2016A000235,All-items,2002=100,17,units,0,v41691919,14.2,131.8,,,,1
2017-08,Ontario,2016A000235,Shelter,2002=100,17,units,0,v41691952,14.79,140.0,,,,1
2017-08,Ontario,2016A000235,Rented accommodation,2002=100,17,units,0,v41691953,14.80,118.4,,,,1
2017-08,Ontario,2016A000235,Rent,2002=100,17,units,0,v41691954,14.81,118.4,,,,1
2017-08,"Toronto, Ontario",2011S0503535,All-items,2002=100,17,units,0,v41692888,16.2,133.8,,,,1
2017-08,"Toronto, Ontario",2011S0503535,Shelter,2002=100,17,units,0,v41692889,16.79,143.1,,,,1
2017-08,"Toronto, Ontario",2011S0503535,Rented accommodation,2002=100,17,units,0,v41692890,16.80,120.9,,,,1
2017-09,Canada,2016A000011124,All-items,2002=100,17,units,0,v41690973,2.2,130.8,,,,1
2017-09,Canada,2016A000011124,Shelter,2002=100,17,units,0,v41691050,2.79,138.1,,,,1
2017-09,Canada,2016A000011124,Rented accommodation,2002=100,17,units,0,v41691051,2.80,120.2,,,,1
2017-09,Canada,2016A000011124,Rent,2002=100,17,units,0,v41691052,2.81,120.1,,,,1
2017-09,Ontario,2016A000235,All-items,2002=100,17,units,0,v41691919,14.2,132.3,,,,1
2017-09,Ontario,2016A000235,Shelter,2002=100,17,units,0,v41691952,14.79,140.1,,,,1
2017-09,Ontario,2016A000235,Rented accommodation,2002=100,17,units,0,v41691953,14.80,118.6,,,,1
2017-09,Ontario,2016A000235,Rent,2002=100,17,units,0,v41691954,14.81,118.5,,,,1
2017-09,"Toronto, Ontario",2011S0503535,All-items,2002=100,17,units,0,v41692888,16.2,134.4,,,,1
2017-09,"Toronto, Ontario",2011S0503535,Shelter,2002=100,17,units,0,v41692889,16.79,143.2,,,,1
2017-09,"Toronto, Ontario",2011S0503535,Rented accommodation,2002=100,17,units,0,v41692890,16.80,121.1,,,,1
2017-10,Canada,2016A000011124,All-items,2002=100,17,units,0,v41690973,2.2,130.9,,,,1
2017-10,Canada,2016A000011124,Shelter,2002=100,17,units,0,v41691050,2.79,138.6,,,,1
2017-10,Canada,2016A000011124,Rented accommodation,2002=100,17,units,0,v41691051,2.80,120.3,,,,1
2017-10,Canada,2016A000011124,Rent,2002=100,17,units,0,v41691052,2.81,120.2,,,,1
2017-10,Ontario,2016A000235,All-items,2002=100,17,units,0,v41691919,14.2,132.3,,,,1
2017-10,Ontario,2016A000235,Shelter,2002=100,17,units,0,v41691952,14.79,140.5,,,,1
2017-10,Ontario,2016A000235,Rented accommodation,2002=100,17,units,0,v41691953,14.80,118.7,,,,1
2017-10,Ontario,2016A000235,Rent,2002=100,17,units,0,v41691954,14.81,118.6,,,,1
2017-10,"Toronto, Ontario",2011S0503535,All-items,2002=100,17,units,0,v41692888,16.2,134.3,,,,1
2017-10,"Toronto, Ontario",2011S0503535,Shelter,2002=100,17,units,0,v41692889,16.79,143.7,,,,1
2017-10,"Toronto, Ontario",2011S0503535,Rented accommodation,2002=100,17,units,0,v41692890,16.80,121.2,,,,1
2017-11,Canada,2016A000011124,All-items,2002=100,17,units,0,v41690973,2.2,131.3,,,,1
2017-11,Canada,2016A000011124,Shelter,2002=100,17,units,0,v41691050,2.79,138.9,,,,1
2017-11,Canada,2016A000011124,Rented accommodation,2002=100,17,units,0,v41691051,2.80,120.4,,,,1
2017-11,Canada,2016A000011124,Rent,2002=100,17,units,0,v41691052,2.81,120.3,,,,1
2017-11,Ontario,2016A000235,All-items,2002=100,17,units,0,v41691919,14.2,132.7,,,,1
2017-11,Ontario,2016A000235,Shelter,2002=100,17,units,0,v41691952,14.79,140.8,,,,1
2017-11,Ontario,2016A000235,Rented accommodation,2002=100,17,units,0,v41691953,14.80,118.9,,,,1
2017-11,Ontario,2016A000235,Rent,2002=100,17,units,0,v41691954,14.81,118.9,,,,1
2017-11,"Toronto, Ontario",2011S0503535,All-items,2002=100,17,units,0,v41692888,16.2,134.6,,,,1
2017-11,"Toronto, Ontario",2011S0503535,Shelter,2002=100,17,units,0,v41692889,16.79,143.9,,,,1
2017-11,"Toronto, Ontario",2011S0503535,Rented accommodation,2002=100,17,units,0,v41692890,16.80,121.5,,,,1
2017-12,Canada,2016A000011124,All-items,2002=100,17,units,0,v41690973,2.2,130.8,,,,1
2017-12,Canada,2016A000011124,Shelter,2002=100,17,units,0,v41691050,2.79,139.2,,,,1
2017-12,Canada,2016A000011124,Rented accommodation,2002=100,17,units,0,v41691051,2.80,120.5,,,,1
2017-12,Canada,2016A000011124,Rent,2002=100,17,units,0,v41691052,2.81,120.4,,,,1
2017-12,Ontario,2016A000235,All-items,2002=100,17,units,0,v41691919,14.2,132.0,,,,1
2017-12,Ontario,2016A000235,Shelter,2002=100,17,units,0,v41691952,14.79,141.1,,,,1
2017-12,Ontario,2016A000235,Rented accommodation,2002=100,17,units,0,v41691953,14.80,119.0,,,,1
2017-12,Ontario,2016A000235,Rent,2002=100,17,units,0,v41691954,14.81,119.0,,,,1
2017-12,"Toronto, Ontario",2011S0503535,All-items,2002=100,17,units,0,v41692888,16.2,134.0,,,,1
2017-12,"Toronto, Ontario",2011S0503535,Shelter,2002=100,17,units,0,v41692889,16.79,144.1,,,,1
2017-12,"Toronto, Ontario",2011S0503535,Rented accommodation,2002=100,17,units,0,v41692890,16.80,121.7,,,,1
2018-01,Canada,2016A000011124,All-items,2002=100,17,units,0,v41690973,2.2,131.7,,,,1
2018-01,Canada,2016A000011124,Shelter,2002=100,17,units,0,v41691050,2.79,139.7,,,,1
2018-01,Canada,2016A000011124,Rented accommodation,2002=100,17,units,0,v41691051,2.80,120.6,,,,1
2018-01,Canada,2016A000011124,Rent,2002=100,17,units,0,v41691052,2.81,120.5,,,,1
2018-01,Ontario,2016A000235,All-items,2002=100,17,units,0,v41691919,14.2,133.2,,,,1
2018-01,Ontario,2016A000235,Shelter,2002=100,17,units,0,v41691952,14.79,141.7,,,,1
2018-01,Ontario,2016A000235,Rented accommodation,2002=100,17,units,0,v41691953,14.80,119.2,,,,1
2018-01,Ontario,2016A000235,Rent,2002=100,17,units,0,v41691954,14.81,119.2,,,,1
2018-01,"Toronto, Ontario",2011S0503535,All-items,2002=100,17,units,0,v41692888,16.2,135.3,,,,1
2018-01,"Toronto, Ontario",2011S0503535,Shelter,2002=100,17,units,0,v41692889,16.79,144.9,,,,1
2018-01,"Toronto, Ontario",2011S0503535,Rented accommodation,2002=100,17,units,0,v41692890,16.80,122.0,,,,1
2018-02,Canada,2016A000011124,All-items,2002=100,17,units,0,v41690973,2.2,132.5,,,,1
2018-02,Canada,2016A000011124,Shelter,2002=100,17,units,0,v41691050,2.79,140.0,,,,1
2018-02,Canada,2016A000011124,Rented accommodation,2002=100,17,units,0,v41691051,2.80,120.8,,,,1
2018-02,Canada,2016A000011124,Rent,2002=100,17,units,0,v41691052,2.81,120.7,,,,1
2018-02,Ontario,2016A000235,All-items,2002=100,17,units,0,v41691919,14.2,134.0,,,,1
2018-02,Ontario,2016A000235,Shelter,2002=100,17,units,0,v41691952,14.79,141.9,,,,1
2018-02,Ontario,2016A000235,Rented accommodation,2002=100,17,units,0,v41691953,14.80,119.4,,,,1
2018-02,Ontario,2016A000235,Rent,2002=100,17,units,0,v41691954,14.81,119.4,,,,1
2018-02,"Toronto, Ontario",2011S0503535,All-items,2002=100,17,units,0,v41692888,16.2,136.0,,,,1
2018-02,"Toronto, Ontario",2011S0503535,Shelter,2002=100,17,units,0,v41692889,16.79,145.1,,,,1
2018-02,"Toronto, Ontario",2011S0503535,Rented accommodation,2002=100,17,units,0,v41692890,16.80,122.2,,,,1
2018-03,Canada,2016A000011124,All-items,2002=100,17,units,0,v41690973,2.2,132.9,,,,1
2018-03,Canada,2016A000011124,Shelter,2002=100,17,units,0,v41691050,2.79,140.0,,,,1
2018-03,Canada,2016A000011124,Rented accommodation,2002=100,17,units,0,v41691051,2.80,120.9,,,,1
2018-03,Canada,2016A000011124,Rent,2002=100,17,units,0,v41691052,2.81,120.8,,,,1
2018-03,Ontario,2016A000235,All-items,2002=100,17,units,0,v41691919,14.2,134.6,,,,1
2018-03,Ontario,2016A000235,Shelter,2002=100,17,units,0,v41691952,14.79,141.9,,,,1
2018-03,Ontario,2016A000235,Rented accommodation,2002=100,17,units,0,v41691953,14.80,119.5,,,,1
2018-03,Ontario,2016A000235,Rent,2002=100,17,units,0,v41691954,14.81,119.5,,,,1
2018-03,"Toronto, Ontario",2011S0503535,All-items,2002=100,17,units,0,v41692888,16.2,136.7,,,,1
2018-03,"Toronto, Ontario",2011S0503535,Shelter,2002=100,17,units,0,v41692889,16.79,144.9,,,,1
2018-03,"Toronto, Ontario",2011S0503535,Rented accommodation,2002=100,17,units,0,v41692890,16.80,122.4,,,,1
2018-04,Canada,2016A000011124,All-items,2002=100,17,units,0,v41690973,2.2,133.3,,,,1
2018-04,Canada,2016A000011124,Shelter,2002=100,17,units,0,v41691050,2.79,140.3,,,,1
2018-04,Canada,2016A000011124,Rented accommodation,2002=100,17,units,0,v41691051,2.80,121.0,,,,1
2018-04,Canada,2016A000011124,Rent,2002=100,17,units,0,v41691052,2.81,120.9,,,,1
2018-04,Ontario,2016A000235,All-items,2002=100,17,units,0,v41691919,14.2,134.8,,,,1
2018-04,Ontario,2016A000235,Shelter,2002=100,17,units,0,v41691952,14.79,141.9,,,,1
2018-04,Ontario,2016A000235,Rented accommodation,2002=100,17,units,0,v41691953,14.80,119.7,,,,1
2018-04,Ontario,2016A000235,Rent,2002=100,17,units,0,v41691954,14.81,119.7,,,,1
2018-04,"Toronto, Ontario",2011S0503535,All-items,2002=100,17,units,0,v41692888,16.2,136.8,,,,1
2018-04,"Toronto, Ontario",2011S0503535,Shelter,2002=100,17,units,0,v41692889,16.79,144.8,,,,1
2018-04,"Toronto, Ontario",2011S0503535,Rented accommodation,2002=100,17,units,0,v41692890,16.80,122.6,,,,1
2018-05,Canada,2016A000011124,All-items,2002=100,17,units,0,v41690973,2.2,133.4,,,,1
2018-05,Canada,2016A000011124,Shelter,2002=100,17,units,0,v41691050,2.79,140.4,,,,1
2018-05,Canada,2016A000011124,Rented accommodation,2002=100,17,units,0,v41691051,2.80,121.2,,,,1
2018-05,Canada,2016A000011124,Rent,2002=100,17,units,0,v41691052,2.81,121.1,,,,1
2018-05,Ontario,2016A000235,All-items,2002=100,17,units,0,v41691919,14.2,134.9,,,,1
2018-05,Ontario,2016A000235,Shelter,2002=100,17,units,0,v41691952,14.79,142.1,,,,1
2018-05,Ontario,2016A000235,Rented accommodation,2002=100,17,units,0,v41691953,14.80,119.9,,,,1
2018-05,Ontario,2016A000235,Rent,2002=100,17,units,0,v41691954,14.81,119.8,,,,1
2018-05,"Toronto, Ontario",2011S0503535,All-items,2002=100,17,units,0,v41692888,16.2,136.7,,,,1
2018-05,"Toronto, Ontario",2011S0503535,Shelter,2002=100,17,units,0,v41692889,16.79,145.0,,,,1
2018-05,"Toronto, Ontario",2011S0503535,Rented accommodation,2002=100,17,units,0,v41692890,16.80,122.9,,,,1
2018-06,Canada,2016A000011124,All-items,2002=100,17,units,0,v41690973,2.2,133.6,,,,1
2018-06,Canada,2016A000011124,Shelter,2002=100,17,units,0,v41691050,2.79,140.5,,,,1
2018-06,Canada,2016A000011124,Rented accommodation,2002=100,17,units,0,v41691051,2.80,121.3,,,,1
2018-06,Canada,2016A000011124,Rent,2002=100,17,units,0,v41691052,2.81,121.2,,,,1
2018-06,Ontario,2016A000235,All-items,2002=100,17,units,0,v41691919,14.2,135.3,,,,1
2018-06,Ontario,2016A000235,Shelter,2002=100,17,units,0,v41691952,14.79,142.4,,,,1
2018-06,Ontario,2016A000235,Rented accommodation,2002=100,17,units,0,v41691953,14.80,120.1,,,,1
2018-06,Ontario,2016A000235,Rent,2002=100,17,units,0,v41691954,14.81,120.0,,,,1
2018-06,"Toronto, Ontario",2011S0503535,All-items,2002=100,17,units,0,v41692888,16.2,137.5,,,,1
2018-06,"Toronto, Ontario",2011S0503535,Shelter,2002=100,17,units,0,v41692889,16.79,145.3,,,,1
2018-06,"Toronto, Ontario",2011S0503535,Rented accommodation,2002=100,17,units,0,v41692890,16.80,123.1,,,,1
2018-07,Canada,2016A000011124,All-items,2002=100,17,units,0,v41690973,2.2,134.3,,,,1
2018-07,Canada,2016A000011124,Shelter,2002=100,17,units,0,v41691050,2.79,141.0,,,,1
2018-07,Canada,2016A000011124,Rented accommodation,2002=100,17,units,0,v41691051,2.80,121.4,,,,1
2018-07,Canada,2016A000011124,Rent,2002=100,17,units,0,v41691052,2.81,121.3,,,,1
2018-07,Ontario,2016A000235,All-items,2002=100,17,units,0,v41691919,14.2,136.0,,,,1
2018-07,Ontario,2016A000235,Shelter,2002=100,17,units,0,v41691952,14.79,142.6,,,,1
2018-07,Ontario,2016A000235,Rented accommodation,2002=100,17,units,0,v41691953,14.80,120.2,,,,1
2018-07,Ontario,2016A000235,Rent,2002=100,17,units,0,v41691954,14.81,120.1,,,,1
2018-07,"Toronto, Ontario",2011S0503535,All-items,2002=100,17,units,0,v41692888,16.2,138.0,,,,1
2018-07,"Toronto, Ontario",2011S0503535,Shelter,2002=100,17,units,0,v41692889,16.79,145.4,,,,1
2018-07,"Toronto, Ontario",2011S0503535,Rented accommodation,2002=100,17,units,0,v41692890,16.80,123.2,,,,1
2018-08,Canada,2016A000011124,All-items,2002=100,17,units,0,v41690973,2.2,134.2,,,,1
2018-08,Canada,2016A000011124,Shelter,2002=100,17,units,0,v41691050,2.79,141.2,,,,1
2018-08,Canada,2016A000011124,Rented accommodation,2002=100,17,units,0,v41691051,2.80,121.6,,,,1
2018-08,Canada,2016A000011124,Rent,2002=100,17,units,0,v41691052,2.81,121.6,,,,1
2018-08,Ontario,2016A000235,All-items,2002=100,17,units,0,v41691919,14.2,135.9,,,,1
2018-08,Ontario,2016A000235,Shelter,2002=100,17,units,0,v41691952,14.79,142.9,,,,1
2018-08,Ontario,2016A000235,Rented accommodation,2002=100,17,units,0,v41691953,14.80,120.4,,,,1
2018-08,Ontario,2016A000235,Rent,2002=100,17,units,0,v41691954,14.81,120.3,,,,1
2018-08,"Toronto, Ontario",2011S0503535,All-items,2002=100,17,units,0,v41692888,16.2,137.9,,,,1
2018-08,"Toronto, Ontario",2011S0503535,Shelter,2002=100,17,units,0,v41692889,16.79,145.8,,,,1
2018-08,"Toronto, Ontario",2011S0503535,Rented accommodation,2002=100,17,units,0,v41692890,16.80,123.5,,,,1
2018-09,Canada,2016A000011124,All-items,2002=100,17,units,0,v41690973,2.2,133.7,,,,1
2018-09,Canada,2016A000011124,Shelter,2002=100,17,units,0,v41691050,2.79,141.5,,,,1
2018-09,Canada,2016A000011124,Rented accommodation,2002=100,17,units,0,v41691051,2.80,121.8,,,,1
2018-09,Canada,2016A000011124,Rent,2002=100,17,units,0,v41691052,2.81,121.7,,,,1
2018-09,Ontario,2016A000235,All-items,2002=100,17,units,0,v41691919,14.2,135.2,,,,1
2018-09,Ontario,2016A000235,Shelter,2002=100,17,units,0,v41691952,14.79,143.2,,,,1
2018-09,Ontario,2016A000235,Rented accommodation,2002=100,17,units,0,v41691953,14.80,120.5,,,,1
2018-09,Ontario,2016A000235,Rent,2002=100,17,units,0,v41691954,14.81,120.4,,,,1
2018-09,"Toronto, Ontario",2011S0503535,All-items,2002=100,17,units,0,v41692888,16.2,137.4,,,,1
2018-09,"Toronto, Ontario",2011S0503535,Shelter,2002=100,17,units,0,v41692889,16.79,146.0,,,,1
2018-09,"Toronto, Ontario",2011S0503535,Rented accommodation,2002=100,17,units,0,v41692890,16.80,123.6,,,,1
2018-10,Canada,2016A000011124,All-items,2002=100,17,units,0,v41690973,2.2,134.1,,,,1
2018-10,Canada,2016A000011124,Shelter,2002=100,17,units,0,v41691050,2.79,142.0,,,,1
2018-10,Canada,2016A000011124,Rented accommodation,2002=100,17,units,0,v41691051,2.80,121.9,,,,1
2018-10,Canada,2016A000011124,Rent,2002=100,17,units,0,v41691052,2.81,121.8,,,,1
2018-10,Ontario,2016A000235,All-items,2002=100,17,units,0,v41691919,14.2,135.6,,,,1
2018-10,Ontario,2016A000235,Shelter,2002=100,17,units,0,v41691952,14.79,143.7,,,,1
2018-10,Ontario,2016A000235,Rented accommodation,2002=100,17,units,0,v41691953,14.80,120.7,,,,1
2018-10,Ontario,2016A000235,Rent,2002=100,17,units,0,v41691954,14.81,120.7,,,,1
2018-10,"Toronto, Ontario",2011S0503535,All-items,2002=100,17,units,0,v41692888,16.2,137.9,,,,1
2018-10,"Toronto, Ontario",2011S0503535,Shelter,2002=100,17,units,0,v41692889,16.79,146.8,,,,1
2018-10,"Toronto, Ontario",2011S0503535,Rented accommodation,2002=100,17,units,0,v41692890,16.80,123.9,,,,1
2018-11,Canada,2016A000011124,All-items,2002=100,17,units,0,v41690973,2.2,133.5,,,,1
2018-11,Canada,2016A000011124,Shelter,2002=100,17,units,0,v41691050,2.79,142.3,,,,1
2018-11,Canada,2016A000011124,Rented accommodation,2002=100,17,units,0,v41691051,2.80,122.0,,,,1
2018-11,Canada,2016A000011124,Rent,2002=100,17,units,0,v41691052,2.81,122.0,,,,1
2018-11,Ontario,2016A000235,All-items,2002=100,17,units,0,v41691919,14.2,135.1,,,,1
2018-11,Ontario,2016A000235,Shelter,2002=100,17,units,0,v41691952,14.79,143.9,,,,1
2018-11,Ontario,2016A000235,Rented accommodation,2002=100,17,units,0,v41691953,14.80,120.8,,,,1
2018-11,Ontario,2016A000235,Rent,2002=100,17,units,0,v41691954,14.81,120.8,,,,1
2018-11,"Toronto, Ontario",2011S0503535,All-items,2002=100,17,units,0,v41692888,16.2,137.4,,,,1
2018-11,"Toronto, Ontario",2011S0503535,Shelter,2002=100,17,units,0,v41692889,16.79,146.9,,,,1
2018-11,"Toronto, Ontario",2011S0503535,Rented accommodation,2002=100,17,units,0,v41692890,16.80,124.0,,,,1
2018-12,Canada,2016A000011124,All-items,2002=100,17,units,0,v41690973,2.2,133.4,,,,1
2018-12,Canada,2016A000011124,Shelter,2002=100,17,units,0,v41691050,2.79,142.3,,,,1
2018-12,Canada,2016A000011124,Rented accommodation,2002=100,17,units,0,v41691051,2.80,122.1,,,,1
2018-12,Canada,2016A000011124,Rent,2002=100,17,units,0,v41691052,2.81,122.1,,,,1
2018-12,Ontario,2016A000235,All-items,2002=100,17,units,0,v41691919,14.2,135.0,,,,1
2018-12,Ontario,2016A000235,Shelter,2002=100,17,units,0,v41691952,14.79,144.1,,,,1
2018-12,Ontario,2016A000235,Rented accommodation,2002=100,17,units,0,v41691953,14.80,120.9,,,,1
2018-12,Ontario,2016A000235,Rent,2002=100,17,units,0,v41691954,14.81,120.9,,,,1
2018-12,"Toronto, Ontario",2011S0503535,All-items,2002=100,17,units,0,v41692888,16.2,137.5,,,,1
2018-12,"Toronto, Ontario",2011S0503535,Shelter,2002=100,17,units,0,v41692889,16.79,147.1,,,,1
2018-12,"Toronto, Ontario",2011S0503535,Rented accommodation,2002=100,17,units,0,v41692890,16.80,124.1,,,,1
2019-01,Canada,2016A000011124,All-items,2002=100,17,units,0,v41690973,2.2,133.6,,,,1
2019-01,Canada,2016A000011124,Shelter,2002=100,17,units,0,v41691050,2.79,143.0,,,,1
2019-01,Canada,2016A000011124,Rented accommodation,2002=100,17,units,0,v41691051,2.80,123.3,,,,1
2019-01,Canada,2016A000011124,Rent,2002=100,17,units,0,v41691052,2.81,123.2,,,,1
2019-01,Ontario,2016A000235,All-items,2002=100,17,units,0,v41691919,14.2,135.2,,,,1
2019-01,Ontario,2016A000235,Shelter,2002=100,17,units,0,v41691952,14.79,145.0,,,,1
2019-01,Ontario,2016A000235,Rented accommodation,2002=100,17,units,0,v41691953,14.80,122.4,,,,1
2019-01,Ontario,2016A000235,Rent,2002=100,17,units,0,v41691954,14.81,122.4,,,,1
2019-01,"Toronto, Ontario",2011S0503535,All-items,2002=100,17,units,0,v41692888,16.2,137.7,,,,1
2019-01,"Toronto, Ontario",2011S0503535,Shelter,2002=100,17,units,0,v41692889,16.79,148.2,,,,1
2019-01,"Toronto, Ontario",2011S0503535,Rented accommodation,2002=100,17,units,0,v41692890,16.80,126.1,,,,1
2019-02,Canada,2016A000011124,All-items,2002=100,17,units,0,v41690973,2.2,134.5,,,,1
2019-02,Canada,2016A000011124,Shelter,2002=100,17,units,0,v41691050,2.79,143.4,,,,1
2019-02,Canada,2016A000011124,Rented accommodation,2002=100,17,units,0,v41691051,2.80,123.7,,,,1
2019-02,Canada,2016A000011124,Rent,2002=100,17,units,0,v41691052,2.81,123.7,,,,1
2019-02,Ontario,2016A000235,All-items,2002=100,17,units,0,v41691919,14.2,136.0,,,,1
2019-02,Ontario,2016A000235,Shelter,2002=100,17,units,0,v41691952,14.79,145.5,,,,1
2019-02,Ontario,2016A000235,Rented accommodation,2002=100,17,units,0,v41691953,14.80,123.6,,,,1
2019-02,Ontario,2016A000235,Rent,2002=100,17,units,0,v41691954,14.81,123.7,,,,1
2019-02,"Toronto, Ontario",2011S0503535,All-items,2002=100,17,units,0,v41692888,16.2,138.6,,,,1
2019-02,"Toronto, Ontario",2011S0503535,Shelter,2002=100,17,units,0,v41692889,16.79,148.8,,,,1
2019-02,"Toronto, Ontario",2011S0503535,Rented accommodation,2002=100,17,units,0,v41692890,16.80,127.8,,,,1
2019-03,Canada,2016A000011124,All-items,2002=100,17,units,0,v41690973,2.2,135.4,,,,1
2019-03,Canada,2016A000011124,Shelter,2002=100,17,units,0,v41691050,2.79,143.8,,,,1
2019-03,Canada,2016A000011124,Rented accommodation,2002=100,17,units,0,v41691051,2.80,124.2,,,,1
2019-03,Canada,2016A000011124,Rent,2002=100,17,units,0,v41691052,2.81,124.1,,,,1
2019-03,Ontario,2016A000235,All-items,2002=100,17,units,0,v41691919,14.2,137.0,,,,1
2019-03,Ontario,2016A000235,Shelter,2002=100,17,units,0,v41691952,14.79,145.8,,,,1
2019-03,Ontario,2016A000235,Rented accommodation,2002=100,17,units,0,v41691953,14.80,123.9,,,,1
2019-03,Ontario,2016A000235,Rent,2002=100,17,units,0,v41691954,14.81,123.9,,,,1
2019-03,"Toronto, Ontario",2011S0503535,All-items,2002=100,17,units,0,v41692888,16.2,139.5,,,,1
2019-03,"Toronto, Ontario",2011S0503535,Shelter,2002=100,17,units,0,v41692889,16.79,149.2,,,,1
2019-03,"Toronto, Ontario",2011S0503535,Rented accommodation,2002=100,17,units,0,v41692890,16.80,128.1,,,,1
2019-04,Canada,2016A000011124,All-items,2002=100,17,units,0,v41690973,2.2,136.0,,,,1
2019-04,Canada,2016A000011124,Shelter,2002=100,17,units,0,v41691050,2.79,144.1,,,,1
2019-04,Canada,2016A000011124,Rented accommodation,2002=100,17,units,0,v41691051,2.80,123.7,,,,1
2019-04,Canada,2016A000011124,Rent,2002=100,17,units,0,v41691052,2.81,123.6,,,,1
2019-04,Ontario,2016A000235,All-items,2002=100,17,units,0,v41691919,14.2,137.4,,,,1
2019-04,Ontario,2016A000235,Shelter,2002=100,17,units,0,v41691952,14.79,146.5,,,,1
2019-04,Ontario,2016A000235,Rented accommodation,2002=100,17,units,0,v41691953,14.80,123.9,,,,1
2019-04,Ontario,2016A000235,Rent,2002=100,17,units,0,v41691954,14.81,123.9,,,,1
2019-04,"Toronto, Ontario",2011S0503535,All-items,2002=100,17,units,0,v41692888,16.2,139.8,,,,1
2019-04,"Toronto, Ontario",2011S0503535,Shelter,2002=100,17,units,0,v41692889,16.79,149.8,,,,1
2019-04,"Toronto, Ontario",2011S0503535,Rented accommodation,2002=100,17,units,0,v41692890,16.80,128.1,,,,1
2019-05,Canada,2016A000011124,All-items,2002=100,17,units,0,v41690973,2.2,136.6,,,,1
2019-05,Canada,2016A000011124,Shelter,2002=100,17,units,0,v41691050,2.79,144.2,,,,1
2019-05,Canada,2016A000011124,Rented accommodation,2002=100,17,units,0,v41691051,2.80,123.8,,,,1
2019-05,Canada,2016A000011124,Rent,2002=100,17,units,0,v41691052,2.81,123.7,,,,1
2019-05,Ontario,2016A000235,All-items,2002=100,17,units,0,v41691919,14.2,138.1,,,,1
2019-05,Ontario,2016A000235,Shelter,2002=100,17,units,0,v41691952,14.79,146.6,,,,1
2019-05,Ontario,2016A000235,Rented accommodation,2002=100,17,units,0,v41691953,14.80,123.6,,,,1
2019-05,Ontario,2016A000235,Rent,2002=100,17,units,0,v41691954,14.81,123.7,,,,1
2019-05,"Toronto, Ontario",2011S0503535,All-items,2002=100,17,units,0,v41692888,16.2,140.3,,,,1
2019-05,"Toronto, Ontario",2011S0503535,Shelter,2002=100,17,units,0,v41692889,16.79,149.5,,,,1
2019-05,"Toronto, Ontario",2011S0503535,Rented accommodation,2002=100,17,units,0,v41692890,16.80,126.7,,,,1
2019-06,Canada,2016A000011124,All-items,2002=100,17,units,0,v41690973,2.2,136.3,,,,1
2019-06,Canada,2016A000011124,Shelter,2002=100,17,units,0,v41691050,2.79,144.0,,,,1
2019-06,Canada,2016A000011124,Rented accommodation,2002=100,17,units,0,v41691051,2.80,124.1,,,,1
2019-06,Canada,2016A000011124,Rent,2002=100,17,units,0,v41691052,2.81,124.1,,,,1
2019-06,Ontario,2016A000235,All-items,2002=100,17,units,0,v41691919,14.2,138.0,,,,1
2019-06,Ontario,2016A000235,Shelter,2002=100,17,units,0,v41691952,14.79,146.8,,,,1
2019-06,Ontario,2016A000235,Rented accommodation,2002=100,17,units,0,v41691953,14.80,124.0,,,,1
2019-06,Ontario,2016A000235,Rent,2002=100,17,units,0,v41691954,14.81,124.0,,,,1
2019-06,"Toronto, Ontario",2011S0503535,All-items,2002=100,17,units,0,v41692888,16.2,140.3,,,,1
2019-06,"Toronto, Ontario",2011S0503535,Shelter,2002=100,17,units,0,v41692889,16.79,149.7,,,,1
2019-06,"Toronto, Ontario",2011S0503535,Rented accommodation,2002=100,17,units,0,v41692890,16.80,127.5,,,,1
2019-07,Canada,2016A000011124,All-items,2002=100,17,units,0,v41690973,2.2,137.0,,,,1
2019-07,Canada,2016A000011124,Shelter,2002=100,17,units,0,v41691050,2.79,144.3,,,,1
2019-07,Canada,2016A000011124,Rented accommodation,2002=100,17,units,0,v41691051,2.80,124.4,,,,1
2019-07,Canada,2016A000011124,Rent,2002=100,17,units,0,v41691052,2.81,124.4,,,,1
2019-07,Ontario,2016A000235,All-items,2002=100,17,units,0,v41691919,14.2,138.8,,,,1
2019-07,Ontario,2016A000235,Shelter,2002=100,17,units,0,v41691952,14.79,147.3,,,,1
2019-07,Ontario,2016A000235,Rented accommodation,2002=100,17,units,0,v41691953,14.80,125.2,,,,1
2019-07,Ontario,2016A000235,Rent,2002=100,17,units,0,v41691954,14.81,125.2,,,,1
2019-07,"Toronto, Ontario",2011S0503535,All-items,2002=100,17,units,0,v41692888,16.2,141.2,,,,1
2019-07,"Toronto, Ontario",2011S0503535,Shelter,2002=100,17,units,0,v41692889,16.79,150.4,,,,1
2019-07,"Toronto, Ontario",2011S0503535,Rented accommodation,2002=100,17,units,0,v41692890,16.80,129.4,,,,1
2019-08,Canada,2016A000011124,All-items,2002=100,17,units,0,v41690973,2.2,136.8,,,,1
2019-08,Canada,2016A000011124,Shelter,2002=100,17,units,0,v41691050,2.79,144.6,,,,1
2019-08,Canada,2016A000011124,Rented accommodation,2002=100,17,units,0,v41691051,2.80,125.3,,,,1
2019-08,Canada,2016A000011124,Rent,2002=100,17,units,0,v41691052,2.81,125.3,,,,1
2019-08,Ontario,2016A000235,All-items,2002=100,17,units,0,v41691919,14.2,138.5,,,,1
2019-08,Ontario,2016A000235,Shelter,2002=100,17,units,0,v41691952,14.79,147.4,,,,1
2019-08,Ontario,2016A000235,Rented accommodation,2002=100,17,units,0,v41691953,14.80,125.7,,,,1
2019-08,Ontario,2016A000235,Rent,2002=100,17,units,0,v41691954,14.81,125.8,,,,1
2019-08,"Toronto, Ontario",2011S0503535,All-items,2002=100,17,units,0,v41692888,16.2,140.9,,,,1
2019-08,"Toronto, Ontario",2011S0503535,Shelter,2002=100,17,units,0,v41692889,16.79,150.3,,,,1
2019-08,"Toronto, Ontario",2011S0503535,Rented accommodation,2002=100,17,units,0,v41692890,16.80,130.1,,,,1
2019-09,Canada,2016A000011124,All-items,2002=100,17,units,0,v41690973,2.2,136.2,,,,1
2019-09,Canada,2016A000011124,Shelter,2002=100,17,units,0,v41691050,2.79,144.8,,,,1
2019-09,Canada,2016A000011124,Rented accommodation,2002=100,17,units,0,v41691051,2.80,125.4,,,,1
2019-09,Canada,2016A000011124,Rent,2002=100,17,units,0,v41691052,2.81,125.3,,,,1
2019-09,Ontario,2016A000235,All-items,2002=100,17,units,0,v41691919,14.2,137.5,,,,1
2019-09,Ontario,2016A000235,Shelter,2002=100,17,units,0,v41691952,14.79,147.3,,,,1
2019-09,Ontario,2016A000235,Rented accommodation,2002=100,17,units,0,v41691953,14.80,125.2,,,,1
2019-09,Ontario,2016A000235,Rent,2002=100,17,units,0,v41691954,14.81,125.2,,,,1
2019-09,"Toronto, Ontario",2011S0503535,All-items,2002=100,17,units,0,v41692888,16.2,139.7,,,,1
2019-09,"Toronto, Ontario",2011S0503535,Shelter,2002=100,17,units,0,v41692889,16.79,149.9,,,,1
2019-09,"Toronto, Ontario",2011S0503535,Rented accommodation,2002=100,17,units,0,v41692890,16.80,128.6,,,,1
2019-10,Canada,2016A000011124,All-items,2002=100,17,units,0,v41690973,2.2,136.6,,,,1
2019-10,Canada,2016A000011124,Shelter,2002=100,17,units,0,v41691050,2.79,145.7,,,,1
2019-10,Canada,2016A000011124,Rented accommodation,2002=100,17,units,0,v41691051,2.80,126.3,,,,1
2019-10,Canada,2016A000011124,Rent,2002=100,17,units,0,v41691052,2.81,126.3,,,,1
2019-10,Ontario,2016A000235,All-items,2002=100,17,units,0,v41691919,14.2,137.9,,,,1
2019-10,Ontario,2016A000235,Shelter,2002=100,17,units,0,v41691952,14.79,148.3,,,,1
2019-10,Ontario,2016A000235,Rented accommodation,2002=100,17,units,0,v41691953,14.80,126.2,,,,1
2019-10,Ontario,2016A000235,Rent,2002=100,17,units,0,v41691954,14.81,126.3,,,,1
2019-10,"Toronto, Ontario",2011S0503535,All-items,2002=100,17,units,0,v41692888,16.2,140.3,,,,1
2019-10,"Toronto, Ontario",2011S0503535,Shelter,2002=100,17,units,0,v41692889,16.79,151.2,,,,1
2019-10,"Toronto, Ontario",2011S0503535,Rented accommodation,2002=100,17,units,0,v41692890,16.80,130.8,,,,1
2019-11,Canada,2016A000011124,All-items,2002=100,17,units,0,v41690973,2.2,136.4,,,,1
2019-11,Canada,2016A000011124,Shelter,2002=100,17,units,0,v41691050,2.79,145.9,,,,1
2019-11,Canada,2016A000011124,Rented accommodation,2002=100,17,units,0,v41691051,2.80,125.9,,,,1
2019-11,Canada,2016A000011124,Rent,2002=100,17,units,0,v41691052,2.81,125.8,,,,1
2019-11,Ontario,2016A000235,All-items,2002=100,17,units,0,v41691919,14.2,137.7,,,,1
2019-11,Ontario,2016A000235,Shelter,2002=100,17,units,0,v41691952,14.79,148.6,,,,1
2019-11,Ontario,2016A000235,Rented accommodation,2002=100,17,units,0,v41691953,14.80,125.5,,,,1
2019-11,Ontario,2016A000235,Rent,2002=100,17,units,0,v41691954,14.81,125.5,,,,1
2019-11,"Toronto, Ontario",2011S0503535,All-items,2002=100,17,units,0,v41692888,16.2,139.9,,,,1
2019-11,"Toronto, Ontario",2011S0503535,Shelter,2002=100,17,units,0,v41692889,16.79,150.9,,,,1
2019-11,"Toronto, Ontario",2011S0503535,Rented accommodation,2002=100,17,units,0,v41692890,16.80,129.1,,,,1
2019-12,Canada,2016A000011124,All-items,2002=100,17,units,0,v41690973,2.2,136.4,,,,1
2019-12,Canada,2016A000011124,Shelter,2002=100,17,units,0,v41691050,2.79,146.3,,,,1
2019-12,Canada,2016A000011124,Rented accommodation,2002=100,17,units,0,v41691051,2.80,126.3,,,,1
2019-12,Canada,2016A000011124,Rent,2002=100,17,units,0,v41691052,2.81,126.3,,,,1
2019-12,Ontario,2016A000235,All-items,2002=100,17,units,0,v41691919,14.2,137.8,,,,1
2019-12,Ontario,2016A000235,Shelter,2002=100,17,units,0,v41691952,14.79,148.9,,,,1
2019-12,Ontario,2016A000235,Rented accommodation,2002=100,17,units,0,v41691953,14.80,125.9,,,,1
2019-12,Ontario,2016A000235,Rent,2002=100,17,units,0,v41691954,14.81,125.9,,,,1
2019-12,"Toronto, Ontario",2011S0503535,All-items,2002=100,17,units,0,v41692888,16.2,140.1,,,,1
2019-12,"Toronto, Ontario",2011S0503535,Shelter,2002=100,17,units,0,v41692889,16.79,151.2,,,,1
2019-12,"Toronto, Ontario",2011S0503535,Rented accommodation,2002=100,17,units,0,v41692890,16.80,129.3,,,,1
2020-01,Canada,2016A000011124,All-items,2002=100,17,units,0,v41690973,2.2,136.8,,,,1
2020-01,Canada,2016A000011124,Shelter,2002=100,17,units,0,v41691050,2.79,146.4,,,,1
2020-01,Canada,2016A000011124,Rented accommodation,2002=100,17,units,0,v41691051,2.80,126.2,,,,1
2020-01,Canada,2016A000011124,Rent,2002=100,17,units,0,v41691052,2.81,126.2,,,,1
2020-01,Ontario,2016A000235,All-items,2002=100,17,units,0,v41691919,14.2,138.0,,,,1
2020-01,Ontario,2016A000235,Shelter,2002=100,17,units,0,v41691952,14.79,149.0,,,,1
2020-01,Ontario,2016A000235,Rented accommodation,2002=100,17,units,0,v41691953,14.80,125.7,,,,1
2020-01,Ontario,2016A000235,Rent,2002=100,17,units,0,v41691954,14.81,125.7,,,,1
2020-01,"Toronto, Ontario",2011S0503535,All-items,2002=100,17,units,0,v41692888,16.2,139.9,,,,1
2020-01,"Toronto, Ontario",2011S0503535,Shelter,2002=100,17,units,0,v41692889,16.79,151.1,,,,1
2020-01,"Toronto, Ontario",2011S0503535,Rented accommodation,2002=100,17,units,0,v41692890,16.80,128.6,,,,1
2020-02,Canada,2016A000011124,All-items,2002=100,17,units,0,v41690973,2.2,137.4,,,,1
2020-02,Canada,2016A000011124,Shelter,2002=100,17,units,0,v41691050,2.79,146.7,,,,1
2020-02,Canada,2016A000011124,Rented accommodation,2002=100,17,units,0,v41691051,2.80,127.1,,,,1
2020-02,Canada,2016A000011124,Rent,2002=100,17,units,0,v41691052,2.81,127.1,,,,1
2020-02,Ontario,2016A000235,All-items,2002=100,17,units,0,v41691919,14.2,138.7,,,,1
2020-02,Ontario,2016A000235,Shelter,2002=100,17,units,0,v41691952,14.79,149.3,,,,1
2020-02,Ontario,2016A000235,Rented accommodation,2002=100,17,units,0,v41691953,14.80,126.6,,,,1
2020-02,Ontario,2016A000235,Rent,2002=100,17,units,0,v41691954,14.81,126.6,,,,1
2020-02,"Toronto, Ontario",2011S0503535,All-items,2002=100,17,units,0,v41692888,16.2,140.5,,,,1
2020-02,"Toronto, Ontario",2011S0503535,Shelter,2002=100,17,units,0,v41692889,16.79,151.4,,,,1
2020-02,"Toronto, Ontario",2011S0503535,Rented accommodation,2002=100,17,units,0,v41692890,16.80,130.2,,,,1
2020-03,Canada,2016A000011124,All-items,2002=100,17,units,0,v41690973,2.2,136.6,,,,1
2020-03,Canada,2016A000011124,Shelter,2002=100,17,units,0,v41691050,2.79,146.5,,,,1
2020-03,Canada,2016A000011124,Rented accommodation,2002=100,17,units,0,v41691051,2.80,127.3,,,,1
2020-03,Canada,2016A000011124,Rent,2002=100,17,units,0,v41691052,2.81,127.3,,,,1
2020-03,Ontario,2016A000235,All-items,2002=100,17,units,0,v41691919,14.2,137.9,,,,1
2020-03,Ontario,2016A000235,Shelter,2002=100,17,units,0,v41691952,14.79,149.3,,,,1
2020-03,Ontario,2016A000235,Rented accommodation,2002=100,17,units,0,v41691953,14.80,126.7,,,,1
2020-03,Ontario,2016A000235,Rent,2002=100,17,units,0,v41691954,14.81,126.7,,,,1
2020-03,"Toronto, Ontario",2011S0503535,All-items,2002=100,17,units,0,v41692888,16.2,140.1,,,,1
2020-03,"Toronto, Ontario",2011S0503535,Shelter,2002=100,17,units,0,v41692889,16.79,151.7,,,,1
2020-03,"Toronto, Ontario",2011S0503535,Rented accommodation,2002=100,17,units,0,v41692890,16.80,131.6,,,,1
2020-04,Canada,2016A000011124,All-items,2002=100,17,units,0,v41690973,2.2,135.7,,,,1
2020-04,Canada,2016A000011124,Shelter,2002=100,17,units,0,v41691050,2.79,146.0,,,,1
2020-04,Canada,2016A000011124,Rented accommodation,2002=100,17,units,0,v41691051,2.80,126.5,,,,1
2020-04,Canada,2016A000011124,Rent,2002=100,17,units,0,v41691052,2.81,126.5,,,,1
2020-04,Ontario,2016A000235,All-items,2002=100,17,units,0,v41691919,14.2,137.3,,,,1
2020-04,Ontario,2016A000235,Shelter,2002=100,17,units,0,v41691952,14.79,148.4,,,,1
2020-04,Ontario,2016A000235,Rented accommodation,2002=100,17,units,0,v41691953,14.80,126.5,,,,1
2020-04,Ontario,2016A000235,Rent,2002=100,17,units,0,v41691954,14.81,126.6,,,,1
2020-04,"Toronto, Ontario",2011S0503535,All-items,2002=100,17,units,0,v41692888,16.2,139.8,,,,1
2020-04,"Toronto, Ontario",2011S0503535,Shelter,2002=100,17,units,0,v41692889,16.79,151.2,,,,1
2020-04,"Toronto, Ontario",2011S0503535,Rented accommodation,2002=100,17,units,0,v41692890,16.80,131.2,,,,1
2020-05,Canada,2016A000011124,All-items,2002=100,17,units,0,v41690973,2.2,136.1,,,,1
2020-05,Canada,2016A000011124,Shelter,2002=100,17,units,0,v41691050,2.79,145.6,,,,1
2020-05,Canada,2016A000011124,Rented accommodation,2002=100,17,units,0,v41691051,2.80,125.5,,,,1
2020-05,Canada,2016A000011124,Rent,2002=100,17,units,0,v41691052,2.81,125.5,,,,1
2020-05,Ontario,2016A000235,All-items,2002=100,17,units,0,v41691919,14.2,137.5,,,,1
2020-05,Ontario,2016A000235,Shelter,2002=100,17,units,0,v41691952,14.79,148.0,,,,1
2020-05,Ontario,2016A000235,Rented accommodation,2002=100,17,units,0,v41691953,14.80,125.6,,,,1
2020-05,Ontario,2016A000235,Rent,2002=100,17,units,0,v41691954,14.81,125.7,,,,1
2020-05,"Toronto, Ontario",2011S0503535,All-items,2002=100,17,units,0,v41692888,16.2,139.7,,,,1
2020-05,"Toronto, Ontario",2011S0503535,Shelter,2002=100,17,units,0,v41692889,16.79,150.4,,,,1
2020-05,"Toronto, Ontario",2011S0503535,Rented accommodation,2002=100,17,units,0,v41692890,16.80,129.3,,,,1
2020-06,Canada,2016A000011124,All-items,2002=100,17,units,0,v41690973,2.2,137.2,,,,1
2020-06,Canada,2016A000011124,Shelter,2002=100,17,units,0,v41691050,2.79,146.4,,,,1
2020-06,Canada,2016A000011124,Rented accommodation,2002=100,17,units,0,v41691051,2.80,126.3,,,,1
2020-06,Canada,2016A000011124,Rent,2002=100,17,units,0,v41691052,2.81,126.3,,,,1
2020-06,Ontario,2016A000235,All-items,2002=100,17,units,0,v41691919,14.2,138.6,,,,1
2020-06,Ontario,2016A000235,Shelter,2002=100,17,units,0,v41691952,14.79,149.7,,,,1
2020-06,Ontario,2016A000235,Rented accommodation,2002=100,17,units,0,v41691953,14.80,126.4,,,,1
2020-06,Ontario,2016A000235,Rent,2002=100,17,units,0,v41691954,14.81,126.5,,,,1
2020-06,"Toronto, Ontario",2011S0503535,All-items,2002=100,17,units,0,v41692888,16.2,140.7,,,,1
2020-06,"Toronto, Ontario",2011S0503535,Shelter,2002=100,17,units,0,v41692889,16.79,151.7,,,,1
2020-06,"Toronto, Ontario",2011S0503535,Rented accommodation,2002=100,17,units,0,v41692890,16.80,130.6,,,,1
2020-07,Canada,2016A000011124,All-items,2002=100,17,units,0,v41690973,2.2,137.2,,,,1
2020-07,Canada,2016A000011124,Shelter,2002=100,17,units,0,v41691050,2.79,146.4,,,,1
2020-07,Canada,2016A000011124,Rented accommodation,2002=100,17,units,0,v41691051,2.80,125.9,,,,1
2020-07,Canada,2016A000011124,Rent,2002=100,17,units,0,v41691052,2.81,125.9,,,,1
2020-07,Ontario,2016A000235,All-items,2002=100,17,units,0,v41691919,14.2,138.8,,,,1
2020-07,Ontario,2016A000235,Shelter,2002=100,17,units,0,v41691952,14.79,149.5,,,,1
2020-07,Ontario,2016A000235,Rented accommodation,2002=100,17,units,0,v41691953,14.80,125.6,,,,1
2020-07,Ontario,2016A000235,Rent,2002=100,17,units,0,v41691954,14.81,125.6,,,,1
2020-07,"Toronto, Ontario",2011S0503535,All-items,2002=100,17,units,0,v41692888,16.2,140.6,,,,1
2020-07,"Toronto, Ontario",2011S0503535,Shelter,2002=100,17,units,0,v41692889,16.79,151.1,,,,1
2020-07,"Toronto, Ontario",2011S0503535,Rented accommodation,2002=100,17,units,0,v41692890,16.80,128.4,,,,1
2020-08,Canada,2016A000011124,All-items,2002=100,17,units,0,v41690973,2.2,137.0,,,,1
2020-08,Canada,2016A000011124,Shelter,2002=100,17,units,0,v41691050,2.79,146.8,,,,1
2020-08,Canada,2016A000011124,Rented accommodation,2002=100,17,units,0,v41691051,2.80,127.0,,,,1
2020-08,Canada,2016A000011124,Rent,2002=100,17,units,0,v41691052,2.81,127.0,,,,1
2020-08,Ontario,2016A000235,All-items,2002=100,17,units,0,v41691919,14.2,138.6,,,,1
2020-08,Ontario,2016A000235,Shelter,2002=100,17,units,0,v41691952,14.79,150.2,,,,1
2020-08,Ontario,2016A000235,Rented accommodation,2002=100,17,units,0,v41691953,14.80,127.5,,,,1
2020-08,Ontario,2016A000235,Rent,2002=100,17,units,0,v41691954,14.81,127.6,,,,1
2020-08,"Toronto, Ontario",2011S0503535,All-items,2002=100,17,units,0,v41692888,16.2,140.4,,,,1
2020-08,"Toronto, Ontario",2011S0503535,Shelter,2002=100,17,units,0,v41692889,16.79,151.9,,,,1
2020-08,"Toronto, Ontario",2011S0503535,Rented accommodation,2002=100,17,units,0,v41692890,16.80,131.3,,,,1
2020-09,Canada,2016A000011124,All-items,2002=100,17,units,0,v41690973,2.2,136.9,,,,1
2020-09,Canada,2016A000011124,Shelter,2002=100,17,units,0,v41691050,2.79,147.3,,,,1
2020-09,Canada,2016A000011124,Rented accommodation,2002=100,17,units,0,v41691051,2.80,127.3,,,,1
2020-09,Canada,2016A000011124,Rent,2002=100,17,units,0,v41691052,2.81,127.3,,,,1
2020-09,Ontario,2016A000235,All-items,2002=100,17,units,0,v41691919,14.2,138.3,,,,1
2020-09,Ontario,2016A000235,Shelter,2002=100,17,units,0,v41691952,14.79,150.5,,,,1
2020-09,Ontario,2016A000235,Rented accommodation,2002=100,17,units,0,v41691953,14.80,127.7,,,,1
2020-09,Ontario,2016A000235,Rent,2002=100,17,units,0,v41691954,14.81,127.7,,,,1
2020-09,"Toronto, Ontario",2011S0503535,All-items,2002=100,17,units,0,v41692888,16.2,140.0,,,,1
2020-09,"Toronto, Ontario",2011S0503535,Shelter,2002=100,17,units,0,v41692889,16.79,151.9,,,,1
2020-09,"Toronto, Ontario",2011S0503535,Rented accommodation,2002=100,17,units,0,v41692890,16.80,130.5,,,,1
2020-10,Canada,2016A000011124,All-items,2002=100,17,units,0,v41690973,2.2,137.5,,,,1
2020-10,Canada,2016A000011124,Shelter,2002=100,17,units,0,v41691050,2.79,148.3,,,,1
2020-10,Canada,2016A000011124,Rented accommodation,2002=100,17,units,0,v41691051,2.80,127.6,,,,1
2020-10,Canada,2016A000011124,Rent,2002=100,17,units,0,v41691052,2.81,127.5,,,,1
2020-10,Ontario,2016A000235,All-items,2002=100,17,units,0,v41691919,14.2,138.9,,,,1
2020-10,Ontario,2016A000235,Shelter,2002=100,17,units,0,v41691952,14.79,152.2,,,,1
2020-10,Ontario,2016A000235,Rented accommodation,2002=100,17,units,0,v41691953,14.80,127.9,,,,1
2020-10,Ontario,2016A000235,Rent,2002=100,17,units,0,v41691954,14.81,127.9,,,,1
2020-10,"Toronto, Ontario",2011S0503535,All-items,2002=100,17,units,0,v41692888,16.2,140.8,,,,1
2020-10,"Toronto, Ontario",2011S0503535,Shelter,2002=100,17,units,0,v41692889,16.79,153.7,,,,1
2020-10,"Toronto, Ontario",2011S0503535,Rented accommodation,2002=100,17,units,0,v41692890,16.80,131.1,,,,1
2020-11,Canada,2016A000011124,All-items,2002=100,17,units,0,v41690973,2.2,137.7,,,,1
2020-11,Canada,2016A000011124,Shelter,2002=100,17,units,0,v41691050,2.79,148.7,,,,1
2020-11,Canada,2016A000011124,Rented accommodation,2002=100,17,units,0,v41691051,2.80,127.7,,,,1
2020-11,Canada,2016A000011124,Rent,2002=100,17,units,0,v41691052,2.81,127.7,,,,1
2020-11,Ontario,2016A000235,All-items,2002=100,17,units,0,v41691919,14.2,139.0,,,,1
2020-11,Ontario,2016A000235,Shelter,2002=100,17,units,0,v41691952,14.79,152.4,,,,1
2020-11,Ontario,2016A000235,Rented accommodation,2002=100,17,units,0,v41691953,14.80,127.2,,,,1
2020-11,Ontario,2016A000235,Rent,2002=100,17,units,0,v41691954,14.81,127.2,,,,1
2020-11,"Toronto, Ontario",2011S0503535,All-items,2002=100,17,units,0,v41692888,16.2,140.7,,,,1
2020-11,"Toronto, Ontario",2011S0503535,Shelter,2002=100,17,units,0,v41692889,16.79,153.3,,,,1
2020-11,"Toronto, Ontario",2011S0503535,Rented accommodation,2002=100,17,units,0,v41692890,16.80,129.1,,,,1
2020-12,Canada,2016A000011124,All-items,2002=100,17,units,0,v41690973,2.2,137.4,,,,1
2020-12,Canada,2016A000011124,Shelter,2002=100,17,units,0,v41691050,2.79,148.7,,,,1
2020-12,Canada,2016A000011124,Rented accommodation,2002=100,17,units,0,v41691051,2.80,127.0,,,,1
2020-12,Canada,2016A000011124,Rent,2002=100,17,units,0,v41691052,2.81,127.0,,,,1
2020-12,Ontario,2016A000235,All-items,2002=100,17,units,0,v41691919,14.2,138.8,,,,1
2020-12,Ontario,2016A000235,Shelter,2002=100,17,units,0,v41691952,14.79,152.3,,,,1
2020-12,Ontario,2016A000235,Rented accommodation,2002=100,17,units,0,v41691953,14.80,126.2,,,,1
2020-12,Ontario,2016A000235,Rent,2002=100,17,units,0,v41691954,14.81,126.2,,,,1
2020-12,"Toronto, Ontario",2011S0503535,All-items,2002=100,17,units,0,v41692888,16.2,140.5,,,,1
2020-12,"Toronto, Ontario",2011S0503535,Shelter,2002=100,17,units,0,v41692889,16.79,153.1,,,,1
2020-12,"Toronto, Ontario",2011S0503535,Rented accommodation,2002=100,17,units,0,v41692890,16.80,128.7,,,,1
2021-01,Canada,2016A000011124,All-items,2002=100,17,units,0,v41690973,2.2,138.2,,,,1
2021-01,Canada,2016A000011124,Shelter,2002=100,17,units,0,v41691050,2.79,148.4,,,,1
2021-01,Canada,2016A000011124,Rented accommodation,2002=100,17,units,0,v41691051,2.80,127.3,,,,1
2021-01,Canada,2016A000011124,Rent,2002=100,17,units,0,v41691052,2.81,127.3,,,,1
2021-01,Ontario,2016A000235,All-items,2002=100,17,units,0,v41691919,14.2,139.5,,,,1
2021-01,Ontario,2016A000235,Shelter,2002=100,17,units,0,v41691952,14.79,151.1,,,,1
2021-01,Ontario,2016A000235,Rented accommodation,2002=100,17,units,0,v41691953,14.80,126.8,,,,1
2021-01,Ontario,2016A000235,Rent,2002=100,17,units,0,v41691954,14.81,126.8,,,,1
2021-01,"Toronto, Ontario",2011S0503535,All-items,2002=100,17,units,0,v41692888,16.2,141.0,,,,1
2021-01,"Toronto, Ontario",2011S0503535,Shelter,2002=100,17,units,0,v41692889,16.79,152.3,,,,1
2021-01,"Toronto, Ontario",2011S0503535,Rented accommodation,2002=100,17,units,0,v41692890,16.80,129.8,,,,1
2021-02,Canada,2016A000011124,All-items,2002=100,17,units,0,v41690973,2.2,138.9,,,,1
2021-02,Canada,2016A000011124,Shelter,2002=100,17,units,0,v41691050,2.79,148.8,,,,1
2021-02,Canada,2016A000011124,Rented accommodation,2002=100,17,units,0,v41691051,2.80,127.3,,,,1
2021-02,Canada,2016A000011124,Rent,2002=100,17,units,0,v41691052,2.81,127.2,,,,1
2021-02,Ontario,2016A000235,All-items,2002=100,17,units,0,v41691919,14.2,140.2,,,,1
2021-02,Ontario,2016A000235,Shelter,2002=100,17,units,0,v41691952,14.79,151.9,,,,1
2021-02,Ontario,2016A000235,Rented accommodation,2002=100,17,units,0,v41691953,14.80,126.9,,,,1
2021-02,Ontario,2016A000235,Rent,2002=100,17,units,0,v41691954,14.81,126.9,,,,1
2021-02,"Toronto, Ontario",2011S0503535,All-items,2002=100,17,units,0,v41692888,16.2,141.7,,,,1
2021-02,"Toronto, Ontario",2011S0503535,Shelter,2002=100,17,units,0,v41692889,16.79,152.6,,,,1
2021-02,"Toronto, Ontario",2011S0503535,Rented accommodation,2002=100,17,units,0,v41692890,16.80,129.6,,,,1
2021-03,Canada,2016A000011124,All-items,2002=100,17,units,0,v41690973,2.2,139.6,,,,1
2021-03,Canada,2016A000011124,Shelter,2002=100,17,units,0,v41691050,2.79,150.0,,,,1
2021-03,Canada,2016A000011124,Rented accommodation,2002=100,17,units,0,v41691051,2.80,128.1,,,,1
2021-03,Canada,2016A000011124,Rent,2002=100,17,units,0,v41691052,2.81,128.0,,,,1
2021-03,Ontario,2016A000235,All-items,2002=100,17,units,0,v41691919,14.2,141.0,,,,1
2021-03,Ontario,2016A000235,Shelter,2002=100,17,units,0,v41691952,14.79,153.5,,,,1
2021-03,Ontario,2016A000235,Rented accommodation,2002=100,17,units,0,v41691953,14.80,128.0,,,,1
2021-03,Ontario,2016A000235,Rent,2002=100,17,units,0,v41691954,14.81,128.0,,,,1
2021-03,"Toronto, Ontario",2011S0503535,All-items,2002=100,17,units,0,v41692888,16.2,142.5,,,,1
2021-03,"Toronto, Ontario",2011S0503535,Shelter,2002=100,17,units,0,v41692889,16.79,154.2,,,,1
2021-03,"Toronto, Ontario",2011S0503535,Rented accommodation,2002=100,17,units,0,v41692890,16.80,131.7,,,,1
2021-04,Canada,2016A000011124,All-items,2002=100,17,units,0,v41690973,2.2,140.3,,,,1
2021-04,Canada,2016A000011124,Shelter,2002=100,17,units,0,v41691050,2.79,150.7,,,,1
2021-04,Canada,2016A000011124,Rented accommodation,2002=100,17,units,0,v41691051,2.80,127.8,,,,1
2021-04,Canada,2016A000011124,Rent,2002=100,17,units,0,v41691052,2.81,127.7,,,,1
2021-04,Ontario,2016A000235,All-items,2002=100,17,units,0,v41691919,14.2,141.8,,,,1
2021-04,Ontario,2016A000235,Shelter,2002=100,17,units,0,v41691952,14.79,154.6,,,,1
2021-04,Ontario,2016A000235,Rented accommodation,2002=100,17,units,0,v41691953,14.80,127.5,,,,1
2021-04,Ontario,2016A000235,Rent,2002=100,17,units,0,v41691954,14.81,127.5,,,,1
2021-04,"Toronto, Ontario",2011S0503535,All-items,2002=100,17,units,0,v41692888,16.2,143.1,,,,1
2021-04,"Toronto, Ontario",2011S0503535,Shelter,2002=100,17,units,0,v41692889,16.79,154.8,,,,1
2021-04,"Toronto, Ontario",2011S0503535,Rented accommodation,2002=100,17,units,0,v41692890,16.80,130.7,,,,1
2021-05,Canada,2016A000011124,All-items,2002=100,17,units,0,v41690973,2.2,141.0,,,,1
2021-05,Canada,2016A000011124,Shelter,2002=100,17,units,0,v41691050,2.79,151.7,,,,1
2021-05,Canada,2016A000011124,Rented accommodation,2002=100,17,units,0,v41691051,2.80,128.7,,,,1
2021-05,Canada,2016A000011124,Rent,2002=100,17,units,0,v41691052,2.81,128.6,,,,1
2021-05,Ontario,2016A000235,All-items,2002=100,17,units,0,v41691919,14.2,142.6,,,,1
2021-05,Ontario,2016A000235,Shelter,2002=100,17,units,0,v41691952,14.79,155.7,,,,1
2021-05,Ontario,2016A000235,Rented accommodation,2002=100,17,units,0,v41691953,14.80,128.1,,,,1
2021-05,Ontario,2016A000235,Rent,2002=100,17,units,0,v41691954,14.81,128.1,,,,1
2021-05,"Toronto, Ontario",2011S0503535,All-items,2002=100,17,units,0,v41692888,16.2,143.7,,,,1
2021-05,"Toronto, Ontario",2011S0503535,Shelter,2002=100,17,units,0,v41692889,16.79,155.5,,,,1
2021-05,"Toronto, Ontario",2011S0503535,Rented accommodation,2002=100,17,units,0,v41692890,16.80,131.0,,,,1
2021-06,Canada,2016A000011124,All-items,2002=100,17,units,0,v41690973,2.2,141.4,,,,1
2021-06,Canada,2016A000011124,Shelter,2002=100,17,units,0,v41691050,2.79,152.8,,,,1
2021-06,Canada,2016A000011124,Rented accommodation,2002=100,17,units,0,v41691051,2.80,129.1,,,,1
2021-06,Canada,2016A000011124,Rent,2002=100,17,units,0,v41691052,2.81,129.0,,,,1
2021-06,Ontario,2016A000235,All-items,2002=100,17,units,0,v41691919,14.2,143.1,,,,1
2021-06,Ontario,2016A000235,Shelter,2002=100,17,units,0,v41691952,14.79,156.9,,,,1
2021-06,Ontario,2016A000235,Rented accommodation,2002=100,17,units,0,v41691953,14.80,128.3,,,,1
2021-06,Ontario,2016A000235,Rent,2002=100,17,units,0,v41691954,14.81,128.3,,,,1
2021-06,"Toronto, Ontario",2011S0503535,All-items,2002=100,17,units,0,v41692888,16.2,144.2,,,,1
2021-06,"Toronto, Ontario",2011S0503535,Shelter,2002=100,17,units,0,v41692889,16.79,156.6,,,,1
2021-06,"Toronto, Ontario",2011S0503535,Rented accommodation,2002=100,17,units,0,v41692890,16.80,132.0,,,,1
2021-07,Canada,2016A000011124,All-items,2002=100,17,units,0,v41690973,2.2,142.3,,,,1
2021-07,Canada,2016A000011124,Shelter,2002=100,17,units,0,v41691050,2.79,153.5,,,,1
2021-07,Canada,2016A000011124,Rented accommodation,2002=100,17,units,0,v41691051,2.80,129.3,,,,1
2021-07,Canada,2016A000011124,Rent,2002=100,17,units,0,v41691052,2.81,129.2,,,,1
2021-07,Ontario,2016A000235,All-items,2002=100,17,units,0,v41691919,14.2,143.7,,,,1
2021-07,Ontario,2016A000235,Shelter,2002=100,17,units,0,v41691952,14.79,157.2,,,,1
2021-07,Ontario,2016A000235,Rented accommodation,2002=100,17,units,0,v41691953,14.80,128.4,,,,1
2021-07,Ontario,2016A000235,Rent,2002=100,17,units,0,v41691954,14.81,128.3,,,,1
2021-07,"Toronto, Ontario",2011S0503535,All-items,2002=100,17,units,0,v41692888,16.2,144.6,,,,1
2021-07,"Toronto, Ontario",2011S0503535,Shelter,2002=100,17,units,0,v41692889,16.79,156.4,,,,1
2021-07,"Toronto, Ontario",2011S0503535,Rented accommodation,2002=100,17,units,0,v41692890,16.80,131.2,,,,1
2021-08,Canada,2016A000011124,All-items,2002=100,17,units,0,v41690973,2.2,142.6,,,,1
2021-08,Canada,2016A000011124,Shelter,2002=100,17,units,0,v41691050,2.79,153.9,,,,1
2021-08,Canada,2016A000011124,Rented accommodation,2002=100,17,units,0,v41691051,2.80,129.1,,,,1
2021-08,Canada,2016A000011124,Rent,2002=100,17,units,0,v41691052,2.81,129.0,,,,1
2021-08,Ontario,2016A000235,All-items,2002=100,17,units,0,v41691919,14.2,144.1,,,,1
2021-08,Ontario,2016A000235,Shelter,2002=100,17,units,0,v41691952,14.79,157.4,,,,1
2021-08,Ontario,2016A000235,Rented accommodation,2002=100,17,units,0,v41691953,14.80,128.2,,,,1
2021-08,Ontario,2016A000235,Rent,2002=100,17,units,0,v41691954,14.81,128.1,,,,1
2021-08,"Toronto, Ontario",2011S0503535,All-items,2002=100,17,units,0,v41692888,16.2,145.0,,,,1
2021-08,"Toronto, Ontario",2011S0503535,Shelter,2002=100,17,units,0,v41692889,16.79,156.5,,,,1
2021-08,"Toronto, Ontario",2011S0503535,Rented accommodation,2002=100,17,units,0,v41692890,16.80,131.0,,,,1
2021-09,Canada,2016A000011124,All-items,2002=100,17,units,0,v41690973,2.2,142.9,,,,1
2021-09,Canada,2016A000011124,Shelter,2002=100,17,units,0,v41691050,2.79,154.4,,,,1
2021-09,Canada,2016A000011124,Rented accommodation,2002=100,17,units,0,v41691051,2.80,129.8,,,,1
2021-09,Canada,2016A000011124,Rent,2002=100,17,units,0,v41691052,2.81,129.7,,,,1
2021-09,Ontario,2016A000235,All-items,2002=100,17,units,0,v41691919,14.2,144.4,,,,1
2021-09,Ontario,2016A000235,Shelter,2002=100,17,units,0,v41691952,14.79,158.4,,,,1
2021-09,Ontario,2016A000235,Rented accommodation,2002=100,17,units,0,v41691953,14.80,129.6,,,,1
2021-09,Ontario,2016A000235,Rent,2002=100,17,units,0,v41691954,14.81,129.6,,,,1
2021-09,"Toronto, Ontario",2011S0503535,All-items,2002=100,17,units,0,v41692888,16.2,145.3,,,,1
2021-09,"Toronto, Ontario",2011S0503535,Shelter,2002=100,17,units,0,v41692889,16.79,157.4,,,,1
2021-09,"Toronto, Ontario",2011S0503535,Rented accommodation,2002=100,17,units,0,v41692890,16.80,132.5,,,,1
2021-10,Canada,2016A000011124,All-items,2002=100,17,units,0,v41690973,2.2,143.9,,,,1
2021-10,Canada,2016A000011124,Shelter,2002=100,17,units,0,v41691050,2.79,155.4,,,,1
2021-10,Canada,2016A000011124,Rented accommodation,2002=100,17,units,0,v41691051,2.80,130.0,,,,1
2021-10,Canada,2016A000011124,Rent,2002=100,17,units,0,v41691052,2.81,129.8,,,,1
2021-10,Ontario,2016A000235,All-items,2002=100,17,units,0,v41691919,14.2,145.7,,,,1
2021-10,Ontario,2016A000235,Shelter,2002=100,17,units,0,v41691952,14.79,159.8,,,,1
2021-10,Ontario,2016A000235,Rented accommodation,2002=100,17,units,0,v41691953,14.80,130.3,,,,1
2021-10,Ontario,2016A000235,Rent,2002=100,17,units,0,v41691954,14.81,130.3,,,,1
2021-10,"Toronto, Ontario",2011S0503535,All-items,2002=100,17,units,0,v41692888,16.2,146.5,,,,1
2021-10,"Toronto, Ontario",2011S0503535,Shelter,2002=100,17,units,0,v41692889,16.79,158.9,,,,1
2021-10,"Toronto, Ontario",2011S0503535,Rented accommodation,2002=100,17,units,0,v41692890,16.80,133.9,,,,1
2021-11,Canada,2016A000011124,All-items,2002=100,17,units,0,v41690973,2.2,144.2,,,,1
2021-11,Canada,2016A000011124,Shelter,2002=100,17,units,0,v41691050,2.79,155.9,,,,1
2021-11,Canada,2016A000011124,Rented accommodation,2002=100,17,units,0,v41691051,2.80,130.0,,,,1
2021-11,Canada,2016A000011124,Rent,2002=100,17,units,0,v41691052,2.81,129.9,,,,1
2021-11,Ontario,2016A000235,All-items,2002=100,17,units,0,v41691919,14.2,146.0,,,,1
2021-11,Ontario,2016A000235,Shelter,2002=100,17,units,0,v41691952,14.79,160.5,,,,1
2021-11,Ontario,2016A000235,Rented accommodation,2002=100,17,units,0,v41691953,14.80,130.2,,,,1
2021-11,Ontario,2016A000235,Rent,2002=100,17,units,0,v41691954,14.81,130.1,,,,1
2021-11,"Toronto, Ontario",2011S0503535,All-items,2002=100,17,units,0,v41692888,16.2,146.8,,,,1
2021-11,"Toronto, Ontario",2011S0503535,Shelter,2002=100,17,units,0,v41692889,16.79,159.3,,,,1
2021-11,"Toronto, Ontario",2011S0503535,Rented accommodation,2002=100,17,units,0,v41692890,16.80,132.7,,,,1
2021-12,Canada,2016A000011124,All-items,2002=100,17,units,0,v41690973,2.2,144.0,,,,1
2021-12,Canada,2016A000011124,Shelter,2002=100,17,units,0,v41691050,2.79,156.8,,,,1
2021-12,Canada,2016A000011124,Rented accommodation,2002=100,17,units,0,v41691051,2.80,130.6,,,,1
2021-12,Canada,2016A000011124,Rent,2002=100,17,units,0,v41691052,2.81,130.5,,,,1
2021-12,Ontario,2016A000235,All-items,2002=100,17,units,0,v41691919,14.2,146.0,,,,1
2021-12,Ontario,2016A000235,Shelter,2002=100,17,units,0,v41691952,14.79,161.5,,,,1
2021-12,Ontario,2016A000235,Rented accommodation,2002=100,17,units,0,v41691953,14.80,130.7,,,,1
2021-12,Ontario,2016A000235,Rent,2002=100,17,units,0,v41691954,14.81,130.6,,,,1
2021-12,"Toronto, Ontario",2011S0503535,All-items,2002=100,17,units,0,v41692888,16.2,147.1,,,,1
2021-12,"Toronto, Ontario",2011S0503535,Shelter,2002=100,17,units,0,v41692889,16.79,160.7,,,,1
2021-12,"Toronto, Ontario",2011S0503535,Rented accommodation,2002=100,17,units,0,v41692890,16.80,133.7,,,,1
2022-01,Canada,2016A000011124,All-items,2002=100,17,units,0,v41690973,2.2,145.3,,,,1
2022-01,Canada,2016A000011124,Shelter,2002=100,17,units,0,v41691050,2.79,157.6,,,,1
2022-01,Canada,2016A000011124,Rented accommodation,2002=100,17,units,0,v41691051,2.80,131.4,,,,1
2022-01,Canada,2016A000011124,Rent,2002=100,17,units,0,v41691052,2.81,131.3,,,,1
2022-01,Ontario,2016A000235,All-items,2002=100,17,units,0,v41691919,14.2,147.4,,,,1
2022-01,Ontario,2016A000235,Shelter,2002=100,17,units,0,v41691952,14.79,161.8,,,,1
2022-01,Ontario,2016A000235,Rented accommodation,2002=100,17,units,0,v41691953,14.80,131.3,,,,1
2022-01,Ontario,2016A000235,Rent,2002=100,17,units,0,v41691954,14.81,131.2,,,,1
2022-01,"Toronto, Ontario",2011S0503535,All-items,2002=100,17,units,0,v41692888,16.2,148.3,,,,1
2022-01,"Toronto, Ontario",2011S0503535,Shelter,2002=100,17,units,0,v41692889,16.79,161.1,,,,1
2022-01,"Toronto, Ontario",2011S0503535,Rented accommodation,2002=100,17,units,0,v41692890,16.80,134.5,,,,1
2022-02,Canada,2016A000011124,All-items,2002=100,17,units,0,v41690973,2.2,146.8,,,,1
2022-02,Canada,2016A000011124,Shelter,2002=100,17,units,0,v41691050,2.79,158.6,,,,1
2022-02,Canada,2016A000011124,Rented accommodation,2002=100,17,units,0,v41691051,2.80,132.7,,,,1
2022-02,Canada,2016A000011124,Rent,2002=100,17,units,0,v41691052,2.81,132.6,,,,1
2022-02,Ontario,2016A000235,All-items,2002=100,17,units,0,v41691919,14.2,148.8,,,,1
2022-02,Ontario,2016A000235,Shelter,2002=100,17,units,0,v41691952,14.79,162.8,,,,1
2022-02,Ontario,2016A000235,Rented accommodation,2002=100,17,units,0,v41691953,14.80,133.4,,,,1
2022-02,Ontario,2016A000235,Rent,2002=100,17,units,0,v41691954,14.81,133.3,,,,1
2022-02,"Toronto, Ontario",2011S0503535,All-items,2002=100,17,units,0,v41692888,16.2,149.8,,,,1
2022-02,"Toronto, Ontario",2011S0503535,Shelter,2002=100,17,units,0,v41692889,16.79,162.3,,,,1
2022-02,"Toronto, Ontario",2011S0503535,Rented accommodation,2002=100,17,units,0,v41692890,16.80,137.1,,,,1
2022-03,Canada,2016A000011124,All-items,2002=100,17,units,0,v41690973,2.2,148.9,,,,1
2022-03,Canada,2016A000011124,Shelter,2002=100,17,units,0,v41691050,2.79,160.2,,,,1
2022-03,Canada,2016A000011124,Rented accommodation,2002=100,17,units,0,v41691051,2.80,133.5,,,,1
2022-03,Canada,2016A000011124,Rent,2002=100,17,units,0,v41691052,2.81,133.3,,,,1
2022-03,Ontario,2016A000235,All-items,2002=100,17,units,0,v41691919,14.2,150.8,,,,1
2022-03,Ontario,2016A000235,Shelter,2002=100,17,units,0,v41691952,14.79,164.8,,,,1
2022-03,Ontario,2016A000235,Rented accommodation,2002=100,17,units,0,v41691953,14.80,134.2,,,,1
2022-03,Ontario,2016A000235,Rent,2002=100,17,units,0,v41691954,14.81,134.2,,,,1
2022-03,"Toronto, Ontario",2011S0503535,All-items,2002=100,17,units,0,v41692888,16.2,151.7,,,,1
2022-03,"Toronto, Ontario",2011S0503535,Shelter,2002=100,17,units,0,v41692889,16.79,164.7,,,,1
2022-03,"Toronto, Ontario",2011S0503535,Rented accommodation,2002=100,17,units,0,v41692890,16.80,137.9,,,,1
2022-04,Canada,2016A000011124,All-items,2002=100,17,units,0,v41690973,2.2,149.8,,,,1
2022-04,Canada,2016A000011124,Shelter,2002=100,17,units,0,v41691050,2.79,161.9,,,,1
2022-04,Canada,2016A000011124,Rented accommodation,2002=100,17,units,0,v41691051,2.80,133.7,,,,1
2022-04,Canada,2016A000011124,Rent,2002=100,17,units,0,v41691052,2.81,133.5,,,,1
2022-04,Ontario,2016A000235,All-items,2002=100,17,units,0,v41691919,14.2,151.6,,,,1
2022-04,Ontario,2016A000235,Shelter,2002=100,17,units,0,v41691952,14.79,166.4,,,,1
2022-04,Ontario,2016A000235,Rented accommodation,2002=100,17,units,0,v41691953,14.80,134.4,,,,1
2022-04,Ontario,2016A000235,Rent,2002=100,17,units,0,v41691954,14.81,134.2,,,,1
2022-04,"Toronto, Ontario",2011S0503535,All-items,2002=100,17,units,0,v41692888,16.2,152.6,,,,1
2022-04,"Toronto, Ontario",2011S0503535,Shelter,2002=100,17,units,0,v41692889,16.79,166.1,,,,1
2022-04,"Toronto, Ontario",2011S0503535,Rented accommodation,2002=100,17,units,0,v41692890,16.80,137.2,,,,1
2022-05,Canada,2016A000011124,All-items,2002=100,17,units,0,v41690973,2.2,151.9,,,,1
2022-05,Canada,2016A000011124,Shelter,2002=100,17,units,0,v41691050,2.79,163.0,,,,1
2022-05,Canada,2016A000011124,Rented accommodation,2002=100,17,units,0,v41691051,2.80,134.5,,,,1
2022-05,Canada,2016A000011124,Rent,2002=100,17,units,0,v41691052,2.81,134.3,,,,1
2022-05,Ontario,2016A000235,All-items,2002=100,17,units,0,v41691919,14.2,153.7,,,,1
2022-05,Ontario,2016A000235,Shelter,2002=100,17,units,0,v41691952,14.79,167.2,,,,1
2022-05,Ontario,2016A000235,Rented accommodation,2002=100,17,units,0,v41691953,14.80,135.5,,,,1
2022-05,Ontario,2016A000235,Rent,2002=100,17,units,0,v41691954,14.81,135.3,,,,1
2022-05,"Toronto, Ontario",2011S0503535,All-items,2002=100,17,units,0,v41692888,16.2,154.4,,,,1
2022-05,"Toronto, Ontario",2011S0503535,Shelter,2002=100,17,units,0,v41692889,16.79,166.6,,,,1
2022-05,"Toronto, Ontario",2011S0503535,Rented accommodation,2002=100,17,units,0,v41692890,16.80,139.1,,,,1
2022-06,Canada,2016A000011124,All-items,2002=100,17,units,0,v41690973,2.2,152.9,,,,1
2022-06,Canada,2016A000011124,Shelter,2002=100,17,units,0,v41691050,2.79,163.6,,,,1
2022-06,Canada,2016A000011124,Rented accommodation,2002=100,17,units,0,v41691051,2.80,134.7,,,,1
2022-06,Canada,2016A000011124,Rent,2002=100,17,units,0,v41691052,2.81,134.5,,,,1
2022-06,Ontario,2016A000235,All-items,2002=100,17,units,0,v41691919,14.2,154.4,,,,1
2022-06,Ontario,2016A000235,Shelter,2002=100,17,units,0,v41691952,14.79,167.4,,,,1
2022-06,Ontario,2016A000235,Rented accommodation,2002=100,17,units,0,v41691953,14.80,135.4,,,,1
2022-06,Ontario,2016A000235,Rent,2002=100,17,units,0,v41691954,14.81,135.2,,,,1
2022-06,"Toronto, Ontario",2011S0503535,All-items,2002=100,17,units,0,v41692888,16.2,154.9,,,,1
2022-06,"Toronto, Ontario",2011S0503535,Shelter,2002=100,17,units,0,v41692889,16.79,166.3,,,,1
2022-06,"Toronto, Ontario",2011S0503535,Rented accommodation,2002=100,17,units,0,v41692890,16.80,138.2,,,,1
2022-07,Canada,2016A000011124,All-items,2002=100,17,units,0,v41690973,2.2,153.1,,,,1
2022-07,Canada,2016A000011124,Shelter,2002=100,17,units,0,v41691050,2.79,164.2,,,,1
2022-07,Canada,2016A000011124,Rented accommodation,2002=100,17,units,0,v41691051,2.80,135.7,,,,1
2022-07,Canada,2016A000011124,Rent,2002=100,17,units,0,v41691052,2.81,135.5,,,,1
2022-07,Ontario,2016A000235,All-items,2002=100,17,units,0,v41691919,14.2,154.6,,,,1
2022-07,Ontario,2016A000235,Shelter,2002=100,17,units,0,v41691952,14.79,168.8,,,,1
2022-07,Ontario,2016A000235,Rented accommodation,2002=100,17,units,0,v41691953,14.80,136.6,,,,1
2022-07,Ontario,2016A000235,Rent,2002=100,17,units,0,v41691954,14.81,136.5,,,,1
2022-07,"Toronto, Ontario",2011S0503535,All-items,2002=100,17,units,0,v41692888,16.2,155.4,,,,1
2022-07,"Toronto, Ontario",2011S0503535,Shelter,2002=100,17,units,0,v41692889,16.79,167.3,,,,1
2022-07,"Toronto, Ontario",2011S0503535,Rented accommodation,2002=100,17,units,0,v41692890,16.80,138.9,,,,1
2022-08,Canada,2016A000011124,All-items,2002=100,17,units,0,v41690973,2.2,152.6,,,,1
2022-08,Canada,2016A000011124,Shelter,2002=100,17,units,0,v41691050,2.79,164.1,,,,1
2022-08,Canada,2016A000011124,Rented accommodation,2002=100,17,units,0,v41691051,2.80,135.4,,,,1
2022-08,Canada,2016A000011124,Rent,2002=100,17,units,0,v41691052,2.81,135.1,,,,1
2022-08,Ontario,2016A000235,All-items,2002=100,17,units,0,v41691919,14.2,154.1,,,,1
2022-08,Ontario,2016A000235,Shelter,2002=100,17,units,0,v41691952,14.79,168.6,,,,1
2022-08,Ontario,2016A000235,Rented accommodation,2002=100,17,units,0,v41691953,14.80,135.9,,,,1
2022-08,Ontario,2016A000235,Rent,2002=100,17,units,0,v41691954,14.81,135.8,,,,1
2022-08,"Toronto, Ontario",2011S0503535,All-items,2002=100,17,units,0,v41692888,16.2,154.8,,,,1
2022-08,"Toronto, Ontario",2011S0503535,Shelter,2002=100,17,units,0,v41692889,16.79,166.8,,,,1
2022-08,"Toronto, Ontario",2011S0503535,Rented accommodation,2002=100,17,units,0,v41692890,16.80,137.5,,,,1
2022-09,Canada,2016A000011124,All-items,2002=100,17,units,0,v41690973,2.2,152.7,,,,1
2022-09,Canada,2016A000011124,Shelter,2002=100,17,units,0,v41691050,2.79,164.9,,,,1
2022-09,Canada,2016A000011124,Rented accommodation,2002=100,17,units,0,v41691051,2.80,135.5,,,,1
2022-09,Canada,2016A000011124,Rent,2002=100,17,units,0,v41691052,2.81,135.2,,,,1
2022-09,Ontario,2016A000235,All-items,2002=100,17,units,0,v41691919,14.2,154.1,,,,1
2022-09,Ontario,2016A000235,Shelter,2002=100,17,units,0,v41691952,14.79,169.4,,,,1
2022-09,Ontario,2016A000235,Rented accommodation,2002=100,17,units,0,v41691953,14.80,136.6,,,,1
2022-09,Ontario,2016A000235,Rent,2002=100,17,units,0,v41691954,14.81,136.4,,,,1
2022-09,"Toronto, Ontario",2011S0503535,All-items,2002=100,17,units,0,v41692888,16.2,154.9,,,,1
2022-09,"Toronto, Ontario",2011S0503535,Shelter,2002=100,17,units,0,v41692889,16.79,167.9,,,,1
2022-09,"Toronto, Ontario",2011S0503535,Rented accommodation,2002=100,17,units,0,v41692890,16.80,139.2,,,,1
2022-10,Canada,2016A000011124,All-items,2002=100,17,units,0,v41690973,2.2,153.8,,,,1
2022-10,Canada,2016A000011124,Shelter,2002=100,17,units,0,v41691050,2.79,166.2,,,,1
2022-10,Canada,2016A000011124,Rented accommodation,2002=100,17,units,0,v41691051,2.80,136.1,,,,1
2022-10,Canada,2016A000011124,Rent,2002=100,17,units,0,v41691052,2.81,135.9,,,,1
2022-10,Ontario,2016A000235,All-items,2002=100,17,units,0,v41691919,14.2,155.2,,,,1
2022-10,Ontario,2016A000235,Shelter,2002=100,17,units,0,v41691952,14.79,170.7,,,,1
2022-10,Ontario,2016A000235,Rented accommodation,2002=100,17,units,0,v41691953,14.80,137.7,,,,1
2022-10,Ontario,2016A000235,Rent,2002=100,17,units,0,v41691954,14.81,137.6,,,,1
2022-10,"Toronto, Ontario",2011S0503535,All-items,2002=100,17,units,0,v41692888,16.2,155.9,,,,1
2022-10,"Toronto, Ontario",2011S0503535,Shelter,2002=100,17,units,0,v41692889,16.79,169.1,,,,1
2022-10,"Toronto, Ontario",2011S0503535,Rented accommodation,2002=100,17,units,0,v41692890,16.80,140.5,,,,1
2022-11,Canada,2016A000011124,All-items,2002=100,17,units,0,v41690973,2.2,154.0,,,,1
2022-11,Canada,2016A000011124,Shelter,2002=100,17,units,0,v41691050,2.79,167.2,,,,1
2022-11,Canada,2016A000011124,Rented accommodation,2002=100,17,units,0,v41691051,2.80,137.7,,,,1
2022-11,Canada,2016A000011124,Rent,2002=100,17,units,0,v41691052,2.81,137.5,,,,1
2022-11,Ontario,2016A000235,All-items,2002=100,17,units,0,v41691919,14.2,155.4,,,,1
2022-11,Ontario,2016A000235,Shelter,2002=100,17,units,0,v41691952,14.79,171.6,,,,1
2022-11,Ontario,2016A000235,Rented accommodation,2002=100,17,units,0,v41691953,14.80,139.5,,,,1
2022-11,Ontario,2016A000235,Rent,2002=100,17,units,0,v41691954,14.81,139.4,,,,1
2022-11,"Toronto, Ontario",2011S0503535,All-items,2002=100,17,units,0,v41692888,16.2,156.3,,,,1
2022-11,"Toronto, Ontario",2011S0503535,Shelter,2002=100,17,units,0,v41692889,16.79,170.3,,,,1
2022-11,"Toronto, Ontario",2011S0503535,Rented accommodation,2002=100,17,units,0,v41692890,16.80,143.2,,,,1
2022-12,Canada,2016A000011124,All-items,2002=100,17,units,0,v41690973,2.2,153.1,,,,1
2022-12,Canada,2016A000011124,Shelter,2002=100,17,units,0,v41691050,2.79,167.8,,,,1
2022-12,Canada,2016A000011124,Rented accommodation,2002=100,17,units,0,v41691051,2.80,138.3,,,,1
2022-12,Canada,2016A000011124,Rent,2002=100,17,units,0,v41691052,2.81,138.1,,,,1
2022-12,Ontario,2016A000235,All-items,2002=100,17,units,0,v41691919,14.2,154.8,,,,1
2022-12,Ontario,2016A000235,Shelter,2002=100,17,units,0,v41691952,14.79,172.0,,,,1
2022-12,Ontario,2016A000235,Rented accommodation,2002=100,17,units,0,v41691953,14.80,139.7,,,,1
2022-12,Ontario,2016A000235,Rent,2002=100,17,units,0,v41691954,14.81,139.6,,,,1
2022-12,"Toronto, Ontario",2011S0503535,All-items,2002=100,17,units,0,v41692888,16.2,155.9,,,,1
2022-12,"Toronto, Ontario",2011S0503535,Shelter,2002=100,17,units,0,v41692889,16.79,170.9,,,,1
2022-12,"Toronto, Ontario",2011S0503535,Rented accommodation,2002=100,17,units,0,v41692890,16.80,143.0,,,,1
2023-01,Canada,2016A000011124,All-items,2002=100,17,units,0,v41690973,2.2,153.9,,,,1
2023-01,Canada,2016A000011124,Shelter,2002=100,17,units,0,v41691050,2.79,168.0,,,,1
2023-01,Canada,2016A000011124,Rented accommodation,2002=100,17,units,0,v41691051,2.80,139.0,,,,1
2023-01,Canada,2016A000011124,Rent,2002=100,17,units,0,v41691052,2.81,138.9,,,,1
2023-01,Ontario,2016A000235,All-items,2002=100,17,units,0,v41691919,14.2,155.7,,,,1
2023-01,Ontario,2016A000235,Shelter,2002=100,17,units,0,v41691952,14.79,172.8,,,,1
2023-01,Ontario,2016A000235,Rented accommodation,2002=100,17,units,0,v41691953,14.80,140.5,,,,1
2023-01,Ontario,2016A000235,Rent,2002=100,17,units,0,v41691954,14.81,140.5,,,,1
2023-01,"Toronto, Ontario",2011S0503535,All-items,2002=100,17,units,0,v41692888,16.2,156.8,,,,1
2023-01,"Toronto, Ontario",2011S0503535,Shelter,2002=100,17,units,0,v41692889,16.79,172.1,,,,1
2023-01,"Toronto, Ontario",2011S0503535,Rented accommodation,2002=100,17,units,0,v41692890,16.80,145.1,,,,1
2023-02,Canada,2016A000011124,All-items,2002=100,17,units,0,v41690973,2.2,154.5,,,,1
2023-02,Canada,2016A000011124,Shelter,2002=100,17,units,0,v41691050,2.79,168.3,,,,1
2023-02,Canada,2016A000011124,Rented accommodation,2002=100,17,units,0,v41691051,2.80,139.8,,,,1
2023-02,Canada,2016A000011124,Rent,2002=100,17,units,0,v41691052,2.81,139.7,,,,1
2023-02,Ontario,2016A000235,All-items,2002=100,17,units,0,v41691919,14.2,156.4,,,,1
2023-02,Ontario,2016A000235,Shelter,2002=100,17,units,0,v41691952,14.79,173.1,,,,1
2023-02,Ontario,2016A000235,Rented accommodation,2002=100,17,units,0,v41691953,14.80,140.6,,,,1
2023-02,Ontario,2016A000235,Rent,2002=100,17,units,0,v41691954,14.81,140.6,,,,1
2023-02,"Toronto, Ontario",2011S0503535,All-items,2002=100,17,units,0,v41692888,16.2,157.4,,,,1
2023-02,"Toronto, Ontario",2011S0503535,Shelter,2002=100,17,units,0,v41692889,16.79,172.4,,,,1
2023-02,"Toronto, Ontario",2011S0503535,Rented accommodation,2002=100,17,units,0,v41692890,16.80,144.4,,,,1
2023-03,Canada,2016A000011124,All-items,2002=100,17,units,0,v41690973,2.2,155.3,,,,1
2023-03,Canada,2016A000011124,Shelter,2002=100,17,units,0,v41691050,2.79,168.9,,,,1
2023-03,Canada,2016A000011124,Rented accommodation,2002=100,17,units,0,v41691051,2.80,140.6,,,,1
2023-03,Canada,2016A000011124,Rent,2002=100,17,units,0,v41691052,2.81,140.4,,,,1
2023-03,Ontario,2016A000235,All-items,2002=100,17,units,0,v41691919,14.2,157.3,,,,1
2023-03,Ontario,2016A000235,Shelter,2002=100,17,units,0,v41691952,14.79,173.8,,,,1
2023-03,Ontario,2016A000235,Rented accommodation,2002=100,17,units,0,v41691953,14.80,142.1,,,,1
2023-03,Ontario,2016A000235,Rent,2002=100,17,units,0,v41691954,14.81,142.1,,,,1
2023-03,"Toronto, Ontario",2011S0503535,All-items,2002=100,17,units,0,v41692888,16.2,158.5,,,,1
2023-03,"Toronto, Ontario",2011S0503535,Shelter,2002=100,17,units,0,v41692889,16.79,173.5,,,,1
2023-03,"Toronto, Ontario",2011S0503535,Rented accommodation,2002=100,17,units,0,v41692890,16.80,146.5,,,,1
2023-04,Canada,2016A000011124,All-items,2002=100,17,units,0,v41690973,2.2,156.4,,,,1
2023-04,Canada,2016A000011124,Shelter,2002=100,17,units,0,v41691050,2.79,169.9,,,,1
2023-04,Canada,2016A000011124,Rented accommodation,2002=100,17,units,0,v41691051,2.80,141.8,,,,1
2023-04,Canada,2016A000011124,Rent,2002=100,17,units,0,v41691052,2.81,141.6,,,,1
2023-04,Ontario,2016A000235,All-items,2002=100,17,units,0,v41691919,14.2,157.9,,,,1
2023-04,Ontario,2016A000235,Shelter,2002=100,17,units,0,v41691952,14.79,174.0,,,,1
2023-04,Ontario,2016A000235,Rented accommodation,2002=100,17,units,0,v41691953,14.80,143.0,,,,1
2023-04,Ontario,2016A000235,Rent,2002=100,17,units,0,v41691954,14.81,142.9,,,,1
2023-04,"Toronto, Ontario",2011S0503535,All-items,2002=100,17,units,0,v41692888,16.2,158.9,,,,1
2023-04,"Toronto, Ontario",2011S0503535,Shelter,2002=100,17,units,0,v41692889,16.79,174.0,,,,1
2023-04,"Toronto, Ontario",2011S0503535,Rented accommodation,2002=100,17,units,0,v41692890,16.80,147.4,,,,1
2023-05,Canada,2016A000011124,All-items,2002=100,17,units,0,v41690973,2.2,157.0,,,,1
2023-05,Canada,2016A000011124,Shelter,2002=100,17,units,0,v41691050,2.79,170.6,,,,1
2023-05,Canada,2016A000011124,Rented accommodation,2002=100,17,units,0,v41691051,2.80,142.1,,,,1
2023-05,Canada,2016A000011124,Rent,2002=100,17,units,0,v41691052,2.81,141.9,,,,1
2023-05,Ontario,2016A000235,All-items,2002=100,17,units,0,v41691919,14.2,158.5,,,,1
2023-05,Ontario,2016A000235,Shelter,2002=100,17,units,0,v41691952,14.79,174.6,,,,1
2023-05,Ontario,2016A000235,Rented accommodation,2002=100,17,units,0,v41691953,14.80,143.0,,,,1
2023-05,Ontario,2016A000235,Rent,2002=100,17,units,0,v41691954,14.81,143.0,,,,1
2023-05,"Toronto, Ontario",2011S0503535,All-items,2002=100,17,units,0,v41692888,16.2,159.8,,,,1
2023-05,"Toronto, Ontario",2011S0503535,Shelter,2002=100,17,units,0,v41692889,16.79,174.6,,,,1
2023-05,"Toronto, Ontario",2011S0503535,Rented accommodation,2002=100,17,units,0,v41692890,16.80,146.0,,,,1
2023-06,Canada,2016A000011124,All-items,2002=100,17,units,0,v41690973,2.2,157.2,,,,1
2023-06,Canada,2016A000011124,Shelter,2002=100,17,units,0,v41691050,2.79,171.4,,,,1
2023-06,Canada,2016A000011124,Rented accommodation,2002=100,17,units,0,v41691051,2.80,142.4,,,,1
2023-06,Canada,2016A000011124,Rent,2002=100,17,units,0,v41691052,2.81,142.3,,,,1
2023-06,Ontario,2016A000235,All-items,2002=100,17,units,0,v41691919,14.2,158.4,,,,1
2023-06,Ontario,2016A000235,Shelter,2002=100,17,units,0,v41691952,14.79,175.4,,,,1
2023-06,Ontario,2016A000235,Rented accommodation,2002=100,17,units,0,v41691953,14.80,144.0,,,,1
2023-06,Ontario,2016A000235,Rent,2002=100,17,units,0,v41691954,14.81,143.9,,,,1
2023-06,"Toronto, Ontario",2011S0503535,All-items,2002=100,17,units,0,v41692888,16.2,159.7,,,,1
2023-06,"Toronto, Ontario",2011S0503535,Shelter,2002=100,17,units,0,v41692889,16.79,175.8,,,,1
2023-06,"Toronto, Ontario",2011S0503535,Rented accommodation,2002=100,17,units,0,v41692890,16.80,147.6,,,,1
2023-07,Canada,2016A000011124,All-items,2002=100,17,units,0,v41690973,2.2,158.1,,,,1
2023-07,Canada,2016A000011124,Shelter,2002=100,17,units,0,v41691050,2.79,172.6,,,,1
2023-07,Canada,2016A000011124,Rented accommodation,2002=100,17,units,0,v41691051,2.80,143.0,,,,1
2023-07,Canada,2016A000011124,Rent,2002=100,17,units,0,v41691052,2.81,142.9,,,,1
2023-07,Ontario,2016A000235,All-items,2002=100,17,units,0,v41691919,14.2,159.6,,,,1
2023-07,Ontario,2016A000235,Shelter,2002=100,17,units,0,v41691952,14.79,176.3,,,,1
2023-07,Ontario,2016A000235,Rented accommodation,2002=100,17,units,0,v41691953,14.80,144.7,,,,1
2023-07,Ontario,2016A000235,Rent,2002=100,17,units,0,v41691954,14.81,144.7,,,,1
2023-07,"Toronto, Ontario",2011S0503535,All-items,2002=100,17,units,0,v41692888,16.2,161.1,,,,1
2023-07,"Toronto, Ontario",2011S0503535,Shelter,2002=100,17,units,0,v41692889,16.79,177.0,,,,1
2023-07,"Toronto, Ontario",2011S0503535,Rented accommodation,2002=100,17,units,0,v41692890,16.80,149.0,,,,1
2023-08,Canada,2016A000011124,All-items,2002=100,17,units,0,v41690973,2.2,158.7,,,,1
2023-08,Canada,2016A000011124,Shelter,2002=100,17,units,0,v41691050,2.79,174.0,,,,1
2023-08,Canada,2016A000011124,Rented accommodation,2002=100,17,units,0,v41691051,2.80,144.0,,,,1
2023-08,Canada,2016A000011124,Rent,2002=100,17,units,0,v41691052,2.81,143.9,,,,1
2023-08,Ontario,2016A000235,All-items,2002=100,17,units,0,v41691919,14.2,159.9,,,,1
2023-08,Ontario,2016A000235,Shelter,2002=100,17,units,0,v41691952,14.79,177.2,,,,1
2023-08,Ontario,2016A000235,Rented accommodation,2002=100,17,units,0,v41691953,14.80,145.2,,,,1
2023-08,Ontario,2016A000235,Rent,2002=100,17,units,0,v41691954,14.81,145.2,,,,1
2023-08,"Toronto, Ontario",2011S0503535,All-items,2002=100,17,units,0,v41692888,16.2,161.4,,,,1
2023-08,"Toronto, Ontario",2011S0503535,Shelter,2002=100,17,units,0,v41692889,16.79,178.4,,,,1
2023-08,"Toronto, Ontario",2011S0503535,Rented accommodation,2002=100,17,units,0,v41692890,16.80,150.7,,,,1
2023-09,Canada,2016A000011124,All-items,2002=100,17,units,0,v41690973,2.2,158.5,,,,1
2023-09,Canada,2016A000011124,Shelter,2002=100,17,units,0,v41691050,2.79,174.8,,,,1
2023-09,Canada,2016A000011124,Rented accommodation,2002=100,17,units,0,v41691051,2.80,145.1,,,,1
2023-09,Canada,2016A000011124,Rent,2002=100,17,units,0,v41691052,2.81,145.1,,,,1
2023-09,Ontario,2016A000235,All-items,2002=100,17,units,0,v41691919,14.2,159.7,,,,1
2023-09,Ontario,2016A000235,Shelter,2002=100,17,units,0,v41691952,14.79,177.7,,,,1
2023-09,Ontario,2016A000235,Rented accommodation,2002=100,17,units,0,v41691953,14.80,145.0,,,,1
2023-09,Ontario,2016A000235,Rent,2002=100,17,units,0,v41691954,14.81,144.9,,,,1
2023-09,"Toronto, Ontario",2011S0503535,All-items,2002=100,17,units,0,v41692888,16.2,161.3,,,,1
2023-09,"Toronto, Ontario",2011S0503535,Shelter,2002=100,17,units,0,v41692889,16.79,179.0,,,,1
2023-09,"Toronto, Ontario",2011S0503535,Rented accommodation,2002=100,17,units,0,v41692890,16.80,150.7,,,,1
2023-10,Canada,2016A000011124,All-items,2002=100,17,units,0,v41690973,2.2,158.6,,,,1
2023-10,Canada,2016A000011124,Shelter,2002=100,17,units,0,v41691050,2.79,176.3,,,,1
2023-10,Canada,2016A000011124,Rented accommodation,2002=100,17,units,0,v41691051,2.80,147.1,,,,1
2023-10,Canada,2016A000011124,Rent,2002=100,17,units,0,v41691052,2.81,147.1,,,,1
2023-10,Ontario,2016A000235,All-items,2002=100,17,units,0,v41691919,14.2,160.3,,,,1
2023-10,Ontario,2016A000235,Shelter,2002=100,17,units,0,v41691952,14.79,179.8,,,,1
2023-10,Ontario,2016A000235,Rented accommodation,2002=100,17,units,0,v41691953,14.80,147.3,,,,1
2023-10,Ontario,2016A000235,Rent,2002=100,17,units,0,v41691954,14.81,147.3,,,,1
2023-10,"Toronto, Ontario",2011S0503535,All-items,2002=100,17,units,0,v41692888,16.2,162.2,,,,1
2023-10,"Toronto, Ontario",2011S0503535,Shelter,2002=100,17,units,0,v41692889,16.79,181.6,,,,1
2023-10,"Toronto, Ontario",2011S0503535,Rented accommodation,2002=100,17,units,0,v41692890,16.80,153.7,,,,1
2023-11,Canada,2016A000011124,All-items,2002=100,17,units,0,v41690973,2.2,158.8,,,,1
2023-11,Canada,2016A000011124,Shelter,2002=100,17,units,0,v41691050,2.79,177.1,,,,1
2023-11,Canada,2016A000011124,Rented accommodation,2002=100,17,units,0,v41691051,2.80,147.7,,,,1
2023-11,Canada,2016A000011124,Rent,2002=100,17,units,0,v41691052,2.81,147.7,,,,1
2023-11,Ontario,2016A000235,All-items,2002=100,17,units,0,v41691919,14.2,160.6,,,,1
2023-11,Ontario,2016A000235,Shelter,2002=100,17,units,0,v41691952,14.79,180.2,,,,1
2023-11,Ontario,2016A000235,Rented accommodation,2002=100,17,units,0,v41691953,14.80,146.5,,,,1
2023-11,Ontario,2016A000235,Rent,2002=100,17,units,0,v41691954,14.81,146.5,,,,1
2023-11,"Toronto, Ontario",2011S0503535,All-items,2002=100,17,units,0,v41692888,16.2,162.3,,,,1
2023-11,"Toronto, Ontario",2011S0503535,Shelter,2002=100,17,units,0,v41692889,16.79,181.2,,,,1
2023-11,"Toronto, Ontario",2011S0503535,Rented accommodation,2002=100,17,units,0,v41692890,16.80,150.9,,,,1
2023-12,Canada,2016A000011124,All-items,2002=100,17,units,0,v41690973,2.2,158.3,,,,1
2023-12,Canada,2016A000011124,Shelter,2002=100,17,units,0,v41691050,2.79,177.8,,,,1
2023-12,Canada,2016A000011124,Rented accommodation,2002=100,17,units,0,v41691051,2.80,148.7,,,,1
2023-12,Canada,2016A000011124,Rent,2002=100,17,units,0,v41691052,2.81,148.8,,,,1
2023-12,Ontario,2016A000235,All-items,2002=100,17,units,0,v41691919,14.2,160.0,,,,1
2023-12,Ontario,2016A000235,Shelter,2002=100,17,units,0,v41691952,14.79,181.3,,,,1
2023-12,Ontario,2016A000235,Rented accommodation,2002=100,17,units,0,v41691953,14.80,149.1,,,,1
2023-12,Ontario,2016A000235,Rent,2002=100,17,units,0,v41691954,14.81,149.2,,,,1
2023-12,"Toronto, Ontario",2011S0503535,All-items,2002=100,17,units,0,v41692888,16.2,162.4,,,,1
2023-12,"Toronto, Ontario",2011S0503535,Shelter,2002=100,17,units,0,v41692889,16.79,182.6,,,,1
2023-12,"Toronto, Ontario",2011S0503535,Rented accommodation,2002=100,17,units,0,v41692890,16.80,154.5,,,,1
2024-01,Canada,2016A000011124,All-items,2002=100,17,units,0,v41690973,2.2,158.3,,,,1
2024-01,Canada,2016A000011124,Shelter,2002=100,17,units,0,v41691050,2.79,178.4,,,,1
2024-01,Canada,2016A000011124,Rented accommodation,2002=100,17,units,0,v41691051,2.80,149.8,,,,1
2024-01,Canada,2016A000011124,Rent,2002=100,17,units,0,v41691052,2.81,149.9,,,,1
2024-01,Ontario,2016A000235,All-items,2002=100,17,units,0,v41691919,14.2,159.9,,,,1
2024-01,Ontario,2016A000235,Shelter,2002=100,17,units,0,v41691952,14.79,181.8,,,,1
2024-01,Ontario,2016A000235,Rented accommodation,2002=100,17,units,0,v41691953,14.80,149.4,,,,1
2024-01,Ontario,2016A000235,Rent,2002=100,17,units,0,v41691954,14.81,149.4,,,,1
2024-01,"Toronto, Ontario",2011S0503535,All-items,2002=100,17,units,0,v41692888,16.2,162.0,,,,1
2024-01,"Toronto, Ontario",2011S0503535,Shelter,2002=100,17,units,0,v41692889,16.79,183.2,,,,1
2024-01,"Toronto, Ontario",2011S0503535,Rented accommodation,2002=100,17,units,0,v41692890,16.80,155.1,,,,1
2024-02,Canada,2016A000011124,All-items,2002=100,17,units,0,v41690973,2.2,158.8,,,,1
2024-02,Canada,2016A000011124,Shelter,2002=100,17,units,0,v41691050,2.79,179.2,,,,1
2024-02,Canada,2016A000011124,Rented accommodation,2002=100,17,units,0,v41691051,2.80,150.9,,,,1
2024-02,Canada,2016A000011124,Rent,2002=100,17,units,0,v41691052,2.81,151.1,,,,1
2024-02,Ontario,2016A000235,All-items,2002=100,17,units,0,v41691919,14.2,160.2,,,,1
2024-02,Ontario,2016A000235,Shelter,2002=100,17,units,0,v41691952,14.79,182.5,,,,1
2024-02,Ontario,2016A000235,Rented accommodation,2002=100,17,units,0,v41691953,14.80,150.6,,,,1
2024-02,Ontario,2016A000235,Rent,2002=100,17,units,0,v41691954,14.81,150.6,,,,1
2024-02,"Toronto, Ontario",2011S0503535,All-items,2002=100,17,units,0,v41692888,16.2,162.2,,,,1
2024-02,"Toronto, Ontario",2011S0503535,Shelter,2002=100,17,units,0,v41692889,16.79,183.7,,,,1
2024-02,"Toronto, Ontario",2011S0503535,Rented accommodation,2002=100,17,units,0,v41692890,16.80,155.5,,,,1
2024-03,Canada,2016A000011124,All-items,2002=100,17,units,0,v41690973,2.2,159.8,,,,1
2024-03,Canada,2016A000011124,Shelter,2002=100,17,units,0,v41691050,2.79,179.9,,,,1
2024-03,Canada,2016A000011124,Rented accommodation,2002=100,17,units,0,v41691051,2.80,152.3,,,,1
2024-03,Canada,2016A000011124,Rent,2002=100,17,units,0,v41691052,2.81,152.4,,,,1
2024-03,Ontario,2016A000235,All-items,2002=100,17,units,0,v41691919,14.2,161.4,,,,1
2024-03,Ontario,2016A000235,Shelter,2002=100,17,units,0,v41691952,14.79,183.4,,,,1
2024-03,Ontario,2016A000235,Rented accommodation,2002=100,17,units,0,v41691953,14.80,151.6,,,,1
2024-03,Ontario,2016A000235,Rent,2002=100,17,units,0,v41691954,14.81,151.7,,,,1
2024-03,"Toronto, Ontario",2011S0503535,All-items,2002=100,17,units,0,v41692888,16.2,163.4,,,,1
2024-03,"Toronto, Ontario",2011S0503535,Shelter,2002=100,17,units,0,v41692889,16.79,184.7,,,,1
2024-03,"Toronto, Ontario",2011S0503535,Rented accommodation,2002=100,17,units,0,v41692890,16.80,156.1,,,,1
2024-04,Canada,2016A000011124,All-items,2002=100,17,units,0,v41690973,2.2,160.6,,,,1
2024-04,Canada,2016A000011124,Shelter,2002=100,17,units,0,v41691050,2.79,180.8,,,,1
2024-04,Canada,2016A000011124,Rented accommodation,2002=100,17,units,0,v41691051,2.80,153.0,,,,1
2024-04,Canada,2016A000011124,Rent,2002=100,17,units,0,v41691052,2.81,153.2,,,,1
2024-04,Ontario,2016A000235,All-items,2002=100,17,units,0,v41691919,14.2,162.2,,,,1
2024-04,Ontario,2016A000235,Shelter,2002=100,17,units,0,v41691952,14.79,183.7,,,,1
2024-04,Ontario,2016A000235,Rented accommodation,2002=100,17,units,0,v41691953,14.80,151.5,,,,1
2024-04,Ontario,2016A000235,Rent,2002=100,17,units,0,v41691954,14.81,151.6,,,,1
2024-04,"Toronto, Ontario",2011S0503535,All-items,2002=100,17,units,0,v41692888,16.2,164.0,,,,1
2024-04,"Toronto, Ontario",2011S0503535,Shelter,2002=100,17,units,0,v41692889,16.79,185.1,,,,1
2024-04,"Toronto, Ontario",2011S0503535,Rented accommodation,2002=100,17,units,0,v41692890,16.80,155.3,,,,1
2024-05,Canada,2016A000011124,All-items,2002=100,17,units,0,v41690973,2.2,161.5,,,,1
2024-05,Canada,2016A000011124,Shelter,2002=100,17,units,0,v41691050,2.79,181.5,,,,1
2024-05,Canada,2016A000011124,Rented accommodation,2002=100,17,units,0,v41691051,2.80,154.3,,,,1
2024-05,Canada,2016A000011124,Rent,2002=100,17,units,0,v41691052,2.81,154.6,,,,1
2024-05,Ontario,2016A000235,All-items,2002=100,17,units,0,v41691919,14.2,163.2,,,,1
2024-05,Ontario,2016A000235,Shelter,2002=100,17,units,0,v41691952,14.79,185.2,,,,1
2024-05,Ontario,2016A000235,Rented accommodation,2002=100,17,units,0,v41691953,14.80,154.8,,,,1
2024-05,Ontario,2016A000235,Rent,2002=100,17,units,0,v41691954,14.81,155.0,,,,1
2024-05,"Toronto, Ontario",2011S0503535,All-items,2002=100,17,units,0,v41692888,16.2,165.3,,,,1
2024-05,"Toronto, Ontario",2011S0503535,Shelter,2002=100,17,units,0,v41692889,16.79,187.0,,,,1
2024-05,"Toronto, Ontario",2011S0503535,Rented accommodation,2002=100,17,units,0,v41692890,16.80,159.4,,,,1
2024-06,Canada,2016A000011124,All-items,2002=100,17,units,0,v41690973,2.2,161.4,,,,1
2024-06,Canada,2016A000011124,Shelter,2002=100,17,units,0,v41691050,2.79,182.1,,,,1
2024-06,Canada,2016A000011124,Rented accommodation,2002=100,17,units,0,v41691051,2.80,154.5,,,,1
2024-06,Canada,2016A000011124,Rent,2002=100,17,units,0,v41691052,2.81,154.8,,,,1
2024-06,Ontario,2016A000235,All-items,2002=100,17,units,0,v41691919,14.2,163.1,,,,1
2024-06,Ontario,2016A000235,Shelter,2002=100,17,units,0,v41691952,14.79,185.5,,,,1
2024-06,Ontario,2016A000235,Rented accommodation,2002=100,17,units,0,v41691953,14.80,154.0,,,,1
2024-06,Ontario,2016A000235,Rent,2002=100,17,units,0,v41691954,14.81,154.2,,,,1
2024-06,"Toronto, Ontario",2011S0503535,All-items,2002=100,17,units,0,v41692888,16.2,165.1,,,,1
2024-06,"Toronto, Ontario",2011S0503535,Shelter,2002=100,17,units,0,v41692889,16.79,187.1,,,,1
2024-06,"Toronto, Ontario",2011S0503535,Rented accommodation,2002=100,17,units,0,v41692890,16.80,157.7,,,,1
2024-07,Canada,2016A000011124,All-items,2002=100,17,units,0,v41690973,2.2,162.1,,,,1
2024-07,Canada,2016A000011124,Shelter,2002=100,17,units,0,v41691050,2.79,182.5,,,,1
2024-07,Canada,2016A000011124,Rented accommodation,2002=100,17,units,0,v41691051,2.80,154.8,,,,1
2024-07,Canada,2016A000011124,Rent,2002=100,17,units,0,v41691052,2.81,155.1,,,,1
2024-07,Ontario,2016A000235,All-items,2002=100,17,units,0,v41691919,14.2,163.9,,,,1
2024-07,Ontario,2016A000235,Shelter,2002=100,17,units,0,v41691952,14.79,185.9,,,,1
2024-07,Ontario,2016A000235,Rented accommodation,2002=100,17,units,0,v41691953,14.80,154.2,,,,1
2024-07,Ontario,2016A000235,Rent,2002=100,17,units,0,v41691954,14.81,154.4,,,,1
2024-07,"Toronto, Ontario",2011S0503535,All-items,2002=100,17,units,0,v41692888,16.2,166.1,,,,1
2024-07,"Toronto, Ontario",2011S0503535,Shelter,2002=100,17,units,0,v41692889,16.79,187.6,,,,1
2024-07,"Toronto, Ontario",2011S0503535,Rented accommodation,2002=100,17,units,0,v41692890,16.80,158.2,,,,1
2024-08,Canada,2016A000011124,All-items,2002=100,17,units,0,v41690973,2.2,161.8,,,,1
2024-08,Canada,2016A000011124,Shelter,2002=100,17,units,0,v41691050,2.79,183.3,,,,1
2024-08,Canada,2016A000011124,Rented accommodation,2002=100,17,units,0,v41691051,2.80,156.4,,,,1
2024-08,Canada,2016A000011124,Rent,2002=100,17,units,0,v41691052,2.81,156.7,,,,1
2024-08,Ontario,2016A000235,All-items,2002=100,17,units,0,v41691919,14.2,163.3,,,,1
2024-08,Ontario,2016A000235,Shelter,2002=100,17,units,0,v41691952,14.79,186.4,,,,1
2024-08,Ontario,2016A000235,Rented accommodation,2002=100,17,units,0,v41691953,14.80,155.3,,,,1
2024-08,Ontario,2016A000235,Rent,2002=100,17,units,0,v41691954,14.81,155.5,,,,1
2024-08,"Toronto, Ontario",2011S0503535,All-items,2002=100,17,units,0,v41692888,16.2,165.7,,,,1
2024-08,"Toronto, Ontario",2011S0503535,Shelter,2002=100,17,units,0,v41692889,16.79,188.4,,,,1
2024-08,"Toronto, Ontario",2011S0503535,Rented accommodation,2002=100,17,units,0,v41692890,16.80,159.6,,,,1
2024-09,Canada,2016A000011124,All-items,2002=100,17,units,0,v41690973,2.2,161.1,,,,1
2024-09,Canada,2016A000011124,Shelter,2002=100,17,units,0,v41691050,2.79,183.5,,,,1
2024-09,Canada,2016A000011124,Rented accommodation,2002=100,17,units,0,v41691051,2.80,156.7,,,,1
2024-09,Canada,2016A000011124,Rent,2002=100,17,units,0,v41691052,2.81,157.0,,,,1
2024-09,Ontario,2016A000235,All-items,2002=100,17,units,0,v41691919,14.2,162.8,,,,1
2024-09,Ontario,2016A000235,Shelter,2002=100,17,units,0,v41691952,14.79,186.6,,,,1
2024-09,Ontario,2016A000235,Rented accommodation,2002=100,17,units,0,v41691953,14.80,155.5,,,,1
2024-09,Ontario,2016A000235,Rent,2002=100,17,units,0,v41691954,14.81,155.7,,,,1
2024-09,"Toronto, Ontario",2011S0503535,All-items,2002=100,17,units,0,v41692888,16.2,165.2,,,,1
2024-09,"Toronto, Ontario",2011S0503535,Shelter,2002=100,17,units,0,v41692889,16.79,189.1,,,,1
2024-09,"Toronto, Ontario",2011S0503535,Rented accommodation,2002=100,17,units,0,v41692890,16.80,160.9,,,,1
2024-10,Canada,2016A000011124,All-items,2002=100,17,units,0,v41690973,2.2,161.8,,,,1
2024-10,Canada,2016A000011124,Shelter,2002=100,17,units,0,v41691050,2.79,184.8,,,,1
2024-10,Canada,2016A000011124,Rented accommodation,2002=100,17,units,0,v41691051,2.80,157.5,,,,1
2024-10,Canada,2016A000011124,Rent,2002=100,17,units,0,v41691052,2.81,157.9,,,,1
2024-10,Ontario,2016A000235,All-items,2002=100,17,units,0,v41691919,14.2,163.5,,,,1
2024-10,Ontario,2016A000235,Shelter,2002=100,17,units,0,v41691952,14.79,187.7,,,,1
2024-10,Ontario,2016A000235,Rented accommodation,2002=100,17,units,0,v41691953,14.80,155.9,,,,1
2024-10,Ontario,2016A000235,Rent,2002=100,17,units,0,v41691954,14.81,156.1,,,,1
2024-10,"Toronto, Ontario",2011S0503535,All-items,2002=100,17,units,0,v41692888,16.2,165.9,,,,1
2024-10,"Toronto, Ontario",2011S0503535,Shelter,2002=100,17,units,0,v41692889,16.79,189.9,,,,1
2024-10,"Toronto, Ontario",2011S0503535,Rented accommodation,2002=100,17,units,0,v41692890,16.80,160.1,,,,1
2024-11,Canada,2016A000011124,All-items,2002=100,17,units,0,v41690973,2.2,161.8,,,,1
2024-11,Canada,2016A000011124,Shelter,2002=100,17,units,0,v41691050,2.79,185.3,,,,1
2024-11,Canada,2016A000011124,Rented accommodation,2002=100,17,units,0,v41691051,2.80,158.5,,,,1
2024-11,Canada,2016A000011124,Rent,2002=100,17,units,0,v41691052,2.81,159.0,,,,1
2024-11,Ontario,2016A000235,All-items,2002=100,17,units,0,v41691919,14.2,163.5,,,,1
2024-11,Ontario,2016A000235,Shelter,2002=100,17,units,0,v41691952,14.79,188.1,,,,1
2024-11,Ontario,2016A000235,Rented accommodation,2002=100,17,units,0,v41691953,14.80,157.0,,,,1
2024-11,Ontario,2016A000235,Rent,2002=100,17,units,0,v41691954,14.81,157.3,,,,1
2024-11,"Toronto, Ontario",2011S0503535,All-items,2002=100,17,units,0,v41692888,16.2,166.0,,,,1
2024-11,"Toronto, Ontario",2011S0503535,Shelter,2002=100,17,units,0,v41692889,16.79,190.1,,,,1
2024-11,"Toronto, Ontario",2011S0503535,Rented accommodation,2002=100,17,units,0,v41692890,16.80,161.1,,,,1
2024-12,Canada,2016A000011124,All-items,2002=100,17,units,0,v41690973,2.2,161.2,,,,1
2024-12,Canada,2016A000011124,Shelter,2002=100,17,units,0,v41691050,2.79,185.8,,,,1
2024-12,Canada,2016A000011124,Rented accommodation,2002=100,17,units,0,v41691051,2.80,158.9,,,,1
2024-12,Canada,2016A000011124,Rent,2002=100,17,units,0,v41691052,2.81,159.4,,,,1
2024-12,Ontario,2016A000235,All-items,2002=100,17,units,0,v41691919,14.2,162.7,,,,1
2024-12,Ontario,2016A000235,Shelter,2002=100,17,units,0,v41691952,14.79,188.8,,,,1
2024-12,Ontario,2016A000235,Rented accommodation,2002=100,17,units,0,v41691953,14.80,158.5,,,,1
2024-12,Ontario,2016A000235,Rent,2002=100,17,units,0,v41691954,14.81,158.8,,,,1
2024-12,"Toronto, Ontario",2011S0503535,All-items,2002=100,17,units,0,v41692888,16.2,165.4,,,,1
2024-12,"Toronto, Ontario",2011S0503535,Shelter,2002=100,17,units,0,v41692889,16.79,191.3,,,,1
2024-12,"Toronto, Ontario",2011S0503535,Rented accommodation,2002=100,17,units,0,v41692890,16.80,163.8,,,,1
2025-01,Canada,2016A000011124,All-items,2002=100,17,units,0,v41690973,2.2,161.3,,,,1
2025-01,Canada,2016A000011124,Shelter,2002=100,17,units,0,v41691050,2.79,186.4,,,,1
2025-01,Canada,2016A000011124,Rented accommodation,2002=100,17,units,0,v41691051,2.80,158.8,,,,1
2025-01,Canada,2016A000011124,Rent,2002=100,17,units,0,v41691052,2.81,159.3,,,,1
2025-01,Ontario,2016A000235,All-items,2002=100,17,units,0,v41691919,14.2,162.6,,,,1
2025-01,Ontario,2016A000235,Shelter,2002=100,17,units,0,v41691952,14.79,189.4,,,,1
2025-01,Ontario,2016A000235,Rented accommodation,2002=100,17,units,0,v41691953,14.80,158.4,,,,1
2025-01,Ontario,2016A000235,Rent,2002=100,17,units,0,v41691954,14.81,158.7,,,,1
2025-01,"Toronto, Ontario",2011S0503535,All-items,2002=100,17,units,0,v41692888,16.2,165.0,,,,1
2025-01,"Toronto, Ontario",2011S0503535,Shelter,2002=100,17,units,0,v41692889,16.79,191.3,,,,1
2025-01,"Toronto, Ontario",2011S0503535,Rented accommodation,2002=100,17,units,0,v41692890,16.80,162.7,,,,1
2025-02,Canada,2016A000011124,All-items,2002=100,17,units,0,v41690973,2.2,163.0,,,,1
2025-02,Canada,2016A000011124,Shelter,2002=100,17,units,0,v41691050,2.79,186.7,,,,1
2025-02,Canada,2016A000011124,Rented accommodation,2002=100,17,units,0,v41691051,2.80,159.3,,,,1
2025-02,Canada,2016A000011124,Rent,2002=100,17,units,0,v41691052,2.81,159.8,,,,1
2025-02,Ontario,2016A000235,All-items,2002=100,17,units,0,v41691919,14.2,164.6,,,,1
2025-02,Ontario,2016A000235,Shelter,2002=100,17,units,0,v41691952,14.79,189.8,,,,1
2025-02,Ontario,2016A000235,Rented accommodation,2002=100,17,units,0,v41691953,14.80,159.3,,,,1
2025-02,Ontario,2016A000235,Rent,2002=100,17,units,0,v41691954,14.81,159.6,,,,1
2025-02,"Toronto, Ontario",2011S0503535,All-items,2002=100,17,units,0,v41692888,16.2,166.8,,,,1
2025-02,"Toronto, Ontario",2011S0503535,Shelter,2002=100,17,units,0,v41692889,16.79,191.3,,,,1
2025-02,"Toronto, Ontario",2011S0503535,Rented accommodation,2002=100,17,units,0,v41692890,16.80,162.3,,,,1
2025-03,Canada,2016A000011124,All-items,2002=100,17,units,0,v41690973,2.2,163.5,,,,1
2025-03,Canada,2016A000011124,Shelter,2002=100,17,units,0,v41691050,2.79,187.0,,,,1
2025-03,Canada,2016A000011124,Rented accommodation,2002=100,17,units,0,v41691051,2.80,159.6,,,,1
2025-03,Canada,2016A000011124,Rent,2002=100,17,units,0,v41691052,2.81,160.1,,,,1
2025-03,Ontario,2016A000235,All-items,2002=100,17,units,0,v41691919,14.2,165.1,,,,1
2025-03,Ontario,2016A000235,Shelter,2002=100,17,units,0,v41691952,14.79,189.7,,,,1
2025-03,Ontario,2016A000235,Rented accommodation,2002=100,17,units,0,v41691953,14.80,158.4,,,,1
2025-03,Ontario,2016A000235,Rent,2002=100,17,units,0,v41691954,14.81,158.6,,,,1
2025-03,"Toronto, Ontario",2011S0503535,All-items,2002=100,17,units,0,v41692888,16.2,167.0,,,,1
2025-03,"Toronto, Ontario",2011S0503535,Shelter,2002=100,17,units,0,v41692889,16.79,191.0,,,,1
2025-03,"Toronto, Ontario",2011S0503535,Rented accommodation,2002=100,17,units,0,v41692890,16.80,160.6,,,,1
2025-04,Canada,2016A000011124,All-items,2002=100,17,units,0,v41690973,2.2,163.4,,,,1
2025-04,Canada,2016A000011124,Shelter,2002=100,17,units,0,v41691050,2.79,186.9,,,,1
2025-04,Canada,2016A000011124,Rented accommodation,2002=100,17,units,0,v41691051,2.80,160.8,,,,1
2025-04,Canada,2016A000011124,Rent,2002=100,17,units,0,v41691052,2.81,161.2,,,,1
2025-04,Ontario,2016A000235,All-items,2002=100,17,units,0,v41691919,14.2,164.8,,,,1
2025-04,Ontario,2016A000235,Shelter,2002=100,17,units,0,v41691952,14.79,189.3,,,,1
2025-04,Ontario,2016A000235,Rented accommodation,2002=100,17,units,0,v41691953,14.80,159.6,,,,1
2025-04,Ontario,2016A000235,Rent,2002=100,17,units,0,v41691954,14.81,159.8,,,,1
2025-04,"Toronto, Ontario",2011S0503535,All-items,2002=100,17,units,0,v41692888,16.2,166.8,,,,1
2025-04,"Toronto, Ontario",2011S0503535,Shelter,2002=100,17,units,0,v41692889,16.79,191.0,,,,1
2025-04,"Toronto, Ontario",2011S0503535,Rented accommodation,2002=100,17,units,0,v41692890,16.80,162.2,,,,1
2025-05,Canada,2016A000011124,All-items,2002=100,17,units,0,v41690973,2.2,164.3,,,,1
2025-05,Canada,2016A000011124,Shelter,2002=100,17,units,0,v41691050,2.79,186.9,,,,1
2025-05,Canada,2016A000011124,Rented accommodation,2002=100,17,units,0,v41691051,2.80,161.1,,,,1
2025-05,Canada,2016A000011124,Rent,2002=100,17,units,0,v41691052,2.81,161.5,,,,1
2025-05,Ontario,2016A000235,All-items,2002=100,17,units,0,v41691919,14.2,165.9,,,,1
2025-05,Ontario,2016A000235,Shelter,2002=100,17,units,0,v41691952,14.79,189.1,,,,1
2025-05,Ontario,2016A000235,Rented accommodation,2002=100,17,units,0,v41691953,14.80,159.3,,,,1
2025-05,Ontario,2016A000235,Rent,2002=100,17,units,0,v41691954,14.81,159.6,,,,1
2025-05,"Toronto, Ontario",2011S0503535,All-items,2002=100,17,units,0,v41692888,16.2,168.1,,,,1
2025-05,"Toronto, Ontario",2011S0503535,Shelter,2002=100,17,units,0,v41692889,16.79,190.9,,,,1
2025-05,"Toronto, Ontario",2011S0503535,Rented accommodation,2002=100,17,units,0,v41692890,16.80,161.9,,,,1
2025-06,Canada,2016A000011124,All-items,2002=100,17,units,0,v41690973,2.2,164.4,,,,1
2025-06,Canada,2016A000011124,Shelter,2002=100,17,units,0,v41691050,2.79,187.3,,,,1
2025-06,Canada,2016A000011124,Rented accommodation,2002=100,17,units,0,v41691051,2.80,161.6,,,,1
2025-06,Canada,2016A000011124,Rent,2002=100,17,units,0,v41691052,2.81,162.1,,,,1
2025-06,Ontario,2016A000235,All-items,2002=100,17,units,0,v41691919,14.2,166.0,,,,1
2025-06,Ontario,2016A000235,Shelter,2002=100,17,units,0,v41691952,14.79,189.3,,,,1
2025-06,Ontario,2016A000235,Rented accommodation,2002=100,17,units,0,v41691953,14.80,160.5,,,,1
2025-06,Ontario,2016A000235,Rent,2002=100,17,units,0,v41691954,14.81,160.8,,,,1
2025-06,"Toronto, Ontario",2011S0503535,All-items,2002=100,17,units,0,v41692888,16.2,168.1,,,,1
2025-06,"Toronto, Ontario",2011S0503535,Shelter,2002=100,17,units,0,v41692889,16.79,191.1,,,,1
2025-06,"Toronto, Ontario",2011S0503535,Rented accommodation,2002=100,17,units,0,v41692890,16.80,163.4,,,,1
2025-07,Canada,2016A000011124,All-items,2002=100,17,units,0,v41690973,2.2,164.9,,,,1
2025-07,Canada,2016A000011124,Shelter,2002=100,17,units,0,v41691050,2.79,187.9,,,,1
2025-07,Canada,2016A000011124,Rented accommodation,2002=100,17,units,0,v41691051,2.80,162.5,,,,1
2025-07,Canada,2016A000011124,Rent,2002=100,17,units,0,v41691052,2.81,163.0,,,,1
2025-07,Ontario,2016A000235,All-items,2002=100,17,units,0,v41691919,14.2,166.5,,,,1
2025-07,Ontario,2016A000235,Shelter,2002=100,17,units,0,v41691952,14.79,189.9,,,,1
2025-07,Ontario,2016A000235,Rented accommodation,2002=100,17,units,0,v41691953,14.80,160.5,,,,1
2025-07,Ontario,2016A000235,Rent,2002=100,17,units,0,v41691954,14.81,160.9,,,,1
2025-07,"Toronto, Ontario",2011S0503535,All-items,2002=100,17,units,0,v41692888,16.2,168.6,,,,1
2025-07,"Toronto, Ontario",2011S0503535,Shelter,2002=100,17,units,0,v41692889,16.79,191.3,,,,1
2025-07,"Toronto, Ontario",2011S0503535,Rented accommodation,2002=100,17,units,0,v41692890,16.80,162.5,,,,1
2025-08,Canada,2016A000011124,All-items,2002=100,17,units,0,v41690973,2.2,164.8,,,,1
2025-08,Canada,2016A000011124,Shelter,2002=100,17,units,0,v41691050,2.79,188.0,,,,1
2025-08,Canada,2016A000011124,Rented accommodation,2002=100,17,units,0,v41691051,2.80,163.2,,,,1
2025-08,Canada,2016A000011124,Rent,2002=100,17,units,0,v41691052,2.81,163.7,,,,1
2025-08,Ontario,2016A000235,All-items,2002=100,17,units,0,v41691919,14.2,166.0,,,,1
2025-08,Ontario,2016A000235,Shelter,2002=100,17,units,0,v41691952,14.79,189.6,,,,1
2025-08,Ontario,2016A000235,Rented accommodation,2002=100,17,units,0,v41691953,14.80,160.2,,,,1
2025-08,Ontario,2016A000235,Rent,2002=100,17,units,0,v41691954,14.81,160.5,,,,1
2025-08,"Toronto, Ontario",2011S0503535,All-items,2002=100,17,units,0,v41692888,16.2,168.1,,,,1
2025-08,"Toronto, Ontario",2011S0503535,Shelter,2002=100,17,units,0,v41692889,16.79,191.4,,,,1
2025-08,"Toronto, Ontario",2011S0503535,Rented accommodation,2002=100,17,units,0,v41692890,16.80,162.9,,,,1
2025-09,Canada,2016A000011124,All-items,2002=100,17,units,0,v41690973,2.2,164.9,,,,1
2025-09,Canada,2016A000011124,Shelter,2002=100,17,units,0,v41691050,2.79,188.2,,,,1
2025-09,Canada,2016A000011124,Rented accommodation,2002=100,17,units,0,v41691051,2.80,164.0,,,,1
2025-09,Canada,2016A000011124,Rent,2002=100,17,units,0,v41691052,2.81,164.5,,,,1
2025-09,Ontario,2016A000235,All-items,2002=100,17,units,0,v41691919,14.2,166.1,,,,1
2025-09,Ontario,2016A000235,Shelter,2002=100,17,units,0,v41691952,14.79,189.5,,,,1
2025-09,Ontario,2016A000235,Rented accommodation,2002=100,17,units,0,v41691953,14.80,160.9,,,,1
2025-09,Ontario,2016A000235,Rent,2002=100,17,units,0,v41691954,14.81,161.2,,,,1
2025-09,"Toronto, Ontario",2011S0503535,All-items,2002=100,17,units,0,v41692888,16.2,168.1,,,,1
2025-09,"Toronto, Ontario",2011S0503535,Shelter,2002=100,17,units,0,v41692889,16.79,191.3,,,,1
2025-09,"Toronto, Ontario",2011S0503535,Rented accommodation,2002=100,17,units,0,v41692890,16.80,163.5,,,,1
2025-10,Canada,2016A000011124,All-items,2002=100,17,units,0,v41690973,2.2,165.3,,,,1
2025-10,Canada,2016A000011124,Shelter,2002=100,17,units,0,v41691050,2.79,189.4,,,,1
2025-10,Canada,2016A000011124,Rented accommodation,2002=100,17,units,0,v41691051,2.80,165.5,,,,1
2025-10,Canada,2016A000011124,Rent,2002=100,17,units,0,v41691052,2.81,166.1,,,,1
2025-10,Ontario,2016A000235,All-items,2002=100,17,units,0,v41691919,14.2,166.4,,,,1
2025-10,Ontario,2016A000235,Shelter,2002=100,17,units,0,v41691952,14.79,189.9,,,,1
2025-10,Ontario,2016A000235,Rented accommodation,2002=100,17,units,0,v41691953,14.80,162.7,,,,1
2025-10,Ontario,2016A000235,Rent,2002=100,17,units,0,v41691954,14.81,163.1,,,,1
2025-10,"Toronto, Ontario",2011S0503535,All-items,2002=100,17,units,0,v41692888,16.2,168.4,,,,1
2025-10,"Toronto, Ontario",2011S0503535,Shelter,2002=100,17,units,0,v41692889,16.79,192.0,,,,1
2025-10,"Toronto, Ontario",2011S0503535,Rented accommodation,2002=100,17,units,0,v41692890,16.80,166.4,,,,1
2025-11,Canada,2016A000011124,All-items,2002=100,17,units,0,v41690973,2.2,165.4,,,,1
2025-11,Canada,2016A000011124,Shelter,2002=100,17,units,0,v41691050,2.79,189.6,,,,1
2025-11,Canada,2016A000011124,Rented accommodation,2002=100,17,units,0,v41691051,2.80,165.8,,,,1
2025-11,Canada,2016A000011124,Rent,2002=100,17,units,0,v41691052,2.81,166.4,,,,1
2025-11,Ontario,2016A000235,All-items,2002=100,17,units,0,v41691919,14.2,166.6,,,,1
2025-11,Ontario,2016A000235,Shelter,2002=100,17,units,0,v41691952,14.79,190.2,,,,1
2025-11,Ontario,2016A000235,Rented accommodation,2002=100,17,units,0,v41691953,14.80,163.3,,,,1
2025-11,Ontario,2016A000235,Rent,2002=100,17,units,0,v41691954,14.81,163.7,,,,1
2025-11,"Toronto, Ontario",2011S0503535,All-items,2002=100,17,units,0,v41692888,16.2,168.6,,,,1
2025-11,"Toronto, Ontario",2011S0503535,Shelter,2002=100,17,units,0,v41692889,16.79,191.7,,,,1
2025-11,"Toronto, Ontario",2011S0503535,Rented accommodation,2002=100,17,units,0,v41692890,16.80,166.6,,,,1
2025-12,Canada,2016A000011124,All-items,2002=100,17,units,0,v41690973,2.2,165.0,,,,1
2025-12,Canada,2016A000011124,Shelter,2002=100,17,units,0,v41691050,2.79,189.7,,,,1
2025-12,Canada,2016A000011124,Rented accommodation,2002=100,17,units,0,v41691051,2.80,166.5,,,,1
2025-12,Canada,2016A000011124,Rent,2002=100,17,units,0,v41691052,2.81,167.2,,,,1
2025-12,Ontario,2016A000235,All-items,2002=100,17,units,0,v41691919,14.2,166.1,,,,1
2025-12,Ontario,2016A000235,Shelter,2002=100,17,units,0,v41691952,14.79,190.0,,,,1
2025-12,Ontario,2016A000235,Rented accommodation,2002=100,17,units,0,v41691953,14.80,163.0,,,,1
2025-12,Ontario,2016A000235,Rent,2002=100,17,units,0,v41691954,14.81,163.4,,,,1
2025-12,"Toronto, Ontario",2011S0503535,All-items,2002=100,17,units,0,v41692888,16.2,168.4,,,,1
2025-12,"Toronto, Ontario",2011S0503535,Shelter,2002=100,17,units,0,v41692889,16.79,191.6,,,,1
2025-12,"Toronto, Ontario",2011S0503535,Rented accommodation,2002=100,17,units,0,v41692890,16.80,166.7,,,,1
2026-01,Canada,2016A000011124,All-items,2002=100,17,units,0,v41690973,2.2,165.0,,,,1
2026-01,Canada,2016A000011124,Shelter,2002=100,17,units,0,v41691050,2.79,189.6,,,,1
2026-01,Canada,2016A000011124,Rented accommodation,2002=100,17,units,0,v41691051,2.80,165.7,,,,1
2026-01,Canada,2016A000011124,Rent,2002=100,17,units,0,v41691052,2.81,166.2,,,,1
2026-01,Ontario,2016A000235,All-items,2002=100,17,units,0,v41691919,14.2,165.9,,,,1
2026-01,Ontario,2016A000235,Shelter,2002=100,17,units,0,v41691952,14.79,189.6,,,,1
2026-01,Ontario,2016A000235,Rented accommodation,2002=100,17,units,0,v41691953,14.80,161.4,,,,1
2026-01,Ontario,2016A000235,Rent,2002=100,17,units,0,v41691954,14.81,161.8,,,,1
2026-01,"Toronto, Ontario",2011S0503535,All-items,2002=100,17,units,0,v41692888,16.2,167.7,,,,1
2026-01,"Toronto, Ontario",2011S0503535,Shelter,2002=100,17,units,0,v41692889,16.79,190.8,,,,1
2026-01,"Toronto, Ontario",2011S0503535,Rented accommodation,2002=100,17,units,0,v41692890,16.80,163.7,,,,1
2026-02,Canada,2016A000011124,All-items,2002=100,17,units,0,v41690973,2.2,165.9,,,,1
2026-02,Canada,2016A000011124,Shelter,2002=100,17,units,0,v41691050,2.79,189.5,,,,1
2026-02,Canada,2016A000011124,Rented accommodation,2002=100,17,units,0,v41691051,2.80,165.5,,,,1
2026-02,Canada,2016A000011124,Rent,2002=100,17,units,0,v41691052,2.81,166.0,,,,1
2026-02,Ontario,2016A000235,All-items,2002=100,17,units,0,v41691919,14.2,166.7,,,,1
2026-02,Ontario,2016A000235,Shelter,2002=100,17,units,0,v41691952,14.79,189.3,,,,1
2026-02,Ontario,2016A000235,Rented accommodation,2002=100,17,units,0,v41691953,14.80,161.3,,,,1
2026-02,Ontario,2016A000235,Rent,2002=100,17,units,0,v41691954,14.81,161.6,,,,1
2026-02,"Toronto, Ontario",2011S0503535,All-items,2002=100,17,units,0,v41692888,16.2,168.4,,,,1
2026-02,"Toronto, Ontario",2011S0503535,Shelter,2002=100,17,units,0,v41692889,16.79,190.2,,,,1
2026-02,"Toronto, Ontario",2011S0503535,Rented accommodation,2002=100,17,units,0,v41692890,16.80,163.7,,,,1
2026-03,Canada,2016A000011124,All-items,2002=100,17,units,0,v41690973,2.2,167.4,,,,1
2026-03,Canada,2016A000011124,Shelter,2002=100,17,units,0,v41691050,2.79,190.1,,,,1
2026-03,Canada,2016A000011124,Rented accommodation,2002=100,17,units,0,v41691051,2.80,166.3,,,,1
2026-03,Canada,2016A000011124,Rent,2002=100,17,units,0,v41691052,2.81,166.9,,,,1
2026-03,Ontario,2016A000235,All-items,2002=100,17,units,0,v41691919,14.2,168.2,,,,1
2026-03,Ontario,2016A000235,Shelter,2002=100,17,units,0,v41691952,14.79,189.9,,,,1
2026-03,Ontario,2016A000235,Rented accommodation,2002=100,17,units,0,v41691953,14.80,162.8,,,,1
2026-03,Ontario,2016A000235,Rent,2002=100,17,units,0,v41691954,14.81,163.2,,,,1
2026-03,"Toronto, Ontario",2011S0503535,All-items,2002=100,17,units,0,v41692888,16.2,169.7,,,,1
2026-03,"Toronto, Ontario",2011S0503535,Shelter,2002=100,17,units,0,v41692889,16.79,190.7,,,,1
2026-03,"Toronto, Ontario",2011S0503535,Rented accommodation,2002=100,17,units,0,v41692890,16.80,165.1,,,,1
2026-04,Canada,2016A000011124,All-items,2002=100,17,units,0,v41690973,2.2,168.0,,,,1
2026-04,Canada,2016A000011124,Shelter,2002=100,17,units,0,v41691050,2.79,190.2,,,,1
2026-04,Canada,2016A000011124,Rented accommodation,2002=100,17,units,0,v41691051,2.80,166.4,,,,1
2026-04,Canada,2016A000011124,Rent,2002=100,17,units,0,v41691052,2.81,167.0,,,,1
2026-04,Ontario,2016A000235,All-items,2002=100,17,units,0,v41691919,14.2,168.8,,,,1
2026-04,Ontario,2016A000235,Shelter,2002=100,17,units,0,v41691952,14.79,189.6,,,,1
2026-04,Ontario,2016A000235,Rented accommodation,2002=100,17,units,0,v41691953,14.80,163.0,,,,1
2026-04,Ontario,2016A000235,Rent,2002=100,17,units,0,v41691954,14.81,163.3,,,,1
2026-04,"Toronto, Ontario",2011S0503535,All-items,2002=100,17,units,0,v41692888,16.2,170.0,,,,1
2026-04,"Toronto, Ontario",2011S0503535,Shelter,2002=100,17,units,0,v41692889,16.79,190.4,,,,1
2026-04,"Toronto, Ontario",2011S0503535,Rented accommodation,2002=100,17,units,0,v41692890,16.80,165.6,,,,1
2026-05,Canada,2016A000011124,All-items,2002=100,17,units,0,v41690973,2.2,169.6,,,,1
2026-05,Canada,2016A000011124,Shelter,2002=100,17,units,0,v41691050,2.79,190.1,,,,1
2026-05,Canada,2016A000011124,Rented accommodation,2002=100,17,units,0,v41691051,2.80,166.6,,,,1
2026-05,Canada,2016A000011124,Rent,2002=100,17,units,0,v41691052,2.81,167.2,,,,1
2026-05,Ontario,2016A000235,All-items,2002=100,17,units,0,v41691919,14.2,170.2,,,,1
2026-05,Ontario,2016A000235,Shelter,2002=100,17,units,0,v41691952,14.79,189.4,,,,1
2026-05,Ontario,2016A000235,Rented accommodation,2002=100,17,units,0,v41691953,14.80,163.0,,,,1
2026-05,Ontario,2016A000235,Rent,2002=100,17,units,0,v41691954,14.81,163.4,,,,1
2026-05,"Toronto, Ontario",2011S0503535,All-items,2002=100,17,units,0,v41692888,16.2,171.7,,,,1
2026-05,"Toronto, Ontario",2011S0503535,Shelter,2002=100,17,units,0,v41692889,16.79,190.0,,,,1
2026-05,"Toronto, Ontario",2011S0503535,Rented accommodation,2002=100,17,units,0,v41692890,16.80,165.2,,,,1
2026-06,Canada,2016A000011124,All-items,2002=100,17,units,0,v41690973,2.2,169.0,,,,1
2026-06,Canada,2016A000011124,Shelter,2002=100,17,units,0,v41691050,2.79,190.2,,,,1
2026-06,Canada,2016A000011124,Rented accommodation,2002=100,17,units,0,v41691051,2.80,167.1,,,,1
2026-06,Canada,2016A000011124,Rent,2002=100,17,units,0,v41691052,2.81,167.8,,,,1
2026-06,Ontario,2016A000235,All-items,2002=100,17,units,0,v41691919,14.2,169.3,,,,1
2026-06,Ontario,2016A000235,Shelter,2002=100,17,units,0,v41691952,14.79,189.6,,,,1
2026-06,Ontario,2016A000235,Rented accommodation,2002=100,17,units,0,v41691953,14.80,164.0,,,,1
2026-06,Ontario,2016A000235,Rent,2002=100,17,units,0,v41691954,14.81,164.4,,,,1
2026-06,"Toronto, Ontario",2011S0503535,All-items,2002=100,17,units,0,v41692888,16.2,170.9,,,,1
2026-06,"Toronto, Ontario",2011S0503535,Shelter,2002=100,17,units,0,v41692889,16.79,190.0,,,,1
2026-06,"Toronto, Ontario",2011S0503535,Rented accommodation,2002=100,17,units,0,v41692890,16.80,165.7,,,,1
2026-07,Canada,2016A000011124,All-items,2002=100,17,units,0,v41690973,2.2,169.9,,,,1
2026-07,Canada,2016A000011124,Shelter,2002=100,17,units,0,v41691050,2.79,190.3,,,,1
2026-07,Canada,2016A000011124,Rented accommodation,2002=100,17,units,0,v41691051,2.80,166.4,,,,1
2026-07,Canada,2016A000011124,Rent,2002=100,17,units,0,v41691052,2.81,167.0,,,,1
2026-07,Ontario,2016A000235,All-items,2002=100,17,units,0,v41691919,14.2,169.9,,,,1
2026-07,Ontario,2016A000235,Shelter,2002=100,17,units,0,v41691952,14.79,189.0,,,,1
2026-07,Ontario,2016A000235,Rented accommodation,2002=100,17,units,0,v41691953,14.80,161.7,,,,1
2026-07,Ontario,2016A000235,Rent,2002=100,17,units,0,v41691954,14.81,162.1,,,,1
2026-07,"Toronto, Ontario",2011S0503535,All-items,2002=100,17,units,0,v41692888,16.2,171.4,,,,1
2026-07,"Toronto, Ontario",2011S0503535,Shelter,2002=100,17,units,0,v41692889,16.79,189.3,,,,1
2026-07,"Toronto, Ontario",2011S0503535,Rented accommodation,2002=100,17,units,0,v41692890,16.80,163.1,,,,1
