REF_DATE,GEO,DGUID,Type of structure,Type of unit,UOM,UOM_ID,SCALAR_FACTOR,SCALAR_ID,VECTOR,COORDINATE,VALUE,STATUS,SYMBOL,TERMINATED,DECIMALS
1987,"Brock, Ontario",2011A00053518039,Row and apartment structures of three units and over,Bachelor units,Dollars,81,units,0,v53843611,221.3.1,,..,,,0
1987,"Brock, Ontario",2011A00053518039,Row and apartment structures of three units and over,One bedroom units,Dollars,81,units,0,v53843651,221.3.2,,..,,,0
1987,"Brock, Ontario",2011A00053518039,Row and apartment structures of three units and over,Two bedroom units,Dollars,81,units,0,v53843691,221.3.3,,..,,,0
1987,"Brock, Ontario",2011A00053518039,Row and apartment structures of three units and over,Three bedroom units,Dollars,81,units,0,v53843731,221.3.4,,..,,,0
1987,"Brock, Ontario",2011A00053518039,Row structures of three units and over,Bachelor units,Dollars,81,units,0,v53843771,221.2.1,,..,,,0
1987,"Brock, Ontario",2011A00053518039,Row structures of three units and over,One bedroom units,Dollars,81,units,0,v53843811,221.2.2,,..,,,0
1987,"Brock, Ontario",2011A00053518039,Row structures of three units and over,Two bedroom units,Dollars,81,units,0,v53843851,221.2.3,,..,,,0
1987,"Brock, Ontario",2011A00053518039,Row structures of three units and over,Three bedroom units,Dollars,81,units,0,v53843891,221.2.4,,..,,,0
1987,"Brock, Ontario",2011A00053518039,Apartment structures of three units and over,Bachelor units,Dollars,81,units,0,v53843931,221.1.1,,..,,,0
1987,"Brock, Ontario",2011A00053518039,Apartment structures of three units and over,One bedroom units,Dollars,81,units,0,v53843971,221.1.2,,..,,,0
1987,"Brock, Ontario",2011A00053518039,Apartment structures of three units and over,Two bedroom units,Dollars,81,units,0,v53844011,221.1.3,,..,,,0
1987,"Brock, Ontario",2011A00053518039,Apartment structures of three units and over,Three bedroom units,Dollars,81,units,0,v53844051,221.1.4,,..,,,0
1987,"Brock, Ontario",2011A00053518039,Apartment structures of six units and over,Bachelor units,Dollars,81,units,0,v53844091,221.4.1,,..,,,0
1987,"Brock, Ontario",2011A00053518039,Apartment structures of six units and over,One bedroom units,Dollars,81,units,0,v53844131,221.4.2,,..,,,0
1987,"Brock, Ontario",2011A00053518039,Apartment structures of six units and over,Two bedroom units,Dollars,81,units,0,v53844171,221.4.3,,..,,,0
1987,"Brock, Ontario",2011A00053518039,Apartment structures of six units and over,Three bedroom units,Dollars,81,units,0,v53844211,221.4.4,,..,,,0
1987,"Halton Hills, Ontario",2011A00053524015,Apartment structures of six units and over,Bachelor units,Dollars,81,units,0,v3824504,84.4.1,,F,,t,0
1987,"Halton Hills, Ontario",2011A00053524015,Apartment structures of six units and over,One bedroom units,Dollars,81,units,0,v3824692,84.4.2,422,,,t,0
1987,"Halton Hills, Ontario",2011A00053524015,Apartment structures of six units and over,Two bedroom units,Dollars,81,units,0,v3824880,84.4.3,387,,,t,0
1987,"Halton Hills, Ontario",2011A00053524015,Apartment structures of six units and over,Three bedroom units,Dollars,81,units,0,v3825068,84.4.4,,F,,t,0
1987,"Hamilton, Ontario",2011S0503537,Row and apartment structures of three units and over,Bachelor units,Dollars,81,units,0,v3822818,85.3.1,,..,,,0
1987,"Hamilton, Ontario",2011S0503537,Row and apartment structures of three units and over,One bedroom units,Dollars,81,units,0,v3822952,85.3.2,,..,,,0
1987,"Hamilton, Ontario",2011S0503537,Row and apartment structures of three units and over,Two bedroom units,Dollars,81,units,0,v3823086,85.3.3,,..,,,0
1987,"Hamilton, Ontario",2011S0503537,Row and apartment structures of three units and over,Three bedroom units,Dollars,81,units,0,v3823220,85.3.4,,..,,,0
1987,"Hamilton, Ontario",2011S0503537,Row structures of three units and over,Bachelor units,Dollars,81,units,0,v3823354,85.2.1,,..,,,0
1987,"Hamilton, Ontario",2011S0503537,Row structures of three units and over,One bedroom units,Dollars,81,units,0,v3823488,85.2.2,,..,,,0
1987,"Hamilton, Ontario",2011S0503537,Row structures of three units and over,Two bedroom units,Dollars,81,units,0,v3823622,85.2.3,,..,,,0
1987,"Hamilton, Ontario",2011S0503537,Row structures of three units and over,Three bedroom units,Dollars,81,units,0,v3823756,85.2.4,,..,,,0
1987,"Hamilton, Ontario",2011S0503537,Apartment structures of three units and over,Bachelor units,Dollars,81,units,0,v3823890,85.1.1,,..,,,0
1987,"Hamilton, Ontario",2011S0503537,Apartment structures of three units and over,One bedroom units,Dollars,81,units,0,v3824024,85.1.2,,..,,,0
1987,"Hamilton, Ontario",2011S0503537,Apartment structures of three units and over,Two bedroom units,Dollars,81,units,0,v3824158,85.1.3,,..,,,0
1987,"Hamilton, Ontario",2011S0503537,Apartment structures of three units and over,Three bedroom units,Dollars,81,units,0,v3824292,85.1.4,,..,,,0
1987,"Hamilton, Ontario",2011S0503537,Apartment structures of six units and over,Bachelor units,Dollars,81,units,0,v3824426,85.4.1,287,,,,0
1987,"Hamilton, Ontario",2011S0503537,Apartment structures of six units and over,One bedroom units,Dollars,81,units,0,v3824614,85.4.2,361,,,,0
1987,"Hamilton, Ontario",2011S0503537,Apartment structures of six units and over,Two bedroom units,Dollars,81,units,0,v3824802,85.4.3,435,,,,0
1987,"Hamilton, Ontario",2011S0503537,Apartment structures of six units and over,Three bedroom units,Dollars,81,units,0,v3824990,85.4.4,553,,,,0
1987,"Milton, Ontario",2011A00053524009,Apartment structures of six units and over,Bachelor units,Dollars,81,units,0,v3824514,98.4.1,,F,,t,0
1987,"Milton, Ontario",2011A00053524009,Apartment structures of six units and over,One bedroom units,Dollars,81,units,0,v3824702,98.4.2,,F,,t,0
1987,"Milton, Ontario",2011A00053524009,Apartment structures of six units and over,Two bedroom units,Dollars,81,units,0,v3824890,98.4.3,,F,,t,0
1987,"Milton, Ontario",2011A00053524009,Apartment structures of six units and over,Three bedroom units,Dollars,81,units,0,v3825078,98.4.4,,F,,t,0
1987,"Oshawa, Ontario",2011S0503532,Row and apartment structures of three units and over,Bachelor units,Dollars,81,units,0,v3822823,104.3.1,,..,,,0
1987,"Oshawa, Ontario",2011S0503532,Row and apartment structures of three units and over,One bedroom units,Dollars,81,units,0,v3822957,104.3.2,,..,,,0
1987,"Oshawa, Ontario",2011S0503532,Row and apartment structures of three units and over,Two bedroom units,Dollars,81,units,0,v3823091,104.3.3,,..,,,0
1987,"Oshawa, Ontario",2011S0503532,Row and apartment structures of three units and over,Three bedroom units,Dollars,81,units,0,v3823225,104.3.4,,..,,,0
1987,"Oshawa, Ontario",2011S0503532,Row structures of three units and over,Bachelor units,Dollars,81,units,0,v3823359,104.2.1,,..,,,0
1987,"Oshawa, Ontario",2011S0503532,Row structures of three units and over,One bedroom units,Dollars,81,units,0,v3823493,104.2.2,,..,,,0
1987,"Oshawa, Ontario",2011S0503532,Row structures of three units and over,Two bedroom units,Dollars,81,units,0,v3823627,104.2.3,,..,,,0
1987,"Oshawa, Ontario",2011S0503532,Row structures of three units and over,Three bedroom units,Dollars,81,units,0,v3823761,104.2.4,,..,,,0
1987,"Oshawa, Ontario",2011S0503532,Apartment structures of three units and over,Bachelor units,Dollars,81,units,0,v3823895,104.1.1,,..,,,0
1987,"Oshawa, Ontario",2011S0503532,Apartment structures of three units and over,One bedroom units,Dollars,81,units,0,v3824029,104.1.2,,..,,,0
1987,"Oshawa, Ontario",2011S0503532,Apartment structures of three units and over,Two bedroom units,Dollars,81,units,0,v3824163,104.1.3,,..,,,0
1987,"Oshawa, Ontario",2011S0503532,Apartment structures of three units and over,Three bedroom units,Dollars,81,units,0,v3824297,104.1.4,,..,,,0
1987,"Oshawa, Ontario",2011S0503532,Apartment structures of six units and over,Bachelor units,Dollars,81,units,0,v3824431,104.4.1,378,,,,0
1987,"Oshawa, Ontario",2011S0503532,Apartment structures of six units and over,One bedroom units,Dollars,81,units,0,v3824619,104.4.2,445,,,,0
1987,"Oshawa, Ontario",2011S0503532,Apartment structures of six units and over,Two bedroom units,Dollars,81,units,0,v3824807,104.4.3,504,,,,0
1987,"Oshawa, Ontario",2011S0503532,Apartment structures of six units and over,Three bedroom units,Dollars,81,units,0,v3824995,104.4.4,596,,,,0
1987,"Scugog, Ontario",2011A00053518020,Row and apartment structures of three units and over,Bachelor units,Dollars,81,units,0,v53843634,228.3.1,,..,,,0
1987,"Scugog, Ontario",2011A00053518020,Row and apartment structures of three units and over,One bedroom units,Dollars,81,units,0,v53843674,228.3.2,,..,,,0
1987,"Scugog, Ontario",2011A00053518020,Row and apartment structures of three units and over,Two bedroom units,Dollars,81,units,0,v53843714,228.3.3,,..,,,0
1987,"Scugog, Ontario",2011A00053518020,Row and apartment structures of three units and over,Three bedroom units,Dollars,81,units,0,v53843754,228.3.4,,..,,,0
1987,"Scugog, Ontario",2011A00053518020,Row structures of three units and over,Bachelor units,Dollars,81,units,0,v53843794,228.2.1,,..,,,0
1987,"Scugog, Ontario",2011A00053518020,Row structures of three units and over,One bedroom units,Dollars,81,units,0,v53843834,228.2.2,,..,,,0
1987,"Scugog, Ontario",2011A00053518020,Row structures of three units and over,Two bedroom units,Dollars,81,units,0,v53843874,228.2.3,,..,,,0
1987,"Scugog, Ontario",2011A00053518020,Row structures of three units and over,Three bedroom units,Dollars,81,units,0,v53843914,228.2.4,,..,,,0
1987,"Scugog, Ontario",2011A00053518020,Apartment structures of three units and over,Bachelor units,Dollars,81,units,0,v53843954,228.1.1,,..,,,0
1987,"Scugog, Ontario",2011A00053518020,Apartment structures of three units and over,One bedroom units,Dollars,81,units,0,v53843994,228.1.2,,..,,,0
1987,"Scugog, Ontario",2011A00053518020,Apartment structures of three units and over,Two bedroom units,Dollars,81,units,0,v53844034,228.1.3,,..,,,0
1987,"Scugog, Ontario",2011A00053518020,Apartment structures of three units and over,Three bedroom units,Dollars,81,units,0,v53844074,228.1.4,,..,,,0
1987,"Scugog, Ontario",2011A00053518020,Apartment structures of six units and over,Bachelor units,Dollars,81,units,0,v53844114,228.4.1,,..,,,0
1987,"Scugog, Ontario",2011A00053518020,Apartment structures of six units and over,One bedroom units,Dollars,81,units,0,v53844154,228.4.2,,..,,,0
1987,"Scugog, Ontario",2011A00053518020,Apartment structures of six units and over,Two bedroom units,Dollars,81,units,0,v53844194,228.4.3,,..,,,0
1987,"Scugog, Ontario",2011A00053518020,Apartment structures of six units and over,Three bedroom units,Dollars,81,units,0,v53844234,228.4.4,,..,,,0
1987,"Toronto, Ontario",2011S0503535,Row and apartment structures of three units and over,Bachelor units,Dollars,81,units,0,v3822835,125.3.1,,..,,,0
1987,"Toronto, Ontario",2011S0503535,Row and apartment structures of three units and over,One bedroom units,Dollars,81,units,0,v3822969,125.3.2,,..,,,0
1987,"Toronto, Ontario",2011S0503535,Row and apartment structures of three units and over,Two bedroom units,Dollars,81,units,0,v3823103,125.3.3,,..,,,0
1987,"Toronto, Ontario",2011S0503535,Row and apartment structures of three units and over,Three bedroom units,Dollars,81,units,0,v3823237,125.3.4,,..,,,0
1987,"Toronto, Ontario",2011S0503535,Row structures of three units and over,Bachelor units,Dollars,81,units,0,v3823371,125.2.1,,..,,,0
1987,"Toronto, Ontario",2011S0503535,Row structures of three units and over,One bedroom units,Dollars,81,units,0,v3823505,125.2.2,,..,,,0
1987,"Toronto, Ontario",2011S0503535,Row structures of three units and over,Two bedroom units,Dollars,81,units,0,v3823639,125.2.3,,..,,,0
1987,"Toronto, Ontario",2011S0503535,Row structures of three units and over,Three bedroom units,Dollars,81,units,0,v3823773,125.2.4,,..,,,0
1987,"Toronto, Ontario",2011S0503535,Apartment structures of three units and over,Bachelor units,Dollars,81,units,0,v3823907,125.1.1,,..,,,0
1987,"Toronto, Ontario",2011S0503535,Apartment structures of three units and over,One bedroom units,Dollars,81,units,0,v3824041,125.1.2,,..,,,0
1987,"Toronto, Ontario",2011S0503535,Apartment structures of three units and over,Two bedroom units,Dollars,81,units,0,v3824175,125.1.3,,..,,,0
1987,"Toronto, Ontario",2011S0503535,Apartment structures of three units and over,Three bedroom units,Dollars,81,units,0,v3824309,125.1.4,,..,,,0
1987,"Toronto, Ontario",2011S0503535,Apartment structures of six units and over,Bachelor units,Dollars,81,units,0,v3824443,125.4.1,377,,,,0
1987,"Toronto, Ontario",2011S0503535,Apartment structures of six units and over,One bedroom units,Dollars,81,units,0,v3824631,125.4.2,470,,,,0
1987,"Toronto, Ontario",2011S0503535,Apartment structures of six units and over,Two bedroom units,Dollars,81,units,0,v3824819,125.4.3,567,,,,0
1987,"Toronto, Ontario",2011S0503535,Apartment structures of six units and over,Three bedroom units,Dollars,81,units,0,v3825007,125.4.4,704,,,,0
1988,"Brock, Ontario",2011A00053518039,Row and apartment structures of three units and over,Bachelor units,Dollars,81,units,0,v53843611,221.3.1,,..,,,0
1988,"Brock, Ontario",2011A00053518039,Row and apartment structures of three units and over,One bedroom units,Dollars,81,units,0,v53843651,221.3.2,,..,,,0
1988,"Brock, Ontario",2011A00053518039,Row and apartment structures of three units and over,Two bedroom units,Dollars,81,units,0,v53843691,221.3.3,,..,,,0
1988,"Brock, Ontario",2011A00053518039,Row and apartment structures of three units and over,Three bedroom units,Dollars,81,units,0,v53843731,221.3.4,,..,,,0
1988,"Brock, Ontario",2011A00053518039,Row structures of three units and over,Bachelor units,Dollars,81,units,0,v53843771,221.2.1,,..,,,0
1988,"Brock, Ontario",2011A00053518039,Row structures of three units and over,One bedroom units,Dollars,81,units,0,v53843811,221.2.2,,..,,,0
1988,"Brock, Ontario",2011A00053518039,Row structures of three units and over,Two bedroom units,Dollars,81,units,0,v53843851,221.2.3,,..,,,0
1988,"Brock, Ontario",2011A00053518039,Row structures of three units and over,Three bedroom units,Dollars,81,units,0,v53843891,221.2.4,,..,,,0
1988,"Brock, Ontario",2011A00053518039,Apartment structures of three units and over,Bachelor units,Dollars,81,units,0,v53843931,221.1.1,,..,,,0
1988,"Brock, Ontario",2011A00053518039,Apartment structures of three units and over,One bedroom units,Dollars,81,units,0,v53843971,221.1.2,,..,,,0
1988,"Brock, Ontario",2011A00053518039,Apartment structures of three units and over,Two bedroom units,Dollars,81,units,0,v53844011,221.1.3,,..,,,0
1988,"Brock, Ontario",2011A00053518039,Apartment structures of three units and over,Three bedroom units,Dollars,81,units,0,v53844051,221.1.4,,..,,,0
1988,"Brock, Ontario",2011A00053518039,Apartment structures of six units and over,Bachelor units,Dollars,81,units,0,v53844091,221.4.1,,..,,,0
1988,"Brock, Ontario",2011A00053518039,Apartment structures of six units and over,One bedroom units,Dollars,81,units,0,v53844131,221.4.2,,..,,,0
1988,"Brock, Ontario",2011A00053518039,Apartment structures of six units and over,Two bedroom units,Dollars,81,units,0,v53844171,221.4.3,,..,,,0
1988,"Brock, Ontario",2011A00053518039,Apartment structures of six units and over,Three bedroom units,Dollars,81,units,0,v53844211,221.4.4,,..,,,0
1988,"Hamilton, Ontario",2011S0503537,Row and apartment structures of three units and over,Bachelor units,Dollars,81,units,0,v3822818,85.3.1,,..,,,0
1988,"Hamilton, Ontario",2011S0503537,Row and apartment structures of three units and over,One bedroom units,Dollars,81,units,0,v3822952,85.3.2,,..,,,0
1988,"Hamilton, Ontario",2011S0503537,Row and apartment structures of three units and over,Two bedroom units,Dollars,81,units,0,v3823086,85.3.3,,..,,,0
1988,"Hamilton, Ontario",2011S0503537,Row and apartment structures of three units and over,Three bedroom units,Dollars,81,units,0,v3823220,85.3.4,,..,,,0
1988,"Hamilton, Ontario",2011S0503537,Row structures of three units and over,Bachelor units,Dollars,81,units,0,v3823354,85.2.1,,..,,,0
1988,"Hamilton, Ontario",2011S0503537,Row structures of three units and over,One bedroom units,Dollars,81,units,0,v3823488,85.2.2,,..,,,0
1988,"Hamilton, Ontario",2011S0503537,Row structures of three units and over,Two bedroom units,Dollars,81,units,0,v3823622,85.2.3,,..,,,0
1988,"Hamilton, Ontario",2011S0503537,Row structures of three units and over,Three bedroom units,Dollars,81,units,0,v3823756,85.2.4,,..,,,0
1988,"Hamilton, Ontario",2011S0503537,Apartment structures of three units and over,Bachelor units,Dollars,81,units,0,v3823890,85.1.1,,..,,,0
1988,"Hamilton, Ontario",2011S0503537,Apartment structures of three units and over,One bedroom units,Dollars,81,units,0,v3824024,85.1.2,,..,,,0
1988,"Hamilton, Ontario",2011S0503537,Apartment structures of three units and over,Two bedroom units,Dollars,81,units,0,v3824158,85.1.3,,..,,,0
1988,"Hamilton, Ontario",2011S0503537,Apartment structures of three units and over,Three bedroom units,Dollars,81,units,0,v3824292,85.1.4,,..,,,0
1988,"Hamilton, Ontario",2011S0503537,Apartment structures of six units and over,Bachelor units,Dollars,81,units,0,v3824426,85.4.1,307,,,,0
1988,"Hamilton, Ontario",2011S0503537,Apartment structures of six units and over,One bedroom units,Dollars,81,units,0,v3824614,85.4.2,383,,,,0
1988,"Hamilton, Ontario",2011S0503537,Apartment structures of six units and over,Two bedroom units,Dollars,81,units,0,v3824802,85.4.3,467,,,,0
1988,"Hamilton, Ontario",2011S0503537,Apartment structures of six units and over,Three bedroom units,Dollars,81,units,0,v3824990,85.4.4,592,,,,0
1988,"Oshawa, Ontario",2011S0503532,Row and apartment structures of three units and over,Bachelor units,Dollars,81,units,0,v3822823,104.3.1,,..,,,0
1988,"Oshawa, Ontario",2011S0503532,Row and apartment structures of three units and over,One bedroom units,Dollars,81,units,0,v3822957,104.3.2,,..,,,0
1988,"Oshawa, Ontario",2011S0503532,Row and apartment structures of three units and over,Two bedroom units,Dollars,81,units,0,v3823091,104.3.3,,..,,,0
1988,"Oshawa, Ontario",2011S0503532,Row and apartment structures of three units and over,Three bedroom units,Dollars,81,units,0,v3823225,104.3.4,,..,,,0
1988,"Oshawa, Ontario",2011S0503532,Row structures of three units and over,Bachelor units,Dollars,81,units,0,v3823359,104.2.1,,..,,,0
1988,"Oshawa, Ontario",2011S0503532,Row structures of three units and over,One bedroom units,Dollars,81,units,0,v3823493,104.2.2,,..,,,0
1988,"Oshawa, Ontario",2011S0503532,Row structures of three units and over,Two bedroom units,Dollars,81,units,0,v3823627,104.2.3,,..,,,0
1988,"Oshawa, Ontario",2011S0503532,Row structures of three units and over,Three bedroom units,Dollars,81,units,0,v3823761,104.2.4,,..,,,0
1988,"Oshawa, Ontario",2011S0503532,Apartment structures of three units and over,Bachelor units,Dollars,81,units,0,v3823895,104.1.1,,..,,,0
1988,"Oshawa, Ontario",2011S0503532,Apartment structures of three units and over,One bedroom units,Dollars,81,units,0,v3824029,104.1.2,,..,,,0
1988,"Oshawa, Ontario",2011S0503532,Apartment structures of three units and over,Two bedroom units,Dollars,81,units,0,v3824163,104.1.3,,..,,,0
1988,"Oshawa, Ontario",2011S0503532,Apartment structures of three units and over,Three bedroom units,Dollars,81,units,0,v3824297,104.1.4,,..,,,0
1988,"Oshawa, Ontario",2011S0503532,Apartment structures of six units and over,Bachelor units,Dollars,81,units,0,v3824431,104.4.1,447,,,,0
1988,"Oshawa, Ontario",2011S0503532,Apartment structures of six units and over,One bedroom units,Dollars,81,units,0,v3824619,104.4.2,484,,,,0
1988,"Oshawa, Ontario",2011S0503532,Apartment structures of six units and over,Two bedroom units,Dollars,81,units,0,v3824807,104.4.3,540,,,,0
1988,"Oshawa, Ontario",2011S0503532,Apartment structures of six units and over,Three bedroom units,Dollars,81,units,0,v3824995,104.4.4,601,,,,0
1988,"Scugog, Ontario",2011A00053518020,Row and apartment structures of three units and over,Bachelor units,Dollars,81,units,0,v53843634,228.3.1,,..,,,0
1988,"Scugog, Ontario",2011A00053518020,Row and apartment structures of three units and over,One bedroom units,Dollars,81,units,0,v53843674,228.3.2,,..,,,0
1988,"Scugog, Ontario",2011A00053518020,Row and apartment structures of three units and over,Two bedroom units,Dollars,81,units,0,v53843714,228.3.3,,..,,,0
1988,"Scugog, Ontario",2011A00053518020,Row and apartment structures of three units and over,Three bedroom units,Dollars,81,units,0,v53843754,228.3.4,,..,,,0
1988,"Scugog, Ontario",2011A00053518020,Row structures of three units and over,Bachelor units,Dollars,81,units,0,v53843794,228.2.1,,..,,,0
1988,"Scugog, Ontario",2011A00053518020,Row structures of three units and over,One bedroom units,Dollars,81,units,0,v53843834,228.2.2,,..,,,0
1988,"Scugog, Ontario",2011A00053518020,Row structures of three units and over,Two bedroom units,Dollars,81,units,0,v53843874,228.2.3,,..,,,0
1988,"Scugog, Ontario",2011A00053518020,Row structures of three units and over,Three bedroom units,Dollars,81,units,0,v53843914,228.2.4,,..,,,0
1988,"Scugog, Ontario",2011A00053518020,Apartment structures of three units and over,Bachelor units,Dollars,81,units,0,v53843954,228.1.1,,..,,,0
1988,"Scugog, Ontario",2011A00053518020,Apartment structures of three units and over,One bedroom units,Dollars,81,units,0,v53843994,228.1.2,,..,,,0
1988,"Scugog, Ontario",2011A00053518020,Apartment structures of three units and over,Two bedroom units,Dollars,81,units,0,v53844034,228.1.3,,..,,,0
1988,"Scugog, Ontario",2011A00053518020,Apartment structures of three units and over,Three bedroom units,Dollars,81,units,0,v53844074,228.1.4,,..,,,0
1988,"Scugog, Ontario",2011A00053518020,Apartment structures of six units and over,Bachelor units,Dollars,81,units,0,v53844114,228.4.1,,..,,,0
1988,"Scugog, Ontario",2011A00053518020,Apartment structures of six units and over,One bedroom units,Dollars,81,units,0,v53844154,228.4.2,,..,,,0
1988,"Scugog, Ontario",2011A00053518020,Apartment structures of six units and over,Two bedroom units,Dollars,81,units,0,v53844194,228.4.3,,..,,,0
1988,"Scugog, Ontario",2011A00053518020,Apartment structures of six units and over,Three bedroom units,Dollars,81,units,0,v53844234,228.4.4,,..,,,0
1988,"Toronto, Ontario",2011S0503535,Row and apartment structures of three units and over,Bachelor units,Dollars,81,units,0,v3822835,125.3.1,,..,,,0
1988,"Toronto, Ontario",2011S0503535,Row and apartment structures of three units and over,One bedroom units,Dollars,81,units,0,v3822969,125.3.2,,..,,,0
1988,"Toronto, Ontario",2011S0503535,Row and apartment structures of three units and over,Two bedroom units,Dollars,81,units,0,v3823103,125.3.3,,..,,,0
1988,"Toronto, Ontario",2011S0503535,Row and apartment structures of three units and over,Three bedroom units,Dollars,81,units,0,v3823237,125.3.4,,..,,,0
1988,"Toronto, Ontario",2011S0503535,Row structures of three units and over,Bachelor units,Dollars,81,units,0,v3823371,125.2.1,,..,,,0
1988,"Toronto, Ontario",2011S0503535,Row structures of three units and over,One bedroom units,Dollars,81,units,0,v3823505,125.2.2,,..,,,0
1988,"Toronto, Ontario",2011S0503535,Row structures of three units and over,Two bedroom units,Dollars,81,units,0,v3823639,125.2.3,,..,,,0
1988,"Toronto, Ontario",2011S0503535,Row structures of three units and over,Three bedroom units,Dollars,81,units,0,v3823773,125.2.4,,..,,,0
1988,"Toronto, Ontario",2011S0503535,Apartment structures of three units and over,Bachelor units,Dollars,81,units,0,v3823907,125.1.1,,..,,,0
1988,"Toronto, Ontario",2011S0503535,Apartment structures of three units and over,One bedroom units,Dollars,81,units,0,v3824041,125.1.2,,..,,,0
1988,"Toronto, Ontario",2011S0503535,Apartment structures of three units and over,Two bedroom units,Dollars,81,units,0,v3824175,125.1.3,,..,,,0
1988,"Toronto, Ontario",2011S0503535,Apartment structures of three units and over,Three bedroom units,Dollars,81,units,0,v3824309,125.1.4,,..,,,0
1988,"Toronto, Ontario",2011S0503535,Apartment structures of six units and over,Bachelor units,Dollars,81,units,0,v3824443,125.4.1,405,,,,0
1988,"Toronto, Ontario",2011S0503535,Apartment structures of six units and over,One bedroom units,Dollars,81,units,0,v3824631,125.4.2,494,,,,0
1988,"Toronto, Ontario",2011S0503535,Apartment structures of six units and over,Two bedroom units,Dollars,81,units,0,v3824819,125.4.3,599,,,,0
1988,"Toronto, Ontario",2011S0503535,Apartment structures of six units and over,Three bedroom units,Dollars,81,units,0,v3825007,125.4.4,749,,,,0
1989,"Brock, Ontario",2011A00053518039,Row and apartment structures of three units and over,Bachelor units,Dollars,81,units,0,v53843611,221.3.1,,..,,,0
1989,"Brock, Ontario",2011A00053518039,Row and apartment structures of three units and over,One bedroom units,Dollars,81,units,0,v53843651,221.3.2,,..,,,0
1989,"Brock, Ontario",2011A00053518039,Row and apartment structures of three units and over,Two bedroom units,Dollars,81,units,0,v53843691,221.3.3,,..,,,0
1989,"Brock, Ontario",2011A00053518039,Row and apartment structures of three units and over,Three bedroom units,Dollars,81,units,0,v53843731,221.3.4,,..,,,0
1989,"Brock, Ontario",2011A00053518039,Row structures of three units and over,Bachelor units,Dollars,81,units,0,v53843771,221.2.1,,..,,,0
1989,"Brock, Ontario",2011A00053518039,Row structures of three units and over,One bedroom units,Dollars,81,units,0,v53843811,221.2.2,,..,,,0
1989,"Brock, Ontario",2011A00053518039,Row structures of three units and over,Two bedroom units,Dollars,81,units,0,v53843851,221.2.3,,..,,,0
1989,"Brock, Ontario",2011A00053518039,Row structures of three units and over,Three bedroom units,Dollars,81,units,0,v53843891,221.2.4,,..,,,0
1989,"Brock, Ontario",2011A00053518039,Apartment structures of three units and over,Bachelor units,Dollars,81,units,0,v53843931,221.1.1,,..,,,0
1989,"Brock, Ontario",2011A00053518039,Apartment structures of three units and over,One bedroom units,Dollars,81,units,0,v53843971,221.1.2,,..,,,0
1989,"Brock, Ontario",2011A00053518039,Apartment structures of three units and over,Two bedroom units,Dollars,81,units,0,v53844011,221.1.3,,..,,,0
1989,"Brock, Ontario",2011A00053518039,Apartment structures of three units and over,Three bedroom units,Dollars,81,units,0,v53844051,221.1.4,,..,,,0
1989,"Brock, Ontario",2011A00053518039,Apartment structures of six units and over,Bachelor units,Dollars,81,units,0,v53844091,221.4.1,,..,,,0
1989,"Brock, Ontario",2011A00053518039,Apartment structures of six units and over,One bedroom units,Dollars,81,units,0,v53844131,221.4.2,,..,,,0
1989,"Brock, Ontario",2011A00053518039,Apartment structures of six units and over,Two bedroom units,Dollars,81,units,0,v53844171,221.4.3,,..,,,0
1989,"Brock, Ontario",2011A00053518039,Apartment structures of six units and over,Three bedroom units,Dollars,81,units,0,v53844211,221.4.4,,..,,,0
1989,"Hamilton, Ontario",2011S0503537,Row and apartment structures of three units and over,Bachelor units,Dollars,81,units,0,v3822818,85.3.1,,..,,,0
1989,"Hamilton, Ontario",2011S0503537,Row and apartment structures of three units and over,One bedroom units,Dollars,81,units,0,v3822952,85.3.2,,..,,,0
1989,"Hamilton, Ontario",2011S0503537,Row and apartment structures of three units and over,Two bedroom units,Dollars,81,units,0,v3823086,85.3.3,,..,,,0
1989,"Hamilton, Ontario",2011S0503537,Row and apartment structures of three units and over,Three bedroom units,Dollars,81,units,0,v3823220,85.3.4,,..,,,0
1989,"Hamilton, Ontario",2011S0503537,Row structures of three units and over,Bachelor units,Dollars,81,units,0,v3823354,85.2.1,,..,,,0
1989,"Hamilton, Ontario",2011S0503537,Row structures of three units and over,One bedroom units,Dollars,81,units,0,v3823488,85.2.2,,..,,,0
1989,"Hamilton, Ontario",2011S0503537,Row structures of three units and over,Two bedroom units,Dollars,81,units,0,v3823622,85.2.3,,..,,,0
1989,"Hamilton, Ontario",2011S0503537,Row structures of three units and over,Three bedroom units,Dollars,81,units,0,v3823756,85.2.4,,..,,,0
1989,"Hamilton, Ontario",2011S0503537,Apartment structures of three units and over,Bachelor units,Dollars,81,units,0,v3823890,85.1.1,,..,,,0
1989,"Hamilton, Ontario",2011S0503537,Apartment structures of three units and over,One bedroom units,Dollars,81,units,0,v3824024,85.1.2,,..,,,0
1989,"Hamilton, Ontario",2011S0503537,Apartment structures of three units and over,Two bedroom units,Dollars,81,units,0,v3824158,85.1.3,,..,,,0
1989,"Hamilton, Ontario",2011S0503537,Apartment structures of three units and over,Three bedroom units,Dollars,81,units,0,v3824292,85.1.4,,..,,,0
1989,"Hamilton, Ontario",2011S0503537,Apartment structures of six units and over,Bachelor units,Dollars,81,units,0,v3824426,85.4.1,317,,,,0
1989,"Hamilton, Ontario",2011S0503537,Apartment structures of six units and over,One bedroom units,Dollars,81,units,0,v3824614,85.4.2,406,,,,0
1989,"Hamilton, Ontario",2011S0503537,Apartment structures of six units and over,Two bedroom units,Dollars,81,units,0,v3824802,85.4.3,491,,,,0
1989,"Hamilton, Ontario",2011S0503537,Apartment structures of six units and over,Three bedroom units,Dollars,81,units,0,v3824990,85.4.4,629,,,,0
1989,"Oshawa, Ontario",2011S0503532,Row and apartment structures of three units and over,Bachelor units,Dollars,81,units,0,v3822823,104.3.1,,..,,,0
1989,"Oshawa, Ontario",2011S0503532,Row and apartment structures of three units and over,One bedroom units,Dollars,81,units,0,v3822957,104.3.2,,..,,,0
1989,"Oshawa, Ontario",2011S0503532,Row and apartment structures of three units and over,Two bedroom units,Dollars,81,units,0,v3823091,104.3.3,,..,,,0
1989,"Oshawa, Ontario",2011S0503532,Row and apartment structures of three units and over,Three bedroom units,Dollars,81,units,0,v3823225,104.3.4,,..,,,0
1989,"Oshawa, Ontario",2011S0503532,Row structures of three units and over,Bachelor units,Dollars,81,units,0,v3823359,104.2.1,,..,,,0
1989,"Oshawa, Ontario",2011S0503532,Row structures of three units and over,One bedroom units,Dollars,81,units,0,v3823493,104.2.2,,..,,,0
1989,"Oshawa, Ontario",2011S0503532,Row structures of three units and over,Two bedroom units,Dollars,81,units,0,v3823627,104.2.3,,..,,,0
1989,"Oshawa, Ontario",2011S0503532,Row structures of three units and over,Three bedroom units,Dollars,81,units,0,v3823761,104.2.4,,..,,,0
1989,"Oshawa, Ontario",2011S0503532,Apartment structures of three units and over,Bachelor units,Dollars,81,units,0,v3823895,104.1.1,,..,,,0
1989,"Oshawa, Ontario",2011S0503532,Apartment structures of three units and over,One bedroom units,Dollars,81,units,0,v3824029,104.1.2,,..,,,0
1989,"Oshawa, Ontario",2011S0503532,Apartment structures of three units and over,Two bedroom units,Dollars,81,units,0,v3824163,104.1.3,,..,,,0
1989,"Oshawa, Ontario",2011S0503532,Apartment structures of three units and over,Three bedroom units,Dollars,81,units,0,v3824297,104.1.4,,..,,,0
1989,"Oshawa, Ontario",2011S0503532,Apartment structures of six units and over,Bachelor units,Dollars,81,units,0,v3824431,104.4.1,411,,,,0
1989,"Oshawa, Ontario",2011S0503532,Apartment structures of six units and over,One bedroom units,Dollars,81,units,0,v3824619,104.4.2,526,,,,0
1989,"Oshawa, Ontario",2011S0503532,Apartment structures of six units and over,Two bedroom units,Dollars,81,units,0,v3824807,104.4.3,567,,,,0
1989,"Oshawa, Ontario",2011S0503532,Apartment structures of six units and over,Three bedroom units,Dollars,81,units,0,v3824995,104.4.4,641,,,,0
1989,"Scugog, Ontario",2011A00053518020,Row and apartment structures of three units and over,Bachelor units,Dollars,81,units,0,v53843634,228.3.1,,..,,,0
1989,"Scugog, Ontario",2011A00053518020,Row and apartment structures of three units and over,One bedroom units,Dollars,81,units,0,v53843674,228.3.2,,..,,,0
1989,"Scugog, Ontario",2011A00053518020,Row and apartment structures of three units and over,Two bedroom units,Dollars,81,units,0,v53843714,228.3.3,,..,,,0
1989,"Scugog, Ontario",2011A00053518020,Row and apartment structures of three units and over,Three bedroom units,Dollars,81,units,0,v53843754,228.3.4,,..,,,0
1989,"Scugog, Ontario",2011A00053518020,Row structures of three units and over,Bachelor units,Dollars,81,units,0,v53843794,228.2.1,,..,,,0
1989,"Scugog, Ontario",2011A00053518020,Row structures of three units and over,One bedroom units,Dollars,81,units,0,v53843834,228.2.2,,..,,,0
1989,"Scugog, Ontario",2011A00053518020,Row structures of three units and over,Two bedroom units,Dollars,81,units,0,v53843874,228.2.3,,..,,,0
1989,"Scugog, Ontario",2011A00053518020,Row structures of three units and over,Three bedroom units,Dollars,81,units,0,v53843914,228.2.4,,..,,,0
1989,"Scugog, Ontario",2011A00053518020,Apartment structures of three units and over,Bachelor units,Dollars,81,units,0,v53843954,228.1.1,,..,,,0
1989,"Scugog, Ontario",2011A00053518020,Apartment structures of three units and over,One bedroom units,Dollars,81,units,0,v53843994,228.1.2,,..,,,0
1989,"Scugog, Ontario",2011A00053518020,Apartment structures of three units and over,Two bedroom units,Dollars,81,units,0,v53844034,228.1.3,,..,,,0
1989,"Scugog, Ontario",2011A00053518020,Apartment structures of three units and over,Three bedroom units,Dollars,81,units,0,v53844074,228.1.4,,..,,,0
1989,"Scugog, Ontario",2011A00053518020,Apartment structures of six units and over,Bachelor units,Dollars,81,units,0,v53844114,228.4.1,,..,,,0
1989,"Scugog, Ontario",2011A00053518020,Apartment structures of six units and over,One bedroom units,Dollars,81,units,0,v53844154,228.4.2,,..,,,0
1989,"Scugog, Ontario",2011A00053518020,Apartment structures of six units and over,Two bedroom units,Dollars,81,units,0,v53844194,228.4.3,,..,,,0
1989,"Scugog, Ontario",2011A00053518020,Apartment structures of six units and over,Three bedroom units,Dollars,81,units,0,v53844234,228.4.4,,..,,,0
1989,"Toronto, Ontario",2011S0503535,Row and apartment structures of three units and over,Bachelor units,Dollars,81,units,0,v3822835,125.3.1,,..,,,0
1989,"Toronto, Ontario",2011S0503535,Row and apartment structures of three units and over,One bedroom units,Dollars,81,units,0,v3822969,125.3.2,,..,,,0
1989,"Toronto, Ontario",2011S0503535,Row and apartment structures of three units and over,Two bedroom units,Dollars,81,units,0,v3823103,125.3.3,,..,,,0
1989,"Toronto, Ontario",2011S0503535,Row and apartment structures of three units and over,Three bedroom units,Dollars,81,units,0,v3823237,125.3.4,,..,,,0
1989,"Toronto, Ontario",2011S0503535,Row structures of three units and over,Bachelor units,Dollars,81,units,0,v3823371,125.2.1,,..,,,0
1989,"Toronto, Ontario",2011S0503535,Row structures of three units and over,One bedroom units,Dollars,81,units,0,v3823505,125.2.2,,..,,,0
1989,"Toronto, Ontario",2011S0503535,Row structures of three units and over,Two bedroom units,Dollars,81,units,0,v3823639,125.2.3,,..,,,0
1989,"Toronto, Ontario",2011S0503535,Row structures of three units and over,Three bedroom units,Dollars,81,units,0,v3823773,125.2.4,,..,,,0
1989,"Toronto, Ontario",2011S0503535,Apartment structures of three units and over,Bachelor units,Dollars,81,units,0,v3823907,125.1.1,,..,,,0
1989,"Toronto, Ontario",2011S0503535,Apartment structures of three units and over,One bedroom units,Dollars,81,units,0,v3824041,125.1.2,,..,,,0
1989,"Toronto, Ontario",2011S0503535,Apartment structures of three units and over,Two bedroom units,Dollars,81,units,0,v3824175,125.1.3,,..,,,0
1989,"Toronto, Ontario",2011S0503535,Apartment structures of three units and over,Three bedroom units,Dollars,81,units,0,v3824309,125.1.4,,..,,,0
1989,"Toronto, Ontario",2011S0503535,Apartment structures of six units and over,Bachelor units,Dollars,81,units,0,v3824443,125.4.1,428,,,,0
1989,"Toronto, Ontario",2011S0503535,Apartment structures of six units and over,One bedroom units,Dollars,81,units,0,v3824631,125.4.2,528,,,,0
1989,"Toronto, Ontario",2011S0503535,Apartment structures of six units and over,Two bedroom units,Dollars,81,units,0,v3824819,125.4.3,642,,,,0
1989,"Toronto, Ontario",2011S0503535,Apartment structures of six units and over,Three bedroom units,Dollars,81,units,0,v3825007,125.4.4,798,,,,0
1990,"Brock, Ontario",2011A00053518039,Row and apartment structures of three units and over,Bachelor units,Dollars,81,units,0,v53843611,221.3.1,,..,,,0
1990,"Brock, Ontario",2011A00053518039,Row and apartment structures of three units and over,One bedroom units,Dollars,81,units,0,v53843651,221.3.2,,..,,,0
1990,"Brock, Ontario",2011A00053518039,Row and apartment structures of three units and over,Two bedroom units,Dollars,81,units,0,v53843691,221.3.3,,..,,,0
1990,"Brock, Ontario",2011A00053518039,Row and apartment structures of three units and over,Three bedroom units,Dollars,81,units,0,v53843731,221.3.4,,..,,,0
1990,"Brock, Ontario",2011A00053518039,Row structures of three units and over,Bachelor units,Dollars,81,units,0,v53843771,221.2.1,,..,,,0
1990,"Brock, Ontario",2011A00053518039,Row structures of three units and over,One bedroom units,Dollars,81,units,0,v53843811,221.2.2,,..,,,0
1990,"Brock, Ontario",2011A00053518039,Row structures of three units and over,Two bedroom units,Dollars,81,units,0,v53843851,221.2.3,,..,,,0
1990,"Brock, Ontario",2011A00053518039,Row structures of three units and over,Three bedroom units,Dollars,81,units,0,v53843891,221.2.4,,..,,,0
1990,"Brock, Ontario",2011A00053518039,Apartment structures of three units and over,Bachelor units,Dollars,81,units,0,v53843931,221.1.1,,..,,,0
1990,"Brock, Ontario",2011A00053518039,Apartment structures of three units and over,One bedroom units,Dollars,81,units,0,v53843971,221.1.2,,..,,,0
1990,"Brock, Ontario",2011A00053518039,Apartment structures of three units and over,Two bedroom units,Dollars,81,units,0,v53844011,221.1.3,,..,,,0
1990,"Brock, Ontario",2011A00053518039,Apartment structures of three units and over,Three bedroom units,Dollars,81,units,0,v53844051,221.1.4,,..,,,0
1990,"Brock, Ontario",2011A00053518039,Apartment structures of six units and over,Bachelor units,Dollars,81,units,0,v53844091,221.4.1,,..,,,0
1990,"Brock, Ontario",2011A00053518039,Apartment structures of six units and over,One bedroom units,Dollars,81,units,0,v53844131,221.4.2,,..,,,0
1990,"Brock, Ontario",2011A00053518039,Apartment structures of six units and over,Two bedroom units,Dollars,81,units,0,v53844171,221.4.3,,..,,,0
1990,"Brock, Ontario",2011A00053518039,Apartment structures of six units and over,Three bedroom units,Dollars,81,units,0,v53844211,221.4.4,,..,,,0
1990,"Hamilton, Ontario",2011S0503537,Row and apartment structures of three units and over,Bachelor units,Dollars,81,units,0,v3822818,85.3.1,,..,,,0
1990,"Hamilton, Ontario",2011S0503537,Row and apartment structures of three units and over,One bedroom units,Dollars,81,units,0,v3822952,85.3.2,,..,,,0
1990,"Hamilton, Ontario",2011S0503537,Row and apartment structures of three units and over,Two bedroom units,Dollars,81,units,0,v3823086,85.3.3,,..,,,0
1990,"Hamilton, Ontario",2011S0503537,Row and apartment structures of three units and over,Three bedroom units,Dollars,81,units,0,v3823220,85.3.4,,..,,,0
1990,"Hamilton, Ontario",2011S0503537,Row structures of three units and over,Bachelor units,Dollars,81,units,0,v3823354,85.2.1,,..,,,0
1990,"Hamilton, Ontario",2011S0503537,Row structures of three units and over,One bedroom units,Dollars,81,units,0,v3823488,85.2.2,,..,,,0
1990,"Hamilton, Ontario",2011S0503537,Row structures of three units and over,Two bedroom units,Dollars,81,units,0,v3823622,85.2.3,,..,,,0
1990,"Hamilton, Ontario",2011S0503537,Row structures of three units and over,Three bedroom units,Dollars,81,units,0,v3823756,85.2.4,,..,,,0
1990,"Hamilton, Ontario",2011S0503537,Apartment structures of three units and over,Bachelor units,Dollars,81,units,0,v3823890,85.1.1,,..,,,0
1990,"Hamilton, Ontario",2011S0503537,Apartment structures of three units and over,One bedroom units,Dollars,81,units,0,v3824024,85.1.2,,..,,,0
1990,"Hamilton, Ontario",2011S0503537,Apartment structures of three units and over,Two bedroom units,Dollars,81,units,0,v3824158,85.1.3,,..,,,0
1990,"Hamilton, Ontario",2011S0503537,Apartment structures of three units and over,Three bedroom units,Dollars,81,units,0,v3824292,85.1.4,,..,,,0
1990,"Hamilton, Ontario",2011S0503537,Apartment structures of six units and over,Bachelor units,Dollars,81,units,0,v3824426,85.4.1,345,,,,0
1990,"Hamilton, Ontario",2011S0503537,Apartment structures of six units and over,One bedroom units,Dollars,81,units,0,v3824614,85.4.2,433,,,,0
1990,"Hamilton, Ontario",2011S0503537,Apartment structures of six units and over,Two bedroom units,Dollars,81,units,0,v3824802,85.4.3,522,,,,0
1990,"Hamilton, Ontario",2011S0503537,Apartment structures of six units and over,Three bedroom units,Dollars,81,units,0,v3824990,85.4.4,661,,,,0
1990,"Oshawa, Ontario",2011S0503532,Row and apartment structures of three units and over,Bachelor units,Dollars,81,units,0,v3822823,104.3.1,,..,,,0
1990,"Oshawa, Ontario",2011S0503532,Row and apartment structures of three units and over,One bedroom units,Dollars,81,units,0,v3822957,104.3.2,,..,,,0
1990,"Oshawa, Ontario",2011S0503532,Row and apartment structures of three units and over,Two bedroom units,Dollars,81,units,0,v3823091,104.3.3,,..,,,0
1990,"Oshawa, Ontario",2011S0503532,Row and apartment structures of three units and over,Three bedroom units,Dollars,81,units,0,v3823225,104.3.4,,..,,,0
1990,"Oshawa, Ontario",2011S0503532,Row structures of three units and over,Bachelor units,Dollars,81,units,0,v3823359,104.2.1,,..,,,0
1990,"Oshawa, Ontario",2011S0503532,Row structures of three units and over,One bedroom units,Dollars,81,units,0,v3823493,104.2.2,,..,,,0
1990,"Oshawa, Ontario",2011S0503532,Row structures of three units and over,Two bedroom units,Dollars,81,units,0,v3823627,104.2.3,,..,,,0
1990,"Oshawa, Ontario",2011S0503532,Row structures of three units and over,Three bedroom units,Dollars,81,units,0,v3823761,104.2.4,,..,,,0
1990,"Oshawa, Ontario",2011S0503532,Apartment structures of three units and over,Bachelor units,Dollars,81,units,0,v3823895,104.1.1,,..,,,0
1990,"Oshawa, Ontario",2011S0503532,Apartment structures of three units and over,One bedroom units,Dollars,81,units,0,v3824029,104.1.2,,..,,,0
1990,"Oshawa, Ontario",2011S0503532,Apartment structures of three units and over,Two bedroom units,Dollars,81,units,0,v3824163,104.1.3,,..,,,0
1990,"Oshawa, Ontario",2011S0503532,Apartment structures of three units and over,Three bedroom units,Dollars,81,units,0,v3824297,104.1.4,,..,,,0
1990,"Oshawa, Ontario",2011S0503532,Apartment structures of six units and over,Bachelor units,Dollars,81,units,0,v3824431,104.4.1,499,,,,0
1990,"Oshawa, Ontario",2011S0503532,Apartment structures of six units and over,One bedroom units,Dollars,81,units,0,v3824619,104.4.2,536,,,,0
1990,"Oshawa, Ontario",2011S0503532,Apartment structures of six units and over,Two bedroom units,Dollars,81,units,0,v3824807,104.4.3,605,,,,0
1990,"Oshawa, Ontario",2011S0503532,Apartment structures of six units and over,Three bedroom units,Dollars,81,units,0,v3824995,104.4.4,691,,,,0
1990,"Scugog, Ontario",2011A00053518020,Row and apartment structures of three units and over,Bachelor units,Dollars,81,units,0,v53843634,228.3.1,,..,,,0
1990,"Scugog, Ontario",2011A00053518020,Row and apartment structures of three units and over,One bedroom units,Dollars,81,units,0,v53843674,228.3.2,,..,,,0
1990,"Scugog, Ontario",2011A00053518020,Row and apartment structures of three units and over,Two bedroom units,Dollars,81,units,0,v53843714,228.3.3,,..,,,0
1990,"Scugog, Ontario",2011A00053518020,Row and apartment structures of three units and over,Three bedroom units,Dollars,81,units,0,v53843754,228.3.4,,..,,,0
1990,"Scugog, Ontario",2011A00053518020,Row structures of three units and over,Bachelor units,Dollars,81,units,0,v53843794,228.2.1,,..,,,0
1990,"Scugog, Ontario",2011A00053518020,Row structures of three units and over,One bedroom units,Dollars,81,units,0,v53843834,228.2.2,,..,,,0
1990,"Scugog, Ontario",2011A00053518020,Row structures of three units and over,Two bedroom units,Dollars,81,units,0,v53843874,228.2.3,,..,,,0
1990,"Scugog, Ontario",2011A00053518020,Row structures of three units and over,Three bedroom units,Dollars,81,units,0,v53843914,228.2.4,,..,,,0
1990,"Scugog, Ontario",2011A00053518020,Apartment structures of three units and over,Bachelor units,Dollars,81,units,0,v53843954,228.1.1,,..,,,0
1990,"Scugog, Ontario",2011A00053518020,Apartment structures of three units and over,One bedroom units,Dollars,81,units,0,v53843994,228.1.2,,..,,,0
1990,"Scugog, Ontario",2011A00053518020,Apartment structures of three units and over,Two bedroom units,Dollars,81,units,0,v53844034,228.1.3,,..,,,0
1990,"Scugog, Ontario",2011A00053518020,Apartment structures of three units and over,Three bedroom units,Dollars,81,units,0,v53844074,228.1.4,,..,,,0
1990,"Scugog, Ontario",2011A00053518020,Apartment structures of six units and over,Bachelor units,Dollars,81,units,0,v53844114,228.4.1,,..,,,0
1990,"Scugog, Ontario",2011A00053518020,Apartment structures of six units and over,One bedroom units,Dollars,81,units,0,v53844154,228.4.2,,..,,,0
1990,"Scugog, Ontario",2011A00053518020,Apartment structures of six units and over,Two bedroom units,Dollars,81,units,0,v53844194,228.4.3,,..,,,0
1990,"Scugog, Ontario",2011A00053518020,Apartment structures of six units and over,Three bedroom units,Dollars,81,units,0,v53844234,228.4.4,,..,,,0
1990,"Toronto, Ontario",2011S0503535,Row and apartment structures of three units and over,Bachelor units,Dollars,81,units,0,v3822835,125.3.1,,..,,,0
1990,"Toronto, Ontario",2011S0503535,Row and apartment structures of three units and over,One bedroom units,Dollars,81,units,0,v3822969,125.3.2,,..,,,0
1990,"Toronto, Ontario",2011S0503535,Row and apartment structures of three units and over,Two bedroom units,Dollars,81,units,0,v3823103,125.3.3,,..,,,0
1990,"Toronto, Ontario",2011S0503535,Row and apartment structures of three units and over,Three bedroom units,Dollars,81,units,0,v3823237,125.3.4,,..,,,0
1990,"Toronto, Ontario",2011S0503535,Row structures of three units and over,Bachelor units,Dollars,81,units,0,v3823371,125.2.1,,..,,,0
1990,"Toronto, Ontario",2011S0503535,Row structures of three units and over,One bedroom units,Dollars,81,units,0,v3823505,125.2.2,,..,,,0
1990,"Toronto, Ontario",2011S0503535,Row structures of three units and over,Two bedroom units,Dollars,81,units,0,v3823639,125.2.3,,..,,,0
1990,"Toronto, Ontario",2011S0503535,Row structures of three units and over,Three bedroom units,Dollars,81,units,0,v3823773,125.2.4,,..,,,0
1990,"Toronto, Ontario",2011S0503535,Apartment structures of three units and over,Bachelor units,Dollars,81,units,0,v3823907,125.1.1,,..,,,0
1990,"Toronto, Ontario",2011S0503535,Apartment structures of three units and over,One bedroom units,Dollars,81,units,0,v3824041,125.1.2,,..,,,0
1990,"Toronto, Ontario",2011S0503535,Apartment structures of three units and over,Two bedroom units,Dollars,81,units,0,v3824175,125.1.3,,..,,,0
1990,"Toronto, Ontario",2011S0503535,Apartment structures of three units and over,Three bedroom units,Dollars,81,units,0,v3824309,125.1.4,,..,,,0
1990,"Toronto, Ontario",2011S0503535,Apartment structures of six units and over,Bachelor units,Dollars,81,units,0,v3824443,125.4.1,453,,,,0
1990,"Toronto, Ontario",2011S0503535,Apartment structures of six units and over,One bedroom units,Dollars,81,units,0,v3824631,125.4.2,557,,,,0
1990,"Toronto, Ontario",2011S0503535,Apartment structures of six units and over,Two bedroom units,Dollars,81,units,0,v3824819,125.4.3,683,,,,0
1990,"Toronto, Ontario",2011S0503535,Apartment structures of six units and over,Three bedroom units,Dollars,81,units,0,v3825007,125.4.4,841,,,,0
1991,"Brock, Ontario",2011A00053518039,Row and apartment structures of three units and over,Bachelor units,Dollars,81,units,0,v53843611,221.3.1,,..,,,0
1991,"Brock, Ontario",2011A00053518039,Row and apartment structures of three units and over,One bedroom units,Dollars,81,units,0,v53843651,221.3.2,,..,,,0
1991,"Brock, Ontario",2011A00053518039,Row and apartment structures of three units and over,Two bedroom units,Dollars,81,units,0,v53843691,221.3.3,,..,,,0
1991,"Brock, Ontario",2011A00053518039,Row and apartment structures of three units and over,Three bedroom units,Dollars,81,units,0,v53843731,221.3.4,,..,,,0
1991,"Brock, Ontario",2011A00053518039,Row structures of three units and over,Bachelor units,Dollars,81,units,0,v53843771,221.2.1,,..,,,0
1991,"Brock, Ontario",2011A00053518039,Row structures of three units and over,One bedroom units,Dollars,81,units,0,v53843811,221.2.2,,..,,,0
1991,"Brock, Ontario",2011A00053518039,Row structures of three units and over,Two bedroom units,Dollars,81,units,0,v53843851,221.2.3,,..,,,0
1991,"Brock, Ontario",2011A00053518039,Row structures of three units and over,Three bedroom units,Dollars,81,units,0,v53843891,221.2.4,,..,,,0
1991,"Brock, Ontario",2011A00053518039,Apartment structures of three units and over,Bachelor units,Dollars,81,units,0,v53843931,221.1.1,,..,,,0
1991,"Brock, Ontario",2011A00053518039,Apartment structures of three units and over,One bedroom units,Dollars,81,units,0,v53843971,221.1.2,,..,,,0
1991,"Brock, Ontario",2011A00053518039,Apartment structures of three units and over,Two bedroom units,Dollars,81,units,0,v53844011,221.1.3,,..,,,0
1991,"Brock, Ontario",2011A00053518039,Apartment structures of three units and over,Three bedroom units,Dollars,81,units,0,v53844051,221.1.4,,..,,,0
1991,"Brock, Ontario",2011A00053518039,Apartment structures of six units and over,Bachelor units,Dollars,81,units,0,v53844091,221.4.1,,..,,,0
1991,"Brock, Ontario",2011A00053518039,Apartment structures of six units and over,One bedroom units,Dollars,81,units,0,v53844131,221.4.2,,..,,,0
1991,"Brock, Ontario",2011A00053518039,Apartment structures of six units and over,Two bedroom units,Dollars,81,units,0,v53844171,221.4.3,,..,,,0
1991,"Brock, Ontario",2011A00053518039,Apartment structures of six units and over,Three bedroom units,Dollars,81,units,0,v53844211,221.4.4,,..,,,0
1991,"Hamilton, Ontario",2011S0503537,Row and apartment structures of three units and over,Bachelor units,Dollars,81,units,0,v3822818,85.3.1,,..,,,0
1991,"Hamilton, Ontario",2011S0503537,Row and apartment structures of three units and over,One bedroom units,Dollars,81,units,0,v3822952,85.3.2,,..,,,0
1991,"Hamilton, Ontario",2011S0503537,Row and apartment structures of three units and over,Two bedroom units,Dollars,81,units,0,v3823086,85.3.3,,..,,,0
1991,"Hamilton, Ontario",2011S0503537,Row and apartment structures of three units and over,Three bedroom units,Dollars,81,units,0,v3823220,85.3.4,,..,,,0
1991,"Hamilton, Ontario",2011S0503537,Row structures of three units and over,Bachelor units,Dollars,81,units,0,v3823354,85.2.1,,..,,,0
1991,"Hamilton, Ontario",2011S0503537,Row structures of three units and over,One bedroom units,Dollars,81,units,0,v3823488,85.2.2,,..,,,0
1991,"Hamilton, Ontario",2011S0503537,Row structures of three units and over,Two bedroom units,Dollars,81,units,0,v3823622,85.2.3,,..,,,0
1991,"Hamilton, Ontario",2011S0503537,Row structures of three units and over,Three bedroom units,Dollars,81,units,0,v3823756,85.2.4,,..,,,0
1991,"Hamilton, Ontario",2011S0503537,Apartment structures of three units and over,Bachelor units,Dollars,81,units,0,v3823890,85.1.1,,..,,,0
1991,"Hamilton, Ontario",2011S0503537,Apartment structures of three units and over,One bedroom units,Dollars,81,units,0,v3824024,85.1.2,,..,,,0
1991,"Hamilton, Ontario",2011S0503537,Apartment structures of three units and over,Two bedroom units,Dollars,81,units,0,v3824158,85.1.3,,..,,,0
1991,"Hamilton, Ontario",2011S0503537,Apartment structures of three units and over,Three bedroom units,Dollars,81,units,0,v3824292,85.1.4,,..,,,0
1991,"Hamilton, Ontario",2011S0503537,Apartment structures of six units and over,Bachelor units,Dollars,81,units,0,v3824426,85.4.1,372,,,,0
1991,"Hamilton, Ontario",2011S0503537,Apartment structures of six units and over,One bedroom units,Dollars,81,units,0,v3824614,85.4.2,458,,,,0
1991,"Hamilton, Ontario",2011S0503537,Apartment structures of six units and over,Two bedroom units,Dollars,81,units,0,v3824802,85.4.3,548,,,,0
1991,"Hamilton, Ontario",2011S0503537,Apartment structures of six units and over,Three bedroom units,Dollars,81,units,0,v3824990,85.4.4,696,,,,0
1991,"Oshawa, Ontario",2011S0503532,Row and apartment structures of three units and over,Bachelor units,Dollars,81,units,0,v3822823,104.3.1,,..,,,0
1991,"Oshawa, Ontario",2011S0503532,Row and apartment structures of three units and over,One bedroom units,Dollars,81,units,0,v3822957,104.3.2,,..,,,0
1991,"Oshawa, Ontario",2011S0503532,Row and apartment structures of three units and over,Two bedroom units,Dollars,81,units,0,v3823091,104.3.3,,..,,,0
1991,"Oshawa, Ontario",2011S0503532,Row and apartment structures of three units and over,Three bedroom units,Dollars,81,units,0,v3823225,104.3.4,,..,,,0
1991,"Oshawa, Ontario",2011S0503532,Row structures of three units and over,Bachelor units,Dollars,81,units,0,v3823359,104.2.1,,..,,,0
1991,"Oshawa, Ontario",2011S0503532,Row structures of three units and over,One bedroom units,Dollars,81,units,0,v3823493,104.2.2,,..,,,0
1991,"Oshawa, Ontario",2011S0503532,Row structures of three units and over,Two bedroom units,Dollars,81,units,0,v3823627,104.2.3,,..,,,0
1991,"Oshawa, Ontario",2011S0503532,Row structures of three units and over,Three bedroom units,Dollars,81,units,0,v3823761,104.2.4,,..,,,0
1991,"Oshawa, Ontario",2011S0503532,Apartment structures of three units and over,Bachelor units,Dollars,81,units,0,v3823895,104.1.1,,..,,,0
1991,"Oshawa, Ontario",2011S0503532,Apartment structures of three units and over,One bedroom units,Dollars,81,units,0,v3824029,104.1.2,,..,,,0
1991,"Oshawa, Ontario",2011S0503532,Apartment structures of three units and over,Two bedroom units,Dollars,81,units,0,v3824163,104.1.3,,..,,,0
1991,"Oshawa, Ontario",2011S0503532,Apartment structures of three units and over,Three bedroom units,Dollars,81,units,0,v3824297,104.1.4,,..,,,0
1991,"Oshawa, Ontario",2011S0503532,Apartment structures of six units and over,Bachelor units,Dollars,81,units,0,v3824431,104.4.1,504,,,,0
1991,"Oshawa, Ontario",2011S0503532,Apartment structures of six units and over,One bedroom units,Dollars,81,units,0,v3824619,104.4.2,566,,,,0
1991,"Oshawa, Ontario",2011S0503532,Apartment structures of six units and over,Two bedroom units,Dollars,81,units,0,v3824807,104.4.3,643,,,,0
1991,"Oshawa, Ontario",2011S0503532,Apartment structures of six units and over,Three bedroom units,Dollars,81,units,0,v3824995,104.4.4,726,,,,0
1991,"Scugog, Ontario",2011A00053518020,Row and apartment structures of three units and over,Bachelor units,Dollars,81,units,0,v53843634,228.3.1,,..,,,0
1991,"Scugog, Ontario",2011A00053518020,Row and apartment structures of three units and over,One bedroom units,Dollars,81,units,0,v53843674,228.3.2,,..,,,0
1991,"Scugog, Ontario",2011A00053518020,Row and apartment structures of three units and over,Two bedroom units,Dollars,81,units,0,v53843714,228.3.3,,..,,,0
1991,"Scugog, Ontario",2011A00053518020,Row and apartment structures of three units and over,Three bedroom units,Dollars,81,units,0,v53843754,228.3.4,,..,,,0
1991,"Scugog, Ontario",2011A00053518020,Row structures of three units and over,Bachelor units,Dollars,81,units,0,v53843794,228.2.1,,..,,,0
1991,"Scugog, Ontario",2011A00053518020,Row structures of three units and over,One bedroom units,Dollars,81,units,0,v53843834,228.2.2,,..,,,0
1991,"Scugog, Ontario",2011A00053518020,Row structures of three units and over,Two bedroom units,Dollars,81,units,0,v53843874,228.2.3,,..,,,0
1991,"Scugog, Ontario",2011A00053518020,Row structures of three units and over,Three bedroom units,Dollars,81,units,0,v53843914,228.2.4,,..,,,0
1991,"Scugog, Ontario",2011A00053518020,Apartment structures of three units and over,Bachelor units,Dollars,81,units,0,v53843954,228.1.1,,..,,,0
1991,"Scugog, Ontario",2011A00053518020,Apartment structures of three units and over,One bedroom units,Dollars,81,units,0,v53843994,228.1.2,,..,,,0
1991,"Scugog, Ontario",2011A00053518020,Apartment structures of three units and over,Two bedroom units,Dollars,81,units,0,v53844034,228.1.3,,..,,,0
1991,"Scugog, Ontario",2011A00053518020,Apartment structures of three units and over,Three bedroom units,Dollars,81,units,0,v53844074,228.1.4,,..,,,0
1991,"Scugog, Ontario",2011A00053518020,Apartment structures of six units and over,Bachelor units,Dollars,81,units,0,v53844114,228.4.1,,..,,,0
1991,"Scugog, Ontario",2011A00053518020,Apartment structures of six units and over,One bedroom units,Dollars,81,units,0,v53844154,228.4.2,,..,,,0
1991,"Scugog, Ontario",2011A00053518020,Apartment structures of six units and over,Two bedroom units,Dollars,81,units,0,v53844194,228.4.3,,..,,,0
1991,"Scugog, Ontario",2011A00053518020,Apartment structures of six units and over,Three bedroom units,Dollars,81,units,0,v53844234,228.4.4,,..,,,0
1991,"Toronto, Ontario",2011S0503535,Row and apartment structures of three units and over,Bachelor units,Dollars,81,units,0,v3822835,125.3.1,,..,,,0
1991,"Toronto, Ontario",2011S0503535,Row and apartment structures of three units and over,One bedroom units,Dollars,81,units,0,v3822969,125.3.2,,..,,,0
1991,"Toronto, Ontario",2011S0503535,Row and apartment structures of three units and over,Two bedroom units,Dollars,81,units,0,v3823103,125.3.3,,..,,,0
1991,"Toronto, Ontario",2011S0503535,Row and apartment structures of three units and over,Three bedroom units,Dollars,81,units,0,v3823237,125.3.4,,..,,,0
1991,"Toronto, Ontario",2011S0503535,Row structures of three units and over,Bachelor units,Dollars,81,units,0,v3823371,125.2.1,,..,,,0
1991,"Toronto, Ontario",2011S0503535,Row structures of three units and over,One bedroom units,Dollars,81,units,0,v3823505,125.2.2,,..,,,0
1991,"Toronto, Ontario",2011S0503535,Row structures of three units and over,Two bedroom units,Dollars,81,units,0,v3823639,125.2.3,,..,,,0
1991,"Toronto, Ontario",2011S0503535,Row structures of three units and over,Three bedroom units,Dollars,81,units,0,v3823773,125.2.4,,..,,,0
1991,"Toronto, Ontario",2011S0503535,Apartment structures of three units and over,Bachelor units,Dollars,81,units,0,v3823907,125.1.1,,..,,,0
1991,"Toronto, Ontario",2011S0503535,Apartment structures of three units and over,One bedroom units,Dollars,81,units,0,v3824041,125.1.2,,..,,,0
1991,"Toronto, Ontario",2011S0503535,Apartment structures of three units and over,Two bedroom units,Dollars,81,units,0,v3824175,125.1.3,,..,,,0
1991,"Toronto, Ontario",2011S0503535,Apartment structures of three units and over,Three bedroom units,Dollars,81,units,0,v3824309,125.1.4,,..,,,0
1991,"Toronto, Ontario",2011S0503535,Apartment structures of six units and over,Bachelor units,Dollars,81,units,0,v3824443,125.4.1,482,,,,0
1991,"Toronto, Ontario",2011S0503535,Apartment structures of six units and over,One bedroom units,Dollars,81,units,0,v3824631,125.4.2,590,,,,0
1991,"Toronto, Ontario",2011S0503535,Apartment structures of six units and over,Two bedroom units,Dollars,81,units,0,v3824819,125.4.3,725,,,,0
1991,"Toronto, Ontario",2011S0503535,Apartment structures of six units and over,Three bedroom units,Dollars,81,units,0,v3825007,125.4.4,886,,,,0
1992,"Brock, Ontario",2011A00053518039,Row and apartment structures of three units and over,Bachelor units,Dollars,81,units,0,v53843611,221.3.1,,..,,,0
1992,"Brock, Ontario",2011A00053518039,Row and apartment structures of three units and over,One bedroom units,Dollars,81,units,0,v53843651,221.3.2,,..,,,0
1992,"Brock, Ontario",2011A00053518039,Row and apartment structures of three units and over,Two bedroom units,Dollars,81,units,0,v53843691,221.3.3,,..,,,0
1992,"Brock, Ontario",2011A00053518039,Row and apartment structures of three units and over,Three bedroom units,Dollars,81,units,0,v53843731,221.3.4,,..,,,0
1992,"Brock, Ontario",2011A00053518039,Row structures of three units and over,Bachelor units,Dollars,81,units,0,v53843771,221.2.1,,..,,,0
1992,"Brock, Ontario",2011A00053518039,Row structures of three units and over,One bedroom units,Dollars,81,units,0,v53843811,221.2.2,,..,,,0
1992,"Brock, Ontario",2011A00053518039,Row structures of three units and over,Two bedroom units,Dollars,81,units,0,v53843851,221.2.3,,..,,,0
1992,"Brock, Ontario",2011A00053518039,Row structures of three units and over,Three bedroom units,Dollars,81,units,0,v53843891,221.2.4,,..,,,0
1992,"Brock, Ontario",2011A00053518039,Apartment structures of three units and over,Bachelor units,Dollars,81,units,0,v53843931,221.1.1,,..,,,0
1992,"Brock, Ontario",2011A00053518039,Apartment structures of three units and over,One bedroom units,Dollars,81,units,0,v53843971,221.1.2,,..,,,0
1992,"Brock, Ontario",2011A00053518039,Apartment structures of three units and over,Two bedroom units,Dollars,81,units,0,v53844011,221.1.3,,..,,,0
1992,"Brock, Ontario",2011A00053518039,Apartment structures of three units and over,Three bedroom units,Dollars,81,units,0,v53844051,221.1.4,,..,,,0
1992,"Brock, Ontario",2011A00053518039,Apartment structures of six units and over,Bachelor units,Dollars,81,units,0,v53844091,221.4.1,,..,,,0
1992,"Brock, Ontario",2011A00053518039,Apartment structures of six units and over,One bedroom units,Dollars,81,units,0,v53844131,221.4.2,,..,,,0
1992,"Brock, Ontario",2011A00053518039,Apartment structures of six units and over,Two bedroom units,Dollars,81,units,0,v53844171,221.4.3,,..,,,0
1992,"Brock, Ontario",2011A00053518039,Apartment structures of six units and over,Three bedroom units,Dollars,81,units,0,v53844211,221.4.4,,..,,,0
1992,"Hamilton, Ontario",2011S0503537,Row and apartment structures of three units and over,Bachelor units,Dollars,81,units,0,v3822818,85.3.1,363,,,,0
1992,"Hamilton, Ontario",2011S0503537,Row and apartment structures of three units and over,One bedroom units,Dollars,81,units,0,v3822952,85.3.2,469,,,,0
1992,"Hamilton, Ontario",2011S0503537,Row and apartment structures of three units and over,Two bedroom units,Dollars,81,units,0,v3823086,85.3.3,576,,,,0
1992,"Hamilton, Ontario",2011S0503537,Row and apartment structures of three units and over,Three bedroom units,Dollars,81,units,0,v3823220,85.3.4,724,,,,0
1992,"Hamilton, Ontario",2011S0503537,Row structures of three units and over,Bachelor units,Dollars,81,units,0,v3823354,85.2.1,,F,,,0
1992,"Hamilton, Ontario",2011S0503537,Row structures of three units and over,One bedroom units,Dollars,81,units,0,v3823488,85.2.2,,F,,,0
1992,"Hamilton, Ontario",2011S0503537,Row structures of three units and over,Two bedroom units,Dollars,81,units,0,v3823622,85.2.3,609,,,,0
1992,"Hamilton, Ontario",2011S0503537,Row structures of three units and over,Three bedroom units,Dollars,81,units,0,v3823756,85.2.4,755,,,,0
1992,"Hamilton, Ontario",2011S0503537,Apartment structures of three units and over,Bachelor units,Dollars,81,units,0,v3823890,85.1.1,363,,,,0
1992,"Hamilton, Ontario",2011S0503537,Apartment structures of three units and over,One bedroom units,Dollars,81,units,0,v3824024,85.1.2,469,,,,0
1992,"Hamilton, Ontario",2011S0503537,Apartment structures of three units and over,Two bedroom units,Dollars,81,units,0,v3824158,85.1.3,574,,,,0
1992,"Hamilton, Ontario",2011S0503537,Apartment structures of three units and over,Three bedroom units,Dollars,81,units,0,v3824292,85.1.4,697,,,,0
1992,"Hamilton, Ontario",2011S0503537,Apartment structures of six units and over,Bachelor units,Dollars,81,units,0,v3824426,85.4.1,365,,,,0
1992,"Hamilton, Ontario",2011S0503537,Apartment structures of six units and over,One bedroom units,Dollars,81,units,0,v3824614,85.4.2,470,,,,0
1992,"Hamilton, Ontario",2011S0503537,Apartment structures of six units and over,Two bedroom units,Dollars,81,units,0,v3824802,85.4.3,574,,,,0
1992,"Hamilton, Ontario",2011S0503537,Apartment structures of six units and over,Three bedroom units,Dollars,81,units,0,v3824990,85.4.4,705,,,,0
1992,"Oshawa, Ontario",2011S0503532,Row and apartment structures of three units and over,Bachelor units,Dollars,81,units,0,v3822823,104.3.1,513,,,,0
1992,"Oshawa, Ontario",2011S0503532,Row and apartment structures of three units and over,One bedroom units,Dollars,81,units,0,v3822957,104.3.2,564,,,,0
1992,"Oshawa, Ontario",2011S0503532,Row and apartment structures of three units and over,Two bedroom units,Dollars,81,units,0,v3823091,104.3.3,653,,,,0
1992,"Oshawa, Ontario",2011S0503532,Row and apartment structures of three units and over,Three bedroom units,Dollars,81,units,0,v3823225,104.3.4,785,,,,0
1992,"Oshawa, Ontario",2011S0503532,Row structures of three units and over,Bachelor units,Dollars,81,units,0,v3823359,104.2.1,,F,,,0
1992,"Oshawa, Ontario",2011S0503532,Row structures of three units and over,One bedroom units,Dollars,81,units,0,v3823493,104.2.2,,F,,,0
1992,"Oshawa, Ontario",2011S0503532,Row structures of three units and over,Two bedroom units,Dollars,81,units,0,v3823627,104.2.3,751,,,,0
1992,"Oshawa, Ontario",2011S0503532,Row structures of three units and over,Three bedroom units,Dollars,81,units,0,v3823761,104.2.4,802,,,,0
1992,"Oshawa, Ontario",2011S0503532,Apartment structures of three units and over,Bachelor units,Dollars,81,units,0,v3823895,104.1.1,513,,,,0
1992,"Oshawa, Ontario",2011S0503532,Apartment structures of three units and over,One bedroom units,Dollars,81,units,0,v3824029,104.1.2,564,,,,0
1992,"Oshawa, Ontario",2011S0503532,Apartment structures of three units and over,Two bedroom units,Dollars,81,units,0,v3824163,104.1.3,651,,,,0
1992,"Oshawa, Ontario",2011S0503532,Apartment structures of three units and over,Three bedroom units,Dollars,81,units,0,v3824297,104.1.4,752,,,,0
1992,"Oshawa, Ontario",2011S0503532,Apartment structures of six units and over,Bachelor units,Dollars,81,units,0,v3824431,104.4.1,522,,,,0
1992,"Oshawa, Ontario",2011S0503532,Apartment structures of six units and over,One bedroom units,Dollars,81,units,0,v3824619,104.4.2,568,,,,0
1992,"Oshawa, Ontario",2011S0503532,Apartment structures of six units and over,Two bedroom units,Dollars,81,units,0,v3824807,104.4.3,654,,,,0
1992,"Oshawa, Ontario",2011S0503532,Apartment structures of six units and over,Three bedroom units,Dollars,81,units,0,v3824995,104.4.4,756,,,,0
1992,"Scugog, Ontario",2011A00053518020,Row and apartment structures of three units and over,Bachelor units,Dollars,81,units,0,v53843634,228.3.1,,..,,,0
1992,"Scugog, Ontario",2011A00053518020,Row and apartment structures of three units and over,One bedroom units,Dollars,81,units,0,v53843674,228.3.2,,..,,,0
1992,"Scugog, Ontario",2011A00053518020,Row and apartment structures of three units and over,Two bedroom units,Dollars,81,units,0,v53843714,228.3.3,,..,,,0
1992,"Scugog, Ontario",2011A00053518020,Row and apartment structures of three units and over,Three bedroom units,Dollars,81,units,0,v53843754,228.3.4,,..,,,0
1992,"Scugog, Ontario",2011A00053518020,Row structures of three units and over,Bachelor units,Dollars,81,units,0,v53843794,228.2.1,,..,,,0
1992,"Scugog, Ontario",2011A00053518020,Row structures of three units and over,One bedroom units,Dollars,81,units,0,v53843834,228.2.2,,..,,,0
1992,"Scugog, Ontario",2011A00053518020,Row structures of three units and over,Two bedroom units,Dollars,81,units,0,v53843874,228.2.3,,..,,,0
1992,"Scugog, Ontario",2011A00053518020,Row structures of three units and over,Three bedroom units,Dollars,81,units,0,v53843914,228.2.4,,..,,,0
1992,"Scugog, Ontario",2011A00053518020,Apartment structures of three units and over,Bachelor units,Dollars,81,units,0,v53843954,228.1.1,,..,,,0
1992,"Scugog, Ontario",2011A00053518020,Apartment structures of three units and over,One bedroom units,Dollars,81,units,0,v53843994,228.1.2,,..,,,0
1992,"Scugog, Ontario",2011A00053518020,Apartment structures of three units and over,Two bedroom units,Dollars,81,units,0,v53844034,228.1.3,,..,,,0
1992,"Scugog, Ontario",2011A00053518020,Apartment structures of three units and over,Three bedroom units,Dollars,81,units,0,v53844074,228.1.4,,..,,,0
1992,"Scugog, Ontario",2011A00053518020,Apartment structures of six units and over,Bachelor units,Dollars,81,units,0,v53844114,228.4.1,,..,,,0
1992,"Scugog, Ontario",2011A00053518020,Apartment structures of six units and over,One bedroom units,Dollars,81,units,0,v53844154,228.4.2,,..,,,0
1992,"Scugog, Ontario",2011A00053518020,Apartment structures of six units and over,Two bedroom units,Dollars,81,units,0,v53844194,228.4.3,,..,,,0
1992,"Scugog, Ontario",2011A00053518020,Apartment structures of six units and over,Three bedroom units,Dollars,81,units,0,v53844234,228.4.4,,..,,,0
1992,"Toronto, Ontario",2011S0503535,Row and apartment structures of three units and over,Bachelor units,Dollars,81,units,0,v3822835,125.3.1,493,,,,0
1992,"Toronto, Ontario",2011S0503535,Row and apartment structures of three units and over,One bedroom units,Dollars,81,units,0,v3822969,125.3.2,610,,,,0
1992,"Toronto, Ontario",2011S0503535,Row and apartment structures of three units and over,Two bedroom units,Dollars,81,units,0,v3823103,125.3.3,755,,,,0
1992,"Toronto, Ontario",2011S0503535,Row and apartment structures of three units and over,Three bedroom units,Dollars,81,units,0,v3823237,125.3.4,905,,,,0
1992,"Toronto, Ontario",2011S0503535,Row structures of three units and over,Bachelor units,Dollars,81,units,0,v3823371,125.2.1,,F,,,0
1992,"Toronto, Ontario",2011S0503535,Row structures of three units and over,One bedroom units,Dollars,81,units,0,v3823505,125.2.2,751,,,,0
1992,"Toronto, Ontario",2011S0503535,Row structures of three units and over,Two bedroom units,Dollars,81,units,0,v3823639,125.2.3,800,,,,0
1992,"Toronto, Ontario",2011S0503535,Row structures of three units and over,Three bedroom units,Dollars,81,units,0,v3823773,125.2.4,904,,,,0
1992,"Toronto, Ontario",2011S0503535,Apartment structures of three units and over,Bachelor units,Dollars,81,units,0,v3823907,125.1.1,493,,,,0
1992,"Toronto, Ontario",2011S0503535,Apartment structures of three units and over,One bedroom units,Dollars,81,units,0,v3824041,125.1.2,609,,,,0
1992,"Toronto, Ontario",2011S0503535,Apartment structures of three units and over,Two bedroom units,Dollars,81,units,0,v3824175,125.1.3,754,,,,0
1992,"Toronto, Ontario",2011S0503535,Apartment structures of three units and over,Three bedroom units,Dollars,81,units,0,v3824309,125.1.4,906,,,,0
1992,"Toronto, Ontario",2011S0503535,Apartment structures of six units and over,Bachelor units,Dollars,81,units,0,v3824443,125.4.1,493,,,,0
1992,"Toronto, Ontario",2011S0503535,Apartment structures of six units and over,One bedroom units,Dollars,81,units,0,v3824631,125.4.2,609,,,,0
1992,"Toronto, Ontario",2011S0503535,Apartment structures of six units and over,Two bedroom units,Dollars,81,units,0,v3824819,125.4.3,749,,,,0
1992,"Toronto, Ontario",2011S0503535,Apartment structures of six units and over,Three bedroom units,Dollars,81,units,0,v3825007,125.4.4,904,,,,0
1993,"Brock, Ontario",2011A00053518039,Row and apartment structures of three units and over,Bachelor units,Dollars,81,units,0,v53843611,221.3.1,,..,,,0
1993,"Brock, Ontario",2011A00053518039,Row and apartment structures of three units and over,One bedroom units,Dollars,81,units,0,v53843651,221.3.2,,..,,,0
1993,"Brock, Ontario",2011A00053518039,Row and apartment structures of three units and over,Two bedroom units,Dollars,81,units,0,v53843691,221.3.3,,..,,,0
1993,"Brock, Ontario",2011A00053518039,Row and apartment structures of three units and over,Three bedroom units,Dollars,81,units,0,v53843731,221.3.4,,..,,,0
1993,"Brock, Ontario",2011A00053518039,Row structures of three units and over,Bachelor units,Dollars,81,units,0,v53843771,221.2.1,,..,,,0
1993,"Brock, Ontario",2011A00053518039,Row structures of three units and over,One bedroom units,Dollars,81,units,0,v53843811,221.2.2,,..,,,0
1993,"Brock, Ontario",2011A00053518039,Row structures of three units and over,Two bedroom units,Dollars,81,units,0,v53843851,221.2.3,,..,,,0
1993,"Brock, Ontario",2011A00053518039,Row structures of three units and over,Three bedroom units,Dollars,81,units,0,v53843891,221.2.4,,..,,,0
1993,"Brock, Ontario",2011A00053518039,Apartment structures of three units and over,Bachelor units,Dollars,81,units,0,v53843931,221.1.1,,..,,,0
1993,"Brock, Ontario",2011A00053518039,Apartment structures of three units and over,One bedroom units,Dollars,81,units,0,v53843971,221.1.2,,..,,,0
1993,"Brock, Ontario",2011A00053518039,Apartment structures of three units and over,Two bedroom units,Dollars,81,units,0,v53844011,221.1.3,,..,,,0
1993,"Brock, Ontario",2011A00053518039,Apartment structures of three units and over,Three bedroom units,Dollars,81,units,0,v53844051,221.1.4,,..,,,0
1993,"Brock, Ontario",2011A00053518039,Apartment structures of six units and over,Bachelor units,Dollars,81,units,0,v53844091,221.4.1,,..,,,0
1993,"Brock, Ontario",2011A00053518039,Apartment structures of six units and over,One bedroom units,Dollars,81,units,0,v53844131,221.4.2,,..,,,0
1993,"Brock, Ontario",2011A00053518039,Apartment structures of six units and over,Two bedroom units,Dollars,81,units,0,v53844171,221.4.3,,..,,,0
1993,"Brock, Ontario",2011A00053518039,Apartment structures of six units and over,Three bedroom units,Dollars,81,units,0,v53844211,221.4.4,,..,,,0
1993,"Hamilton, Ontario",2011S0503537,Row and apartment structures of three units and over,Bachelor units,Dollars,81,units,0,v3822818,85.3.1,383,,,,0
1993,"Hamilton, Ontario",2011S0503537,Row and apartment structures of three units and over,One bedroom units,Dollars,81,units,0,v3822952,85.3.2,488,,,,0
1993,"Hamilton, Ontario",2011S0503537,Row and apartment structures of three units and over,Two bedroom units,Dollars,81,units,0,v3823086,85.3.3,600,,,,0
1993,"Hamilton, Ontario",2011S0503537,Row and apartment structures of three units and over,Three bedroom units,Dollars,81,units,0,v3823220,85.3.4,754,,,,0
1993,"Hamilton, Ontario",2011S0503537,Row structures of three units and over,Bachelor units,Dollars,81,units,0,v3823354,85.2.1,,F,,,0
1993,"Hamilton, Ontario",2011S0503537,Row structures of three units and over,One bedroom units,Dollars,81,units,0,v3823488,85.2.2,,F,,,0
1993,"Hamilton, Ontario",2011S0503537,Row structures of three units and over,Two bedroom units,Dollars,81,units,0,v3823622,85.2.3,632,,,,0
1993,"Hamilton, Ontario",2011S0503537,Row structures of three units and over,Three bedroom units,Dollars,81,units,0,v3823756,85.2.4,768,,,,0
1993,"Hamilton, Ontario",2011S0503537,Apartment structures of three units and over,Bachelor units,Dollars,81,units,0,v3823890,85.1.1,383,,,,0
1993,"Hamilton, Ontario",2011S0503537,Apartment structures of three units and over,One bedroom units,Dollars,81,units,0,v3824024,85.1.2,488,,,,0
1993,"Hamilton, Ontario",2011S0503537,Apartment structures of three units and over,Two bedroom units,Dollars,81,units,0,v3824158,85.1.3,599,,,,0
1993,"Hamilton, Ontario",2011S0503537,Apartment structures of three units and over,Three bedroom units,Dollars,81,units,0,v3824292,85.1.4,742,,,,0
1993,"Hamilton, Ontario",2011S0503537,Apartment structures of six units and over,Bachelor units,Dollars,81,units,0,v3824426,85.4.1,384,,,,0
1993,"Hamilton, Ontario",2011S0503537,Apartment structures of six units and over,One bedroom units,Dollars,81,units,0,v3824614,85.4.2,490,,,,0
1993,"Hamilton, Ontario",2011S0503537,Apartment structures of six units and over,Two bedroom units,Dollars,81,units,0,v3824802,85.4.3,599,,,,0
1993,"Hamilton, Ontario",2011S0503537,Apartment structures of six units and over,Three bedroom units,Dollars,81,units,0,v3824990,85.4.4,747,,,,0
1993,"Oshawa, Ontario",2011S0503532,Row and apartment structures of three units and over,Bachelor units,Dollars,81,units,0,v3822823,104.3.1,480,,,,0
1993,"Oshawa, Ontario",2011S0503532,Row and apartment structures of three units and over,One bedroom units,Dollars,81,units,0,v3822957,104.3.2,570,,,,0
1993,"Oshawa, Ontario",2011S0503532,Row and apartment structures of three units and over,Two bedroom units,Dollars,81,units,0,v3823091,104.3.3,661,,,,0
1993,"Oshawa, Ontario",2011S0503532,Row and apartment structures of three units and over,Three bedroom units,Dollars,81,units,0,v3823225,104.3.4,802,,,,0
1993,"Oshawa, Ontario",2011S0503532,Row structures of three units and over,Bachelor units,Dollars,81,units,0,v3823359,104.2.1,,F,,,0
1993,"Oshawa, Ontario",2011S0503532,Row structures of three units and over,One bedroom units,Dollars,81,units,0,v3823493,104.2.2,,F,,,0
1993,"Oshawa, Ontario",2011S0503532,Row structures of three units and over,Two bedroom units,Dollars,81,units,0,v3823627,104.2.3,,F,,,0
1993,"Oshawa, Ontario",2011S0503532,Row structures of three units and over,Three bedroom units,Dollars,81,units,0,v3823761,104.2.4,831,,,,0
1993,"Oshawa, Ontario",2011S0503532,Apartment structures of three units and over,Bachelor units,Dollars,81,units,0,v3823895,104.1.1,480,,,,0
1993,"Oshawa, Ontario",2011S0503532,Apartment structures of three units and over,One bedroom units,Dollars,81,units,0,v3824029,104.1.2,570,,,,0
1993,"Oshawa, Ontario",2011S0503532,Apartment structures of three units and over,Two bedroom units,Dollars,81,units,0,v3824163,104.1.3,659,,,,0
1993,"Oshawa, Ontario",2011S0503532,Apartment structures of three units and over,Three bedroom units,Dollars,81,units,0,v3824297,104.1.4,752,,,,0
1993,"Oshawa, Ontario",2011S0503532,Apartment structures of six units and over,Bachelor units,Dollars,81,units,0,v3824431,104.4.1,494,,,,0
1993,"Oshawa, Ontario",2011S0503532,Apartment structures of six units and over,One bedroom units,Dollars,81,units,0,v3824619,104.4.2,575,,,,0
1993,"Oshawa, Ontario",2011S0503532,Apartment structures of six units and over,Two bedroom units,Dollars,81,units,0,v3824807,104.4.3,662,,,,0
1993,"Oshawa, Ontario",2011S0503532,Apartment structures of six units and over,Three bedroom units,Dollars,81,units,0,v3824995,104.4.4,751,,,,0
1993,"Scugog, Ontario",2011A00053518020,Row and apartment structures of three units and over,Bachelor units,Dollars,81,units,0,v53843634,228.3.1,,..,,,0
1993,"Scugog, Ontario",2011A00053518020,Row and apartment structures of three units and over,One bedroom units,Dollars,81,units,0,v53843674,228.3.2,,..,,,0
1993,"Scugog, Ontario",2011A00053518020,Row and apartment structures of three units and over,Two bedroom units,Dollars,81,units,0,v53843714,228.3.3,,..,,,0
1993,"Scugog, Ontario",2011A00053518020,Row and apartment structures of three units and over,Three bedroom units,Dollars,81,units,0,v53843754,228.3.4,,..,,,0
1993,"Scugog, Ontario",2011A00053518020,Row structures of three units and over,Bachelor units,Dollars,81,units,0,v53843794,228.2.1,,..,,,0
1993,"Scugog, Ontario",2011A00053518020,Row structures of three units and over,One bedroom units,Dollars,81,units,0,v53843834,228.2.2,,..,,,0
1993,"Scugog, Ontario",2011A00053518020,Row structures of three units and over,Two bedroom units,Dollars,81,units,0,v53843874,228.2.3,,..,,,0
1993,"Scugog, Ontario",2011A00053518020,Row structures of three units and over,Three bedroom units,Dollars,81,units,0,v53843914,228.2.4,,..,,,0
1993,"Scugog, Ontario",2011A00053518020,Apartment structures of three units and over,Bachelor units,Dollars,81,units,0,v53843954,228.1.1,,..,,,0
1993,"Scugog, Ontario",2011A00053518020,Apartment structures of three units and over,One bedroom units,Dollars,81,units,0,v53843994,228.1.2,,..,,,0
1993,"Scugog, Ontario",2011A00053518020,Apartment structures of three units and over,Two bedroom units,Dollars,81,units,0,v53844034,228.1.3,,..,,,0
1993,"Scugog, Ontario",2011A00053518020,Apartment structures of three units and over,Three bedroom units,Dollars,81,units,0,v53844074,228.1.4,,..,,,0
1993,"Scugog, Ontario",2011A00053518020,Apartment structures of six units and over,Bachelor units,Dollars,81,units,0,v53844114,228.4.1,,..,,,0
1993,"Scugog, Ontario",2011A00053518020,Apartment structures of six units and over,One bedroom units,Dollars,81,units,0,v53844154,228.4.2,,..,,,0
1993,"Scugog, Ontario",2011A00053518020,Apartment structures of six units and over,Two bedroom units,Dollars,81,units,0,v53844194,228.4.3,,..,,,0
1993,"Scugog, Ontario",2011A00053518020,Apartment structures of six units and over,Three bedroom units,Dollars,81,units,0,v53844234,228.4.4,,..,,,0
1993,"Toronto, Ontario",2011S0503535,Row and apartment structures of three units and over,Bachelor units,Dollars,81,units,0,v3822835,125.3.1,510,,,,0
1993,"Toronto, Ontario",2011S0503535,Row and apartment structures of three units and over,One bedroom units,Dollars,81,units,0,v3822969,125.3.2,627,,,,0
1993,"Toronto, Ontario",2011S0503535,Row and apartment structures of three units and over,Two bedroom units,Dollars,81,units,0,v3823103,125.3.3,773,,,,0
1993,"Toronto, Ontario",2011S0503535,Row and apartment structures of three units and over,Three bedroom units,Dollars,81,units,0,v3823237,125.3.4,930,,,,0
1993,"Toronto, Ontario",2011S0503535,Row structures of three units and over,Bachelor units,Dollars,81,units,0,v3823371,125.2.1,,F,,,0
1993,"Toronto, Ontario",2011S0503535,Row structures of three units and over,One bedroom units,Dollars,81,units,0,v3823505,125.2.2,736,,,,0
1993,"Toronto, Ontario",2011S0503535,Row structures of three units and over,Two bedroom units,Dollars,81,units,0,v3823639,125.2.3,790,,,,0
1993,"Toronto, Ontario",2011S0503535,Row structures of three units and over,Three bedroom units,Dollars,81,units,0,v3823773,125.2.4,919,,,,0
1993,"Toronto, Ontario",2011S0503535,Apartment structures of three units and over,Bachelor units,Dollars,81,units,0,v3823907,125.1.1,510,,,,0
1993,"Toronto, Ontario",2011S0503535,Apartment structures of three units and over,One bedroom units,Dollars,81,units,0,v3824041,125.1.2,627,,,,0
1993,"Toronto, Ontario",2011S0503535,Apartment structures of three units and over,Two bedroom units,Dollars,81,units,0,v3824175,125.1.3,773,,,,0
1993,"Toronto, Ontario",2011S0503535,Apartment structures of three units and over,Three bedroom units,Dollars,81,units,0,v3824309,125.1.4,933,,,,0
1993,"Toronto, Ontario",2011S0503535,Apartment structures of six units and over,Bachelor units,Dollars,81,units,0,v3824443,125.4.1,510,,,,0
1993,"Toronto, Ontario",2011S0503535,Apartment structures of six units and over,One bedroom units,Dollars,81,units,0,v3824631,125.4.2,626,,,,0
1993,"Toronto, Ontario",2011S0503535,Apartment structures of six units and over,Two bedroom units,Dollars,81,units,0,v3824819,125.4.3,770,,,,0
1993,"Toronto, Ontario",2011S0503535,Apartment structures of six units and over,Three bedroom units,Dollars,81,units,0,v3825007,125.4.4,930,,,,0
1994,"Brock, Ontario",2011A00053518039,Row and apartment structures of three units and over,Bachelor units,Dollars,81,units,0,v53843611,221.3.1,,..,,,0
1994,"Brock, Ontario",2011A00053518039,Row and apartment structures of three units and over,One bedroom units,Dollars,81,units,0,v53843651,221.3.2,,..,,,0
1994,"Brock, Ontario",2011A00053518039,Row and apartment structures of three units and over,Two bedroom units,Dollars,81,units,0,v53843691,221.3.3,,..,,,0
1994,"Brock, Ontario",2011A00053518039,Row and apartment structures of three units and over,Three bedroom units,Dollars,81,units,0,v53843731,221.3.4,,..,,,0
1994,"Brock, Ontario",2011A00053518039,Row structures of three units and over,Bachelor units,Dollars,81,units,0,v53843771,221.2.1,,..,,,0
1994,"Brock, Ontario",2011A00053518039,Row structures of three units and over,One bedroom units,Dollars,81,units,0,v53843811,221.2.2,,..,,,0
1994,"Brock, Ontario",2011A00053518039,Row structures of three units and over,Two bedroom units,Dollars,81,units,0,v53843851,221.2.3,,..,,,0
1994,"Brock, Ontario",2011A00053518039,Row structures of three units and over,Three bedroom units,Dollars,81,units,0,v53843891,221.2.4,,..,,,0
1994,"Brock, Ontario",2011A00053518039,Apartment structures of three units and over,Bachelor units,Dollars,81,units,0,v53843931,221.1.1,,..,,,0
1994,"Brock, Ontario",2011A00053518039,Apartment structures of three units and over,One bedroom units,Dollars,81,units,0,v53843971,221.1.2,,..,,,0
1994,"Brock, Ontario",2011A00053518039,Apartment structures of three units and over,Two bedroom units,Dollars,81,units,0,v53844011,221.1.3,,..,,,0
1994,"Brock, Ontario",2011A00053518039,Apartment structures of three units and over,Three bedroom units,Dollars,81,units,0,v53844051,221.1.4,,..,,,0
1994,"Brock, Ontario",2011A00053518039,Apartment structures of six units and over,Bachelor units,Dollars,81,units,0,v53844091,221.4.1,,..,,,0
1994,"Brock, Ontario",2011A00053518039,Apartment structures of six units and over,One bedroom units,Dollars,81,units,0,v53844131,221.4.2,,..,,,0
1994,"Brock, Ontario",2011A00053518039,Apartment structures of six units and over,Two bedroom units,Dollars,81,units,0,v53844171,221.4.3,,..,,,0
1994,"Brock, Ontario",2011A00053518039,Apartment structures of six units and over,Three bedroom units,Dollars,81,units,0,v53844211,221.4.4,,..,,,0
1994,"Hamilton, Ontario",2011S0503537,Row and apartment structures of three units and over,Bachelor units,Dollars,81,units,0,v3822818,85.3.1,389,,,,0
1994,"Hamilton, Ontario",2011S0503537,Row and apartment structures of three units and over,One bedroom units,Dollars,81,units,0,v3822952,85.3.2,498,,,,0
1994,"Hamilton, Ontario",2011S0503537,Row and apartment structures of three units and over,Two bedroom units,Dollars,81,units,0,v3823086,85.3.3,604,,,,0
1994,"Hamilton, Ontario",2011S0503537,Row and apartment structures of three units and over,Three bedroom units,Dollars,81,units,0,v3823220,85.3.4,777,,,,0
1994,"Hamilton, Ontario",2011S0503537,Row structures of three units and over,Bachelor units,Dollars,81,units,0,v3823354,85.2.1,,F,,,0
1994,"Hamilton, Ontario",2011S0503537,Row structures of three units and over,One bedroom units,Dollars,81,units,0,v3823488,85.2.2,,F,,,0
1994,"Hamilton, Ontario",2011S0503537,Row structures of three units and over,Two bedroom units,Dollars,81,units,0,v3823622,85.2.3,648,,,,0
1994,"Hamilton, Ontario",2011S0503537,Row structures of three units and over,Three bedroom units,Dollars,81,units,0,v3823756,85.2.4,801,,,,0
1994,"Hamilton, Ontario",2011S0503537,Apartment structures of three units and over,Bachelor units,Dollars,81,units,0,v3823890,85.1.1,389,,,,0
1994,"Hamilton, Ontario",2011S0503537,Apartment structures of three units and over,One bedroom units,Dollars,81,units,0,v3824024,85.1.2,498,,,,0
1994,"Hamilton, Ontario",2011S0503537,Apartment structures of three units and over,Two bedroom units,Dollars,81,units,0,v3824158,85.1.3,602,,,,0
1994,"Hamilton, Ontario",2011S0503537,Apartment structures of three units and over,Three bedroom units,Dollars,81,units,0,v3824292,85.1.4,755,,,,0
1994,"Hamilton, Ontario",2011S0503537,Apartment structures of six units and over,Bachelor units,Dollars,81,units,0,v3824426,85.4.1,391,,,,0
1994,"Hamilton, Ontario",2011S0503537,Apartment structures of six units and over,One bedroom units,Dollars,81,units,0,v3824614,85.4.2,500,,,,0
1994,"Hamilton, Ontario",2011S0503537,Apartment structures of six units and over,Two bedroom units,Dollars,81,units,0,v3824802,85.4.3,604,,,,0
1994,"Hamilton, Ontario",2011S0503537,Apartment structures of six units and over,Three bedroom units,Dollars,81,units,0,v3824990,85.4.4,764,,,,0
1994,"Oshawa, Ontario",2011S0503532,Row and apartment structures of three units and over,Bachelor units,Dollars,81,units,0,v3822823,104.3.1,468,,,,0
1994,"Oshawa, Ontario",2011S0503532,Row and apartment structures of three units and over,One bedroom units,Dollars,81,units,0,v3822957,104.3.2,584,,,,0
1994,"Oshawa, Ontario",2011S0503532,Row and apartment structures of three units and over,Two bedroom units,Dollars,81,units,0,v3823091,104.3.3,661,,,,0
1994,"Oshawa, Ontario",2011S0503532,Row and apartment structures of three units and over,Three bedroom units,Dollars,81,units,0,v3823225,104.3.4,797,,,,0
1994,"Oshawa, Ontario",2011S0503532,Row structures of three units and over,Bachelor units,Dollars,81,units,0,v3823359,104.2.1,,F,,,0
1994,"Oshawa, Ontario",2011S0503532,Row structures of three units and over,One bedroom units,Dollars,81,units,0,v3823493,104.2.2,,F,,,0
1994,"Oshawa, Ontario",2011S0503532,Row structures of three units and over,Two bedroom units,Dollars,81,units,0,v3823627,104.2.3,767,,,,0
1994,"Oshawa, Ontario",2011S0503532,Row structures of three units and over,Three bedroom units,Dollars,81,units,0,v3823761,104.2.4,826,,,,0
1994,"Oshawa, Ontario",2011S0503532,Apartment structures of three units and over,Bachelor units,Dollars,81,units,0,v3823895,104.1.1,468,,,,0
1994,"Oshawa, Ontario",2011S0503532,Apartment structures of three units and over,One bedroom units,Dollars,81,units,0,v3824029,104.1.2,584,,,,0
1994,"Oshawa, Ontario",2011S0503532,Apartment structures of three units and over,Two bedroom units,Dollars,81,units,0,v3824163,104.1.3,659,,,,0
1994,"Oshawa, Ontario",2011S0503532,Apartment structures of three units and over,Three bedroom units,Dollars,81,units,0,v3824297,104.1.4,745,,,,0
1994,"Oshawa, Ontario",2011S0503532,Apartment structures of six units and over,Bachelor units,Dollars,81,units,0,v3824431,104.4.1,481,,,,0
1994,"Oshawa, Ontario",2011S0503532,Apartment structures of six units and over,One bedroom units,Dollars,81,units,0,v3824619,104.4.2,590,,,,0
1994,"Oshawa, Ontario",2011S0503532,Apartment structures of six units and over,Two bedroom units,Dollars,81,units,0,v3824807,104.4.3,662,,,,0
1994,"Oshawa, Ontario",2011S0503532,Apartment structures of six units and over,Three bedroom units,Dollars,81,units,0,v3824995,104.4.4,746,,,,0
1994,"Scugog, Ontario",2011A00053518020,Row and apartment structures of three units and over,Bachelor units,Dollars,81,units,0,v53843634,228.3.1,,..,,,0
1994,"Scugog, Ontario",2011A00053518020,Row and apartment structures of three units and over,One bedroom units,Dollars,81,units,0,v53843674,228.3.2,,..,,,0
1994,"Scugog, Ontario",2011A00053518020,Row and apartment structures of three units and over,Two bedroom units,Dollars,81,units,0,v53843714,228.3.3,,..,,,0
1994,"Scugog, Ontario",2011A00053518020,Row and apartment structures of three units and over,Three bedroom units,Dollars,81,units,0,v53843754,228.3.4,,..,,,0
1994,"Scugog, Ontario",2011A00053518020,Row structures of three units and over,Bachelor units,Dollars,81,units,0,v53843794,228.2.1,,..,,,0
1994,"Scugog, Ontario",2011A00053518020,Row structures of three units and over,One bedroom units,Dollars,81,units,0,v53843834,228.2.2,,..,,,0
1994,"Scugog, Ontario",2011A00053518020,Row structures of three units and over,Two bedroom units,Dollars,81,units,0,v53843874,228.2.3,,..,,,0
1994,"Scugog, Ontario",2011A00053518020,Row structures of three units and over,Three bedroom units,Dollars,81,units,0,v53843914,228.2.4,,..,,,0
1994,"Scugog, Ontario",2011A00053518020,Apartment structures of three units and over,Bachelor units,Dollars,81,units,0,v53843954,228.1.1,,..,,,0
1994,"Scugog, Ontario",2011A00053518020,Apartment structures of three units and over,One bedroom units,Dollars,81,units,0,v53843994,228.1.2,,..,,,0
1994,"Scugog, Ontario",2011A00053518020,Apartment structures of three units and over,Two bedroom units,Dollars,81,units,0,v53844034,228.1.3,,..,,,0
1994,"Scugog, Ontario",2011A00053518020,Apartment structures of three units and over,Three bedroom units,Dollars,81,units,0,v53844074,228.1.4,,..,,,0
1994,"Scugog, Ontario",2011A00053518020,Apartment structures of six units and over,Bachelor units,Dollars,81,units,0,v53844114,228.4.1,,..,,,0
1994,"Scugog, Ontario",2011A00053518020,Apartment structures of six units and over,One bedroom units,Dollars,81,units,0,v53844154,228.4.2,,..,,,0
1994,"Scugog, Ontario",2011A00053518020,Apartment structures of six units and over,Two bedroom units,Dollars,81,units,0,v53844194,228.4.3,,..,,,0
1994,"Scugog, Ontario",2011A00053518020,Apartment structures of six units and over,Three bedroom units,Dollars,81,units,0,v53844234,228.4.4,,..,,,0
1994,"Toronto, Ontario",2011S0503535,Row and apartment structures of three units and over,Bachelor units,Dollars,81,units,0,v3822835,125.3.1,516,,,,0
1994,"Toronto, Ontario",2011S0503535,Row and apartment structures of three units and over,One bedroom units,Dollars,81,units,0,v3822969,125.3.2,641,,,,0
1994,"Toronto, Ontario",2011S0503535,Row and apartment structures of three units and over,Two bedroom units,Dollars,81,units,0,v3823103,125.3.3,785,,,,0
1994,"Toronto, Ontario",2011S0503535,Row and apartment structures of three units and over,Three bedroom units,Dollars,81,units,0,v3823237,125.3.4,946,,,,0
1994,"Toronto, Ontario",2011S0503535,Row structures of three units and over,Bachelor units,Dollars,81,units,0,v3823371,125.2.1,501,,,,0
1994,"Toronto, Ontario",2011S0503535,Row structures of three units and over,One bedroom units,Dollars,81,units,0,v3823505,125.2.2,730,,,,0
1994,"Toronto, Ontario",2011S0503535,Row structures of three units and over,Two bedroom units,Dollars,81,units,0,v3823639,125.2.3,795,,,,0
1994,"Toronto, Ontario",2011S0503535,Row structures of three units and over,Three bedroom units,Dollars,81,units,0,v3823773,125.2.4,948,,,,0
1994,"Toronto, Ontario",2011S0503535,Apartment structures of three units and over,Bachelor units,Dollars,81,units,0,v3823907,125.1.1,516,,,,0
1994,"Toronto, Ontario",2011S0503535,Apartment structures of three units and over,One bedroom units,Dollars,81,units,0,v3824041,125.1.2,641,,,,0
1994,"Toronto, Ontario",2011S0503535,Apartment structures of three units and over,Two bedroom units,Dollars,81,units,0,v3824175,125.1.3,784,,,,0
1994,"Toronto, Ontario",2011S0503535,Apartment structures of three units and over,Three bedroom units,Dollars,81,units,0,v3824309,125.1.4,946,,,,0
1994,"Toronto, Ontario",2011S0503535,Apartment structures of six units and over,Bachelor units,Dollars,81,units,0,v3824443,125.4.1,517,,,,0
1994,"Toronto, Ontario",2011S0503535,Apartment structures of six units and over,One bedroom units,Dollars,81,units,0,v3824631,125.4.2,641,,,,0
1994,"Toronto, Ontario",2011S0503535,Apartment structures of six units and over,Two bedroom units,Dollars,81,units,0,v3824819,125.4.3,782,,,,0
1994,"Toronto, Ontario",2011S0503535,Apartment structures of six units and over,Three bedroom units,Dollars,81,units,0,v3825007,125.4.4,943,,,,0
1995,"Brock, Ontario",2011A00053518039,Row and apartment structures of three units and over,Bachelor units,Dollars,81,units,0,v53843611,221.3.1,,..,,,0
1995,"Brock, Ontario",2011A00053518039,Row and apartment structures of three units and over,One bedroom units,Dollars,81,units,0,v53843651,221.3.2,,..,,,0
1995,"Brock, Ontario",2011A00053518039,Row and apartment structures of three units and over,Two bedroom units,Dollars,81,units,0,v53843691,221.3.3,,..,,,0
1995,"Brock, Ontario",2011A00053518039,Row and apartment structures of three units and over,Three bedroom units,Dollars,81,units,0,v53843731,221.3.4,,..,,,0
1995,"Brock, Ontario",2011A00053518039,Row structures of three units and over,Bachelor units,Dollars,81,units,0,v53843771,221.2.1,,..,,,0
1995,"Brock, Ontario",2011A00053518039,Row structures of three units and over,One bedroom units,Dollars,81,units,0,v53843811,221.2.2,,..,,,0
1995,"Brock, Ontario",2011A00053518039,Row structures of three units and over,Two bedroom units,Dollars,81,units,0,v53843851,221.2.3,,..,,,0
1995,"Brock, Ontario",2011A00053518039,Row structures of three units and over,Three bedroom units,Dollars,81,units,0,v53843891,221.2.4,,..,,,0
1995,"Brock, Ontario",2011A00053518039,Apartment structures of three units and over,Bachelor units,Dollars,81,units,0,v53843931,221.1.1,,..,,,0
1995,"Brock, Ontario",2011A00053518039,Apartment structures of three units and over,One bedroom units,Dollars,81,units,0,v53843971,221.1.2,,..,,,0
1995,"Brock, Ontario",2011A00053518039,Apartment structures of three units and over,Two bedroom units,Dollars,81,units,0,v53844011,221.1.3,,..,,,0
1995,"Brock, Ontario",2011A00053518039,Apartment structures of three units and over,Three bedroom units,Dollars,81,units,0,v53844051,221.1.4,,..,,,0
1995,"Brock, Ontario",2011A00053518039,Apartment structures of six units and over,Bachelor units,Dollars,81,units,0,v53844091,221.4.1,,..,,,0
1995,"Brock, Ontario",2011A00053518039,Apartment structures of six units and over,One bedroom units,Dollars,81,units,0,v53844131,221.4.2,,..,,,0
1995,"Brock, Ontario",2011A00053518039,Apartment structures of six units and over,Two bedroom units,Dollars,81,units,0,v53844171,221.4.3,,..,,,0
1995,"Brock, Ontario",2011A00053518039,Apartment structures of six units and over,Three bedroom units,Dollars,81,units,0,v53844211,221.4.4,,..,,,0
1995,"Hamilton, Ontario",2011S0503537,Row and apartment structures of three units and over,Bachelor units,Dollars,81,units,0,v3822818,85.3.1,397,,,,0
1995,"Hamilton, Ontario",2011S0503537,Row and apartment structures of three units and over,One bedroom units,Dollars,81,units,0,v3822952,85.3.2,509,,,,0
1995,"Hamilton, Ontario",2011S0503537,Row and apartment structures of three units and over,Two bedroom units,Dollars,81,units,0,v3823086,85.3.3,616,,,,0
1995,"Hamilton, Ontario",2011S0503537,Row and apartment structures of three units and over,Three bedroom units,Dollars,81,units,0,v3823220,85.3.4,778,,,,0
1995,"Hamilton, Ontario",2011S0503537,Row structures of three units and over,Bachelor units,Dollars,81,units,0,v3823354,85.2.1,,F,,,0
1995,"Hamilton, Ontario",2011S0503537,Row structures of three units and over,One bedroom units,Dollars,81,units,0,v3823488,85.2.2,,F,,,0
1995,"Hamilton, Ontario",2011S0503537,Row structures of three units and over,Two bedroom units,Dollars,81,units,0,v3823622,85.2.3,654,,,,0
1995,"Hamilton, Ontario",2011S0503537,Row structures of three units and over,Three bedroom units,Dollars,81,units,0,v3823756,85.2.4,802,,,,0
1995,"Hamilton, Ontario",2011S0503537,Apartment structures of three units and over,Bachelor units,Dollars,81,units,0,v3823890,85.1.1,396,,,,0
1995,"Hamilton, Ontario",2011S0503537,Apartment structures of three units and over,One bedroom units,Dollars,81,units,0,v3824024,85.1.2,509,,,,0
1995,"Hamilton, Ontario",2011S0503537,Apartment structures of three units and over,Two bedroom units,Dollars,81,units,0,v3824158,85.1.3,614,,,,0
1995,"Hamilton, Ontario",2011S0503537,Apartment structures of three units and over,Three bedroom units,Dollars,81,units,0,v3824292,85.1.4,755,,,,0
1995,"Hamilton, Ontario",2011S0503537,Apartment structures of six units and over,Bachelor units,Dollars,81,units,0,v3824426,85.4.1,400,,,,0
1995,"Hamilton, Ontario",2011S0503537,Apartment structures of six units and over,One bedroom units,Dollars,81,units,0,v3824614,85.4.2,512,,,,0
1995,"Hamilton, Ontario",2011S0503537,Apartment structures of six units and over,Two bedroom units,Dollars,81,units,0,v3824802,85.4.3,617,,,,0
1995,"Hamilton, Ontario",2011S0503537,Apartment structures of six units and over,Three bedroom units,Dollars,81,units,0,v3824990,85.4.4,765,,,,0
1995,"Oshawa, Ontario",2011S0503532,Row and apartment structures of three units and over,Bachelor units,Dollars,81,units,0,v3822823,104.3.1,508,,,,0
1995,"Oshawa, Ontario",2011S0503532,Row and apartment structures of three units and over,One bedroom units,Dollars,81,units,0,v3822957,104.3.2,605,,,,0
1995,"Oshawa, Ontario",2011S0503532,Row and apartment structures of three units and over,Two bedroom units,Dollars,81,units,0,v3823091,104.3.3,691,,,,0
1995,"Oshawa, Ontario",2011S0503532,Row and apartment structures of three units and over,Three bedroom units,Dollars,81,units,0,v3823225,104.3.4,817,,,,0
1995,"Oshawa, Ontario",2011S0503532,Row structures of three units and over,Bachelor units,Dollars,81,units,0,v3823359,104.2.1,,F,,,0
1995,"Oshawa, Ontario",2011S0503532,Row structures of three units and over,One bedroom units,Dollars,81,units,0,v3823493,104.2.2,,F,,,0
1995,"Oshawa, Ontario",2011S0503532,Row structures of three units and over,Two bedroom units,Dollars,81,units,0,v3823627,104.2.3,782,,,,0
1995,"Oshawa, Ontario",2011S0503532,Row structures of three units and over,Three bedroom units,Dollars,81,units,0,v3823761,104.2.4,841,,,,0
1995,"Oshawa, Ontario",2011S0503532,Apartment structures of three units and over,Bachelor units,Dollars,81,units,0,v3823895,104.1.1,508,,,,0
1995,"Oshawa, Ontario",2011S0503532,Apartment structures of three units and over,One bedroom units,Dollars,81,units,0,v3824029,104.1.2,605,,,,0
1995,"Oshawa, Ontario",2011S0503532,Apartment structures of three units and over,Two bedroom units,Dollars,81,units,0,v3824163,104.1.3,689,,,,0
1995,"Oshawa, Ontario",2011S0503532,Apartment structures of three units and over,Three bedroom units,Dollars,81,units,0,v3824297,104.1.4,779,,,,0
1995,"Oshawa, Ontario",2011S0503532,Apartment structures of six units and over,Bachelor units,Dollars,81,units,0,v3824431,104.4.1,518,,,,0
1995,"Oshawa, Ontario",2011S0503532,Apartment structures of six units and over,One bedroom units,Dollars,81,units,0,v3824619,104.4.2,610,,,,0
1995,"Oshawa, Ontario",2011S0503532,Apartment structures of six units and over,Two bedroom units,Dollars,81,units,0,v3824807,104.4.3,694,,,,0
1995,"Oshawa, Ontario",2011S0503532,Apartment structures of six units and over,Three bedroom units,Dollars,81,units,0,v3824995,104.4.4,784,,,,0
1995,"Scugog, Ontario",2011A00053518020,Row and apartment structures of three units and over,Bachelor units,Dollars,81,units,0,v53843634,228.3.1,,..,,,0
1995,"Scugog, Ontario",2011A00053518020,Row and apartment structures of three units and over,One bedroom units,Dollars,81,units,0,v53843674,228.3.2,,..,,,0
1995,"Scugog, Ontario",2011A00053518020,Row and apartment structures of three units and over,Two bedroom units,Dollars,81,units,0,v53843714,228.3.3,,..,,,0
1995,"Scugog, Ontario",2011A00053518020,Row and apartment structures of three units and over,Three bedroom units,Dollars,81,units,0,v53843754,228.3.4,,..,,,0
1995,"Scugog, Ontario",2011A00053518020,Row structures of three units and over,Bachelor units,Dollars,81,units,0,v53843794,228.2.1,,..,,,0
1995,"Scugog, Ontario",2011A00053518020,Row structures of three units and over,One bedroom units,Dollars,81,units,0,v53843834,228.2.2,,..,,,0
1995,"Scugog, Ontario",2011A00053518020,Row structures of three units and over,Two bedroom units,Dollars,81,units,0,v53843874,228.2.3,,..,,,0
1995,"Scugog, Ontario",2011A00053518020,Row structures of three units and over,Three bedroom units,Dollars,81,units,0,v53843914,228.2.4,,..,,,0
1995,"Scugog, Ontario",2011A00053518020,Apartment structures of three units and over,Bachelor units,Dollars,81,units,0,v53843954,228.1.1,,..,,,0
1995,"Scugog, Ontario",2011A00053518020,Apartment structures of three units and over,One bedroom units,Dollars,81,units,0,v53843994,228.1.2,,..,,,0
1995,"Scugog, Ontario",2011A00053518020,Apartment structures of three units and over,Two bedroom units,Dollars,81,units,0,v53844034,228.1.3,,..,,,0
1995,"Scugog, Ontario",2011A00053518020,Apartment structures of three units and over,Three bedroom units,Dollars,81,units,0,v53844074,228.1.4,,..,,,0
1995,"Scugog, Ontario",2011A00053518020,Apartment structures of six units and over,Bachelor units,Dollars,81,units,0,v53844114,228.4.1,,..,,,0
1995,"Scugog, Ontario",2011A00053518020,Apartment structures of six units and over,One bedroom units,Dollars,81,units,0,v53844154,228.4.2,,..,,,0
1995,"Scugog, Ontario",2011A00053518020,Apartment structures of six units and over,Two bedroom units,Dollars,81,units,0,v53844194,228.4.3,,..,,,0
1995,"Scugog, Ontario",2011A00053518020,Apartment structures of six units and over,Three bedroom units,Dollars,81,units,0,v53844234,228.4.4,,..,,,0
1995,"Toronto, Ontario",2011S0503535,Row and apartment structures of three units and over,Bachelor units,Dollars,81,units,0,v3822835,125.3.1,531,,,,0
1995,"Toronto, Ontario",2011S0503535,Row and apartment structures of three units and over,One bedroom units,Dollars,81,units,0,v3822969,125.3.2,661,,,,0
1995,"Toronto, Ontario",2011S0503535,Row and apartment structures of three units and over,Two bedroom units,Dollars,81,units,0,v3823103,125.3.3,805,,,,0
1995,"Toronto, Ontario",2011S0503535,Row and apartment structures of three units and over,Three bedroom units,Dollars,81,units,0,v3823237,125.3.4,965,,,,0
1995,"Toronto, Ontario",2011S0503535,Row structures of three units and over,Bachelor units,Dollars,81,units,0,v3823371,125.2.1,,F,,,0
1995,"Toronto, Ontario",2011S0503535,Row structures of three units and over,One bedroom units,Dollars,81,units,0,v3823505,125.2.2,766,,,,0
1995,"Toronto, Ontario",2011S0503535,Row structures of three units and over,Two bedroom units,Dollars,81,units,0,v3823639,125.2.3,827,,,,0
1995,"Toronto, Ontario",2011S0503535,Row structures of three units and over,Three bedroom units,Dollars,81,units,0,v3823773,125.2.4,961,,,,0
1995,"Toronto, Ontario",2011S0503535,Apartment structures of three units and over,Bachelor units,Dollars,81,units,0,v3823907,125.1.1,531,,,,0
1995,"Toronto, Ontario",2011S0503535,Apartment structures of three units and over,One bedroom units,Dollars,81,units,0,v3824041,125.1.2,661,,,,0
1995,"Toronto, Ontario",2011S0503535,Apartment structures of three units and over,Two bedroom units,Dollars,81,units,0,v3824175,125.1.3,805,,,,0
1995,"Toronto, Ontario",2011S0503535,Apartment structures of three units and over,Three bedroom units,Dollars,81,units,0,v3824309,125.1.4,966,,,,0
1995,"Toronto, Ontario",2011S0503535,Apartment structures of six units and over,Bachelor units,Dollars,81,units,0,v3824443,125.4.1,531,,,,0
1995,"Toronto, Ontario",2011S0503535,Apartment structures of six units and over,One bedroom units,Dollars,81,units,0,v3824631,125.4.2,660,,,,0
1995,"Toronto, Ontario",2011S0503535,Apartment structures of six units and over,Two bedroom units,Dollars,81,units,0,v3824819,125.4.3,803,,,,0
1995,"Toronto, Ontario",2011S0503535,Apartment structures of six units and over,Three bedroom units,Dollars,81,units,0,v3825007,125.4.4,961,,,,0
1996,"Brock, Ontario",2011A00053518039,Row and apartment structures of three units and over,Bachelor units,Dollars,81,units,0,v53843611,221.3.1,,..,,,0
1996,"Brock, Ontario",2011A00053518039,Row and apartment structures of three units and over,One bedroom units,Dollars,81,units,0,v53843651,221.3.2,,..,,,0
1996,"Brock, Ontario",2011A00053518039,Row and apartment structures of three units and over,Two bedroom units,Dollars,81,units,0,v53843691,221.3.3,,..,,,0
1996,"Brock, Ontario",2011A00053518039,Row and apartment structures of three units and over,Three bedroom units,Dollars,81,units,0,v53843731,221.3.4,,..,,,0
1996,"Brock, Ontario",2011A00053518039,Row structures of three units and over,Bachelor units,Dollars,81,units,0,v53843771,221.2.1,,..,,,0
1996,"Brock, Ontario",2011A00053518039,Row structures of three units and over,One bedroom units,Dollars,81,units,0,v53843811,221.2.2,,..,,,0
1996,"Brock, Ontario",2011A00053518039,Row structures of three units and over,Two bedroom units,Dollars,81,units,0,v53843851,221.2.3,,..,,,0
1996,"Brock, Ontario",2011A00053518039,Row structures of three units and over,Three bedroom units,Dollars,81,units,0,v53843891,221.2.4,,..,,,0
1996,"Brock, Ontario",2011A00053518039,Apartment structures of three units and over,Bachelor units,Dollars,81,units,0,v53843931,221.1.1,,..,,,0
1996,"Brock, Ontario",2011A00053518039,Apartment structures of three units and over,One bedroom units,Dollars,81,units,0,v53843971,221.1.2,,..,,,0
1996,"Brock, Ontario",2011A00053518039,Apartment structures of three units and over,Two bedroom units,Dollars,81,units,0,v53844011,221.1.3,,..,,,0
1996,"Brock, Ontario",2011A00053518039,Apartment structures of three units and over,Three bedroom units,Dollars,81,units,0,v53844051,221.1.4,,..,,,0
1996,"Brock, Ontario",2011A00053518039,Apartment structures of six units and over,Bachelor units,Dollars,81,units,0,v53844091,221.4.1,,..,,,0
1996,"Brock, Ontario",2011A00053518039,Apartment structures of six units and over,One bedroom units,Dollars,81,units,0,v53844131,221.4.2,,..,,,0
1996,"Brock, Ontario",2011A00053518039,Apartment structures of six units and over,Two bedroom units,Dollars,81,units,0,v53844171,221.4.3,,..,,,0
1996,"Brock, Ontario",2011A00053518039,Apartment structures of six units and over,Three bedroom units,Dollars,81,units,0,v53844211,221.4.4,,..,,,0
1996,"Hamilton, Ontario",2011S0503537,Row and apartment structures of three units and over,Bachelor units,Dollars,81,units,0,v3822818,85.3.1,389,,,,0
1996,"Hamilton, Ontario",2011S0503537,Row and apartment structures of three units and over,One bedroom units,Dollars,81,units,0,v3822952,85.3.2,506,,,,0
1996,"Hamilton, Ontario",2011S0503537,Row and apartment structures of three units and over,Two bedroom units,Dollars,81,units,0,v3823086,85.3.3,627,,,,0
1996,"Hamilton, Ontario",2011S0503537,Row and apartment structures of three units and over,Three bedroom units,Dollars,81,units,0,v3823220,85.3.4,798,,,,0
1996,"Hamilton, Ontario",2011S0503537,Row structures of three units and over,Bachelor units,Dollars,81,units,0,v3823354,85.2.1,,F,,,0
1996,"Hamilton, Ontario",2011S0503537,Row structures of three units and over,One bedroom units,Dollars,81,units,0,v3823488,85.2.2,,F,,,0
1996,"Hamilton, Ontario",2011S0503537,Row structures of three units and over,Two bedroom units,Dollars,81,units,0,v3823622,85.2.3,677,,,,0
1996,"Hamilton, Ontario",2011S0503537,Row structures of three units and over,Three bedroom units,Dollars,81,units,0,v3823756,85.2.4,807,,,,0
1996,"Hamilton, Ontario",2011S0503537,Apartment structures of three units and over,Bachelor units,Dollars,81,units,0,v3823890,85.1.1,389,,,,0
1996,"Hamilton, Ontario",2011S0503537,Apartment structures of three units and over,One bedroom units,Dollars,81,units,0,v3824024,85.1.2,506,,,,0
1996,"Hamilton, Ontario",2011S0503537,Apartment structures of three units and over,Two bedroom units,Dollars,81,units,0,v3824158,85.1.3,625,,,,0
1996,"Hamilton, Ontario",2011S0503537,Apartment structures of three units and over,Three bedroom units,Dollars,81,units,0,v3824292,85.1.4,789,,,,0
1996,"Hamilton, Ontario",2011S0503537,Apartment structures of six units and over,Bachelor units,Dollars,81,units,0,v3824426,85.4.1,391,,,,0
1996,"Hamilton, Ontario",2011S0503537,Apartment structures of six units and over,One bedroom units,Dollars,81,units,0,v3824614,85.4.2,509,,,,0
1996,"Hamilton, Ontario",2011S0503537,Apartment structures of six units and over,Two bedroom units,Dollars,81,units,0,v3824802,85.4.3,629,,,,0
1996,"Hamilton, Ontario",2011S0503537,Apartment structures of six units and over,Three bedroom units,Dollars,81,units,0,v3824990,85.4.4,803,,,,0
1996,"Oshawa, Ontario",2011S0503532,Row and apartment structures of three units and over,Bachelor units,Dollars,81,units,0,v3822823,104.3.1,521,,,,0
1996,"Oshawa, Ontario",2011S0503532,Row and apartment structures of three units and over,One bedroom units,Dollars,81,units,0,v3822957,104.3.2,617,,,,0
1996,"Oshawa, Ontario",2011S0503532,Row and apartment structures of three units and over,Two bedroom units,Dollars,81,units,0,v3823091,104.3.3,701,,,,0
1996,"Oshawa, Ontario",2011S0503532,Row and apartment structures of three units and over,Three bedroom units,Dollars,81,units,0,v3823225,104.3.4,838,,,,0
1996,"Oshawa, Ontario",2011S0503532,Row structures of three units and over,Bachelor units,Dollars,81,units,0,v3823359,104.2.1,,F,,,0
1996,"Oshawa, Ontario",2011S0503532,Row structures of three units and over,One bedroom units,Dollars,81,units,0,v3823493,104.2.2,,F,,,0
1996,"Oshawa, Ontario",2011S0503532,Row structures of three units and over,Two bedroom units,Dollars,81,units,0,v3823627,104.2.3,,F,,,0
1996,"Oshawa, Ontario",2011S0503532,Row structures of three units and over,Three bedroom units,Dollars,81,units,0,v3823761,104.2.4,863,,,,0
1996,"Oshawa, Ontario",2011S0503532,Apartment structures of three units and over,Bachelor units,Dollars,81,units,0,v3823895,104.1.1,521,,,,0
1996,"Oshawa, Ontario",2011S0503532,Apartment structures of three units and over,One bedroom units,Dollars,81,units,0,v3824029,104.1.2,617,,,,0
1996,"Oshawa, Ontario",2011S0503532,Apartment structures of three units and over,Two bedroom units,Dollars,81,units,0,v3824163,104.1.3,700,,,,0
1996,"Oshawa, Ontario",2011S0503532,Apartment structures of three units and over,Three bedroom units,Dollars,81,units,0,v3824297,104.1.4,798,,,,0
1996,"Oshawa, Ontario",2011S0503532,Apartment structures of six units and over,Bachelor units,Dollars,81,units,0,v3824431,104.4.1,537,,,,0
1996,"Oshawa, Ontario",2011S0503532,Apartment structures of six units and over,One bedroom units,Dollars,81,units,0,v3824619,104.4.2,622,,,,0
1996,"Oshawa, Ontario",2011S0503532,Apartment structures of six units and over,Two bedroom units,Dollars,81,units,0,v3824807,104.4.3,704,,,,0
1996,"Oshawa, Ontario",2011S0503532,Apartment structures of six units and over,Three bedroom units,Dollars,81,units,0,v3824995,104.4.4,804,,,,0
1996,"Scugog, Ontario",2011A00053518020,Row and apartment structures of three units and over,Bachelor units,Dollars,81,units,0,v53843634,228.3.1,,..,,,0
1996,"Scugog, Ontario",2011A00053518020,Row and apartment structures of three units and over,One bedroom units,Dollars,81,units,0,v53843674,228.3.2,,..,,,0
1996,"Scugog, Ontario",2011A00053518020,Row and apartment structures of three units and over,Two bedroom units,Dollars,81,units,0,v53843714,228.3.3,,..,,,0
1996,"Scugog, Ontario",2011A00053518020,Row and apartment structures of three units and over,Three bedroom units,Dollars,81,units,0,v53843754,228.3.4,,..,,,0
1996,"Scugog, Ontario",2011A00053518020,Row structures of three units and over,Bachelor units,Dollars,81,units,0,v53843794,228.2.1,,..,,,0
1996,"Scugog, Ontario",2011A00053518020,Row structures of three units and over,One bedroom units,Dollars,81,units,0,v53843834,228.2.2,,..,,,0
1996,"Scugog, Ontario",2011A00053518020,Row structures of three units and over,Two bedroom units,Dollars,81,units,0,v53843874,228.2.3,,..,,,0
1996,"Scugog, Ontario",2011A00053518020,Row structures of three units and over,Three bedroom units,Dollars,81,units,0,v53843914,228.2.4,,..,,,0
1996,"Scugog, Ontario",2011A00053518020,Apartment structures of three units and over,Bachelor units,Dollars,81,units,0,v53843954,228.1.1,,..,,,0
1996,"Scugog, Ontario",2011A00053518020,Apartment structures of three units and over,One bedroom units,Dollars,81,units,0,v53843994,228.1.2,,..,,,0
1996,"Scugog, Ontario",2011A00053518020,Apartment structures of three units and over,Two bedroom units,Dollars,81,units,0,v53844034,228.1.3,,..,,,0
1996,"Scugog, Ontario",2011A00053518020,Apartment structures of three units and over,Three bedroom units,Dollars,81,units,0,v53844074,228.1.4,,..,,,0
1996,"Scugog, Ontario",2011A00053518020,Apartment structures of six units and over,Bachelor units,Dollars,81,units,0,v53844114,228.4.1,,..,,,0
1996,"Scugog, Ontario",2011A00053518020,Apartment structures of six units and over,One bedroom units,Dollars,81,units,0,v53844154,228.4.2,,..,,,0
1996,"Scugog, Ontario",2011A00053518020,Apartment structures of six units and over,Two bedroom units,Dollars,81,units,0,v53844194,228.4.3,,..,,,0
1996,"Scugog, Ontario",2011A00053518020,Apartment structures of six units and over,Three bedroom units,Dollars,81,units,0,v53844234,228.4.4,,..,,,0
1996,"Toronto, Ontario",2011S0503535,Row and apartment structures of three units and over,Bachelor units,Dollars,81,units,0,v3822835,125.3.1,541,,,,0
1996,"Toronto, Ontario",2011S0503535,Row and apartment structures of three units and over,One bedroom units,Dollars,81,units,0,v3822969,125.3.2,675,,,,0
1996,"Toronto, Ontario",2011S0503535,Row and apartment structures of three units and over,Two bedroom units,Dollars,81,units,0,v3823103,125.3.3,819,,,,0
1996,"Toronto, Ontario",2011S0503535,Row and apartment structures of three units and over,Three bedroom units,Dollars,81,units,0,v3823237,125.3.4,988,,,,0
1996,"Toronto, Ontario",2011S0503535,Row structures of three units and over,Bachelor units,Dollars,81,units,0,v3823371,125.2.1,,F,,,0
1996,"Toronto, Ontario",2011S0503535,Row structures of three units and over,One bedroom units,Dollars,81,units,0,v3823505,125.2.2,762,,,,0
1996,"Toronto, Ontario",2011S0503535,Row structures of three units and over,Two bedroom units,Dollars,81,units,0,v3823639,125.2.3,847,,,,0
1996,"Toronto, Ontario",2011S0503535,Row structures of three units and over,Three bedroom units,Dollars,81,units,0,v3823773,125.2.4,995,,,,0
1996,"Toronto, Ontario",2011S0503535,Apartment structures of three units and over,Bachelor units,Dollars,81,units,0,v3823907,125.1.1,541,,,,0
1996,"Toronto, Ontario",2011S0503535,Apartment structures of three units and over,One bedroom units,Dollars,81,units,0,v3824041,125.1.2,675,,,,0
1996,"Toronto, Ontario",2011S0503535,Apartment structures of three units and over,Two bedroom units,Dollars,81,units,0,v3824175,125.1.3,819,,,,0
1996,"Toronto, Ontario",2011S0503535,Apartment structures of three units and over,Three bedroom units,Dollars,81,units,0,v3824309,125.1.4,986,,,,0
1996,"Toronto, Ontario",2011S0503535,Apartment structures of six units and over,Bachelor units,Dollars,81,units,0,v3824443,125.4.1,542,,,,0
1996,"Toronto, Ontario",2011S0503535,Apartment structures of six units and over,One bedroom units,Dollars,81,units,0,v3824631,125.4.2,674,,,,0
1996,"Toronto, Ontario",2011S0503535,Apartment structures of six units and over,Two bedroom units,Dollars,81,units,0,v3824819,125.4.3,817,,,,0
1996,"Toronto, Ontario",2011S0503535,Apartment structures of six units and over,Three bedroom units,Dollars,81,units,0,v3825007,125.4.4,984,,,,0
1997,"Brock, Ontario",2011A00053518039,Row and apartment structures of three units and over,Bachelor units,Dollars,81,units,0,v53843611,221.3.1,,..,,,0
1997,"Brock, Ontario",2011A00053518039,Row and apartment structures of three units and over,One bedroom units,Dollars,81,units,0,v53843651,221.3.2,,..,,,0
1997,"Brock, Ontario",2011A00053518039,Row and apartment structures of three units and over,Two bedroom units,Dollars,81,units,0,v53843691,221.3.3,,..,,,0
1997,"Brock, Ontario",2011A00053518039,Row and apartment structures of three units and over,Three bedroom units,Dollars,81,units,0,v53843731,221.3.4,,..,,,0
1997,"Brock, Ontario",2011A00053518039,Row structures of three units and over,Bachelor units,Dollars,81,units,0,v53843771,221.2.1,,..,,,0
1997,"Brock, Ontario",2011A00053518039,Row structures of three units and over,One bedroom units,Dollars,81,units,0,v53843811,221.2.2,,..,,,0
1997,"Brock, Ontario",2011A00053518039,Row structures of three units and over,Two bedroom units,Dollars,81,units,0,v53843851,221.2.3,,..,,,0
1997,"Brock, Ontario",2011A00053518039,Row structures of three units and over,Three bedroom units,Dollars,81,units,0,v53843891,221.2.4,,..,,,0
1997,"Brock, Ontario",2011A00053518039,Apartment structures of three units and over,Bachelor units,Dollars,81,units,0,v53843931,221.1.1,,..,,,0
1997,"Brock, Ontario",2011A00053518039,Apartment structures of three units and over,One bedroom units,Dollars,81,units,0,v53843971,221.1.2,,..,,,0
1997,"Brock, Ontario",2011A00053518039,Apartment structures of three units and over,Two bedroom units,Dollars,81,units,0,v53844011,221.1.3,,..,,,0
1997,"Brock, Ontario",2011A00053518039,Apartment structures of three units and over,Three bedroom units,Dollars,81,units,0,v53844051,221.1.4,,..,,,0
1997,"Brock, Ontario",2011A00053518039,Apartment structures of six units and over,Bachelor units,Dollars,81,units,0,v53844091,221.4.1,,..,,,0
1997,"Brock, Ontario",2011A00053518039,Apartment structures of six units and over,One bedroom units,Dollars,81,units,0,v53844131,221.4.2,,..,,,0
1997,"Brock, Ontario",2011A00053518039,Apartment structures of six units and over,Two bedroom units,Dollars,81,units,0,v53844171,221.4.3,,..,,,0
1997,"Brock, Ontario",2011A00053518039,Apartment structures of six units and over,Three bedroom units,Dollars,81,units,0,v53844211,221.4.4,,..,,,0
1997,"Hamilton, Ontario",2011S0503537,Row and apartment structures of three units and over,Bachelor units,Dollars,81,units,0,v3822818,85.3.1,405,,,,0
1997,"Hamilton, Ontario",2011S0503537,Row and apartment structures of three units and over,One bedroom units,Dollars,81,units,0,v3822952,85.3.2,520,,,,0
1997,"Hamilton, Ontario",2011S0503537,Row and apartment structures of three units and over,Two bedroom units,Dollars,81,units,0,v3823086,85.3.3,639,,,,0
1997,"Hamilton, Ontario",2011S0503537,Row and apartment structures of three units and over,Three bedroom units,Dollars,81,units,0,v3823220,85.3.4,812,,,,0
1997,"Hamilton, Ontario",2011S0503537,Row structures of three units and over,Bachelor units,Dollars,81,units,0,v3823354,85.2.1,,F,,,0
1997,"Hamilton, Ontario",2011S0503537,Row structures of three units and over,One bedroom units,Dollars,81,units,0,v3823488,85.2.2,,F,,,0
1997,"Hamilton, Ontario",2011S0503537,Row structures of three units and over,Two bedroom units,Dollars,81,units,0,v3823622,85.2.3,684,,,,0
1997,"Hamilton, Ontario",2011S0503537,Row structures of three units and over,Three bedroom units,Dollars,81,units,0,v3823756,85.2.4,817,,,,0
1997,"Hamilton, Ontario",2011S0503537,Apartment structures of three units and over,Bachelor units,Dollars,81,units,0,v3823890,85.1.1,405,,,,0
1997,"Hamilton, Ontario",2011S0503537,Apartment structures of three units and over,One bedroom units,Dollars,81,units,0,v3824024,85.1.2,520,,,,0
1997,"Hamilton, Ontario",2011S0503537,Apartment structures of three units and over,Two bedroom units,Dollars,81,units,0,v3824158,85.1.3,636,,,,0
1997,"Hamilton, Ontario",2011S0503537,Apartment structures of three units and over,Three bedroom units,Dollars,81,units,0,v3824292,85.1.4,808,,,,0
1997,"Hamilton, Ontario",2011S0503537,Apartment structures of six units and over,Bachelor units,Dollars,81,units,0,v3824426,85.4.1,413,,,,0
1997,"Hamilton, Ontario",2011S0503537,Apartment structures of six units and over,One bedroom units,Dollars,81,units,0,v3824614,85.4.2,523,,,,0
1997,"Hamilton, Ontario",2011S0503537,Apartment structures of six units and over,Two bedroom units,Dollars,81,units,0,v3824802,85.4.3,640,,,,0
1997,"Hamilton, Ontario",2011S0503537,Apartment structures of six units and over,Three bedroom units,Dollars,81,units,0,v3824990,85.4.4,814,,,,0
1997,"Oshawa, Ontario",2011S0503532,Row and apartment structures of three units and over,Bachelor units,Dollars,81,units,0,v3822823,104.3.1,515,,,,0
1997,"Oshawa, Ontario",2011S0503532,Row and apartment structures of three units and over,One bedroom units,Dollars,81,units,0,v3822957,104.3.2,604,,,,0
1997,"Oshawa, Ontario",2011S0503532,Row and apartment structures of three units and over,Two bedroom units,Dollars,81,units,0,v3823091,104.3.3,692,,,,0
1997,"Oshawa, Ontario",2011S0503532,Row and apartment structures of three units and over,Three bedroom units,Dollars,81,units,0,v3823225,104.3.4,812,,,,0
1997,"Oshawa, Ontario",2011S0503532,Row structures of three units and over,Bachelor units,Dollars,81,units,0,v3823359,104.2.1,,F,,,0
1997,"Oshawa, Ontario",2011S0503532,Row structures of three units and over,One bedroom units,Dollars,81,units,0,v3823493,104.2.2,,F,,,0
1997,"Oshawa, Ontario",2011S0503532,Row structures of three units and over,Two bedroom units,Dollars,81,units,0,v3823627,104.2.3,,F,,,0
1997,"Oshawa, Ontario",2011S0503532,Row structures of three units and over,Three bedroom units,Dollars,81,units,0,v3823761,104.2.4,832,,,,0
1997,"Oshawa, Ontario",2011S0503532,Apartment structures of three units and over,Bachelor units,Dollars,81,units,0,v3823895,104.1.1,515,,,,0
1997,"Oshawa, Ontario",2011S0503532,Apartment structures of three units and over,One bedroom units,Dollars,81,units,0,v3824029,104.1.2,604,,,,0
1997,"Oshawa, Ontario",2011S0503532,Apartment structures of three units and over,Two bedroom units,Dollars,81,units,0,v3824163,104.1.3,691,,,,0
1997,"Oshawa, Ontario",2011S0503532,Apartment structures of three units and over,Three bedroom units,Dollars,81,units,0,v3824297,104.1.4,788,,,,0
1997,"Oshawa, Ontario",2011S0503532,Apartment structures of six units and over,Bachelor units,Dollars,81,units,0,v3824431,104.4.1,524,,,,0
1997,"Oshawa, Ontario",2011S0503532,Apartment structures of six units and over,One bedroom units,Dollars,81,units,0,v3824619,104.4.2,609,,,,0
1997,"Oshawa, Ontario",2011S0503532,Apartment structures of six units and over,Two bedroom units,Dollars,81,units,0,v3824807,104.4.3,695,,,,0
1997,"Oshawa, Ontario",2011S0503532,Apartment structures of six units and over,Three bedroom units,Dollars,81,units,0,v3824995,104.4.4,789,,,,0
1997,"Scugog, Ontario",2011A00053518020,Row and apartment structures of three units and over,Bachelor units,Dollars,81,units,0,v53843634,228.3.1,,..,,,0
1997,"Scugog, Ontario",2011A00053518020,Row and apartment structures of three units and over,One bedroom units,Dollars,81,units,0,v53843674,228.3.2,,..,,,0
1997,"Scugog, Ontario",2011A00053518020,Row and apartment structures of three units and over,Two bedroom units,Dollars,81,units,0,v53843714,228.3.3,,..,,,0
1997,"Scugog, Ontario",2011A00053518020,Row and apartment structures of three units and over,Three bedroom units,Dollars,81,units,0,v53843754,228.3.4,,..,,,0
1997,"Scugog, Ontario",2011A00053518020,Row structures of three units and over,Bachelor units,Dollars,81,units,0,v53843794,228.2.1,,..,,,0
1997,"Scugog, Ontario",2011A00053518020,Row structures of three units and over,One bedroom units,Dollars,81,units,0,v53843834,228.2.2,,..,,,0
1997,"Scugog, Ontario",2011A00053518020,Row structures of three units and over,Two bedroom units,Dollars,81,units,0,v53843874,228.2.3,,..,,,0
1997,"Scugog, Ontario",2011A00053518020,Row structures of three units and over,Three bedroom units,Dollars,81,units,0,v53843914,228.2.4,,..,,,0
1997,"Scugog, Ontario",2011A00053518020,Apartment structures of three units and over,Bachelor units,Dollars,81,units,0,v53843954,228.1.1,,..,,,0
1997,"Scugog, Ontario",2011A00053518020,Apartment structures of three units and over,One bedroom units,Dollars,81,units,0,v53843994,228.1.2,,..,,,0
1997,"Scugog, Ontario",2011A00053518020,Apartment structures of three units and over,Two bedroom units,Dollars,81,units,0,v53844034,228.1.3,,..,,,0
1997,"Scugog, Ontario",2011A00053518020,Apartment structures of three units and over,Three bedroom units,Dollars,81,units,0,v53844074,228.1.4,,..,,,0
1997,"Scugog, Ontario",2011A00053518020,Apartment structures of six units and over,Bachelor units,Dollars,81,units,0,v53844114,228.4.1,,..,,,0
1997,"Scugog, Ontario",2011A00053518020,Apartment structures of six units and over,One bedroom units,Dollars,81,units,0,v53844154,228.4.2,,..,,,0
1997,"Scugog, Ontario",2011A00053518020,Apartment structures of six units and over,Two bedroom units,Dollars,81,units,0,v53844194,228.4.3,,..,,,0
1997,"Scugog, Ontario",2011A00053518020,Apartment structures of six units and over,Three bedroom units,Dollars,81,units,0,v53844234,228.4.4,,..,,,0
1997,"Toronto, Ontario",2011S0503535,Row and apartment structures of three units and over,Bachelor units,Dollars,81,units,0,v3822835,125.3.1,555,,,,0
1997,"Toronto, Ontario",2011S0503535,Row and apartment structures of three units and over,One bedroom units,Dollars,81,units,0,v3822969,125.3.2,685,,,,0
1997,"Toronto, Ontario",2011S0503535,Row and apartment structures of three units and over,Two bedroom units,Dollars,81,units,0,v3823103,125.3.3,822,,,,0
1997,"Toronto, Ontario",2011S0503535,Row and apartment structures of three units and over,Three bedroom units,Dollars,81,units,0,v3823237,125.3.4,989,,,,0
1997,"Toronto, Ontario",2011S0503535,Row structures of three units and over,Bachelor units,Dollars,81,units,0,v3823371,125.2.1,,F,,,0
1997,"Toronto, Ontario",2011S0503535,Row structures of three units and over,One bedroom units,Dollars,81,units,0,v3823505,125.2.2,,F,,,0
1997,"Toronto, Ontario",2011S0503535,Row structures of three units and over,Two bedroom units,Dollars,81,units,0,v3823639,125.2.3,849,,,,0
1997,"Toronto, Ontario",2011S0503535,Row structures of three units and over,Three bedroom units,Dollars,81,units,0,v3823773,125.2.4,1006,,,,0
1997,"Toronto, Ontario",2011S0503535,Apartment structures of three units and over,Bachelor units,Dollars,81,units,0,v3823907,125.1.1,555,,,,0
1997,"Toronto, Ontario",2011S0503535,Apartment structures of three units and over,One bedroom units,Dollars,81,units,0,v3824041,125.1.2,685,,,,0
1997,"Toronto, Ontario",2011S0503535,Apartment structures of three units and over,Two bedroom units,Dollars,81,units,0,v3824175,125.1.3,821,,,,0
1997,"Toronto, Ontario",2011S0503535,Apartment structures of three units and over,Three bedroom units,Dollars,81,units,0,v3824309,125.1.4,985,,,,0
1997,"Toronto, Ontario",2011S0503535,Apartment structures of six units and over,Bachelor units,Dollars,81,units,0,v3824443,125.4.1,557,,,,0
1997,"Toronto, Ontario",2011S0503535,Apartment structures of six units and over,One bedroom units,Dollars,81,units,0,v3824631,125.4.2,686,,,,0
1997,"Toronto, Ontario",2011S0503535,Apartment structures of six units and over,Two bedroom units,Dollars,81,units,0,v3824819,125.4.3,819,,,,0
1997,"Toronto, Ontario",2011S0503535,Apartment structures of six units and over,Three bedroom units,Dollars,81,units,0,v3825007,125.4.4,979,,,,0
1998,"Brock, Ontario",2011A00053518039,Row and apartment structures of three units and over,Bachelor units,Dollars,81,units,0,v53843611,221.3.1,,..,,,0
1998,"Brock, Ontario",2011A00053518039,Row and apartment structures of three units and over,One bedroom units,Dollars,81,units,0,v53843651,221.3.2,,..,,,0
1998,"Brock, Ontario",2011A00053518039,Row and apartment structures of three units and over,Two bedroom units,Dollars,81,units,0,v53843691,221.3.3,,..,,,0
1998,"Brock, Ontario",2011A00053518039,Row and apartment structures of three units and over,Three bedroom units,Dollars,81,units,0,v53843731,221.3.4,,..,,,0
1998,"Brock, Ontario",2011A00053518039,Row structures of three units and over,Bachelor units,Dollars,81,units,0,v53843771,221.2.1,,..,,,0
1998,"Brock, Ontario",2011A00053518039,Row structures of three units and over,One bedroom units,Dollars,81,units,0,v53843811,221.2.2,,..,,,0
1998,"Brock, Ontario",2011A00053518039,Row structures of three units and over,Two bedroom units,Dollars,81,units,0,v53843851,221.2.3,,..,,,0
1998,"Brock, Ontario",2011A00053518039,Row structures of three units and over,Three bedroom units,Dollars,81,units,0,v53843891,221.2.4,,..,,,0
1998,"Brock, Ontario",2011A00053518039,Apartment structures of three units and over,Bachelor units,Dollars,81,units,0,v53843931,221.1.1,,..,,,0
1998,"Brock, Ontario",2011A00053518039,Apartment structures of three units and over,One bedroom units,Dollars,81,units,0,v53843971,221.1.2,,..,,,0
1998,"Brock, Ontario",2011A00053518039,Apartment structures of three units and over,Two bedroom units,Dollars,81,units,0,v53844011,221.1.3,,..,,,0
1998,"Brock, Ontario",2011A00053518039,Apartment structures of three units and over,Three bedroom units,Dollars,81,units,0,v53844051,221.1.4,,..,,,0
1998,"Brock, Ontario",2011A00053518039,Apartment structures of six units and over,Bachelor units,Dollars,81,units,0,v53844091,221.4.1,,..,,,0
1998,"Brock, Ontario",2011A00053518039,Apartment structures of six units and over,One bedroom units,Dollars,81,units,0,v53844131,221.4.2,,..,,,0
1998,"Brock, Ontario",2011A00053518039,Apartment structures of six units and over,Two bedroom units,Dollars,81,units,0,v53844171,221.4.3,,..,,,0
1998,"Brock, Ontario",2011A00053518039,Apartment structures of six units and over,Three bedroom units,Dollars,81,units,0,v53844211,221.4.4,,..,,,0
1998,"Hamilton, Ontario",2011S0503537,Row and apartment structures of three units and over,Bachelor units,Dollars,81,units,0,v3822818,85.3.1,403,,,,0
1998,"Hamilton, Ontario",2011S0503537,Row and apartment structures of three units and over,One bedroom units,Dollars,81,units,0,v3822952,85.3.2,539,,,,0
1998,"Hamilton, Ontario",2011S0503537,Row and apartment structures of three units and over,Two bedroom units,Dollars,81,units,0,v3823086,85.3.3,665,,,,0
1998,"Hamilton, Ontario",2011S0503537,Row and apartment structures of three units and over,Three bedroom units,Dollars,81,units,0,v3823220,85.3.4,831,,,,0
1998,"Hamilton, Ontario",2011S0503537,Row structures of three units and over,Bachelor units,Dollars,81,units,0,v3823354,85.2.1,,F,,,0
1998,"Hamilton, Ontario",2011S0503537,Row structures of three units and over,One bedroom units,Dollars,81,units,0,v3823488,85.2.2,,F,,,0
1998,"Hamilton, Ontario",2011S0503537,Row structures of three units and over,Two bedroom units,Dollars,81,units,0,v3823622,85.2.3,729,,,,0
1998,"Hamilton, Ontario",2011S0503537,Row structures of three units and over,Three bedroom units,Dollars,81,units,0,v3823756,85.2.4,841,,,,0
1998,"Hamilton, Ontario",2011S0503537,Apartment structures of three units and over,Bachelor units,Dollars,81,units,0,v3823890,85.1.1,403,,,,0
1998,"Hamilton, Ontario",2011S0503537,Apartment structures of three units and over,One bedroom units,Dollars,81,units,0,v3824024,85.1.2,539,,,,0
1998,"Hamilton, Ontario",2011S0503537,Apartment structures of three units and over,Two bedroom units,Dollars,81,units,0,v3824158,85.1.3,662,,,,0
1998,"Hamilton, Ontario",2011S0503537,Apartment structures of three units and over,Three bedroom units,Dollars,81,units,0,v3824292,85.1.4,821,,,,0
1998,"Hamilton, Ontario",2011S0503537,Apartment structures of six units and over,Bachelor units,Dollars,81,units,0,v3824426,85.4.1,408,,,,0
1998,"Hamilton, Ontario",2011S0503537,Apartment structures of six units and over,One bedroom units,Dollars,81,units,0,v3824614,85.4.2,543,,,,0
1998,"Hamilton, Ontario",2011S0503537,Apartment structures of six units and over,Two bedroom units,Dollars,81,units,0,v3824802,85.4.3,665,,,,0
1998,"Hamilton, Ontario",2011S0503537,Apartment structures of six units and over,Three bedroom units,Dollars,81,units,0,v3824990,85.4.4,829,,,,0
1998,"Oshawa, Ontario",2011S0503532,Row and apartment structures of three units and over,Bachelor units,Dollars,81,units,0,v3822823,104.3.1,518,,,,0
1998,"Oshawa, Ontario",2011S0503532,Row and apartment structures of three units and over,One bedroom units,Dollars,81,units,0,v3822957,104.3.2,641,,,,0
1998,"Oshawa, Ontario",2011S0503532,Row and apartment structures of three units and over,Two bedroom units,Dollars,81,units,0,v3823091,104.3.3,727,,,,0
1998,"Oshawa, Ontario",2011S0503532,Row and apartment structures of three units and over,Three bedroom units,Dollars,81,units,0,v3823225,104.3.4,847,,,,0
1998,"Oshawa, Ontario",2011S0503532,Row structures of three units and over,Bachelor units,Dollars,81,units,0,v3823359,104.2.1,,F,,,0
1998,"Oshawa, Ontario",2011S0503532,Row structures of three units and over,One bedroom units,Dollars,81,units,0,v3823493,104.2.2,,F,,,0
1998,"Oshawa, Ontario",2011S0503532,Row structures of three units and over,Two bedroom units,Dollars,81,units,0,v3823627,104.2.3,,F,,,0
1998,"Oshawa, Ontario",2011S0503532,Row structures of three units and over,Three bedroom units,Dollars,81,units,0,v3823761,104.2.4,865,,,,0
1998,"Oshawa, Ontario",2011S0503532,Apartment structures of three units and over,Bachelor units,Dollars,81,units,0,v3823895,104.1.1,518,,,,0
1998,"Oshawa, Ontario",2011S0503532,Apartment structures of three units and over,One bedroom units,Dollars,81,units,0,v3824029,104.1.2,641,,,,0
1998,"Oshawa, Ontario",2011S0503532,Apartment structures of three units and over,Two bedroom units,Dollars,81,units,0,v3824163,104.1.3,726,,,,0
1998,"Oshawa, Ontario",2011S0503532,Apartment structures of three units and over,Three bedroom units,Dollars,81,units,0,v3824297,104.1.4,828,,,,0
1998,"Oshawa, Ontario",2011S0503532,Apartment structures of six units and over,Bachelor units,Dollars,81,units,0,v3824431,104.4.1,529,,,,0
1998,"Oshawa, Ontario",2011S0503532,Apartment structures of six units and over,One bedroom units,Dollars,81,units,0,v3824619,104.4.2,645,,,,0
1998,"Oshawa, Ontario",2011S0503532,Apartment structures of six units and over,Two bedroom units,Dollars,81,units,0,v3824807,104.4.3,732,,,,0
1998,"Oshawa, Ontario",2011S0503532,Apartment structures of six units and over,Three bedroom units,Dollars,81,units,0,v3824995,104.4.4,835,,,,0
1998,"Scugog, Ontario",2011A00053518020,Row and apartment structures of three units and over,Bachelor units,Dollars,81,units,0,v53843634,228.3.1,,..,,,0
1998,"Scugog, Ontario",2011A00053518020,Row and apartment structures of three units and over,One bedroom units,Dollars,81,units,0,v53843674,228.3.2,,..,,,0
1998,"Scugog, Ontario",2011A00053518020,Row and apartment structures of three units and over,Two bedroom units,Dollars,81,units,0,v53843714,228.3.3,,..,,,0
1998,"Scugog, Ontario",2011A00053518020,Row and apartment structures of three units and over,Three bedroom units,Dollars,81,units,0,v53843754,228.3.4,,..,,,0
1998,"Scugog, Ontario",2011A00053518020,Row structures of three units and over,Bachelor units,Dollars,81,units,0,v53843794,228.2.1,,..,,,0
1998,"Scugog, Ontario",2011A00053518020,Row structures of three units and over,One bedroom units,Dollars,81,units,0,v53843834,228.2.2,,..,,,0
1998,"Scugog, Ontario",2011A00053518020,Row structures of three units and over,Two bedroom units,Dollars,81,units,0,v53843874,228.2.3,,..,,,0
1998,"Scugog, Ontario",2011A00053518020,Row structures of three units and over,Three bedroom units,Dollars,81,units,0,v53843914,228.2.4,,..,,,0
1998,"Scugog, Ontario",2011A00053518020,Apartment structures of three units and over,Bachelor units,Dollars,81,units,0,v53843954,228.1.1,,..,,,0
1998,"Scugog, Ontario",2011A00053518020,Apartment structures of three units and over,One bedroom units,Dollars,81,units,0,v53843994,228.1.2,,..,,,0
1998,"Scugog, Ontario",2011A00053518020,Apartment structures of three units and over,Two bedroom units,Dollars,81,units,0,v53844034,228.1.3,,..,,,0
1998,"Scugog, Ontario",2011A00053518020,Apartment structures of three units and over,Three bedroom units,Dollars,81,units,0,v53844074,228.1.4,,..,,,0
1998,"Scugog, Ontario",2011A00053518020,Apartment structures of six units and over,Bachelor units,Dollars,81,units,0,v53844114,228.4.1,,..,,,0
1998,"Scugog, Ontario",2011A00053518020,Apartment structures of six units and over,One bedroom units,Dollars,81,units,0,v53844154,228.4.2,,..,,,0
1998,"Scugog, Ontario",2011A00053518020,Apartment structures of six units and over,Two bedroom units,Dollars,81,units,0,v53844194,228.4.3,,..,,,0
1998,"Scugog, Ontario",2011A00053518020,Apartment structures of six units and over,Three bedroom units,Dollars,81,units,0,v53844234,228.4.4,,..,,,0
1998,"Toronto, Ontario",2011S0503535,Row and apartment structures of three units and over,Bachelor units,Dollars,81,units,0,v3822835,125.3.1,589,,,,0
1998,"Toronto, Ontario",2011S0503535,Row and apartment structures of three units and over,One bedroom units,Dollars,81,units,0,v3822969,125.3.2,729,,,,0
1998,"Toronto, Ontario",2011S0503535,Row and apartment structures of three units and over,Two bedroom units,Dollars,81,units,0,v3823103,125.3.3,881,,,,0
1998,"Toronto, Ontario",2011S0503535,Row and apartment structures of three units and over,Three bedroom units,Dollars,81,units,0,v3823237,125.3.4,1053,,,,0
1998,"Toronto, Ontario",2011S0503535,Row structures of three units and over,Bachelor units,Dollars,81,units,0,v3823371,125.2.1,,F,,,0
1998,"Toronto, Ontario",2011S0503535,Row structures of three units and over,One bedroom units,Dollars,81,units,0,v3823505,125.2.2,,F,,,0
1998,"Toronto, Ontario",2011S0503535,Row structures of three units and over,Two bedroom units,Dollars,81,units,0,v3823639,125.2.3,889,,,,0
1998,"Toronto, Ontario",2011S0503535,Row structures of three units and over,Three bedroom units,Dollars,81,units,0,v3823773,125.2.4,1061,,,,0
1998,"Toronto, Ontario",2011S0503535,Apartment structures of three units and over,Bachelor units,Dollars,81,units,0,v3823907,125.1.1,589,,,,0
1998,"Toronto, Ontario",2011S0503535,Apartment structures of three units and over,One bedroom units,Dollars,81,units,0,v3824041,125.1.2,729,,,,0
1998,"Toronto, Ontario",2011S0503535,Apartment structures of three units and over,Two bedroom units,Dollars,81,units,0,v3824175,125.1.3,881,,,,0
1998,"Toronto, Ontario",2011S0503535,Apartment structures of three units and over,Three bedroom units,Dollars,81,units,0,v3824309,125.1.4,1052,,,,0
1998,"Toronto, Ontario",2011S0503535,Apartment structures of six units and over,Bachelor units,Dollars,81,units,0,v3824443,125.4.1,589,,,,0
1998,"Toronto, Ontario",2011S0503535,Apartment structures of six units and over,One bedroom units,Dollars,81,units,0,v3824631,125.4.2,730,,,,0
1998,"Toronto, Ontario",2011S0503535,Apartment structures of six units and over,Two bedroom units,Dollars,81,units,0,v3824819,125.4.3,879,,,,0
1998,"Toronto, Ontario",2011S0503535,Apartment structures of six units and over,Three bedroom units,Dollars,81,units,0,v3825007,125.4.4,1048,,,,0
1999,"Brock, Ontario",2011A00053518039,Row and apartment structures of three units and over,Bachelor units,Dollars,81,units,0,v53843611,221.3.1,,..,,,0
1999,"Brock, Ontario",2011A00053518039,Row and apartment structures of three units and over,One bedroom units,Dollars,81,units,0,v53843651,221.3.2,,..,,,0
1999,"Brock, Ontario",2011A00053518039,Row and apartment structures of three units and over,Two bedroom units,Dollars,81,units,0,v53843691,221.3.3,,..,,,0
1999,"Brock, Ontario",2011A00053518039,Row and apartment structures of three units and over,Three bedroom units,Dollars,81,units,0,v53843731,221.3.4,,..,,,0
1999,"Brock, Ontario",2011A00053518039,Row structures of three units and over,Bachelor units,Dollars,81,units,0,v53843771,221.2.1,,..,,,0
1999,"Brock, Ontario",2011A00053518039,Row structures of three units and over,One bedroom units,Dollars,81,units,0,v53843811,221.2.2,,..,,,0
1999,"Brock, Ontario",2011A00053518039,Row structures of three units and over,Two bedroom units,Dollars,81,units,0,v53843851,221.2.3,,..,,,0
1999,"Brock, Ontario",2011A00053518039,Row structures of three units and over,Three bedroom units,Dollars,81,units,0,v53843891,221.2.4,,..,,,0
1999,"Brock, Ontario",2011A00053518039,Apartment structures of three units and over,Bachelor units,Dollars,81,units,0,v53843931,221.1.1,,..,,,0
1999,"Brock, Ontario",2011A00053518039,Apartment structures of three units and over,One bedroom units,Dollars,81,units,0,v53843971,221.1.2,,..,,,0
1999,"Brock, Ontario",2011A00053518039,Apartment structures of three units and over,Two bedroom units,Dollars,81,units,0,v53844011,221.1.3,,..,,,0
1999,"Brock, Ontario",2011A00053518039,Apartment structures of three units and over,Three bedroom units,Dollars,81,units,0,v53844051,221.1.4,,..,,,0
1999,"Brock, Ontario",2011A00053518039,Apartment structures of six units and over,Bachelor units,Dollars,81,units,0,v53844091,221.4.1,,..,,,0
1999,"Brock, Ontario",2011A00053518039,Apartment structures of six units and over,One bedroom units,Dollars,81,units,0,v53844131,221.4.2,,..,,,0
1999,"Brock, Ontario",2011A00053518039,Apartment structures of six units and over,Two bedroom units,Dollars,81,units,0,v53844171,221.4.3,,..,,,0
1999,"Brock, Ontario",2011A00053518039,Apartment structures of six units and over,Three bedroom units,Dollars,81,units,0,v53844211,221.4.4,,..,,,0
1999,"Hamilton, Ontario",2011S0503537,Row and apartment structures of three units and over,Bachelor units,Dollars,81,units,0,v3822818,85.3.1,423,,,,0
1999,"Hamilton, Ontario",2011S0503537,Row and apartment structures of three units and over,One bedroom units,Dollars,81,units,0,v3822952,85.3.2,563,,,,0
1999,"Hamilton, Ontario",2011S0503537,Row and apartment structures of three units and over,Two bedroom units,Dollars,81,units,0,v3823086,85.3.3,699,,,,0
1999,"Hamilton, Ontario",2011S0503537,Row and apartment structures of three units and over,Three bedroom units,Dollars,81,units,0,v3823220,85.3.4,852,,,,0
1999,"Hamilton, Ontario",2011S0503537,Row structures of three units and over,Bachelor units,Dollars,81,units,0,v3823354,85.2.1,,F,,,0
1999,"Hamilton, Ontario",2011S0503537,Row structures of three units and over,One bedroom units,Dollars,81,units,0,v3823488,85.2.2,,F,,,0
1999,"Hamilton, Ontario",2011S0503537,Row structures of three units and over,Two bedroom units,Dollars,81,units,0,v3823622,85.2.3,732,,,,0
1999,"Hamilton, Ontario",2011S0503537,Row structures of three units and over,Three bedroom units,Dollars,81,units,0,v3823756,85.2.4,844,,,,0
1999,"Hamilton, Ontario",2011S0503537,Apartment structures of three units and over,Bachelor units,Dollars,81,units,0,v3823890,85.1.1,423,,,,0
1999,"Hamilton, Ontario",2011S0503537,Apartment structures of three units and over,One bedroom units,Dollars,81,units,0,v3824024,85.1.2,563,,,,0
1999,"Hamilton, Ontario",2011S0503537,Apartment structures of three units and over,Two bedroom units,Dollars,81,units,0,v3824158,85.1.3,698,,,,0
1999,"Hamilton, Ontario",2011S0503537,Apartment structures of three units and over,Three bedroom units,Dollars,81,units,0,v3824292,85.1.4,860,,,,0
1999,"Hamilton, Ontario",2011S0503537,Apartment structures of six units and over,Bachelor units,Dollars,81,units,0,v3824426,85.4.1,429,,,,0
1999,"Hamilton, Ontario",2011S0503537,Apartment structures of six units and over,One bedroom units,Dollars,81,units,0,v3824614,85.4.2,566,,,,0
1999,"Hamilton, Ontario",2011S0503537,Apartment structures of six units and over,Two bedroom units,Dollars,81,units,0,v3824802,85.4.3,701,,,,0
1999,"Hamilton, Ontario",2011S0503537,Apartment structures of six units and over,Three bedroom units,Dollars,81,units,0,v3824990,85.4.4,873,,,,0
1999,"Oshawa, Ontario",2011S0503532,Row and apartment structures of three units and over,Bachelor units,Dollars,81,units,0,v3822823,104.3.1,536,,,,0
1999,"Oshawa, Ontario",2011S0503532,Row and apartment structures of three units and over,One bedroom units,Dollars,81,units,0,v3822957,104.3.2,647,,,,0
1999,"Oshawa, Ontario",2011S0503532,Row and apartment structures of three units and over,Two bedroom units,Dollars,81,units,0,v3823091,104.3.3,746,,,,0
1999,"Oshawa, Ontario",2011S0503532,Row and apartment structures of three units and over,Three bedroom units,Dollars,81,units,0,v3823225,104.3.4,863,,,,0
1999,"Oshawa, Ontario",2011S0503532,Row structures of three units and over,Bachelor units,Dollars,81,units,0,v3823359,104.2.1,,F,,,0
1999,"Oshawa, Ontario",2011S0503532,Row structures of three units and over,One bedroom units,Dollars,81,units,0,v3823493,104.2.2,,F,,,0
1999,"Oshawa, Ontario",2011S0503532,Row structures of three units and over,Two bedroom units,Dollars,81,units,0,v3823627,104.2.3,,F,,,0
1999,"Oshawa, Ontario",2011S0503532,Row structures of three units and over,Three bedroom units,Dollars,81,units,0,v3823761,104.2.4,882,,,,0
1999,"Oshawa, Ontario",2011S0503532,Apartment structures of three units and over,Bachelor units,Dollars,81,units,0,v3823895,104.1.1,536,,,,0
1999,"Oshawa, Ontario",2011S0503532,Apartment structures of three units and over,One bedroom units,Dollars,81,units,0,v3824029,104.1.2,647,,,,0
1999,"Oshawa, Ontario",2011S0503532,Apartment structures of three units and over,Two bedroom units,Dollars,81,units,0,v3824163,104.1.3,745,,,,0
1999,"Oshawa, Ontario",2011S0503532,Apartment structures of three units and over,Three bedroom units,Dollars,81,units,0,v3824297,104.1.4,846,,,,0
1999,"Oshawa, Ontario",2011S0503532,Apartment structures of six units and over,Bachelor units,Dollars,81,units,0,v3824431,104.4.1,551,,,,0
1999,"Oshawa, Ontario",2011S0503532,Apartment structures of six units and over,One bedroom units,Dollars,81,units,0,v3824619,104.4.2,653,,,,0
1999,"Oshawa, Ontario",2011S0503532,Apartment structures of six units and over,Two bedroom units,Dollars,81,units,0,v3824807,104.4.3,752,,,,0
1999,"Oshawa, Ontario",2011S0503532,Apartment structures of six units and over,Three bedroom units,Dollars,81,units,0,v3824995,104.4.4,860,,,,0
1999,"Scugog, Ontario",2011A00053518020,Row and apartment structures of three units and over,Bachelor units,Dollars,81,units,0,v53843634,228.3.1,,..,,,0
1999,"Scugog, Ontario",2011A00053518020,Row and apartment structures of three units and over,One bedroom units,Dollars,81,units,0,v53843674,228.3.2,,..,,,0
1999,"Scugog, Ontario",2011A00053518020,Row and apartment structures of three units and over,Two bedroom units,Dollars,81,units,0,v53843714,228.3.3,,..,,,0
1999,"Scugog, Ontario",2011A00053518020,Row and apartment structures of three units and over,Three bedroom units,Dollars,81,units,0,v53843754,228.3.4,,..,,,0
1999,"Scugog, Ontario",2011A00053518020,Row structures of three units and over,Bachelor units,Dollars,81,units,0,v53843794,228.2.1,,..,,,0
1999,"Scugog, Ontario",2011A00053518020,Row structures of three units and over,One bedroom units,Dollars,81,units,0,v53843834,228.2.2,,..,,,0
1999,"Scugog, Ontario",2011A00053518020,Row structures of three units and over,Two bedroom units,Dollars,81,units,0,v53843874,228.2.3,,..,,,0
1999,"Scugog, Ontario",2011A00053518020,Row structures of three units and over,Three bedroom units,Dollars,81,units,0,v53843914,228.2.4,,..,,,0
1999,"Scugog, Ontario",2011A00053518020,Apartment structures of three units and over,Bachelor units,Dollars,81,units,0,v53843954,228.1.1,,..,,,0
1999,"Scugog, Ontario",2011A00053518020,Apartment structures of three units and over,One bedroom units,Dollars,81,units,0,v53843994,228.1.2,,..,,,0
1999,"Scugog, Ontario",2011A00053518020,Apartment structures of three units and over,Two bedroom units,Dollars,81,units,0,v53844034,228.1.3,,..,,,0
1999,"Scugog, Ontario",2011A00053518020,Apartment structures of three units and over,Three bedroom units,Dollars,81,units,0,v53844074,228.1.4,,..,,,0
1999,"Scugog, Ontario",2011A00053518020,Apartment structures of six units and over,Bachelor units,Dollars,81,units,0,v53844114,228.4.1,,..,,,0
1999,"Scugog, Ontario",2011A00053518020,Apartment structures of six units and over,One bedroom units,Dollars,81,units,0,v53844154,228.4.2,,..,,,0
1999,"Scugog, Ontario",2011A00053518020,Apartment structures of six units and over,Two bedroom units,Dollars,81,units,0,v53844194,228.4.3,,..,,,0
1999,"Scugog, Ontario",2011A00053518020,Apartment structures of six units and over,Three bedroom units,Dollars,81,units,0,v53844234,228.4.4,,..,,,0
1999,"Toronto, Ontario",2011S0503535,Row and apartment structures of three units and over,Bachelor units,Dollars,81,units,0,v3822835,125.3.1,628,,,,0
1999,"Toronto, Ontario",2011S0503535,Row and apartment structures of three units and over,One bedroom units,Dollars,81,units,0,v3822969,125.3.2,770,,,,0
1999,"Toronto, Ontario",2011S0503535,Row and apartment structures of three units and over,Two bedroom units,Dollars,81,units,0,v3823103,125.3.3,916,,,,0
1999,"Toronto, Ontario",2011S0503535,Row and apartment structures of three units and over,Three bedroom units,Dollars,81,units,0,v3823237,125.3.4,1086,,,,0
1999,"Toronto, Ontario",2011S0503535,Row structures of three units and over,Bachelor units,Dollars,81,units,0,v3823371,125.2.1,,F,,,0
1999,"Toronto, Ontario",2011S0503535,Row structures of three units and over,One bedroom units,Dollars,81,units,0,v3823505,125.2.2,,F,,,0
1999,"Toronto, Ontario",2011S0503535,Row structures of three units and over,Two bedroom units,Dollars,81,units,0,v3823639,125.2.3,903,,,,0
1999,"Toronto, Ontario",2011S0503535,Row structures of three units and over,Three bedroom units,Dollars,81,units,0,v3823773,125.2.4,1103,,,,0
1999,"Toronto, Ontario",2011S0503535,Apartment structures of three units and over,Bachelor units,Dollars,81,units,0,v3823907,125.1.1,628,,,,0
1999,"Toronto, Ontario",2011S0503535,Apartment structures of three units and over,One bedroom units,Dollars,81,units,0,v3824041,125.1.2,770,,,,0
1999,"Toronto, Ontario",2011S0503535,Apartment structures of three units and over,Two bedroom units,Dollars,81,units,0,v3824175,125.1.3,916,,,,0
1999,"Toronto, Ontario",2011S0503535,Apartment structures of three units and over,Three bedroom units,Dollars,81,units,0,v3824309,125.1.4,1082,,,,0
1999,"Toronto, Ontario",2011S0503535,Apartment structures of six units and over,Bachelor units,Dollars,81,units,0,v3824443,125.4.1,629,,,,0
1999,"Toronto, Ontario",2011S0503535,Apartment structures of six units and over,One bedroom units,Dollars,81,units,0,v3824631,125.4.2,770,,,,0
1999,"Toronto, Ontario",2011S0503535,Apartment structures of six units and over,Two bedroom units,Dollars,81,units,0,v3824819,125.4.3,911,,,,0
1999,"Toronto, Ontario",2011S0503535,Apartment structures of six units and over,Three bedroom units,Dollars,81,units,0,v3825007,125.4.4,1078,,,,0
2000,"Brock, Ontario",2011A00053518039,Row and apartment structures of three units and over,Bachelor units,Dollars,81,units,0,v53843611,221.3.1,,..,,,0
2000,"Brock, Ontario",2011A00053518039,Row and apartment structures of three units and over,One bedroom units,Dollars,81,units,0,v53843651,221.3.2,,..,,,0
2000,"Brock, Ontario",2011A00053518039,Row and apartment structures of three units and over,Two bedroom units,Dollars,81,units,0,v53843691,221.3.3,,..,,,0
2000,"Brock, Ontario",2011A00053518039,Row and apartment structures of three units and over,Three bedroom units,Dollars,81,units,0,v53843731,221.3.4,,..,,,0
2000,"Brock, Ontario",2011A00053518039,Row structures of three units and over,Bachelor units,Dollars,81,units,0,v53843771,221.2.1,,..,,,0
2000,"Brock, Ontario",2011A00053518039,Row structures of three units and over,One bedroom units,Dollars,81,units,0,v53843811,221.2.2,,..,,,0
2000,"Brock, Ontario",2011A00053518039,Row structures of three units and over,Two bedroom units,Dollars,81,units,0,v53843851,221.2.3,,..,,,0
2000,"Brock, Ontario",2011A00053518039,Row structures of three units and over,Three bedroom units,Dollars,81,units,0,v53843891,221.2.4,,..,,,0
2000,"Brock, Ontario",2011A00053518039,Apartment structures of three units and over,Bachelor units,Dollars,81,units,0,v53843931,221.1.1,,..,,,0
2000,"Brock, Ontario",2011A00053518039,Apartment structures of three units and over,One bedroom units,Dollars,81,units,0,v53843971,221.1.2,,..,,,0
2000,"Brock, Ontario",2011A00053518039,Apartment structures of three units and over,Two bedroom units,Dollars,81,units,0,v53844011,221.1.3,,..,,,0
2000,"Brock, Ontario",2011A00053518039,Apartment structures of three units and over,Three bedroom units,Dollars,81,units,0,v53844051,221.1.4,,..,,,0
2000,"Brock, Ontario",2011A00053518039,Apartment structures of six units and over,Bachelor units,Dollars,81,units,0,v53844091,221.4.1,,..,,,0
2000,"Brock, Ontario",2011A00053518039,Apartment structures of six units and over,One bedroom units,Dollars,81,units,0,v53844131,221.4.2,,..,,,0
2000,"Brock, Ontario",2011A00053518039,Apartment structures of six units and over,Two bedroom units,Dollars,81,units,0,v53844171,221.4.3,,..,,,0
2000,"Brock, Ontario",2011A00053518039,Apartment structures of six units and over,Three bedroom units,Dollars,81,units,0,v53844211,221.4.4,,..,,,0
2000,"Hamilton, Ontario",2011S0503537,Row and apartment structures of three units and over,Bachelor units,Dollars,81,units,0,v3822818,85.3.1,459,,,,0
2000,"Hamilton, Ontario",2011S0503537,Row and apartment structures of three units and over,One bedroom units,Dollars,81,units,0,v3822952,85.3.2,582,,,,0
2000,"Hamilton, Ontario",2011S0503537,Row and apartment structures of three units and over,Two bedroom units,Dollars,81,units,0,v3823086,85.3.3,724,,,,0
2000,"Hamilton, Ontario",2011S0503537,Row and apartment structures of three units and over,Three bedroom units,Dollars,81,units,0,v3823220,85.3.4,894,,,,0
2000,"Hamilton, Ontario",2011S0503537,Row structures of three units and over,Bachelor units,Dollars,81,units,0,v3823354,85.2.1,,F,,,0
2000,"Hamilton, Ontario",2011S0503537,Row structures of three units and over,One bedroom units,Dollars,81,units,0,v3823488,85.2.2,,F,,,0
2000,"Hamilton, Ontario",2011S0503537,Row structures of three units and over,Two bedroom units,Dollars,81,units,0,v3823622,85.2.3,858,,,,0
2000,"Hamilton, Ontario",2011S0503537,Row structures of three units and over,Three bedroom units,Dollars,81,units,0,v3823756,85.2.4,924,,,,0
2000,"Hamilton, Ontario",2011S0503537,Apartment structures of three units and over,Bachelor units,Dollars,81,units,0,v3823890,85.1.1,460,,,,0
2000,"Hamilton, Ontario",2011S0503537,Apartment structures of three units and over,One bedroom units,Dollars,81,units,0,v3824024,85.1.2,582,,,,0
2000,"Hamilton, Ontario",2011S0503537,Apartment structures of three units and over,Two bedroom units,Dollars,81,units,0,v3824158,85.1.3,719,,,,0
2000,"Hamilton, Ontario",2011S0503537,Apartment structures of three units and over,Three bedroom units,Dollars,81,units,0,v3824292,85.1.4,864,,,,0
2000,"Hamilton, Ontario",2011S0503537,Apartment structures of six units and over,Bachelor units,Dollars,81,units,0,v3824426,85.4.1,467,,,,0
2000,"Hamilton, Ontario",2011S0503537,Apartment structures of six units and over,One bedroom units,Dollars,81,units,0,v3824614,85.4.2,587,,,,0
2000,"Hamilton, Ontario",2011S0503537,Apartment structures of six units and over,Two bedroom units,Dollars,81,units,0,v3824802,85.4.3,722,,,,0
2000,"Hamilton, Ontario",2011S0503537,Apartment structures of six units and over,Three bedroom units,Dollars,81,units,0,v3824990,85.4.4,877,,,,0
2000,"Oshawa, Ontario",2011S0503532,Row and apartment structures of three units and over,Bachelor units,Dollars,81,units,0,v3822823,104.3.1,522,,,,0
2000,"Oshawa, Ontario",2011S0503532,Row and apartment structures of three units and over,One bedroom units,Dollars,81,units,0,v3822957,104.3.2,684,,,,0
2000,"Oshawa, Ontario",2011S0503532,Row and apartment structures of three units and over,Two bedroom units,Dollars,81,units,0,v3823091,104.3.3,779,,,,0
2000,"Oshawa, Ontario",2011S0503532,Row and apartment structures of three units and over,Three bedroom units,Dollars,81,units,0,v3823225,104.3.4,888,,,,0
2000,"Oshawa, Ontario",2011S0503532,Row structures of three units and over,Bachelor units,Dollars,81,units,0,v3823359,104.2.1,,F,,,0
2000,"Oshawa, Ontario",2011S0503532,Row structures of three units and over,One bedroom units,Dollars,81,units,0,v3823493,104.2.2,,F,,,0
2000,"Oshawa, Ontario",2011S0503532,Row structures of three units and over,Two bedroom units,Dollars,81,units,0,v3823627,104.2.3,,F,,,0
2000,"Oshawa, Ontario",2011S0503532,Row structures of three units and over,Three bedroom units,Dollars,81,units,0,v3823761,104.2.4,896,,,,0
2000,"Oshawa, Ontario",2011S0503532,Apartment structures of three units and over,Bachelor units,Dollars,81,units,0,v3823895,104.1.1,522,,,,0
2000,"Oshawa, Ontario",2011S0503532,Apartment structures of three units and over,One bedroom units,Dollars,81,units,0,v3824029,104.1.2,684,,,,0
2000,"Oshawa, Ontario",2011S0503532,Apartment structures of three units and over,Two bedroom units,Dollars,81,units,0,v3824163,104.1.3,778,,,,0
2000,"Oshawa, Ontario",2011S0503532,Apartment structures of three units and over,Three bedroom units,Dollars,81,units,0,v3824297,104.1.4,879,,,,0
2000,"Oshawa, Ontario",2011S0503532,Apartment structures of six units and over,Bachelor units,Dollars,81,units,0,v3824431,104.4.1,537,,,,0
2000,"Oshawa, Ontario",2011S0503532,Apartment structures of six units and over,One bedroom units,Dollars,81,units,0,v3824619,104.4.2,691,,,,0
2000,"Oshawa, Ontario",2011S0503532,Apartment structures of six units and over,Two bedroom units,Dollars,81,units,0,v3824807,104.4.3,784,,,,0
2000,"Oshawa, Ontario",2011S0503532,Apartment structures of six units and over,Three bedroom units,Dollars,81,units,0,v3824995,104.4.4,888,,,,0
2000,"Scugog, Ontario",2011A00053518020,Row and apartment structures of three units and over,Bachelor units,Dollars,81,units,0,v53843634,228.3.1,,..,,,0
2000,"Scugog, Ontario",2011A00053518020,Row and apartment structures of three units and over,One bedroom units,Dollars,81,units,0,v53843674,228.3.2,,..,,,0
2000,"Scugog, Ontario",2011A00053518020,Row and apartment structures of three units and over,Two bedroom units,Dollars,81,units,0,v53843714,228.3.3,,..,,,0
2000,"Scugog, Ontario",2011A00053518020,Row and apartment structures of three units and over,Three bedroom units,Dollars,81,units,0,v53843754,228.3.4,,..,,,0
2000,"Scugog, Ontario",2011A00053518020,Row structures of three units and over,Bachelor units,Dollars,81,units,0,v53843794,228.2.1,,..,,,0
2000,"Scugog, Ontario",2011A00053518020,Row structures of three units and over,One bedroom units,Dollars,81,units,0,v53843834,228.2.2,,..,,,0
2000,"Scugog, Ontario",2011A00053518020,Row structures of three units and over,Two bedroom units,Dollars,81,units,0,v53843874,228.2.3,,..,,,0
2000,"Scugog, Ontario",2011A00053518020,Row structures of three units and over,Three bedroom units,Dollars,81,units,0,v53843914,228.2.4,,..,,,0
2000,"Scugog, Ontario",2011A00053518020,Apartment structures of three units and over,Bachelor units,Dollars,81,units,0,v53843954,228.1.1,,..,,,0
2000,"Scugog, Ontario",2011A00053518020,Apartment structures of three units and over,One bedroom units,Dollars,81,units,0,v53843994,228.1.2,,..,,,0
2000,"Scugog, Ontario",2011A00053518020,Apartment structures of three units and over,Two bedroom units,Dollars,81,units,0,v53844034,228.1.3,,..,,,0
2000,"Scugog, Ontario",2011A00053518020,Apartment structures of three units and over,Three bedroom units,Dollars,81,units,0,v53844074,228.1.4,,..,,,0
2000,"Scugog, Ontario",2011A00053518020,Apartment structures of six units and over,Bachelor units,Dollars,81,units,0,v53844114,228.4.1,,..,,,0
2000,"Scugog, Ontario",2011A00053518020,Apartment structures of six units and over,One bedroom units,Dollars,81,units,0,v53844154,228.4.2,,..,,,0
2000,"Scugog, Ontario",2011A00053518020,Apartment structures of six units and over,Two bedroom units,Dollars,81,units,0,v53844194,228.4.3,,..,,,0
2000,"Scugog, Ontario",2011A00053518020,Apartment structures of six units and over,Three bedroom units,Dollars,81,units,0,v53844234,228.4.4,,..,,,0
2000,"Toronto, Ontario",2011S0503535,Row and apartment structures of three units and over,Bachelor units,Dollars,81,units,0,v3822835,125.3.1,683,,,,0
2000,"Toronto, Ontario",2011S0503535,Row and apartment structures of three units and over,One bedroom units,Dollars,81,units,0,v3822969,125.3.2,830,,,,0
2000,"Toronto, Ontario",2011S0503535,Row and apartment structures of three units and over,Two bedroom units,Dollars,81,units,0,v3823103,125.3.3,979,,,,0
2000,"Toronto, Ontario",2011S0503535,Row and apartment structures of three units and over,Three bedroom units,Dollars,81,units,0,v3823237,125.3.4,1170,,,,0
2000,"Toronto, Ontario",2011S0503535,Row structures of three units and over,Bachelor units,Dollars,81,units,0,v3823371,125.2.1,,F,,,0
2000,"Toronto, Ontario",2011S0503535,Row structures of three units and over,One bedroom units,Dollars,81,units,0,v3823505,125.2.2,,F,,,0
2000,"Toronto, Ontario",2011S0503535,Row structures of three units and over,Two bedroom units,Dollars,81,units,0,v3823639,125.2.3,960,,,,0
2000,"Toronto, Ontario",2011S0503535,Row structures of three units and over,Three bedroom units,Dollars,81,units,0,v3823773,125.2.4,1189,,,,0
2000,"Toronto, Ontario",2011S0503535,Apartment structures of three units and over,Bachelor units,Dollars,81,units,0,v3823907,125.1.1,683,,,,0
2000,"Toronto, Ontario",2011S0503535,Apartment structures of three units and over,One bedroom units,Dollars,81,units,0,v3824041,125.1.2,830,,,,0
2000,"Toronto, Ontario",2011S0503535,Apartment structures of three units and over,Two bedroom units,Dollars,81,units,0,v3824175,125.1.3,979,,,,0
2000,"Toronto, Ontario",2011S0503535,Apartment structures of three units and over,Three bedroom units,Dollars,81,units,0,v3824309,125.1.4,1165,,,,0
2000,"Toronto, Ontario",2011S0503535,Apartment structures of six units and over,Bachelor units,Dollars,81,units,0,v3824443,125.4.1,679,,,,0
2000,"Toronto, Ontario",2011S0503535,Apartment structures of six units and over,One bedroom units,Dollars,81,units,0,v3824631,125.4.2,832,,,,0
2000,"Toronto, Ontario",2011S0503535,Apartment structures of six units and over,Two bedroom units,Dollars,81,units,0,v3824819,125.4.3,982,,,,0
2000,"Toronto, Ontario",2011S0503535,Apartment structures of six units and over,Three bedroom units,Dollars,81,units,0,v3825007,125.4.4,1163,,,,0
2001,"Brock, Ontario",2011A00053518039,Row and apartment structures of three units and over,Bachelor units,Dollars,81,units,0,v53843611,221.3.1,,..,,,0
2001,"Brock, Ontario",2011A00053518039,Row and apartment structures of three units and over,One bedroom units,Dollars,81,units,0,v53843651,221.3.2,,..,,,0
2001,"Brock, Ontario",2011A00053518039,Row and apartment structures of three units and over,Two bedroom units,Dollars,81,units,0,v53843691,221.3.3,,..,,,0
2001,"Brock, Ontario",2011A00053518039,Row and apartment structures of three units and over,Three bedroom units,Dollars,81,units,0,v53843731,221.3.4,,..,,,0
2001,"Brock, Ontario",2011A00053518039,Row structures of three units and over,Bachelor units,Dollars,81,units,0,v53843771,221.2.1,,..,,,0
2001,"Brock, Ontario",2011A00053518039,Row structures of three units and over,One bedroom units,Dollars,81,units,0,v53843811,221.2.2,,..,,,0
2001,"Brock, Ontario",2011A00053518039,Row structures of three units and over,Two bedroom units,Dollars,81,units,0,v53843851,221.2.3,,..,,,0
2001,"Brock, Ontario",2011A00053518039,Row structures of three units and over,Three bedroom units,Dollars,81,units,0,v53843891,221.2.4,,..,,,0
2001,"Brock, Ontario",2011A00053518039,Apartment structures of three units and over,Bachelor units,Dollars,81,units,0,v53843931,221.1.1,,..,,,0
2001,"Brock, Ontario",2011A00053518039,Apartment structures of three units and over,One bedroom units,Dollars,81,units,0,v53843971,221.1.2,,..,,,0
2001,"Brock, Ontario",2011A00053518039,Apartment structures of three units and over,Two bedroom units,Dollars,81,units,0,v53844011,221.1.3,,..,,,0
2001,"Brock, Ontario",2011A00053518039,Apartment structures of three units and over,Three bedroom units,Dollars,81,units,0,v53844051,221.1.4,,..,,,0
2001,"Brock, Ontario",2011A00053518039,Apartment structures of six units and over,Bachelor units,Dollars,81,units,0,v53844091,221.4.1,,..,,,0
2001,"Brock, Ontario",2011A00053518039,Apartment structures of six units and over,One bedroom units,Dollars,81,units,0,v53844131,221.4.2,,..,,,0
2001,"Brock, Ontario",2011A00053518039,Apartment structures of six units and over,Two bedroom units,Dollars,81,units,0,v53844171,221.4.3,,..,,,0
2001,"Brock, Ontario",2011A00053518039,Apartment structures of six units and over,Three bedroom units,Dollars,81,units,0,v53844211,221.4.4,,..,,,0
2001,"Hamilton, Ontario",2011S0503537,Row and apartment structures of three units and over,Bachelor units,Dollars,81,units,0,v3822818,85.3.1,453,,,,0
2001,"Hamilton, Ontario",2011S0503537,Row and apartment structures of three units and over,One bedroom units,Dollars,81,units,0,v3822952,85.3.2,608,,,,0
2001,"Hamilton, Ontario",2011S0503537,Row and apartment structures of three units and over,Two bedroom units,Dollars,81,units,0,v3823086,85.3.3,742,,,,0
2001,"Hamilton, Ontario",2011S0503537,Row and apartment structures of three units and over,Three bedroom units,Dollars,81,units,0,v3823220,85.3.4,925,,,,0
2001,"Hamilton, Ontario",2011S0503537,Row structures of three units and over,Bachelor units,Dollars,81,units,0,v3823354,85.2.1,,F,,,0
2001,"Hamilton, Ontario",2011S0503537,Row structures of three units and over,One bedroom units,Dollars,81,units,0,v3823488,85.2.2,,F,,,0
2001,"Hamilton, Ontario",2011S0503537,Row structures of three units and over,Two bedroom units,Dollars,81,units,0,v3823622,85.2.3,786,,,,0
2001,"Hamilton, Ontario",2011S0503537,Row structures of three units and over,Three bedroom units,Dollars,81,units,0,v3823756,85.2.4,938,,,,0
2001,"Hamilton, Ontario",2011S0503537,Apartment structures of three units and over,Bachelor units,Dollars,81,units,0,v3823890,85.1.1,453,,,,0
2001,"Hamilton, Ontario",2011S0503537,Apartment structures of three units and over,One bedroom units,Dollars,81,units,0,v3824024,85.1.2,608,,,,0
2001,"Hamilton, Ontario",2011S0503537,Apartment structures of three units and over,Two bedroom units,Dollars,81,units,0,v3824158,85.1.3,740,,,,0
2001,"Hamilton, Ontario",2011S0503537,Apartment structures of three units and over,Three bedroom units,Dollars,81,units,0,v3824292,85.1.4,913,,,,0
2001,"Hamilton, Ontario",2011S0503537,Apartment structures of six units and over,Bachelor units,Dollars,81,units,0,v3824426,85.4.1,459,,,,0
2001,"Hamilton, Ontario",2011S0503537,Apartment structures of six units and over,One bedroom units,Dollars,81,units,0,v3824614,85.4.2,613,,,,0
2001,"Hamilton, Ontario",2011S0503537,Apartment structures of six units and over,Two bedroom units,Dollars,81,units,0,v3824802,85.4.3,743,,,,0
2001,"Hamilton, Ontario",2011S0503537,Apartment structures of six units and over,Three bedroom units,Dollars,81,units,0,v3824990,85.4.4,924,,,,0
2001,"Oshawa, Ontario",2011S0503532,Row and apartment structures of three units and over,Bachelor units,Dollars,81,units,0,v3822823,104.3.1,542,,,,0
2001,"Oshawa, Ontario",2011S0503532,Row and apartment structures of three units and over,One bedroom units,Dollars,81,units,0,v3822957,104.3.2,692,,,,0
2001,"Oshawa, Ontario",2011S0503532,Row and apartment structures of three units and over,Two bedroom units,Dollars,81,units,0,v3823091,104.3.3,800,,,,0
2001,"Oshawa, Ontario",2011S0503532,Row and apartment structures of three units and over,Three bedroom units,Dollars,81,units,0,v3823225,104.3.4,920,,,,0
2001,"Oshawa, Ontario",2011S0503532,Row structures of three units and over,Bachelor units,Dollars,81,units,0,v3823359,104.2.1,,F,,,0
2001,"Oshawa, Ontario",2011S0503532,Row structures of three units and over,One bedroom units,Dollars,81,units,0,v3823493,104.2.2,,F,,,0
2001,"Oshawa, Ontario",2011S0503532,Row structures of three units and over,Two bedroom units,Dollars,81,units,0,v3823627,104.2.3,822,,,,0
2001,"Oshawa, Ontario",2011S0503532,Row structures of three units and over,Three bedroom units,Dollars,81,units,0,v3823761,104.2.4,937,,,,0
2001,"Oshawa, Ontario",2011S0503532,Apartment structures of three units and over,Bachelor units,Dollars,81,units,0,v3823895,104.1.1,542,,,,0
2001,"Oshawa, Ontario",2011S0503532,Apartment structures of three units and over,One bedroom units,Dollars,81,units,0,v3824029,104.1.2,692,,,,0
2001,"Oshawa, Ontario",2011S0503532,Apartment structures of three units and over,Two bedroom units,Dollars,81,units,0,v3824163,104.1.3,799,,,,0
2001,"Oshawa, Ontario",2011S0503532,Apartment structures of three units and over,Three bedroom units,Dollars,81,units,0,v3824297,104.1.4,903,,,,0
2001,"Oshawa, Ontario",2011S0503532,Apartment structures of six units and over,Bachelor units,Dollars,81,units,0,v3824431,104.4.1,549,,,,0
2001,"Oshawa, Ontario",2011S0503532,Apartment structures of six units and over,One bedroom units,Dollars,81,units,0,v3824619,104.4.2,698,,,,0
2001,"Oshawa, Ontario",2011S0503532,Apartment structures of six units and over,Two bedroom units,Dollars,81,units,0,v3824807,104.4.3,806,,,,0
2001,"Oshawa, Ontario",2011S0503532,Apartment structures of six units and over,Three bedroom units,Dollars,81,units,0,v3824995,104.4.4,915,,,,0
2001,"Scugog, Ontario",2011A00053518020,Row and apartment structures of three units and over,Bachelor units,Dollars,81,units,0,v53843634,228.3.1,,..,,,0
2001,"Scugog, Ontario",2011A00053518020,Row and apartment structures of three units and over,One bedroom units,Dollars,81,units,0,v53843674,228.3.2,,..,,,0
2001,"Scugog, Ontario",2011A00053518020,Row and apartment structures of three units and over,Two bedroom units,Dollars,81,units,0,v53843714,228.3.3,,..,,,0
2001,"Scugog, Ontario",2011A00053518020,Row and apartment structures of three units and over,Three bedroom units,Dollars,81,units,0,v53843754,228.3.4,,..,,,0
2001,"Scugog, Ontario",2011A00053518020,Row structures of three units and over,Bachelor units,Dollars,81,units,0,v53843794,228.2.1,,..,,,0
2001,"Scugog, Ontario",2011A00053518020,Row structures of three units and over,One bedroom units,Dollars,81,units,0,v53843834,228.2.2,,..,,,0
2001,"Scugog, Ontario",2011A00053518020,Row structures of three units and over,Two bedroom units,Dollars,81,units,0,v53843874,228.2.3,,..,,,0
2001,"Scugog, Ontario",2011A00053518020,Row structures of three units and over,Three bedroom units,Dollars,81,units,0,v53843914,228.2.4,,..,,,0
2001,"Scugog, Ontario",2011A00053518020,Apartment structures of three units and over,Bachelor units,Dollars,81,units,0,v53843954,228.1.1,,..,,,0
2001,"Scugog, Ontario",2011A00053518020,Apartment structures of three units and over,One bedroom units,Dollars,81,units,0,v53843994,228.1.2,,..,,,0
2001,"Scugog, Ontario",2011A00053518020,Apartment structures of three units and over,Two bedroom units,Dollars,81,units,0,v53844034,228.1.3,,..,,,0
2001,"Scugog, Ontario",2011A00053518020,Apartment structures of three units and over,Three bedroom units,Dollars,81,units,0,v53844074,228.1.4,,..,,,0
2001,"Scugog, Ontario",2011A00053518020,Apartment structures of six units and over,Bachelor units,Dollars,81,units,0,v53844114,228.4.1,,..,,,0
2001,"Scugog, Ontario",2011A00053518020,Apartment structures of six units and over,One bedroom units,Dollars,81,units,0,v53844154,228.4.2,,..,,,0
2001,"Scugog, Ontario",2011A00053518020,Apartment structures of six units and over,Two bedroom units,Dollars,81,units,0,v53844194,228.4.3,,..,,,0
2001,"Scugog, Ontario",2011A00053518020,Apartment structures of six units and over,Three bedroom units,Dollars,81,units,0,v53844234,228.4.4,,..,,,0
2001,"Toronto, Ontario",2011S0503535,Row and apartment structures of three units and over,Bachelor units,Dollars,81,units,0,v3822835,125.3.1,695,,,,0
2001,"Toronto, Ontario",2011S0503535,Row and apartment structures of three units and over,One bedroom units,Dollars,81,units,0,v3822969,125.3.2,866,,,,0
2001,"Toronto, Ontario",2011S0503535,Row and apartment structures of three units and over,Two bedroom units,Dollars,81,units,0,v3823103,125.3.3,1027,,,,0
2001,"Toronto, Ontario",2011S0503535,Row and apartment structures of three units and over,Three bedroom units,Dollars,81,units,0,v3823237,125.3.4,1218,,,,0
2001,"Toronto, Ontario",2011S0503535,Row structures of three units and over,Bachelor units,Dollars,81,units,0,v3823371,125.2.1,,F,,,0
2001,"Toronto, Ontario",2011S0503535,Row structures of three units and over,One bedroom units,Dollars,81,units,0,v3823505,125.2.2,,F,,,0
2001,"Toronto, Ontario",2011S0503535,Row structures of three units and over,Two bedroom units,Dollars,81,units,0,v3823639,125.2.3,977,,,,0
2001,"Toronto, Ontario",2011S0503535,Row structures of three units and over,Three bedroom units,Dollars,81,units,0,v3823773,125.2.4,1193,,,,0
2001,"Toronto, Ontario",2011S0503535,Apartment structures of three units and over,Bachelor units,Dollars,81,units,0,v3823907,125.1.1,695,,,,0
2001,"Toronto, Ontario",2011S0503535,Apartment structures of three units and over,One bedroom units,Dollars,81,units,0,v3824041,125.1.2,866,,,,0
2001,"Toronto, Ontario",2011S0503535,Apartment structures of three units and over,Two bedroom units,Dollars,81,units,0,v3824175,125.1.3,1027,,,,0
2001,"Toronto, Ontario",2011S0503535,Apartment structures of three units and over,Three bedroom units,Dollars,81,units,0,v3824309,125.1.4,1224,,,,0
2001,"Toronto, Ontario",2011S0503535,Apartment structures of six units and over,Bachelor units,Dollars,81,units,0,v3824443,125.4.1,699,,,,0
2001,"Toronto, Ontario",2011S0503535,Apartment structures of six units and over,One bedroom units,Dollars,81,units,0,v3824631,125.4.2,869,,,,0
2001,"Toronto, Ontario",2011S0503535,Apartment structures of six units and over,Two bedroom units,Dollars,81,units,0,v3824819,125.4.3,1029,,,,0
2001,"Toronto, Ontario",2011S0503535,Apartment structures of six units and over,Three bedroom units,Dollars,81,units,0,v3825007,125.4.4,1222,,,,0
2002,"Brock, Ontario",2011A00053518039,Row and apartment structures of three units and over,Bachelor units,Dollars,81,units,0,v53843611,221.3.1,,..,,,0
2002,"Brock, Ontario",2011A00053518039,Row and apartment structures of three units and over,One bedroom units,Dollars,81,units,0,v53843651,221.3.2,,..,,,0
2002,"Brock, Ontario",2011A00053518039,Row and apartment structures of three units and over,Two bedroom units,Dollars,81,units,0,v53843691,221.3.3,,..,,,0
2002,"Brock, Ontario",2011A00053518039,Row and apartment structures of three units and over,Three bedroom units,Dollars,81,units,0,v53843731,221.3.4,,..,,,0
2002,"Brock, Ontario",2011A00053518039,Row structures of three units and over,Bachelor units,Dollars,81,units,0,v53843771,221.2.1,,..,,,0
2002,"Brock, Ontario",2011A00053518039,Row structures of three units and over,One bedroom units,Dollars,81,units,0,v53843811,221.2.2,,..,,,0
2002,"Brock, Ontario",2011A00053518039,Row structures of three units and over,Two bedroom units,Dollars,81,units,0,v53843851,221.2.3,,..,,,0
2002,"Brock, Ontario",2011A00053518039,Row structures of three units and over,Three bedroom units,Dollars,81,units,0,v53843891,221.2.4,,..,,,0
2002,"Brock, Ontario",2011A00053518039,Apartment structures of three units and over,Bachelor units,Dollars,81,units,0,v53843931,221.1.1,,..,,,0
2002,"Brock, Ontario",2011A00053518039,Apartment structures of three units and over,One bedroom units,Dollars,81,units,0,v53843971,221.1.2,,..,,,0
2002,"Brock, Ontario",2011A00053518039,Apartment structures of three units and over,Two bedroom units,Dollars,81,units,0,v53844011,221.1.3,,..,,,0
2002,"Brock, Ontario",2011A00053518039,Apartment structures of three units and over,Three bedroom units,Dollars,81,units,0,v53844051,221.1.4,,..,,,0
2002,"Brock, Ontario",2011A00053518039,Apartment structures of six units and over,Bachelor units,Dollars,81,units,0,v53844091,221.4.1,,..,,,0
2002,"Brock, Ontario",2011A00053518039,Apartment structures of six units and over,One bedroom units,Dollars,81,units,0,v53844131,221.4.2,,..,,,0
2002,"Brock, Ontario",2011A00053518039,Apartment structures of six units and over,Two bedroom units,Dollars,81,units,0,v53844171,221.4.3,,..,,,0
2002,"Brock, Ontario",2011A00053518039,Apartment structures of six units and over,Three bedroom units,Dollars,81,units,0,v53844211,221.4.4,,..,,,0
2002,"Hamilton, Ontario",2011S0503537,Row and apartment structures of three units and over,Bachelor units,Dollars,81,units,0,v3822818,85.3.1,476,,,,0
2002,"Hamilton, Ontario",2011S0503537,Row and apartment structures of three units and over,One bedroom units,Dollars,81,units,0,v3822952,85.3.2,627,,,,0
2002,"Hamilton, Ontario",2011S0503537,Row and apartment structures of three units and over,Two bedroom units,Dollars,81,units,0,v3823086,85.3.3,771,,,,0
2002,"Hamilton, Ontario",2011S0503537,Row and apartment structures of three units and over,Three bedroom units,Dollars,81,units,0,v3823220,85.3.4,963,,,,0
2002,"Hamilton, Ontario",2011S0503537,Row structures of three units and over,Bachelor units,Dollars,81,units,0,v3823354,85.2.1,,F,,,0
2002,"Hamilton, Ontario",2011S0503537,Row structures of three units and over,One bedroom units,Dollars,81,units,0,v3823488,85.2.2,,F,,,0
2002,"Hamilton, Ontario",2011S0503537,Row structures of three units and over,Two bedroom units,Dollars,81,units,0,v3823622,85.2.3,928,,,,0
2002,"Hamilton, Ontario",2011S0503537,Row structures of three units and over,Three bedroom units,Dollars,81,units,0,v3823756,85.2.4,975,,,,0
2002,"Hamilton, Ontario",2011S0503537,Apartment structures of three units and over,Bachelor units,Dollars,81,units,0,v3823890,85.1.1,476,,,,0
2002,"Hamilton, Ontario",2011S0503537,Apartment structures of three units and over,One bedroom units,Dollars,81,units,0,v3824024,85.1.2,627,,,,0
2002,"Hamilton, Ontario",2011S0503537,Apartment structures of three units and over,Two bedroom units,Dollars,81,units,0,v3824158,85.1.3,765,,,,0
2002,"Hamilton, Ontario",2011S0503537,Apartment structures of three units and over,Three bedroom units,Dollars,81,units,0,v3824292,85.1.4,952,,,,0
2002,"Hamilton, Ontario",2011S0503537,Apartment structures of six units and over,Bachelor units,Dollars,81,units,0,v3824426,85.4.1,482,,,,0
2002,"Hamilton, Ontario",2011S0503537,Apartment structures of six units and over,One bedroom units,Dollars,81,units,0,v3824614,85.4.2,630,,,,0
2002,"Hamilton, Ontario",2011S0503537,Apartment structures of six units and over,Two bedroom units,Dollars,81,units,0,v3824802,85.4.3,769,,,,0
2002,"Hamilton, Ontario",2011S0503537,Apartment structures of six units and over,Three bedroom units,Dollars,81,units,0,v3824990,85.4.4,960,,,,0
2002,"Oshawa, Ontario",2011S0503532,Row and apartment structures of three units and over,Bachelor units,Dollars,81,units,0,v3822823,104.3.1,579,,,,0
2002,"Oshawa, Ontario",2011S0503532,Row and apartment structures of three units and over,One bedroom units,Dollars,81,units,0,v3822957,104.3.2,713,,,,0
2002,"Oshawa, Ontario",2011S0503532,Row and apartment structures of three units and over,Two bedroom units,Dollars,81,units,0,v3823091,104.3.3,820,,,,0
2002,"Oshawa, Ontario",2011S0503532,Row and apartment structures of three units and over,Three bedroom units,Dollars,81,units,0,v3823225,104.3.4,948,,,,0
2002,"Oshawa, Ontario",2011S0503532,Row structures of three units and over,Bachelor units,Dollars,81,units,0,v3823359,104.2.1,,F,,,0
2002,"Oshawa, Ontario",2011S0503532,Row structures of three units and over,One bedroom units,Dollars,81,units,0,v3823493,104.2.2,,F,,,0
2002,"Oshawa, Ontario",2011S0503532,Row structures of three units and over,Two bedroom units,Dollars,81,units,0,v3823627,104.2.3,,F,,,0
2002,"Oshawa, Ontario",2011S0503532,Row structures of three units and over,Three bedroom units,Dollars,81,units,0,v3823761,104.2.4,973,,,,0
2002,"Oshawa, Ontario",2011S0503532,Apartment structures of three units and over,Bachelor units,Dollars,81,units,0,v3823895,104.1.1,579,,,,0
2002,"Oshawa, Ontario",2011S0503532,Apartment structures of three units and over,One bedroom units,Dollars,81,units,0,v3824029,104.1.2,713,,,,0
2002,"Oshawa, Ontario",2011S0503532,Apartment structures of three units and over,Two bedroom units,Dollars,81,units,0,v3824163,104.1.3,819,,,,0
2002,"Oshawa, Ontario",2011S0503532,Apartment structures of three units and over,Three bedroom units,Dollars,81,units,0,v3824297,104.1.4,925,,,,0
2002,"Oshawa, Ontario",2011S0503532,Apartment structures of six units and over,Bachelor units,Dollars,81,units,0,v3824431,104.4.1,591,,,,0
2002,"Oshawa, Ontario",2011S0503532,Apartment structures of six units and over,One bedroom units,Dollars,81,units,0,v3824619,104.4.2,718,,,,0
2002,"Oshawa, Ontario",2011S0503532,Apartment structures of six units and over,Two bedroom units,Dollars,81,units,0,v3824807,104.4.3,827,,,,0
2002,"Oshawa, Ontario",2011S0503532,Apartment structures of six units and over,Three bedroom units,Dollars,81,units,0,v3824995,104.4.4,935,,,,0
2002,"Scugog, Ontario",2011A00053518020,Row and apartment structures of three units and over,Bachelor units,Dollars,81,units,0,v53843634,228.3.1,,..,,,0
2002,"Scugog, Ontario",2011A00053518020,Row and apartment structures of three units and over,One bedroom units,Dollars,81,units,0,v53843674,228.3.2,,..,,,0
2002,"Scugog, Ontario",2011A00053518020,Row and apartment structures of three units and over,Two bedroom units,Dollars,81,units,0,v53843714,228.3.3,,..,,,0
2002,"Scugog, Ontario",2011A00053518020,Row and apartment structures of three units and over,Three bedroom units,Dollars,81,units,0,v53843754,228.3.4,,..,,,0
2002,"Scugog, Ontario",2011A00053518020,Row structures of three units and over,Bachelor units,Dollars,81,units,0,v53843794,228.2.1,,..,,,0
2002,"Scugog, Ontario",2011A00053518020,Row structures of three units and over,One bedroom units,Dollars,81,units,0,v53843834,228.2.2,,..,,,0
2002,"Scugog, Ontario",2011A00053518020,Row structures of three units and over,Two bedroom units,Dollars,81,units,0,v53843874,228.2.3,,..,,,0
2002,"Scugog, Ontario",2011A00053518020,Row structures of three units and over,Three bedroom units,Dollars,81,units,0,v53843914,228.2.4,,..,,,0
2002,"Scugog, Ontario",2011A00053518020,Apartment structures of three units and over,Bachelor units,Dollars,81,units,0,v53843954,228.1.1,,..,,,0
2002,"Scugog, Ontario",2011A00053518020,Apartment structures of three units and over,One bedroom units,Dollars,81,units,0,v53843994,228.1.2,,..,,,0
2002,"Scugog, Ontario",2011A00053518020,Apartment structures of three units and over,Two bedroom units,Dollars,81,units,0,v53844034,228.1.3,,..,,,0
2002,"Scugog, Ontario",2011A00053518020,Apartment structures of three units and over,Three bedroom units,Dollars,81,units,0,v53844074,228.1.4,,..,,,0
2002,"Scugog, Ontario",2011A00053518020,Apartment structures of six units and over,Bachelor units,Dollars,81,units,0,v53844114,228.4.1,,..,,,0
2002,"Scugog, Ontario",2011A00053518020,Apartment structures of six units and over,One bedroom units,Dollars,81,units,0,v53844154,228.4.2,,..,,,0
2002,"Scugog, Ontario",2011A00053518020,Apartment structures of six units and over,Two bedroom units,Dollars,81,units,0,v53844194,228.4.3,,..,,,0
2002,"Scugog, Ontario",2011A00053518020,Apartment structures of six units and over,Three bedroom units,Dollars,81,units,0,v53844234,228.4.4,,..,,,0
2002,"Toronto, Ontario",2011S0503535,Row and apartment structures of three units and over,Bachelor units,Dollars,81,units,0,v3822835,125.3.1,729,,,,0
2002,"Toronto, Ontario",2011S0503535,Row and apartment structures of three units and over,One bedroom units,Dollars,81,units,0,v3822969,125.3.2,891,,,,0
2002,"Toronto, Ontario",2011S0503535,Row and apartment structures of three units and over,Two bedroom units,Dollars,81,units,0,v3823103,125.3.3,1047,,,,0
2002,"Toronto, Ontario",2011S0503535,Row and apartment structures of three units and over,Three bedroom units,Dollars,81,units,0,v3823237,125.3.4,1257,,,,0
2002,"Toronto, Ontario",2011S0503535,Row structures of three units and over,Bachelor units,Dollars,81,units,0,v3823371,125.2.1,,F,,,0
2002,"Toronto, Ontario",2011S0503535,Row structures of three units and over,One bedroom units,Dollars,81,units,0,v3823505,125.2.2,,F,,,0
2002,"Toronto, Ontario",2011S0503535,Row structures of three units and over,Two bedroom units,Dollars,81,units,0,v3823639,125.2.3,1031,,,,0
2002,"Toronto, Ontario",2011S0503535,Row structures of three units and over,Three bedroom units,Dollars,81,units,0,v3823773,125.2.4,1271,,,,0
2002,"Toronto, Ontario",2011S0503535,Apartment structures of three units and over,Bachelor units,Dollars,81,units,0,v3823907,125.1.1,729,,,,0
2002,"Toronto, Ontario",2011S0503535,Apartment structures of three units and over,One bedroom units,Dollars,81,units,0,v3824041,125.1.2,891,,,,0
2002,"Toronto, Ontario",2011S0503535,Apartment structures of three units and over,Two bedroom units,Dollars,81,units,0,v3824175,125.1.3,1047,,,,0
2002,"Toronto, Ontario",2011S0503535,Apartment structures of three units and over,Three bedroom units,Dollars,81,units,0,v3824309,125.1.4,1253,,,,0
2002,"Toronto, Ontario",2011S0503535,Apartment structures of six units and over,Bachelor units,Dollars,81,units,0,v3824443,125.4.1,732,,,,0
2002,"Toronto, Ontario",2011S0503535,Apartment structures of six units and over,One bedroom units,Dollars,81,units,0,v3824631,125.4.2,893,,,,0
2002,"Toronto, Ontario",2011S0503535,Apartment structures of six units and over,Two bedroom units,Dollars,81,units,0,v3824819,125.4.3,1045,,,,0
2002,"Toronto, Ontario",2011S0503535,Apartment structures of six units and over,Three bedroom units,Dollars,81,units,0,v3825007,125.4.4,1245,,,,0
2003,"Brock, Ontario",2011A00053518039,Row and apartment structures of three units and over,Bachelor units,Dollars,81,units,0,v53843611,221.3.1,,..,,,0
2003,"Brock, Ontario",2011A00053518039,Row and apartment structures of three units and over,One bedroom units,Dollars,81,units,0,v53843651,221.3.2,,..,,,0
2003,"Brock, Ontario",2011A00053518039,Row and apartment structures of three units and over,Two bedroom units,Dollars,81,units,0,v53843691,221.3.3,,..,,,0
2003,"Brock, Ontario",2011A00053518039,Row and apartment structures of three units and over,Three bedroom units,Dollars,81,units,0,v53843731,221.3.4,,..,,,0
2003,"Brock, Ontario",2011A00053518039,Row structures of three units and over,Bachelor units,Dollars,81,units,0,v53843771,221.2.1,,..,,,0
2003,"Brock, Ontario",2011A00053518039,Row structures of three units and over,One bedroom units,Dollars,81,units,0,v53843811,221.2.2,,..,,,0
2003,"Brock, Ontario",2011A00053518039,Row structures of three units and over,Two bedroom units,Dollars,81,units,0,v53843851,221.2.3,,..,,,0
2003,"Brock, Ontario",2011A00053518039,Row structures of three units and over,Three bedroom units,Dollars,81,units,0,v53843891,221.2.4,,..,,,0
2003,"Brock, Ontario",2011A00053518039,Apartment structures of three units and over,Bachelor units,Dollars,81,units,0,v53843931,221.1.1,,..,,,0
2003,"Brock, Ontario",2011A00053518039,Apartment structures of three units and over,One bedroom units,Dollars,81,units,0,v53843971,221.1.2,,..,,,0
2003,"Brock, Ontario",2011A00053518039,Apartment structures of three units and over,Two bedroom units,Dollars,81,units,0,v53844011,221.1.3,,..,,,0
2003,"Brock, Ontario",2011A00053518039,Apartment structures of three units and over,Three bedroom units,Dollars,81,units,0,v53844051,221.1.4,,..,,,0
2003,"Brock, Ontario",2011A00053518039,Apartment structures of six units and over,Bachelor units,Dollars,81,units,0,v53844091,221.4.1,,..,,,0
2003,"Brock, Ontario",2011A00053518039,Apartment structures of six units and over,One bedroom units,Dollars,81,units,0,v53844131,221.4.2,,..,,,0
2003,"Brock, Ontario",2011A00053518039,Apartment structures of six units and over,Two bedroom units,Dollars,81,units,0,v53844171,221.4.3,,..,,,0
2003,"Brock, Ontario",2011A00053518039,Apartment structures of six units and over,Three bedroom units,Dollars,81,units,0,v53844211,221.4.4,,..,,,0
2003,"Hamilton, Ontario",2011S0503537,Row and apartment structures of three units and over,Bachelor units,Dollars,81,units,0,v3822818,85.3.1,497,,,,0
2003,"Hamilton, Ontario",2011S0503537,Row and apartment structures of three units and over,One bedroom units,Dollars,81,units,0,v3822952,85.3.2,633,,,,0
2003,"Hamilton, Ontario",2011S0503537,Row and apartment structures of three units and over,Two bedroom units,Dollars,81,units,0,v3823086,85.3.3,783,,,,0
2003,"Hamilton, Ontario",2011S0503537,Row and apartment structures of three units and over,Three bedroom units,Dollars,81,units,0,v3823220,85.3.4,965,,,,0
2003,"Hamilton, Ontario",2011S0503537,Row structures of three units and over,Bachelor units,Dollars,81,units,0,v3823354,85.2.1,,F,,,0
2003,"Hamilton, Ontario",2011S0503537,Row structures of three units and over,One bedroom units,Dollars,81,units,0,v3823488,85.2.2,,F,,,0
2003,"Hamilton, Ontario",2011S0503537,Row structures of three units and over,Two bedroom units,Dollars,81,units,0,v3823622,85.2.3,914,,,,0
2003,"Hamilton, Ontario",2011S0503537,Row structures of three units and over,Three bedroom units,Dollars,81,units,0,v3823756,85.2.4,988,,,,0
2003,"Hamilton, Ontario",2011S0503537,Apartment structures of three units and over,Bachelor units,Dollars,81,units,0,v3823890,85.1.1,498,,,,0
2003,"Hamilton, Ontario",2011S0503537,Apartment structures of three units and over,One bedroom units,Dollars,81,units,0,v3824024,85.1.2,633,,,,0
2003,"Hamilton, Ontario",2011S0503537,Apartment structures of three units and over,Two bedroom units,Dollars,81,units,0,v3824158,85.1.3,778,,,,0
2003,"Hamilton, Ontario",2011S0503537,Apartment structures of three units and over,Three bedroom units,Dollars,81,units,0,v3824292,85.1.4,946,,,,0
2003,"Hamilton, Ontario",2011S0503537,Apartment structures of six units and over,Bachelor units,Dollars,81,units,0,v3824426,85.4.1,502,,,,0
2003,"Hamilton, Ontario",2011S0503537,Apartment structures of six units and over,One bedroom units,Dollars,81,units,0,v3824614,85.4.2,637,,,,0
2003,"Hamilton, Ontario",2011S0503537,Apartment structures of six units and over,Two bedroom units,Dollars,81,units,0,v3824802,85.4.3,782,,,,0
2003,"Hamilton, Ontario",2011S0503537,Apartment structures of six units and over,Three bedroom units,Dollars,81,units,0,v3824990,85.4.4,958,,,,0
2003,"Oshawa, Ontario",2011S0503532,Row and apartment structures of three units and over,Bachelor units,Dollars,81,units,0,v3822823,104.3.1,581,,,,0
2003,"Oshawa, Ontario",2011S0503532,Row and apartment structures of three units and over,One bedroom units,Dollars,81,units,0,v3822957,104.3.2,752,,,,0
2003,"Oshawa, Ontario",2011S0503532,Row and apartment structures of three units and over,Two bedroom units,Dollars,81,units,0,v3823091,104.3.3,845,,,,0
2003,"Oshawa, Ontario",2011S0503532,Row and apartment structures of three units and over,Three bedroom units,Dollars,81,units,0,v3823225,104.3.4,949,,,,0
2003,"Oshawa, Ontario",2011S0503532,Row structures of three units and over,Bachelor units,Dollars,81,units,0,v3823359,104.2.1,,F,,,0
2003,"Oshawa, Ontario",2011S0503532,Row structures of three units and over,One bedroom units,Dollars,81,units,0,v3823493,104.2.2,,F,,,0
2003,"Oshawa, Ontario",2011S0503532,Row structures of three units and over,Two bedroom units,Dollars,81,units,0,v3823627,104.2.3,,F,,,0
2003,"Oshawa, Ontario",2011S0503532,Row structures of three units and over,Three bedroom units,Dollars,81,units,0,v3823761,104.2.4,954,,,,0
2003,"Oshawa, Ontario",2011S0503532,Apartment structures of three units and over,Bachelor units,Dollars,81,units,0,v3823895,104.1.1,581,,,,0
2003,"Oshawa, Ontario",2011S0503532,Apartment structures of three units and over,One bedroom units,Dollars,81,units,0,v3824029,104.1.2,752,,,,0
2003,"Oshawa, Ontario",2011S0503532,Apartment structures of three units and over,Two bedroom units,Dollars,81,units,0,v3824163,104.1.3,845,,,,0
2003,"Oshawa, Ontario",2011S0503532,Apartment structures of three units and over,Three bedroom units,Dollars,81,units,0,v3824297,104.1.4,944,,,,0
2003,"Oshawa, Ontario",2011S0503532,Apartment structures of six units and over,Bachelor units,Dollars,81,units,0,v3824431,104.4.1,594,,,,0
2003,"Oshawa, Ontario",2011S0503532,Apartment structures of six units and over,One bedroom units,Dollars,81,units,0,v3824619,104.4.2,758,,,,0
2003,"Oshawa, Ontario",2011S0503532,Apartment structures of six units and over,Two bedroom units,Dollars,81,units,0,v3824807,104.4.3,852,,,,0
2003,"Oshawa, Ontario",2011S0503532,Apartment structures of six units and over,Three bedroom units,Dollars,81,units,0,v3824995,104.4.4,954,,,,0
2003,"Scugog, Ontario",2011A00053518020,Row and apartment structures of three units and over,Bachelor units,Dollars,81,units,0,v53843634,228.3.1,,..,,,0
2003,"Scugog, Ontario",2011A00053518020,Row and apartment structures of three units and over,One bedroom units,Dollars,81,units,0,v53843674,228.3.2,,..,,,0
2003,"Scugog, Ontario",2011A00053518020,Row and apartment structures of three units and over,Two bedroom units,Dollars,81,units,0,v53843714,228.3.3,,..,,,0
2003,"Scugog, Ontario",2011A00053518020,Row and apartment structures of three units and over,Three bedroom units,Dollars,81,units,0,v53843754,228.3.4,,..,,,0
2003,"Scugog, Ontario",2011A00053518020,Row structures of three units and over,Bachelor units,Dollars,81,units,0,v53843794,228.2.1,,..,,,0
2003,"Scugog, Ontario",2011A00053518020,Row structures of three units and over,One bedroom units,Dollars,81,units,0,v53843834,228.2.2,,..,,,0
2003,"Scugog, Ontario",2011A00053518020,Row structures of three units and over,Two bedroom units,Dollars,81,units,0,v53843874,228.2.3,,..,,,0
2003,"Scugog, Ontario",2011A00053518020,Row structures of three units and over,Three bedroom units,Dollars,81,units,0,v53843914,228.2.4,,..,,,0
2003,"Scugog, Ontario",2011A00053518020,Apartment structures of three units and over,Bachelor units,Dollars,81,units,0,v53843954,228.1.1,,..,,,0
2003,"Scugog, Ontario",2011A00053518020,Apartment structures of three units and over,One bedroom units,Dollars,81,units,0,v53843994,228.1.2,,..,,,0
2003,"Scugog, Ontario",2011A00053518020,Apartment structures of three units and over,Two bedroom units,Dollars,81,units,0,v53844034,228.1.3,,..,,,0
2003,"Scugog, Ontario",2011A00053518020,Apartment structures of three units and over,Three bedroom units,Dollars,81,units,0,v53844074,228.1.4,,..,,,0
2003,"Scugog, Ontario",2011A00053518020,Apartment structures of six units and over,Bachelor units,Dollars,81,units,0,v53844114,228.4.1,,..,,,0
2003,"Scugog, Ontario",2011A00053518020,Apartment structures of six units and over,One bedroom units,Dollars,81,units,0,v53844154,228.4.2,,..,,,0
2003,"Scugog, Ontario",2011A00053518020,Apartment structures of six units and over,Two bedroom units,Dollars,81,units,0,v53844194,228.4.3,,..,,,0
2003,"Scugog, Ontario",2011A00053518020,Apartment structures of six units and over,Three bedroom units,Dollars,81,units,0,v53844234,228.4.4,,..,,,0
2003,"Toronto, Ontario",2011S0503535,Row and apartment structures of three units and over,Bachelor units,Dollars,81,units,0,v3822835,125.3.1,731,,,,0
2003,"Toronto, Ontario",2011S0503535,Row and apartment structures of three units and over,One bedroom units,Dollars,81,units,0,v3822969,125.3.2,884,,,,0
2003,"Toronto, Ontario",2011S0503535,Row and apartment structures of three units and over,Two bedroom units,Dollars,81,units,0,v3823103,125.3.3,1040,,,,0
2003,"Toronto, Ontario",2011S0503535,Row and apartment structures of three units and over,Three bedroom units,Dollars,81,units,0,v3823237,125.3.4,1223,,,,0
2003,"Toronto, Ontario",2011S0503535,Row structures of three units and over,Bachelor units,Dollars,81,units,0,v3823371,125.2.1,,F,,,0
2003,"Toronto, Ontario",2011S0503535,Row structures of three units and over,One bedroom units,Dollars,81,units,0,v3823505,125.2.2,,F,,,0
2003,"Toronto, Ontario",2011S0503535,Row structures of three units and over,Two bedroom units,Dollars,81,units,0,v3823639,125.2.3,1053,,,,0
2003,"Toronto, Ontario",2011S0503535,Row structures of three units and over,Three bedroom units,Dollars,81,units,0,v3823773,125.2.4,1273,,,,0
2003,"Toronto, Ontario",2011S0503535,Apartment structures of three units and over,Bachelor units,Dollars,81,units,0,v3823907,125.1.1,731,,,,0
2003,"Toronto, Ontario",2011S0503535,Apartment structures of three units and over,One bedroom units,Dollars,81,units,0,v3824041,125.1.2,884,,,,0
2003,"Toronto, Ontario",2011S0503535,Apartment structures of three units and over,Two bedroom units,Dollars,81,units,0,v3824175,125.1.3,1040,,,,0
2003,"Toronto, Ontario",2011S0503535,Apartment structures of three units and over,Three bedroom units,Dollars,81,units,0,v3824309,125.1.4,1211,,,,0
2003,"Toronto, Ontario",2011S0503535,Apartment structures of six units and over,Bachelor units,Dollars,81,units,0,v3824443,125.4.1,734,,,,0
2003,"Toronto, Ontario",2011S0503535,Apartment structures of six units and over,One bedroom units,Dollars,81,units,0,v3824631,125.4.2,885,,,,0
2003,"Toronto, Ontario",2011S0503535,Apartment structures of six units and over,Two bedroom units,Dollars,81,units,0,v3824819,125.4.3,1042,,,,0
2003,"Toronto, Ontario",2011S0503535,Apartment structures of six units and over,Three bedroom units,Dollars,81,units,0,v3825007,125.4.4,1213,,,,0
2004,"Brock, Ontario",2011A00053518039,Row and apartment structures of three units and over,Bachelor units,Dollars,81,units,0,v53843611,221.3.1,,..,,,0
2004,"Brock, Ontario",2011A00053518039,Row and apartment structures of three units and over,One bedroom units,Dollars,81,units,0,v53843651,221.3.2,,..,,,0
2004,"Brock, Ontario",2011A00053518039,Row and apartment structures of three units and over,Two bedroom units,Dollars,81,units,0,v53843691,221.3.3,,..,,,0
2004,"Brock, Ontario",2011A00053518039,Row and apartment structures of three units and over,Three bedroom units,Dollars,81,units,0,v53843731,221.3.4,,..,,,0
2004,"Brock, Ontario",2011A00053518039,Row structures of three units and over,Bachelor units,Dollars,81,units,0,v53843771,221.2.1,,..,,,0
2004,"Brock, Ontario",2011A00053518039,Row structures of three units and over,One bedroom units,Dollars,81,units,0,v53843811,221.2.2,,..,,,0
2004,"Brock, Ontario",2011A00053518039,Row structures of three units and over,Two bedroom units,Dollars,81,units,0,v53843851,221.2.3,,..,,,0
2004,"Brock, Ontario",2011A00053518039,Row structures of three units and over,Three bedroom units,Dollars,81,units,0,v53843891,221.2.4,,..,,,0
2004,"Brock, Ontario",2011A00053518039,Apartment structures of three units and over,Bachelor units,Dollars,81,units,0,v53843931,221.1.1,,..,,,0
2004,"Brock, Ontario",2011A00053518039,Apartment structures of three units and over,One bedroom units,Dollars,81,units,0,v53843971,221.1.2,,..,,,0
2004,"Brock, Ontario",2011A00053518039,Apartment structures of three units and over,Two bedroom units,Dollars,81,units,0,v53844011,221.1.3,,..,,,0
2004,"Brock, Ontario",2011A00053518039,Apartment structures of three units and over,Three bedroom units,Dollars,81,units,0,v53844051,221.1.4,,..,,,0
2004,"Brock, Ontario",2011A00053518039,Apartment structures of six units and over,Bachelor units,Dollars,81,units,0,v53844091,221.4.1,,..,,,0
2004,"Brock, Ontario",2011A00053518039,Apartment structures of six units and over,One bedroom units,Dollars,81,units,0,v53844131,221.4.2,,..,,,0
2004,"Brock, Ontario",2011A00053518039,Apartment structures of six units and over,Two bedroom units,Dollars,81,units,0,v53844171,221.4.3,,..,,,0
2004,"Brock, Ontario",2011A00053518039,Apartment structures of six units and over,Three bedroom units,Dollars,81,units,0,v53844211,221.4.4,,..,,,0
2004,"Hamilton, Ontario",2011S0503537,Row and apartment structures of three units and over,Bachelor units,Dollars,81,units,0,v3822818,85.3.1,508,,,,0
2004,"Hamilton, Ontario",2011S0503537,Row and apartment structures of three units and over,One bedroom units,Dollars,81,units,0,v3822952,85.3.2,641,,,,0
2004,"Hamilton, Ontario",2011S0503537,Row and apartment structures of three units and over,Two bedroom units,Dollars,81,units,0,v3823086,85.3.3,794,,,,0
2004,"Hamilton, Ontario",2011S0503537,Row and apartment structures of three units and over,Three bedroom units,Dollars,81,units,0,v3823220,85.3.4,975,,,,0
2004,"Hamilton, Ontario",2011S0503537,Row structures of three units and over,Bachelor units,Dollars,81,units,0,v3823354,85.2.1,,F,,,0
2004,"Hamilton, Ontario",2011S0503537,Row structures of three units and over,One bedroom units,Dollars,81,units,0,v3823488,85.2.2,,F,,,0
2004,"Hamilton, Ontario",2011S0503537,Row structures of three units and over,Two bedroom units,Dollars,81,units,0,v3823622,85.2.3,938,,,,0
2004,"Hamilton, Ontario",2011S0503537,Row structures of three units and over,Three bedroom units,Dollars,81,units,0,v3823756,85.2.4,984,,,,0
2004,"Hamilton, Ontario",2011S0503537,Apartment structures of three units and over,Bachelor units,Dollars,81,units,0,v3823890,85.1.1,509,,,,0
2004,"Hamilton, Ontario",2011S0503537,Apartment structures of three units and over,One bedroom units,Dollars,81,units,0,v3824024,85.1.2,641,,,,0
2004,"Hamilton, Ontario",2011S0503537,Apartment structures of three units and over,Two bedroom units,Dollars,81,units,0,v3824158,85.1.3,789,,,,0
2004,"Hamilton, Ontario",2011S0503537,Apartment structures of three units and over,Three bedroom units,Dollars,81,units,0,v3824292,85.1.4,967,,,,0
2004,"Hamilton, Ontario",2011S0503537,Apartment structures of six units and over,Bachelor units,Dollars,81,units,0,v3824426,85.4.1,517,,,,0
2004,"Hamilton, Ontario",2011S0503537,Apartment structures of six units and over,One bedroom units,Dollars,81,units,0,v3824614,85.4.2,644,,,,0
2004,"Hamilton, Ontario",2011S0503537,Apartment structures of six units and over,Two bedroom units,Dollars,81,units,0,v3824802,85.4.3,790,,,,0
2004,"Hamilton, Ontario",2011S0503537,Apartment structures of six units and over,Three bedroom units,Dollars,81,units,0,v3824990,85.4.4,973,,,,0
2004,"Oshawa, Ontario",2011S0503532,Row and apartment structures of three units and over,Bachelor units,Dollars,81,units,0,v3822823,104.3.1,611,,,,0
2004,"Oshawa, Ontario",2011S0503532,Row and apartment structures of three units and over,One bedroom units,Dollars,81,units,0,v3822957,104.3.2,750,,,,0
2004,"Oshawa, Ontario",2011S0503532,Row and apartment structures of three units and over,Two bedroom units,Dollars,81,units,0,v3823091,104.3.3,853,,,,0
2004,"Oshawa, Ontario",2011S0503532,Row and apartment structures of three units and over,Three bedroom units,Dollars,81,units,0,v3823225,104.3.4,992,,,,0
2004,"Oshawa, Ontario",2011S0503532,Row structures of three units and over,Bachelor units,Dollars,81,units,0,v3823359,104.2.1,,F,,,0
2004,"Oshawa, Ontario",2011S0503532,Row structures of three units and over,One bedroom units,Dollars,81,units,0,v3823493,104.2.2,,F,,,0
2004,"Oshawa, Ontario",2011S0503532,Row structures of three units and over,Two bedroom units,Dollars,81,units,0,v3823627,104.2.3,,F,,,0
2004,"Oshawa, Ontario",2011S0503532,Row structures of three units and over,Three bedroom units,Dollars,81,units,0,v3823761,104.2.4,1011,,,,0
2004,"Oshawa, Ontario",2011S0503532,Apartment structures of three units and over,Bachelor units,Dollars,81,units,0,v3823895,104.1.1,611,,,,0
2004,"Oshawa, Ontario",2011S0503532,Apartment structures of three units and over,One bedroom units,Dollars,81,units,0,v3824029,104.1.2,750,,,,0
2004,"Oshawa, Ontario",2011S0503532,Apartment structures of three units and over,Two bedroom units,Dollars,81,units,0,v3824163,104.1.3,852,,,,0
2004,"Oshawa, Ontario",2011S0503532,Apartment structures of three units and over,Three bedroom units,Dollars,81,units,0,v3824297,104.1.4,973,,,,0
2004,"Oshawa, Ontario",2011S0503532,Apartment structures of six units and over,Bachelor units,Dollars,81,units,0,v3824431,104.4.1,623,,,,0
2004,"Oshawa, Ontario",2011S0503532,Apartment structures of six units and over,One bedroom units,Dollars,81,units,0,v3824619,104.4.2,755,,,,0
2004,"Oshawa, Ontario",2011S0503532,Apartment structures of six units and over,Two bedroom units,Dollars,81,units,0,v3824807,104.4.3,859,,,,0
2004,"Oshawa, Ontario",2011S0503532,Apartment structures of six units and over,Three bedroom units,Dollars,81,units,0,v3824995,104.4.4,983,,,,0
2004,"Scugog, Ontario",2011A00053518020,Row and apartment structures of three units and over,Bachelor units,Dollars,81,units,0,v53843634,228.3.1,,..,,,0
2004,"Scugog, Ontario",2011A00053518020,Row and apartment structures of three units and over,One bedroom units,Dollars,81,units,0,v53843674,228.3.2,,..,,,0
2004,"Scugog, Ontario",2011A00053518020,Row and apartment structures of three units and over,Two bedroom units,Dollars,81,units,0,v53843714,228.3.3,,..,,,0
2004,"Scugog, Ontario",2011A00053518020,Row and apartment structures of three units and over,Three bedroom units,Dollars,81,units,0,v53843754,228.3.4,,..,,,0
2004,"Scugog, Ontario",2011A00053518020,Row structures of three units and over,Bachelor units,Dollars,81,units,0,v53843794,228.2.1,,..,,,0
2004,"Scugog, Ontario",2011A00053518020,Row structures of three units and over,One bedroom units,Dollars,81,units,0,v53843834,228.2.2,,..,,,0
2004,"Scugog, Ontario",2011A00053518020,Row structures of three units and over,Two bedroom units,Dollars,81,units,0,v53843874,228.2.3,,..,,,0
2004,"Scugog, Ontario",2011A00053518020,Row structures of three units and over,Three bedroom units,Dollars,81,units,0,v53843914,228.2.4,,..,,,0
2004,"Scugog, Ontario",2011A00053518020,Apartment structures of three units and over,Bachelor units,Dollars,81,units,0,v53843954,228.1.1,,..,,,0
2004,"Scugog, Ontario",2011A00053518020,Apartment structures of three units and over,One bedroom units,Dollars,81,units,0,v53843994,228.1.2,,..,,,0
2004,"Scugog, Ontario",2011A00053518020,Apartment structures of three units and over,Two bedroom units,Dollars,81,units,0,v53844034,228.1.3,,..,,,0
2004,"Scugog, Ontario",2011A00053518020,Apartment structures of three units and over,Three bedroom units,Dollars,81,units,0,v53844074,228.1.4,,..,,,0
2004,"Scugog, Ontario",2011A00053518020,Apartment structures of six units and over,Bachelor units,Dollars,81,units,0,v53844114,228.4.1,,..,,,0
2004,"Scugog, Ontario",2011A00053518020,Apartment structures of six units and over,One bedroom units,Dollars,81,units,0,v53844154,228.4.2,,..,,,0
2004,"Scugog, Ontario",2011A00053518020,Apartment structures of six units and over,Two bedroom units,Dollars,81,units,0,v53844194,228.4.3,,..,,,0
2004,"Scugog, Ontario",2011A00053518020,Apartment structures of six units and over,Three bedroom units,Dollars,81,units,0,v53844234,228.4.4,,..,,,0
2004,"Toronto, Ontario",2011S0503535,Row and apartment structures of three units and over,Bachelor units,Dollars,81,units,0,v3822835,125.3.1,727,,,,0
2004,"Toronto, Ontario",2011S0503535,Row and apartment structures of three units and over,One bedroom units,Dollars,81,units,0,v3822969,125.3.2,886,,,,0
2004,"Toronto, Ontario",2011S0503535,Row and apartment structures of three units and over,Two bedroom units,Dollars,81,units,0,v3823103,125.3.3,1052,,,,0
2004,"Toronto, Ontario",2011S0503535,Row and apartment structures of three units and over,Three bedroom units,Dollars,81,units,0,v3823237,125.3.4,1245,,,,0
2004,"Toronto, Ontario",2011S0503535,Row structures of three units and over,Bachelor units,Dollars,81,units,0,v3823371,125.2.1,,F,,,0
2004,"Toronto, Ontario",2011S0503535,Row structures of three units and over,One bedroom units,Dollars,81,units,0,v3823505,125.2.2,,F,,,0
2004,"Toronto, Ontario",2011S0503535,Row structures of three units and over,Two bedroom units,Dollars,81,units,0,v3823639,125.2.3,1045,,,,0
2004,"Toronto, Ontario",2011S0503535,Row structures of three units and over,Three bedroom units,Dollars,81,units,0,v3823773,125.2.4,1285,,,,0
2004,"Toronto, Ontario",2011S0503535,Apartment structures of three units and over,Bachelor units,Dollars,81,units,0,v3823907,125.1.1,727,,,,0
2004,"Toronto, Ontario",2011S0503535,Apartment structures of three units and over,One bedroom units,Dollars,81,units,0,v3824041,125.1.2,886,,,,0
2004,"Toronto, Ontario",2011S0503535,Apartment structures of three units and over,Two bedroom units,Dollars,81,units,0,v3824175,125.1.3,1052,,,,0
2004,"Toronto, Ontario",2011S0503535,Apartment structures of three units and over,Three bedroom units,Dollars,81,units,0,v3824309,125.1.4,1235,,,,0
2004,"Toronto, Ontario",2011S0503535,Apartment structures of six units and over,Bachelor units,Dollars,81,units,0,v3824443,125.4.1,731,,,,0
2004,"Toronto, Ontario",2011S0503535,Apartment structures of six units and over,One bedroom units,Dollars,81,units,0,v3824631,125.4.2,887,,,,0
2004,"Toronto, Ontario",2011S0503535,Apartment structures of six units and over,Two bedroom units,Dollars,81,units,0,v3824819,125.4.3,1052,,,,0
2004,"Toronto, Ontario",2011S0503535,Apartment structures of six units and over,Three bedroom units,Dollars,81,units,0,v3825007,125.4.4,1238,,,,0
2005,"Brock, Ontario",2011A00053518039,Row and apartment structures of three units and over,Bachelor units,Dollars,81,units,0,v53843611,221.3.1,,..,,,0
2005,"Brock, Ontario",2011A00053518039,Row and apartment structures of three units and over,One bedroom units,Dollars,81,units,0,v53843651,221.3.2,,..,,,0
2005,"Brock, Ontario",2011A00053518039,Row and apartment structures of three units and over,Two bedroom units,Dollars,81,units,0,v53843691,221.3.3,,..,,,0
2005,"Brock, Ontario",2011A00053518039,Row and apartment structures of three units and over,Three bedroom units,Dollars,81,units,0,v53843731,221.3.4,,..,,,0
2005,"Brock, Ontario",2011A00053518039,Row structures of three units and over,Bachelor units,Dollars,81,units,0,v53843771,221.2.1,,..,,,0
2005,"Brock, Ontario",2011A00053518039,Row structures of three units and over,One bedroom units,Dollars,81,units,0,v53843811,221.2.2,,..,,,0
2005,"Brock, Ontario",2011A00053518039,Row structures of three units and over,Two bedroom units,Dollars,81,units,0,v53843851,221.2.3,,..,,,0
2005,"Brock, Ontario",2011A00053518039,Row structures of three units and over,Three bedroom units,Dollars,81,units,0,v53843891,221.2.4,,..,,,0
2005,"Brock, Ontario",2011A00053518039,Apartment structures of three units and over,Bachelor units,Dollars,81,units,0,v53843931,221.1.1,,..,,,0
2005,"Brock, Ontario",2011A00053518039,Apartment structures of three units and over,One bedroom units,Dollars,81,units,0,v53843971,221.1.2,,..,,,0
2005,"Brock, Ontario",2011A00053518039,Apartment structures of three units and over,Two bedroom units,Dollars,81,units,0,v53844011,221.1.3,,..,,,0
2005,"Brock, Ontario",2011A00053518039,Apartment structures of three units and over,Three bedroom units,Dollars,81,units,0,v53844051,221.1.4,,..,,,0
2005,"Brock, Ontario",2011A00053518039,Apartment structures of six units and over,Bachelor units,Dollars,81,units,0,v53844091,221.4.1,,..,,,0
2005,"Brock, Ontario",2011A00053518039,Apartment structures of six units and over,One bedroom units,Dollars,81,units,0,v53844131,221.4.2,,..,,,0
2005,"Brock, Ontario",2011A00053518039,Apartment structures of six units and over,Two bedroom units,Dollars,81,units,0,v53844171,221.4.3,,..,,,0
2005,"Brock, Ontario",2011A00053518039,Apartment structures of six units and over,Three bedroom units,Dollars,81,units,0,v53844211,221.4.4,,..,,,0
2005,"Hamilton, Ontario",2011S0503537,Row and apartment structures of three units and over,Bachelor units,Dollars,81,units,0,v3822818,85.3.1,492,,,,0
2005,"Hamilton, Ontario",2011S0503537,Row and apartment structures of three units and over,One bedroom units,Dollars,81,units,0,v3822952,85.3.2,646,,,,0
2005,"Hamilton, Ontario",2011S0503537,Row and apartment structures of three units and over,Two bedroom units,Dollars,81,units,0,v3823086,85.3.3,795,,,,0
2005,"Hamilton, Ontario",2011S0503537,Row and apartment structures of three units and over,Three bedroom units,Dollars,81,units,0,v3823220,85.3.4,959,,,,0
2005,"Hamilton, Ontario",2011S0503537,Row structures of three units and over,Bachelor units,Dollars,81,units,0,v3823354,85.2.1,,F,,,0
2005,"Hamilton, Ontario",2011S0503537,Row structures of three units and over,One bedroom units,Dollars,81,units,0,v3823488,85.2.2,,F,,,0
2005,"Hamilton, Ontario",2011S0503537,Row structures of three units and over,Two bedroom units,Dollars,81,units,0,v3823622,85.2.3,886,,,,0
2005,"Hamilton, Ontario",2011S0503537,Row structures of three units and over,Three bedroom units,Dollars,81,units,0,v3823756,85.2.4,957,,,,0
2005,"Hamilton, Ontario",2011S0503537,Apartment structures of three units and over,Bachelor units,Dollars,81,units,0,v3823890,85.1.1,493,,,,0
2005,"Hamilton, Ontario",2011S0503537,Apartment structures of three units and over,One bedroom units,Dollars,81,units,0,v3824024,85.1.2,646,,,,0
2005,"Hamilton, Ontario",2011S0503537,Apartment structures of three units and over,Two bedroom units,Dollars,81,units,0,v3824158,85.1.3,791,,,,0
2005,"Hamilton, Ontario",2011S0503537,Apartment structures of three units and over,Three bedroom units,Dollars,81,units,0,v3824292,85.1.4,961,,,,0
2005,"Hamilton, Ontario",2011S0503537,Apartment structures of six units and over,Bachelor units,Dollars,81,units,0,v3824426,85.4.1,498,,,,0
2005,"Hamilton, Ontario",2011S0503537,Apartment structures of six units and over,One bedroom units,Dollars,81,units,0,v3824614,85.4.2,652,,,,0
2005,"Hamilton, Ontario",2011S0503537,Apartment structures of six units and over,Two bedroom units,Dollars,81,units,0,v3824802,85.4.3,794,,,,0
2005,"Hamilton, Ontario",2011S0503537,Apartment structures of six units and over,Three bedroom units,Dollars,81,units,0,v3824990,85.4.4,970,,,,0
2005,"Oshawa, Ontario",2011S0503532,Row and apartment structures of three units and over,Bachelor units,Dollars,81,units,0,v3822823,104.3.1,611,,,,0
2005,"Oshawa, Ontario",2011S0503532,Row and apartment structures of three units and over,One bedroom units,Dollars,81,units,0,v3822957,104.3.2,754,,,,0
2005,"Oshawa, Ontario",2011S0503532,Row and apartment structures of three units and over,Two bedroom units,Dollars,81,units,0,v3823091,104.3.3,856,,,,0
2005,"Oshawa, Ontario",2011S0503532,Row and apartment structures of three units and over,Three bedroom units,Dollars,81,units,0,v3823225,104.3.4,1009,,,,0
2005,"Oshawa, Ontario",2011S0503532,Row structures of three units and over,Bachelor units,Dollars,81,units,0,v3823359,104.2.1,,F,,,0
2005,"Oshawa, Ontario",2011S0503532,Row structures of three units and over,One bedroom units,Dollars,81,units,0,v3823493,104.2.2,,F,,,0
2005,"Oshawa, Ontario",2011S0503532,Row structures of three units and over,Two bedroom units,Dollars,81,units,0,v3823627,104.2.3,,F,,,0
2005,"Oshawa, Ontario",2011S0503532,Row structures of three units and over,Three bedroom units,Dollars,81,units,0,v3823761,104.2.4,1038,,,,0
2005,"Oshawa, Ontario",2011S0503532,Apartment structures of three units and over,Bachelor units,Dollars,81,units,0,v3823895,104.1.1,611,,,,0
2005,"Oshawa, Ontario",2011S0503532,Apartment structures of three units and over,One bedroom units,Dollars,81,units,0,v3824029,104.1.2,753,,,,0
2005,"Oshawa, Ontario",2011S0503532,Apartment structures of three units and over,Two bedroom units,Dollars,81,units,0,v3824163,104.1.3,855,,,,0
2005,"Oshawa, Ontario",2011S0503532,Apartment structures of three units and over,Three bedroom units,Dollars,81,units,0,v3824297,104.1.4,980,,,,0
2005,"Oshawa, Ontario",2011S0503532,Apartment structures of six units and over,Bachelor units,Dollars,81,units,0,v3824431,104.4.1,633,,,,0
2005,"Oshawa, Ontario",2011S0503532,Apartment structures of six units and over,One bedroom units,Dollars,81,units,0,v3824619,104.4.2,758,,,,0
2005,"Oshawa, Ontario",2011S0503532,Apartment structures of six units and over,Two bedroom units,Dollars,81,units,0,v3824807,104.4.3,861,,,,0
2005,"Oshawa, Ontario",2011S0503532,Apartment structures of six units and over,Three bedroom units,Dollars,81,units,0,v3824995,104.4.4,990,,,,0
2005,"Scugog, Ontario",2011A00053518020,Row and apartment structures of three units and over,Bachelor units,Dollars,81,units,0,v53843634,228.3.1,,..,,,0
2005,"Scugog, Ontario",2011A00053518020,Row and apartment structures of three units and over,One bedroom units,Dollars,81,units,0,v53843674,228.3.2,,..,,,0
2005,"Scugog, Ontario",2011A00053518020,Row and apartment structures of three units and over,Two bedroom units,Dollars,81,units,0,v53843714,228.3.3,,..,,,0
2005,"Scugog, Ontario",2011A00053518020,Row and apartment structures of three units and over,Three bedroom units,Dollars,81,units,0,v53843754,228.3.4,,..,,,0
2005,"Scugog, Ontario",2011A00053518020,Row structures of three units and over,Bachelor units,Dollars,81,units,0,v53843794,228.2.1,,..,,,0
2005,"Scugog, Ontario",2011A00053518020,Row structures of three units and over,One bedroom units,Dollars,81,units,0,v53843834,228.2.2,,..,,,0
2005,"Scugog, Ontario",2011A00053518020,Row structures of three units and over,Two bedroom units,Dollars,81,units,0,v53843874,228.2.3,,..,,,0
2005,"Scugog, Ontario",2011A00053518020,Row structures of three units and over,Three bedroom units,Dollars,81,units,0,v53843914,228.2.4,,..,,,0
2005,"Scugog, Ontario",2011A00053518020,Apartment structures of three units and over,Bachelor units,Dollars,81,units,0,v53843954,228.1.1,,..,,,0
2005,"Scugog, Ontario",2011A00053518020,Apartment structures of three units and over,One bedroom units,Dollars,81,units,0,v53843994,228.1.2,,..,,,0
2005,"Scugog, Ontario",2011A00053518020,Apartment structures of three units and over,Two bedroom units,Dollars,81,units,0,v53844034,228.1.3,,..,,,0
2005,"Scugog, Ontario",2011A00053518020,Apartment structures of three units and over,Three bedroom units,Dollars,81,units,0,v53844074,228.1.4,,..,,,0
2005,"Scugog, Ontario",2011A00053518020,Apartment structures of six units and over,Bachelor units,Dollars,81,units,0,v53844114,228.4.1,,..,,,0
2005,"Scugog, Ontario",2011A00053518020,Apartment structures of six units and over,One bedroom units,Dollars,81,units,0,v53844154,228.4.2,,..,,,0
2005,"Scugog, Ontario",2011A00053518020,Apartment structures of six units and over,Two bedroom units,Dollars,81,units,0,v53844194,228.4.3,,..,,,0
2005,"Scugog, Ontario",2011A00053518020,Apartment structures of six units and over,Three bedroom units,Dollars,81,units,0,v53844234,228.4.4,,..,,,0
2005,"Toronto, Ontario",2011S0503535,Row and apartment structures of three units and over,Bachelor units,Dollars,81,units,0,v3822835,125.3.1,724,,,,0
2005,"Toronto, Ontario",2011S0503535,Row and apartment structures of three units and over,One bedroom units,Dollars,81,units,0,v3822969,125.3.2,888,,,,0
2005,"Toronto, Ontario",2011S0503535,Row and apartment structures of three units and over,Two bedroom units,Dollars,81,units,0,v3823103,125.3.3,1052,,,,0
2005,"Toronto, Ontario",2011S0503535,Row and apartment structures of three units and over,Three bedroom units,Dollars,81,units,0,v3823237,125.3.4,1248,,,,0
2005,"Toronto, Ontario",2011S0503535,Row structures of three units and over,Bachelor units,Dollars,81,units,0,v3823371,125.2.1,,F,,,0
2005,"Toronto, Ontario",2011S0503535,Row structures of three units and over,One bedroom units,Dollars,81,units,0,v3823505,125.2.2,,F,,,0
2005,"Toronto, Ontario",2011S0503535,Row structures of three units and over,Two bedroom units,Dollars,81,units,0,v3823639,125.2.3,1058,,,,0
2005,"Toronto, Ontario",2011S0503535,Row structures of three units and over,Three bedroom units,Dollars,81,units,0,v3823773,125.2.4,1272,,,,0
2005,"Toronto, Ontario",2011S0503535,Apartment structures of three units and over,Bachelor units,Dollars,81,units,0,v3823907,125.1.1,724,,,,0
2005,"Toronto, Ontario",2011S0503535,Apartment structures of three units and over,One bedroom units,Dollars,81,units,0,v3824041,125.1.2,888,,,,0
2005,"Toronto, Ontario",2011S0503535,Apartment structures of three units and over,Two bedroom units,Dollars,81,units,0,v3824175,125.1.3,1052,,,,0
2005,"Toronto, Ontario",2011S0503535,Apartment structures of three units and over,Three bedroom units,Dollars,81,units,0,v3824309,125.1.4,1243,,,,0
2005,"Toronto, Ontario",2011S0503535,Apartment structures of six units and over,Bachelor units,Dollars,81,units,0,v3824443,125.4.1,727,,,,0
2005,"Toronto, Ontario",2011S0503535,Apartment structures of six units and over,One bedroom units,Dollars,81,units,0,v3824631,125.4.2,889,,,,0
2005,"Toronto, Ontario",2011S0503535,Apartment structures of six units and over,Two bedroom units,Dollars,81,units,0,v3824819,125.4.3,1050,,,,0
2005,"Toronto, Ontario",2011S0503535,Apartment structures of six units and over,Three bedroom units,Dollars,81,units,0,v3825007,125.4.4,1238,,,,0
2006,"Brock, Ontario",2011A00053518039,Row and apartment structures of three units and over,Bachelor units,Dollars,81,units,0,v53843611,221.3.1,,..,,,0
2006,"Brock, Ontario",2011A00053518039,Row and apartment structures of three units and over,One bedroom units,Dollars,81,units,0,v53843651,221.3.2,,..,,,0
2006,"Brock, Ontario",2011A00053518039,Row and apartment structures of three units and over,Two bedroom units,Dollars,81,units,0,v53843691,221.3.3,,..,,,0
2006,"Brock, Ontario",2011A00053518039,Row and apartment structures of three units and over,Three bedroom units,Dollars,81,units,0,v53843731,221.3.4,,..,,,0
2006,"Brock, Ontario",2011A00053518039,Row structures of three units and over,Bachelor units,Dollars,81,units,0,v53843771,221.2.1,,..,,,0
2006,"Brock, Ontario",2011A00053518039,Row structures of three units and over,One bedroom units,Dollars,81,units,0,v53843811,221.2.2,,..,,,0
2006,"Brock, Ontario",2011A00053518039,Row structures of three units and over,Two bedroom units,Dollars,81,units,0,v53843851,221.2.3,,..,,,0
2006,"Brock, Ontario",2011A00053518039,Row structures of three units and over,Three bedroom units,Dollars,81,units,0,v53843891,221.2.4,,..,,,0
2006,"Brock, Ontario",2011A00053518039,Apartment structures of three units and over,Bachelor units,Dollars,81,units,0,v53843931,221.1.1,,..,,,0
2006,"Brock, Ontario",2011A00053518039,Apartment structures of three units and over,One bedroom units,Dollars,81,units,0,v53843971,221.1.2,,..,,,0
2006,"Brock, Ontario",2011A00053518039,Apartment structures of three units and over,Two bedroom units,Dollars,81,units,0,v53844011,221.1.3,,..,,,0
2006,"Brock, Ontario",2011A00053518039,Apartment structures of three units and over,Three bedroom units,Dollars,81,units,0,v53844051,221.1.4,,..,,,0
2006,"Brock, Ontario",2011A00053518039,Apartment structures of six units and over,Bachelor units,Dollars,81,units,0,v53844091,221.4.1,,..,,,0
2006,"Brock, Ontario",2011A00053518039,Apartment structures of six units and over,One bedroom units,Dollars,81,units,0,v53844131,221.4.2,,..,,,0
2006,"Brock, Ontario",2011A00053518039,Apartment structures of six units and over,Two bedroom units,Dollars,81,units,0,v53844171,221.4.3,,..,,,0
2006,"Brock, Ontario",2011A00053518039,Apartment structures of six units and over,Three bedroom units,Dollars,81,units,0,v53844211,221.4.4,,..,,,0
2006,"Hamilton, Ontario",2011S0503537,Row and apartment structures of three units and over,Bachelor units,Dollars,81,units,0,v3822818,85.3.1,492,,,,0
2006,"Hamilton, Ontario",2011S0503537,Row and apartment structures of three units and over,One bedroom units,Dollars,81,units,0,v3822952,85.3.2,644,,,,0
2006,"Hamilton, Ontario",2011S0503537,Row and apartment structures of three units and over,Two bedroom units,Dollars,81,units,0,v3823086,85.3.3,798,,,,0
2006,"Hamilton, Ontario",2011S0503537,Row and apartment structures of three units and over,Three bedroom units,Dollars,81,units,0,v3823220,85.3.4,942,,,,0
2006,"Hamilton, Ontario",2011S0503537,Row structures of three units and over,Bachelor units,Dollars,81,units,0,v3823354,85.2.1,,F,,,0
2006,"Hamilton, Ontario",2011S0503537,Row structures of three units and over,One bedroom units,Dollars,81,units,0,v3823488,85.2.2,690,,,,0
2006,"Hamilton, Ontario",2011S0503537,Row structures of three units and over,Two bedroom units,Dollars,81,units,0,v3823622,85.2.3,854,,,,0
2006,"Hamilton, Ontario",2011S0503537,Row structures of three units and over,Three bedroom units,Dollars,81,units,0,v3823756,85.2.4,938,,,,0
2006,"Hamilton, Ontario",2011S0503537,Apartment structures of three units and over,Bachelor units,Dollars,81,units,0,v3823890,85.1.1,492,,,,0
2006,"Hamilton, Ontario",2011S0503537,Apartment structures of three units and over,One bedroom units,Dollars,81,units,0,v3824024,85.1.2,644,,,,0
2006,"Hamilton, Ontario",2011S0503537,Apartment structures of three units and over,Two bedroom units,Dollars,81,units,0,v3824158,85.1.3,796,,,,0
2006,"Hamilton, Ontario",2011S0503537,Apartment structures of three units and over,Three bedroom units,Dollars,81,units,0,v3824292,85.1.4,946,,,,0
2006,"Hamilton, Ontario",2011S0503537,Apartment structures of six units and over,Bachelor units,Dollars,81,units,0,v3824426,85.4.1,502,,,,0
2006,"Hamilton, Ontario",2011S0503537,Apartment structures of six units and over,One bedroom units,Dollars,81,units,0,v3824614,85.4.2,648,,,,0
2006,"Hamilton, Ontario",2011S0503537,Apartment structures of six units and over,Two bedroom units,Dollars,81,units,0,v3824802,85.4.3,798,,,,0
2006,"Hamilton, Ontario",2011S0503537,Apartment structures of six units and over,Three bedroom units,Dollars,81,units,0,v3824990,85.4.4,955,,,,0
2006,"Oshawa, Ontario",2011S0503532,Row and apartment structures of three units and over,Bachelor units,Dollars,81,units,0,v3822823,104.3.1,616,,,,0
2006,"Oshawa, Ontario",2011S0503532,Row and apartment structures of three units and over,One bedroom units,Dollars,81,units,0,v3822957,104.3.2,757,,,,0
2006,"Oshawa, Ontario",2011S0503532,Row and apartment structures of three units and over,Two bedroom units,Dollars,81,units,0,v3823091,104.3.3,861,,,,0
2006,"Oshawa, Ontario",2011S0503532,Row and apartment structures of three units and over,Three bedroom units,Dollars,81,units,0,v3823225,104.3.4,1047,,,,0
2006,"Oshawa, Ontario",2011S0503532,Row structures of three units and over,Bachelor units,Dollars,81,units,0,v3823359,104.2.1,,F,,,0
2006,"Oshawa, Ontario",2011S0503532,Row structures of three units and over,One bedroom units,Dollars,81,units,0,v3823493,104.2.2,,F,,,0
2006,"Oshawa, Ontario",2011S0503532,Row structures of three units and over,Two bedroom units,Dollars,81,units,0,v3823627,104.2.3,,F,,,0
2006,"Oshawa, Ontario",2011S0503532,Row structures of three units and over,Three bedroom units,Dollars,81,units,0,v3823761,104.2.4,1098,,,,0
2006,"Oshawa, Ontario",2011S0503532,Apartment structures of three units and over,Bachelor units,Dollars,81,units,0,v3823895,104.1.1,616,,,,0
2006,"Oshawa, Ontario",2011S0503532,Apartment structures of three units and over,One bedroom units,Dollars,81,units,0,v3824029,104.1.2,756,,,,0
2006,"Oshawa, Ontario",2011S0503532,Apartment structures of three units and over,Two bedroom units,Dollars,81,units,0,v3824163,104.1.3,861,,,,0
2006,"Oshawa, Ontario",2011S0503532,Apartment structures of three units and over,Three bedroom units,Dollars,81,units,0,v3824297,104.1.4,995,,,,0
2006,"Oshawa, Ontario",2011S0503532,Apartment structures of six units and over,Bachelor units,Dollars,81,units,0,v3824431,104.4.1,628,,,,0
2006,"Oshawa, Ontario",2011S0503532,Apartment structures of six units and over,One bedroom units,Dollars,81,units,0,v3824619,104.4.2,762,,,,0
2006,"Oshawa, Ontario",2011S0503532,Apartment structures of six units and over,Two bedroom units,Dollars,81,units,0,v3824807,104.4.3,866,,,,0
2006,"Oshawa, Ontario",2011S0503532,Apartment structures of six units and over,Three bedroom units,Dollars,81,units,0,v3824995,104.4.4,1005,,,,0
2006,"Scugog, Ontario",2011A00053518020,Row and apartment structures of three units and over,Bachelor units,Dollars,81,units,0,v53843634,228.3.1,,..,,,0
2006,"Scugog, Ontario",2011A00053518020,Row and apartment structures of three units and over,One bedroom units,Dollars,81,units,0,v53843674,228.3.2,,..,,,0
2006,"Scugog, Ontario",2011A00053518020,Row and apartment structures of three units and over,Two bedroom units,Dollars,81,units,0,v53843714,228.3.3,,..,,,0
2006,"Scugog, Ontario",2011A00053518020,Row and apartment structures of three units and over,Three bedroom units,Dollars,81,units,0,v53843754,228.3.4,,..,,,0
2006,"Scugog, Ontario",2011A00053518020,Row structures of three units and over,Bachelor units,Dollars,81,units,0,v53843794,228.2.1,,..,,,0
2006,"Scugog, Ontario",2011A00053518020,Row structures of three units and over,One bedroom units,Dollars,81,units,0,v53843834,228.2.2,,..,,,0
2006,"Scugog, Ontario",2011A00053518020,Row structures of three units and over,Two bedroom units,Dollars,81,units,0,v53843874,228.2.3,,..,,,0
2006,"Scugog, Ontario",2011A00053518020,Row structures of three units and over,Three bedroom units,Dollars,81,units,0,v53843914,228.2.4,,..,,,0
2006,"Scugog, Ontario",2011A00053518020,Apartment structures of three units and over,Bachelor units,Dollars,81,units,0,v53843954,228.1.1,,..,,,0
2006,"Scugog, Ontario",2011A00053518020,Apartment structures of three units and over,One bedroom units,Dollars,81,units,0,v53843994,228.1.2,,..,,,0
2006,"Scugog, Ontario",2011A00053518020,Apartment structures of three units and over,Two bedroom units,Dollars,81,units,0,v53844034,228.1.3,,..,,,0
2006,"Scugog, Ontario",2011A00053518020,Apartment structures of three units and over,Three bedroom units,Dollars,81,units,0,v53844074,228.1.4,,..,,,0
2006,"Scugog, Ontario",2011A00053518020,Apartment structures of six units and over,Bachelor units,Dollars,81,units,0,v53844114,228.4.1,,..,,,0
2006,"Scugog, Ontario",2011A00053518020,Apartment structures of six units and over,One bedroom units,Dollars,81,units,0,v53844154,228.4.2,,..,,,0
2006,"Scugog, Ontario",2011A00053518020,Apartment structures of six units and over,Two bedroom units,Dollars,81,units,0,v53844194,228.4.3,,..,,,0
2006,"Scugog, Ontario",2011A00053518020,Apartment structures of six units and over,Three bedroom units,Dollars,81,units,0,v53844234,228.4.4,,..,,,0
2006,"Toronto, Ontario",2011S0503535,Row and apartment structures of three units and over,Bachelor units,Dollars,81,units,0,v3822835,125.3.1,740,,,,0
2006,"Toronto, Ontario",2011S0503535,Row and apartment structures of three units and over,One bedroom units,Dollars,81,units,0,v3822969,125.3.2,896,,,,0
2006,"Toronto, Ontario",2011S0503535,Row and apartment structures of three units and over,Two bedroom units,Dollars,81,units,0,v3823103,125.3.3,1067,,,,0
2006,"Toronto, Ontario",2011S0503535,Row and apartment structures of three units and over,Three bedroom units,Dollars,81,units,0,v3823237,125.3.4,1271,,,,0
2006,"Toronto, Ontario",2011S0503535,Row structures of three units and over,Bachelor units,Dollars,81,units,0,v3823371,125.2.1,,F,,,0
2006,"Toronto, Ontario",2011S0503535,Row structures of three units and over,One bedroom units,Dollars,81,units,0,v3823505,125.2.2,,F,,,0
2006,"Toronto, Ontario",2011S0503535,Row structures of three units and over,Two bedroom units,Dollars,81,units,0,v3823639,125.2.3,1063,,,,0
2006,"Toronto, Ontario",2011S0503535,Row structures of three units and over,Three bedroom units,Dollars,81,units,0,v3823773,125.2.4,1269,,,,0
2006,"Toronto, Ontario",2011S0503535,Apartment structures of three units and over,Bachelor units,Dollars,81,units,0,v3823907,125.1.1,740,,,,0
2006,"Toronto, Ontario",2011S0503535,Apartment structures of three units and over,One bedroom units,Dollars,81,units,0,v3824041,125.1.2,896,,,,0
2006,"Toronto, Ontario",2011S0503535,Apartment structures of three units and over,Two bedroom units,Dollars,81,units,0,v3824175,125.1.3,1067,,,,0
2006,"Toronto, Ontario",2011S0503535,Apartment structures of three units and over,Three bedroom units,Dollars,81,units,0,v3824309,125.1.4,1272,,,,0
2006,"Toronto, Ontario",2011S0503535,Apartment structures of six units and over,Bachelor units,Dollars,81,units,0,v3824443,125.4.1,743,,,,0
2006,"Toronto, Ontario",2011S0503535,Apartment structures of six units and over,One bedroom units,Dollars,81,units,0,v3824631,125.4.2,897,,,,0
2006,"Toronto, Ontario",2011S0503535,Apartment structures of six units and over,Two bedroom units,Dollars,81,units,0,v3824819,125.4.3,1065,,,,0
2006,"Toronto, Ontario",2011S0503535,Apartment structures of six units and over,Three bedroom units,Dollars,81,units,0,v3825007,125.4.4,1268,,,,0
2007,"Brock, Ontario",2011A00053518039,Row and apartment structures of three units and over,Bachelor units,Dollars,81,units,0,v53843611,221.3.1,,..,,,0
2007,"Brock, Ontario",2011A00053518039,Row and apartment structures of three units and over,One bedroom units,Dollars,81,units,0,v53843651,221.3.2,,..,,,0
2007,"Brock, Ontario",2011A00053518039,Row and apartment structures of three units and over,Two bedroom units,Dollars,81,units,0,v53843691,221.3.3,,..,,,0
2007,"Brock, Ontario",2011A00053518039,Row and apartment structures of three units and over,Three bedroom units,Dollars,81,units,0,v53843731,221.3.4,,..,,,0
2007,"Brock, Ontario",2011A00053518039,Row structures of three units and over,Bachelor units,Dollars,81,units,0,v53843771,221.2.1,,..,,,0
2007,"Brock, Ontario",2011A00053518039,Row structures of three units and over,One bedroom units,Dollars,81,units,0,v53843811,221.2.2,,..,,,0
2007,"Brock, Ontario",2011A00053518039,Row structures of three units and over,Two bedroom units,Dollars,81,units,0,v53843851,221.2.3,,..,,,0
2007,"Brock, Ontario",2011A00053518039,Row structures of three units and over,Three bedroom units,Dollars,81,units,0,v53843891,221.2.4,,..,,,0
2007,"Brock, Ontario",2011A00053518039,Apartment structures of three units and over,Bachelor units,Dollars,81,units,0,v53843931,221.1.1,,..,,,0
2007,"Brock, Ontario",2011A00053518039,Apartment structures of three units and over,One bedroom units,Dollars,81,units,0,v53843971,221.1.2,,..,,,0
2007,"Brock, Ontario",2011A00053518039,Apartment structures of three units and over,Two bedroom units,Dollars,81,units,0,v53844011,221.1.3,,..,,,0
2007,"Brock, Ontario",2011A00053518039,Apartment structures of three units and over,Three bedroom units,Dollars,81,units,0,v53844051,221.1.4,,..,,,0
2007,"Brock, Ontario",2011A00053518039,Apartment structures of six units and over,Bachelor units,Dollars,81,units,0,v53844091,221.4.1,,..,,,0
2007,"Brock, Ontario",2011A00053518039,Apartment structures of six units and over,One bedroom units,Dollars,81,units,0,v53844131,221.4.2,,..,,,0
2007,"Brock, Ontario",2011A00053518039,Apartment structures of six units and over,Two bedroom units,Dollars,81,units,0,v53844171,221.4.3,,..,,,0
2007,"Brock, Ontario",2011A00053518039,Apartment structures of six units and over,Three bedroom units,Dollars,81,units,0,v53844211,221.4.4,,..,,,0
2007,"Hamilton, Ontario",2011S0503537,Row and apartment structures of three units and over,Bachelor units,Dollars,81,units,0,v3822818,85.3.1,511,,,,0
2007,"Hamilton, Ontario",2011S0503537,Row and apartment structures of three units and over,One bedroom units,Dollars,81,units,0,v3822952,85.3.2,666,,,,0
2007,"Hamilton, Ontario",2011S0503537,Row and apartment structures of three units and over,Two bedroom units,Dollars,81,units,0,v3823086,85.3.3,830,,,,0
2007,"Hamilton, Ontario",2011S0503537,Row and apartment structures of three units and over,Three bedroom units,Dollars,81,units,0,v3823220,85.3.4,994,,,,0
2007,"Hamilton, Ontario",2011S0503537,Row structures of three units and over,Bachelor units,Dollars,81,units,0,v3823354,85.2.1,,F,,,0
2007,"Hamilton, Ontario",2011S0503537,Row structures of three units and over,One bedroom units,Dollars,81,units,0,v3823488,85.2.2,687,,,,0
2007,"Hamilton, Ontario",2011S0503537,Row structures of three units and over,Two bedroom units,Dollars,81,units,0,v3823622,85.2.3,966,,,,0
2007,"Hamilton, Ontario",2011S0503537,Row structures of three units and over,Three bedroom units,Dollars,81,units,0,v3823756,85.2.4,982,,,,0
2007,"Hamilton, Ontario",2011S0503537,Apartment structures of three units and over,Bachelor units,Dollars,81,units,0,v3823890,85.1.1,511,,,,0
2007,"Hamilton, Ontario",2011S0503537,Apartment structures of three units and over,One bedroom units,Dollars,81,units,0,v3824024,85.1.2,666,,,,0
2007,"Hamilton, Ontario",2011S0503537,Apartment structures of three units and over,Two bedroom units,Dollars,81,units,0,v3824158,85.1.3,824,,,,0
2007,"Hamilton, Ontario",2011S0503537,Apartment structures of three units and over,Three bedroom units,Dollars,81,units,0,v3824292,85.1.4,1005,,,,0
2007,"Hamilton, Ontario",2011S0503537,Apartment structures of six units and over,Bachelor units,Dollars,81,units,0,v3824426,85.4.1,514,,,,0
2007,"Hamilton, Ontario",2011S0503537,Apartment structures of six units and over,One bedroom units,Dollars,81,units,0,v3824614,85.4.2,670,,,,0
2007,"Hamilton, Ontario",2011S0503537,Apartment structures of six units and over,Two bedroom units,Dollars,81,units,0,v3824802,85.4.3,827,,,,0
2007,"Hamilton, Ontario",2011S0503537,Apartment structures of six units and over,Three bedroom units,Dollars,81,units,0,v3824990,85.4.4,1012,,,,0
2007,"Oshawa, Ontario",2011S0503532,Row and apartment structures of three units and over,Bachelor units,Dollars,81,units,0,v3822823,104.3.1,614,,,,0
2007,"Oshawa, Ontario",2011S0503532,Row and apartment structures of three units and over,One bedroom units,Dollars,81,units,0,v3822957,104.3.2,770,,,,0
2007,"Oshawa, Ontario",2011S0503532,Row and apartment structures of three units and over,Two bedroom units,Dollars,81,units,0,v3823091,104.3.3,877,,,,0
2007,"Oshawa, Ontario",2011S0503532,Row and apartment structures of three units and over,Three bedroom units,Dollars,81,units,0,v3823225,104.3.4,1017,,,,0
2007,"Oshawa, Ontario",2011S0503532,Row structures of three units and over,Bachelor units,Dollars,81,units,0,v3823359,104.2.1,,F,,,0
2007,"Oshawa, Ontario",2011S0503532,Row structures of three units and over,One bedroom units,Dollars,81,units,0,v3823493,104.2.2,,F,,,0
2007,"Oshawa, Ontario",2011S0503532,Row structures of three units and over,Two bedroom units,Dollars,81,units,0,v3823627,104.2.3,939,,,,0
2007,"Oshawa, Ontario",2011S0503532,Row structures of three units and over,Three bedroom units,Dollars,81,units,0,v3823761,104.2.4,1039,,,,0
2007,"Oshawa, Ontario",2011S0503532,Apartment structures of three units and over,Bachelor units,Dollars,81,units,0,v3823895,104.1.1,614,,,,0
2007,"Oshawa, Ontario",2011S0503532,Apartment structures of three units and over,One bedroom units,Dollars,81,units,0,v3824029,104.1.2,770,,,,0
2007,"Oshawa, Ontario",2011S0503532,Apartment structures of three units and over,Two bedroom units,Dollars,81,units,0,v3824163,104.1.3,877,,,,0
2007,"Oshawa, Ontario",2011S0503532,Apartment structures of three units and over,Three bedroom units,Dollars,81,units,0,v3824297,104.1.4,993,,,,0
2007,"Oshawa, Ontario",2011S0503532,Apartment structures of six units and over,Bachelor units,Dollars,81,units,0,v3824431,104.4.1,623,,,,0
2007,"Oshawa, Ontario",2011S0503532,Apartment structures of six units and over,One bedroom units,Dollars,81,units,0,v3824619,104.4.2,775,,,,0
2007,"Oshawa, Ontario",2011S0503532,Apartment structures of six units and over,Two bedroom units,Dollars,81,units,0,v3824807,104.4.3,882,,,,0
2007,"Oshawa, Ontario",2011S0503532,Apartment structures of six units and over,Three bedroom units,Dollars,81,units,0,v3824995,104.4.4,998,,,,0
2007,"Scugog, Ontario",2011A00053518020,Row and apartment structures of three units and over,Bachelor units,Dollars,81,units,0,v53843634,228.3.1,,..,,,0
2007,"Scugog, Ontario",2011A00053518020,Row and apartment structures of three units and over,One bedroom units,Dollars,81,units,0,v53843674,228.3.2,,..,,,0
2007,"Scugog, Ontario",2011A00053518020,Row and apartment structures of three units and over,Two bedroom units,Dollars,81,units,0,v53843714,228.3.3,,..,,,0
2007,"Scugog, Ontario",2011A00053518020,Row and apartment structures of three units and over,Three bedroom units,Dollars,81,units,0,v53843754,228.3.4,,..,,,0
2007,"Scugog, Ontario",2011A00053518020,Row structures of three units and over,Bachelor units,Dollars,81,units,0,v53843794,228.2.1,,..,,,0
2007,"Scugog, Ontario",2011A00053518020,Row structures of three units and over,One bedroom units,Dollars,81,units,0,v53843834,228.2.2,,..,,,0
2007,"Scugog, Ontario",2011A00053518020,Row structures of three units and over,Two bedroom units,Dollars,81,units,0,v53843874,228.2.3,,..,,,0
2007,"Scugog, Ontario",2011A00053518020,Row structures of three units and over,Three bedroom units,Dollars,81,units,0,v53843914,228.2.4,,..,,,0
2007,"Scugog, Ontario",2011A00053518020,Apartment structures of three units and over,Bachelor units,Dollars,81,units,0,v53843954,228.1.1,,..,,,0
2007,"Scugog, Ontario",2011A00053518020,Apartment structures of three units and over,One bedroom units,Dollars,81,units,0,v53843994,228.1.2,,..,,,0
2007,"Scugog, Ontario",2011A00053518020,Apartment structures of three units and over,Two bedroom units,Dollars,81,units,0,v53844034,228.1.3,,..,,,0
2007,"Scugog, Ontario",2011A00053518020,Apartment structures of three units and over,Three bedroom units,Dollars,81,units,0,v53844074,228.1.4,,..,,,0
2007,"Scugog, Ontario",2011A00053518020,Apartment structures of six units and over,Bachelor units,Dollars,81,units,0,v53844114,228.4.1,,..,,,0
2007,"Scugog, Ontario",2011A00053518020,Apartment structures of six units and over,One bedroom units,Dollars,81,units,0,v53844154,228.4.2,,..,,,0
2007,"Scugog, Ontario",2011A00053518020,Apartment structures of six units and over,Two bedroom units,Dollars,81,units,0,v53844194,228.4.3,,..,,,0
2007,"Scugog, Ontario",2011A00053518020,Apartment structures of six units and over,Three bedroom units,Dollars,81,units,0,v53844234,228.4.4,,..,,,0
2007,"Toronto, Ontario",2011S0503535,Row and apartment structures of three units and over,Bachelor units,Dollars,81,units,0,v3822835,125.3.1,740,,,,0
2007,"Toronto, Ontario",2011S0503535,Row and apartment structures of three units and over,One bedroom units,Dollars,81,units,0,v3822969,125.3.2,900,,,,0
2007,"Toronto, Ontario",2011S0503535,Row and apartment structures of three units and over,Two bedroom units,Dollars,81,units,0,v3823103,125.3.3,1061,,,,0
2007,"Toronto, Ontario",2011S0503535,Row and apartment structures of three units and over,Three bedroom units,Dollars,81,units,0,v3823237,125.3.4,1261,,,,0
2007,"Toronto, Ontario",2011S0503535,Row structures of three units and over,Bachelor units,Dollars,81,units,0,v3823371,125.2.1,,F,,,0
2007,"Toronto, Ontario",2011S0503535,Row structures of three units and over,One bedroom units,Dollars,81,units,0,v3823505,125.2.2,933,,,,0
2007,"Toronto, Ontario",2011S0503535,Row structures of three units and over,Two bedroom units,Dollars,81,units,0,v3823639,125.2.3,1060,,,,0
2007,"Toronto, Ontario",2011S0503535,Row structures of three units and over,Three bedroom units,Dollars,81,units,0,v3823773,125.2.4,1294,,,,0
2007,"Toronto, Ontario",2011S0503535,Apartment structures of three units and over,Bachelor units,Dollars,81,units,0,v3823907,125.1.1,740,,,,0
2007,"Toronto, Ontario",2011S0503535,Apartment structures of three units and over,One bedroom units,Dollars,81,units,0,v3824041,125.1.2,900,,,,0
2007,"Toronto, Ontario",2011S0503535,Apartment structures of three units and over,Two bedroom units,Dollars,81,units,0,v3824175,125.1.3,1061,,,,0
2007,"Toronto, Ontario",2011S0503535,Apartment structures of three units and over,Three bedroom units,Dollars,81,units,0,v3824309,125.1.4,1252,,,,0
2007,"Toronto, Ontario",2011S0503535,Apartment structures of six units and over,Bachelor units,Dollars,81,units,0,v3824443,125.4.1,742,,,,0
2007,"Toronto, Ontario",2011S0503535,Apartment structures of six units and over,One bedroom units,Dollars,81,units,0,v3824631,125.4.2,901,,,,0
2007,"Toronto, Ontario",2011S0503535,Apartment structures of six units and over,Two bedroom units,Dollars,81,units,0,v3824819,125.4.3,1057,,,,0
2007,"Toronto, Ontario",2011S0503535,Apartment structures of six units and over,Three bedroom units,Dollars,81,units,0,v3825007,125.4.4,1246,,,,0
2008,"Brock, Ontario",2011A00053518039,Row and apartment structures of three units and over,Bachelor units,Dollars,81,units,0,v53843611,221.3.1,,F,,,0
2008,"Brock, Ontario",2011A00053518039,Row and apartment structures of three units and over,One bedroom units,Dollars,81,units,0,v53843651,221.3.2,695,,,,0
2008,"Brock, Ontario",2011A00053518039,Row and apartment structures of three units and over,Two bedroom units,Dollars,81,units,0,v53843691,221.3.3,766,,,,0
2008,"Brock, Ontario",2011A00053518039,Row and apartment structures of three units and over,Three bedroom units,Dollars,81,units,0,v53843731,221.3.4,,F,,,0
2008,"Brock, Ontario",2011A00053518039,Row structures of three units and over,Bachelor units,Dollars,81,units,0,v53843771,221.2.1,,F,,,0
2008,"Brock, Ontario",2011A00053518039,Row structures of three units and over,One bedroom units,Dollars,81,units,0,v53843811,221.2.2,,F,,,0
2008,"Brock, Ontario",2011A00053518039,Row structures of three units and over,Two bedroom units,Dollars,81,units,0,v53843851,221.2.3,,F,,,0
2008,"Brock, Ontario",2011A00053518039,Row structures of three units and over,Three bedroom units,Dollars,81,units,0,v53843891,221.2.4,,F,,,0
2008,"Brock, Ontario",2011A00053518039,Apartment structures of three units and over,Bachelor units,Dollars,81,units,0,v53843931,221.1.1,,F,,,0
2008,"Brock, Ontario",2011A00053518039,Apartment structures of three units and over,One bedroom units,Dollars,81,units,0,v53843971,221.1.2,695,,,,0
2008,"Brock, Ontario",2011A00053518039,Apartment structures of three units and over,Two bedroom units,Dollars,81,units,0,v53844011,221.1.3,766,,,,0
2008,"Brock, Ontario",2011A00053518039,Apartment structures of three units and over,Three bedroom units,Dollars,81,units,0,v53844051,221.1.4,,F,,,0
2008,"Brock, Ontario",2011A00053518039,Apartment structures of six units and over,Bachelor units,Dollars,81,units,0,v53844091,221.4.1,,F,,,0
2008,"Brock, Ontario",2011A00053518039,Apartment structures of six units and over,One bedroom units,Dollars,81,units,0,v53844131,221.4.2,686,,,,0
2008,"Brock, Ontario",2011A00053518039,Apartment structures of six units and over,Two bedroom units,Dollars,81,units,0,v53844171,221.4.3,800,,,,0
2008,"Brock, Ontario",2011A00053518039,Apartment structures of six units and over,Three bedroom units,Dollars,81,units,0,v53844211,221.4.4,,F,,,0
2008,"Hamilton, Ontario",2011S0503537,Row and apartment structures of three units and over,Bachelor units,Dollars,81,units,0,v3822818,85.3.1,542,,,,0
2008,"Hamilton, Ontario",2011S0503537,Row and apartment structures of three units and over,One bedroom units,Dollars,81,units,0,v3822952,85.3.2,681,,,,0
2008,"Hamilton, Ontario",2011S0503537,Row and apartment structures of three units and over,Two bedroom units,Dollars,81,units,0,v3823086,85.3.3,846,,,,0
2008,"Hamilton, Ontario",2011S0503537,Row and apartment structures of three units and over,Three bedroom units,Dollars,81,units,0,v3823220,85.3.4,1025,,,,0
2008,"Hamilton, Ontario",2011S0503537,Row structures of three units and over,Bachelor units,Dollars,81,units,0,v3823354,85.2.1,,F,,,0
2008,"Hamilton, Ontario",2011S0503537,Row structures of three units and over,One bedroom units,Dollars,81,units,0,v3823488,85.2.2,683,,,,0
2008,"Hamilton, Ontario",2011S0503537,Row structures of three units and over,Two bedroom units,Dollars,81,units,0,v3823622,85.2.3,1006,,,,0
2008,"Hamilton, Ontario",2011S0503537,Row structures of three units and over,Three bedroom units,Dollars,81,units,0,v3823756,85.2.4,1065,,,,0
2008,"Hamilton, Ontario",2011S0503537,Apartment structures of three units and over,Bachelor units,Dollars,81,units,0,v3823890,85.1.1,542,,,,0
2008,"Hamilton, Ontario",2011S0503537,Apartment structures of three units and over,One bedroom units,Dollars,81,units,0,v3824024,85.1.2,681,,,,0
2008,"Hamilton, Ontario",2011S0503537,Apartment structures of three units and over,Two bedroom units,Dollars,81,units,0,v3824158,85.1.3,836,,,,0
2008,"Hamilton, Ontario",2011S0503537,Apartment structures of three units and over,Three bedroom units,Dollars,81,units,0,v3824292,85.1.4,986,,,,0
2008,"Hamilton, Ontario",2011S0503537,Apartment structures of six units and over,Bachelor units,Dollars,81,units,0,v3824426,85.4.1,554,,,,0
2008,"Hamilton, Ontario",2011S0503537,Apartment structures of six units and over,One bedroom units,Dollars,81,units,0,v3824614,85.4.2,686,,,,0
2008,"Hamilton, Ontario",2011S0503537,Apartment structures of six units and over,Two bedroom units,Dollars,81,units,0,v3824802,85.4.3,839,,,,0
2008,"Hamilton, Ontario",2011S0503537,Apartment structures of six units and over,Three bedroom units,Dollars,81,units,0,v3824990,85.4.4,985,,,,0
2008,"Oshawa, Ontario",2011S0503532,Row and apartment structures of three units and over,Bachelor units,Dollars,81,units,0,v3822823,104.3.1,641,,,,0
2008,"Oshawa, Ontario",2011S0503532,Row and apartment structures of three units and over,One bedroom units,Dollars,81,units,0,v3822957,104.3.2,785,,,,0
2008,"Oshawa, Ontario",2011S0503532,Row and apartment structures of three units and over,Two bedroom units,Dollars,81,units,0,v3823091,104.3.3,890,,,,0
2008,"Oshawa, Ontario",2011S0503532,Row and apartment structures of three units and over,Three bedroom units,Dollars,81,units,0,v3823225,104.3.4,1055,,,,0
2008,"Oshawa, Ontario",2011S0503532,Row structures of three units and over,Bachelor units,Dollars,81,units,0,v3823359,104.2.1,,F,,,0
2008,"Oshawa, Ontario",2011S0503532,Row structures of three units and over,One bedroom units,Dollars,81,units,0,v3823493,104.2.2,,F,,,0
2008,"Oshawa, Ontario",2011S0503532,Row structures of three units and over,Two bedroom units,Dollars,81,units,0,v3823627,104.2.3,942,,,,0
2008,"Oshawa, Ontario",2011S0503532,Row structures of three units and over,Three bedroom units,Dollars,81,units,0,v3823761,104.2.4,1101,,,,0
2008,"Oshawa, Ontario",2011S0503532,Apartment structures of three units and over,Bachelor units,Dollars,81,units,0,v3823895,104.1.1,641,,,,0
2008,"Oshawa, Ontario",2011S0503532,Apartment structures of three units and over,One bedroom units,Dollars,81,units,0,v3824029,104.1.2,785,,,,0
2008,"Oshawa, Ontario",2011S0503532,Apartment structures of three units and over,Two bedroom units,Dollars,81,units,0,v3824163,104.1.3,889,,,,0
2008,"Oshawa, Ontario",2011S0503532,Apartment structures of three units and over,Three bedroom units,Dollars,81,units,0,v3824297,104.1.4,1008,,,,0
2008,"Oshawa, Ontario",2011S0503532,Apartment structures of six units and over,Bachelor units,Dollars,81,units,0,v3824431,104.4.1,651,,,,0
2008,"Oshawa, Ontario",2011S0503532,Apartment structures of six units and over,One bedroom units,Dollars,81,units,0,v3824619,104.4.2,792,,,,0
2008,"Oshawa, Ontario",2011S0503532,Apartment structures of six units and over,Two bedroom units,Dollars,81,units,0,v3824807,104.4.3,895,,,,0
2008,"Oshawa, Ontario",2011S0503532,Apartment structures of six units and over,Three bedroom units,Dollars,81,units,0,v3824995,104.4.4,1016,,,,0
2008,"Scugog, Ontario",2011A00053518020,Row and apartment structures of three units and over,Bachelor units,Dollars,81,units,0,v53843634,228.3.1,,F,,,0
2008,"Scugog, Ontario",2011A00053518020,Row and apartment structures of three units and over,One bedroom units,Dollars,81,units,0,v53843674,228.3.2,741,,,,0
2008,"Scugog, Ontario",2011A00053518020,Row and apartment structures of three units and over,Two bedroom units,Dollars,81,units,0,v53843714,228.3.3,869,,,,0
2008,"Scugog, Ontario",2011A00053518020,Row and apartment structures of three units and over,Three bedroom units,Dollars,81,units,0,v53843754,228.3.4,,F,,,0
2008,"Scugog, Ontario",2011A00053518020,Row structures of three units and over,Bachelor units,Dollars,81,units,0,v53843794,228.2.1,,F,,,0
2008,"Scugog, Ontario",2011A00053518020,Row structures of three units and over,One bedroom units,Dollars,81,units,0,v53843834,228.2.2,,F,,,0
2008,"Scugog, Ontario",2011A00053518020,Row structures of three units and over,Two bedroom units,Dollars,81,units,0,v53843874,228.2.3,,F,,,0
2008,"Scugog, Ontario",2011A00053518020,Row structures of three units and over,Three bedroom units,Dollars,81,units,0,v53843914,228.2.4,,F,,,0
2008,"Scugog, Ontario",2011A00053518020,Apartment structures of three units and over,Bachelor units,Dollars,81,units,0,v53843954,228.1.1,,F,,,0
2008,"Scugog, Ontario",2011A00053518020,Apartment structures of three units and over,One bedroom units,Dollars,81,units,0,v53843994,228.1.2,741,,,,0
2008,"Scugog, Ontario",2011A00053518020,Apartment structures of three units and over,Two bedroom units,Dollars,81,units,0,v53844034,228.1.3,869,,,,0
2008,"Scugog, Ontario",2011A00053518020,Apartment structures of three units and over,Three bedroom units,Dollars,81,units,0,v53844074,228.1.4,,F,,,0
2008,"Scugog, Ontario",2011A00053518020,Apartment structures of six units and over,Bachelor units,Dollars,81,units,0,v53844114,228.4.1,,F,,,0
2008,"Scugog, Ontario",2011A00053518020,Apartment structures of six units and over,One bedroom units,Dollars,81,units,0,v53844154,228.4.2,760,,,,0
2008,"Scugog, Ontario",2011A00053518020,Apartment structures of six units and over,Two bedroom units,Dollars,81,units,0,v53844194,228.4.3,920,,,,0
2008,"Scugog, Ontario",2011A00053518020,Apartment structures of six units and over,Three bedroom units,Dollars,81,units,0,v53844234,228.4.4,,F,,,0
2008,"Toronto, Ontario",2011S0503535,Row and apartment structures of three units and over,Bachelor units,Dollars,81,units,0,v3822835,125.3.1,764,,,,0
2008,"Toronto, Ontario",2011S0503535,Row and apartment structures of three units and over,One bedroom units,Dollars,81,units,0,v3822969,125.3.2,927,,,,0
2008,"Toronto, Ontario",2011S0503535,Row and apartment structures of three units and over,Two bedroom units,Dollars,81,units,0,v3823103,125.3.3,1095,,,,0
2008,"Toronto, Ontario",2011S0503535,Row and apartment structures of three units and over,Three bedroom units,Dollars,81,units,0,v3823237,125.3.4,1293,,,,0
2008,"Toronto, Ontario",2011S0503535,Row structures of three units and over,Bachelor units,Dollars,81,units,0,v3823371,125.2.1,,F,,,0
2008,"Toronto, Ontario",2011S0503535,Row structures of three units and over,One bedroom units,Dollars,81,units,0,v3823505,125.2.2,,F,,,0
2008,"Toronto, Ontario",2011S0503535,Row structures of three units and over,Two bedroom units,Dollars,81,units,0,v3823639,125.2.3,1067,,,,0
2008,"Toronto, Ontario",2011S0503535,Row structures of three units and over,Three bedroom units,Dollars,81,units,0,v3823773,125.2.4,1311,,,,0
2008,"Toronto, Ontario",2011S0503535,Apartment structures of three units and over,Bachelor units,Dollars,81,units,0,v3823907,125.1.1,764,,,,0
2008,"Toronto, Ontario",2011S0503535,Apartment structures of three units and over,One bedroom units,Dollars,81,units,0,v3824041,125.1.2,927,,,,0
2008,"Toronto, Ontario",2011S0503535,Apartment structures of three units and over,Two bedroom units,Dollars,81,units,0,v3824175,125.1.3,1095,,,,0
2008,"Toronto, Ontario",2011S0503535,Apartment structures of three units and over,Three bedroom units,Dollars,81,units,0,v3824309,125.1.4,1288,,,,0
2008,"Toronto, Ontario",2011S0503535,Apartment structures of six units and over,Bachelor units,Dollars,81,units,0,v3824443,125.4.1,768,,,,0
2008,"Toronto, Ontario",2011S0503535,Apartment structures of six units and over,One bedroom units,Dollars,81,units,0,v3824631,125.4.2,928,,,,0
2008,"Toronto, Ontario",2011S0503535,Apartment structures of six units and over,Two bedroom units,Dollars,81,units,0,v3824819,125.4.3,1093,,,,0
2008,"Toronto, Ontario",2011S0503535,Apartment structures of six units and over,Three bedroom units,Dollars,81,units,0,v3825007,125.4.4,1278,,,,0
2009,"Brock, Ontario",2011A00053518039,Row and apartment structures of three units and over,Bachelor units,Dollars,81,units,0,v53843611,221.3.1,,F,,,0
2009,"Brock, Ontario",2011A00053518039,Row and apartment structures of three units and over,One bedroom units,Dollars,81,units,0,v53843651,221.3.2,647,,,,0
2009,"Brock, Ontario",2011A00053518039,Row and apartment structures of three units and over,Two bedroom units,Dollars,81,units,0,v53843691,221.3.3,760,,,,0
2009,"Brock, Ontario",2011A00053518039,Row and apartment structures of three units and over,Three bedroom units,Dollars,81,units,0,v53843731,221.3.4,850,,,,0
2009,"Brock, Ontario",2011A00053518039,Row structures of three units and over,Bachelor units,Dollars,81,units,0,v53843771,221.2.1,,F,,,0
2009,"Brock, Ontario",2011A00053518039,Row structures of three units and over,One bedroom units,Dollars,81,units,0,v53843811,221.2.2,,F,,,0
2009,"Brock, Ontario",2011A00053518039,Row structures of three units and over,Two bedroom units,Dollars,81,units,0,v53843851,221.2.3,,F,,,0
2009,"Brock, Ontario",2011A00053518039,Row structures of three units and over,Three bedroom units,Dollars,81,units,0,v53843891,221.2.4,,F,,,0
2009,"Brock, Ontario",2011A00053518039,Apartment structures of three units and over,Bachelor units,Dollars,81,units,0,v53843931,221.1.1,,F,,,0
2009,"Brock, Ontario",2011A00053518039,Apartment structures of three units and over,One bedroom units,Dollars,81,units,0,v53843971,221.1.2,647,,,,0
2009,"Brock, Ontario",2011A00053518039,Apartment structures of three units and over,Two bedroom units,Dollars,81,units,0,v53844011,221.1.3,760,,,,0
2009,"Brock, Ontario",2011A00053518039,Apartment structures of three units and over,Three bedroom units,Dollars,81,units,0,v53844051,221.1.4,850,,,,0
2009,"Brock, Ontario",2011A00053518039,Apartment structures of six units and over,Bachelor units,Dollars,81,units,0,v53844091,221.4.1,,F,,,0
2009,"Brock, Ontario",2011A00053518039,Apartment structures of six units and over,One bedroom units,Dollars,81,units,0,v53844131,221.4.2,725,,,,0
2009,"Brock, Ontario",2011A00053518039,Apartment structures of six units and over,Two bedroom units,Dollars,81,units,0,v53844171,221.4.3,803,,,,0
2009,"Brock, Ontario",2011A00053518039,Apartment structures of six units and over,Three bedroom units,Dollars,81,units,0,v53844211,221.4.4,,F,,,0
2009,"Hamilton, Ontario",2011S0503537,Row and apartment structures of three units and over,Bachelor units,Dollars,81,units,0,v3822818,85.3.1,517,,,,0
2009,"Hamilton, Ontario",2011S0503537,Row and apartment structures of three units and over,One bedroom units,Dollars,81,units,0,v3822952,85.3.2,679,,,,0
2009,"Hamilton, Ontario",2011S0503537,Row and apartment structures of three units and over,Two bedroom units,Dollars,81,units,0,v3823086,85.3.3,837,,,,0
2009,"Hamilton, Ontario",2011S0503537,Row and apartment structures of three units and over,Three bedroom units,Dollars,81,units,0,v3823220,85.3.4,1015,,,,0
2009,"Hamilton, Ontario",2011S0503537,Row structures of three units and over,Bachelor units,Dollars,81,units,0,v3823354,85.2.1,,F,,,0
2009,"Hamilton, Ontario",2011S0503537,Row structures of three units and over,One bedroom units,Dollars,81,units,0,v3823488,85.2.2,671,,,,0
2009,"Hamilton, Ontario",2011S0503537,Row structures of three units and over,Two bedroom units,Dollars,81,units,0,v3823622,85.2.3,934,,,,0
2009,"Hamilton, Ontario",2011S0503537,Row structures of three units and over,Three bedroom units,Dollars,81,units,0,v3823756,85.2.4,1008,,,,0
2009,"Hamilton, Ontario",2011S0503537,Apartment structures of three units and over,Bachelor units,Dollars,81,units,0,v3823890,85.1.1,517,,,,0
2009,"Hamilton, Ontario",2011S0503537,Apartment structures of three units and over,One bedroom units,Dollars,81,units,0,v3824024,85.1.2,679,,,,0
2009,"Hamilton, Ontario",2011S0503537,Apartment structures of three units and over,Two bedroom units,Dollars,81,units,0,v3824158,85.1.3,831,,,,0
2009,"Hamilton, Ontario",2011S0503537,Apartment structures of three units and over,Three bedroom units,Dollars,81,units,0,v3824292,85.1.4,1022,,,,0
2009,"Hamilton, Ontario",2011S0503537,Apartment structures of six units and over,Bachelor units,Dollars,81,units,0,v3824426,85.4.1,522,,,,0
2009,"Hamilton, Ontario",2011S0503537,Apartment structures of six units and over,One bedroom units,Dollars,81,units,0,v3824614,85.4.2,684,,,,0
2009,"Hamilton, Ontario",2011S0503537,Apartment structures of six units and over,Two bedroom units,Dollars,81,units,0,v3824802,85.4.3,833,,,,0
2009,"Hamilton, Ontario",2011S0503537,Apartment structures of six units and over,Three bedroom units,Dollars,81,units,0,v3824990,85.4.4,1034,,,,0
2009,"Oshawa, Ontario",2011S0503532,Row and apartment structures of three units and over,Bachelor units,Dollars,81,units,0,v3822823,104.3.1,637,,,,0
2009,"Oshawa, Ontario",2011S0503532,Row and apartment structures of three units and over,One bedroom units,Dollars,81,units,0,v3822957,104.3.2,782,,,,0
2009,"Oshawa, Ontario",2011S0503532,Row and apartment structures of three units and over,Two bedroom units,Dollars,81,units,0,v3823091,104.3.3,900,,,,0
2009,"Oshawa, Ontario",2011S0503532,Row and apartment structures of three units and over,Three bedroom units,Dollars,81,units,0,v3823225,104.3.4,1064,,,,0
2009,"Oshawa, Ontario",2011S0503532,Row structures of three units and over,Bachelor units,Dollars,81,units,0,v3823359,104.2.1,,F,,,0
2009,"Oshawa, Ontario",2011S0503532,Row structures of three units and over,One bedroom units,Dollars,81,units,0,v3823493,104.2.2,,F,,,0
2009,"Oshawa, Ontario",2011S0503532,Row structures of three units and over,Two bedroom units,Dollars,81,units,0,v3823627,104.2.3,955,,,,0
2009,"Oshawa, Ontario",2011S0503532,Row structures of three units and over,Three bedroom units,Dollars,81,units,0,v3823761,104.2.4,1090,,,,0
2009,"Oshawa, Ontario",2011S0503532,Apartment structures of three units and over,Bachelor units,Dollars,81,units,0,v3823895,104.1.1,637,,,,0
2009,"Oshawa, Ontario",2011S0503532,Apartment structures of three units and over,One bedroom units,Dollars,81,units,0,v3824029,104.1.2,785,,,,0
2009,"Oshawa, Ontario",2011S0503532,Apartment structures of three units and over,Two bedroom units,Dollars,81,units,0,v3824163,104.1.3,900,,,,0
2009,"Oshawa, Ontario",2011S0503532,Apartment structures of three units and over,Three bedroom units,Dollars,81,units,0,v3824297,104.1.4,1035,,,,0
2009,"Oshawa, Ontario",2011S0503532,Apartment structures of six units and over,Bachelor units,Dollars,81,units,0,v3824431,104.4.1,649,,,,0
2009,"Oshawa, Ontario",2011S0503532,Apartment structures of six units and over,One bedroom units,Dollars,81,units,0,v3824619,104.4.2,792,,,,0
2009,"Oshawa, Ontario",2011S0503532,Apartment structures of six units and over,Two bedroom units,Dollars,81,units,0,v3824807,104.4.3,905,,,,0
2009,"Oshawa, Ontario",2011S0503532,Apartment structures of six units and over,Three bedroom units,Dollars,81,units,0,v3824995,104.4.4,1045,,,,0
2009,"Scugog, Ontario",2011A00053518020,Row and apartment structures of three units and over,Bachelor units,Dollars,81,units,0,v53843634,228.3.1,,F,,,0
2009,"Scugog, Ontario",2011A00053518020,Row and apartment structures of three units and over,One bedroom units,Dollars,81,units,0,v53843674,228.3.2,755,,,,0
2009,"Scugog, Ontario",2011A00053518020,Row and apartment structures of three units and over,Two bedroom units,Dollars,81,units,0,v53843714,228.3.3,906,,,,0
2009,"Scugog, Ontario",2011A00053518020,Row and apartment structures of three units and over,Three bedroom units,Dollars,81,units,0,v53843754,228.3.4,,F,,,0
2009,"Scugog, Ontario",2011A00053518020,Row structures of three units and over,Bachelor units,Dollars,81,units,0,v53843794,228.2.1,,F,,,0
2009,"Scugog, Ontario",2011A00053518020,Row structures of three units and over,One bedroom units,Dollars,81,units,0,v53843834,228.2.2,,F,,,0
2009,"Scugog, Ontario",2011A00053518020,Row structures of three units and over,Two bedroom units,Dollars,81,units,0,v53843874,228.2.3,,F,,,0
2009,"Scugog, Ontario",2011A00053518020,Row structures of three units and over,Three bedroom units,Dollars,81,units,0,v53843914,228.2.4,,F,,,0
2009,"Scugog, Ontario",2011A00053518020,Apartment structures of three units and over,Bachelor units,Dollars,81,units,0,v53843954,228.1.1,,F,,,0
2009,"Scugog, Ontario",2011A00053518020,Apartment structures of three units and over,One bedroom units,Dollars,81,units,0,v53843994,228.1.2,755,,,,0
2009,"Scugog, Ontario",2011A00053518020,Apartment structures of three units and over,Two bedroom units,Dollars,81,units,0,v53844034,228.1.3,906,,,,0
2009,"Scugog, Ontario",2011A00053518020,Apartment structures of three units and over,Three bedroom units,Dollars,81,units,0,v53844074,228.1.4,,F,,,0
2009,"Scugog, Ontario",2011A00053518020,Apartment structures of six units and over,Bachelor units,Dollars,81,units,0,v53844114,228.4.1,,F,,,0
2009,"Scugog, Ontario",2011A00053518020,Apartment structures of six units and over,One bedroom units,Dollars,81,units,0,v53844154,228.4.2,768,,,,0
2009,"Scugog, Ontario",2011A00053518020,Apartment structures of six units and over,Two bedroom units,Dollars,81,units,0,v53844194,228.4.3,985,,,,0
2009,"Scugog, Ontario",2011A00053518020,Apartment structures of six units and over,Three bedroom units,Dollars,81,units,0,v53844234,228.4.4,,F,,,0
2009,"Toronto, Ontario",2011S0503535,Row and apartment structures of three units and over,Bachelor units,Dollars,81,units,0,v3822835,125.3.1,758,,,,0
2009,"Toronto, Ontario",2011S0503535,Row and apartment structures of three units and over,One bedroom units,Dollars,81,units,0,v3822969,125.3.2,926,,,,0
2009,"Toronto, Ontario",2011S0503535,Row and apartment structures of three units and over,Two bedroom units,Dollars,81,units,0,v3823103,125.3.3,1096,,,,0
2009,"Toronto, Ontario",2011S0503535,Row and apartment structures of three units and over,Three bedroom units,Dollars,81,units,0,v3823237,125.3.4,1299,,,,0
2009,"Toronto, Ontario",2011S0503535,Row structures of three units and over,Bachelor units,Dollars,81,units,0,v3823371,125.2.1,,F,,,0
2009,"Toronto, Ontario",2011S0503535,Row structures of three units and over,One bedroom units,Dollars,81,units,0,v3823505,125.2.2,925,,,,0
2009,"Toronto, Ontario",2011S0503535,Row structures of three units and over,Two bedroom units,Dollars,81,units,0,v3823639,125.2.3,1096,,,,0
2009,"Toronto, Ontario",2011S0503535,Row structures of three units and over,Three bedroom units,Dollars,81,units,0,v3823773,125.2.4,1334,,,,0
2009,"Toronto, Ontario",2011S0503535,Apartment structures of three units and over,Bachelor units,Dollars,81,units,0,v3823907,125.1.1,758,,,,0
2009,"Toronto, Ontario",2011S0503535,Apartment structures of three units and over,One bedroom units,Dollars,81,units,0,v3824041,125.1.2,926,,,,0
2009,"Toronto, Ontario",2011S0503535,Apartment structures of three units and over,Two bedroom units,Dollars,81,units,0,v3824175,125.1.3,1096,,,,0
2009,"Toronto, Ontario",2011S0503535,Apartment structures of three units and over,Three bedroom units,Dollars,81,units,0,v3824309,125.1.4,1290,,,,0
2009,"Toronto, Ontario",2011S0503535,Apartment structures of six units and over,Bachelor units,Dollars,81,units,0,v3824443,125.4.1,761,,,,0
2009,"Toronto, Ontario",2011S0503535,Apartment structures of six units and over,One bedroom units,Dollars,81,units,0,v3824631,125.4.2,928,,,,0
2009,"Toronto, Ontario",2011S0503535,Apartment structures of six units and over,Two bedroom units,Dollars,81,units,0,v3824819,125.4.3,1089,,,,0
2009,"Toronto, Ontario",2011S0503535,Apartment structures of six units and over,Three bedroom units,Dollars,81,units,0,v3825007,125.4.4,1287,,,,0
2010,"Brock, Ontario",2011A00053518039,Row and apartment structures of three units and over,Bachelor units,Dollars,81,units,0,v53843611,221.3.1,,F,,,0
2010,"Brock, Ontario",2011A00053518039,Row and apartment structures of three units and over,One bedroom units,Dollars,81,units,0,v53843651,221.3.2,618,,,,0
2010,"Brock, Ontario",2011A00053518039,Row and apartment structures of three units and over,Two bedroom units,Dollars,81,units,0,v53843691,221.3.3,780,,,,0
2010,"Brock, Ontario",2011A00053518039,Row and apartment structures of three units and over,Three bedroom units,Dollars,81,units,0,v53843731,221.3.4,,F,,,0
2010,"Brock, Ontario",2011A00053518039,Row structures of three units and over,Bachelor units,Dollars,81,units,0,v53843771,221.2.1,,F,,,0
2010,"Brock, Ontario",2011A00053518039,Row structures of three units and over,One bedroom units,Dollars,81,units,0,v53843811,221.2.2,,F,,,0
2010,"Brock, Ontario",2011A00053518039,Row structures of three units and over,Two bedroom units,Dollars,81,units,0,v53843851,221.2.3,,F,,,0
2010,"Brock, Ontario",2011A00053518039,Row structures of three units and over,Three bedroom units,Dollars,81,units,0,v53843891,221.2.4,,F,,,0
2010,"Brock, Ontario",2011A00053518039,Apartment structures of three units and over,Bachelor units,Dollars,81,units,0,v53843931,221.1.1,,F,,,0
2010,"Brock, Ontario",2011A00053518039,Apartment structures of three units and over,One bedroom units,Dollars,81,units,0,v53843971,221.1.2,618,,,,0
2010,"Brock, Ontario",2011A00053518039,Apartment structures of three units and over,Two bedroom units,Dollars,81,units,0,v53844011,221.1.3,780,,,,0
2010,"Brock, Ontario",2011A00053518039,Apartment structures of three units and over,Three bedroom units,Dollars,81,units,0,v53844051,221.1.4,,F,,,0
2010,"Brock, Ontario",2011A00053518039,Apartment structures of six units and over,Bachelor units,Dollars,81,units,0,v53844091,221.4.1,,F,,,0
2010,"Brock, Ontario",2011A00053518039,Apartment structures of six units and over,One bedroom units,Dollars,81,units,0,v53844131,221.4.2,702,,,,0
2010,"Brock, Ontario",2011A00053518039,Apartment structures of six units and over,Two bedroom units,Dollars,81,units,0,v53844171,221.4.3,785,,,,0
2010,"Brock, Ontario",2011A00053518039,Apartment structures of six units and over,Three bedroom units,Dollars,81,units,0,v53844211,221.4.4,,F,,,0
2010,"Hamilton, Ontario",2011S0503537,Row and apartment structures of three units and over,Bachelor units,Dollars,81,units,0,v3822818,85.3.1,530,,,,0
2010,"Hamilton, Ontario",2011S0503537,Row and apartment structures of three units and over,One bedroom units,Dollars,81,units,0,v3822952,85.3.2,705,,,,0
2010,"Hamilton, Ontario",2011S0503537,Row and apartment structures of three units and over,Two bedroom units,Dollars,81,units,0,v3823086,85.3.3,871,,,,0
2010,"Hamilton, Ontario",2011S0503537,Row and apartment structures of three units and over,Three bedroom units,Dollars,81,units,0,v3823220,85.3.4,1067,,,,0
2010,"Hamilton, Ontario",2011S0503537,Row structures of three units and over,Bachelor units,Dollars,81,units,0,v3823354,85.2.1,,F,,,0
2010,"Hamilton, Ontario",2011S0503537,Row structures of three units and over,One bedroom units,Dollars,81,units,0,v3823488,85.2.2,676,,,,0
2010,"Hamilton, Ontario",2011S0503537,Row structures of three units and over,Two bedroom units,Dollars,81,units,0,v3823622,85.2.3,1028,,,,0
2010,"Hamilton, Ontario",2011S0503537,Row structures of three units and over,Three bedroom units,Dollars,81,units,0,v3823756,85.2.4,1036,,,,0
2010,"Hamilton, Ontario",2011S0503537,Apartment structures of three units and over,Bachelor units,Dollars,81,units,0,v3823890,85.1.1,529,,,,0
2010,"Hamilton, Ontario",2011S0503537,Apartment structures of three units and over,One bedroom units,Dollars,81,units,0,v3824024,85.1.2,705,,,,0
2010,"Hamilton, Ontario",2011S0503537,Apartment structures of three units and over,Two bedroom units,Dollars,81,units,0,v3824158,85.1.3,862,,,,0
2010,"Hamilton, Ontario",2011S0503537,Apartment structures of three units and over,Three bedroom units,Dollars,81,units,0,v3824292,85.1.4,1095,,,,0
2010,"Hamilton, Ontario",2011S0503537,Apartment structures of six units and over,Bachelor units,Dollars,81,units,0,v3824426,85.4.1,539,,,,0
2010,"Hamilton, Ontario",2011S0503537,Apartment structures of six units and over,One bedroom units,Dollars,81,units,0,v3824614,85.4.2,710,,,,0
2010,"Hamilton, Ontario",2011S0503537,Apartment structures of six units and over,Two bedroom units,Dollars,81,units,0,v3824802,85.4.3,865,,,,0
2010,"Hamilton, Ontario",2011S0503537,Apartment structures of six units and over,Three bedroom units,Dollars,81,units,0,v3824990,85.4.4,1102,,,,0
2010,"Oshawa, Ontario",2011S0503532,Row and apartment structures of three units and over,Bachelor units,Dollars,81,units,0,v3822823,104.3.1,659,,,,0
2010,"Oshawa, Ontario",2011S0503532,Row and apartment structures of three units and over,One bedroom units,Dollars,81,units,0,v3822957,104.3.2,805,,,,0
2010,"Oshawa, Ontario",2011S0503532,Row and apartment structures of three units and over,Two bedroom units,Dollars,81,units,0,v3823091,104.3.3,904,,,,0
2010,"Oshawa, Ontario",2011S0503532,Row and apartment structures of three units and over,Three bedroom units,Dollars,81,units,0,v3823225,104.3.4,1074,,,,0
2010,"Oshawa, Ontario",2011S0503532,Row structures of three units and over,Bachelor units,Dollars,81,units,0,v3823359,104.2.1,,F,,,0
2010,"Oshawa, Ontario",2011S0503532,Row structures of three units and over,One bedroom units,Dollars,81,units,0,v3823493,104.2.2,,F,,,0
2010,"Oshawa, Ontario",2011S0503532,Row structures of three units and over,Two bedroom units,Dollars,81,units,0,v3823627,104.2.3,1003,,,,0
2010,"Oshawa, Ontario",2011S0503532,Row structures of three units and over,Three bedroom units,Dollars,81,units,0,v3823761,104.2.4,1117,,,,0
2010,"Oshawa, Ontario",2011S0503532,Apartment structures of three units and over,Bachelor units,Dollars,81,units,0,v3823895,104.1.1,659,,,,0
2010,"Oshawa, Ontario",2011S0503532,Apartment structures of three units and over,One bedroom units,Dollars,81,units,0,v3824029,104.1.2,804,,,,0
2010,"Oshawa, Ontario",2011S0503532,Apartment structures of three units and over,Two bedroom units,Dollars,81,units,0,v3824163,104.1.3,903,,,,0
2010,"Oshawa, Ontario",2011S0503532,Apartment structures of three units and over,Three bedroom units,Dollars,81,units,0,v3824297,104.1.4,1032,,,,0
2010,"Oshawa, Ontario",2011S0503532,Apartment structures of six units and over,Bachelor units,Dollars,81,units,0,v3824431,104.4.1,664,,,,0
2010,"Oshawa, Ontario",2011S0503532,Apartment structures of six units and over,One bedroom units,Dollars,81,units,0,v3824619,104.4.2,808,,,,0
2010,"Oshawa, Ontario",2011S0503532,Apartment structures of six units and over,Two bedroom units,Dollars,81,units,0,v3824807,104.4.3,907,,,,0
2010,"Oshawa, Ontario",2011S0503532,Apartment structures of six units and over,Three bedroom units,Dollars,81,units,0,v3824995,104.4.4,1037,,,,0
2010,"Scugog, Ontario",2011A00053518020,Row and apartment structures of three units and over,Bachelor units,Dollars,81,units,0,v53843634,228.3.1,,F,,,0
2010,"Scugog, Ontario",2011A00053518020,Row and apartment structures of three units and over,One bedroom units,Dollars,81,units,0,v53843674,228.3.2,779,,,,0
2010,"Scugog, Ontario",2011A00053518020,Row and apartment structures of three units and over,Two bedroom units,Dollars,81,units,0,v53843714,228.3.3,921,,,,0
2010,"Scugog, Ontario",2011A00053518020,Row and apartment structures of three units and over,Three bedroom units,Dollars,81,units,0,v53843754,228.3.4,,F,,,0
2010,"Scugog, Ontario",2011A00053518020,Row structures of three units and over,Bachelor units,Dollars,81,units,0,v53843794,228.2.1,,F,,,0
2010,"Scugog, Ontario",2011A00053518020,Row structures of three units and over,One bedroom units,Dollars,81,units,0,v53843834,228.2.2,,F,,,0
2010,"Scugog, Ontario",2011A00053518020,Row structures of three units and over,Two bedroom units,Dollars,81,units,0,v53843874,228.2.3,,F,,,0
2010,"Scugog, Ontario",2011A00053518020,Row structures of three units and over,Three bedroom units,Dollars,81,units,0,v53843914,228.2.4,,F,,,0
2010,"Scugog, Ontario",2011A00053518020,Apartment structures of three units and over,Bachelor units,Dollars,81,units,0,v53843954,228.1.1,,F,,,0
2010,"Scugog, Ontario",2011A00053518020,Apartment structures of three units and over,One bedroom units,Dollars,81,units,0,v53843994,228.1.2,779,,,,0
2010,"Scugog, Ontario",2011A00053518020,Apartment structures of three units and over,Two bedroom units,Dollars,81,units,0,v53844034,228.1.3,921,,,,0
2010,"Scugog, Ontario",2011A00053518020,Apartment structures of three units and over,Three bedroom units,Dollars,81,units,0,v53844074,228.1.4,,F,,,0
2010,"Scugog, Ontario",2011A00053518020,Apartment structures of six units and over,Bachelor units,Dollars,81,units,0,v53844114,228.4.1,,F,,,0
2010,"Scugog, Ontario",2011A00053518020,Apartment structures of six units and over,One bedroom units,Dollars,81,units,0,v53844154,228.4.2,773,,,,0
2010,"Scugog, Ontario",2011A00053518020,Apartment structures of six units and over,Two bedroom units,Dollars,81,units,0,v53844194,228.4.3,973,,,,0
2010,"Scugog, Ontario",2011A00053518020,Apartment structures of six units and over,Three bedroom units,Dollars,81,units,0,v53844234,228.4.4,,F,,,0
2010,"Toronto, Ontario",2011S0503535,Row and apartment structures of three units and over,Bachelor units,Dollars,81,units,0,v3822835,125.3.1,777,,,,0
2010,"Toronto, Ontario",2011S0503535,Row and apartment structures of three units and over,One bedroom units,Dollars,81,units,0,v3822969,125.3.2,949,,,,0
2010,"Toronto, Ontario",2011S0503535,Row and apartment structures of three units and over,Two bedroom units,Dollars,81,units,0,v3823103,125.3.3,1123,,,,0
2010,"Toronto, Ontario",2011S0503535,Row and apartment structures of three units and over,Three bedroom units,Dollars,81,units,0,v3823237,125.3.4,1329,,,,0
2010,"Toronto, Ontario",2011S0503535,Row structures of three units and over,Bachelor units,Dollars,81,units,0,v3823371,125.2.1,,F,,,0
2010,"Toronto, Ontario",2011S0503535,Row structures of three units and over,One bedroom units,Dollars,81,units,0,v3823505,125.2.2,935,,,,0
2010,"Toronto, Ontario",2011S0503535,Row structures of three units and over,Two bedroom units,Dollars,81,units,0,v3823639,125.2.3,1124,,,,0
2010,"Toronto, Ontario",2011S0503535,Row structures of three units and over,Three bedroom units,Dollars,81,units,0,v3823773,125.2.4,1356,,,,0
2010,"Toronto, Ontario",2011S0503535,Apartment structures of three units and over,Bachelor units,Dollars,81,units,0,v3823907,125.1.1,777,,,,0
2010,"Toronto, Ontario",2011S0503535,Apartment structures of three units and over,One bedroom units,Dollars,81,units,0,v3824041,125.1.2,949,,,,0
2010,"Toronto, Ontario",2011S0503535,Apartment structures of three units and over,Two bedroom units,Dollars,81,units,0,v3824175,125.1.3,1123,,,,0
2010,"Toronto, Ontario",2011S0503535,Apartment structures of three units and over,Three bedroom units,Dollars,81,units,0,v3824309,125.1.4,1322,,,,0
2010,"Toronto, Ontario",2011S0503535,Apartment structures of six units and over,Bachelor units,Dollars,81,units,0,v3824443,125.4.1,778,,,,0
2010,"Toronto, Ontario",2011S0503535,Apartment structures of six units and over,One bedroom units,Dollars,81,units,0,v3824631,125.4.2,952,,,,0
2010,"Toronto, Ontario",2011S0503535,Apartment structures of six units and over,Two bedroom units,Dollars,81,units,0,v3824819,125.4.3,1118,,,,0
2010,"Toronto, Ontario",2011S0503535,Apartment structures of six units and over,Three bedroom units,Dollars,81,units,0,v3825007,125.4.4,1318,,,,0
2011,"Brock, Ontario",2011A00053518039,Row and apartment structures of three units and over,Bachelor units,Dollars,81,units,0,v53843611,221.3.1,,F,,,0
2011,"Brock, Ontario",2011A00053518039,Row and apartment structures of three units and over,One bedroom units,Dollars,81,units,0,v53843651,221.3.2,644,,,,0
2011,"Brock, Ontario",2011A00053518039,Row and apartment structures of three units and over,Two bedroom units,Dollars,81,units,0,v53843691,221.3.3,777,,,,0
2011,"Brock, Ontario",2011A00053518039,Row and apartment structures of three units and over,Three bedroom units,Dollars,81,units,0,v53843731,221.3.4,,F,,,0
2011,"Brock, Ontario",2011A00053518039,Row structures of three units and over,Bachelor units,Dollars,81,units,0,v53843771,221.2.1,,F,,,0
2011,"Brock, Ontario",2011A00053518039,Row structures of three units and over,One bedroom units,Dollars,81,units,0,v53843811,221.2.2,,F,,,0
2011,"Brock, Ontario",2011A00053518039,Row structures of three units and over,Two bedroom units,Dollars,81,units,0,v53843851,221.2.3,,F,,,0
2011,"Brock, Ontario",2011A00053518039,Row structures of three units and over,Three bedroom units,Dollars,81,units,0,v53843891,221.2.4,,F,,,0
2011,"Brock, Ontario",2011A00053518039,Apartment structures of three units and over,Bachelor units,Dollars,81,units,0,v53843931,221.1.1,,F,,,0
2011,"Brock, Ontario",2011A00053518039,Apartment structures of three units and over,One bedroom units,Dollars,81,units,0,v53843971,221.1.2,644,,,,0
2011,"Brock, Ontario",2011A00053518039,Apartment structures of three units and over,Two bedroom units,Dollars,81,units,0,v53844011,221.1.3,777,,,,0
2011,"Brock, Ontario",2011A00053518039,Apartment structures of three units and over,Three bedroom units,Dollars,81,units,0,v53844051,221.1.4,,F,,,0
2011,"Brock, Ontario",2011A00053518039,Apartment structures of six units and over,Bachelor units,Dollars,81,units,0,v53844091,221.4.1,,F,,,0
2011,"Brock, Ontario",2011A00053518039,Apartment structures of six units and over,One bedroom units,Dollars,81,units,0,v53844131,221.4.2,700,,,,0
2011,"Brock, Ontario",2011A00053518039,Apartment structures of six units and over,Two bedroom units,Dollars,81,units,0,v53844171,221.4.3,786,,,,0
2011,"Brock, Ontario",2011A00053518039,Apartment structures of six units and over,Three bedroom units,Dollars,81,units,0,v53844211,221.4.4,,F,,,0
2011,"Hamilton, Ontario",2011S0503537,Row and apartment structures of three units and over,Bachelor units,Dollars,81,units,0,v3822818,85.3.1,550,,,,0
2011,"Hamilton, Ontario",2011S0503537,Row and apartment structures of three units and over,One bedroom units,Dollars,81,units,0,v3822952,85.3.2,722,,,,0
2011,"Hamilton, Ontario",2011S0503537,Row and apartment structures of three units and over,Two bedroom units,Dollars,81,units,0,v3823086,85.3.3,890,,,,0
2011,"Hamilton, Ontario",2011S0503537,Row and apartment structures of three units and over,Three bedroom units,Dollars,81,units,0,v3823220,85.3.4,1103,,,,0
2011,"Hamilton, Ontario",2011S0503537,Row structures of three units and over,Bachelor units,Dollars,81,units,0,v3823354,85.2.1,,F,,,0
2011,"Hamilton, Ontario",2011S0503537,Row structures of three units and over,One bedroom units,Dollars,81,units,0,v3823488,85.2.2,780,,,,0
2011,"Hamilton, Ontario",2011S0503537,Row structures of three units and over,Two bedroom units,Dollars,81,units,0,v3823622,85.2.3,977,,,,0
2011,"Hamilton, Ontario",2011S0503537,Row structures of three units and over,Three bedroom units,Dollars,81,units,0,v3823756,85.2.4,1066,,,,0
2011,"Hamilton, Ontario",2011S0503537,Apartment structures of three units and over,Bachelor units,Dollars,81,units,0,v3823890,85.1.1,549,,,,0
2011,"Hamilton, Ontario",2011S0503537,Apartment structures of three units and over,One bedroom units,Dollars,81,units,0,v3824024,85.1.2,722,,,,0
2011,"Hamilton, Ontario",2011S0503537,Apartment structures of three units and over,Two bedroom units,Dollars,81,units,0,v3824158,85.1.3,884,,,,0
2011,"Hamilton, Ontario",2011S0503537,Apartment structures of three units and over,Three bedroom units,Dollars,81,units,0,v3824292,85.1.4,1133,,,,0
2011,"Hamilton, Ontario",2011S0503537,Apartment structures of six units and over,Bachelor units,Dollars,81,units,0,v3824426,85.4.1,563,,,,0
2011,"Hamilton, Ontario",2011S0503537,Apartment structures of six units and over,One bedroom units,Dollars,81,units,0,v3824614,85.4.2,729,,,,0
2011,"Hamilton, Ontario",2011S0503537,Apartment structures of six units and over,Two bedroom units,Dollars,81,units,0,v3824802,85.4.3,887,,,,0
2011,"Hamilton, Ontario",2011S0503537,Apartment structures of six units and over,Three bedroom units,Dollars,81,units,0,v3824990,85.4.4,1144,,,,0
2011,"Oshawa, Ontario",2011S0503532,Row and apartment structures of three units and over,Bachelor units,Dollars,81,units,0,v3822823,104.3.1,669,,,,0
2011,"Oshawa, Ontario",2011S0503532,Row and apartment structures of three units and over,One bedroom units,Dollars,81,units,0,v3822957,104.3.2,819,,,,0
2011,"Oshawa, Ontario",2011S0503532,Row and apartment structures of three units and over,Two bedroom units,Dollars,81,units,0,v3823091,104.3.3,941,,,,0
2011,"Oshawa, Ontario",2011S0503532,Row and apartment structures of three units and over,Three bedroom units,Dollars,81,units,0,v3823225,104.3.4,1103,,,,0
2011,"Oshawa, Ontario",2011S0503532,Row structures of three units and over,Bachelor units,Dollars,81,units,0,v3823359,104.2.1,,F,,,0
2011,"Oshawa, Ontario",2011S0503532,Row structures of three units and over,One bedroom units,Dollars,81,units,0,v3823493,104.2.2,,F,,,0
2011,"Oshawa, Ontario",2011S0503532,Row structures of three units and over,Two bedroom units,Dollars,81,units,0,v3823627,104.2.3,1036,,,,0
2011,"Oshawa, Ontario",2011S0503532,Row structures of three units and over,Three bedroom units,Dollars,81,units,0,v3823761,104.2.4,1131,,,,0
2011,"Oshawa, Ontario",2011S0503532,Apartment structures of three units and over,Bachelor units,Dollars,81,units,0,v3823895,104.1.1,669,,,,0
2011,"Oshawa, Ontario",2011S0503532,Apartment structures of three units and over,One bedroom units,Dollars,81,units,0,v3824029,104.1.2,819,,,,0
2011,"Oshawa, Ontario",2011S0503532,Apartment structures of three units and over,Two bedroom units,Dollars,81,units,0,v3824163,104.1.3,941,,,,0
2011,"Oshawa, Ontario",2011S0503532,Apartment structures of three units and over,Three bedroom units,Dollars,81,units,0,v3824297,104.1.4,1075,,,,0
2011,"Oshawa, Ontario",2011S0503532,Apartment structures of six units and over,Bachelor units,Dollars,81,units,0,v3824431,104.4.1,676,,,,0
2011,"Oshawa, Ontario",2011S0503532,Apartment structures of six units and over,One bedroom units,Dollars,81,units,0,v3824619,104.4.2,825,,,,0
2011,"Oshawa, Ontario",2011S0503532,Apartment structures of six units and over,Two bedroom units,Dollars,81,units,0,v3824807,104.4.3,947,,,,0
2011,"Oshawa, Ontario",2011S0503532,Apartment structures of six units and over,Three bedroom units,Dollars,81,units,0,v3824995,104.4.4,1084,,,,0
2011,"Scugog, Ontario",2011A00053518020,Row and apartment structures of three units and over,Bachelor units,Dollars,81,units,0,v53843634,228.3.1,,F,,,0
2011,"Scugog, Ontario",2011A00053518020,Row and apartment structures of three units and over,One bedroom units,Dollars,81,units,0,v53843674,228.3.2,750,,,,0
2011,"Scugog, Ontario",2011A00053518020,Row and apartment structures of three units and over,Two bedroom units,Dollars,81,units,0,v53843714,228.3.3,882,,,,0
2011,"Scugog, Ontario",2011A00053518020,Row and apartment structures of three units and over,Three bedroom units,Dollars,81,units,0,v53843754,228.3.4,,F,,,0
2011,"Scugog, Ontario",2011A00053518020,Row structures of three units and over,Bachelor units,Dollars,81,units,0,v53843794,228.2.1,,F,,,0
2011,"Scugog, Ontario",2011A00053518020,Row structures of three units and over,One bedroom units,Dollars,81,units,0,v53843834,228.2.2,,F,,,0
2011,"Scugog, Ontario",2011A00053518020,Row structures of three units and over,Two bedroom units,Dollars,81,units,0,v53843874,228.2.3,,F,,,0
2011,"Scugog, Ontario",2011A00053518020,Row structures of three units and over,Three bedroom units,Dollars,81,units,0,v53843914,228.2.4,,F,,,0
2011,"Scugog, Ontario",2011A00053518020,Apartment structures of three units and over,Bachelor units,Dollars,81,units,0,v53843954,228.1.1,,F,,,0
2011,"Scugog, Ontario",2011A00053518020,Apartment structures of three units and over,One bedroom units,Dollars,81,units,0,v53843994,228.1.2,750,,,,0
2011,"Scugog, Ontario",2011A00053518020,Apartment structures of three units and over,Two bedroom units,Dollars,81,units,0,v53844034,228.1.3,882,,,,0
2011,"Scugog, Ontario",2011A00053518020,Apartment structures of three units and over,Three bedroom units,Dollars,81,units,0,v53844074,228.1.4,,F,,,0
2011,"Scugog, Ontario",2011A00053518020,Apartment structures of six units and over,Bachelor units,Dollars,81,units,0,v53844114,228.4.1,,F,,,0
2011,"Scugog, Ontario",2011A00053518020,Apartment structures of six units and over,One bedroom units,Dollars,81,units,0,v53844154,228.4.2,,F,,,0
2011,"Scugog, Ontario",2011A00053518020,Apartment structures of six units and over,Two bedroom units,Dollars,81,units,0,v53844194,228.4.3,,F,,,0
2011,"Scugog, Ontario",2011A00053518020,Apartment structures of six units and over,Three bedroom units,Dollars,81,units,0,v53844234,228.4.4,,F,,,0
2011,"Toronto, Ontario",2011S0503535,Row and apartment structures of three units and over,Bachelor units,Dollars,81,units,0,v3822835,125.3.1,819,,,,0
2011,"Toronto, Ontario",2011S0503535,Row and apartment structures of three units and over,One bedroom units,Dollars,81,units,0,v3822969,125.3.2,977,,,,0
2011,"Toronto, Ontario",2011S0503535,Row and apartment structures of three units and over,Two bedroom units,Dollars,81,units,0,v3823103,125.3.3,1148,,,,0
2011,"Toronto, Ontario",2011S0503535,Row and apartment structures of three units and over,Three bedroom units,Dollars,81,units,0,v3823237,125.3.4,1356,,,,0
2011,"Toronto, Ontario",2011S0503535,Row structures of three units and over,Bachelor units,Dollars,81,units,0,v3823371,125.2.1,,F,,,0
2011,"Toronto, Ontario",2011S0503535,Row structures of three units and over,One bedroom units,Dollars,81,units,0,v3823505,125.2.2,984,,,,0
2011,"Toronto, Ontario",2011S0503535,Row structures of three units and over,Two bedroom units,Dollars,81,units,0,v3823639,125.2.3,1103,,,,0
2011,"Toronto, Ontario",2011S0503535,Row structures of three units and over,Three bedroom units,Dollars,81,units,0,v3823773,125.2.4,1386,,,,0
2011,"Toronto, Ontario",2011S0503535,Apartment structures of three units and over,Bachelor units,Dollars,81,units,0,v3823907,125.1.1,819,,,,0
2011,"Toronto, Ontario",2011S0503535,Apartment structures of three units and over,One bedroom units,Dollars,81,units,0,v3824041,125.1.2,977,,,,0
2011,"Toronto, Ontario",2011S0503535,Apartment structures of three units and over,Two bedroom units,Dollars,81,units,0,v3824175,125.1.3,1149,,,,0
2011,"Toronto, Ontario",2011S0503535,Apartment structures of three units and over,Three bedroom units,Dollars,81,units,0,v3824309,125.1.4,1349,,,,0
2011,"Toronto, Ontario",2011S0503535,Apartment structures of six units and over,Bachelor units,Dollars,81,units,0,v3824443,125.4.1,822,,,,0
2011,"Toronto, Ontario",2011S0503535,Apartment structures of six units and over,One bedroom units,Dollars,81,units,0,v3824631,125.4.2,979,,,,0
2011,"Toronto, Ontario",2011S0503535,Apartment structures of six units and over,Two bedroom units,Dollars,81,units,0,v3824819,125.4.3,1148,,,,0
2011,"Toronto, Ontario",2011S0503535,Apartment structures of six units and over,Three bedroom units,Dollars,81,units,0,v3825007,125.4.4,1349,,,,0
2012,"Brock, Ontario",2011A00053518039,Row and apartment structures of three units and over,Bachelor units,Dollars,81,units,0,v53843611,221.3.1,,F,,,0
2012,"Brock, Ontario",2011A00053518039,Row and apartment structures of three units and over,One bedroom units,Dollars,81,units,0,v53843651,221.3.2,677,,,,0
2012,"Brock, Ontario",2011A00053518039,Row and apartment structures of three units and over,Two bedroom units,Dollars,81,units,0,v53843691,221.3.3,747,,,,0
2012,"Brock, Ontario",2011A00053518039,Row and apartment structures of three units and over,Three bedroom units,Dollars,81,units,0,v53843731,221.3.4,,F,,,0
2012,"Brock, Ontario",2011A00053518039,Row structures of three units and over,Bachelor units,Dollars,81,units,0,v53843771,221.2.1,,F,,,0
2012,"Brock, Ontario",2011A00053518039,Row structures of three units and over,One bedroom units,Dollars,81,units,0,v53843811,221.2.2,,F,,,0
2012,"Brock, Ontario",2011A00053518039,Row structures of three units and over,Two bedroom units,Dollars,81,units,0,v53843851,221.2.3,,F,,,0
2012,"Brock, Ontario",2011A00053518039,Row structures of three units and over,Three bedroom units,Dollars,81,units,0,v53843891,221.2.4,,F,,,0
2012,"Brock, Ontario",2011A00053518039,Apartment structures of three units and over,Bachelor units,Dollars,81,units,0,v53843931,221.1.1,,F,,,0
2012,"Brock, Ontario",2011A00053518039,Apartment structures of three units and over,One bedroom units,Dollars,81,units,0,v53843971,221.1.2,677,,,,0
2012,"Brock, Ontario",2011A00053518039,Apartment structures of three units and over,Two bedroom units,Dollars,81,units,0,v53844011,221.1.3,747,,,,0
2012,"Brock, Ontario",2011A00053518039,Apartment structures of three units and over,Three bedroom units,Dollars,81,units,0,v53844051,221.1.4,,F,,,0
2012,"Brock, Ontario",2011A00053518039,Apartment structures of six units and over,Bachelor units,Dollars,81,units,0,v53844091,221.4.1,,F,,,0
2012,"Brock, Ontario",2011A00053518039,Apartment structures of six units and over,One bedroom units,Dollars,81,units,0,v53844131,221.4.2,719,,,,0
2012,"Brock, Ontario",2011A00053518039,Apartment structures of six units and over,Two bedroom units,Dollars,81,units,0,v53844171,221.4.3,817,,,,0
2012,"Brock, Ontario",2011A00053518039,Apartment structures of six units and over,Three bedroom units,Dollars,81,units,0,v53844211,221.4.4,,F,,,0
2012,"Hamilton, Ontario",2011S0503537,Row and apartment structures of three units and over,Bachelor units,Dollars,81,units,0,v3822818,85.3.1,569,,,,0
2012,"Hamilton, Ontario",2011S0503537,Row and apartment structures of three units and over,One bedroom units,Dollars,81,units,0,v3822952,85.3.2,735,,,,0
2012,"Hamilton, Ontario",2011S0503537,Row and apartment structures of three units and over,Two bedroom units,Dollars,81,units,0,v3823086,85.3.3,892,,,,0
2012,"Hamilton, Ontario",2011S0503537,Row and apartment structures of three units and over,Three bedroom units,Dollars,81,units,0,v3823220,85.3.4,1100,,,,0
2012,"Hamilton, Ontario",2011S0503537,Row structures of three units and over,Bachelor units,Dollars,81,units,0,v3823354,85.2.1,,F,,,0
2012,"Hamilton, Ontario",2011S0503537,Row structures of three units and over,One bedroom units,Dollars,81,units,0,v3823488,85.2.2,795,,,,0
2012,"Hamilton, Ontario",2011S0503537,Row structures of three units and over,Two bedroom units,Dollars,81,units,0,v3823622,85.2.3,1017,,,,0
2012,"Hamilton, Ontario",2011S0503537,Row structures of three units and over,Three bedroom units,Dollars,81,units,0,v3823756,85.2.4,1100,,,,0
2012,"Hamilton, Ontario",2011S0503537,Apartment structures of three units and over,Bachelor units,Dollars,81,units,0,v3823890,85.1.1,569,,,,0
2012,"Hamilton, Ontario",2011S0503537,Apartment structures of three units and over,One bedroom units,Dollars,81,units,0,v3824024,85.1.2,735,,,,0
2012,"Hamilton, Ontario",2011S0503537,Apartment structures of three units and over,Two bedroom units,Dollars,81,units,0,v3824158,85.1.3,886,,,,0
2012,"Hamilton, Ontario",2011S0503537,Apartment structures of three units and over,Three bedroom units,Dollars,81,units,0,v3824292,85.1.4,1101,,,,0
2012,"Hamilton, Ontario",2011S0503537,Apartment structures of six units and over,Bachelor units,Dollars,81,units,0,v3824426,85.4.1,578,,,,0
2012,"Hamilton, Ontario",2011S0503537,Apartment structures of six units and over,One bedroom units,Dollars,81,units,0,v3824614,85.4.2,739,,,,0
2012,"Hamilton, Ontario",2011S0503537,Apartment structures of six units and over,Two bedroom units,Dollars,81,units,0,v3824802,85.4.3,886,,,,0
2012,"Hamilton, Ontario",2011S0503537,Apartment structures of six units and over,Three bedroom units,Dollars,81,units,0,v3824990,85.4.4,1107,,,,0
2012,"Oshawa, Ontario",2011S0503532,Row and apartment structures of three units and over,Bachelor units,Dollars,81,units,0,v3822823,104.3.1,684,,,,0
2012,"Oshawa, Ontario",2011S0503532,Row and apartment structures of three units and over,One bedroom units,Dollars,81,units,0,v3822957,104.3.2,839,,,,0
2012,"Oshawa, Ontario",2011S0503532,Row and apartment structures of three units and over,Two bedroom units,Dollars,81,units,0,v3823091,104.3.3,940,,,,0
2012,"Oshawa, Ontario",2011S0503532,Row and apartment structures of three units and over,Three bedroom units,Dollars,81,units,0,v3823225,104.3.4,1125,,,,0
2012,"Oshawa, Ontario",2011S0503532,Row structures of three units and over,Bachelor units,Dollars,81,units,0,v3823359,104.2.1,,F,,,0
2012,"Oshawa, Ontario",2011S0503532,Row structures of three units and over,One bedroom units,Dollars,81,units,0,v3823493,104.2.2,,F,,,0
2012,"Oshawa, Ontario",2011S0503532,Row structures of three units and over,Two bedroom units,Dollars,81,units,0,v3823627,104.2.3,,F,,,0
2012,"Oshawa, Ontario",2011S0503532,Row structures of three units and over,Three bedroom units,Dollars,81,units,0,v3823761,104.2.4,1195,,,,0
2012,"Oshawa, Ontario",2011S0503532,Apartment structures of three units and over,Bachelor units,Dollars,81,units,0,v3823895,104.1.1,684,,,,0
2012,"Oshawa, Ontario",2011S0503532,Apartment structures of three units and over,One bedroom units,Dollars,81,units,0,v3824029,104.1.2,839,,,,0
2012,"Oshawa, Ontario",2011S0503532,Apartment structures of three units and over,Two bedroom units,Dollars,81,units,0,v3824163,104.1.3,939,,,,0
2012,"Oshawa, Ontario",2011S0503532,Apartment structures of three units and over,Three bedroom units,Dollars,81,units,0,v3824297,104.1.4,1053,,,,0
2012,"Oshawa, Ontario",2011S0503532,Apartment structures of six units and over,Bachelor units,Dollars,81,units,0,v3824431,104.4.1,694,,,,0
2012,"Oshawa, Ontario",2011S0503532,Apartment structures of six units and over,One bedroom units,Dollars,81,units,0,v3824619,104.4.2,844,,,,0
2012,"Oshawa, Ontario",2011S0503532,Apartment structures of six units and over,Two bedroom units,Dollars,81,units,0,v3824807,104.4.3,944,,,,0
2012,"Oshawa, Ontario",2011S0503532,Apartment structures of six units and over,Three bedroom units,Dollars,81,units,0,v3824995,104.4.4,1060,,,,0
2012,"Scugog, Ontario",2011A00053518020,Row and apartment structures of three units and over,Bachelor units,Dollars,81,units,0,v53843634,228.3.1,,F,,,0
2012,"Scugog, Ontario",2011A00053518020,Row and apartment structures of three units and over,One bedroom units,Dollars,81,units,0,v53843674,228.3.2,832,,,,0
2012,"Scugog, Ontario",2011A00053518020,Row and apartment structures of three units and over,Two bedroom units,Dollars,81,units,0,v53843714,228.3.3,958,,,,0
2012,"Scugog, Ontario",2011A00053518020,Row and apartment structures of three units and over,Three bedroom units,Dollars,81,units,0,v53843754,228.3.4,,F,,,0
2012,"Scugog, Ontario",2011A00053518020,Row structures of three units and over,Bachelor units,Dollars,81,units,0,v53843794,228.2.1,,F,,,0
2012,"Scugog, Ontario",2011A00053518020,Row structures of three units and over,One bedroom units,Dollars,81,units,0,v53843834,228.2.2,,F,,,0
2012,"Scugog, Ontario",2011A00053518020,Row structures of three units and over,Two bedroom units,Dollars,81,units,0,v53843874,228.2.3,,F,,,0
2012,"Scugog, Ontario",2011A00053518020,Row structures of three units and over,Three bedroom units,Dollars,81,units,0,v53843914,228.2.4,,F,,,0
2012,"Scugog, Ontario",2011A00053518020,Apartment structures of three units and over,Bachelor units,Dollars,81,units,0,v53843954,228.1.1,,F,,,0
2012,"Scugog, Ontario",2011A00053518020,Apartment structures of three units and over,One bedroom units,Dollars,81,units,0,v53843994,228.1.2,832,,,,0
2012,"Scugog, Ontario",2011A00053518020,Apartment structures of three units and over,Two bedroom units,Dollars,81,units,0,v53844034,228.1.3,958,,,,0
2012,"Scugog, Ontario",2011A00053518020,Apartment structures of three units and over,Three bedroom units,Dollars,81,units,0,v53844074,228.1.4,,F,,,0
2012,"Scugog, Ontario",2011A00053518020,Apartment structures of six units and over,Bachelor units,Dollars,81,units,0,v53844114,228.4.1,,F,,,0
2012,"Scugog, Ontario",2011A00053518020,Apartment structures of six units and over,One bedroom units,Dollars,81,units,0,v53844154,228.4.2,,F,,,0
2012,"Scugog, Ontario",2011A00053518020,Apartment structures of six units and over,Two bedroom units,Dollars,81,units,0,v53844194,228.4.3,1010,,,,0
2012,"Scugog, Ontario",2011A00053518020,Apartment structures of six units and over,Three bedroom units,Dollars,81,units,0,v53844234,228.4.4,,F,,,0
2012,"Toronto, Ontario",2011S0503535,Row and apartment structures of three units and over,Bachelor units,Dollars,81,units,0,v3822835,125.3.1,837,,,,0
2012,"Toronto, Ontario",2011S0503535,Row and apartment structures of three units and over,One bedroom units,Dollars,81,units,0,v3822969,125.3.2,1007,,,,0
2012,"Toronto, Ontario",2011S0503535,Row and apartment structures of three units and over,Two bedroom units,Dollars,81,units,0,v3823103,125.3.3,1183,,,,0
2012,"Toronto, Ontario",2011S0503535,Row and apartment structures of three units and over,Three bedroom units,Dollars,81,units,0,v3823237,125.3.4,1411,,,,0
2012,"Toronto, Ontario",2011S0503535,Row structures of three units and over,Bachelor units,Dollars,81,units,0,v3823371,125.2.1,,F,,,0
2012,"Toronto, Ontario",2011S0503535,Row structures of three units and over,One bedroom units,Dollars,81,units,0,v3823505,125.2.2,,F,,,0
2012,"Toronto, Ontario",2011S0503535,Row structures of three units and over,Two bedroom units,Dollars,81,units,0,v3823639,125.2.3,1191,,,,0
2012,"Toronto, Ontario",2011S0503535,Row structures of three units and over,Three bedroom units,Dollars,81,units,0,v3823773,125.2.4,1403,,,,0
2012,"Toronto, Ontario",2011S0503535,Apartment structures of three units and over,Bachelor units,Dollars,81,units,0,v3823907,125.1.1,837,,,,0
2012,"Toronto, Ontario",2011S0503535,Apartment structures of three units and over,One bedroom units,Dollars,81,units,0,v3824041,125.1.2,1007,,,,0
2012,"Toronto, Ontario",2011S0503535,Apartment structures of three units and over,Two bedroom units,Dollars,81,units,0,v3824175,125.1.3,1183,,,,0
2012,"Toronto, Ontario",2011S0503535,Apartment structures of three units and over,Three bedroom units,Dollars,81,units,0,v3824309,125.1.4,1413,,,,0
2012,"Toronto, Ontario",2011S0503535,Apartment structures of six units and over,Bachelor units,Dollars,81,units,0,v3824443,125.4.1,841,,,,0
2012,"Toronto, Ontario",2011S0503535,Apartment structures of six units and over,One bedroom units,Dollars,81,units,0,v3824631,125.4.2,1009,,,,0
2012,"Toronto, Ontario",2011S0503535,Apartment structures of six units and over,Two bedroom units,Dollars,81,units,0,v3824819,125.4.3,1180,,,,0
2012,"Toronto, Ontario",2011S0503535,Apartment structures of six units and over,Three bedroom units,Dollars,81,units,0,v3825007,125.4.4,1393,,,,0
2013,"Brock, Ontario",2011A00053518039,Row and apartment structures of three units and over,Bachelor units,Dollars,81,units,0,v53843611,221.3.1,,F,,,0
2013,"Brock, Ontario",2011A00053518039,Row and apartment structures of three units and over,One bedroom units,Dollars,81,units,0,v53843651,221.3.2,697,,,,0
2013,"Brock, Ontario",2011A00053518039,Row and apartment structures of three units and over,Two bedroom units,Dollars,81,units,0,v53843691,221.3.3,804,,,,0
2013,"Brock, Ontario",2011A00053518039,Row and apartment structures of three units and over,Three bedroom units,Dollars,81,units,0,v53843731,221.3.4,,F,,,0
2013,"Brock, Ontario",2011A00053518039,Row structures of three units and over,Bachelor units,Dollars,81,units,0,v53843771,221.2.1,,F,,,0
2013,"Brock, Ontario",2011A00053518039,Row structures of three units and over,One bedroom units,Dollars,81,units,0,v53843811,221.2.2,,F,,,0
2013,"Brock, Ontario",2011A00053518039,Row structures of three units and over,Two bedroom units,Dollars,81,units,0,v53843851,221.2.3,,F,,,0
2013,"Brock, Ontario",2011A00053518039,Row structures of three units and over,Three bedroom units,Dollars,81,units,0,v53843891,221.2.4,,F,,,0
2013,"Brock, Ontario",2011A00053518039,Apartment structures of three units and over,Bachelor units,Dollars,81,units,0,v53843931,221.1.1,,F,,,0
2013,"Brock, Ontario",2011A00053518039,Apartment structures of three units and over,One bedroom units,Dollars,81,units,0,v53843971,221.1.2,697,,,,0
2013,"Brock, Ontario",2011A00053518039,Apartment structures of three units and over,Two bedroom units,Dollars,81,units,0,v53844011,221.1.3,804,,,,0
2013,"Brock, Ontario",2011A00053518039,Apartment structures of three units and over,Three bedroom units,Dollars,81,units,0,v53844051,221.1.4,,F,,,0
2013,"Brock, Ontario",2011A00053518039,Apartment structures of six units and over,Bachelor units,Dollars,81,units,0,v53844091,221.4.1,,F,,,0
2013,"Brock, Ontario",2011A00053518039,Apartment structures of six units and over,One bedroom units,Dollars,81,units,0,v53844131,221.4.2,742,,,,0
2013,"Brock, Ontario",2011A00053518039,Apartment structures of six units and over,Two bedroom units,Dollars,81,units,0,v53844171,221.4.3,845,,,,0
2013,"Brock, Ontario",2011A00053518039,Apartment structures of six units and over,Three bedroom units,Dollars,81,units,0,v53844211,221.4.4,,F,,,0
2013,"Hamilton, Ontario",2011S0503537,Row and apartment structures of three units and over,Bachelor units,Dollars,81,units,0,v3822818,85.3.1,588,,,,0
2013,"Hamilton, Ontario",2011S0503537,Row and apartment structures of three units and over,One bedroom units,Dollars,81,units,0,v3822952,85.3.2,766,,,,0
2013,"Hamilton, Ontario",2011S0503537,Row and apartment structures of three units and over,Two bedroom units,Dollars,81,units,0,v3823086,85.3.3,936,,,,0
2013,"Hamilton, Ontario",2011S0503537,Row and apartment structures of three units and over,Three bedroom units,Dollars,81,units,0,v3823220,85.3.4,1128,,,,0
2013,"Hamilton, Ontario",2011S0503537,Row structures of three units and over,Bachelor units,Dollars,81,units,0,v3823354,85.2.1,,F,,,0
2013,"Hamilton, Ontario",2011S0503537,Row structures of three units and over,One bedroom units,Dollars,81,units,0,v3823488,85.2.2,836,,,,0
2013,"Hamilton, Ontario",2011S0503537,Row structures of three units and over,Two bedroom units,Dollars,81,units,0,v3823622,85.2.3,1026,,,,0
2013,"Hamilton, Ontario",2011S0503537,Row structures of three units and over,Three bedroom units,Dollars,81,units,0,v3823756,85.2.4,1125,,,,0
2013,"Hamilton, Ontario",2011S0503537,Apartment structures of three units and over,Bachelor units,Dollars,81,units,0,v3823890,85.1.1,588,,,,0
2013,"Hamilton, Ontario",2011S0503537,Apartment structures of three units and over,One bedroom units,Dollars,81,units,0,v3824024,85.1.2,766,,,,0
2013,"Hamilton, Ontario",2011S0503537,Apartment structures of three units and over,Two bedroom units,Dollars,81,units,0,v3824158,85.1.3,932,,,,0
2013,"Hamilton, Ontario",2011S0503537,Apartment structures of three units and over,Three bedroom units,Dollars,81,units,0,v3824292,85.1.4,1130,,,,0
2013,"Hamilton, Ontario",2011S0503537,Apartment structures of six units and over,Bachelor units,Dollars,81,units,0,v3824426,85.4.1,598,,,,0
2013,"Hamilton, Ontario",2011S0503537,Apartment structures of six units and over,One bedroom units,Dollars,81,units,0,v3824614,85.4.2,770,,,,0
2013,"Hamilton, Ontario",2011S0503537,Apartment structures of six units and over,Two bedroom units,Dollars,81,units,0,v3824802,85.4.3,934,,,,0
2013,"Hamilton, Ontario",2011S0503537,Apartment structures of six units and over,Three bedroom units,Dollars,81,units,0,v3824990,85.4.4,1137,,,,0
2013,"Oshawa, Ontario",2011S0503532,Row and apartment structures of three units and over,Bachelor units,Dollars,81,units,0,v3822823,104.3.1,713,,,,0
2013,"Oshawa, Ontario",2011S0503532,Row and apartment structures of three units and over,One bedroom units,Dollars,81,units,0,v3822957,104.3.2,874,,,,0
2013,"Oshawa, Ontario",2011S0503532,Row and apartment structures of three units and over,Two bedroom units,Dollars,81,units,0,v3823091,104.3.3,986,,,,0
2013,"Oshawa, Ontario",2011S0503532,Row and apartment structures of three units and over,Three bedroom units,Dollars,81,units,0,v3823225,104.3.4,1182,,,,0
2013,"Oshawa, Ontario",2011S0503532,Row structures of three units and over,Bachelor units,Dollars,81,units,0,v3823359,104.2.1,,F,,,0
2013,"Oshawa, Ontario",2011S0503532,Row structures of three units and over,One bedroom units,Dollars,81,units,0,v3823493,104.2.2,,F,,,0
2013,"Oshawa, Ontario",2011S0503532,Row structures of three units and over,Two bedroom units,Dollars,81,units,0,v3823627,104.2.3,,F,,,0
2013,"Oshawa, Ontario",2011S0503532,Row structures of three units and over,Three bedroom units,Dollars,81,units,0,v3823761,104.2.4,1240,,,,0
2013,"Oshawa, Ontario",2011S0503532,Apartment structures of three units and over,Bachelor units,Dollars,81,units,0,v3823895,104.1.1,713,,,,0
2013,"Oshawa, Ontario",2011S0503532,Apartment structures of three units and over,One bedroom units,Dollars,81,units,0,v3824029,104.1.2,874,,,,0
2013,"Oshawa, Ontario",2011S0503532,Apartment structures of three units and over,Two bedroom units,Dollars,81,units,0,v3824163,104.1.3,985,,,,0
2013,"Oshawa, Ontario",2011S0503532,Apartment structures of three units and over,Three bedroom units,Dollars,81,units,0,v3824297,104.1.4,1126,,,,0
2013,"Oshawa, Ontario",2011S0503532,Apartment structures of six units and over,Bachelor units,Dollars,81,units,0,v3824431,104.4.1,726,,,,0
2013,"Oshawa, Ontario",2011S0503532,Apartment structures of six units and over,One bedroom units,Dollars,81,units,0,v3824619,104.4.2,882,,,,0
2013,"Oshawa, Ontario",2011S0503532,Apartment structures of six units and over,Two bedroom units,Dollars,81,units,0,v3824807,104.4.3,992,,,,0
2013,"Oshawa, Ontario",2011S0503532,Apartment structures of six units and over,Three bedroom units,Dollars,81,units,0,v3824995,104.4.4,1138,,,,0
2013,"Scugog, Ontario",2011A00053518020,Row and apartment structures of three units and over,Bachelor units,Dollars,81,units,0,v53843634,228.3.1,,F,,,0
2013,"Scugog, Ontario",2011A00053518020,Row and apartment structures of three units and over,One bedroom units,Dollars,81,units,0,v53843674,228.3.2,820,,,,0
2013,"Scugog, Ontario",2011A00053518020,Row and apartment structures of three units and over,Two bedroom units,Dollars,81,units,0,v53843714,228.3.3,973,,,,0
2013,"Scugog, Ontario",2011A00053518020,Row and apartment structures of three units and over,Three bedroom units,Dollars,81,units,0,v53843754,228.3.4,,F,,,0
2013,"Scugog, Ontario",2011A00053518020,Row structures of three units and over,Bachelor units,Dollars,81,units,0,v53843794,228.2.1,,F,,,0
2013,"Scugog, Ontario",2011A00053518020,Row structures of three units and over,One bedroom units,Dollars,81,units,0,v53843834,228.2.2,,F,,,0
2013,"Scugog, Ontario",2011A00053518020,Row structures of three units and over,Two bedroom units,Dollars,81,units,0,v53843874,228.2.3,,F,,,0
2013,"Scugog, Ontario",2011A00053518020,Row structures of three units and over,Three bedroom units,Dollars,81,units,0,v53843914,228.2.4,,F,,,0
2013,"Scugog, Ontario",2011A00053518020,Apartment structures of three units and over,Bachelor units,Dollars,81,units,0,v53843954,228.1.1,,F,,,0
2013,"Scugog, Ontario",2011A00053518020,Apartment structures of three units and over,One bedroom units,Dollars,81,units,0,v53843994,228.1.2,820,,,,0
2013,"Scugog, Ontario",2011A00053518020,Apartment structures of three units and over,Two bedroom units,Dollars,81,units,0,v53844034,228.1.3,973,,,,0
2013,"Scugog, Ontario",2011A00053518020,Apartment structures of three units and over,Three bedroom units,Dollars,81,units,0,v53844074,228.1.4,,F,,,0
2013,"Scugog, Ontario",2011A00053518020,Apartment structures of six units and over,Bachelor units,Dollars,81,units,0,v53844114,228.4.1,,F,,,0
2013,"Scugog, Ontario",2011A00053518020,Apartment structures of six units and over,One bedroom units,Dollars,81,units,0,v53844154,228.4.2,847,,,,0
2013,"Scugog, Ontario",2011A00053518020,Apartment structures of six units and over,Two bedroom units,Dollars,81,units,0,v53844194,228.4.3,1042,,,,0
2013,"Scugog, Ontario",2011A00053518020,Apartment structures of six units and over,Three bedroom units,Dollars,81,units,0,v53844234,228.4.4,,F,,,0
2013,"Toronto, Ontario",2011S0503535,Row and apartment structures of three units and over,Bachelor units,Dollars,81,units,0,v3822835,125.3.1,873,,,,0
2013,"Toronto, Ontario",2011S0503535,Row and apartment structures of three units and over,One bedroom units,Dollars,81,units,0,v3822969,125.3.2,1032,,,,0
2013,"Toronto, Ontario",2011S0503535,Row and apartment structures of three units and over,Two bedroom units,Dollars,81,units,0,v3823103,125.3.3,1211,,,,0
2013,"Toronto, Ontario",2011S0503535,Row and apartment structures of three units and over,Three bedroom units,Dollars,81,units,0,v3823237,125.3.4,1461,,,,0
2013,"Toronto, Ontario",2011S0503535,Row structures of three units and over,Bachelor units,Dollars,81,units,0,v3823371,125.2.1,,F,,,0
2013,"Toronto, Ontario",2011S0503535,Row structures of three units and over,One bedroom units,Dollars,81,units,0,v3823505,125.2.2,,F,,,0
2013,"Toronto, Ontario",2011S0503535,Row structures of three units and over,Two bedroom units,Dollars,81,units,0,v3823639,125.2.3,1099,,,,0
2013,"Toronto, Ontario",2011S0503535,Row structures of three units and over,Three bedroom units,Dollars,81,units,0,v3823773,125.2.4,1490,,,,0
2013,"Toronto, Ontario",2011S0503535,Apartment structures of three units and over,Bachelor units,Dollars,81,units,0,v3823907,125.1.1,873,,,,0
2013,"Toronto, Ontario",2011S0503535,Apartment structures of three units and over,One bedroom units,Dollars,81,units,0,v3824041,125.1.2,1032,,,,0
2013,"Toronto, Ontario",2011S0503535,Apartment structures of three units and over,Two bedroom units,Dollars,81,units,0,v3824175,125.1.3,1213,,,,0
2013,"Toronto, Ontario",2011S0503535,Apartment structures of three units and over,Three bedroom units,Dollars,81,units,0,v3824309,125.1.4,1454,,,,0
2013,"Toronto, Ontario",2011S0503535,Apartment structures of six units and over,Bachelor units,Dollars,81,units,0,v3824443,125.4.1,878,,,,0
2013,"Toronto, Ontario",2011S0503535,Apartment structures of six units and over,One bedroom units,Dollars,81,units,0,v3824631,125.4.2,1033,,,,0
2013,"Toronto, Ontario",2011S0503535,Apartment structures of six units and over,Two bedroom units,Dollars,81,units,0,v3824819,125.4.3,1210,,,,0
2013,"Toronto, Ontario",2011S0503535,Apartment structures of six units and over,Three bedroom units,Dollars,81,units,0,v3825007,125.4.4,1437,,,,0
2014,"Brock, Ontario",2011A00053518039,Row and apartment structures of three units and over,Bachelor units,Dollars,81,units,0,v53843611,221.3.1,,F,,,0
2014,"Brock, Ontario",2011A00053518039,Row and apartment structures of three units and over,One bedroom units,Dollars,81,units,0,v53843651,221.3.2,857,,,,0
2014,"Brock, Ontario",2011A00053518039,Row and apartment structures of three units and over,Two bedroom units,Dollars,81,units,0,v53843691,221.3.3,864,,,,0
2014,"Brock, Ontario",2011A00053518039,Row and apartment structures of three units and over,Three bedroom units,Dollars,81,units,0,v53843731,221.3.4,,F,,,0
2014,"Brock, Ontario",2011A00053518039,Row structures of three units and over,Bachelor units,Dollars,81,units,0,v53843771,221.2.1,,F,,,0
2014,"Brock, Ontario",2011A00053518039,Row structures of three units and over,One bedroom units,Dollars,81,units,0,v53843811,221.2.2,,F,,,0
2014,"Brock, Ontario",2011A00053518039,Row structures of three units and over,Two bedroom units,Dollars,81,units,0,v53843851,221.2.3,,F,,,0
2014,"Brock, Ontario",2011A00053518039,Row structures of three units and over,Three bedroom units,Dollars,81,units,0,v53843891,221.2.4,,F,,,0
2014,"Brock, Ontario",2011A00053518039,Apartment structures of three units and over,Bachelor units,Dollars,81,units,0,v53843931,221.1.1,,F,,,0
2014,"Brock, Ontario",2011A00053518039,Apartment structures of three units and over,One bedroom units,Dollars,81,units,0,v53843971,221.1.2,857,,,,0
2014,"Brock, Ontario",2011A00053518039,Apartment structures of three units and over,Two bedroom units,Dollars,81,units,0,v53844011,221.1.3,864,,,,0
2014,"Brock, Ontario",2011A00053518039,Apartment structures of three units and over,Three bedroom units,Dollars,81,units,0,v53844051,221.1.4,,F,,,0
2014,"Brock, Ontario",2011A00053518039,Apartment structures of six units and over,Bachelor units,Dollars,81,units,0,v53844091,221.4.1,,F,,,0
2014,"Brock, Ontario",2011A00053518039,Apartment structures of six units and over,One bedroom units,Dollars,81,units,0,v53844131,221.4.2,731,,,,0
2014,"Brock, Ontario",2011A00053518039,Apartment structures of six units and over,Two bedroom units,Dollars,81,units,0,v53844171,221.4.3,840,,,,0
2014,"Brock, Ontario",2011A00053518039,Apartment structures of six units and over,Three bedroom units,Dollars,81,units,0,v53844211,221.4.4,,F,,,0
2014,"Hamilton, Ontario",2011S0503537,Row and apartment structures of three units and over,Bachelor units,Dollars,81,units,0,v3822818,85.3.1,592,,,,0
2014,"Hamilton, Ontario",2011S0503537,Row and apartment structures of three units and over,One bedroom units,Dollars,81,units,0,v3822952,85.3.2,792,,,,0
2014,"Hamilton, Ontario",2011S0503537,Row and apartment structures of three units and over,Two bedroom units,Dollars,81,units,0,v3823086,85.3.3,963,,,,0
2014,"Hamilton, Ontario",2011S0503537,Row and apartment structures of three units and over,Three bedroom units,Dollars,81,units,0,v3823220,85.3.4,1163,,,,0
2014,"Hamilton, Ontario",2011S0503537,Row structures of three units and over,Bachelor units,Dollars,81,units,0,v3823354,85.2.1,,F,,,0
2014,"Hamilton, Ontario",2011S0503537,Row structures of three units and over,One bedroom units,Dollars,81,units,0,v3823488,85.2.2,786,,,,0
2014,"Hamilton, Ontario",2011S0503537,Row structures of three units and over,Two bedroom units,Dollars,81,units,0,v3823622,85.2.3,1034,,,,0
2014,"Hamilton, Ontario",2011S0503537,Row structures of three units and over,Three bedroom units,Dollars,81,units,0,v3823756,85.2.4,1152,,,,0
2014,"Hamilton, Ontario",2011S0503537,Apartment structures of three units and over,Bachelor units,Dollars,81,units,0,v3823890,85.1.1,592,,,,0
2014,"Hamilton, Ontario",2011S0503537,Apartment structures of three units and over,One bedroom units,Dollars,81,units,0,v3824024,85.1.2,792,,,,0
2014,"Hamilton, Ontario",2011S0503537,Apartment structures of three units and over,Two bedroom units,Dollars,81,units,0,v3824158,85.1.3,959,,,,0
2014,"Hamilton, Ontario",2011S0503537,Apartment structures of three units and over,Three bedroom units,Dollars,81,units,0,v3824292,85.1.4,1173,,,,0
2014,"Hamilton, Ontario",2011S0503537,Apartment structures of six units and over,Bachelor units,Dollars,81,units,0,v3824426,85.4.1,603,,,,0
2014,"Hamilton, Ontario",2011S0503537,Apartment structures of six units and over,One bedroom units,Dollars,81,units,0,v3824614,85.4.2,796,,,,0
2014,"Hamilton, Ontario",2011S0503537,Apartment structures of six units and over,Two bedroom units,Dollars,81,units,0,v3824802,85.4.3,963,,,,0
2014,"Hamilton, Ontario",2011S0503537,Apartment structures of six units and over,Three bedroom units,Dollars,81,units,0,v3824990,85.4.4,1180,,,,0
2014,"Oshawa, Ontario",2011S0503532,Row and apartment structures of three units and over,Bachelor units,Dollars,81,units,0,v3822823,104.3.1,724,,,,0
2014,"Oshawa, Ontario",2011S0503532,Row and apartment structures of three units and over,One bedroom units,Dollars,81,units,0,v3822957,104.3.2,886,,,,0
2014,"Oshawa, Ontario",2011S0503532,Row and apartment structures of three units and over,Two bedroom units,Dollars,81,units,0,v3823091,104.3.3,1012,,,,0
2014,"Oshawa, Ontario",2011S0503532,Row and apartment structures of three units and over,Three bedroom units,Dollars,81,units,0,v3823225,104.3.4,1213,,,,0
2014,"Oshawa, Ontario",2011S0503532,Row structures of three units and over,Bachelor units,Dollars,81,units,0,v3823359,104.2.1,,F,,,0
2014,"Oshawa, Ontario",2011S0503532,Row structures of three units and over,One bedroom units,Dollars,81,units,0,v3823493,104.2.2,,F,,,0
2014,"Oshawa, Ontario",2011S0503532,Row structures of three units and over,Two bedroom units,Dollars,81,units,0,v3823627,104.2.3,1233,,,,0
2014,"Oshawa, Ontario",2011S0503532,Row structures of three units and over,Three bedroom units,Dollars,81,units,0,v3823761,104.2.4,1273,,,,0
2014,"Oshawa, Ontario",2011S0503532,Apartment structures of three units and over,Bachelor units,Dollars,81,units,0,v3823895,104.1.1,724,,,,0
2014,"Oshawa, Ontario",2011S0503532,Apartment structures of three units and over,One bedroom units,Dollars,81,units,0,v3824029,104.1.2,885,,,,0
2014,"Oshawa, Ontario",2011S0503532,Apartment structures of three units and over,Two bedroom units,Dollars,81,units,0,v3824163,104.1.3,1010,,,,0
2014,"Oshawa, Ontario",2011S0503532,Apartment structures of three units and over,Three bedroom units,Dollars,81,units,0,v3824297,104.1.4,1153,,,,0
2014,"Oshawa, Ontario",2011S0503532,Apartment structures of six units and over,Bachelor units,Dollars,81,units,0,v3824431,104.4.1,740,,,,0
2014,"Oshawa, Ontario",2011S0503532,Apartment structures of six units and over,One bedroom units,Dollars,81,units,0,v3824619,104.4.2,891,,,,0
2014,"Oshawa, Ontario",2011S0503532,Apartment structures of six units and over,Two bedroom units,Dollars,81,units,0,v3824807,104.4.3,1016,,,,0
2014,"Oshawa, Ontario",2011S0503532,Apartment structures of six units and over,Three bedroom units,Dollars,81,units,0,v3824995,104.4.4,1163,,,,0
2014,"Scugog, Ontario",2011A00053518020,Row and apartment structures of three units and over,Bachelor units,Dollars,81,units,0,v53843634,228.3.1,,F,,,0
2014,"Scugog, Ontario",2011A00053518020,Row and apartment structures of three units and over,One bedroom units,Dollars,81,units,0,v53843674,228.3.2,751,,,,0
2014,"Scugog, Ontario",2011A00053518020,Row and apartment structures of three units and over,Two bedroom units,Dollars,81,units,0,v53843714,228.3.3,888,,,,0
2014,"Scugog, Ontario",2011A00053518020,Row and apartment structures of three units and over,Three bedroom units,Dollars,81,units,0,v53843754,228.3.4,,F,,,0
2014,"Scugog, Ontario",2011A00053518020,Row structures of three units and over,Bachelor units,Dollars,81,units,0,v53843794,228.2.1,,F,,,0
2014,"Scugog, Ontario",2011A00053518020,Row structures of three units and over,One bedroom units,Dollars,81,units,0,v53843834,228.2.2,,F,,,0
2014,"Scugog, Ontario",2011A00053518020,Row structures of three units and over,Two bedroom units,Dollars,81,units,0,v53843874,228.2.3,,F,,,0
2014,"Scugog, Ontario",2011A00053518020,Row structures of three units and over,Three bedroom units,Dollars,81,units,0,v53843914,228.2.4,,F,,,0
2014,"Scugog, Ontario",2011A00053518020,Apartment structures of three units and over,Bachelor units,Dollars,81,units,0,v53843954,228.1.1,,F,,,0
2014,"Scugog, Ontario",2011A00053518020,Apartment structures of three units and over,One bedroom units,Dollars,81,units,0,v53843994,228.1.2,751,,,,0
2014,"Scugog, Ontario",2011A00053518020,Apartment structures of three units and over,Two bedroom units,Dollars,81,units,0,v53844034,228.1.3,888,,,,0
2014,"Scugog, Ontario",2011A00053518020,Apartment structures of three units and over,Three bedroom units,Dollars,81,units,0,v53844074,228.1.4,,F,,,0
2014,"Scugog, Ontario",2011A00053518020,Apartment structures of six units and over,Bachelor units,Dollars,81,units,0,v53844114,228.4.1,,F,,,0
2014,"Scugog, Ontario",2011A00053518020,Apartment structures of six units and over,One bedroom units,Dollars,81,units,0,v53844154,228.4.2,,F,,,0
2014,"Scugog, Ontario",2011A00053518020,Apartment structures of six units and over,Two bedroom units,Dollars,81,units,0,v53844194,228.4.3,925,,,,0
2014,"Scugog, Ontario",2011A00053518020,Apartment structures of six units and over,Three bedroom units,Dollars,81,units,0,v53844234,228.4.4,,F,,,0
2014,"Toronto, Ontario",2011S0503535,Row and apartment structures of three units and over,Bachelor units,Dollars,81,units,0,v3822835,125.3.1,896,,,,0
2014,"Toronto, Ontario",2011S0503535,Row and apartment structures of three units and over,One bedroom units,Dollars,81,units,0,v3822969,125.3.2,1067,,,,0
2014,"Toronto, Ontario",2011S0503535,Row and apartment structures of three units and over,Two bedroom units,Dollars,81,units,0,v3823103,125.3.3,1251,,,,0
2014,"Toronto, Ontario",2011S0503535,Row and apartment structures of three units and over,Three bedroom units,Dollars,81,units,0,v3823237,125.3.4,1466,,,,0
2014,"Toronto, Ontario",2011S0503535,Row structures of three units and over,Bachelor units,Dollars,81,units,0,v3823371,125.2.1,,F,,,0
2014,"Toronto, Ontario",2011S0503535,Row structures of three units and over,One bedroom units,Dollars,81,units,0,v3823505,125.2.2,979,,,,0
2014,"Toronto, Ontario",2011S0503535,Row structures of three units and over,Two bedroom units,Dollars,81,units,0,v3823639,125.2.3,1207,,,,0
2014,"Toronto, Ontario",2011S0503535,Row structures of three units and over,Three bedroom units,Dollars,81,units,0,v3823773,125.2.4,1496,,,,0
2014,"Toronto, Ontario",2011S0503535,Apartment structures of three units and over,Bachelor units,Dollars,81,units,0,v3823907,125.1.1,896,,,,0
2014,"Toronto, Ontario",2011S0503535,Apartment structures of three units and over,One bedroom units,Dollars,81,units,0,v3824041,125.1.2,1067,,,,0
2014,"Toronto, Ontario",2011S0503535,Apartment structures of three units and over,Two bedroom units,Dollars,81,units,0,v3824175,125.1.3,1251,,,,0
2014,"Toronto, Ontario",2011S0503535,Apartment structures of three units and over,Three bedroom units,Dollars,81,units,0,v3824309,125.1.4,1458,,,,0
2014,"Toronto, Ontario",2011S0503535,Apartment structures of six units and over,Bachelor units,Dollars,81,units,0,v3824443,125.4.1,900,,,,0
2014,"Toronto, Ontario",2011S0503535,Apartment structures of six units and over,One bedroom units,Dollars,81,units,0,v3824631,125.4.2,1069,,,,0
2014,"Toronto, Ontario",2011S0503535,Apartment structures of six units and over,Two bedroom units,Dollars,81,units,0,v3824819,125.4.3,1249,,,,0
2014,"Toronto, Ontario",2011S0503535,Apartment structures of six units and over,Three bedroom units,Dollars,81,units,0,v3825007,125.4.4,1437,,,,0
2015,"Brock, Ontario",2011A00053518039,Row and apartment structures of three units and over,Bachelor units,Dollars,81,units,0,v53843611,221.3.1,,F,,,0
2015,"Brock, Ontario",2011A00053518039,Row and apartment structures of three units and over,One bedroom units,Dollars,81,units,0,v53843651,221.3.2,725,,,,0
2015,"Brock, Ontario",2011A00053518039,Row and apartment structures of three units and over,Two bedroom units,Dollars,81,units,0,v53843691,221.3.3,826,,,,0
2015,"Brock, Ontario",2011A00053518039,Row and apartment structures of three units and over,Three bedroom units,Dollars,81,units,0,v53843731,221.3.4,,F,,,0
2015,"Brock, Ontario",2011A00053518039,Row structures of three units and over,Bachelor units,Dollars,81,units,0,v53843771,221.2.1,,F,,,0
2015,"Brock, Ontario",2011A00053518039,Row structures of three units and over,One bedroom units,Dollars,81,units,0,v53843811,221.2.2,,F,,,0
2015,"Brock, Ontario",2011A00053518039,Row structures of three units and over,Two bedroom units,Dollars,81,units,0,v53843851,221.2.3,,F,,,0
2015,"Brock, Ontario",2011A00053518039,Row structures of three units and over,Three bedroom units,Dollars,81,units,0,v53843891,221.2.4,,F,,,0
2015,"Brock, Ontario",2011A00053518039,Apartment structures of three units and over,Bachelor units,Dollars,81,units,0,v53843931,221.1.1,,F,,,0
2015,"Brock, Ontario",2011A00053518039,Apartment structures of three units and over,One bedroom units,Dollars,81,units,0,v53843971,221.1.2,725,,,,0
2015,"Brock, Ontario",2011A00053518039,Apartment structures of three units and over,Two bedroom units,Dollars,81,units,0,v53844011,221.1.3,826,,,,0
2015,"Brock, Ontario",2011A00053518039,Apartment structures of three units and over,Three bedroom units,Dollars,81,units,0,v53844051,221.1.4,,F,,,0
2015,"Brock, Ontario",2011A00053518039,Apartment structures of six units and over,Bachelor units,Dollars,81,units,0,v53844091,221.4.1,,F,,,0
2015,"Brock, Ontario",2011A00053518039,Apartment structures of six units and over,One bedroom units,Dollars,81,units,0,v53844131,221.4.2,725,,,,0
2015,"Brock, Ontario",2011A00053518039,Apartment structures of six units and over,Two bedroom units,Dollars,81,units,0,v53844171,221.4.3,826,,,,0
2015,"Brock, Ontario",2011A00053518039,Apartment structures of six units and over,Three bedroom units,Dollars,81,units,0,v53844211,221.4.4,,F,,,0
2015,"Hamilton, Ontario",2011S0503537,Row and apartment structures of three units and over,Bachelor units,Dollars,81,units,0,v3822818,85.3.1,608,,,,0
2015,"Hamilton, Ontario",2011S0503537,Row and apartment structures of three units and over,One bedroom units,Dollars,81,units,0,v3822952,85.3.2,829,,,,0
2015,"Hamilton, Ontario",2011S0503537,Row and apartment structures of three units and over,Two bedroom units,Dollars,81,units,0,v3823086,85.3.3,1040,,,,0
2015,"Hamilton, Ontario",2011S0503537,Row and apartment structures of three units and over,Three bedroom units,Dollars,81,units,0,v3823220,85.3.4,1206,,,,0
2015,"Hamilton, Ontario",2011S0503537,Row structures of three units and over,Bachelor units,Dollars,81,units,0,v3823354,85.2.1,,F,,,0
2015,"Hamilton, Ontario",2011S0503537,Row structures of three units and over,One bedroom units,Dollars,81,units,0,v3823488,85.2.2,933,,,,0
2015,"Hamilton, Ontario",2011S0503537,Row structures of three units and over,Two bedroom units,Dollars,81,units,0,v3823622,85.2.3,1153,,,,0
2015,"Hamilton, Ontario",2011S0503537,Row structures of three units and over,Three bedroom units,Dollars,81,units,0,v3823756,85.2.4,1139,,,,0
2015,"Hamilton, Ontario",2011S0503537,Apartment structures of three units and over,Bachelor units,Dollars,81,units,0,v3823890,85.1.1,607,,,,0
2015,"Hamilton, Ontario",2011S0503537,Apartment structures of three units and over,One bedroom units,Dollars,81,units,0,v3824024,85.1.2,828,,,,0
2015,"Hamilton, Ontario",2011S0503537,Apartment structures of three units and over,Two bedroom units,Dollars,81,units,0,v3824158,85.1.3,1034,,,,0
2015,"Hamilton, Ontario",2011S0503537,Apartment structures of three units and over,Three bedroom units,Dollars,81,units,0,v3824292,85.1.4,1289,,,,0
2015,"Hamilton, Ontario",2011S0503537,Apartment structures of six units and over,Bachelor units,Dollars,81,units,0,v3824426,85.4.1,624,,,,0
2015,"Hamilton, Ontario",2011S0503537,Apartment structures of six units and over,One bedroom units,Dollars,81,units,0,v3824614,85.4.2,836,,,,0
2015,"Hamilton, Ontario",2011S0503537,Apartment structures of six units and over,Two bedroom units,Dollars,81,units,0,v3824802,85.4.3,1039,,,,0
2015,"Hamilton, Ontario",2011S0503537,Apartment structures of six units and over,Three bedroom units,Dollars,81,units,0,v3824990,85.4.4,1301,,,,0
2015,"Oshawa, Ontario",2011S0503532,Row and apartment structures of three units and over,Bachelor units,Dollars,81,units,0,v3822823,104.3.1,794,,,,0
2015,"Oshawa, Ontario",2011S0503532,Row and apartment structures of three units and over,One bedroom units,Dollars,81,units,0,v3822957,104.3.2,906,,,,0
2015,"Oshawa, Ontario",2011S0503532,Row and apartment structures of three units and over,Two bedroom units,Dollars,81,units,0,v3823091,104.3.3,1037,,,,0
2015,"Oshawa, Ontario",2011S0503532,Row and apartment structures of three units and over,Three bedroom units,Dollars,81,units,0,v3823225,104.3.4,1237,,,,0
2015,"Oshawa, Ontario",2011S0503532,Row structures of three units and over,Bachelor units,Dollars,81,units,0,v3823359,104.2.1,,F,,,0
2015,"Oshawa, Ontario",2011S0503532,Row structures of three units and over,One bedroom units,Dollars,81,units,0,v3823493,104.2.2,,F,,,0
2015,"Oshawa, Ontario",2011S0503532,Row structures of three units and over,Two bedroom units,Dollars,81,units,0,v3823627,104.2.3,1148,,,,0
2015,"Oshawa, Ontario",2011S0503532,Row structures of three units and over,Three bedroom units,Dollars,81,units,0,v3823761,104.2.4,1315,,,,0
2015,"Oshawa, Ontario",2011S0503532,Apartment structures of three units and over,Bachelor units,Dollars,81,units,0,v3823895,104.1.1,794,,,,0
2015,"Oshawa, Ontario",2011S0503532,Apartment structures of three units and over,One bedroom units,Dollars,81,units,0,v3824029,104.1.2,905,,,,0
2015,"Oshawa, Ontario",2011S0503532,Apartment structures of three units and over,Two bedroom units,Dollars,81,units,0,v3824163,104.1.3,1035,,,,0
2015,"Oshawa, Ontario",2011S0503532,Apartment structures of three units and over,Three bedroom units,Dollars,81,units,0,v3824297,104.1.4,1174,,,,0
2015,"Oshawa, Ontario",2011S0503532,Apartment structures of six units and over,Bachelor units,Dollars,81,units,0,v3824431,104.4.1,805,,,,0
2015,"Oshawa, Ontario",2011S0503532,Apartment structures of six units and over,One bedroom units,Dollars,81,units,0,v3824619,104.4.2,910,,,,0
2015,"Oshawa, Ontario",2011S0503532,Apartment structures of six units and over,Two bedroom units,Dollars,81,units,0,v3824807,104.4.3,1041,,,,0
2015,"Oshawa, Ontario",2011S0503532,Apartment structures of six units and over,Three bedroom units,Dollars,81,units,0,v3824995,104.4.4,1183,,,,0
2015,"Scugog, Ontario",2011A00053518020,Row and apartment structures of three units and over,Bachelor units,Dollars,81,units,0,v53843634,228.3.1,,F,,,0
2015,"Scugog, Ontario",2011A00053518020,Row and apartment structures of three units and over,One bedroom units,Dollars,81,units,0,v53843674,228.3.2,762,,,,0
2015,"Scugog, Ontario",2011A00053518020,Row and apartment structures of three units and over,Two bedroom units,Dollars,81,units,0,v53843714,228.3.3,935,,,,0
2015,"Scugog, Ontario",2011A00053518020,Row and apartment structures of three units and over,Three bedroom units,Dollars,81,units,0,v53843754,228.3.4,,F,,,0
2015,"Scugog, Ontario",2011A00053518020,Row structures of three units and over,Bachelor units,Dollars,81,units,0,v53843794,228.2.1,,F,,,0
2015,"Scugog, Ontario",2011A00053518020,Row structures of three units and over,One bedroom units,Dollars,81,units,0,v53843834,228.2.2,,F,,,0
2015,"Scugog, Ontario",2011A00053518020,Row structures of three units and over,Two bedroom units,Dollars,81,units,0,v53843874,228.2.3,,F,,,0
2015,"Scugog, Ontario",2011A00053518020,Row structures of three units and over,Three bedroom units,Dollars,81,units,0,v53843914,228.2.4,,F,,,0
2015,"Scugog, Ontario",2011A00053518020,Apartment structures of three units and over,Bachelor units,Dollars,81,units,0,v53843954,228.1.1,,F,,,0
2015,"Scugog, Ontario",2011A00053518020,Apartment structures of three units and over,One bedroom units,Dollars,81,units,0,v53843994,228.1.2,762,,,,0
2015,"Scugog, Ontario",2011A00053518020,Apartment structures of three units and over,Two bedroom units,Dollars,81,units,0,v53844034,228.1.3,935,,,,0
2015,"Scugog, Ontario",2011A00053518020,Apartment structures of three units and over,Three bedroom units,Dollars,81,units,0,v53844074,228.1.4,,F,,,0
2015,"Scugog, Ontario",2011A00053518020,Apartment structures of six units and over,Bachelor units,Dollars,81,units,0,v53844114,228.4.1,,F,,,0
2015,"Scugog, Ontario",2011A00053518020,Apartment structures of six units and over,One bedroom units,Dollars,81,units,0,v53844154,228.4.2,,F,,,0
2015,"Scugog, Ontario",2011A00053518020,Apartment structures of six units and over,Two bedroom units,Dollars,81,units,0,v53844194,228.4.3,,F,,,0
2015,"Scugog, Ontario",2011A00053518020,Apartment structures of six units and over,Three bedroom units,Dollars,81,units,0,v53844234,228.4.4,,F,,,0
2015,"Toronto, Ontario",2011S0503535,Row and apartment structures of three units and over,Bachelor units,Dollars,81,units,0,v3822835,125.3.1,937,,,,0
2015,"Toronto, Ontario",2011S0503535,Row and apartment structures of three units and over,One bedroom units,Dollars,81,units,0,v3822969,125.3.2,1103,,,,0
2015,"Toronto, Ontario",2011S0503535,Row and apartment structures of three units and over,Two bedroom units,Dollars,81,units,0,v3823103,125.3.3,1286,,,,0
2015,"Toronto, Ontario",2011S0503535,Row and apartment structures of three units and over,Three bedroom units,Dollars,81,units,0,v3823237,125.3.4,1516,,,,0
2015,"Toronto, Ontario",2011S0503535,Row structures of three units and over,Bachelor units,Dollars,81,units,0,v3823371,125.2.1,,F,,,0
2015,"Toronto, Ontario",2011S0503535,Row structures of three units and over,One bedroom units,Dollars,81,units,0,v3823505,125.2.2,1088,,,,0
2015,"Toronto, Ontario",2011S0503535,Row structures of three units and over,Two bedroom units,Dollars,81,units,0,v3823639,125.2.3,1143,,,,0
2015,"Toronto, Ontario",2011S0503535,Row structures of three units and over,Three bedroom units,Dollars,81,units,0,v3823773,125.2.4,1545,,,,0
2015,"Toronto, Ontario",2011S0503535,Apartment structures of three units and over,Bachelor units,Dollars,81,units,0,v3823907,125.1.1,937,,,,0
2015,"Toronto, Ontario",2011S0503535,Apartment structures of three units and over,One bedroom units,Dollars,81,units,0,v3824041,125.1.2,1103,,,,0
2015,"Toronto, Ontario",2011S0503535,Apartment structures of three units and over,Two bedroom units,Dollars,81,units,0,v3824175,125.1.3,1288,,,,0
2015,"Toronto, Ontario",2011S0503535,Apartment structures of three units and over,Three bedroom units,Dollars,81,units,0,v3824309,125.1.4,1510,,,,0
2015,"Toronto, Ontario",2011S0503535,Apartment structures of six units and over,Bachelor units,Dollars,81,units,0,v3824443,125.4.1,941,,,,0
2015,"Toronto, Ontario",2011S0503535,Apartment structures of six units and over,One bedroom units,Dollars,81,units,0,v3824631,125.4.2,1103,,,,0
2015,"Toronto, Ontario",2011S0503535,Apartment structures of six units and over,Two bedroom units,Dollars,81,units,0,v3824819,125.4.3,1283,,,,0
2015,"Toronto, Ontario",2011S0503535,Apartment structures of six units and over,Three bedroom units,Dollars,81,units,0,v3825007,125.4.4,1488,,,,0
2016,"Brock, Ontario",2011A00053518039,Row and apartment structures of three units and over,Bachelor units,Dollars,81,units,0,v53843611,221.3.1,,F,,,0
2016,"Brock, Ontario",2011A00053518039,Row and apartment structures of three units and over,One bedroom units,Dollars,81,units,0,v53843651,221.3.2,803,,,,0
2016,"Brock, Ontario",2011A00053518039,Row and apartment structures of three units and over,Two bedroom units,Dollars,81,units,0,v53843691,221.3.3,886,,,,0
2016,"Brock, Ontario",2011A00053518039,Row and apartment structures of three units and over,Three bedroom units,Dollars,81,units,0,v53843731,221.3.4,,F,,,0
2016,"Brock, Ontario",2011A00053518039,Row structures of three units and over,Bachelor units,Dollars,81,units,0,v53843771,221.2.1,,F,,,0
2016,"Brock, Ontario",2011A00053518039,Row structures of three units and over,One bedroom units,Dollars,81,units,0,v53843811,221.2.2,,F,,,0
2016,"Brock, Ontario",2011A00053518039,Row structures of three units and over,Two bedroom units,Dollars,81,units,0,v53843851,221.2.3,,F,,,0
2016,"Brock, Ontario",2011A00053518039,Row structures of three units and over,Three bedroom units,Dollars,81,units,0,v53843891,221.2.4,,F,,,0
2016,"Brock, Ontario",2011A00053518039,Apartment structures of three units and over,Bachelor units,Dollars,81,units,0,v53843931,221.1.1,,F,,,0
2016,"Brock, Ontario",2011A00053518039,Apartment structures of three units and over,One bedroom units,Dollars,81,units,0,v53843971,221.1.2,803,,,,0
2016,"Brock, Ontario",2011A00053518039,Apartment structures of three units and over,Two bedroom units,Dollars,81,units,0,v53844011,221.1.3,886,,,,0
2016,"Brock, Ontario",2011A00053518039,Apartment structures of three units and over,Three bedroom units,Dollars,81,units,0,v53844051,221.1.4,,F,,,0
2016,"Brock, Ontario",2011A00053518039,Apartment structures of six units and over,Bachelor units,Dollars,81,units,0,v53844091,221.4.1,,F,,,0
2016,"Brock, Ontario",2011A00053518039,Apartment structures of six units and over,One bedroom units,Dollars,81,units,0,v53844131,221.4.2,803,,,,0
2016,"Brock, Ontario",2011A00053518039,Apartment structures of six units and over,Two bedroom units,Dollars,81,units,0,v53844171,221.4.3,886,,,,0
2016,"Brock, Ontario",2011A00053518039,Apartment structures of six units and over,Three bedroom units,Dollars,81,units,0,v53844211,221.4.4,,F,,,0
2016,"Hamilton, Ontario",2011S0503537,Row and apartment structures of three units and over,Bachelor units,Dollars,81,units,0,v3822818,85.3.1,674,,,,0
2016,"Hamilton, Ontario",2011S0503537,Row and apartment structures of three units and over,One bedroom units,Dollars,81,units,0,v3822952,85.3.2,870,,,,0
2016,"Hamilton, Ontario",2011S0503537,Row and apartment structures of three units and over,Two bedroom units,Dollars,81,units,0,v3823086,85.3.3,1042,,,,0
2016,"Hamilton, Ontario",2011S0503537,Row and apartment structures of three units and over,Three bedroom units,Dollars,81,units,0,v3823220,85.3.4,1231,,,,0
2016,"Hamilton, Ontario",2011S0503537,Row structures of three units and over,Bachelor units,Dollars,81,units,0,v3823354,85.2.1,,F,,,0
2016,"Hamilton, Ontario",2011S0503537,Row structures of three units and over,One bedroom units,Dollars,81,units,0,v3823488,85.2.2,1040,,,,0
2016,"Hamilton, Ontario",2011S0503537,Row structures of three units and over,Two bedroom units,Dollars,81,units,0,v3823622,85.2.3,1161,,,,0
2016,"Hamilton, Ontario",2011S0503537,Row structures of three units and over,Three bedroom units,Dollars,81,units,0,v3823756,85.2.4,1230,,,,0
2016,"Hamilton, Ontario",2011S0503537,Apartment structures of three units and over,Bachelor units,Dollars,81,units,0,v3823890,85.1.1,673,,,,0
2016,"Hamilton, Ontario",2011S0503537,Apartment structures of three units and over,One bedroom units,Dollars,81,units,0,v3824024,85.1.2,869,,,,0
2016,"Hamilton, Ontario",2011S0503537,Apartment structures of three units and over,Two bedroom units,Dollars,81,units,0,v3824158,85.1.3,1037,,,,0
2016,"Hamilton, Ontario",2011S0503537,Apartment structures of three units and over,Three bedroom units,Dollars,81,units,0,v3824292,85.1.4,1232,,,,0
2016,"Hamilton, Ontario",2011S0503537,Apartment structures of six units and over,Bachelor units,Dollars,81,units,0,v3824426,85.4.1,701,,,,0
2016,"Hamilton, Ontario",2011S0503537,Apartment structures of six units and over,One bedroom units,Dollars,81,units,0,v3824614,85.4.2,875,,,,0
2016,"Hamilton, Ontario",2011S0503537,Apartment structures of six units and over,Two bedroom units,Dollars,81,units,0,v3824802,85.4.3,1040,,,,0
2016,"Hamilton, Ontario",2011S0503537,Apartment structures of six units and over,Three bedroom units,Dollars,81,units,0,v3824990,85.4.4,1234,,,,0
2016,"Oshawa, Ontario",2011S0503532,Row and apartment structures of three units and over,Bachelor units,Dollars,81,units,0,v3822823,104.3.1,777,,,,0
2016,"Oshawa, Ontario",2011S0503532,Row and apartment structures of three units and over,One bedroom units,Dollars,81,units,0,v3822957,104.3.2,982,,,,0
2016,"Oshawa, Ontario",2011S0503532,Row and apartment structures of three units and over,Two bedroom units,Dollars,81,units,0,v3823091,104.3.3,1112,,,,0
2016,"Oshawa, Ontario",2011S0503532,Row and apartment structures of three units and over,Three bedroom units,Dollars,81,units,0,v3823225,104.3.4,1291,,,,0
2016,"Oshawa, Ontario",2011S0503532,Row structures of three units and over,Bachelor units,Dollars,81,units,0,v3823359,104.2.1,,F,,,0
2016,"Oshawa, Ontario",2011S0503532,Row structures of three units and over,One bedroom units,Dollars,81,units,0,v3823493,104.2.2,,F,,,0
2016,"Oshawa, Ontario",2011S0503532,Row structures of three units and over,Two bedroom units,Dollars,81,units,0,v3823627,104.2.3,1289,,,,0
2016,"Oshawa, Ontario",2011S0503532,Row structures of three units and over,Three bedroom units,Dollars,81,units,0,v3823761,104.2.4,1373,,,,0
2016,"Oshawa, Ontario",2011S0503532,Apartment structures of three units and over,Bachelor units,Dollars,81,units,0,v3823895,104.1.1,777,,,,0
2016,"Oshawa, Ontario",2011S0503532,Apartment structures of three units and over,One bedroom units,Dollars,81,units,0,v3824029,104.1.2,979,,,,0
2016,"Oshawa, Ontario",2011S0503532,Apartment structures of three units and over,Two bedroom units,Dollars,81,units,0,v3824163,104.1.3,1109,,,,0
2016,"Oshawa, Ontario",2011S0503532,Apartment structures of three units and over,Three bedroom units,Dollars,81,units,0,v3824297,104.1.4,1198,,,,0
2016,"Oshawa, Ontario",2011S0503532,Apartment structures of six units and over,Bachelor units,Dollars,81,units,0,v3824431,104.4.1,793,,,,0
2016,"Oshawa, Ontario",2011S0503532,Apartment structures of six units and over,One bedroom units,Dollars,81,units,0,v3824619,104.4.2,988,,,,0
2016,"Oshawa, Ontario",2011S0503532,Apartment structures of six units and over,Two bedroom units,Dollars,81,units,0,v3824807,104.4.3,1119,,,,0
2016,"Oshawa, Ontario",2011S0503532,Apartment structures of six units and over,Three bedroom units,Dollars,81,units,0,v3824995,104.4.4,1217,,,,0
2016,"Scugog, Ontario",2011A00053518020,Row and apartment structures of three units and over,Bachelor units,Dollars,81,units,0,v53843634,228.3.1,,F,,,0
2016,"Scugog, Ontario",2011A00053518020,Row and apartment structures of three units and over,One bedroom units,Dollars,81,units,0,v53843674,228.3.2,748,,,,0
2016,"Scugog, Ontario",2011A00053518020,Row and apartment structures of three units and over,Two bedroom units,Dollars,81,units,0,v53843714,228.3.3,922,,,,0
2016,"Scugog, Ontario",2011A00053518020,Row and apartment structures of three units and over,Three bedroom units,Dollars,81,units,0,v53843754,228.3.4,,F,,,0
2016,"Scugog, Ontario",2011A00053518020,Row structures of three units and over,Bachelor units,Dollars,81,units,0,v53843794,228.2.1,,F,,,0
2016,"Scugog, Ontario",2011A00053518020,Row structures of three units and over,One bedroom units,Dollars,81,units,0,v53843834,228.2.2,,F,,,0
2016,"Scugog, Ontario",2011A00053518020,Row structures of three units and over,Two bedroom units,Dollars,81,units,0,v53843874,228.2.3,,F,,,0
2016,"Scugog, Ontario",2011A00053518020,Row structures of three units and over,Three bedroom units,Dollars,81,units,0,v53843914,228.2.4,,F,,,0
2016,"Scugog, Ontario",2011A00053518020,Apartment structures of three units and over,Bachelor units,Dollars,81,units,0,v53843954,228.1.1,,F,,,0
2016,"Scugog, Ontario",2011A00053518020,Apartment structures of three units and over,One bedroom units,Dollars,81,units,0,v53843994,228.1.2,748,,,,0
2016,"Scugog, Ontario",2011A00053518020,Apartment structures of three units and over,Two bedroom units,Dollars,81,units,0,v53844034,228.1.3,932,,,,0
2016,"Scugog, Ontario",2011A00053518020,Apartment structures of three units and over,Three bedroom units,Dollars,81,units,0,v53844074,228.1.4,,F,,,0
2016,"Scugog, Ontario",2011A00053518020,Apartment structures of six units and over,Bachelor units,Dollars,81,units,0,v53844114,228.4.1,,F,,,0
2016,"Scugog, Ontario",2011A00053518020,Apartment structures of six units and over,One bedroom units,Dollars,81,units,0,v53844154,228.4.2,,F,,,0
2016,"Scugog, Ontario",2011A00053518020,Apartment structures of six units and over,Two bedroom units,Dollars,81,units,0,v53844194,228.4.3,,F,,,0
2016,"Scugog, Ontario",2011A00053518020,Apartment structures of six units and over,Three bedroom units,Dollars,81,units,0,v53844234,228.4.4,,F,,,0
2016,"Toronto, Ontario",2011S0503535,Row and apartment structures of three units and over,Bachelor units,Dollars,81,units,0,v3822835,125.3.1,957,,,,0
2016,"Toronto, Ontario",2011S0503535,Row and apartment structures of three units and over,One bedroom units,Dollars,81,units,0,v3822969,125.3.2,1132,,,,0
2016,"Toronto, Ontario",2011S0503535,Row and apartment structures of three units and over,Two bedroom units,Dollars,81,units,0,v3823103,125.3.3,1326,,,,0
2016,"Toronto, Ontario",2011S0503535,Row and apartment structures of three units and over,Three bedroom units,Dollars,81,units,0,v3823237,125.3.4,1525,,,,0
2016,"Toronto, Ontario",2011S0503535,Row structures of three units and over,Bachelor units,Dollars,81,units,0,v3823371,125.2.1,,F,,,0
2016,"Toronto, Ontario",2011S0503535,Row structures of three units and over,One bedroom units,Dollars,81,units,0,v3823505,125.2.2,,F,,,0
2016,"Toronto, Ontario",2011S0503535,Row structures of three units and over,Two bedroom units,Dollars,81,units,0,v3823639,125.2.3,1274,,,,0
2016,"Toronto, Ontario",2011S0503535,Row structures of three units and over,Three bedroom units,Dollars,81,units,0,v3823773,125.2.4,1567,,,,0
2016,"Toronto, Ontario",2011S0503535,Apartment structures of three units and over,Bachelor units,Dollars,81,units,0,v3823907,125.1.1,957,,,,0
2016,"Toronto, Ontario",2011S0503535,Apartment structures of three units and over,One bedroom units,Dollars,81,units,0,v3824041,125.1.2,1132,,,,0
2016,"Toronto, Ontario",2011S0503535,Apartment structures of three units and over,Two bedroom units,Dollars,81,units,0,v3824175,125.1.3,1327,,,,0
2016,"Toronto, Ontario",2011S0503535,Apartment structures of three units and over,Three bedroom units,Dollars,81,units,0,v3824309,125.1.4,1515,,,,0
2016,"Toronto, Ontario",2011S0503535,Apartment structures of six units and over,Bachelor units,Dollars,81,units,0,v3824443,125.4.1,959,,,,0
2016,"Toronto, Ontario",2011S0503535,Apartment structures of six units and over,One bedroom units,Dollars,81,units,0,v3824631,125.4.2,1134,,,,0
2016,"Toronto, Ontario",2011S0503535,Apartment structures of six units and over,Two bedroom units,Dollars,81,units,0,v3824819,125.4.3,1326,,,,0
2016,"Toronto, Ontario",2011S0503535,Apartment structures of six units and over,Three bedroom units,Dollars,81,units,0,v3825007,125.4.4,1502,,,,0
2017,"Brock, Ontario",2011A00053518039,Row and apartment structures of three units and over,Bachelor units,Dollars,81,units,0,v53843611,221.3.1,,F,,,0
2017,"Brock, Ontario",2011A00053518039,Row and apartment structures of three units and over,One bedroom units,Dollars,81,units,0,v53843651,221.3.2,823,,,,0
2017,"Brock, Ontario",2011A00053518039,Row and apartment structures of three units and over,Two bedroom units,Dollars,81,units,0,v53843691,221.3.3,930,,,,0
2017,"Brock, Ontario",2011A00053518039,Row and apartment structures of three units and over,Three bedroom units,Dollars,81,units,0,v53843731,221.3.4,,F,,,0
2017,"Brock, Ontario",2011A00053518039,Row structures of three units and over,Bachelor units,Dollars,81,units,0,v53843771,221.2.1,,F,,,0
2017,"Brock, Ontario",2011A00053518039,Row structures of three units and over,One bedroom units,Dollars,81,units,0,v53843811,221.2.2,,F,,,0
2017,"Brock, Ontario",2011A00053518039,Row structures of three units and over,Two bedroom units,Dollars,81,units,0,v53843851,221.2.3,,F,,,0
2017,"Brock, Ontario",2011A00053518039,Row structures of three units and over,Three bedroom units,Dollars,81,units,0,v53843891,221.2.4,,F,,,0
2017,"Brock, Ontario",2011A00053518039,Apartment structures of three units and over,Bachelor units,Dollars,81,units,0,v53843931,221.1.1,,F,,,0
2017,"Brock, Ontario",2011A00053518039,Apartment structures of three units and over,One bedroom units,Dollars,81,units,0,v53843971,221.1.2,823,,,,0
2017,"Brock, Ontario",2011A00053518039,Apartment structures of three units and over,Two bedroom units,Dollars,81,units,0,v53844011,221.1.3,930,,,,0
2017,"Brock, Ontario",2011A00053518039,Apartment structures of three units and over,Three bedroom units,Dollars,81,units,0,v53844051,221.1.4,,F,,,0
2017,"Brock, Ontario",2011A00053518039,Apartment structures of six units and over,Bachelor units,Dollars,81,units,0,v53844091,221.4.1,,F,,,0
2017,"Brock, Ontario",2011A00053518039,Apartment structures of six units and over,One bedroom units,Dollars,81,units,0,v53844131,221.4.2,823,,,,0
2017,"Brock, Ontario",2011A00053518039,Apartment structures of six units and over,Two bedroom units,Dollars,81,units,0,v53844171,221.4.3,930,,,,0
2017,"Brock, Ontario",2011A00053518039,Apartment structures of six units and over,Three bedroom units,Dollars,81,units,0,v53844211,221.4.4,,F,,,0
2017,"Hamilton, Ontario",2011S0503537,Row and apartment structures of three units and over,Bachelor units,Dollars,81,units,0,v3822818,85.3.1,651,,,,0
2017,"Hamilton, Ontario",2011S0503537,Row and apartment structures of three units and over,One bedroom units,Dollars,81,units,0,v3822952,85.3.2,905,,,,0
2017,"Hamilton, Ontario",2011S0503537,Row and apartment structures of three units and over,Two bedroom units,Dollars,81,units,0,v3823086,85.3.3,1109,,,,0
2017,"Hamilton, Ontario",2011S0503537,Row and apartment structures of three units and over,Three bedroom units,Dollars,81,units,0,v3823220,85.3.4,1306,,,,0
2017,"Hamilton, Ontario",2011S0503537,Row structures of three units and over,Bachelor units,Dollars,81,units,0,v3823354,85.2.1,,F,,,0
2017,"Hamilton, Ontario",2011S0503537,Row structures of three units and over,One bedroom units,Dollars,81,units,0,v3823488,85.2.2,1041,,,,0
2017,"Hamilton, Ontario",2011S0503537,Row structures of three units and over,Two bedroom units,Dollars,81,units,0,v3823622,85.2.3,1236,,,,0
2017,"Hamilton, Ontario",2011S0503537,Row structures of three units and over,Three bedroom units,Dollars,81,units,0,v3823756,85.2.4,1252,,,,0
2017,"Hamilton, Ontario",2011S0503537,Apartment structures of three units and over,Bachelor units,Dollars,81,units,0,v3823890,85.1.1,650,,,,0
2017,"Hamilton, Ontario",2011S0503537,Apartment structures of three units and over,One bedroom units,Dollars,81,units,0,v3824024,85.1.2,905,,,,0
2017,"Hamilton, Ontario",2011S0503537,Apartment structures of three units and over,Two bedroom units,Dollars,81,units,0,v3824158,85.1.3,1103,,,,0
2017,"Hamilton, Ontario",2011S0503537,Apartment structures of three units and over,Three bedroom units,Dollars,81,units,0,v3824292,85.1.4,1345,,,,0
2017,"Hamilton, Ontario",2011S0503537,Apartment structures of six units and over,Bachelor units,Dollars,81,units,0,v3824426,85.4.1,667,,,,0
2017,"Hamilton, Ontario",2011S0503537,Apartment structures of six units and over,One bedroom units,Dollars,81,units,0,v3824614,85.4.2,910,,,,0
2017,"Hamilton, Ontario",2011S0503537,Apartment structures of six units and over,Two bedroom units,Dollars,81,units,0,v3824802,85.4.3,1107,,,,0
2017,"Hamilton, Ontario",2011S0503537,Apartment structures of six units and over,Three bedroom units,Dollars,81,units,0,v3824990,85.4.4,1354,,,,0
2017,"Oshawa, Ontario",2011S0503532,Row and apartment structures of three units and over,Bachelor units,Dollars,81,units,0,v3822823,104.3.1,817,,,,0
2017,"Oshawa, Ontario",2011S0503532,Row and apartment structures of three units and over,One bedroom units,Dollars,81,units,0,v3822957,104.3.2,1037,,,,0
2017,"Oshawa, Ontario",2011S0503532,Row and apartment structures of three units and over,Two bedroom units,Dollars,81,units,0,v3823091,104.3.3,1182,,,,0
2017,"Oshawa, Ontario",2011S0503532,Row and apartment structures of three units and over,Three bedroom units,Dollars,81,units,0,v3823225,104.3.4,1326,,,,0
2017,"Oshawa, Ontario",2011S0503532,Row structures of three units and over,Bachelor units,Dollars,81,units,0,v3823359,104.2.1,,F,,,0
2017,"Oshawa, Ontario",2011S0503532,Row structures of three units and over,One bedroom units,Dollars,81,units,0,v3823493,104.2.2,,F,,,0
2017,"Oshawa, Ontario",2011S0503532,Row structures of three units and over,Two bedroom units,Dollars,81,units,0,v3823627,104.2.3,1442,,,,0
2017,"Oshawa, Ontario",2011S0503532,Row structures of three units and over,Three bedroom units,Dollars,81,units,0,v3823761,104.2.4,1369,,,,0
2017,"Oshawa, Ontario",2011S0503532,Apartment structures of three units and over,Bachelor units,Dollars,81,units,0,v3823895,104.1.1,817,,,,0
2017,"Oshawa, Ontario",2011S0503532,Apartment structures of three units and over,One bedroom units,Dollars,81,units,0,v3824029,104.1.2,1038,,,,0
2017,"Oshawa, Ontario",2011S0503532,Apartment structures of three units and over,Two bedroom units,Dollars,81,units,0,v3824163,104.1.3,1179,,,,0
2017,"Oshawa, Ontario",2011S0503532,Apartment structures of three units and over,Three bedroom units,Dollars,81,units,0,v3824297,104.1.4,1282,,,,0
2017,"Oshawa, Ontario",2011S0503532,Apartment structures of six units and over,Bachelor units,Dollars,81,units,0,v3824431,104.4.1,847,,,,0
2017,"Oshawa, Ontario",2011S0503532,Apartment structures of six units and over,One bedroom units,Dollars,81,units,0,v3824619,104.4.2,1050,,,,0
2017,"Oshawa, Ontario",2011S0503532,Apartment structures of six units and over,Two bedroom units,Dollars,81,units,0,v3824807,104.4.3,1190,,,,0
2017,"Oshawa, Ontario",2011S0503532,Apartment structures of six units and over,Three bedroom units,Dollars,81,units,0,v3824995,104.4.4,1297,,,,0
2017,"Scugog, Ontario",2011A00053518020,Row and apartment structures of three units and over,Bachelor units,Dollars,81,units,0,v53843634,228.3.1,,F,,,0
2017,"Scugog, Ontario",2011A00053518020,Row and apartment structures of three units and over,One bedroom units,Dollars,81,units,0,v53843674,228.3.2,853,,,,0
2017,"Scugog, Ontario",2011A00053518020,Row and apartment structures of three units and over,Two bedroom units,Dollars,81,units,0,v53843714,228.3.3,871,,,,0
2017,"Scugog, Ontario",2011A00053518020,Row and apartment structures of three units and over,Three bedroom units,Dollars,81,units,0,v53843754,228.3.4,,F,,,0
2017,"Scugog, Ontario",2011A00053518020,Row structures of three units and over,Bachelor units,Dollars,81,units,0,v53843794,228.2.1,,F,,,0
2017,"Scugog, Ontario",2011A00053518020,Row structures of three units and over,One bedroom units,Dollars,81,units,0,v53843834,228.2.2,,F,,,0
2017,"Scugog, Ontario",2011A00053518020,Row structures of three units and over,Two bedroom units,Dollars,81,units,0,v53843874,228.2.3,,F,,,0
2017,"Scugog, Ontario",2011A00053518020,Row structures of three units and over,Three bedroom units,Dollars,81,units,0,v53843914,228.2.4,,F,,,0
2017,"Scugog, Ontario",2011A00053518020,Apartment structures of three units and over,Bachelor units,Dollars,81,units,0,v53843954,228.1.1,,F,,,0
2017,"Scugog, Ontario",2011A00053518020,Apartment structures of three units and over,One bedroom units,Dollars,81,units,0,v53843994,228.1.2,853,,,,0
2017,"Scugog, Ontario",2011A00053518020,Apartment structures of three units and over,Two bedroom units,Dollars,81,units,0,v53844034,228.1.3,871,,,,0
2017,"Scugog, Ontario",2011A00053518020,Apartment structures of three units and over,Three bedroom units,Dollars,81,units,0,v53844074,228.1.4,,F,,,0
2017,"Scugog, Ontario",2011A00053518020,Apartment structures of six units and over,Bachelor units,Dollars,81,units,0,v53844114,228.4.1,,F,,,0
2017,"Scugog, Ontario",2011A00053518020,Apartment structures of six units and over,One bedroom units,Dollars,81,units,0,v53844154,228.4.2,,F,,,0
2017,"Scugog, Ontario",2011A00053518020,Apartment structures of six units and over,Two bedroom units,Dollars,81,units,0,v53844194,228.4.3,,F,,,0
2017,"Scugog, Ontario",2011A00053518020,Apartment structures of six units and over,Three bedroom units,Dollars,81,units,0,v53844234,228.4.4,,F,,,0
2017,"Toronto, Ontario",2011S0503535,Row and apartment structures of three units and over,Bachelor units,Dollars,81,units,0,v3822835,125.3.1,1013,,,,0
2017,"Toronto, Ontario",2011S0503535,Row and apartment structures of three units and over,One bedroom units,Dollars,81,units,0,v3822969,125.3.2,1194,,,,0
2017,"Toronto, Ontario",2011S0503535,Row and apartment structures of three units and over,Two bedroom units,Dollars,81,units,0,v3823103,125.3.3,1403,,,,0
2017,"Toronto, Ontario",2011S0503535,Row and apartment structures of three units and over,Three bedroom units,Dollars,81,units,0,v3823237,125.3.4,1589,,,,0
2017,"Toronto, Ontario",2011S0503535,Row structures of three units and over,Bachelor units,Dollars,81,units,0,v3823371,125.2.1,,F,,,0
2017,"Toronto, Ontario",2011S0503535,Row structures of three units and over,One bedroom units,Dollars,81,units,0,v3823505,125.2.2,1272,,,,0
2017,"Toronto, Ontario",2011S0503535,Row structures of three units and over,Two bedroom units,Dollars,81,units,0,v3823639,125.2.3,1342,,,,0
2017,"Toronto, Ontario",2011S0503535,Row structures of three units and over,Three bedroom units,Dollars,81,units,0,v3823773,125.2.4,1674,,,,0
2017,"Toronto, Ontario",2011S0503535,Apartment structures of three units and over,Bachelor units,Dollars,81,units,0,v3823907,125.1.1,1013,,,,0
2017,"Toronto, Ontario",2011S0503535,Apartment structures of three units and over,One bedroom units,Dollars,81,units,0,v3824041,125.1.2,1194,,,,0
2017,"Toronto, Ontario",2011S0503535,Apartment structures of three units and over,Two bedroom units,Dollars,81,units,0,v3824175,125.1.3,1404,,,,0
2017,"Toronto, Ontario",2011S0503535,Apartment structures of three units and over,Three bedroom units,Dollars,81,units,0,v3824309,125.1.4,1569,,,,0
2017,"Toronto, Ontario",2011S0503535,Apartment structures of six units and over,Bachelor units,Dollars,81,units,0,v3824443,125.4.1,1016,,,,0
2017,"Toronto, Ontario",2011S0503535,Apartment structures of six units and over,One bedroom units,Dollars,81,units,0,v3824631,125.4.2,1197,,,,0
2017,"Toronto, Ontario",2011S0503535,Apartment structures of six units and over,Two bedroom units,Dollars,81,units,0,v3824819,125.4.3,1400,,,,0
2017,"Toronto, Ontario",2011S0503535,Apartment structures of six units and over,Three bedroom units,Dollars,81,units,0,v3825007,125.4.4,1562,,,,0
2018,"Brock, Ontario",2011A00053518039,Row and apartment structures of three units and over,Bachelor units,Dollars,81,units,0,v53843611,221.3.1,,F,,,0
2018,"Brock, Ontario",2011A00053518039,Row and apartment structures of three units and over,One bedroom units,Dollars,81,units,0,v53843651,221.3.2,862,,,,0
2018,"Brock, Ontario",2011A00053518039,Row and apartment structures of three units and over,Two bedroom units,Dollars,81,units,0,v53843691,221.3.3,927,,,,0
2018,"Brock, Ontario",2011A00053518039,Row and apartment structures of three units and over,Three bedroom units,Dollars,81,units,0,v53843731,221.3.4,,F,,,0
2018,"Brock, Ontario",2011A00053518039,Row structures of three units and over,Bachelor units,Dollars,81,units,0,v53843771,221.2.1,,F,,,0
2018,"Brock, Ontario",2011A00053518039,Row structures of three units and over,One bedroom units,Dollars,81,units,0,v53843811,221.2.2,,F,,,0
2018,"Brock, Ontario",2011A00053518039,Row structures of three units and over,Two bedroom units,Dollars,81,units,0,v53843851,221.2.3,,F,,,0
2018,"Brock, Ontario",2011A00053518039,Row structures of three units and over,Three bedroom units,Dollars,81,units,0,v53843891,221.2.4,,F,,,0
2018,"Brock, Ontario",2011A00053518039,Apartment structures of three units and over,Bachelor units,Dollars,81,units,0,v53843931,221.1.1,,F,,,0
2018,"Brock, Ontario",2011A00053518039,Apartment structures of three units and over,One bedroom units,Dollars,81,units,0,v53843971,221.1.2,862,,,,0
2018,"Brock, Ontario",2011A00053518039,Apartment structures of three units and over,Two bedroom units,Dollars,81,units,0,v53844011,221.1.3,927,,,,0
2018,"Brock, Ontario",2011A00053518039,Apartment structures of three units and over,Three bedroom units,Dollars,81,units,0,v53844051,221.1.4,,F,,,0
2018,"Brock, Ontario",2011A00053518039,Apartment structures of six units and over,Bachelor units,Dollars,81,units,0,v53844091,221.4.1,,F,,,0
2018,"Brock, Ontario",2011A00053518039,Apartment structures of six units and over,One bedroom units,Dollars,81,units,0,v53844131,221.4.2,862,,,,0
2018,"Brock, Ontario",2011A00053518039,Apartment structures of six units and over,Two bedroom units,Dollars,81,units,0,v53844171,221.4.3,927,,,,0
2018,"Brock, Ontario",2011A00053518039,Apartment structures of six units and over,Three bedroom units,Dollars,81,units,0,v53844211,221.4.4,,F,,,0
2018,"Hamilton, Ontario",2011S0503537,Row and apartment structures of three units and over,Bachelor units,Dollars,81,units,0,v3822818,85.3.1,807,,,,0
2018,"Hamilton, Ontario",2011S0503537,Row and apartment structures of three units and over,One bedroom units,Dollars,81,units,0,v3822952,85.3.2,970,,,,0
2018,"Hamilton, Ontario",2011S0503537,Row and apartment structures of three units and over,Two bedroom units,Dollars,81,units,0,v3823086,85.3.3,1162,,,,0
2018,"Hamilton, Ontario",2011S0503537,Row and apartment structures of three units and over,Three bedroom units,Dollars,81,units,0,v3823220,85.3.4,1373,,,,0
2018,"Hamilton, Ontario",2011S0503537,Row structures of three units and over,Bachelor units,Dollars,81,units,0,v3823354,85.2.1,,F,,,0
2018,"Hamilton, Ontario",2011S0503537,Row structures of three units and over,One bedroom units,Dollars,81,units,0,v3823488,85.2.2,1076,,,,0
2018,"Hamilton, Ontario",2011S0503537,Row structures of three units and over,Two bedroom units,Dollars,81,units,0,v3823622,85.2.3,1246,,,,0
2018,"Hamilton, Ontario",2011S0503537,Row structures of three units and over,Three bedroom units,Dollars,81,units,0,v3823756,85.2.4,1374,,,,0
2018,"Hamilton, Ontario",2011S0503537,Apartment structures of three units and over,Bachelor units,Dollars,81,units,0,v3823890,85.1.1,806,,,,0
2018,"Hamilton, Ontario",2011S0503537,Apartment structures of three units and over,One bedroom units,Dollars,81,units,0,v3824024,85.1.2,970,,,,0
2018,"Hamilton, Ontario",2011S0503537,Apartment structures of three units and over,Two bedroom units,Dollars,81,units,0,v3824158,85.1.3,1158,,,,0
2018,"Hamilton, Ontario",2011S0503537,Apartment structures of three units and over,Three bedroom units,Dollars,81,units,0,v3824292,85.1.4,1373,,,,0
2018,"Hamilton, Ontario",2011S0503537,Apartment structures of six units and over,Bachelor units,Dollars,81,units,0,v3824426,85.4.1,833,,,,0
2018,"Hamilton, Ontario",2011S0503537,Apartment structures of six units and over,One bedroom units,Dollars,81,units,0,v3824614,85.4.2,975,,,,0
2018,"Hamilton, Ontario",2011S0503537,Apartment structures of six units and over,Two bedroom units,Dollars,81,units,0,v3824802,85.4.3,1159,,,,0
2018,"Hamilton, Ontario",2011S0503537,Apartment structures of six units and over,Three bedroom units,Dollars,81,units,0,v3824990,85.4.4,1383,,,,0
2018,"Oshawa, Ontario",2011S0503532,Row and apartment structures of three units and over,Bachelor units,Dollars,81,units,0,v3822823,104.3.1,845,,,,0
2018,"Oshawa, Ontario",2011S0503532,Row and apartment structures of three units and over,One bedroom units,Dollars,81,units,0,v3822957,104.3.2,1167,,,,0
2018,"Oshawa, Ontario",2011S0503532,Row and apartment structures of three units and over,Two bedroom units,Dollars,81,units,0,v3823091,104.3.3,1248,,,,0
2018,"Oshawa, Ontario",2011S0503532,Row and apartment structures of three units and over,Three bedroom units,Dollars,81,units,0,v3823225,104.3.4,1412,,,,0
2018,"Oshawa, Ontario",2011S0503532,Row structures of three units and over,Bachelor units,Dollars,81,units,0,v3823359,104.2.1,,F,,,0
2018,"Oshawa, Ontario",2011S0503532,Row structures of three units and over,One bedroom units,Dollars,81,units,0,v3823493,104.2.2,,F,,,0
2018,"Oshawa, Ontario",2011S0503532,Row structures of three units and over,Two bedroom units,Dollars,81,units,0,v3823627,104.2.3,1497,,,,0
2018,"Oshawa, Ontario",2011S0503532,Row structures of three units and over,Three bedroom units,Dollars,81,units,0,v3823761,104.2.4,1475,,,,0
2018,"Oshawa, Ontario",2011S0503532,Apartment structures of three units and over,Bachelor units,Dollars,81,units,0,v3823895,104.1.1,845,,,,0
2018,"Oshawa, Ontario",2011S0503532,Apartment structures of three units and over,One bedroom units,Dollars,81,units,0,v3824029,104.1.2,1168,,,,0
2018,"Oshawa, Ontario",2011S0503532,Apartment structures of three units and over,Two bedroom units,Dollars,81,units,0,v3824163,104.1.3,1246,,,,0
2018,"Oshawa, Ontario",2011S0503532,Apartment structures of three units and over,Three bedroom units,Dollars,81,units,0,v3824297,104.1.4,1352,,,,0
2018,"Oshawa, Ontario",2011S0503532,Apartment structures of six units and over,Bachelor units,Dollars,81,units,0,v3824431,104.4.1,864,,,,0
2018,"Oshawa, Ontario",2011S0503532,Apartment structures of six units and over,One bedroom units,Dollars,81,units,0,v3824619,104.4.2,1182,,,,0
2018,"Oshawa, Ontario",2011S0503532,Apartment structures of six units and over,Two bedroom units,Dollars,81,units,0,v3824807,104.4.3,1259,,,,0
2018,"Oshawa, Ontario",2011S0503532,Apartment structures of six units and over,Three bedroom units,Dollars,81,units,0,v3824995,104.4.4,1364,,,,0
2018,"Scugog, Ontario",2011A00053518020,Row and apartment structures of three units and over,Bachelor units,Dollars,81,units,0,v53843634,228.3.1,,F,,,0
2018,"Scugog, Ontario",2011A00053518020,Row and apartment structures of three units and over,One bedroom units,Dollars,81,units,0,v53843674,228.3.2,841,,,,0
2018,"Scugog, Ontario",2011A00053518020,Row and apartment structures of three units and over,Two bedroom units,Dollars,81,units,0,v53843714,228.3.3,876,,,,0
2018,"Scugog, Ontario",2011A00053518020,Row and apartment structures of three units and over,Three bedroom units,Dollars,81,units,0,v53843754,228.3.4,,F,,,0
2018,"Scugog, Ontario",2011A00053518020,Row structures of three units and over,Bachelor units,Dollars,81,units,0,v53843794,228.2.1,,F,,,0
2018,"Scugog, Ontario",2011A00053518020,Row structures of three units and over,One bedroom units,Dollars,81,units,0,v53843834,228.2.2,,F,,,0
2018,"Scugog, Ontario",2011A00053518020,Row structures of three units and over,Two bedroom units,Dollars,81,units,0,v53843874,228.2.3,,F,,,0
2018,"Scugog, Ontario",2011A00053518020,Row structures of three units and over,Three bedroom units,Dollars,81,units,0,v53843914,228.2.4,,F,,,0
2018,"Scugog, Ontario",2011A00053518020,Apartment structures of three units and over,Bachelor units,Dollars,81,units,0,v53843954,228.1.1,,F,,,0
2018,"Scugog, Ontario",2011A00053518020,Apartment structures of three units and over,One bedroom units,Dollars,81,units,0,v53843994,228.1.2,841,,,,0
2018,"Scugog, Ontario",2011A00053518020,Apartment structures of three units and over,Two bedroom units,Dollars,81,units,0,v53844034,228.1.3,876,,,,0
2018,"Scugog, Ontario",2011A00053518020,Apartment structures of three units and over,Three bedroom units,Dollars,81,units,0,v53844074,228.1.4,,F,,,0
2018,"Scugog, Ontario",2011A00053518020,Apartment structures of six units and over,Bachelor units,Dollars,81,units,0,v53844114,228.4.1,,F,,,0
2018,"Scugog, Ontario",2011A00053518020,Apartment structures of six units and over,One bedroom units,Dollars,81,units,0,v53844154,228.4.2,,F,,,0
2018,"Scugog, Ontario",2011A00053518020,Apartment structures of six units and over,Two bedroom units,Dollars,81,units,0,v53844194,228.4.3,,F,,,0
2018,"Scugog, Ontario",2011A00053518020,Apartment structures of six units and over,Three bedroom units,Dollars,81,units,0,v53844234,228.4.4,,F,,,0
2018,"Toronto, Ontario",2011S0503535,Row and apartment structures of three units and over,Bachelor units,Dollars,81,units,0,v3822835,125.3.1,1081,,,,0
2018,"Toronto, Ontario",2011S0503535,Row and apartment structures of three units and over,One bedroom units,Dollars,81,units,0,v3822969,125.3.2,1261,,,,0
2018,"Toronto, Ontario",2011S0503535,Row and apartment structures of three units and over,Two bedroom units,Dollars,81,units,0,v3823103,125.3.3,1468,,,,0
2018,"Toronto, Ontario",2011S0503535,Row and apartment structures of three units and over,Three bedroom units,Dollars,81,units,0,v3823237,125.3.4,1647,,,,0
2018,"Toronto, Ontario",2011S0503535,Row structures of three units and over,Bachelor units,Dollars,81,units,0,v3823371,125.2.1,,F,,,0
2018,"Toronto, Ontario",2011S0503535,Row structures of three units and over,One bedroom units,Dollars,81,units,0,v3823505,125.2.2,,F,,,0
2018,"Toronto, Ontario",2011S0503535,Row structures of three units and over,Two bedroom units,Dollars,81,units,0,v3823639,125.2.3,1513,,,,0
2018,"Toronto, Ontario",2011S0503535,Row structures of three units and over,Three bedroom units,Dollars,81,units,0,v3823773,125.2.4,1703,,,,0
2018,"Toronto, Ontario",2011S0503535,Apartment structures of three units and over,Bachelor units,Dollars,81,units,0,v3823907,125.1.1,1080,,,,0
2018,"Toronto, Ontario",2011S0503535,Apartment structures of three units and over,One bedroom units,Dollars,81,units,0,v3824041,125.1.2,1261,,,,0
2018,"Toronto, Ontario",2011S0503535,Apartment structures of three units and over,Two bedroom units,Dollars,81,units,0,v3824175,125.1.3,1467,,,,0
2018,"Toronto, Ontario",2011S0503535,Apartment structures of three units and over,Three bedroom units,Dollars,81,units,0,v3824309,125.1.4,1633,,,,0
2018,"Toronto, Ontario",2011S0503535,Apartment structures of six units and over,Bachelor units,Dollars,81,units,0,v3824443,125.4.1,1083,,,,0
2018,"Toronto, Ontario",2011S0503535,Apartment structures of six units and over,One bedroom units,Dollars,81,units,0,v3824631,125.4.2,1263,,,,0
2018,"Toronto, Ontario",2011S0503535,Apartment structures of six units and over,Two bedroom units,Dollars,81,units,0,v3824819,125.4.3,1468,,,,0
2018,"Toronto, Ontario",2011S0503535,Apartment structures of six units and over,Three bedroom units,Dollars,81,units,0,v3825007,125.4.4,1628,,,,0
2019,"Brock, Ontario",2011A00053518039,Row and apartment structures of three units and over,Bachelor units,Dollars,81,units,0,v53843611,221.3.1,,F,,,0
2019,"Brock, Ontario",2011A00053518039,Row and apartment structures of three units and over,One bedroom units,Dollars,81,units,0,v53843651,221.3.2,871,,,,0
2019,"Brock, Ontario",2011A00053518039,Row and apartment structures of three units and over,Two bedroom units,Dollars,81,units,0,v53843691,221.3.3,1009,,,,0
2019,"Brock, Ontario",2011A00053518039,Row and apartment structures of three units and over,Three bedroom units,Dollars,81,units,0,v53843731,221.3.4,,F,,,0
2019,"Brock, Ontario",2011A00053518039,Row structures of three units and over,Bachelor units,Dollars,81,units,0,v53843771,221.2.1,,F,,,0
2019,"Brock, Ontario",2011A00053518039,Row structures of three units and over,One bedroom units,Dollars,81,units,0,v53843811,221.2.2,,F,,,0
2019,"Brock, Ontario",2011A00053518039,Row structures of three units and over,Two bedroom units,Dollars,81,units,0,v53843851,221.2.3,,F,,,0
2019,"Brock, Ontario",2011A00053518039,Row structures of three units and over,Three bedroom units,Dollars,81,units,0,v53843891,221.2.4,,F,,,0
2019,"Brock, Ontario",2011A00053518039,Apartment structures of three units and over,Bachelor units,Dollars,81,units,0,v53843931,221.1.1,,F,,,0
2019,"Brock, Ontario",2011A00053518039,Apartment structures of three units and over,One bedroom units,Dollars,81,units,0,v53843971,221.1.2,871,,,,0
2019,"Brock, Ontario",2011A00053518039,Apartment structures of three units and over,Two bedroom units,Dollars,81,units,0,v53844011,221.1.3,1009,,,,0
2019,"Brock, Ontario",2011A00053518039,Apartment structures of three units and over,Three bedroom units,Dollars,81,units,0,v53844051,221.1.4,,F,,,0
2019,"Brock, Ontario",2011A00053518039,Apartment structures of six units and over,Bachelor units,Dollars,81,units,0,v53844091,221.4.1,,F,,,0
2019,"Brock, Ontario",2011A00053518039,Apartment structures of six units and over,One bedroom units,Dollars,81,units,0,v53844131,221.4.2,927,,,,0
2019,"Brock, Ontario",2011A00053518039,Apartment structures of six units and over,Two bedroom units,Dollars,81,units,0,v53844171,221.4.3,999,,,,0
2019,"Brock, Ontario",2011A00053518039,Apartment structures of six units and over,Three bedroom units,Dollars,81,units,0,v53844211,221.4.4,,F,,,0
2019,"Hamilton, Ontario",2011S0503537,Row and apartment structures of three units and over,Bachelor units,Dollars,81,units,0,v3822818,85.3.1,827,,,,0
2019,"Hamilton, Ontario",2011S0503537,Row and apartment structures of three units and over,One bedroom units,Dollars,81,units,0,v3822952,85.3.2,1021,,,,0
2019,"Hamilton, Ontario",2011S0503537,Row and apartment structures of three units and over,Two bedroom units,Dollars,81,units,0,v3823086,85.3.3,1223,,,,0
2019,"Hamilton, Ontario",2011S0503537,Row and apartment structures of three units and over,Three bedroom units,Dollars,81,units,0,v3823220,85.3.4,1407,,,,0
2019,"Hamilton, Ontario",2011S0503537,Row structures of three units and over,Bachelor units,Dollars,81,units,0,v3823354,85.2.1,,F,,,0
2019,"Hamilton, Ontario",2011S0503537,Row structures of three units and over,One bedroom units,Dollars,81,units,0,v3823488,85.2.2,1157,,,,0
2019,"Hamilton, Ontario",2011S0503537,Row structures of three units and over,Two bedroom units,Dollars,81,units,0,v3823622,85.2.3,1334,,,,0
2019,"Hamilton, Ontario",2011S0503537,Row structures of three units and over,Three bedroom units,Dollars,81,units,0,v3823756,85.2.4,1342,,,,0
2019,"Hamilton, Ontario",2011S0503537,Apartment structures of three units and over,Bachelor units,Dollars,81,units,0,v3823890,85.1.1,826,,,,0
2019,"Hamilton, Ontario",2011S0503537,Apartment structures of three units and over,One bedroom units,Dollars,81,units,0,v3824024,85.1.2,1020,,,,0
2019,"Hamilton, Ontario",2011S0503537,Apartment structures of three units and over,Two bedroom units,Dollars,81,units,0,v3824158,85.1.3,1219,,,,0
2019,"Hamilton, Ontario",2011S0503537,Apartment structures of three units and over,Three bedroom units,Dollars,81,units,0,v3824292,85.1.4,1450,,,,0
2019,"Hamilton, Ontario",2011S0503537,Apartment structures of six units and over,Bachelor units,Dollars,81,units,0,v3824426,85.4.1,827,,,,0
2019,"Hamilton, Ontario",2011S0503537,Apartment structures of six units and over,One bedroom units,Dollars,81,units,0,v3824614,85.4.2,1027,,,,0
2019,"Hamilton, Ontario",2011S0503537,Apartment structures of six units and over,Two bedroom units,Dollars,81,units,0,v3824802,85.4.3,1220,,,,0
2019,"Hamilton, Ontario",2011S0503537,Apartment structures of six units and over,Three bedroom units,Dollars,81,units,0,v3824990,85.4.4,1453,,,,0
2019,"Oshawa, Ontario",2011S0503532,Row and apartment structures of three units and over,Bachelor units,Dollars,81,units,0,v3822823,104.3.1,898,,,,0
2019,"Oshawa, Ontario",2011S0503532,Row and apartment structures of three units and over,One bedroom units,Dollars,81,units,0,v3822957,104.3.2,1171,,,,0
2019,"Oshawa, Ontario",2011S0503532,Row and apartment structures of three units and over,Two bedroom units,Dollars,81,units,0,v3823091,104.3.3,1270,,,,0
2019,"Oshawa, Ontario",2011S0503532,Row and apartment structures of three units and over,Three bedroom units,Dollars,81,units,0,v3823225,104.3.4,1464,,,,0
2019,"Oshawa, Ontario",2011S0503532,Row structures of three units and over,Bachelor units,Dollars,81,units,0,v3823359,104.2.1,,F,,,0
2019,"Oshawa, Ontario",2011S0503532,Row structures of three units and over,One bedroom units,Dollars,81,units,0,v3823493,104.2.2,,F,,,0
2019,"Oshawa, Ontario",2011S0503532,Row structures of three units and over,Two bedroom units,Dollars,81,units,0,v3823627,104.2.3,,F,,,0
2019,"Oshawa, Ontario",2011S0503532,Row structures of three units and over,Three bedroom units,Dollars,81,units,0,v3823761,104.2.4,1536,,,,0
2019,"Oshawa, Ontario",2011S0503532,Apartment structures of three units and over,Bachelor units,Dollars,81,units,0,v3823895,104.1.1,898,,,,0
2019,"Oshawa, Ontario",2011S0503532,Apartment structures of three units and over,One bedroom units,Dollars,81,units,0,v3824029,104.1.2,1168,,,,0
2019,"Oshawa, Ontario",2011S0503532,Apartment structures of three units and over,Two bedroom units,Dollars,81,units,0,v3824163,104.1.3,1264,,,,0
2019,"Oshawa, Ontario",2011S0503532,Apartment structures of three units and over,Three bedroom units,Dollars,81,units,0,v3824297,104.1.4,1400,,,,0
2019,"Oshawa, Ontario",2011S0503532,Apartment structures of six units and over,Bachelor units,Dollars,81,units,0,v3824431,104.4.1,918,,,,0
2019,"Oshawa, Ontario",2011S0503532,Apartment structures of six units and over,One bedroom units,Dollars,81,units,0,v3824619,104.4.2,1176,,,,0
2019,"Oshawa, Ontario",2011S0503532,Apartment structures of six units and over,Two bedroom units,Dollars,81,units,0,v3824807,104.4.3,1275,,,,0
2019,"Oshawa, Ontario",2011S0503532,Apartment structures of six units and over,Three bedroom units,Dollars,81,units,0,v3824995,104.4.4,1415,,,,0
2019,"Scugog, Ontario",2011A00053518020,Row and apartment structures of three units and over,Bachelor units,Dollars,81,units,0,v53843634,228.3.1,,F,,,0
2019,"Scugog, Ontario",2011A00053518020,Row and apartment structures of three units and over,One bedroom units,Dollars,81,units,0,v53843674,228.3.2,839,,,,0
2019,"Scugog, Ontario",2011A00053518020,Row and apartment structures of three units and over,Two bedroom units,Dollars,81,units,0,v53843714,228.3.3,1002,,,,0
2019,"Scugog, Ontario",2011A00053518020,Row and apartment structures of three units and over,Three bedroom units,Dollars,81,units,0,v53843754,228.3.4,,F,,,0
2019,"Scugog, Ontario",2011A00053518020,Row structures of three units and over,Bachelor units,Dollars,81,units,0,v53843794,228.2.1,,F,,,0
2019,"Scugog, Ontario",2011A00053518020,Row structures of three units and over,One bedroom units,Dollars,81,units,0,v53843834,228.2.2,,F,,,0
2019,"Scugog, Ontario",2011A00053518020,Row structures of three units and over,Two bedroom units,Dollars,81,units,0,v53843874,228.2.3,,F,,,0
2019,"Scugog, Ontario",2011A00053518020,Row structures of three units and over,Three bedroom units,Dollars,81,units,0,v53843914,228.2.4,,F,,,0
2019,"Scugog, Ontario",2011A00053518020,Apartment structures of three units and over,Bachelor units,Dollars,81,units,0,v53843954,228.1.1,,F,,,0
2019,"Scugog, Ontario",2011A00053518020,Apartment structures of three units and over,One bedroom units,Dollars,81,units,0,v53843994,228.1.2,839,,,,0
2019,"Scugog, Ontario",2011A00053518020,Apartment structures of three units and over,Two bedroom units,Dollars,81,units,0,v53844034,228.1.3,1002,,,,0
2019,"Scugog, Ontario",2011A00053518020,Apartment structures of three units and over,Three bedroom units,Dollars,81,units,0,v53844074,228.1.4,,F,,,0
2019,"Scugog, Ontario",2011A00053518020,Apartment structures of six units and over,Bachelor units,Dollars,81,units,0,v53844114,228.4.1,,F,,,0
2019,"Scugog, Ontario",2011A00053518020,Apartment structures of six units and over,One bedroom units,Dollars,81,units,0,v53844154,228.4.2,,F,,,0
2019,"Scugog, Ontario",2011A00053518020,Apartment structures of six units and over,Two bedroom units,Dollars,81,units,0,v53844194,228.4.3,1037,,,,0
2019,"Scugog, Ontario",2011A00053518020,Apartment structures of six units and over,Three bedroom units,Dollars,81,units,0,v53844234,228.4.4,,F,,,0
2019,"Toronto, Ontario",2011S0503535,Row and apartment structures of three units and over,Bachelor units,Dollars,81,units,0,v3822835,125.3.1,1142,,,,0
2019,"Toronto, Ontario",2011S0503535,Row and apartment structures of three units and over,One bedroom units,Dollars,81,units,0,v3822969,125.3.2,1361,,,,0
2019,"Toronto, Ontario",2011S0503535,Row and apartment structures of three units and over,Two bedroom units,Dollars,81,units,0,v3823103,125.3.3,1563,,,,0
2019,"Toronto, Ontario",2011S0503535,Row and apartment structures of three units and over,Three bedroom units,Dollars,81,units,0,v3823237,125.3.4,1730,,,,0
2019,"Toronto, Ontario",2011S0503535,Row structures of three units and over,Bachelor units,Dollars,81,units,0,v3823371,125.2.1,,F,,,0
2019,"Toronto, Ontario",2011S0503535,Row structures of three units and over,One bedroom units,Dollars,81,units,0,v3823505,125.2.2,1503,,,,0
2019,"Toronto, Ontario",2011S0503535,Row structures of three units and over,Two bedroom units,Dollars,81,units,0,v3823639,125.2.3,1613,,,,0
2019,"Toronto, Ontario",2011S0503535,Row structures of three units and over,Three bedroom units,Dollars,81,units,0,v3823773,125.2.4,1719,,,,0
2019,"Toronto, Ontario",2011S0503535,Apartment structures of three units and over,Bachelor units,Dollars,81,units,0,v3823907,125.1.1,1141,,,,0
2019,"Toronto, Ontario",2011S0503535,Apartment structures of three units and over,One bedroom units,Dollars,81,units,0,v3824041,125.1.2,1361,,,,0
2019,"Toronto, Ontario",2011S0503535,Apartment structures of three units and over,Two bedroom units,Dollars,81,units,0,v3824175,125.1.3,1562,,,,0
2019,"Toronto, Ontario",2011S0503535,Apartment structures of three units and over,Three bedroom units,Dollars,81,units,0,v3824309,125.1.4,1732,,,,0
2019,"Toronto, Ontario",2011S0503535,Apartment structures of six units and over,Bachelor units,Dollars,81,units,0,v3824443,125.4.1,1150,,,,0
2019,"Toronto, Ontario",2011S0503535,Apartment structures of six units and over,One bedroom units,Dollars,81,units,0,v3824631,125.4.2,1363,,,,0
2019,"Toronto, Ontario",2011S0503535,Apartment structures of six units and over,Two bedroom units,Dollars,81,units,0,v3824819,125.4.3,1562,,,,0
2019,"Toronto, Ontario",2011S0503535,Apartment structures of six units and over,Three bedroom units,Dollars,81,units,0,v3825007,125.4.4,1734,,,,0
2020,"Brock, Ontario",2011A00053518039,Row and apartment structures of three units and over,Bachelor units,Dollars,81,units,0,v53843611,221.3.1,,F,,,0
2020,"Brock, Ontario",2011A00053518039,Row and apartment structures of three units and over,One bedroom units,Dollars,81,units,0,v53843651,221.3.2,919,,,,0
2020,"Brock, Ontario",2011A00053518039,Row and apartment structures of three units and over,Two bedroom units,Dollars,81,units,0,v53843691,221.3.3,1008,,,,0
2020,"Brock, Ontario",2011A00053518039,Row and apartment structures of three units and over,Three bedroom units,Dollars,81,units,0,v53843731,221.3.4,,F,,,0
2020,"Brock, Ontario",2011A00053518039,Row structures of three units and over,Bachelor units,Dollars,81,units,0,v53843771,221.2.1,,F,,,0
2020,"Brock, Ontario",2011A00053518039,Row structures of three units and over,One bedroom units,Dollars,81,units,0,v53843811,221.2.2,,F,,,0
2020,"Brock, Ontario",2011A00053518039,Row structures of three units and over,Two bedroom units,Dollars,81,units,0,v53843851,221.2.3,,F,,,0
2020,"Brock, Ontario",2011A00053518039,Row structures of three units and over,Three bedroom units,Dollars,81,units,0,v53843891,221.2.4,,F,,,0
2020,"Brock, Ontario",2011A00053518039,Apartment structures of three units and over,Bachelor units,Dollars,81,units,0,v53843931,221.1.1,,F,,,0
2020,"Brock, Ontario",2011A00053518039,Apartment structures of three units and over,One bedroom units,Dollars,81,units,0,v53843971,221.1.2,919,,,,0
2020,"Brock, Ontario",2011A00053518039,Apartment structures of three units and over,Two bedroom units,Dollars,81,units,0,v53844011,221.1.3,1008,,,,0
2020,"Brock, Ontario",2011A00053518039,Apartment structures of three units and over,Three bedroom units,Dollars,81,units,0,v53844051,221.1.4,,F,,,0
2020,"Brock, Ontario",2011A00053518039,Apartment structures of six units and over,Bachelor units,Dollars,81,units,0,v53844091,221.4.1,,F,,,0
2020,"Brock, Ontario",2011A00053518039,Apartment structures of six units and over,One bedroom units,Dollars,81,units,0,v53844131,221.4.2,919,,,,0
2020,"Brock, Ontario",2011A00053518039,Apartment structures of six units and over,Two bedroom units,Dollars,81,units,0,v53844171,221.4.3,1008,,,,0
2020,"Brock, Ontario",2011A00053518039,Apartment structures of six units and over,Three bedroom units,Dollars,81,units,0,v53844211,221.4.4,,F,,,0
2020,"Hamilton, Ontario",2011S0503537,Row and apartment structures of three units and over,Bachelor units,Dollars,81,units,0,v3822818,85.3.1,899,,,,0
2020,"Hamilton, Ontario",2011S0503537,Row and apartment structures of three units and over,One bedroom units,Dollars,81,units,0,v3822952,85.3.2,1096,,,,0
2020,"Hamilton, Ontario",2011S0503537,Row and apartment structures of three units and over,Two bedroom units,Dollars,81,units,0,v3823086,85.3.3,1292,,,,0
2020,"Hamilton, Ontario",2011S0503537,Row and apartment structures of three units and over,Three bedroom units,Dollars,81,units,0,v3823220,85.3.4,1457,,,,0
2020,"Hamilton, Ontario",2011S0503537,Row structures of three units and over,Bachelor units,Dollars,81,units,0,v3823354,85.2.1,,F,,,0
2020,"Hamilton, Ontario",2011S0503537,Row structures of three units and over,One bedroom units,Dollars,81,units,0,v3823488,85.2.2,1205,,,,0
2020,"Hamilton, Ontario",2011S0503537,Row structures of three units and over,Two bedroom units,Dollars,81,units,0,v3823622,85.2.3,1314,,,,0
2020,"Hamilton, Ontario",2011S0503537,Row structures of three units and over,Three bedroom units,Dollars,81,units,0,v3823756,85.2.4,1371,,,,0
2020,"Hamilton, Ontario",2011S0503537,Apartment structures of three units and over,Bachelor units,Dollars,81,units,0,v3823890,85.1.1,898,,,,0
2020,"Hamilton, Ontario",2011S0503537,Apartment structures of three units and over,One bedroom units,Dollars,81,units,0,v3824024,85.1.2,1096,,,,0
2020,"Hamilton, Ontario",2011S0503537,Apartment structures of three units and over,Two bedroom units,Dollars,81,units,0,v3824158,85.1.3,1291,,,,0
2020,"Hamilton, Ontario",2011S0503537,Apartment structures of three units and over,Three bedroom units,Dollars,81,units,0,v3824292,85.1.4,1511,,,,0
2020,"Hamilton, Ontario",2011S0503537,Apartment structures of six units and over,Bachelor units,Dollars,81,units,0,v3824426,85.4.1,910,,,,0
2020,"Hamilton, Ontario",2011S0503537,Apartment structures of six units and over,One bedroom units,Dollars,81,units,0,v3824614,85.4.2,1103,,,,0
2020,"Hamilton, Ontario",2011S0503537,Apartment structures of six units and over,Two bedroom units,Dollars,81,units,0,v3824802,85.4.3,1294,,,,0
2020,"Hamilton, Ontario",2011S0503537,Apartment structures of six units and over,Three bedroom units,Dollars,81,units,0,v3824990,85.4.4,1515,,,,0
2020,"Oshawa, Ontario",2011S0503532,Row and apartment structures of three units and over,Bachelor units,Dollars,81,units,0,v3822823,104.3.1,937,,,,0
2020,"Oshawa, Ontario",2011S0503532,Row and apartment structures of three units and over,One bedroom units,Dollars,81,units,0,v3822957,104.3.2,1182,,,,0
2020,"Oshawa, Ontario",2011S0503532,Row and apartment structures of three units and over,Two bedroom units,Dollars,81,units,0,v3823091,104.3.3,1354,,,,0
2020,"Oshawa, Ontario",2011S0503532,Row and apartment structures of three units and over,Three bedroom units,Dollars,81,units,0,v3823225,104.3.4,1608,,,,0
2020,"Oshawa, Ontario",2011S0503532,Row structures of three units and over,Bachelor units,Dollars,81,units,0,v3823359,104.2.1,,F,,,0
2020,"Oshawa, Ontario",2011S0503532,Row structures of three units and over,One bedroom units,Dollars,81,units,0,v3823493,104.2.2,,F,,,0
2020,"Oshawa, Ontario",2011S0503532,Row structures of three units and over,Two bedroom units,Dollars,81,units,0,v3823627,104.2.3,,F,,,0
2020,"Oshawa, Ontario",2011S0503532,Row structures of three units and over,Three bedroom units,Dollars,81,units,0,v3823761,104.2.4,1701,,,,0
2020,"Oshawa, Ontario",2011S0503532,Apartment structures of three units and over,Bachelor units,Dollars,81,units,0,v3823895,104.1.1,937,,,,0
2020,"Oshawa, Ontario",2011S0503532,Apartment structures of three units and over,One bedroom units,Dollars,81,units,0,v3824029,104.1.2,1182,,,,0
2020,"Oshawa, Ontario",2011S0503532,Apartment structures of three units and over,Two bedroom units,Dollars,81,units,0,v3824163,104.1.3,1352,,,,0
2020,"Oshawa, Ontario",2011S0503532,Apartment structures of three units and over,Three bedroom units,Dollars,81,units,0,v3824297,104.1.4,1499,,,,0
2020,"Oshawa, Ontario",2011S0503532,Apartment structures of six units and over,Bachelor units,Dollars,81,units,0,v3824431,104.4.1,957,,,,0
2020,"Oshawa, Ontario",2011S0503532,Apartment structures of six units and over,One bedroom units,Dollars,81,units,0,v3824619,104.4.2,1193,,,,0
2020,"Oshawa, Ontario",2011S0503532,Apartment structures of six units and over,Two bedroom units,Dollars,81,units,0,v3824807,104.4.3,1362,,,,0
2020,"Oshawa, Ontario",2011S0503532,Apartment structures of six units and over,Three bedroom units,Dollars,81,units,0,v3824995,104.4.4,1517,,,,0
2020,"Scugog, Ontario",2011A00053518020,Row and apartment structures of three units and over,Bachelor units,Dollars,81,units,0,v53843634,228.3.1,,F,,,0
2020,"Scugog, Ontario",2011A00053518020,Row and apartment structures of three units and over,One bedroom units,Dollars,81,units,0,v53843674,228.3.2,868,,,,0
2020,"Scugog, Ontario",2011A00053518020,Row and apartment structures of three units and over,Two bedroom units,Dollars,81,units,0,v53843714,228.3.3,1064,,,,0
2020,"Scugog, Ontario",2011A00053518020,Row and apartment structures of three units and over,Three bedroom units,Dollars,81,units,0,v53843754,228.3.4,,F,,,0
2020,"Scugog, Ontario",2011A00053518020,Row structures of three units and over,Bachelor units,Dollars,81,units,0,v53843794,228.2.1,,F,,,0
2020,"Scugog, Ontario",2011A00053518020,Row structures of three units and over,One bedroom units,Dollars,81,units,0,v53843834,228.2.2,,F,,,0
2020,"Scugog, Ontario",2011A00053518020,Row structures of three units and over,Two bedroom units,Dollars,81,units,0,v53843874,228.2.3,,F,,,0
2020,"Scugog, Ontario",2011A00053518020,Row structures of three units and over,Three bedroom units,Dollars,81,units,0,v53843914,228.2.4,,F,,,0
2020,"Scugog, Ontario",2011A00053518020,Apartment structures of three units and over,Bachelor units,Dollars,81,units,0,v53843954,228.1.1,,F,,,0
2020,"Scugog, Ontario",2011A00053518020,Apartment structures of three units and over,One bedroom units,Dollars,81,units,0,v53843994,228.1.2,868,,,,0
2020,"Scugog, Ontario",2011A00053518020,Apartment structures of three units and over,Two bedroom units,Dollars,81,units,0,v53844034,228.1.3,1064,,,,0
2020,"Scugog, Ontario",2011A00053518020,Apartment structures of three units and over,Three bedroom units,Dollars,81,units,0,v53844074,228.1.4,,F,,,0
2020,"Scugog, Ontario",2011A00053518020,Apartment structures of six units and over,Bachelor units,Dollars,81,units,0,v53844114,228.4.1,,F,,,0
2020,"Scugog, Ontario",2011A00053518020,Apartment structures of six units and over,One bedroom units,Dollars,81,units,0,v53844154,228.4.2,,F,,,0
2020,"Scugog, Ontario",2011A00053518020,Apartment structures of six units and over,Two bedroom units,Dollars,81,units,0,v53844194,228.4.3,,F,,,0
2020,"Scugog, Ontario",2011A00053518020,Apartment structures of six units and over,Three bedroom units,Dollars,81,units,0,v53844234,228.4.4,,F,,,0
2020,"Toronto, Ontario",2011S0503535,Row and apartment structures of three units and over,Bachelor units,Dollars,81,units,0,v3822835,125.3.1,1204,,,,0
2020,"Toronto, Ontario",2011S0503535,Row and apartment structures of three units and over,One bedroom units,Dollars,81,units,0,v3822969,125.3.2,1421,,,,0
2020,"Toronto, Ontario",2011S0503535,Row and apartment structures of three units and over,Two bedroom units,Dollars,81,units,0,v3823103,125.3.3,1637,,,,0
2020,"Toronto, Ontario",2011S0503535,Row and apartment structures of three units and over,Three bedroom units,Dollars,81,units,0,v3823237,125.3.4,1854,,,,0
2020,"Toronto, Ontario",2011S0503535,Row structures of three units and over,Bachelor units,Dollars,81,units,0,v3823371,125.2.1,,F,,,0
2020,"Toronto, Ontario",2011S0503535,Row structures of three units and over,One bedroom units,Dollars,81,units,0,v3823505,125.2.2,1597,,,,0
2020,"Toronto, Ontario",2011S0503535,Row structures of three units and over,Two bedroom units,Dollars,81,units,0,v3823639,125.2.3,1835,,,,0
2020,"Toronto, Ontario",2011S0503535,Row structures of three units and over,Three bedroom units,Dollars,81,units,0,v3823773,125.2.4,1883,,,,0
2020,"Toronto, Ontario",2011S0503535,Apartment structures of three units and over,Bachelor units,Dollars,81,units,0,v3823907,125.1.1,1204,,,,0
2020,"Toronto, Ontario",2011S0503535,Apartment structures of three units and over,One bedroom units,Dollars,81,units,0,v3824041,125.1.2,1421,,,,0
2020,"Toronto, Ontario",2011S0503535,Apartment structures of three units and over,Two bedroom units,Dollars,81,units,0,v3824175,125.1.3,1635,,,,0
2020,"Toronto, Ontario",2011S0503535,Apartment structures of three units and over,Three bedroom units,Dollars,81,units,0,v3824309,125.1.4,1848,,,,0
2020,"Toronto, Ontario",2011S0503535,Apartment structures of six units and over,Bachelor units,Dollars,81,units,0,v3824443,125.4.1,1206,,,,0
2020,"Toronto, Ontario",2011S0503535,Apartment structures of six units and over,One bedroom units,Dollars,81,units,0,v3824631,125.4.2,1424,,,,0
2020,"Toronto, Ontario",2011S0503535,Apartment structures of six units and over,Two bedroom units,Dollars,81,units,0,v3824819,125.4.3,1636,,,,0
2020,"Toronto, Ontario",2011S0503535,Apartment structures of six units and over,Three bedroom units,Dollars,81,units,0,v3825007,125.4.4,1834,,,,0
2021,"Brock, Ontario",2011A00053518039,Row and apartment structures of three units and over,Bachelor units,Dollars,81,units,0,v53843611,221.3.1,,F,,,0
2021,"Brock, Ontario",2011A00053518039,Row and apartment structures of three units and over,One bedroom units,Dollars,81,units,0,v53843651,221.3.2,888,,,,0
2021,"Brock, Ontario",2011A00053518039,Row and apartment structures of three units and over,Two bedroom units,Dollars,81,units,0,v53843691,221.3.3,909,,,,0
2021,"Brock, Ontario",2011A00053518039,Row and apartment structures of three units and over,Three bedroom units,Dollars,81,units,0,v53843731,221.3.4,,F,,,0
2021,"Brock, Ontario",2011A00053518039,Row structures of three units and over,Bachelor units,Dollars,81,units,0,v53843771,221.2.1,,F,,,0
2021,"Brock, Ontario",2011A00053518039,Row structures of three units and over,One bedroom units,Dollars,81,units,0,v53843811,221.2.2,,F,,,0
2021,"Brock, Ontario",2011A00053518039,Row structures of three units and over,Two bedroom units,Dollars,81,units,0,v53843851,221.2.3,,F,,,0
2021,"Brock, Ontario",2011A00053518039,Row structures of three units and over,Three bedroom units,Dollars,81,units,0,v53843891,221.2.4,,F,,,0
2021,"Brock, Ontario",2011A00053518039,Apartment structures of three units and over,Bachelor units,Dollars,81,units,0,v53843931,221.1.1,,F,,,0
2021,"Brock, Ontario",2011A00053518039,Apartment structures of three units and over,One bedroom units,Dollars,81,units,0,v53843971,221.1.2,888,,,,0
2021,"Brock, Ontario",2011A00053518039,Apartment structures of three units and over,Two bedroom units,Dollars,81,units,0,v53844011,221.1.3,909,,,,0
2021,"Brock, Ontario",2011A00053518039,Apartment structures of three units and over,Three bedroom units,Dollars,81,units,0,v53844051,221.1.4,,F,,,0
2021,"Brock, Ontario",2011A00053518039,Apartment structures of six units and over,Bachelor units,Dollars,81,units,0,v53844091,221.4.1,,F,,,0
2021,"Brock, Ontario",2011A00053518039,Apartment structures of six units and over,One bedroom units,Dollars,81,units,0,v53844131,221.4.2,888,,,,0
2021,"Brock, Ontario",2011A00053518039,Apartment structures of six units and over,Two bedroom units,Dollars,81,units,0,v53844171,221.4.3,909,,,,0
2021,"Brock, Ontario",2011A00053518039,Apartment structures of six units and over,Three bedroom units,Dollars,81,units,0,v53844211,221.4.4,,F,,,0
2021,"Hamilton, Ontario",2011S0503537,Row and apartment structures of three units and over,Bachelor units,Dollars,81,units,0,v3822818,85.3.1,930,,,,0
2021,"Hamilton, Ontario",2011S0503537,Row and apartment structures of three units and over,One bedroom units,Dollars,81,units,0,v3822952,85.3.2,1143,,,,0
2021,"Hamilton, Ontario",2011S0503537,Row and apartment structures of three units and over,Two bedroom units,Dollars,81,units,0,v3823086,85.3.3,1364,,,,0
2021,"Hamilton, Ontario",2011S0503537,Row and apartment structures of three units and over,Three bedroom units,Dollars,81,units,0,v3823220,85.3.4,1557,,,,0
2021,"Hamilton, Ontario",2011S0503537,Row structures of three units and over,Bachelor units,Dollars,81,units,0,v3823354,85.2.1,,F,,,0
2021,"Hamilton, Ontario",2011S0503537,Row structures of three units and over,One bedroom units,Dollars,81,units,0,v3823488,85.2.2,1230,,,,0
2021,"Hamilton, Ontario",2011S0503537,Row structures of three units and over,Two bedroom units,Dollars,81,units,0,v3823622,85.2.3,1404,,,,0
2021,"Hamilton, Ontario",2011S0503537,Row structures of three units and over,Three bedroom units,Dollars,81,units,0,v3823756,85.2.4,1521,,,,0
2021,"Hamilton, Ontario",2011S0503537,Apartment structures of three units and over,Bachelor units,Dollars,81,units,0,v3823890,85.1.1,929,,,,0
2021,"Hamilton, Ontario",2011S0503537,Apartment structures of three units and over,One bedroom units,Dollars,81,units,0,v3824024,85.1.2,1142,,,,0
2021,"Hamilton, Ontario",2011S0503537,Apartment structures of three units and over,Two bedroom units,Dollars,81,units,0,v3824158,85.1.3,1362,,,,0
2021,"Hamilton, Ontario",2011S0503537,Apartment structures of three units and over,Three bedroom units,Dollars,81,units,0,v3824292,85.1.4,1579,,,,0
2021,"Hamilton, Ontario",2011S0503537,Apartment structures of six units and over,Bachelor units,Dollars,81,units,0,v3824426,85.4.1,948,,,,0
2021,"Hamilton, Ontario",2011S0503537,Apartment structures of six units and over,One bedroom units,Dollars,81,units,0,v3824614,85.4.2,1148,,,,0
2021,"Hamilton, Ontario",2011S0503537,Apartment structures of six units and over,Two bedroom units,Dollars,81,units,0,v3824802,85.4.3,1366,,,,0
2021,"Hamilton, Ontario",2011S0503537,Apartment structures of six units and over,Three bedroom units,Dollars,81,units,0,v3824990,85.4.4,1580,,,,0
2021,"Oshawa, Ontario",2011S0503532,Row and apartment structures of three units and over,Bachelor units,Dollars,81,units,0,v3822823,104.3.1,989,,,,0
2021,"Oshawa, Ontario",2011S0503532,Row and apartment structures of three units and over,One bedroom units,Dollars,81,units,0,v3822957,104.3.2,1268,,,,0
2021,"Oshawa, Ontario",2011S0503532,Row and apartment structures of three units and over,Two bedroom units,Dollars,81,units,0,v3823091,104.3.3,1428,,,,0
2021,"Oshawa, Ontario",2011S0503532,Row and apartment structures of three units and over,Three bedroom units,Dollars,81,units,0,v3823225,104.3.4,1657,,,,0
2021,"Oshawa, Ontario",2011S0503532,Row structures of three units and over,Bachelor units,Dollars,81,units,0,v3823359,104.2.1,,F,,,0
2021,"Oshawa, Ontario",2011S0503532,Row structures of three units and over,One bedroom units,Dollars,81,units,0,v3823493,104.2.2,,F,,,0
2021,"Oshawa, Ontario",2011S0503532,Row structures of three units and over,Two bedroom units,Dollars,81,units,0,v3823627,104.2.3,,F,,,0
2021,"Oshawa, Ontario",2011S0503532,Row structures of three units and over,Three bedroom units,Dollars,81,units,0,v3823761,104.2.4,1790,,,,0
2021,"Oshawa, Ontario",2011S0503532,Apartment structures of three units and over,Bachelor units,Dollars,81,units,0,v3823895,104.1.1,989,,,,0
2021,"Oshawa, Ontario",2011S0503532,Apartment structures of three units and over,One bedroom units,Dollars,81,units,0,v3824029,104.1.2,1267,,,,0
2021,"Oshawa, Ontario",2011S0503532,Apartment structures of three units and over,Two bedroom units,Dollars,81,units,0,v3824163,104.1.3,1417,,,,0
2021,"Oshawa, Ontario",2011S0503532,Apartment structures of three units and over,Three bedroom units,Dollars,81,units,0,v3824297,104.1.4,1555,,,,0
2021,"Oshawa, Ontario",2011S0503532,Apartment structures of six units and over,Bachelor units,Dollars,81,units,0,v3824431,104.4.1,980,,,,0
2021,"Oshawa, Ontario",2011S0503532,Apartment structures of six units and over,One bedroom units,Dollars,81,units,0,v3824619,104.4.2,1278,,,,0
2021,"Oshawa, Ontario",2011S0503532,Apartment structures of six units and over,Two bedroom units,Dollars,81,units,0,v3824807,104.4.3,1425,,,,0
2021,"Oshawa, Ontario",2011S0503532,Apartment structures of six units and over,Three bedroom units,Dollars,81,units,0,v3824995,104.4.4,1561,,,,0
2021,"Scugog, Ontario",2011A00053518020,Row and apartment structures of three units and over,Bachelor units,Dollars,81,units,0,v53843634,228.3.1,,F,,,0
2021,"Scugog, Ontario",2011A00053518020,Row and apartment structures of three units and over,One bedroom units,Dollars,81,units,0,v53843674,228.3.2,959,,,,0
2021,"Scugog, Ontario",2011A00053518020,Row and apartment structures of three units and over,Two bedroom units,Dollars,81,units,0,v53843714,228.3.3,1198,,,,0
2021,"Scugog, Ontario",2011A00053518020,Row and apartment structures of three units and over,Three bedroom units,Dollars,81,units,0,v53843754,228.3.4,,F,,,0
2021,"Scugog, Ontario",2011A00053518020,Row structures of three units and over,Bachelor units,Dollars,81,units,0,v53843794,228.2.1,,F,,,0
2021,"Scugog, Ontario",2011A00053518020,Row structures of three units and over,One bedroom units,Dollars,81,units,0,v53843834,228.2.2,,F,,,0
2021,"Scugog, Ontario",2011A00053518020,Row structures of three units and over,Two bedroom units,Dollars,81,units,0,v53843874,228.2.3,,F,,,0
2021,"Scugog, Ontario",2011A00053518020,Row structures of three units and over,Three bedroom units,Dollars,81,units,0,v53843914,228.2.4,,F,,,0
2021,"Scugog, Ontario",2011A00053518020,Apartment structures of three units and over,Bachelor units,Dollars,81,units,0,v53843954,228.1.1,,F,,,0
2021,"Scugog, Ontario",2011A00053518020,Apartment structures of three units and over,One bedroom units,Dollars,81,units,0,v53843994,228.1.2,959,,,,0
2021,"Scugog, Ontario",2011A00053518020,Apartment structures of three units and over,Two bedroom units,Dollars,81,units,0,v53844034,228.1.3,1198,,,,0
2021,"Scugog, Ontario",2011A00053518020,Apartment structures of three units and over,Three bedroom units,Dollars,81,units,0,v53844074,228.1.4,,F,,,0
2021,"Scugog, Ontario",2011A00053518020,Apartment structures of six units and over,Bachelor units,Dollars,81,units,0,v53844114,228.4.1,,F,,,0
2021,"Scugog, Ontario",2011A00053518020,Apartment structures of six units and over,One bedroom units,Dollars,81,units,0,v53844154,228.4.2,,F,,,0
2021,"Scugog, Ontario",2011A00053518020,Apartment structures of six units and over,Two bedroom units,Dollars,81,units,0,v53844194,228.4.3,,F,,,0
2021,"Scugog, Ontario",2011A00053518020,Apartment structures of six units and over,Three bedroom units,Dollars,81,units,0,v53844234,228.4.4,,F,,,0
2021,"Toronto, Ontario",2011S0503535,Row and apartment structures of three units and over,Bachelor units,Dollars,81,units,0,v3822835,125.3.1,1217,,,,0
2021,"Toronto, Ontario",2011S0503535,Row and apartment structures of three units and over,One bedroom units,Dollars,81,units,0,v3822969,125.3.2,1439,,,,0
2021,"Toronto, Ontario",2011S0503535,Row and apartment structures of three units and over,Two bedroom units,Dollars,81,units,0,v3823103,125.3.3,1680,,,,0
2021,"Toronto, Ontario",2011S0503535,Row and apartment structures of three units and over,Three bedroom units,Dollars,81,units,0,v3823237,125.3.4,1918,,,,0
2021,"Toronto, Ontario",2011S0503535,Row structures of three units and over,Bachelor units,Dollars,81,units,0,v3823371,125.2.1,,F,,,0
2021,"Toronto, Ontario",2011S0503535,Row structures of three units and over,One bedroom units,Dollars,81,units,0,v3823505,125.2.2,1806,,,,0
2021,"Toronto, Ontario",2011S0503535,Row structures of three units and over,Two bedroom units,Dollars,81,units,0,v3823639,125.2.3,1835,,,,0
2021,"Toronto, Ontario",2011S0503535,Row structures of three units and over,Three bedroom units,Dollars,81,units,0,v3823773,125.2.4,1966,,,,0
2021,"Toronto, Ontario",2011S0503535,Apartment structures of three units and over,Bachelor units,Dollars,81,units,0,v3823907,125.1.1,1217,,,,0
2021,"Toronto, Ontario",2011S0503535,Apartment structures of three units and over,One bedroom units,Dollars,81,units,0,v3824041,125.1.2,1439,,,,0
2021,"Toronto, Ontario",2011S0503535,Apartment structures of three units and over,Two bedroom units,Dollars,81,units,0,v3824175,125.1.3,1679,,,,0
2021,"Toronto, Ontario",2011S0503535,Apartment structures of three units and over,Three bedroom units,Dollars,81,units,0,v3824309,125.1.4,1907,,,,0
2021,"Toronto, Ontario",2011S0503535,Apartment structures of six units and over,Bachelor units,Dollars,81,units,0,v3824443,125.4.1,1217,,,,0
2021,"Toronto, Ontario",2011S0503535,Apartment structures of six units and over,One bedroom units,Dollars,81,units,0,v3824631,125.4.2,1441,,,,0
2021,"Toronto, Ontario",2011S0503535,Apartment structures of six units and over,Two bedroom units,Dollars,81,units,0,v3824819,125.4.3,1681,,,,0
2021,"Toronto, Ontario",2011S0503535,Apartment structures of six units and over,Three bedroom units,Dollars,81,units,0,v3825007,125.4.4,1891,,,,0
2022,"Brock, Ontario",2011A00053518039,Row and apartment structures of three units and over,Bachelor units,Dollars,81,units,0,v53843611,221.3.1,,F,,,0
2022,"Brock, Ontario",2011A00053518039,Row and apartment structures of three units and over,One bedroom units,Dollars,81,units,0,v53843651,221.3.2,1015,,,,0
2022,"Brock, Ontario",2011A00053518039,Row and apartment structures of three units and over,Two bedroom units,Dollars,81,units,0,v53843691,221.3.3,876,,,,0
2022,"Brock, Ontario",2011A00053518039,Row and apartment structures of three units and over,Three bedroom units,Dollars,81,units,0,v53843731,221.3.4,,F,,,0
2022,"Brock, Ontario",2011A00053518039,Row structures of three units and over,Bachelor units,Dollars,81,units,0,v53843771,221.2.1,,F,,,0
2022,"Brock, Ontario",2011A00053518039,Row structures of three units and over,One bedroom units,Dollars,81,units,0,v53843811,221.2.2,,F,,,0
2022,"Brock, Ontario",2011A00053518039,Row structures of three units and over,Two bedroom units,Dollars,81,units,0,v53843851,221.2.3,,F,,,0
2022,"Brock, Ontario",2011A00053518039,Row structures of three units and over,Three bedroom units,Dollars,81,units,0,v53843891,221.2.4,,F,,,0
2022,"Brock, Ontario",2011A00053518039,Apartment structures of three units and over,Bachelor units,Dollars,81,units,0,v53843931,221.1.1,,F,,,0
2022,"Brock, Ontario",2011A00053518039,Apartment structures of three units and over,One bedroom units,Dollars,81,units,0,v53843971,221.1.2,1015,,,,0
2022,"Brock, Ontario",2011A00053518039,Apartment structures of three units and over,Two bedroom units,Dollars,81,units,0,v53844011,221.1.3,876,,,,0
2022,"Brock, Ontario",2011A00053518039,Apartment structures of three units and over,Three bedroom units,Dollars,81,units,0,v53844051,221.1.4,,F,,,0
2022,"Brock, Ontario",2011A00053518039,Apartment structures of six units and over,Bachelor units,Dollars,81,units,0,v53844091,221.4.1,,F,,,0
2022,"Brock, Ontario",2011A00053518039,Apartment structures of six units and over,One bedroom units,Dollars,81,units,0,v53844131,221.4.2,1015,,,,0
2022,"Brock, Ontario",2011A00053518039,Apartment structures of six units and over,Two bedroom units,Dollars,81,units,0,v53844171,221.4.3,876,,,,0
2022,"Brock, Ontario",2011A00053518039,Apartment structures of six units and over,Three bedroom units,Dollars,81,units,0,v53844211,221.4.4,,F,,,0
2022,"Hamilton, Ontario",2011S0503537,Row and apartment structures of three units and over,Bachelor units,Dollars,81,units,0,v3822818,85.3.1,947,,,,0
2022,"Hamilton, Ontario",2011S0503537,Row and apartment structures of three units and over,One bedroom units,Dollars,81,units,0,v3822952,85.3.2,1198,,,,0
2022,"Hamilton, Ontario",2011S0503537,Row and apartment structures of three units and over,Two bedroom units,Dollars,81,units,0,v3823086,85.3.3,1438,,,,0
2022,"Hamilton, Ontario",2011S0503537,Row and apartment structures of three units and over,Three bedroom units,Dollars,81,units,0,v3823220,85.3.4,1567,,,,0
2022,"Hamilton, Ontario",2011S0503537,Row structures of three units and over,Bachelor units,Dollars,81,units,0,v3823354,85.2.1,,F,,,0
2022,"Hamilton, Ontario",2011S0503537,Row structures of three units and over,One bedroom units,Dollars,81,units,0,v3823488,85.2.2,1503,,,,0
2022,"Hamilton, Ontario",2011S0503537,Row structures of three units and over,Two bedroom units,Dollars,81,units,0,v3823622,85.2.3,1430,,,,0
2022,"Hamilton, Ontario",2011S0503537,Row structures of three units and over,Three bedroom units,Dollars,81,units,0,v3823756,85.2.4,1520,,,,0
2022,"Hamilton, Ontario",2011S0503537,Apartment structures of three units and over,Bachelor units,Dollars,81,units,0,v3823890,85.1.1,945,,,,0
2022,"Hamilton, Ontario",2011S0503537,Apartment structures of three units and over,One bedroom units,Dollars,81,units,0,v3824024,85.1.2,1197,,,,0
2022,"Hamilton, Ontario",2011S0503537,Apartment structures of three units and over,Two bedroom units,Dollars,81,units,0,v3824158,85.1.3,1438,,,,0
2022,"Hamilton, Ontario",2011S0503537,Apartment structures of three units and over,Three bedroom units,Dollars,81,units,0,v3824292,85.1.4,1592,,,,0
2022,"Hamilton, Ontario",2011S0503537,Apartment structures of six units and over,Bachelor units,Dollars,81,units,0,v3824426,85.4.1,970,,,,0
2022,"Hamilton, Ontario",2011S0503537,Apartment structures of six units and over,One bedroom units,Dollars,81,units,0,v3824614,85.4.2,1203,,,,0
2022,"Hamilton, Ontario",2011S0503537,Apartment structures of six units and over,Two bedroom units,Dollars,81,units,0,v3824802,85.4.3,1440,,,,0
2022,"Hamilton, Ontario",2011S0503537,Apartment structures of six units and over,Three bedroom units,Dollars,81,units,0,v3824990,85.4.4,1588,,,,0
2022,"Oshawa, Ontario",2011S0503532,Row and apartment structures of three units and over,Bachelor units,Dollars,81,units,0,v3822823,104.3.1,1081,,,,0
2022,"Oshawa, Ontario",2011S0503532,Row and apartment structures of three units and over,One bedroom units,Dollars,81,units,0,v3822957,104.3.2,1284,,,,0
2022,"Oshawa, Ontario",2011S0503532,Row and apartment structures of three units and over,Two bedroom units,Dollars,81,units,0,v3823091,104.3.3,1463,,,,0
2022,"Oshawa, Ontario",2011S0503532,Row and apartment structures of three units and over,Three bedroom units,Dollars,81,units,0,v3823225,104.3.4,1888,,,,0
2022,"Oshawa, Ontario",2011S0503532,Row structures of three units and over,Bachelor units,Dollars,81,units,0,v3823359,104.2.1,,F,,,0
2022,"Oshawa, Ontario",2011S0503532,Row structures of three units and over,One bedroom units,Dollars,81,units,0,v3823493,104.2.2,,F,,,0
2022,"Oshawa, Ontario",2011S0503532,Row structures of three units and over,Two bedroom units,Dollars,81,units,0,v3823627,104.2.3,,F,,,0
2022,"Oshawa, Ontario",2011S0503532,Row structures of three units and over,Three bedroom units,Dollars,81,units,0,v3823761,104.2.4,2048,,,,0
2022,"Oshawa, Ontario",2011S0503532,Apartment structures of three units and over,Bachelor units,Dollars,81,units,0,v3823895,104.1.1,1081,,,,0
2022,"Oshawa, Ontario",2011S0503532,Apartment structures of three units and over,One bedroom units,Dollars,81,units,0,v3824029,104.1.2,1286,,,,0
2022,"Oshawa, Ontario",2011S0503532,Apartment structures of three units and over,Two bedroom units,Dollars,81,units,0,v3824163,104.1.3,1450,,,,0
2022,"Oshawa, Ontario",2011S0503532,Apartment structures of three units and over,Three bedroom units,Dollars,81,units,0,v3824297,104.1.4,1731,,,,0
2022,"Oshawa, Ontario",2011S0503532,Apartment structures of six units and over,Bachelor units,Dollars,81,units,0,v3824431,104.4.1,1090,,,,0
2022,"Oshawa, Ontario",2011S0503532,Apartment structures of six units and over,One bedroom units,Dollars,81,units,0,v3824619,104.4.2,1292,,,,0
2022,"Oshawa, Ontario",2011S0503532,Apartment structures of six units and over,Two bedroom units,Dollars,81,units,0,v3824807,104.4.3,1459,,,,0
2022,"Oshawa, Ontario",2011S0503532,Apartment structures of six units and over,Three bedroom units,Dollars,81,units,0,v3824995,104.4.4,1762,,,,0
2022,"Scugog, Ontario",2011A00053518020,Row and apartment structures of three units and over,Bachelor units,Dollars,81,units,0,v53843634,228.3.1,,F,,,0
2022,"Scugog, Ontario",2011A00053518020,Row and apartment structures of three units and over,One bedroom units,Dollars,81,units,0,v53843674,228.3.2,1112,,,,0
2022,"Scugog, Ontario",2011A00053518020,Row and apartment structures of three units and over,Two bedroom units,Dollars,81,units,0,v53843714,228.3.3,1265,,,,0
2022,"Scugog, Ontario",2011A00053518020,Row and apartment structures of three units and over,Three bedroom units,Dollars,81,units,0,v53843754,228.3.4,,F,,,0
2022,"Scugog, Ontario",2011A00053518020,Row structures of three units and over,Bachelor units,Dollars,81,units,0,v53843794,228.2.1,,F,,,0
2022,"Scugog, Ontario",2011A00053518020,Row structures of three units and over,One bedroom units,Dollars,81,units,0,v53843834,228.2.2,,F,,,0
2022,"Scugog, Ontario",2011A00053518020,Row structures of three units and over,Two bedroom units,Dollars,81,units,0,v53843874,228.2.3,,F,,,0
2022,"Scugog, Ontario",2011A00053518020,Row structures of three units and over,Three bedroom units,Dollars,81,units,0,v53843914,228.2.4,,F,,,0
2022,"Scugog, Ontario",2011A00053518020,Apartment structures of three units and over,Bachelor units,Dollars,81,units,0,v53843954,228.1.1,,F,,,0
2022,"Scugog, Ontario",2011A00053518020,Apartment structures of three units and over,One bedroom units,Dollars,81,units,0,v53843994,228.1.2,1112,,,,0
2022,"Scugog, Ontario",2011A00053518020,Apartment structures of three units and over,Two bedroom units,Dollars,81,units,0,v53844034,228.1.3,1265,,,,0
2022,"Scugog, Ontario",2011A00053518020,Apartment structures of three units and over,Three bedroom units,Dollars,81,units,0,v53844074,228.1.4,,F,,,0
2022,"Scugog, Ontario",2011A00053518020,Apartment structures of six units and over,Bachelor units,Dollars,81,units,0,v53844114,228.4.1,,F,,,0
2022,"Scugog, Ontario",2011A00053518020,Apartment structures of six units and over,One bedroom units,Dollars,81,units,0,v53844154,228.4.2,,F,,,0
2022,"Scugog, Ontario",2011A00053518020,Apartment structures of six units and over,Two bedroom units,Dollars,81,units,0,v53844194,228.4.3,,F,,,0
2022,"Scugog, Ontario",2011A00053518020,Apartment structures of six units and over,Three bedroom units,Dollars,81,units,0,v53844234,228.4.4,,F,,,0
2022,"Toronto, Ontario",2011S0503535,Row and apartment structures of three units and over,Bachelor units,Dollars,81,units,0,v3822835,125.3.1,1305,,,,0
2022,"Toronto, Ontario",2011S0503535,Row and apartment structures of three units and over,One bedroom units,Dollars,81,units,0,v3822969,125.3.2,1526,,,,0
2022,"Toronto, Ontario",2011S0503535,Row and apartment structures of three units and over,Two bedroom units,Dollars,81,units,0,v3823103,125.3.3,1779,,,,0
2022,"Toronto, Ontario",2011S0503535,Row and apartment structures of three units and over,Three bedroom units,Dollars,81,units,0,v3823237,125.3.4,2015,,,,0
2022,"Toronto, Ontario",2011S0503535,Row structures of three units and over,Bachelor units,Dollars,81,units,0,v3823371,125.2.1,,F,,,0
2022,"Toronto, Ontario",2011S0503535,Row structures of three units and over,One bedroom units,Dollars,81,units,0,v3823505,125.2.2,1495,,,,0
2022,"Toronto, Ontario",2011S0503535,Row structures of three units and over,Two bedroom units,Dollars,81,units,0,v3823639,125.2.3,1748,,,,0
2022,"Toronto, Ontario",2011S0503535,Row structures of three units and over,Three bedroom units,Dollars,81,units,0,v3823773,125.2.4,1908,,,,0
2022,"Toronto, Ontario",2011S0503535,Apartment structures of three units and over,Bachelor units,Dollars,81,units,0,v3823907,125.1.1,1305,,,,0
2022,"Toronto, Ontario",2011S0503535,Apartment structures of three units and over,One bedroom units,Dollars,81,units,0,v3824041,125.1.2,1526,,,,0
2022,"Toronto, Ontario",2011S0503535,Apartment structures of three units and over,Two bedroom units,Dollars,81,units,0,v3824175,125.1.3,1779,,,,0
2022,"Toronto, Ontario",2011S0503535,Apartment structures of three units and over,Three bedroom units,Dollars,81,units,0,v3824309,125.1.4,2038,,,,0
2022,"Toronto, Ontario",2011S0503535,Apartment structures of six units and over,Bachelor units,Dollars,81,units,0,v3824443,125.4.1,1311,,,,0
2022,"Toronto, Ontario",2011S0503535,Apartment structures of six units and over,One bedroom units,Dollars,81,units,0,v3824631,125.4.2,1529,,,,0
2022,"Toronto, Ontario",2011S0503535,Apartment structures of six units and over,Two bedroom units,Dollars,81,units,0,v3824819,125.4.3,1780,,,,0
2022,"Toronto, Ontario",2011S0503535,Apartment structures of six units and over,Three bedroom units,Dollars,81,units,0,v3825007,125.4.4,2034,,,,0
2023,"Brock, Ontario",2011A00053518039,Row and apartment structures of three units and over,Bachelor units,Dollars,81,units,0,v53843611,221.3.1,,F,,,0
2023,"Brock, Ontario",2011A00053518039,Row and apartment structures of three units and over,One bedroom units,Dollars,81,units,0,v53843651,221.3.2,1258,,,,0
2023,"Brock, Ontario",2011A00053518039,Row and apartment structures of three units and over,Two bedroom units,Dollars,81,units,0,v53843691,221.3.3,1196,,,,0
2023,"Brock, Ontario",2011A00053518039,Row and apartment structures of three units and over,Three bedroom units,Dollars,81,units,0,v53843731,221.3.4,,F,,,0
2023,"Brock, Ontario",2011A00053518039,Row structures of three units and over,Bachelor units,Dollars,81,units,0,v53843771,221.2.1,,F,,,0
2023,"Brock, Ontario",2011A00053518039,Row structures of three units and over,One bedroom units,Dollars,81,units,0,v53843811,221.2.2,,F,,,0
2023,"Brock, Ontario",2011A00053518039,Row structures of three units and over,Two bedroom units,Dollars,81,units,0,v53843851,221.2.3,,F,,,0
2023,"Brock, Ontario",2011A00053518039,Row structures of three units and over,Three bedroom units,Dollars,81,units,0,v53843891,221.2.4,,F,,,0
2023,"Brock, Ontario",2011A00053518039,Apartment structures of three units and over,Bachelor units,Dollars,81,units,0,v53843931,221.1.1,,F,,,0
2023,"Brock, Ontario",2011A00053518039,Apartment structures of three units and over,One bedroom units,Dollars,81,units,0,v53843971,221.1.2,1258,,,,0
2023,"Brock, Ontario",2011A00053518039,Apartment structures of three units and over,Two bedroom units,Dollars,81,units,0,v53844011,221.1.3,1196,,,,0
2023,"Brock, Ontario",2011A00053518039,Apartment structures of three units and over,Three bedroom units,Dollars,81,units,0,v53844051,221.1.4,,F,,,0
2023,"Brock, Ontario",2011A00053518039,Apartment structures of six units and over,Bachelor units,Dollars,81,units,0,v53844091,221.4.1,,F,,,0
2023,"Brock, Ontario",2011A00053518039,Apartment structures of six units and over,One bedroom units,Dollars,81,units,0,v53844131,221.4.2,1258,,,,0
2023,"Brock, Ontario",2011A00053518039,Apartment structures of six units and over,Two bedroom units,Dollars,81,units,0,v53844171,221.4.3,1196,,,,0
2023,"Brock, Ontario",2011A00053518039,Apartment structures of six units and over,Three bedroom units,Dollars,81,units,0,v53844211,221.4.4,,F,,,0
2023,"Hamilton, Ontario",2011S0503537,Row and apartment structures of three units and over,Bachelor units,Dollars,81,units,0,v3822818,85.3.1,1022,,,,0
2023,"Hamilton, Ontario",2011S0503537,Row and apartment structures of three units and over,One bedroom units,Dollars,81,units,0,v3822952,85.3.2,1366,,,,0
2023,"Hamilton, Ontario",2011S0503537,Row and apartment structures of three units and over,Two bedroom units,Dollars,81,units,0,v3823086,85.3.3,1619,,,,0
2023,"Hamilton, Ontario",2011S0503537,Row and apartment structures of three units and over,Three bedroom units,Dollars,81,units,0,v3823220,85.3.4,1698,,,,0
2023,"Hamilton, Ontario",2011S0503537,Row structures of three units and over,Bachelor units,Dollars,81,units,0,v3823354,85.2.1,,F,,,0
2023,"Hamilton, Ontario",2011S0503537,Row structures of three units and over,One bedroom units,Dollars,81,units,0,v3823488,85.2.2,1339,,,,0
2023,"Hamilton, Ontario",2011S0503537,Row structures of three units and over,Two bedroom units,Dollars,81,units,0,v3823622,85.2.3,1664,,,,0
2023,"Hamilton, Ontario",2011S0503537,Row structures of three units and over,Three bedroom units,Dollars,81,units,0,v3823756,85.2.4,1685,,,,0
2023,"Hamilton, Ontario",2011S0503537,Apartment structures of three units and over,Bachelor units,Dollars,81,units,0,v3823890,85.1.1,1021,,,,0
2023,"Hamilton, Ontario",2011S0503537,Apartment structures of three units and over,One bedroom units,Dollars,81,units,0,v3824024,85.1.2,1367,,,,0
2023,"Hamilton, Ontario",2011S0503537,Apartment structures of three units and over,Two bedroom units,Dollars,81,units,0,v3824158,85.1.3,1617,,,,0
2023,"Hamilton, Ontario",2011S0503537,Apartment structures of three units and over,Three bedroom units,Dollars,81,units,0,v3824292,85.1.4,1705,,,,0
2023,"Hamilton, Ontario",2011S0503537,Apartment structures of six units and over,Bachelor units,Dollars,81,units,0,v3824426,85.4.1,1061,,,,0
2023,"Hamilton, Ontario",2011S0503537,Apartment structures of six units and over,One bedroom units,Dollars,81,units,0,v3824614,85.4.2,1375,,,,0
2023,"Hamilton, Ontario",2011S0503537,Apartment structures of six units and over,Two bedroom units,Dollars,81,units,0,v3824802,85.4.3,1622,,,,0
2023,"Hamilton, Ontario",2011S0503537,Apartment structures of six units and over,Three bedroom units,Dollars,81,units,0,v3824990,85.4.4,1713,,,,0
2023,"Oshawa, Ontario",2011S0503532,Row and apartment structures of three units and over,Bachelor units,Dollars,81,units,0,v3822823,104.3.1,1041,,,,0
2023,"Oshawa, Ontario",2011S0503532,Row and apartment structures of three units and over,One bedroom units,Dollars,81,units,0,v3822957,104.3.2,1397,,,,0
2023,"Oshawa, Ontario",2011S0503532,Row and apartment structures of three units and over,Two bedroom units,Dollars,81,units,0,v3823091,104.3.3,1623,,,,0
2023,"Oshawa, Ontario",2011S0503532,Row and apartment structures of three units and over,Three bedroom units,Dollars,81,units,0,v3823225,104.3.4,2067,,,,0
2023,"Oshawa, Ontario",2011S0503532,Row structures of three units and over,Bachelor units,Dollars,81,units,0,v3823359,104.2.1,,F,,,0
2023,"Oshawa, Ontario",2011S0503532,Row structures of three units and over,One bedroom units,Dollars,81,units,0,v3823493,104.2.2,,F,,,0
2023,"Oshawa, Ontario",2011S0503532,Row structures of three units and over,Two bedroom units,Dollars,81,units,0,v3823627,104.2.3,,F,,,0
2023,"Oshawa, Ontario",2011S0503532,Row structures of three units and over,Three bedroom units,Dollars,81,units,0,v3823761,104.2.4,2415,,,,0
2023,"Oshawa, Ontario",2011S0503532,Apartment structures of three units and over,Bachelor units,Dollars,81,units,0,v3823895,104.1.1,1041,,,,0
2023,"Oshawa, Ontario",2011S0503532,Apartment structures of three units and over,One bedroom units,Dollars,81,units,0,v3824029,104.1.2,1399,,,,0
2023,"Oshawa, Ontario",2011S0503532,Apartment structures of three units and over,Two bedroom units,Dollars,81,units,0,v3824163,104.1.3,1613,,,,0
2023,"Oshawa, Ontario",2011S0503532,Apartment structures of three units and over,Three bedroom units,Dollars,81,units,0,v3824297,104.1.4,1835,,,,0
2023,"Oshawa, Ontario",2011S0503532,Apartment structures of six units and over,Bachelor units,Dollars,81,units,0,v3824431,104.4.1,1086,,,,0
2023,"Oshawa, Ontario",2011S0503532,Apartment structures of six units and over,One bedroom units,Dollars,81,units,0,v3824619,104.4.2,1409,,,,0
2023,"Oshawa, Ontario",2011S0503532,Apartment structures of six units and over,Two bedroom units,Dollars,81,units,0,v3824807,104.4.3,1630,,,,0
2023,"Oshawa, Ontario",2011S0503532,Apartment structures of six units and over,Three bedroom units,Dollars,81,units,0,v3824995,104.4.4,1862,,,,0
2023,"Scugog, Ontario",2011A00053518020,Row and apartment structures of three units and over,Bachelor units,Dollars,81,units,0,v53843634,228.3.1,,F,,,0
2023,"Scugog, Ontario",2011A00053518020,Row and apartment structures of three units and over,One bedroom units,Dollars,81,units,0,v53843674,228.3.2,1129,,,,0
2023,"Scugog, Ontario",2011A00053518020,Row and apartment structures of three units and over,Two bedroom units,Dollars,81,units,0,v53843714,228.3.3,1244,,,,0
2023,"Scugog, Ontario",2011A00053518020,Row and apartment structures of three units and over,Three bedroom units,Dollars,81,units,0,v53843754,228.3.4,,F,,,0
2023,"Scugog, Ontario",2011A00053518020,Row structures of three units and over,Bachelor units,Dollars,81,units,0,v53843794,228.2.1,,F,,,0
2023,"Scugog, Ontario",2011A00053518020,Row structures of three units and over,One bedroom units,Dollars,81,units,0,v53843834,228.2.2,,F,,,0
2023,"Scugog, Ontario",2011A00053518020,Row structures of three units and over,Two bedroom units,Dollars,81,units,0,v53843874,228.2.3,,F,,,0
2023,"Scugog, Ontario",2011A00053518020,Row structures of three units and over,Three bedroom units,Dollars,81,units,0,v53843914,228.2.4,,F,,,0
2023,"Scugog, Ontario",2011A00053518020,Apartment structures of three units and over,Bachelor units,Dollars,81,units,0,v53843954,228.1.1,,F,,,0
2023,"Scugog, Ontario",2011A00053518020,Apartment structures of three units and over,One bedroom units,Dollars,81,units,0,v53843994,228.1.2,1129,,,,0
2023,"Scugog, Ontario",2011A00053518020,Apartment structures of three units and over,Two bedroom units,Dollars,81,units,0,v53844034,228.1.3,1244,,,,0
2023,"Scugog, Ontario",2011A00053518020,Apartment structures of three units and over,Three bedroom units,Dollars,81,units,0,v53844074,228.1.4,,F,,,0
2023,"Scugog, Ontario",2011A00053518020,Apartment structures of six units and over,Bachelor units,Dollars,81,units,0,v53844114,228.4.1,,F,,,0
2023,"Scugog, Ontario",2011A00053518020,Apartment structures of six units and over,One bedroom units,Dollars,81,units,0,v53844154,228.4.2,,F,,,0
2023,"Scugog, Ontario",2011A00053518020,Apartment structures of six units and over,Two bedroom units,Dollars,81,units,0,v53844194,228.4.3,,F,,,0
2023,"Scugog, Ontario",2011A00053518020,Apartment structures of six units and over,Three bedroom units,Dollars,81,units,0,v53844234,228.4.4,,F,,,0
2023,"Toronto, Ontario",2011S0503535,Row and apartment structures of three units and over,Bachelor units,Dollars,81,units,0,v3822835,125.3.1,1414,,,,0
2023,"Toronto, Ontario",2011S0503535,Row and apartment structures of three units and over,One bedroom units,Dollars,81,units,0,v3822969,125.3.2,1691,,,,0
2023,"Toronto, Ontario",2011S0503535,Row and apartment structures of three units and over,Two bedroom units,Dollars,81,units,0,v3823103,125.3.3,1958,,,,0
2023,"Toronto, Ontario",2011S0503535,Row and apartment structures of three units and over,Three bedroom units,Dollars,81,units,0,v3823237,125.3.4,2168,,,,0
2023,"Toronto, Ontario",2011S0503535,Row structures of three units and over,Bachelor units,Dollars,81,units,0,v3823371,125.2.1,,F,,,0
2023,"Toronto, Ontario",2011S0503535,Row structures of three units and over,One bedroom units,Dollars,81,units,0,v3823505,125.2.2,1885,,,,0
2023,"Toronto, Ontario",2011S0503535,Row structures of three units and over,Two bedroom units,Dollars,81,units,0,v3823639,125.2.3,1722,,,,0
2023,"Toronto, Ontario",2011S0503535,Row structures of three units and over,Three bedroom units,Dollars,81,units,0,v3823773,125.2.4,2061,,,,0
2023,"Toronto, Ontario",2011S0503535,Apartment structures of three units and over,Bachelor units,Dollars,81,units,0,v3823907,125.1.1,1414,,,,0
2023,"Toronto, Ontario",2011S0503535,Apartment structures of three units and over,One bedroom units,Dollars,81,units,0,v3824041,125.1.2,1691,,,,0
2023,"Toronto, Ontario",2011S0503535,Apartment structures of three units and over,Two bedroom units,Dollars,81,units,0,v3824175,125.1.3,1961,,,,0
2023,"Toronto, Ontario",2011S0503535,Apartment structures of three units and over,Three bedroom units,Dollars,81,units,0,v3824309,125.1.4,2191,,,,0
2023,"Toronto, Ontario",2011S0503535,Apartment structures of six units and over,Bachelor units,Dollars,81,units,0,v3824443,125.4.1,1415,,,,0
2023,"Toronto, Ontario",2011S0503535,Apartment structures of six units and over,One bedroom units,Dollars,81,units,0,v3824631,125.4.2,1691,,,,0
2023,"Toronto, Ontario",2011S0503535,Apartment structures of six units and over,Two bedroom units,Dollars,81,units,0,v3824819,125.4.3,1971,,,,0
2023,"Toronto, Ontario",2011S0503535,Apartment structures of six units and over,Three bedroom units,Dollars,81,units,0,v3825007,125.4.4,2203,,,,0
2024,"Brock, Ontario",2011A00053518039,Row and apartment structures of three units and over,Bachelor units,Dollars,81,units,0,v53843611,221.3.1,,F,,,0
2024,"Brock, Ontario",2011A00053518039,Row and apartment structures of three units and over,One bedroom units,Dollars,81,units,0,v53843651,221.3.2,1069,,,,0
2024,"Brock, Ontario",2011A00053518039,Row and apartment structures of three units and over,Two bedroom units,Dollars,81,units,0,v53843691,221.3.3,1050,,,,0
2024,"Brock, Ontario",2011A00053518039,Row and apartment structures of three units and over,Three bedroom units,Dollars,81,units,0,v53843731,221.3.4,,F,,,0
2024,"Brock, Ontario",2011A00053518039,Row structures of three units and over,Bachelor units,Dollars,81,units,0,v53843771,221.2.1,,F,,,0
2024,"Brock, Ontario",2011A00053518039,Row structures of three units and over,One bedroom units,Dollars,81,units,0,v53843811,221.2.2,,F,,,0
2024,"Brock, Ontario",2011A00053518039,Row structures of three units and over,Two bedroom units,Dollars,81,units,0,v53843851,221.2.3,,F,,,0
2024,"Brock, Ontario",2011A00053518039,Row structures of three units and over,Three bedroom units,Dollars,81,units,0,v53843891,221.2.4,,F,,,0
2024,"Brock, Ontario",2011A00053518039,Apartment structures of three units and over,Bachelor units,Dollars,81,units,0,v53843931,221.1.1,,F,,,0
2024,"Brock, Ontario",2011A00053518039,Apartment structures of three units and over,One bedroom units,Dollars,81,units,0,v53843971,221.1.2,1069,,,,0
2024,"Brock, Ontario",2011A00053518039,Apartment structures of three units and over,Two bedroom units,Dollars,81,units,0,v53844011,221.1.3,1050,,,,0
2024,"Brock, Ontario",2011A00053518039,Apartment structures of three units and over,Three bedroom units,Dollars,81,units,0,v53844051,221.1.4,,F,,,0
2024,"Brock, Ontario",2011A00053518039,Apartment structures of six units and over,Bachelor units,Dollars,81,units,0,v53844091,221.4.1,,F,,,0
2024,"Brock, Ontario",2011A00053518039,Apartment structures of six units and over,One bedroom units,Dollars,81,units,0,v53844131,221.4.2,1069,,,,0
2024,"Brock, Ontario",2011A00053518039,Apartment structures of six units and over,Two bedroom units,Dollars,81,units,0,v53844171,221.4.3,1050,,,,0
2024,"Brock, Ontario",2011A00053518039,Apartment structures of six units and over,Three bedroom units,Dollars,81,units,0,v53844211,221.4.4,,F,,,0
2024,"Hamilton, Ontario",2011S0503537,Row and apartment structures of three units and over,Bachelor units,Dollars,81,units,0,v3822818,85.3.1,1035,,,,0
2024,"Hamilton, Ontario",2011S0503537,Row and apartment structures of three units and over,One bedroom units,Dollars,81,units,0,v3822952,85.3.2,1413,,,,0
2024,"Hamilton, Ontario",2011S0503537,Row and apartment structures of three units and over,Two bedroom units,Dollars,81,units,0,v3823086,85.3.3,1636,,,,0
2024,"Hamilton, Ontario",2011S0503537,Row and apartment structures of three units and over,Three bedroom units,Dollars,81,units,0,v3823220,85.3.4,1851,,,,0
2024,"Hamilton, Ontario",2011S0503537,Row structures of three units and over,Bachelor units,Dollars,81,units,0,v3823354,85.2.1,,F,,,0
2024,"Hamilton, Ontario",2011S0503537,Row structures of three units and over,One bedroom units,Dollars,81,units,0,v3823488,85.2.2,1418,,,,0
2024,"Hamilton, Ontario",2011S0503537,Row structures of three units and over,Two bedroom units,Dollars,81,units,0,v3823622,85.2.3,1736,,,,0
2024,"Hamilton, Ontario",2011S0503537,Row structures of three units and over,Three bedroom units,Dollars,81,units,0,v3823756,85.2.4,1686,,,,0
2024,"Hamilton, Ontario",2011S0503537,Apartment structures of three units and over,Bachelor units,Dollars,81,units,0,v3823890,85.1.1,1034,,,,0
2024,"Hamilton, Ontario",2011S0503537,Apartment structures of three units and over,One bedroom units,Dollars,81,units,0,v3824024,85.1.2,1413,,,,0
2024,"Hamilton, Ontario",2011S0503537,Apartment structures of three units and over,Two bedroom units,Dollars,81,units,0,v3824158,85.1.3,1632,,,,0
2024,"Hamilton, Ontario",2011S0503537,Apartment structures of three units and over,Three bedroom units,Dollars,81,units,0,v3824292,85.1.4,1938,,,,0
2024,"Hamilton, Ontario",2011S0503537,Apartment structures of six units and over,Bachelor units,Dollars,81,units,0,v3824426,85.4.1,1115,,,,0
2024,"Hamilton, Ontario",2011S0503537,Apartment structures of six units and over,One bedroom units,Dollars,81,units,0,v3824614,85.4.2,1420,,,,0
2024,"Hamilton, Ontario",2011S0503537,Apartment structures of six units and over,Two bedroom units,Dollars,81,units,0,v3824802,85.4.3,1639,,,,0
2024,"Hamilton, Ontario",2011S0503537,Apartment structures of six units and over,Three bedroom units,Dollars,81,units,0,v3824990,85.4.4,1933,,,,0
2024,"Oshawa, Ontario",2011S0503532,Row and apartment structures of three units and over,Bachelor units,Dollars,81,units,0,v3822823,104.3.1,1286,,,,0
2024,"Oshawa, Ontario",2011S0503532,Row and apartment structures of three units and over,One bedroom units,Dollars,81,units,0,v3822957,104.3.2,1597,,,,0
2024,"Oshawa, Ontario",2011S0503532,Row and apartment structures of three units and over,Two bedroom units,Dollars,81,units,0,v3823091,104.3.3,1690,,,,0
2024,"Oshawa, Ontario",2011S0503532,Row and apartment structures of three units and over,Three bedroom units,Dollars,81,units,0,v3823225,104.3.4,1998,,,,0
2024,"Oshawa, Ontario",2011S0503532,Row structures of three units and over,Bachelor units,Dollars,81,units,0,v3823359,104.2.1,,F,,,0
2024,"Oshawa, Ontario",2011S0503532,Row structures of three units and over,One bedroom units,Dollars,81,units,0,v3823493,104.2.2,,F,,,0
2024,"Oshawa, Ontario",2011S0503532,Row structures of three units and over,Two bedroom units,Dollars,81,units,0,v3823627,104.2.3,1950,,,,0
2024,"Oshawa, Ontario",2011S0503532,Row structures of three units and over,Three bedroom units,Dollars,81,units,0,v3823761,104.2.4,2193,,,,0
2024,"Oshawa, Ontario",2011S0503532,Apartment structures of three units and over,Bachelor units,Dollars,81,units,0,v3823895,104.1.1,1286,,,,0
2024,"Oshawa, Ontario",2011S0503532,Apartment structures of three units and over,One bedroom units,Dollars,81,units,0,v3824029,104.1.2,1601,,,,0
2024,"Oshawa, Ontario",2011S0503532,Apartment structures of three units and over,Two bedroom units,Dollars,81,units,0,v3824163,104.1.3,1686,,,,0
2024,"Oshawa, Ontario",2011S0503532,Apartment structures of three units and over,Three bedroom units,Dollars,81,units,0,v3824297,104.1.4,1865,,,,0
2024,"Oshawa, Ontario",2011S0503532,Apartment structures of six units and over,Bachelor units,Dollars,81,units,0,v3824431,104.4.1,1345,,,,0
2024,"Oshawa, Ontario",2011S0503532,Apartment structures of six units and over,One bedroom units,Dollars,81,units,0,v3824619,104.4.2,1619,,,,0
2024,"Oshawa, Ontario",2011S0503532,Apartment structures of six units and over,Two bedroom units,Dollars,81,units,0,v3824807,104.4.3,1701,,,,0
2024,"Oshawa, Ontario",2011S0503532,Apartment structures of six units and over,Three bedroom units,Dollars,81,units,0,v3824995,104.4.4,1872,,,,0
2024,"Scugog, Ontario",2011A00053518020,Row and apartment structures of three units and over,Bachelor units,Dollars,81,units,0,v53843634,228.3.1,,F,,,0
2024,"Scugog, Ontario",2011A00053518020,Row and apartment structures of three units and over,One bedroom units,Dollars,81,units,0,v53843674,228.3.2,1078,,,,0
2024,"Scugog, Ontario",2011A00053518020,Row and apartment structures of three units and over,Two bedroom units,Dollars,81,units,0,v53843714,228.3.3,1327,,,,0
2024,"Scugog, Ontario",2011A00053518020,Row and apartment structures of three units and over,Three bedroom units,Dollars,81,units,0,v53843754,228.3.4,,F,,,0
2024,"Scugog, Ontario",2011A00053518020,Row structures of three units and over,Bachelor units,Dollars,81,units,0,v53843794,228.2.1,,F,,,0
2024,"Scugog, Ontario",2011A00053518020,Row structures of three units and over,One bedroom units,Dollars,81,units,0,v53843834,228.2.2,,F,,,0
2024,"Scugog, Ontario",2011A00053518020,Row structures of three units and over,Two bedroom units,Dollars,81,units,0,v53843874,228.2.3,,F,,,0
2024,"Scugog, Ontario",2011A00053518020,Row structures of three units and over,Three bedroom units,Dollars,81,units,0,v53843914,228.2.4,,F,,,0
2024,"Scugog, Ontario",2011A00053518020,Apartment structures of three units and over,Bachelor units,Dollars,81,units,0,v53843954,228.1.1,,F,,,0
2024,"Scugog, Ontario",2011A00053518020,Apartment structures of three units and over,One bedroom units,Dollars,81,units,0,v53843994,228.1.2,1078,,,,0
2024,"Scugog, Ontario",2011A00053518020,Apartment structures of three units and over,Two bedroom units,Dollars,81,units,0,v53844034,228.1.3,1327,,,,0
2024,"Scugog, Ontario",2011A00053518020,Apartment structures of three units and over,Three bedroom units,Dollars,81,units,0,v53844074,228.1.4,,F,,,0
2024,"Scugog, Ontario",2011A00053518020,Apartment structures of six units and over,Bachelor units,Dollars,81,units,0,v53844114,228.4.1,,F,,,0
2024,"Scugog, Ontario",2011A00053518020,Apartment structures of six units and over,One bedroom units,Dollars,81,units,0,v53844154,228.4.2,,F,,,0
2024,"Scugog, Ontario",2011A00053518020,Apartment structures of six units and over,Two bedroom units,Dollars,81,units,0,v53844194,228.4.3,,F,,,0
2024,"Scugog, Ontario",2011A00053518020,Apartment structures of six units and over,Three bedroom units,Dollars,81,units,0,v53844234,228.4.4,,F,,,0
2024,"Toronto, Ontario",2011S0503535,Row and apartment structures of three units and over,Bachelor units,Dollars,81,units,0,v3822835,125.3.1,1448,,,,0
2024,"Toronto, Ontario",2011S0503535,Row and apartment structures of three units and over,One bedroom units,Dollars,81,units,0,v3822969,125.3.2,1715,,,,0
2024,"Toronto, Ontario",2011S0503535,Row and apartment structures of three units and over,Two bedroom units,Dollars,81,units,0,v3823103,125.3.3,1972,,,,0
2024,"Toronto, Ontario",2011S0503535,Row and apartment structures of three units and over,Three bedroom units,Dollars,81,units,0,v3823237,125.3.4,2185,,,,0
2024,"Toronto, Ontario",2011S0503535,Row structures of three units and over,Bachelor units,Dollars,81,units,0,v3823371,125.2.1,,F,,,0
2024,"Toronto, Ontario",2011S0503535,Row structures of three units and over,One bedroom units,Dollars,81,units,0,v3823505,125.2.2,,F,,,0
2024,"Toronto, Ontario",2011S0503535,Row structures of three units and over,Two bedroom units,Dollars,81,units,0,v3823639,125.2.3,1755,,,,0
2024,"Toronto, Ontario",2011S0503535,Row structures of three units and over,Three bedroom units,Dollars,81,units,0,v3823773,125.2.4,1990,,,,0
2024,"Toronto, Ontario",2011S0503535,Apartment structures of three units and over,Bachelor units,Dollars,81,units,0,v3823907,125.1.1,1448,,,,0
2024,"Toronto, Ontario",2011S0503535,Apartment structures of three units and over,One bedroom units,Dollars,81,units,0,v3824041,125.1.2,1715,,,,0
2024,"Toronto, Ontario",2011S0503535,Apartment structures of three units and over,Two bedroom units,Dollars,81,units,0,v3824175,125.1.3,1974,,,,0
2024,"Toronto, Ontario",2011S0503535,Apartment structures of three units and over,Three bedroom units,Dollars,81,units,0,v3824309,125.1.4,2225,,,,0
2024,"Toronto, Ontario",2011S0503535,Apartment structures of six units and over,Bachelor units,Dollars,81,units,0,v3824443,125.4.1,1448,,,,0
2024,"Toronto, Ontario",2011S0503535,Apartment structures of six units and over,One bedroom units,Dollars,81,units,0,v3824631,125.4.2,1714,,,,0
2024,"Toronto, Ontario",2011S0503535,Apartment structures of six units and over,Two bedroom units,Dollars,81,units,0,v3824819,125.4.3,1979,,,,0
2024,"Toronto, Ontario",2011S0503535,Apartment structures of six units and over,Three bedroom units,Dollars,81,units,0,v3825007,125.4.4,2221,,,,0
2025,"Brock, Ontario",2011A00053518039,Row and apartment structures of three units and over,Bachelor units,Dollars,81,units,0,v53843611,221.3.1,,F,,,0
2025,"Brock, Ontario",2011A00053518039,Row and apartment structures of three units and over,One bedroom units,Dollars,81,units,0,v53843651,221.3.2,1030,,,,0
2025,"Brock, Ontario",2011A00053518039,Row and apartment structures of three units and over,Two bedroom units,Dollars,81,units,0,v53843691,221.3.3,1296,,,,0
2025,"Brock, Ontario",2011A00053518039,Row and apartment structures of three units and over,Three bedroom units,Dollars,81,units,0,v53843731,221.3.4,,F,,,0
2025,"Brock, Ontario",2011A00053518039,Row structures of three units and over,Bachelor units,Dollars,81,units,0,v53843771,221.2.1,,F,,,0
2025,"Brock, Ontario",2011A00053518039,Row structures of three units and over,One bedroom units,Dollars,81,units,0,v53843811,221.2.2,,F,,,0
2025,"Brock, Ontario",2011A00053518039,Row structures of three units and over,Two bedroom units,Dollars,81,units,0,v53843851,221.2.3,,F,,,0
2025,"Brock, Ontario",2011A00053518039,Row structures of three units and over,Three bedroom units,Dollars,81,units,0,v53843891,221.2.4,,F,,,0
2025,"Brock, Ontario",2011A00053518039,Apartment structures of three units and over,Bachelor units,Dollars,81,units,0,v53843931,221.1.1,,F,,,0
2025,"Brock, Ontario",2011A00053518039,Apartment structures of three units and over,One bedroom units,Dollars,81,units,0,v53843971,221.1.2,1030,,,,0
2025,"Brock, Ontario",2011A00053518039,Apartment structures of three units and over,Two bedroom units,Dollars,81,units,0,v53844011,221.1.3,1296,,,,0
2025,"Brock, Ontario",2011A00053518039,Apartment structures of three units and over,Three bedroom units,Dollars,81,units,0,v53844051,221.1.4,,F,,,0
2025,"Brock, Ontario",2011A00053518039,Apartment structures of six units and over,Bachelor units,Dollars,81,units,0,v53844091,221.4.1,,F,,,0
2025,"Brock, Ontario",2011A00053518039,Apartment structures of six units and over,One bedroom units,Dollars,81,units,0,v53844131,221.4.2,1030,,,,0
2025,"Brock, Ontario",2011A00053518039,Apartment structures of six units and over,Two bedroom units,Dollars,81,units,0,v53844171,221.4.3,1296,,,,0
2025,"Brock, Ontario",2011A00053518039,Apartment structures of six units and over,Three bedroom units,Dollars,81,units,0,v53844211,221.4.4,,F,,,0
2025,"Hamilton, Ontario",2011S0503537,Row and apartment structures of three units and over,Bachelor units,Dollars,81,units,0,v3822818,85.3.1,1078,,,,0
2025,"Hamilton, Ontario",2011S0503537,Row and apartment structures of three units and over,One bedroom units,Dollars,81,units,0,v3822952,85.3.2,1402,,,,0
2025,"Hamilton, Ontario",2011S0503537,Row and apartment structures of three units and over,Two bedroom units,Dollars,81,units,0,v3823086,85.3.3,1659,,,,0
2025,"Hamilton, Ontario",2011S0503537,Row and apartment structures of three units and over,Three bedroom units,Dollars,81,units,0,v3823220,85.3.4,1866,,,,0
2025,"Hamilton, Ontario",2011S0503537,Row structures of three units and over,Bachelor units,Dollars,81,units,0,v3823354,85.2.1,,F,,,0
2025,"Hamilton, Ontario",2011S0503537,Row structures of three units and over,One bedroom units,Dollars,81,units,0,v3823488,85.2.2,1509,,,,0
2025,"Hamilton, Ontario",2011S0503537,Row structures of three units and over,Two bedroom units,Dollars,81,units,0,v3823622,85.2.3,1725,,,,0
2025,"Hamilton, Ontario",2011S0503537,Row structures of three units and over,Three bedroom units,Dollars,81,units,0,v3823756,85.2.4,1808,,,,0
2025,"Hamilton, Ontario",2011S0503537,Apartment structures of three units and over,Bachelor units,Dollars,81,units,0,v3823890,85.1.1,1076,,,,0
2025,"Hamilton, Ontario",2011S0503537,Apartment structures of three units and over,One bedroom units,Dollars,81,units,0,v3824024,85.1.2,1402,,,,0
2025,"Hamilton, Ontario",2011S0503537,Apartment structures of three units and over,Two bedroom units,Dollars,81,units,0,v3824158,85.1.3,1656,,,,0
2025,"Hamilton, Ontario",2011S0503537,Apartment structures of three units and over,Three bedroom units,Dollars,81,units,0,v3824292,85.1.4,1895,,,,0
2025,"Hamilton, Ontario",2011S0503537,Apartment structures of six units and over,Bachelor units,Dollars,81,units,0,v3824426,85.4.1,1104,,,,0
2025,"Hamilton, Ontario",2011S0503537,Apartment structures of six units and over,One bedroom units,Dollars,81,units,0,v3824614,85.4.2,1410,,,,0
2025,"Hamilton, Ontario",2011S0503537,Apartment structures of six units and over,Two bedroom units,Dollars,81,units,0,v3824802,85.4.3,1656,,,,0
2025,"Hamilton, Ontario",2011S0503537,Apartment structures of six units and over,Three bedroom units,Dollars,81,units,0,v3824990,85.4.4,1897,,,,0
2025,"Oshawa, Ontario",2011S0503532,Row and apartment structures of three units and over,Bachelor units,Dollars,81,units,0,v3822823,104.3.1,1334,,,,0
2025,"Oshawa, Ontario",2011S0503532,Row and apartment structures of three units and over,One bedroom units,Dollars,81,units,0,v3822957,104.3.2,1586,,,,0
2025,"Oshawa, Ontario",2011S0503532,Row and apartment structures of three units and over,Two bedroom units,Dollars,81,units,0,v3823091,104.3.3,1762,,,,0
2025,"Oshawa, Ontario",2011S0503532,Row and apartment structures of three units and over,Three bedroom units,Dollars,81,units,0,v3823225,104.3.4,2131,,,,0
2025,"Oshawa, Ontario",2011S0503532,Row structures of three units and over,Bachelor units,Dollars,81,units,0,v3823359,104.2.1,,F,,,0
2025,"Oshawa, Ontario",2011S0503532,Row structures of three units and over,One bedroom units,Dollars,81,units,0,v3823493,104.2.2,,F,,,0
2025,"Oshawa, Ontario",2011S0503532,Row structures of three units and over,Two bedroom units,Dollars,81,units,0,v3823627,104.2.3,,F,,,0
2025,"Oshawa, Ontario",2011S0503532,Row structures of three units and over,Three bedroom units,Dollars,81,units,0,v3823761,104.2.4,2323,,,,0
2025,"Oshawa, Ontario",2011S0503532,Apartment structures of three units and over,Bachelor units,Dollars,81,units,0,v3823895,104.1.1,1334,,,,0
2025,"Oshawa, Ontario",2011S0503532,Apartment structures of three units and over,One bedroom units,Dollars,81,units,0,v3824029,104.1.2,1586,,,,0
2025,"Oshawa, Ontario",2011S0503532,Apartment structures of three units and over,Two bedroom units,Dollars,81,units,0,v3824163,104.1.3,1754,,,,0
2025,"Oshawa, Ontario",2011S0503532,Apartment structures of three units and over,Three bedroom units,Dollars,81,units,0,v3824297,104.1.4,1974,,,,0
2025,"Oshawa, Ontario",2011S0503532,Apartment structures of six units and over,Bachelor units,Dollars,81,units,0,v3824431,104.4.1,1354,,,,0
2025,"Oshawa, Ontario",2011S0503532,Apartment structures of six units and over,One bedroom units,Dollars,81,units,0,v3824619,104.4.2,1606,,,,0
2025,"Oshawa, Ontario",2011S0503532,Apartment structures of six units and over,Two bedroom units,Dollars,81,units,0,v3824807,104.4.3,1783,,,,0
2025,"Oshawa, Ontario",2011S0503532,Apartment structures of six units and over,Three bedroom units,Dollars,81,units,0,v3824995,104.4.4,1991,,,,0
2025,"Scugog, Ontario",2011A00053518020,Row and apartment structures of three units and over,Bachelor units,Dollars,81,units,0,v53843634,228.3.1,,F,,,0
2025,"Scugog, Ontario",2011A00053518020,Row and apartment structures of three units and over,One bedroom units,Dollars,81,units,0,v53843674,228.3.2,1117,,,,0
2025,"Scugog, Ontario",2011A00053518020,Row and apartment structures of three units and over,Two bedroom units,Dollars,81,units,0,v53843714,228.3.3,1452,,,,0
2025,"Scugog, Ontario",2011A00053518020,Row and apartment structures of three units and over,Three bedroom units,Dollars,81,units,0,v53843754,228.3.4,,F,,,0
2025,"Scugog, Ontario",2011A00053518020,Row structures of three units and over,Bachelor units,Dollars,81,units,0,v53843794,228.2.1,,F,,,0
2025,"Scugog, Ontario",2011A00053518020,Row structures of three units and over,One bedroom units,Dollars,81,units,0,v53843834,228.2.2,,F,,,0
2025,"Scugog, Ontario",2011A00053518020,Row structures of three units and over,Two bedroom units,Dollars,81,units,0,v53843874,228.2.3,,F,,,0
2025,"Scugog, Ontario",2011A00053518020,Row structures of three units and over,Three bedroom units,Dollars,81,units,0,v53843914,228.2.4,,F,,,0
2025,"Scugog, Ontario",2011A00053518020,Apartment structures of three units and over,Bachelor units,Dollars,81,units,0,v53843954,228.1.1,,F,,,0
2025,"Scugog, Ontario",2011A00053518020,Apartment structures of three units and over,One bedroom units,Dollars,81,units,0,v53843994,228.1.2,1117,,,,0
2025,"Scugog, Ontario",2011A00053518020,Apartment structures of three units and over,Two bedroom units,Dollars,81,units,0,v53844034,228.1.3,1452,,,,0
2025,"Scugog, Ontario",2011A00053518020,Apartment structures of three units and over,Three bedroom units,Dollars,81,units,0,v53844074,228.1.4,,F,,,0
2025,"Scugog, Ontario",2011A00053518020,Apartment structures of six units and over,Bachelor units,Dollars,81,units,0,v53844114,228.4.1,,F,,,0
2025,"Scugog, Ontario",2011A00053518020,Apartment structures of six units and over,One bedroom units,Dollars,81,units,0,v53844154,228.4.2,,F,,,0
2025,"Scugog, Ontario",2011A00053518020,Apartment structures of six units and over,Two bedroom units,Dollars,81,units,0,v53844194,228.4.3,,F,,,0
2025,"Scugog, Ontario",2011A00053518020,Apartment structures of six units and over,Three bedroom units,Dollars,81,units,0,v53844234,228.4.4,,F,,,0
2025,"Toronto, Ontario",2011S0503535,Row and apartment structures of three units and over,Bachelor units,Dollars,81,units,0,v3822835,125.3.1,1491,,,,0
2025,"Toronto, Ontario",2011S0503535,Row and apartment structures of three units and over,One bedroom units,Dollars,81,units,0,v3822969,125.3.2,1761,,,,0
2025,"Toronto, Ontario",2011S0503535,Row and apartment structures of three units and over,Two bedroom units,Dollars,81,units,0,v3823103,125.3.3,2045,,,,0
2025,"Toronto, Ontario",2011S0503535,Row and apartment structures of three units and over,Three bedroom units,Dollars,81,units,0,v3823237,125.3.4,2294,,,,0
2025,"Toronto, Ontario",2011S0503535,Row structures of three units and over,Bachelor units,Dollars,81,units,0,v3823371,125.2.1,,F,,,0
2025,"Toronto, Ontario",2011S0503535,Row structures of three units and over,One bedroom units,Dollars,81,units,0,v3823505,125.2.2,1787,,,,0
2025,"Toronto, Ontario",2011S0503535,Row structures of three units and over,Two bedroom units,Dollars,81,units,0,v3823639,125.2.3,1954,,,,0
2025,"Toronto, Ontario",2011S0503535,Row structures of three units and over,Three bedroom units,Dollars,81,units,0,v3823773,125.2.4,2162,,,,0
2025,"Toronto, Ontario",2011S0503535,Apartment structures of three units and over,Bachelor units,Dollars,81,units,0,v3823907,125.1.1,1491,,,,0
2025,"Toronto, Ontario",2011S0503535,Apartment structures of three units and over,One bedroom units,Dollars,81,units,0,v3824041,125.1.2,1761,,,,0
2025,"Toronto, Ontario",2011S0503535,Apartment structures of three units and over,Two bedroom units,Dollars,81,units,0,v3824175,125.1.3,2046,,,,0
2025,"Toronto, Ontario",2011S0503535,Apartment structures of three units and over,Three bedroom units,Dollars,81,units,0,v3824309,125.1.4,2317,,,,0
2025,"Toronto, Ontario",2011S0503535,Apartment structures of six units and over,Bachelor units,Dollars,81,units,0,v3824443,125.4.1,1494,,,,0
2025,"Toronto, Ontario",2011S0503535,Apartment structures of six units and over,One bedroom units,Dollars,81,units,0,v3824631,125.4.2,1761,,,,0
2025,"Toronto, Ontario",2011S0503535,Apartment structures of six units and over,Two bedroom units,Dollars,81,units,0,v3824819,125.4.3,2056,,,,0
2025,"Toronto, Ontario",2011S0503535,Apartment structures of six units and over,Three bedroom units,Dollars,81,units,0,v3825007,125.4.4,2319,,,,0
