REF_DATE,GEO,DGUID,Household size (7),Household type including census family structure  (11),Coordinate,Household income statistics (6):Number of households (2021)[1],Symbol,Household income statistics (6):Number of households (2016)[2],Symbol,Household income statistics (6):Median household total income (2020) (2020 constant dollars)[3],Symbol,Household income statistics (6):Median household total income (2015) (2020 constant dollars)[4],Symbol,Household income statistics (6):Median household after-tax income (2020) (2020 constant dollars)[5],Symbol,Household income statistics (6):Median household after-tax income (2015) (2020 constant dollars)[6],Symbol
2021,Canada,2021A000011124,Total - Households by household size,Total – Household type including census family structure,1.1.1,14978940,,14072075,,84000,,76000,,73000,,66500,
2021,Canada,2021A000011124,Total - Households by household size,Census-family households,1.1.2,9919095,,9519940,,107000,,98000,,93000,,84000,
2021,Canada,2021A000011124,Total - Households by household size,Households consisting of only one census family without additional persons,1.1.3,8932695,,8605750,,104000,,95000,,90000,,82000,
2021,Canada,2021A000011124,Total - Households by household size,"One couple, with or without children in their census family",1.1.4,7627195,,7355560,,111000,,103000,,96000,,88000,
2021,Canada,2021A000011124,Total - Households by household size,Without children,1.1.5,3837400,,3627180,,91000,,86000,,79500,,74000,
2021,Canada,2021A000011124,Total - Households by household size,With children,1.1.6,3789795,,3728380,,134000,,122000,,114000,,103000,
2021,Canada,2021A000011124,Total - Households by household size,One one-parent census family,1.1.7,1305500,,1250190,,68000,,56400,,62000,,52000,
2021,Canada,2021A000011124,Total - Households by household size,With a parent that is a man+,1.1.8,282845,,265385,,78000,,71000,,68000,,61200,
2021,Canada,2021A000011124,Total - Households by household size,With a parent that is a woman+,1.1.9,1022655,,984800,,65500,,53600,,60800,,50000,
2021,Canada,2021A000011124,Total - Households by household size,Other census family households,1.1.10,986400,,914195,,140000,,120000,,125000,,107000,
2021,Canada,2021A000011124,Total - Households by household size,Non-census family households,1.1.11,5059850,,4552135,,45200,,41200,,40400,,36400,
2021,Canada,2021A000011124,1 person,Total – Household type including census family structure,1.2.1,4396015,,3969790,,41600,,38000,,37200,,34000,
2021,Canada,2021A000011124,1 person,Census-family households,1.2.2,0,,0,,0,...,0,...,0,...,0,...
2021,Canada,2021A000011124,1 person,Households consisting of only one census family without additional persons,1.2.3,0,,0,,0,...,0,...,0,...,0,...
2021,Canada,2021A000011124,1 person,"One couple, with or without children in their census family",1.2.4,0,,0,,0,...,0,...,0,...,0,...
2021,Canada,2021A000011124,1 person,Without children,1.2.5,0,,0,,0,...,0,...,0,...,0,...
2021,Canada,2021A000011124,1 person,With children,1.2.6,0,,0,,0,...,0,...,0,...,0,...
2021,Canada,2021A000011124,1 person,One one-parent census family,1.2.7,0,,0,,0,...,0,...,0,...,0,...
2021,Canada,2021A000011124,1 person,With a parent that is a man+,1.2.8,0,,0,,0,...,0,...,0,...,0,...
2021,Canada,2021A000011124,1 person,With a parent that is a woman+,1.2.9,0,,0,,0,...,0,...,0,...,0,...
2021,Canada,2021A000011124,1 person,Other census family households,1.2.10,0,,0,,0,...,0,...,0,...,0,...
2021,Canada,2021A000011124,1 person,Non-census family households,1.2.11,4396015,,3969790,,41600,,38000,,37200,,34000,
2021,Canada,2021A000011124,2 or more persons,Total – Household type including census family structure,1.3.1,10582930,,10102290,,105000,,95000,,91000,,83000,
2021,Canada,2021A000011124,2 or more persons,Census-family households,1.3.2,9919095,,9519940,,107000,,98000,,93000,,84000,
2021,Canada,2021A000011124,2 or more persons,Households consisting of only one census family without additional persons,1.3.3,8932695,,8605750,,104000,,95000,,90000,,82000,
2021,Canada,2021A000011124,2 or more persons,"One couple, with or without children in their census family",1.3.4,7627195,,7355560,,111000,,103000,,96000,,88000,
2021,Canada,2021A000011124,2 or more persons,Without children,1.3.5,3837400,,3627180,,91000,,86000,,79500,,74000,
2021,Canada,2021A000011124,2 or more persons,With children,1.3.6,3789795,,3728380,,134000,,122000,,114000,,103000,
2021,Canada,2021A000011124,2 or more persons,One one-parent census family,1.3.7,1305500,,1250190,,68000,,56400,,62000,,52000,
2021,Canada,2021A000011124,2 or more persons,With a parent that is a man+,1.3.8,282845,,265385,,78000,,71000,,68000,,61200,
2021,Canada,2021A000011124,2 or more persons,With a parent that is a woman+,1.3.9,1022655,,984800,,65500,,53600,,60800,,50000,
2021,Canada,2021A000011124,2 or more persons,Other census family households,1.3.10,986400,,914195,,140000,,120000,,125000,,107000,
2021,Canada,2021A000011124,2 or more persons,Non-census family households,1.3.11,663835,,582350,,78000,,66500,,70500,,60400,
2021,Canada,2021A000011124,2 persons,Total – Household type including census family structure,1.4.1,5124800,,4834605,,85000,,78500,,74500,,68500,
2021,Canada,2021A000011124,2 persons,Census-family households,1.4.2,4611910,,4371715,,86000,,80000,,75500,,69500,
2021,Canada,2021A000011124,2 persons,Households consisting of only one census family without additional persons,1.4.3,4611910,,4371715,,86000,,80000,,75500,,69500,
2021,Canada,2021A000011124,2 persons,"One couple, with or without children in their census family",1.4.4,3837400,,3627180,,91000,,86000,,79500,,74000,
2021,Canada,2021A000011124,2 persons,Without children,1.4.5,3837400,,3627180,,91000,,86000,,79500,,74000,
2021,Canada,2021A000011124,2 persons,With children,1.4.6,0,,0,,0,...,0,...,0,...,0,...
2021,Canada,2021A000011124,2 persons,One one-parent census family,1.4.7,774515,,744530,,64000,,55200,,58400,,50000,
2021,Canada,2021A000011124,2 persons,With a parent that is a man+,1.4.8,181725,,172485,,73000,,67000,,64000,,58000,
2021,Canada,2021A000011124,2 persons,With a parent that is a woman+,1.4.9,592790,,572050,,62000,,52000,,56800,,48000,
2021,Canada,2021A000011124,2 persons,Other census family households,1.4.10,0,,0,,0,...,0,...,0,...,0,...
2021,Canada,2021A000011124,2 persons,Non-census family households,1.4.11,512885,,462885,,72500,,63200,,65500,,57200,
2021,Canada,2021A000011124,3 persons,Total – Household type including census family structure,1.5.1,2194825,,2140635,,111000,,100000,,96000,,87000,
2021,Canada,2021A000011124,3 persons,Census-family households,1.5.2,2097530,,2056615,,112000,,101000,,97000,,88000,
2021,Canada,2021A000011124,3 persons,Households consisting of only one census family without additional persons,1.5.3,1847420,,1823545,,112000,,102000,,97000,,88000,
2021,Canada,2021A000011124,3 persons,"One couple, with or without children in their census family",1.5.4,1466900,,1456315,,123000,,113000,,105000,,96000,
2021,Canada,2021A000011124,3 persons,Without children,1.5.5,0,,0,,0,...,0,...,0,...,0,...
2021,Canada,2021A000011124,3 persons,With children,1.5.6,1466900,,1456315,,123000,,113000,,105000,,96000,
2021,Canada,2021A000011124,3 persons,One one-parent census family,1.5.7,380520,,367225,,73500,,60400,,67500,,55200,
2021,Canada,2021A000011124,3 persons,With a parent that is a man+,1.5.8,77945,,72795,,87000,,79500,,74500,,67500,
2021,Canada,2021A000011124,3 persons,With a parent that is a woman+,1.5.9,302575,,294435,,70500,,56400,,65500,,52800,
2021,Canada,2021A000011124,3 persons,Other census family households,1.5.10,250115,,233070,,108000,,95000,,97000,,85000,
2021,Canada,2021A000011124,3 persons,Non-census family households,1.5.11,97290,,84020,,93000,,78500,,85000,,72500,
2021,Canada,2021A000011124,4 persons,Total – Household type including census family structure,1.6.1,2002455,,1946280,,138000,,125000,,117000,,106000,
2021,Canada,2021A000011124,4 persons,Census-family households,1.6.2,1970285,,1922765,,138000,,125000,,118000,,106000,
2021,Canada,2021A000011124,4 persons,Households consisting of only one census family without additional persons,1.6.3,1720315,,1691755,,139000,,126000,,118000,,106000,
2021,Canada,2021A000011124,4 persons,"One couple, with or without children in their census family",1.6.4,1610625,,1589270,,144000,,131000,,121000,,110000,
2021,Canada,2021A000011124,4 persons,Without children,1.6.5,0,,0,,0,...,0,...,0,...,0,...
2021,Canada,2021A000011124,4 persons,With children,1.6.6,1610625,,1589270,,144000,,131000,,121000,,110000,
2021,Canada,2021A000011124,4 persons,One one-parent census family,1.6.7,109690,,102480,,73000,,56400,,69000,,53600,
2021,Canada,2021A000011124,4 persons,With a parent that is a man+,1.6.8,18230,,16085,,89000,,81000,,78500,,70000,
2021,Canada,2021A000011124,4 persons,With a parent that is a woman+,1.6.9,91455,,86390,,70500,,53200,,67500,,51600,
2021,Canada,2021A000011124,4 persons,Other census family households,1.6.10,249970,,231015,,133000,,115000,,118000,,102000,
2021,Canada,2021A000011124,4 persons,Non-census family households,1.6.11,32165,,23505,,108000,,92000,,101000,,86000,
2021,Canada,2021A000011124,5 or more persons,Total – Household type including census family structure,1.7.1,1260850,,1180770,,144000,,124000,,127000,,109000,
2021,Canada,2021A000011124,5 or more persons,Census-family households,1.7.2,1239365,,1168840,,144000,,125000,,127000,,109000,
2021,Canada,2021A000011124,5 or more persons,Households consisting of only one census family without additional persons,1.7.3,753045,,718735,,131000,,116000,,115000,,101000,
2021,Canada,2021A000011124,5 or more persons,"One couple, with or without children in their census family",1.7.4,712265,,682790,,135000,,120000,,117000,,104000,
2021,Canada,2021A000011124,5 or more persons,Without children,1.7.5,0,,0,,0,...,0,...,0,...,0,...
2021,Canada,2021A000011124,5 or more persons,With children,1.7.6,712265,,682790,,135000,,120000,,117000,,104000,
2021,Canada,2021A000011124,5 or more persons,One one-parent census family,1.7.7,40780,,35945,,73500,,53200,,71500,,52400,
2021,Canada,2021A000011124,5 or more persons,With a parent that is a man+,1.7.8,4940,,4020,,88000,,73000,,80000,,66500,
2021,Canada,2021A000011124,5 or more persons,With a parent that is a woman+,1.7.9,35840,,31920,,72000,,52000,,71000,,51200,
2021,Canada,2021A000011124,5 or more persons,Other census family households,1.7.10,486320,,450105,,164000,,137000,,146000,,122000,
2021,Canada,2021A000011124,5 or more persons,Non-census family households,1.7.11,21490,,11930,,138000,,107000,,130000,,101000,
2021,Ontario,2021A000235,Total - Households by household size,Total – Household type including census family structure,2265.1.1,5491205,,5169175,,91000,,80000,,79500,,70500,
2021,Ontario,2021A000235,Total - Households by household size,Census-family households,2265.1.2,3797960,,3627505,,113000,,101000,,99000,,88000,
2021,Ontario,2021A000235,Total - Households by household size,Households consisting of only one census family without additional persons,2265.1.3,3347195,,3223455,,109000,,98000,,95000,,85000,
2021,Ontario,2021A000235,Total - Households by household size,"One couple, with or without children in their census family",2265.1.4,2841660,,2737070,,117000,,106000,,101000,,92000,
2021,Ontario,2021A000235,Total - Households by household size,Without children,2265.1.5,1324295,,1253840,,96000,,89000,,83000,,77500,
2021,Ontario,2021A000235,Total - Households by household size,With children,2265.1.6,1517365,,1483235,,138000,,124000,,118000,,106000,
2021,Ontario,2021A000235,Total - Households by household size,One one-parent census family,2265.1.7,505535,,486380,,70500,,57200,,65000,,53200,
2021,Ontario,2021A000235,Total - Households by household size,With a parent that is a man+,2265.1.8,97180,,91760,,82000,,73000,,72000,,64000,
2021,Ontario,2021A000235,Total - Households by household size,With a parent that is a woman+,2265.1.9,408355,,394620,,68500,,54400,,63600,,51200,
2021,Ontario,2021A000235,Total - Households by household size,Other census family households,2265.1.10,450765,,404055,,144000,,121000,,128000,,108000,
2021,Ontario,2021A000235,Total - Households by household size,Non-census family households,2265.1.11,1693240,,1541665,,48400,,42800,,43200,,38400,
2021,Ontario,2021A000235,1 person,Total – Household type including census family structure,2265.2.1,1452540,,1341305,,43600,,40000,,39200,,36000,
2021,Ontario,2021A000235,1 person,Census-family households,2265.2.2,0,,0,,0,...,0,...,0,...,0,...
2021,Ontario,2021A000235,1 person,Households consisting of only one census family without additional persons,2265.2.3,0,,0,,0,...,0,...,0,...,0,...
2021,Ontario,2021A000235,1 person,"One couple, with or without children in their census family",2265.2.4,0,,0,,0,...,0,...,0,...,0,...
2021,Ontario,2021A000235,1 person,Without children,2265.2.5,0,,0,,0,...,0,...,0,...,0,...
2021,Ontario,2021A000235,1 person,With children,2265.2.6,0,,0,,0,...,0,...,0,...,0,...
2021,Ontario,2021A000235,1 person,One one-parent census family,2265.2.7,0,,0,,0,...,0,...,0,...,0,...
2021,Ontario,2021A000235,1 person,With a parent that is a man+,2265.2.8,0,,0,,0,...,0,...,0,...,0,...
2021,Ontario,2021A000235,1 person,With a parent that is a woman+,2265.2.9,0,,0,,0,...,0,...,0,...,0,...
2021,Ontario,2021A000235,1 person,Other census family households,2265.2.10,0,,0,,0,...,0,...,0,...,0,...
2021,Ontario,2021A000235,1 person,Non-census family households,2265.2.11,1452540,,1341305,,43600,,40000,,39200,,36000,
2021,Ontario,2021A000235,2 or more persons,Total – Household type including census family structure,2265.3.1,4038665,,3827870,,111000,,98000,,97000,,86000,
2021,Ontario,2021A000235,2 or more persons,Census-family households,2265.3.2,3797960,,3627505,,113000,,101000,,99000,,88000,
2021,Ontario,2021A000235,2 or more persons,Households consisting of only one census family without additional persons,2265.3.3,3347195,,3223455,,109000,,98000,,95000,,85000,
2021,Ontario,2021A000235,2 or more persons,"One couple, with or without children in their census family",2265.3.4,2841660,,2737070,,117000,,106000,,101000,,92000,
2021,Ontario,2021A000235,2 or more persons,Without children,2265.3.5,1324295,,1253840,,96000,,89000,,83000,,77500,
2021,Ontario,2021A000235,2 or more persons,With children,2265.3.6,1517365,,1483235,,138000,,124000,,118000,,106000,
2021,Ontario,2021A000235,2 or more persons,One one-parent census family,2265.3.7,505535,,486380,,70500,,57200,,65000,,53200,
2021,Ontario,2021A000235,2 or more persons,With a parent that is a man+,2265.3.8,97180,,91760,,82000,,73000,,72000,,64000,
2021,Ontario,2021A000235,2 or more persons,With a parent that is a woman+,2265.3.9,408355,,394620,,68500,,54400,,63600,,51200,
2021,Ontario,2021A000235,2 or more persons,Other census family households,2265.3.10,450765,,404055,,144000,,121000,,128000,,108000,
2021,Ontario,2021A000235,2 or more persons,Non-census family households,2265.3.11,240700,,200360,,81000,,65000,,73500,,59200,
2021,Ontario,2021A000235,2 persons,Total – Household type including census family structure,2265.4.1,1798040,,1693520,,88000,,80000,,77500,,71000,
2021,Ontario,2021A000235,2 persons,Census-family households,2265.4.2,1619515,,1536380,,90000,,82000,,79000,,72500,
2021,Ontario,2021A000235,2 persons,Households consisting of only one census family without additional persons,2265.4.3,1619515,,1536380,,90000,,82000,,79000,,72500,
2021,Ontario,2021A000235,2 persons,"One couple, with or without children in their census family",2265.4.4,1324295,,1253840,,96000,,89000,,83000,,77500,
2021,Ontario,2021A000235,2 persons,Without children,2265.4.5,1324295,,1253840,,96000,,89000,,83000,,77500,
2021,Ontario,2021A000235,2 persons,With children,2265.4.6,0,,0,,0,...,0,...,0,...,0,...
2021,Ontario,2021A000235,2 persons,One one-parent census family,2265.4.7,295220,,282545,,66500,,56000,,60400,,50800,
2021,Ontario,2021A000235,2 persons,With a parent that is a man+,2265.4.8,63090,,59475,,76000,,68500,,67000,,60000,
2021,Ontario,2021A000235,2 persons,With a parent that is a woman+,2265.4.9,232130,,223065,,64000,,52800,,59200,,48800,
2021,Ontario,2021A000235,2 persons,Other census family households,2265.4.10,0,,0,,0,...,0,...,0,...,0,...
2021,Ontario,2021A000235,2 persons,Non-census family households,2265.4.11,178520,,157145,,74500,,62400,,67500,,56400,
2021,Ontario,2021A000235,3 persons,Total – Household type including census family structure,2265.5.1,872480,,834255,,114000,,101000,,100000,,89000,
2021,Ontario,2021A000235,3 persons,Census-family households,2265.5.2,836020,,804995,,115000,,103000,,100000,,89000,
2021,Ontario,2021A000235,3 persons,Households consisting of only one census family without additional persons,2265.5.3,734015,,713370,,116000,,104000,,101000,,90000,
2021,Ontario,2021A000235,3 persons,"One couple, with or without children in their census family",2265.5.4,586200,,567760,,127000,,115000,,109000,,99000,
2021,Ontario,2021A000235,3 persons,Without children,2265.5.5,0,,0,,0,...,0,...,0,...,0,...
2021,Ontario,2021A000235,3 persons,With children,2265.5.6,586200,,567760,,127000,,115000,,109000,,99000,
2021,Ontario,2021A000235,3 persons,One one-parent census family,2265.5.7,147815,,145605,,77000,,60800,,71000,,56400,
2021,Ontario,2021A000235,3 persons,With a parent that is a man+,2265.5.8,26070,,25135,,94000,,83000,,82000,,72000,
2021,Ontario,2021A000235,3 persons,With a parent that is a woman+,2265.5.9,121745,,120465,,74000,,57200,,69000,,54000,
2021,Ontario,2021A000235,3 persons,Other census family households,2265.5.10,102005,,91625,,110000,,95000,,98000,,85000,
2021,Ontario,2021A000235,3 persons,Non-census family households,2265.5.11,36455,,29260,,94000,,73000,,87000,,68000,
2021,Ontario,2021A000235,4 persons,Total – Household type including census family structure,2265.6.1,825445,,796320,,142000,,126000,,122000,,108000,
2021,Ontario,2021A000235,4 persons,Census-family households,2265.6.2,811415,,787325,,143000,,127000,,122000,,108000,
2021,Ontario,2021A000235,4 persons,Households consisting of only one census family without additional persons,2265.6.3,697905,,687215,,144000,,129000,,123000,,109000,
2021,Ontario,2021A000235,4 persons,"One couple, with or without children in their census family",2265.6.4,652480,,644235,,149000,,134000,,126000,,113000,
2021,Ontario,2021A000235,4 persons,Without children,2265.6.5,0,,0,,0,...,0,...,0,...,0,...
2021,Ontario,2021A000235,4 persons,With children,2265.6.6,652480,,644235,,149000,,134000,,126000,,113000,
2021,Ontario,2021A000235,4 persons,One one-parent census family,2265.6.7,45430,,42985,,76000,,57200,,73000,,54800,
2021,Ontario,2021A000235,4 persons,With a parent that is a man+,2265.6.8,6305,,5730,,98000,,85000,,87000,,74500,
2021,Ontario,2021A000235,4 persons,With a parent that is a woman+,2265.6.9,39125,,37255,,73500,,54400,,71000,,52800,
2021,Ontario,2021A000235,4 persons,Other census family households,2265.6.10,113510,,100110,,135000,,114000,,120000,,102000,
2021,Ontario,2021A000235,4 persons,Non-census family households,2265.6.11,14035,,8995,,108000,,80000,,101000,,76000,
2021,Ontario,2021A000235,5 or more persons,Total – Household type including census family structure,2265.7.1,542700,,503775,,149000,,126000,,132000,,111000,
2021,Ontario,2021A000235,5 or more persons,Census-family households,2265.7.2,531015,,498805,,149000,,126000,,132000,,112000,
2021,Ontario,2021A000235,5 or more persons,Households consisting of only one census family without additional persons,2265.7.3,295760,,286495,,134000,,117000,,118000,,102000,
2021,Ontario,2021A000235,5 or more persons,"One couple, with or without children in their census family",2265.7.4,278695,,271240,,138000,,121000,,121000,,105000,
2021,Ontario,2021A000235,5 or more persons,Without children,2265.7.5,0,,0,,0,...,0,...,0,...,0,...
2021,Ontario,2021A000235,5 or more persons,With children,2265.7.6,278695,,271240,,138000,,121000,,121000,,105000,
2021,Ontario,2021A000235,5 or more persons,One one-parent census family,2265.7.7,17065,,15250,,78500,,55600,,77000,,55200,
2021,Ontario,2021A000235,5 or more persons,With a parent that is a man+,2265.7.8,1710,,1420,,98000,,81000,,90000,,74000,
2021,Ontario,2021A000235,5 or more persons,With a parent that is a woman+,2265.7.9,15350,,13835,,77500,,54400,,76000,,53600,
2021,Ontario,2021A000235,5 or more persons,Other census family households,2265.7.10,235255,,212315,,166000,,137000,,148000,,123000,
2021,Ontario,2021A000235,5 or more persons,Non-census family households,2265.7.11,11685,,4970,,136000,,90000,,129000,,87000,
2021,Durham,2021A00033518,Total - Households by household size,Total – Household type including census family structure,2364.1.1,243045,,227905,,107000,,97000,,93000,,84000,
2021,Durham,2021A00033518,Total - Households by household size,Census-family households,2364.1.2,188465,,177455,,125000,,113000,,108000,,97000,
2021,Durham,2021A00033518,Total - Households by household size,Households consisting of only one census family without additional persons,2364.1.3,161205,,154750,,120000,,110000,,103000,,94000,
2021,Durham,2021A00033518,Total - Households by household size,"One couple, with or without children in their census family",2364.1.4,135920,,130780,,129000,,119000,,109000,,101000,
2021,Durham,2021A00033518,Total - Households by household size,Without children,2364.1.5,52960,,51425,,102000,,96000,,88000,,82000,
2021,Durham,2021A00033518,Total - Households by household size,With children,2364.1.6,82955,,79355,,147000,,136000,,124000,,114000,
2021,Durham,2021A00033518,Total - Households by household size,One one-parent census family,2364.1.7,25285,,23965,,79000,,68000,,71500,,60800,
2021,Durham,2021A00033518,Total - Households by household size,With a parent that is a man+,2364.1.8,5015,,4745,,91000,,86000,,78500,,73000,
2021,Durham,2021A00033518,Total - Households by household size,With a parent that is a woman+,2364.1.9,20270,,19220,,76500,,64000,,70000,,58400,
2021,Durham,2021A00033518,Total - Households by household size,Other census family households,2364.1.10,27265,,22710,,157000,,134000,,138000,,118000,
2021,Durham,2021A00033518,Total - Households by household size,Non-census family households,2364.1.11,54580,,50455,,51600,,48000,,45600,,42400,
2021,Durham,2021A00033518,1 person,Total – Household type including census family structure,2364.2.1,47095,,44380,,47200,,45200,,42000,,40000,
2021,Durham,2021A00033518,1 person,Census-family households,2364.2.2,0,,0,,0,...,0,...,0,...,0,...
2021,Durham,2021A00033518,1 person,Households consisting of only one census family without additional persons,2364.2.3,0,,0,,0,...,0,...,0,...,0,...
2021,Durham,2021A00033518,1 person,"One couple, with or without children in their census family",2364.2.4,0,,0,,0,...,0,...,0,...,0,...
2021,Durham,2021A00033518,1 person,Without children,2364.2.5,0,,0,,0,...,0,...,0,...,0,...
2021,Durham,2021A00033518,1 person,With children,2364.2.6,0,,0,,0,...,0,...,0,...,0,...
2021,Durham,2021A00033518,1 person,One one-parent census family,2364.2.7,0,,0,,0,...,0,...,0,...,0,...
2021,Durham,2021A00033518,1 person,With a parent that is a man+,2364.2.8,0,,0,,0,...,0,...,0,...,0,...
2021,Durham,2021A00033518,1 person,With a parent that is a woman+,2364.2.9,0,,0,,0,...,0,...,0,...,0,...
2021,Durham,2021A00033518,1 person,Other census family households,2364.2.10,0,,0,,0,...,0,...,0,...,0,...
2021,Durham,2021A00033518,1 person,Non-census family households,2364.2.11,47095,,44380,,47200,,45200,,42000,,40000,
2021,Durham,2021A00033518,2 or more persons,Total – Household type including census family structure,2364.3.1,195950,,183525,,124000,,112000,,106000,,96000,
2021,Durham,2021A00033518,2 or more persons,Census-family households,2364.3.2,188465,,177455,,125000,,113000,,108000,,97000,
2021,Durham,2021A00033518,2 or more persons,Households consisting of only one census family without additional persons,2364.3.3,161205,,154750,,120000,,110000,,103000,,94000,
2021,Durham,2021A00033518,2 or more persons,"One couple, with or without children in their census family",2364.3.4,135920,,130780,,129000,,119000,,109000,,101000,
2021,Durham,2021A00033518,2 or more persons,Without children,2364.3.5,52960,,51425,,102000,,96000,,88000,,82000,
2021,Durham,2021A00033518,2 or more persons,With children,2364.3.6,82955,,79355,,147000,,136000,,124000,,114000,
2021,Durham,2021A00033518,2 or more persons,One one-parent census family,2364.3.7,25285,,23965,,79000,,68000,,71500,,60800,
2021,Durham,2021A00033518,2 or more persons,With a parent that is a man+,2364.3.8,5015,,4745,,91000,,86000,,78500,,73000,
2021,Durham,2021A00033518,2 or more persons,With a parent that is a woman+,2364.3.9,20270,,19220,,76500,,64000,,70000,,58400,
2021,Durham,2021A00033518,2 or more persons,Other census family households,2364.3.10,27265,,22710,,157000,,134000,,138000,,118000,
2021,Durham,2021A00033518,2 or more persons,Non-census family households,2364.3.11,7480,,6070,,88000,,77500,,78000,,68500,
2021,Durham,2021A00033518,2 persons,Total – Household type including census family structure,2364.4.1,72765,,69550,,94000,,88000,,82000,,76500,
2021,Durham,2021A00033518,2 persons,Census-family households,2364.4.2,66885,,64615,,95000,,89000,,83000,,77500,
2021,Durham,2021A00033518,2 persons,Households consisting of only one census family without additional persons,2364.4.3,66885,,64615,,95000,,89000,,83000,,77500,
2021,Durham,2021A00033518,2 persons,"One couple, with or without children in their census family",2364.4.4,52960,,51425,,102000,,96000,,88000,,82000,
2021,Durham,2021A00033518,2 persons,Without children,2364.4.5,52960,,51425,,102000,,96000,,88000,,82000,
2021,Durham,2021A00033518,2 persons,With children,2364.4.6,0,,0,,0,...,0,...,0,...,0,...
2021,Durham,2021A00033518,2 persons,One one-parent census family,2364.4.7,13920,,13190,,74000,,65500,,66000,,58000,
2021,Durham,2021A00033518,2 persons,With a parent that is a man+,2364.4.8,3160,,2955,,84000,,80000,,73000,,68500,
2021,Durham,2021A00033518,2 persons,With a parent that is a woman+,2364.4.9,10760,,10230,,71500,,61600,,64000,,55600,
2021,Durham,2021A00033518,2 persons,Other census family households,2364.4.10,0,,0,,0,...,0,...,0,...,0,...
2021,Durham,2021A00033518,2 persons,Non-census family households,2364.4.11,5880,,4930,,82000,,74500,,72000,,66000,
2021,Durham,2021A00033518,3 persons,Total – Household type including census family structure,2364.5.1,44830,,41965,,125000,,114000,,107000,,97000,
2021,Durham,2021A00033518,3 persons,Census-family households,2364.5.2,43760,,41150,,126000,,114000,,108000,,98000,
2021,Durham,2021A00033518,3 persons,Households consisting of only one census family without additional persons,2364.5.3,38205,,36210,,126000,,115000,,108000,,98000,
2021,Durham,2021A00033518,3 persons,"One couple, with or without children in their census family",2364.5.4,30240,,28435,,137000,,127000,,116000,,107000,
2021,Durham,2021A00033518,3 persons,Without children,2364.5.5,0,,0,,0,...,0,...,0,...,0,...
2021,Durham,2021A00033518,3 persons,With children,2364.5.6,30240,,28435,,137000,,127000,,116000,,107000,
2021,Durham,2021A00033518,3 persons,One one-parent census family,2364.5.7,7970,,7780,,87000,,73000,,78000,,66000,
2021,Durham,2021A00033518,3 persons,With a parent that is a man+,2364.5.8,1435,,1400,,103000,,95000,,89000,,80000,
2021,Durham,2021A00033518,3 persons,With a parent that is a woman+,2364.5.9,6530,,6380,,83000,,69000,,76000,,62400,
2021,Durham,2021A00033518,3 persons,Other census family households,2364.5.10,5555,,4935,,120000,,106000,,106000,,94000,
2021,Durham,2021A00033518,3 persons,Non-census family households,2364.5.11,1065,,815,,104000,,91000,,94000,,81000,
2021,Durham,2021A00033518,4 persons,Total – Household type including census family structure,2364.6.1,46905,,44645,,150000,,138000,,127000,,117000,
2021,Durham,2021A00033518,4 persons,Census-family households,2364.6.2,46570,,44435,,151000,,139000,,128000,,117000,
2021,Durham,2021A00033518,4 persons,Households consisting of only one census family without additional persons,2364.6.3,39690,,38590,,152000,,140000,,128000,,117000,
2021,Durham,2021A00033518,4 persons,"One couple, with or without children in their census family",2364.6.4,37145,,36280,,156000,,144000,,131000,,120000,
2021,Durham,2021A00033518,4 persons,Without children,2364.6.5,0,,0,,0,...,0,...,0,...,0,...
2021,Durham,2021A00033518,4 persons,With children,2364.6.6,37145,,36280,,156000,,144000,,131000,,120000,
2021,Durham,2021A00033518,4 persons,One one-parent census family,2364.6.7,2545,,2310,,84000,,66000,,79000,,62800,
2021,Durham,2021A00033518,4 persons,With a parent that is a man+,2364.6.8,335,,320,,97000,,102000,,87000,,86000,
2021,Durham,2021A00033518,4 persons,With a parent that is a woman+,2364.6.9,2205,,1990,,82000,,62400,,78000,,59200,
2021,Durham,2021A00033518,4 persons,Other census family households,2364.6.10,6885,,5845,,145000,,129000,,128000,,114000,
2021,Durham,2021A00033518,4 persons,Non-census family households,2364.6.11,335,,210,,120000,,82000,,111000,,79000,
2021,Durham,2021A00033518,5 or more persons,Total – Household type including census family structure,2364.7.1,31445,,27370,,160000,,139000,,140000,,121000,
2021,Durham,2021A00033518,5 or more persons,Census-family households,2364.7.2,31250,,27250,,160000,,140000,,140000,,121000,
2021,Durham,2021A00033518,5 or more persons,Households consisting of only one census family without additional persons,2364.7.3,16425,,15325,,143000,,132000,,124000,,112000,
2021,Durham,2021A00033518,5 or more persons,"One couple, with or without children in their census family",2364.7.4,15575,,14635,,146000,,135000,,126000,,114000,
2021,Durham,2021A00033518,5 or more persons,Without children,2364.7.5,0,,0,,0,...,0,...,0,...,0,...
2021,Durham,2021A00033518,5 or more persons,With children,2364.7.6,15575,,14635,,146000,,135000,,126000,,114000,
2021,Durham,2021A00033518,5 or more persons,One one-parent census family,2364.7.7,855,,690,,89000,,67500,,85000,,64000,
2021,Durham,2021A00033518,5 or more persons,With a parent that is a man+,2364.7.8,85,,70,,109000,,101000,,100000,,90000,
2021,Durham,2021A00033518,5 or more persons,With a parent that is a woman+,2364.7.9,770,,620,,86000,,64000,,84000,,62800,
2021,Durham,2021A00033518,5 or more persons,Other census family households,2364.7.10,14825,,11925,,176000,,149000,,156000,,132000,
2021,Durham,2021A00033518,5 or more persons,Non-census family households,2364.7.11,195,,120,,160000,,112000,,147000,,105000,
2021,Pickering,2021A00053518001,Total - Households by household size,Total – Household type including census family structure,2365.1.1,33425,,30920,,118000,,108000,,102000,,93000,
2021,Pickering,2021A00053518001,Total - Households by household size,Census-family households,2365.1.2,26895,,25090,,134000,,122000,,114000,,104000,
2021,Pickering,2021A00053518001,Total - Households by household size,Households consisting of only one census family without additional persons,2365.1.3,22550,,21410,,128000,,119000,,109000,,101000,
2021,Pickering,2021A00053518001,Total - Households by household size,"One couple, with or without children in their census family",2365.1.4,18995,,18090,,137000,,128000,,116000,,108000,
2021,Pickering,2021A00053518001,Total - Households by household size,Without children,2365.1.5,7145,,6605,,110000,,104000,,94000,,88000,
2021,Pickering,2021A00053518001,Total - Households by household size,With children,2365.1.6,11850,,11480,,154000,,143000,,130000,,120000,
2021,Pickering,2021A00053518001,Total - Households by household size,One one-parent census family,2365.1.7,3555,,3320,,88000,,76000,,77500,,67500,
2021,Pickering,2021A00053518001,Total - Households by household size,With a parent that is a man+,2365.1.8,645,,615,,98000,,86000,,84000,,73000,
2021,Pickering,2021A00053518001,Total - Households by household size,With a parent that is a woman+,2365.1.9,2905,,2705,,85000,,74500,,76500,,66500,
2021,Pickering,2021A00053518001,Total - Households by household size,Other census family households,2365.1.10,4350,,3680,,166000,,141000,,146000,,123000,
2021,Pickering,2021A00053518001,Total - Households by household size,Non-census family households,2365.1.11,6525,,5830,,58400,,55600,,50400,,47600,
2021,Pickering,2021A00053518001,1 person,Total – Household type including census family structure,2365.2.1,5740,,5150,,54000,,52000,,46800,,44800,
2021,Pickering,2021A00053518001,1 person,Census-family households,2365.2.2,0,,0,,0,...,0,...,0,...,0,...
2021,Pickering,2021A00053518001,1 person,Households consisting of only one census family without additional persons,2365.2.3,0,,0,,0,...,0,...,0,...,0,...
2021,Pickering,2021A00053518001,1 person,"One couple, with or without children in their census family",2365.2.4,0,,0,,0,...,0,...,0,...,0,...
2021,Pickering,2021A00053518001,1 person,Without children,2365.2.5,0,,0,,0,...,0,...,0,...,0,...
2021,Pickering,2021A00053518001,1 person,With children,2365.2.6,0,,0,,0,...,0,...,0,...,0,...
2021,Pickering,2021A00053518001,1 person,One one-parent census family,2365.2.7,0,,0,,0,...,0,...,0,...,0,...
2021,Pickering,2021A00053518001,1 person,With a parent that is a man+,2365.2.8,0,,0,,0,...,0,...,0,...,0,...
2021,Pickering,2021A00053518001,1 person,With a parent that is a woman+,2365.2.9,0,,0,,0,...,0,...,0,...,0,...
2021,Pickering,2021A00053518001,1 person,Other census family households,2365.2.10,0,,0,,0,...,0,...,0,...,0,...
2021,Pickering,2021A00053518001,1 person,Non-census family households,2365.2.11,5740,,5150,,54000,,52000,,46800,,44800,
2021,Pickering,2021A00053518001,2 or more persons,Total – Household type including census family structure,2365.3.1,27680,,25765,,133000,,121000,,114000,,103000,
2021,Pickering,2021A00053518001,2 or more persons,Census-family households,2365.3.2,26895,,25090,,134000,,122000,,114000,,104000,
2021,Pickering,2021A00053518001,2 or more persons,Households consisting of only one census family without additional persons,2365.3.3,22550,,21410,,128000,,119000,,109000,,101000,
2021,Pickering,2021A00053518001,2 or more persons,"One couple, with or without children in their census family",2365.3.4,18995,,18090,,137000,,128000,,116000,,108000,
2021,Pickering,2021A00053518001,2 or more persons,Without children,2365.3.5,7145,,6605,,110000,,104000,,94000,,88000,
2021,Pickering,2021A00053518001,2 or more persons,With children,2365.3.6,11850,,11480,,154000,,143000,,130000,,120000,
2021,Pickering,2021A00053518001,2 or more persons,One one-parent census family,2365.3.7,3555,,3320,,88000,,76000,,77500,,67500,
2021,Pickering,2021A00053518001,2 or more persons,With a parent that is a man+,2365.3.8,645,,615,,98000,,86000,,84000,,73000,
2021,Pickering,2021A00053518001,2 or more persons,With a parent that is a woman+,2365.3.9,2905,,2705,,85000,,74500,,76500,,66500,
2021,Pickering,2021A00053518001,2 or more persons,Other census family households,2365.3.10,4350,,3680,,166000,,141000,,146000,,123000,
2021,Pickering,2021A00053518001,2 or more persons,Non-census family households,2365.3.11,785,,680,,100000,,87000,,87000,,76500,
2021,Pickering,2021A00053518001,2 persons,Total – Household type including census family structure,2365.4.1,9715,,8970,,102000,,96000,,88000,,82000,
2021,Pickering,2021A00053518001,2 persons,Census-family households,2365.4.2,9100,,8425,,103000,,97000,,88000,,83000,
2021,Pickering,2021A00053518001,2 persons,Households consisting of only one census family without additional persons,2365.4.3,9100,,8425,,103000,,97000,,88000,,83000,
2021,Pickering,2021A00053518001,2 persons,"One couple, with or without children in their census family",2365.4.4,7145,,6605,,110000,,104000,,94000,,88000,
2021,Pickering,2021A00053518001,2 persons,Without children,2365.4.5,7145,,6605,,110000,,104000,,94000,,88000,
2021,Pickering,2021A00053518001,2 persons,With children,2365.4.6,0,,0,,0,...,0,...,0,...,0,...
2021,Pickering,2021A00053518001,2 persons,One one-parent census family,2365.4.7,1960,,1815,,81000,,75000,,71500,,65000,
2021,Pickering,2021A00053518001,2 persons,With a parent that is a man+,2365.4.8,405,,375,,93000,,82000,,79500,,70000,
2021,Pickering,2021A00053518001,2 persons,With a parent that is a woman+,2365.4.9,1555,,1435,,78500,,73000,,69500,,64000,
2021,Pickering,2021A00053518001,2 persons,Other census family households,2365.4.10,0,,0,,0,...,0,...,0,...,0,...
2021,Pickering,2021A00053518001,2 persons,Non-census family households,2365.4.11,610,,545,,94000,,85000,,82000,,73000,
2021,Pickering,2021A00053518001,3 persons,Total – Household type including census family structure,2365.5.1,6445,,6085,,134000,,123000,,114000,,105000,
2021,Pickering,2021A00053518001,3 persons,Census-family households,2365.5.2,6310,,5985,,134000,,123000,,114000,,105000,
2021,Pickering,2021A00053518001,3 persons,Households consisting of only one census family without additional persons,2365.5.3,5550,,5290,,135000,,124000,,114000,,106000,
2021,Pickering,2021A00053518001,3 persons,"One couple, with or without children in their census family",2365.5.4,4410,,4185,,145000,,136000,,122000,,115000,
2021,Pickering,2021A00053518001,3 persons,Without children,2365.5.5,0,,0,,0,...,0,...,0,...,0,...
2021,Pickering,2021A00053518001,3 persons,With children,2365.5.6,4410,,4185,,145000,,136000,,122000,,115000,
2021,Pickering,2021A00053518001,3 persons,One one-parent census family,2365.5.7,1140,,1105,,97000,,79000,,86000,,70000,
2021,Pickering,2021A00053518001,3 persons,With a parent that is a man+,2365.5.8,190,,185,,104000,,95000,,93000,,80000,
2021,Pickering,2021A00053518001,3 persons,With a parent that is a woman+,2365.5.9,950,,925,,94000,,77000,,84000,,69000,
2021,Pickering,2021A00053518001,3 persons,Other census family households,2365.5.10,765,,695,,127000,,117000,,112000,,102000,
2021,Pickering,2021A00053518001,3 persons,Non-census family households,2365.5.11,130,,100,,122000,,101000,,108000,,91000,
2021,Pickering,2021A00053518001,4 persons,Total – Household type including census family structure,2365.6.1,6805,,6520,,157000,,145000,,134000,,122000,
2021,Pickering,2021A00053518001,4 persons,Census-family households,2365.6.2,6775,,6505,,158000,,145000,,134000,,122000,
2021,Pickering,2021A00053518001,4 persons,Households consisting of only one census family without additional persons,2365.6.3,5730,,5600,,159000,,148000,,134000,,123000,
2021,Pickering,2021A00053518001,4 persons,"One couple, with or without children in their census family",2365.6.4,5385,,5295,,162000,,152000,,136000,,127000,
2021,Pickering,2021A00053518001,4 persons,Without children,2365.6.5,0,,0,,0,...,0,...,0,...,0,...
2021,Pickering,2021A00053518001,4 persons,With children,2365.6.6,5385,,5295,,162000,,152000,,136000,,127000,
2021,Pickering,2021A00053518001,4 persons,One one-parent census family,2365.6.7,345,,310,,94000,,75500,,87000,,69500,
2021,Pickering,2021A00053518001,4 persons,With a parent that is a man+,2365.6.8,40,,45,,124000,,110000,,101000,,94000,
2021,Pickering,2021A00053518001,4 persons,With a parent that is a woman+,2365.6.9,305,,265,,92000,,72000,,86000,,67000,
2021,Pickering,2021A00053518001,4 persons,Other census family households,2365.6.10,1045,,905,,155000,,135000,,134000,,117000,
2021,Pickering,2021A00053518001,4 persons,Non-census family households,2365.6.11,30,,15,,100000,,,x,96000,,,x
2021,Pickering,2021A00053518001,5 or more persons,Total – Household type including census family structure,2365.7.1,4720,,4190,,170000,,145000,,149000,,126000,
2021,Pickering,2021A00053518001,5 or more persons,Census-family households,2365.7.2,4705,,4175,,170000,,145000,,149000,,126000,
2021,Pickering,2021A00053518001,5 or more persons,Households consisting of only one census family without additional persons,2365.7.3,2165,,2090,,148000,,133000,,129000,,114000,
2021,Pickering,2021A00053518001,5 or more persons,"One couple, with or without children in their census family",2365.7.4,2055,,2000,,151000,,137000,,132000,,117000,
2021,Pickering,2021A00053518001,5 or more persons,Without children,2365.7.5,0,,0,,0,...,0,...,0,...,0,...
2021,Pickering,2021A00053518001,5 or more persons,With children,2365.7.6,2055,,2000,,151000,,137000,,132000,,117000,
2021,Pickering,2021A00053518001,5 or more persons,One one-parent census family,2365.7.7,110,,90,,101000,,75000,,98000,,72500,
2021,Pickering,2021A00053518001,5 or more persons,With a parent that is a man+,2365.7.8,15,,10,,,x,,x,,x,,x
2021,Pickering,2021A00053518001,5 or more persons,With a parent that is a woman+,2365.7.9,95,,85,,101000,,74000,,98000,,72500,
2021,Pickering,2021A00053518001,5 or more persons,Other census family households,2365.7.10,2535,,2080,,188000,,154000,,164000,,137000,
2021,Pickering,2021A00053518001,5 or more persons,Non-census family households,2365.7.11,20,,15,,,x,,x,,x,,x
2021,Ajax,2021A00053518005,Total - Households by household size,Total – Household type including census family structure,2366.1.1,39490,,37550,,119000,,105000,,103000,,91000,
2021,Ajax,2021A00053518005,Total - Households by household size,Census-family households,2366.1.2,32980,,31410,,132000,,116000,,113000,,100000,
2021,Ajax,2021A00053518005,Total - Households by household size,Households consisting of only one census family without additional persons,2366.1.3,26770,,25930,,124000,,112000,,107000,,96000,
2021,Ajax,2021A00053518005,Total - Households by household size,"One couple, with or without children in their census family",2366.1.4,22620,,21805,,133000,,121000,,113000,,102000,
2021,Ajax,2021A00053518005,Total - Households by household size,Without children,2366.1.5,6885,,6500,,107000,,102000,,91000,,87000,
2021,Ajax,2021A00053518005,Total - Households by household size,With children,2366.1.6,15735,,15305,,144000,,129000,,122000,,110000,
2021,Ajax,2021A00053518005,Total - Households by household size,One one-parent census family,2366.1.7,4155,,4120,,87000,,74000,,77500,,66500,
2021,Ajax,2021A00053518005,Total - Households by household size,With a parent that is a man+,2366.1.8,795,,730,,94000,,92000,,82000,,77500,
2021,Ajax,2021A00053518005,Total - Households by household size,With a parent that is a woman+,2366.1.9,3360,,3395,,86000,,71500,,77000,,64000,
2021,Ajax,2021A00053518005,Total - Households by household size,Other census family households,2366.1.10,6210,,5485,,162000,,136000,,143000,,120000,
2021,Ajax,2021A00053518005,Total - Households by household size,Non-census family households,2366.1.11,6510,,6145,,56400,,54400,,49200,,46800,
2021,Ajax,2021A00053518005,1 person,Total – Household type including census family structure,2366.2.1,5555,,5380,,51200,,50400,,44800,,43600,
2021,Ajax,2021A00053518005,1 person,Census-family households,2366.2.2,0,,0,,0,...,0,...,0,...,0,...
2021,Ajax,2021A00053518005,1 person,Households consisting of only one census family without additional persons,2366.2.3,0,,0,,0,...,0,...,0,...,0,...
2021,Ajax,2021A00053518005,1 person,"One couple, with or without children in their census family",2366.2.4,0,,0,,0,...,0,...,0,...,0,...
2021,Ajax,2021A00053518005,1 person,Without children,2366.2.5,0,,0,,0,...,0,...,0,...,0,...
2021,Ajax,2021A00053518005,1 person,With children,2366.2.6,0,,0,,0,...,0,...,0,...,0,...
2021,Ajax,2021A00053518005,1 person,One one-parent census family,2366.2.7,0,,0,,0,...,0,...,0,...,0,...
2021,Ajax,2021A00053518005,1 person,With a parent that is a man+,2366.2.8,0,,0,,0,...,0,...,0,...,0,...
2021,Ajax,2021A00053518005,1 person,With a parent that is a woman+,2366.2.9,0,,0,,0,...,0,...,0,...,0,...
2021,Ajax,2021A00053518005,1 person,Other census family households,2366.2.10,0,,0,,0,...,0,...,0,...,0,...
2021,Ajax,2021A00053518005,1 person,Non-census family households,2366.2.11,5555,,5380,,51200,,50400,,44800,,43600,
2021,Ajax,2021A00053518005,2 or more persons,Total – Household type including census family structure,2366.3.1,33935,,32170,,130000,,116000,,112000,,99000,
2021,Ajax,2021A00053518005,2 or more persons,Census-family households,2366.3.2,32980,,31410,,132000,,116000,,113000,,100000,
2021,Ajax,2021A00053518005,2 or more persons,Households consisting of only one census family without additional persons,2366.3.3,26770,,25930,,124000,,112000,,107000,,96000,
2021,Ajax,2021A00053518005,2 or more persons,"One couple, with or without children in their census family",2366.3.4,22620,,21805,,133000,,121000,,113000,,102000,
2021,Ajax,2021A00053518005,2 or more persons,Without children,2366.3.5,6885,,6500,,107000,,102000,,91000,,87000,
2021,Ajax,2021A00053518005,2 or more persons,With children,2366.3.6,15735,,15305,,144000,,129000,,122000,,110000,
2021,Ajax,2021A00053518005,2 or more persons,One one-parent census family,2366.3.7,4155,,4120,,87000,,74000,,77500,,66500,
2021,Ajax,2021A00053518005,2 or more persons,With a parent that is a man+,2366.3.8,795,,730,,94000,,92000,,82000,,77500,
2021,Ajax,2021A00053518005,2 or more persons,With a parent that is a woman+,2366.3.9,3360,,3395,,86000,,71500,,77000,,64000,
2021,Ajax,2021A00053518005,2 or more persons,Other census family households,2366.3.10,6210,,5485,,162000,,136000,,143000,,120000,
2021,Ajax,2021A00053518005,2 or more persons,Non-census family households,2366.3.11,950,,760,,97000,,89000,,85000,,76000,
2021,Ajax,2021A00053518005,2 persons,Total – Household type including census family structure,2366.4.1,9810,,9225,,99000,,93000,,85000,,79500,
2021,Ajax,2021A00053518005,2 persons,Census-family households,2366.4.2,9080,,8595,,99000,,94000,,86000,,80000,
2021,Ajax,2021A00053518005,2 persons,Households consisting of only one census family without additional persons,2366.4.3,9080,,8595,,99000,,94000,,86000,,80000,
2021,Ajax,2021A00053518005,2 persons,"One couple, with or without children in their census family",2366.4.4,6885,,6500,,107000,,102000,,91000,,87000,
2021,Ajax,2021A00053518005,2 persons,Without children,2366.4.5,6885,,6500,,107000,,102000,,91000,,87000,
2021,Ajax,2021A00053518005,2 persons,With children,2366.4.6,0,,0,,0,...,0,...,0,...,0,...
2021,Ajax,2021A00053518005,2 persons,One one-parent census family,2366.4.7,2195,,2095,,81000,,70500,,71500,,62000,
2021,Ajax,2021A00053518005,2 persons,With a parent that is a man+,2366.4.8,480,,425,,90000,,87000,,77500,,73000,
2021,Ajax,2021A00053518005,2 persons,With a parent that is a woman+,2366.4.9,1710,,1670,,78000,,68000,,70500,,60000,
2021,Ajax,2021A00053518005,2 persons,Other census family households,2366.4.10,0,,0,,0,...,0,...,0,...,0,...
2021,Ajax,2021A00053518005,2 persons,Non-census family households,2366.4.11,730,,630,,91000,,85000,,80000,,73500,
2021,Ajax,2021A00053518005,3 persons,Total – Household type including census family structure,2366.5.1,7925,,7500,,127000,,112000,,109000,,96000,
2021,Ajax,2021A00053518005,3 persons,Census-family households,2366.5.2,7760,,7395,,128000,,112000,,109000,,96000,
2021,Ajax,2021A00053518005,3 persons,Households consisting of only one census family without additional persons,2366.5.3,6810,,6565,,128000,,113000,,109000,,97000,
2021,Ajax,2021A00053518005,3 persons,"One couple, with or without children in their census family",2366.5.4,5460,,5130,,136000,,123000,,116000,,104000,
2021,Ajax,2021A00053518005,3 persons,Without children,2366.5.5,0,,0,,0,...,0,...,0,...,0,...
2021,Ajax,2021A00053518005,3 persons,With children,2366.5.6,5460,,5130,,136000,,123000,,116000,,104000,
2021,Ajax,2021A00053518005,3 persons,One one-parent census family,2366.5.7,1350,,1435,,92000,,79000,,83000,,70000,
2021,Ajax,2021A00053518005,3 persons,With a parent that is a man+,2366.5.8,240,,235,,105000,,95000,,91000,,80000,
2021,Ajax,2021A00053518005,3 persons,With a parent that is a woman+,2366.5.9,1110,,1195,,90000,,76000,,82000,,68500,
2021,Ajax,2021A00053518005,3 persons,Other census family households,2366.5.10,950,,830,,127000,,105000,,111000,,93000,
2021,Ajax,2021A00053518005,3 persons,Non-census family households,2366.5.11,165,,105,,117000,,101000,,102000,,92000,
2021,Ajax,2021A00053518005,4 persons,Total – Household type including census family structure,2366.6.1,8980,,8775,,149000,,134000,,127000,,114000,
2021,Ajax,2021A00053518005,4 persons,Census-family households,2366.6.2,8940,,8760,,149000,,134000,,127000,,114000,
2021,Ajax,2021A00053518005,4 persons,Households consisting of only one census family without additional persons,2366.6.3,7545,,7485,,149000,,134000,,126000,,114000,
2021,Ajax,2021A00053518005,4 persons,"One couple, with or without children in their census family",2366.6.4,7100,,7055,,152000,,137000,,129000,,116000,
2021,Ajax,2021A00053518005,4 persons,Without children,2366.6.5,0,,0,,0,...,0,...,0,...,0,...
2021,Ajax,2021A00053518005,4 persons,With children,2366.6.6,7100,,7055,,152000,,137000,,129000,,116000,
2021,Ajax,2021A00053518005,4 persons,One one-parent census family,2366.6.7,445,,435,,94000,,75000,,88000,,70000,
2021,Ajax,2021A00053518005,4 persons,With a parent that is a man+,2366.6.8,55,,50,,102000,,110000,,88000,,96000,
2021,Ajax,2021A00053518005,4 persons,With a parent that is a woman+,2366.6.9,395,,385,,93000,,72000,,88000,,68500,
2021,Ajax,2021A00053518005,4 persons,Other census family households,2366.6.10,1395,,1270,,148000,,130000,,129000,,115000,
2021,Ajax,2021A00053518005,4 persons,Non-census family households,2366.6.11,40,,20,,132000,,94000,,122000,,86000,
2021,Ajax,2021A00053518005,5 or more persons,Total – Household type including census family structure,2366.7.1,7220,,6665,,159000,,133000,,141000,,117000,
2021,Ajax,2021A00053518005,5 or more persons,Census-family households,2366.7.2,7205,,6655,,159000,,133000,,141000,,117000,
2021,Ajax,2021A00053518005,5 or more persons,Households consisting of only one census family without additional persons,2366.7.3,3335,,3275,,136000,,118000,,120000,,103000,
2021,Ajax,2021A00053518005,5 or more persons,"One couple, with or without children in their census family",2366.7.4,3175,,3120,,138000,,120000,,121000,,105000,
2021,Ajax,2021A00053518005,5 or more persons,Without children,2366.7.5,0,,0,,0,...,0,...,0,...,0,...
2021,Ajax,2021A00053518005,5 or more persons,With children,2366.7.6,3175,,3120,,138000,,120000,,121000,,105000,
2021,Ajax,2021A00053518005,5 or more persons,One one-parent census family,2366.7.7,165,,160,,99000,,80000,,93000,,76500,
2021,Ajax,2021A00053518005,5 or more persons,With a parent that is a man+,2366.7.8,10,,20,,,x,,x,,x,,x
2021,Ajax,2021A00053518005,5 or more persons,With a parent that is a woman+,2366.7.9,150,,140,,100000,,78500,,94000,,75500,
2021,Ajax,2021A00053518005,5 or more persons,Other census family households,2366.7.10,3870,,3375,,176000,,146000,,156000,,130000,
2021,Ajax,2021A00053518005,5 or more persons,Non-census family households,2366.7.11,15,,10,,,x,,x,,x,,x
2021,Whitby,2021A00053518009,Total - Households by household size,Total – Household type including census family structure,2367.1.1,46460,,43525,,123000,,112000,,104000,,95000,
2021,Whitby,2021A00053518009,Total - Households by household size,Census-family households,2367.1.2,37435,,35035,,140000,,129000,,118000,,108000,
2021,Whitby,2021A00053518009,Total - Households by household size,Households consisting of only one census family without additional persons,2367.1.3,32805,,31255,,136000,,127000,,114000,,106000,
2021,Whitby,2021A00053518009,Total - Households by household size,"One couple, with or without children in their census family",2367.1.4,28185,,26875,,145000,,137000,,121000,,113000,
2021,Whitby,2021A00053518009,Total - Households by household size,Without children,2367.1.5,9565,,9240,,112000,,107000,,95000,,91000,
2021,Whitby,2021A00053518009,Total - Households by household size,With children,2367.1.6,18625,,17630,,162000,,152000,,134000,,125000,
2021,Whitby,2021A00053518009,Total - Households by household size,One one-parent census family,2367.1.7,4615,,4380,,86000,,75000,,77000,,66500,
2021,Whitby,2021A00053518009,Total - Households by household size,With a parent that is a man+,2367.1.8,905,,875,,101000,,94000,,84000,,78500,
2021,Whitby,2021A00053518009,Total - Households by household size,With a parent that is a woman+,2367.1.9,3705,,3505,,84000,,71000,,75000,,64000,
2021,Whitby,2021A00053518009,Total - Households by household size,Other census family households,2367.1.10,4635,,3785,,168000,,144000,,146000,,126000,
2021,Whitby,2021A00053518009,Total - Households by household size,Non-census family households,2367.1.11,9025,,8495,,54800,,51200,,47600,,44800,
2021,Whitby,2021A00053518009,1 person,Total – Household type including census family structure,2367.2.1,8015,,7650,,50400,,48400,,44400,,42400,
2021,Whitby,2021A00053518009,1 person,Census-family households,2367.2.2,0,,0,,0,...,0,...,0,...,0,...
2021,Whitby,2021A00053518009,1 person,Households consisting of only one census family without additional persons,2367.2.3,0,,0,,0,...,0,...,0,...,0,...
2021,Whitby,2021A00053518009,1 person,"One couple, with or without children in their census family",2367.2.4,0,,0,,0,...,0,...,0,...,0,...
2021,Whitby,2021A00053518009,1 person,Without children,2367.2.5,0,,0,,0,...,0,...,0,...,0,...
2021,Whitby,2021A00053518009,1 person,With children,2367.2.6,0,,0,,0,...,0,...,0,...,0,...
2021,Whitby,2021A00053518009,1 person,One one-parent census family,2367.2.7,0,,0,,0,...,0,...,0,...,0,...
2021,Whitby,2021A00053518009,1 person,With a parent that is a man+,2367.2.8,0,,0,,0,...,0,...,0,...,0,...
2021,Whitby,2021A00053518009,1 person,With a parent that is a woman+,2367.2.9,0,,0,,0,...,0,...,0,...,0,...
2021,Whitby,2021A00053518009,1 person,Other census family households,2367.2.10,0,,0,,0,...,0,...,0,...,0,...
2021,Whitby,2021A00053518009,1 person,Non-census family households,2367.2.11,8015,,7650,,50400,,48400,,44400,,42400,
2021,Whitby,2021A00053518009,2 or more persons,Total – Household type including census family structure,2367.3.1,38445,,35880,,138000,,128000,,117000,,108000,
2021,Whitby,2021A00053518009,2 or more persons,Census-family households,2367.3.2,37435,,35035,,140000,,129000,,118000,,108000,
2021,Whitby,2021A00053518009,2 or more persons,Households consisting of only one census family without additional persons,2367.3.3,32805,,31255,,136000,,127000,,114000,,106000,
2021,Whitby,2021A00053518009,2 or more persons,"One couple, with or without children in their census family",2367.3.4,28185,,26875,,145000,,137000,,121000,,113000,
2021,Whitby,2021A00053518009,2 or more persons,Without children,2367.3.5,9565,,9240,,112000,,107000,,95000,,91000,
2021,Whitby,2021A00053518009,2 or more persons,With children,2367.3.6,18625,,17630,,162000,,152000,,134000,,125000,
2021,Whitby,2021A00053518009,2 or more persons,One one-parent census family,2367.3.7,4615,,4380,,86000,,75000,,77000,,66500,
2021,Whitby,2021A00053518009,2 or more persons,With a parent that is a man+,2367.3.8,905,,875,,101000,,94000,,84000,,78500,
2021,Whitby,2021A00053518009,2 or more persons,With a parent that is a woman+,2367.3.9,3705,,3505,,84000,,71000,,75000,,64000,
2021,Whitby,2021A00053518009,2 or more persons,Other census family households,2367.3.10,4635,,3785,,168000,,144000,,146000,,126000,
2021,Whitby,2021A00053518009,2 or more persons,Non-census family households,2367.3.11,1015,,845,,94000,,88000,,82000,,76000,
2021,Whitby,2021A00053518009,2 persons,Total – Household type including census family structure,2367.4.1,12775,,12195,,103000,,99000,,89000,,85000,
2021,Whitby,2021A00053518009,2 persons,Census-family households,2367.4.2,11970,,11500,,104000,,100000,,89000,,86000,
2021,Whitby,2021A00053518009,2 persons,Households consisting of only one census family without additional persons,2367.4.3,11970,,11500,,104000,,100000,,89000,,86000,
2021,Whitby,2021A00053518009,2 persons,"One couple, with or without children in their census family",2367.4.4,9565,,9240,,112000,,107000,,95000,,91000,
2021,Whitby,2021A00053518009,2 persons,Without children,2367.4.5,9565,,9240,,112000,,107000,,95000,,91000,
2021,Whitby,2021A00053518009,2 persons,With children,2367.4.6,0,,0,,0,...,0,...,0,...,0,...
2021,Whitby,2021A00053518009,2 persons,One one-parent census family,2367.4.7,2405,,2260,,79000,,72500,,70000,,63200,
2021,Whitby,2021A00053518009,2 persons,With a parent that is a man+,2367.4.8,535,,505,,88000,,85000,,76500,,71000,
2021,Whitby,2021A00053518009,2 persons,With a parent that is a woman+,2367.4.9,1870,,1755,,77000,,68500,,68000,,60800,
2021,Whitby,2021A00053518009,2 persons,Other census family households,2367.4.10,0,,0,,0,...,0,...,0,...,0,...
2021,Whitby,2021A00053518009,2 persons,Non-census family households,2367.4.11,805,,690,,86000,,84000,,75500,,72500,
2021,Whitby,2021A00053518009,3 persons,Total – Household type including census family structure,2367.5.1,8995,,8185,,137000,,126000,,115000,,106000,
2021,Whitby,2021A00053518009,3 persons,Census-family households,2367.5.2,8855,,8090,,137000,,126000,,116000,,106000,
2021,Whitby,2021A00053518009,3 persons,Households consisting of only one census family without additional persons,2367.5.3,7990,,7315,,138000,,127000,,116000,,107000,
2021,Whitby,2021A00053518009,3 persons,"One couple, with or without children in their census family",2367.5.4,6380,,5780,,149000,,141000,,124000,,117000,
2021,Whitby,2021A00053518009,3 persons,Without children,2367.5.5,0,,0,,0,...,0,...,0,...,0,...
2021,Whitby,2021A00053518009,3 persons,With children,2367.5.6,6380,,5780,,149000,,141000,,124000,,117000,
2021,Whitby,2021A00053518009,3 persons,One one-parent census family,2367.5.7,1610,,1535,,96000,,83000,,84000,,73000,
2021,Whitby,2021A00053518009,3 persons,With a parent that is a man+,2367.5.8,290,,280,,113000,,105000,,95000,,84000,
2021,Whitby,2021A00053518009,3 persons,With a parent that is a woman+,2367.5.9,1325,,1250,,92000,,78000,,82000,,69000,
2021,Whitby,2021A00053518009,3 persons,Other census family households,2367.5.10,865,,775,,129000,,113000,,112000,,99000,
2021,Whitby,2021A00053518009,3 persons,Non-census family households,2367.5.11,140,,100,,120000,,110000,,109000,,95000,
2021,Whitby,2021A00053518009,4 persons,Total – Household type including census family structure,2367.6.1,10525,,9945,,166000,,154000,,138000,,127000,
2021,Whitby,2021A00053518009,4 persons,Census-family households,2367.6.2,10485,,9920,,166000,,154000,,138000,,128000,
2021,Whitby,2021A00053518009,4 persons,Households consisting of only one census family without additional persons,2367.6.3,9305,,9005,,168000,,156000,,139000,,128000,
2021,Whitby,2021A00053518009,4 persons,"One couple, with or without children in their census family",2367.6.4,8835,,8530,,172000,,160000,,141000,,131000,
2021,Whitby,2021A00053518009,4 persons,Without children,2367.6.5,0,,0,,0,...,0,...,0,...,0,...
2021,Whitby,2021A00053518009,4 persons,With children,2367.6.6,8835,,8530,,172000,,160000,,141000,,131000,
2021,Whitby,2021A00053518009,4 persons,One one-parent census family,2367.6.7,470,,470,,97000,,71000,,88000,,66000,
2021,Whitby,2021A00053518009,4 persons,With a parent that is a man+,2367.6.8,80,,75,,114000,,113000,,101000,,100000,
2021,Whitby,2021A00053518009,4 persons,With a parent that is a woman+,2367.6.9,395,,395,,95000,,65000,,87000,,62400,
2021,Whitby,2021A00053518009,4 persons,Other census family households,2367.6.10,1180,,920,,156000,,139000,,134000,,122000,
2021,Whitby,2021A00053518009,4 persons,Non-census family households,2367.6.11,40,,25,,136000,,111000,,122000,,101000,
2021,Whitby,2021A00053518009,5 or more persons,Total – Household type including census family structure,2367.7.1,6155,,5555,,174000,,153000,,149000,,130000,
2021,Whitby,2021A00053518009,5 or more persons,Census-family households,2367.7.2,6125,,5525,,174000,,153000,,149000,,130000,
2021,Whitby,2021A00053518009,5 or more persons,Households consisting of only one census family without additional persons,2367.7.3,3540,,3440,,162000,,150000,,137000,,125000,
2021,Whitby,2021A00053518009,5 or more persons,"One couple, with or without children in their census family",2367.7.4,3410,,3325,,164000,,153000,,139000,,127000,
2021,Whitby,2021A00053518009,5 or more persons,Without children,2367.7.5,0,,0,,0,...,0,...,0,...,0,...
2021,Whitby,2021A00053518009,5 or more persons,With children,2367.7.6,3410,,3325,,164000,,153000,,139000,,127000,
2021,Whitby,2021A00053518009,5 or more persons,One one-parent census family,2367.7.7,130,,115,,89000,,68500,,86000,,64500,
2021,Whitby,2021A00053518009,5 or more persons,With a parent that is a man+,2367.7.8,5,,10,,,x,,x,,x,,x
2021,Whitby,2021A00053518009,5 or more persons,With a parent that is a woman+,2367.7.9,120,,105,,87000,,64000,,86000,,62400,
2021,Whitby,2021A00053518009,5 or more persons,Other census family households,2367.7.10,2590,,2090,,188000,,159000,,162000,,139000,
2021,Whitby,2021A00053518009,5 or more persons,Non-census family households,2367.7.11,25,,35,,184000,,126000,,157000,,118000,
2021,Oshawa,2021A00053518013,Total - Households by household size,Total – Household type including census family structure,2368.1.1,66635,,62595,,86000,,76000,,76000,,67000,
2021,Oshawa,2021A00053518013,Total - Households by household size,Census-family households,2368.1.2,46415,,43630,,105000,,94000,,92000,,83000,
2021,Oshawa,2021A00053518013,Total - Households by household size,Households consisting of only one census family without additional persons,2368.1.3,39410,,37985,,100000,,91000,,88000,,79500,
2021,Oshawa,2021A00053518013,Total - Households by household size,"One couple, with or without children in their census family",2368.1.4,31250,,30470,,109000,,101000,,95000,,87000,
2021,Oshawa,2021A00053518013,Total - Households by household size,Without children,2368.1.5,13855,,14190,,90000,,84000,,79000,,74000,
2021,Oshawa,2021A00053518013,Total - Households by household size,With children,2368.1.6,17400,,16280,,126000,,117000,,109000,,100000,
2021,Oshawa,2021A00053518013,Total - Households by household size,One one-parent census family,2368.1.7,8160,,7520,,67500,,54800,,62400,,51200,
2021,Oshawa,2021A00053518013,Total - Households by household size,With a parent that is a man+,2368.1.8,1550,,1450,,77500,,76000,,69500,,65500,
2021,Oshawa,2021A00053518013,Total - Households by household size,With a parent that is a woman+,2368.1.9,6610,,6075,,65500,,51200,,61200,,48400,
2021,Oshawa,2021A00053518013,Total - Households by household size,Other census family households,2368.1.10,7005,,5640,,138000,,115000,,124000,,103000,
2021,Oshawa,2021A00053518013,Total - Households by household size,Non-census family households,2368.1.11,20215,,18970,,46400,,43200,,41600,,38400,
2021,Oshawa,2021A00053518013,1 person,Total – Household type including census family structure,2368.2.1,16845,,16260,,42000,,40000,,38000,,36000,
2021,Oshawa,2021A00053518013,1 person,Census-family households,2368.2.2,0,,0,,0,...,0,...,0,...,0,...
2021,Oshawa,2021A00053518013,1 person,Households consisting of only one census family without additional persons,2368.2.3,0,,0,,0,...,0,...,0,...,0,...
2021,Oshawa,2021A00053518013,1 person,"One couple, with or without children in their census family",2368.2.4,0,,0,,0,...,0,...,0,...,0,...
2021,Oshawa,2021A00053518013,1 person,Without children,2368.2.5,0,,0,,0,...,0,...,0,...,0,...
2021,Oshawa,2021A00053518013,1 person,With children,2368.2.6,0,,0,,0,...,0,...,0,...,0,...
2021,Oshawa,2021A00053518013,1 person,One one-parent census family,2368.2.7,0,,0,,0,...,0,...,0,...,0,...
2021,Oshawa,2021A00053518013,1 person,With a parent that is a man+,2368.2.8,0,,0,,0,...,0,...,0,...,0,...
2021,Oshawa,2021A00053518013,1 person,With a parent that is a woman+,2368.2.9,0,,0,,0,...,0,...,0,...,0,...
2021,Oshawa,2021A00053518013,1 person,Other census family households,2368.2.10,0,,0,,0,...,0,...,0,...,0,...
2021,Oshawa,2021A00053518013,1 person,Non-census family households,2368.2.11,16845,,16260,,42000,,40000,,38000,,36000,
2021,Oshawa,2021A00053518013,2 or more persons,Total – Household type including census family structure,2368.3.1,49785,,46335,,103000,,92000,,91000,,81000,
2021,Oshawa,2021A00053518013,2 or more persons,Census-family households,2368.3.2,46415,,43630,,105000,,94000,,92000,,83000,
2021,Oshawa,2021A00053518013,2 or more persons,Households consisting of only one census family without additional persons,2368.3.3,39410,,37985,,100000,,91000,,88000,,79500,
2021,Oshawa,2021A00053518013,2 or more persons,"One couple, with or without children in their census family",2368.3.4,31250,,30470,,109000,,101000,,95000,,87000,
2021,Oshawa,2021A00053518013,2 or more persons,Without children,2368.3.5,13855,,14190,,90000,,84000,,79000,,74000,
2021,Oshawa,2021A00053518013,2 or more persons,With children,2368.3.6,17400,,16280,,126000,,117000,,109000,,100000,
2021,Oshawa,2021A00053518013,2 or more persons,One one-parent census family,2368.3.7,8160,,7520,,67500,,54800,,62400,,51200,
2021,Oshawa,2021A00053518013,2 or more persons,With a parent that is a man+,2368.3.8,1550,,1450,,77500,,76000,,69500,,65500,
2021,Oshawa,2021A00053518013,2 or more persons,With a parent that is a woman+,2368.3.9,6610,,6075,,65500,,51200,,61200,,48400,
2021,Oshawa,2021A00053518013,2 or more persons,Other census family households,2368.3.10,7005,,5640,,138000,,115000,,124000,,103000,
2021,Oshawa,2021A00053518013,2 or more persons,Non-census family households,2368.3.11,3370,,2705,,77500,,67500,,69500,,61200,
2021,Oshawa,2021A00053518013,2 persons,Total – Household type including census family structure,2368.4.1,21080,,20750,,82000,,76000,,72500,,67000,
2021,Oshawa,2021A00053518013,2 persons,Census-family households,2368.4.2,18495,,18615,,83000,,77500,,74000,,68500,
2021,Oshawa,2021A00053518013,2 persons,Households consisting of only one census family without additional persons,2368.4.3,18495,,18615,,83000,,77500,,74000,,68500,
2021,Oshawa,2021A00053518013,2 persons,"One couple, with or without children in their census family",2368.4.4,13855,,14190,,90000,,84000,,79000,,74000,
2021,Oshawa,2021A00053518013,2 persons,Without children,2368.4.5,13855,,14190,,90000,,84000,,79000,,74000,
2021,Oshawa,2021A00053518013,2 persons,With children,2368.4.6,0,,0,,0,...,0,...,0,...,0,...
2021,Oshawa,2021A00053518013,2 persons,One one-parent census family,2368.4.7,4640,,4425,,64500,,54800,,59200,,50000,
2021,Oshawa,2021A00053518013,2 persons,With a parent that is a man+,2368.4.8,1035,,995,,74500,,72000,,65000,,62400,
2021,Oshawa,2021A00053518013,2 persons,With a parent that is a woman+,2368.4.9,3600,,3430,,61600,,50000,,57600,,46800,
2021,Oshawa,2021A00053518013,2 persons,Other census family households,2368.4.10,0,,0,,0,...,0,...,0,...,0,...
2021,Oshawa,2021A00053518013,2 persons,Non-census family households,2368.4.11,2590,,2135,,72000,,64500,,65000,,58400,
2021,Oshawa,2021A00053518013,3 persons,Total – Household type including census family structure,2368.5.1,11490,,10795,,106000,,97000,,93000,,85000,
2021,Oshawa,2021A00053518013,3 persons,Census-family households,2368.5.2,11020,,10400,,107000,,98000,,94000,,86000,
2021,Oshawa,2021A00053518013,3 persons,Households consisting of only one census family without additional persons,2368.5.3,9225,,8815,,106000,,98000,,93000,,86000,
2021,Oshawa,2021A00053518013,3 persons,"One couple, with or without children in their census family",2368.5.4,6880,,6630,,118000,,111000,,102000,,95000,
2021,Oshawa,2021A00053518013,3 persons,Without children,2368.5.5,0,,0,,0,...,0,...,0,...,0,...
2021,Oshawa,2021A00053518013,3 persons,With children,2368.5.6,6880,,6630,,118000,,111000,,102000,,95000,
2021,Oshawa,2021A00053518013,3 persons,One one-parent census family,2368.5.7,2345,,2185,,70000,,57200,,65500,,54000,
2021,Oshawa,2021A00053518013,3 persons,With a parent that is a man+,2368.5.8,380,,355,,88000,,86000,,78000,,72500,
2021,Oshawa,2021A00053518013,3 persons,With a parent that is a woman+,2368.5.9,1965,,1830,,68000,,53600,,64000,,50400,
2021,Oshawa,2021A00053518013,3 persons,Other census family households,2368.5.10,1795,,1585,,108000,,93000,,97000,,84000,
2021,Oshawa,2021A00053518013,3 persons,Non-census family households,2368.5.11,470,,400,,90000,,78000,,83000,,70500,
2021,Oshawa,2021A00053518013,4 persons,Total – Household type including census family structure,2368.6.1,10010,,9225,,127000,,117000,,110000,,101000,
2021,Oshawa,2021A00053518013,4 persons,Census-family households,2368.6.2,9815,,9100,,127000,,117000,,111000,,101000,
2021,Oshawa,2021A00053518013,4 persons,Households consisting of only one census family without additional persons,2368.6.3,7910,,7460,,126000,,118000,,109000,,101000,
2021,Oshawa,2021A00053518013,4 persons,"One couple, with or without children in their census family",2368.6.4,7070,,6780,,134000,,125000,,114000,,106000,
2021,Oshawa,2021A00053518013,4 persons,Without children,2368.6.5,0,,0,,0,...,0,...,0,...,0,...
2021,Oshawa,2021A00053518013,4 persons,With children,2368.6.6,7070,,6780,,134000,,125000,,114000,,106000,
2021,Oshawa,2021A00053518013,4 persons,One one-parent census family,2368.6.7,840,,685,,69000,,50400,,67500,,49200,
2021,Oshawa,2021A00053518013,4 persons,With a parent that is a man+,2368.6.8,100,,80,,82000,,84000,,74500,,71000,
2021,Oshawa,2021A00053518013,4 persons,With a parent that is a woman+,2368.6.9,745,,610,,68500,,48000,,67000,,47200,
2021,Oshawa,2021A00053518013,4 persons,Other census family households,2368.6.10,1905,,1635,,131000,,114000,,117000,,101000,
2021,Oshawa,2021A00053518013,4 persons,Non-census family households,2368.6.11,195,,120,,112000,,73500,,104000,,69500,
2021,Oshawa,2021A00053518013,5 or more persons,Total – Household type including census family structure,2368.7.1,7205,,5565,,140000,,121000,,125000,,106000,
2021,Oshawa,2021A00053518013,5 or more persons,Census-family households,2368.7.2,7090,,5515,,140000,,121000,,125000,,106000,
2021,Oshawa,2021A00053518013,5 or more persons,Households consisting of only one census family without additional persons,2368.7.3,3775,,3095,,121000,,110000,,108000,,97000,
2021,Oshawa,2021A00053518013,5 or more persons,"One couple, with or without children in their census family",2368.7.4,3450,,2870,,126000,,116000,,111000,,100000,
2021,Oshawa,2021A00053518013,5 or more persons,Without children,2368.7.5,0,,0,,0,...,0,...,0,...,0,...
2021,Oshawa,2021A00053518013,5 or more persons,With children,2368.7.6,3450,,2870,,126000,,116000,,111000,,100000,
2021,Oshawa,2021A00053518013,5 or more persons,One one-parent census family,2368.7.7,330,,225,,80000,,55600,,78000,,55200,
2021,Oshawa,2021A00053518013,5 or more persons,With a parent that is a man+,2368.7.8,30,,20,,109000,,,x,95000,,,x
2021,Oshawa,2021A00053518013,5 or more persons,With a parent that is a woman+,2368.7.9,300,,205,,78000,,54400,,76500,,54400,
2021,Oshawa,2021A00053518013,5 or more persons,Other census family households,2368.7.10,3305,,2420,,160000,,133000,,143000,,119000,
2021,Oshawa,2021A00053518013,5 or more persons,Non-census family households,2368.7.11,120,,55,,147000,,86000,,137000,,81000,
2021,Clarington,2021A00053518017,Total - Households by household size,Total – Household type including census family structure,2369.1.1,35950,,32835,,112000,,104000,,96000,,88000,
2021,Clarington,2021A00053518017,Total - Households by household size,Census-family households,2369.1.2,28595,,26415,,127000,,117000,,109000,,99000,
2021,Clarington,2021A00053518017,Total - Households by household size,Households consisting of only one census family without additional persons,2369.1.3,25285,,23845,,124000,,114000,,105000,,97000,
2021,Clarington,2021A00053518017,Total - Households by household size,"One couple, with or without children in their census family",2369.1.4,22010,,20790,,130000,,121000,,110000,,102000,
2021,Clarington,2021A00053518017,Total - Households by household size,Without children,2369.1.5,9095,,8625,,103000,,95000,,89000,,82000,
2021,Clarington,2021A00053518017,Total - Households by household size,With children,2369.1.6,12915,,12165,,149000,,140000,,125000,,116000,
2021,Clarington,2021A00053518017,Total - Households by household size,One one-parent census family,2369.1.7,3275,,3055,,82000,,73000,,73500,,65000,
2021,Clarington,2021A00053518017,Total - Households by household size,With a parent that is a man+,2369.1.8,745,,685,,95000,,93000,,82000,,78000,
2021,Clarington,2021A00053518017,Total - Households by household size,With a parent that is a woman+,2369.1.9,2530,,2365,,78500,,67500,,71000,,61200,
2021,Clarington,2021A00053518017,Total - Households by household size,Other census family households,2369.1.10,3315,,2575,,160000,,144000,,140000,,125000,
2021,Clarington,2021A00053518017,Total - Households by household size,Non-census family households,2369.1.11,7355,,6420,,56800,,53200,,48800,,46000,
2021,Clarington,2021A00053518017,1 person,Total – Household type including census family structure,2369.2.1,6540,,5755,,52800,,50000,,46000,,43200,
2021,Clarington,2021A00053518017,1 person,Census-family households,2369.2.2,0,,0,,0,...,0,...,0,...,0,...
2021,Clarington,2021A00053518017,1 person,Households consisting of only one census family without additional persons,2369.2.3,0,,0,,0,...,0,...,0,...,0,...
2021,Clarington,2021A00053518017,1 person,"One couple, with or without children in their census family",2369.2.4,0,,0,,0,...,0,...,0,...,0,...
2021,Clarington,2021A00053518017,1 person,Without children,2369.2.5,0,,0,,0,...,0,...,0,...,0,...
2021,Clarington,2021A00053518017,1 person,With children,2369.2.6,0,,0,,0,...,0,...,0,...,0,...
2021,Clarington,2021A00053518017,1 person,One one-parent census family,2369.2.7,0,,0,,0,...,0,...,0,...,0,...
2021,Clarington,2021A00053518017,1 person,With a parent that is a man+,2369.2.8,0,,0,,0,...,0,...,0,...,0,...
2021,Clarington,2021A00053518017,1 person,With a parent that is a woman+,2369.2.9,0,,0,,0,...,0,...,0,...,0,...
2021,Clarington,2021A00053518017,1 person,Other census family households,2369.2.10,0,,0,,0,...,0,...,0,...,0,...
2021,Clarington,2021A00053518017,1 person,Non-census family households,2369.2.11,6540,,5755,,52800,,50000,,46000,,43200,
2021,Clarington,2021A00053518017,2 or more persons,Total – Household type including census family structure,2369.3.1,29410,,27085,,127000,,116000,,108000,,99000,
2021,Clarington,2021A00053518017,2 or more persons,Census-family households,2369.3.2,28595,,26415,,127000,,117000,,109000,,99000,
2021,Clarington,2021A00053518017,2 or more persons,Households consisting of only one census family without additional persons,2369.3.3,25285,,23845,,124000,,114000,,105000,,97000,
2021,Clarington,2021A00053518017,2 or more persons,"One couple, with or without children in their census family",2369.3.4,22010,,20790,,130000,,121000,,110000,,102000,
2021,Clarington,2021A00053518017,2 or more persons,Without children,2369.3.5,9095,,8625,,103000,,95000,,89000,,82000,
2021,Clarington,2021A00053518017,2 or more persons,With children,2369.3.6,12915,,12165,,149000,,140000,,125000,,116000,
2021,Clarington,2021A00053518017,2 or more persons,One one-parent census family,2369.3.7,3275,,3055,,82000,,73000,,73500,,65000,
2021,Clarington,2021A00053518017,2 or more persons,With a parent that is a man+,2369.3.8,745,,685,,95000,,93000,,82000,,78000,
2021,Clarington,2021A00053518017,2 or more persons,With a parent that is a woman+,2369.3.9,2530,,2365,,78500,,67500,,71000,,61200,
2021,Clarington,2021A00053518017,2 or more persons,Other census family households,2369.3.10,3315,,2575,,160000,,144000,,140000,,125000,
2021,Clarington,2021A00053518017,2 or more persons,Non-census family households,2369.3.11,815,,665,,102000,,88000,,89000,,75000,
2021,Clarington,2021A00053518017,2 persons,Total – Household type including census family structure,2369.4.1,11560,,10855,,98000,,91000,,85000,,78500,
2021,Clarington,2021A00053518017,2 persons,Census-family households,2369.4.2,10885,,10285,,98000,,91000,,85000,,79000,
2021,Clarington,2021A00053518017,2 persons,Households consisting of only one census family without additional persons,2369.4.3,10885,,10285,,98000,,91000,,85000,,79000,
2021,Clarington,2021A00053518017,2 persons,"One couple, with or without children in their census family",2369.4.4,9095,,8625,,103000,,95000,,89000,,82000,
2021,Clarington,2021A00053518017,2 persons,Without children,2369.4.5,9095,,8625,,103000,,95000,,89000,,82000,
2021,Clarington,2021A00053518017,2 persons,With children,2369.4.6,0,,0,,0,...,0,...,0,...,0,...
2021,Clarington,2021A00053518017,2 persons,One one-parent census family,2369.4.7,1785,,1665,,76000,,70000,,67000,,61200,
2021,Clarington,2021A00053518017,2 persons,With a parent that is a man+,2369.4.8,460,,420,,89000,,87000,,77000,,72000,
2021,Clarington,2021A00053518017,2 persons,With a parent that is a woman+,2369.4.9,1330,,1245,,71500,,64500,,64000,,58000,
2021,Clarington,2021A00053518017,2 persons,Other census family households,2369.4.10,0,,0,,0,...,0,...,0,...,0,...
2021,Clarington,2021A00053518017,2 persons,Non-census family households,2369.4.11,675,,570,,95000,,83000,,82000,,72000,
2021,Clarington,2021A00053518017,3 persons,Total – Household type including census family structure,2369.5.1,6580,,6070,,131000,,120000,,112000,,102000,
2021,Clarington,2021A00053518017,3 persons,Census-family households,2369.5.2,6490,,5995,,131000,,120000,,112000,,102000,
2021,Clarington,2021A00053518017,3 persons,Households consisting of only one census family without additional persons,2369.5.3,5780,,5365,,132000,,120000,,112000,,101000,
2021,Clarington,2021A00053518017,3 persons,"One couple, with or without children in their census family",2369.5.4,4705,,4335,,141000,,130000,,119000,,109000,
2021,Clarington,2021A00053518017,3 persons,Without children,2369.5.5,0,,0,,0,...,0,...,0,...,0,...
2021,Clarington,2021A00053518017,3 persons,With children,2369.5.6,4705,,4335,,141000,,130000,,119000,,109000,
2021,Clarington,2021A00053518017,3 persons,One one-parent census family,2369.5.7,1075,,1030,,91000,,77500,,82000,,68500,
2021,Clarington,2021A00053518017,3 persons,With a parent that is a man+,2369.5.8,225,,210,,105000,,98000,,91000,,81000,
2021,Clarington,2021A00053518017,3 persons,With a parent that is a woman+,2369.5.9,850,,820,,87000,,72000,,77500,,65500,
2021,Clarington,2021A00053518017,3 persons,Other census family households,2369.5.10,705,,630,,127000,,121000,,111000,,104000,
2021,Clarington,2021A00053518017,3 persons,Non-census family households,2369.5.11,95,,70,,134000,,103000,,116000,,91000,
2021,Clarington,2021A00053518017,4 persons,Total – Household type including census family structure,2369.6.1,7140,,6720,,152000,,143000,,128000,,119000,
2021,Clarington,2021A00053518017,4 persons,Census-family households,2369.6.2,7110,,6705,,152000,,143000,,128000,,119000,
2021,Clarington,2021A00053518017,4 persons,Households consisting of only one census family without additional persons,2369.6.3,6220,,6015,,152000,,143000,,127000,,119000,
2021,Clarington,2021A00053518017,4 persons,"One couple, with or without children in their census family",2369.6.4,5905,,5735,,155000,,146000,,129000,,121000,
2021,Clarington,2021A00053518017,4 persons,Without children,2369.6.5,0,,0,,0,...,0,...,0,...,0,...
2021,Clarington,2021A00053518017,4 persons,With children,2369.6.6,5905,,5735,,155000,,146000,,129000,,121000,
2021,Clarington,2021A00053518017,4 persons,One one-parent census family,2369.6.7,315,,280,,88000,,76500,,81000,,70500,
2021,Clarington,2021A00053518017,4 persons,With a parent that is a man+,2369.6.8,45,,45,,93000,,114000,,77500,,95000,
2021,Clarington,2021A00053518017,4 persons,With a parent that is a woman+,2369.6.9,270,,235,,87000,,72500,,81000,,66000,
2021,Clarington,2021A00053518017,4 persons,Other census family households,2369.6.10,895,,690,,149000,,140000,,132000,,122000,
2021,Clarington,2021A00053518017,4 persons,Non-census family households,2369.6.11,25,,15,,172000,,,x,152000,,,x
2021,Clarington,2021A00053518017,5 or more persons,Total – Household type including census family structure,2369.7.1,4130,,3440,,164000,,149000,,140000,,126000,
2021,Clarington,2021A00053518017,5 or more persons,Census-family households,2369.7.2,4115,,3435,,164000,,149000,,140000,,126000,
2021,Clarington,2021A00053518017,5 or more persons,Households consisting of only one census family without additional persons,2369.7.3,2400,,2175,,150000,,140000,,129000,,117000,
2021,Clarington,2021A00053518017,5 or more persons,"One couple, with or without children in their census family",2369.7.4,2300,,2095,,152000,,143000,,130000,,119000,
2021,Clarington,2021A00053518017,5 or more persons,Without children,2369.7.5,0,,0,,0,...,0,...,0,...,0,...
2021,Clarington,2021A00053518017,5 or more persons,With children,2369.7.6,2300,,2095,,152000,,143000,,130000,,119000,
2021,Clarington,2021A00053518017,5 or more persons,One one-parent census family,2369.7.7,100,,80,,92000,,71000,,85000,,66000,
2021,Clarington,2021A00053518017,5 or more persons,With a parent that is a man+,2369.7.8,10,,10,,,x,,x,,x,,x
2021,Clarington,2021A00053518017,5 or more persons,With a parent that is a woman+,2369.7.9,90,,70,,86000,,64500,,84000,,62800,
2021,Clarington,2021A00053518017,5 or more persons,Other census family households,2369.7.10,1715,,1260,,180000,,162000,,158000,,140000,
2021,Clarington,2021A00053518017,5 or more persons,Non-census family households,2369.7.11,10,,10,,,x,,x,,x,,x
2021,Scugog,2021A00053518020,Total - Households by household size,Total – Household type including census family structure,2370.1.1,8240,,8220,,108000,,98000,,92000,,84000,
2021,Scugog,2021A00053518020,Total - Households by household size,Census-family households,2370.1.2,6410,,6430,,125000,,115000,,106000,,97000,
2021,Scugog,2021A00053518020,Total - Households by household size,Households consisting of only one census family without additional persons,2370.1.3,5705,,5800,,120000,,112000,,103000,,95000,
2021,Scugog,2021A00053518020,Total - Households by household size,"One couple, with or without children in their census family",2370.1.4,5085,,5180,,125000,,118000,,106000,,100000,
2021,Scugog,2021A00053518020,Total - Households by household size,Without children,2370.1.5,2705,,2690,,99000,,95000,,86000,,82000,
2021,Scugog,2021A00053518020,Total - Households by household size,With children,2370.1.6,2380,,2490,,160000,,146000,,133000,,122000,
2021,Scugog,2021A00053518020,Total - Households by household size,One one-parent census family,2370.1.7,620,,625,,86000,,72500,,75500,,64500,
2021,Scugog,2021A00053518020,Total - Households by household size,With a parent that is a man+,2370.1.8,175,,180,,93000,,93000,,78000,,78500,
2021,Scugog,2021A00053518020,Total - Households by household size,With a parent that is a woman+,2370.1.9,445,,445,,82000,,66000,,74000,,59200,
2021,Scugog,2021A00053518020,Total - Households by household size,Other census family households,2370.1.10,700,,630,,166000,,137000,,144000,,121000,
2021,Scugog,2021A00053518020,Total - Households by household size,Non-census family households,2370.1.11,1835,,1790,,50400,,45600,,44800,,40800,
2021,Scugog,2021A00053518020,1 person,Total – Household type including census family structure,2370.2.1,1610,,1635,,46800,,43600,,42000,,38800,
2021,Scugog,2021A00053518020,1 person,Census-family households,2370.2.2,0,,0,,0,...,0,...,0,...,0,...
2021,Scugog,2021A00053518020,1 person,Households consisting of only one census family without additional persons,2370.2.3,0,,0,,0,...,0,...,0,...,0,...
2021,Scugog,2021A00053518020,1 person,"One couple, with or without children in their census family",2370.2.4,0,,0,,0,...,0,...,0,...,0,...
2021,Scugog,2021A00053518020,1 person,Without children,2370.2.5,0,,0,,0,...,0,...,0,...,0,...
2021,Scugog,2021A00053518020,1 person,With children,2370.2.6,0,,0,,0,...,0,...,0,...,0,...
2021,Scugog,2021A00053518020,1 person,One one-parent census family,2370.2.7,0,,0,,0,...,0,...,0,...,0,...
2021,Scugog,2021A00053518020,1 person,With a parent that is a man+,2370.2.8,0,,0,,0,...,0,...,0,...,0,...
2021,Scugog,2021A00053518020,1 person,With a parent that is a woman+,2370.2.9,0,,0,,0,...,0,...,0,...,0,...
2021,Scugog,2021A00053518020,1 person,Other census family households,2370.2.10,0,,0,,0,...,0,...,0,...,0,...
2021,Scugog,2021A00053518020,1 person,Non-census family households,2370.2.11,1610,,1635,,46800,,43600,,42000,,38800,
2021,Scugog,2021A00053518020,2 or more persons,Total – Household type including census family structure,2370.3.1,6635,,6585,,123000,,114000,,105000,,97000,
2021,Scugog,2021A00053518020,2 or more persons,Census-family households,2370.3.2,6410,,6430,,125000,,115000,,106000,,97000,
2021,Scugog,2021A00053518020,2 or more persons,Households consisting of only one census family without additional persons,2370.3.3,5705,,5800,,120000,,112000,,103000,,95000,
2021,Scugog,2021A00053518020,2 or more persons,"One couple, with or without children in their census family",2370.3.4,5085,,5180,,125000,,118000,,106000,,100000,
2021,Scugog,2021A00053518020,2 or more persons,Without children,2370.3.5,2705,,2690,,99000,,95000,,86000,,82000,
2021,Scugog,2021A00053518020,2 or more persons,With children,2370.3.6,2380,,2490,,160000,,146000,,133000,,122000,
2021,Scugog,2021A00053518020,2 or more persons,One one-parent census family,2370.3.7,620,,625,,86000,,72500,,75500,,64500,
2021,Scugog,2021A00053518020,2 or more persons,With a parent that is a man+,2370.3.8,175,,180,,93000,,93000,,78000,,78500,
2021,Scugog,2021A00053518020,2 or more persons,With a parent that is a woman+,2370.3.9,445,,445,,82000,,66000,,74000,,59200,
2021,Scugog,2021A00053518020,2 or more persons,Other census family households,2370.3.10,700,,630,,166000,,137000,,144000,,121000,
2021,Scugog,2021A00053518020,2 or more persons,Non-census family households,2370.3.11,225,,150,,90000,,85000,,79000,,73500,
2021,Scugog,2021A00053518020,2 persons,Total – Household type including census family structure,2370.4.1,3260,,3175,,96000,,92000,,83000,,79000,
2021,Scugog,2021A00053518020,2 persons,Census-family households,2370.4.2,3070,,3040,,96000,,92000,,84000,,79000,
2021,Scugog,2021A00053518020,2 persons,Households consisting of only one census family without additional persons,2370.4.3,3070,,3040,,96000,,92000,,84000,,79000,
2021,Scugog,2021A00053518020,2 persons,"One couple, with or without children in their census family",2370.4.4,2705,,2690,,99000,,95000,,86000,,82000,
2021,Scugog,2021A00053518020,2 persons,Without children,2370.4.5,2705,,2690,,99000,,95000,,86000,,82000,
2021,Scugog,2021A00053518020,2 persons,With children,2370.4.6,0,,0,,0,...,0,...,0,...,0,...
2021,Scugog,2021A00053518020,2 persons,One one-parent census family,2370.4.7,370,,350,,78500,,71500,,69500,,62000,
2021,Scugog,2021A00053518020,2 persons,With a parent that is a man+,2370.4.8,110,,105,,84000,,89000,,73000,,74000,
2021,Scugog,2021A00053518020,2 persons,With a parent that is a woman+,2370.4.9,255,,250,,76000,,67500,,68000,,58800,
2021,Scugog,2021A00053518020,2 persons,Other census family households,2370.4.10,0,,0,,0,...,0,...,0,...,0,...
2021,Scugog,2021A00053518020,2 persons,Non-census family households,2370.4.11,185,,135,,87000,,80000,,75500,,69500,
2021,Scugog,2021A00053518020,3 persons,Total – Household type including census family structure,2370.5.1,1355,,1340,,131000,,120000,,112000,,102000,
2021,Scugog,2021A00053518020,3 persons,Census-family households,2370.5.2,1325,,1325,,133000,,120000,,113000,,102000,
2021,Scugog,2021A00053518020,3 persons,Households consisting of only one census family without additional persons,2370.5.3,1125,,1135,,135000,,122000,,114000,,103000,
2021,Scugog,2021A00053518020,3 persons,"One couple, with or without children in their census family",2370.5.4,935,,915,,145000,,133000,,121000,,113000,
2021,Scugog,2021A00053518020,3 persons,Without children,2370.5.5,0,,0,,0,...,0,...,0,...,0,...
2021,Scugog,2021A00053518020,3 persons,With children,2370.5.6,935,,915,,145000,,133000,,121000,,113000,
2021,Scugog,2021A00053518020,3 persons,One one-parent census family,2370.5.7,195,,225,,101000,,73500,,88000,,66500,
2021,Scugog,2021A00053518020,3 persons,With a parent that is a man+,2370.5.8,50,,60,,128000,,101000,,105000,,84000,
2021,Scugog,2021A00053518020,3 persons,With a parent that is a woman+,2370.5.9,140,,160,,93000,,60000,,86000,,56800,
2021,Scugog,2021A00053518020,3 persons,Other census family households,2370.5.10,195,,190,,125000,,108000,,110000,,94000,
2021,Scugog,2021A00053518020,3 persons,Non-census family households,2370.5.11,30,,20,,100000,,,x,87000,,,x
2021,Scugog,2021A00053518020,4 persons,Total – Household type including census family structure,2370.6.1,1305,,1365,,166000,,152000,,138000,,125000,
2021,Scugog,2021A00053518020,4 persons,Census-family households,2370.6.2,1300,,1365,,166000,,152000,,138000,,125000,
2021,Scugog,2021A00053518020,4 persons,Households consisting of only one census family without additional persons,2370.6.3,1095,,1190,,166000,,153000,,138000,,126000,
2021,Scugog,2021A00053518020,4 persons,"One couple, with or without children in their census family",2370.6.4,1045,,1145,,170000,,155000,,141000,,129000,
2021,Scugog,2021A00053518020,4 persons,Without children,2370.6.5,0,,0,,0,...,0,...,0,...,0,...
2021,Scugog,2021A00053518020,4 persons,With children,2370.6.6,1045,,1145,,170000,,155000,,141000,,129000,
2021,Scugog,2021A00053518020,4 persons,One one-parent census family,2370.6.7,45,,45,,90000,,72500,,84000,,66500,
2021,Scugog,2021A00053518020,4 persons,With a parent that is a man+,2370.6.8,15,,15,,,x,,x,,x,,x
2021,Scugog,2021A00053518020,4 persons,With a parent that is a woman+,2370.6.9,40,,25,,95000,,79500,,89000,,70500,
2021,Scugog,2021A00053518020,4 persons,Other census family households,2370.6.10,205,,180,,156000,,142000,,137000,,124000,
2021,Scugog,2021A00053518020,4 persons,Non-census family households,2370.6.11,5,,0,,,x,0,...,,x,0,...
2021,Scugog,2021A00053518020,5 or more persons,Total – Household type including census family structure,2370.7.1,710,,695,,180000,,157000,,154000,,133000,
2021,Scugog,2021A00053518020,5 or more persons,Census-family households,2370.7.2,710,,695,,180000,,157000,,154000,,133000,
2021,Scugog,2021A00053518020,5 or more persons,Households consisting of only one census family without additional persons,2370.7.3,410,,435,,166000,,154000,,138000,,130000,
2021,Scugog,2021A00053518020,5 or more persons,"One couple, with or without children in their census family",2370.7.4,400,,425,,166000,,155000,,140000,,131000,
2021,Scugog,2021A00053518020,5 or more persons,Without children,2370.7.5,0,,0,,0,...,0,...,0,...,0,...
2021,Scugog,2021A00053518020,5 or more persons,With children,2370.7.6,400,,425,,166000,,155000,,140000,,131000,
2021,Scugog,2021A00053518020,5 or more persons,One one-parent census family,2370.7.7,10,,10,,,x,,x,,x,,x
2021,Scugog,2021A00053518020,5 or more persons,With a parent that is a man+,2370.7.8,0,,0,,0,...,0,...,0,...,0,...
2021,Scugog,2021A00053518020,5 or more persons,With a parent that is a woman+,2370.7.9,10,,10,,,x,,x,,x,,x
2021,Scugog,2021A00053518020,5 or more persons,Other census family households,2370.7.10,300,,255,,196000,,164000,,172000,,144000,
2021,Scugog,2021A00053518020,5 or more persons,Non-census family households,2370.7.11,0,,0,,0,...,0,...,0,...,0,...
2021,Uxbridge,2021A00053518029,Total - Households by household size,Total – Household type including census family structure,2372.1.1,8005,,7660,,117000,,107000,,99000,,92000,
2021,Uxbridge,2021A00053518029,Total - Households by household size,Census-family households,2372.1.2,6155,,6080,,141000,,127000,,118000,,107000,
2021,Uxbridge,2021A00053518029,Total - Households by household size,Households consisting of only one census family without additional persons,2372.1.3,5560,,5540,,137000,,124000,,114000,,104000,
2021,Uxbridge,2021A00053518029,Total - Households by household size,"One couple, with or without children in their census family",2372.1.4,4995,,4965,,144000,,131000,,119000,,109000,
2021,Uxbridge,2021A00053518029,Total - Households by household size,Without children,2372.1.5,2280,,2185,,108000,,101000,,92000,,86000,
2021,Uxbridge,2021A00053518029,Total - Households by household size,With children,2372.1.6,2715,,2775,,174000,,156000,,143000,,130000,
2021,Uxbridge,2021A00053518029,Total - Households by household size,One one-parent census family,2372.1.7,565,,575,,88000,,73500,,78000,,66000,
2021,Uxbridge,2021A00053518029,Total - Households by household size,With a parent that is a man+,2372.1.8,120,,130,,102000,,100000,,88000,,83000,
2021,Uxbridge,2021A00053518029,Total - Households by household size,With a parent that is a woman+,2372.1.9,440,,445,,84000,,69000,,74000,,60800,
2021,Uxbridge,2021A00053518029,Total - Households by household size,Other census family households,2372.1.10,600,,540,,180000,,157000,,153000,,135000,
2021,Uxbridge,2021A00053518029,Total - Households by household size,Non-census family households,2372.1.11,1850,,1580,,48400,,44000,,43200,,38800,
2021,Uxbridge,2021A00053518029,1 person,Total – Household type including census family structure,2372.2.1,1665,,1415,,44400,,41200,,40000,,36800,
2021,Uxbridge,2021A00053518029,1 person,Census-family households,2372.2.2,0,,0,,0,...,0,...,0,...,0,...
2021,Uxbridge,2021A00053518029,1 person,Households consisting of only one census family without additional persons,2372.2.3,0,,0,,0,...,0,...,0,...,0,...
2021,Uxbridge,2021A00053518029,1 person,"One couple, with or without children in their census family",2372.2.4,0,,0,,0,...,0,...,0,...,0,...
2021,Uxbridge,2021A00053518029,1 person,Without children,2372.2.5,0,,0,,0,...,0,...,0,...,0,...
2021,Uxbridge,2021A00053518029,1 person,With children,2372.2.6,0,,0,,0,...,0,...,0,...,0,...
2021,Uxbridge,2021A00053518029,1 person,One one-parent census family,2372.2.7,0,,0,,0,...,0,...,0,...,0,...
2021,Uxbridge,2021A00053518029,1 person,With a parent that is a man+,2372.2.8,0,,0,,0,...,0,...,0,...,0,...
2021,Uxbridge,2021A00053518029,1 person,With a parent that is a woman+,2372.2.9,0,,0,,0,...,0,...,0,...,0,...
2021,Uxbridge,2021A00053518029,1 person,Other census family households,2372.2.10,0,,0,,0,...,0,...,0,...,0,...
2021,Uxbridge,2021A00053518029,1 person,Non-census family households,2372.2.11,1665,,1415,,44400,,41200,,40000,,36800,
2021,Uxbridge,2021A00053518029,2 or more persons,Total – Household type including census family structure,2372.3.1,6340,,6250,,140000,,125000,,116000,,105000,
2021,Uxbridge,2021A00053518029,2 or more persons,Census-family households,2372.3.2,6155,,6080,,141000,,127000,,118000,,107000,
2021,Uxbridge,2021A00053518029,2 or more persons,Households consisting of only one census family without additional persons,2372.3.3,5560,,5540,,137000,,124000,,114000,,104000,
2021,Uxbridge,2021A00053518029,2 or more persons,"One couple, with or without children in their census family",2372.3.4,4995,,4965,,144000,,131000,,119000,,109000,
2021,Uxbridge,2021A00053518029,2 or more persons,Without children,2372.3.5,2280,,2185,,108000,,101000,,92000,,86000,
2021,Uxbridge,2021A00053518029,2 or more persons,With children,2372.3.6,2715,,2775,,174000,,156000,,143000,,130000,
2021,Uxbridge,2021A00053518029,2 or more persons,One one-parent census family,2372.3.7,565,,575,,88000,,73500,,78000,,66000,
2021,Uxbridge,2021A00053518029,2 or more persons,With a parent that is a man+,2372.3.8,120,,130,,102000,,100000,,88000,,83000,
2021,Uxbridge,2021A00053518029,2 or more persons,With a parent that is a woman+,2372.3.9,440,,445,,84000,,69000,,74000,,60800,
2021,Uxbridge,2021A00053518029,2 or more persons,Other census family households,2372.3.10,600,,540,,180000,,157000,,153000,,135000,
2021,Uxbridge,2021A00053518029,2 or more persons,Non-census family households,2372.3.11,185,,165,,98000,,78000,,86000,,70000,
2021,Uxbridge,2021A00053518029,2 persons,Total – Household type including census family structure,2372.4.1,2780,,2665,,103000,,94000,,88000,,81000,
2021,Uxbridge,2021A00053518029,2 persons,Census-family households,2372.4.2,2625,,2520,,103000,,95000,,89000,,82000,
2021,Uxbridge,2021A00053518029,2 persons,Households consisting of only one census family without additional persons,2372.4.3,2625,,2520,,103000,,95000,,89000,,82000,
2021,Uxbridge,2021A00053518029,2 persons,"One couple, with or without children in their census family",2372.4.4,2280,,2185,,108000,,101000,,92000,,86000,
2021,Uxbridge,2021A00053518029,2 persons,Without children,2372.4.5,2280,,2185,,108000,,101000,,92000,,86000,
2021,Uxbridge,2021A00053518029,2 persons,With children,2372.4.6,0,,0,,0,...,0,...,0,...,0,...
2021,Uxbridge,2021A00053518029,2 persons,One one-parent census family,2372.4.7,345,,335,,82000,,68000,,71500,,58400,
2021,Uxbridge,2021A00053518029,2 persons,With a parent that is a man+,2372.4.8,75,,75,,93000,,91000,,80000,,78000,
2021,Uxbridge,2021A00053518029,2 persons,With a parent that is a woman+,2372.4.9,275,,260,,78000,,62400,,68000,,56800,
2021,Uxbridge,2021A00053518029,2 persons,Other census family households,2372.4.10,0,,0,,0,...,0,...,0,...,0,...
2021,Uxbridge,2021A00053518029,2 persons,Non-census family households,2372.4.11,150,,145,,96000,,77000,,85000,,69000,
2021,Uxbridge,2021A00053518029,3 persons,Total – Household type including census family structure,2372.5.1,1290,,1305,,147000,,127000,,123000,,108000,
2021,Uxbridge,2021A00053518029,3 persons,Census-family households,2372.5.2,1265,,1290,,148000,,128000,,123000,,108000,
2021,Uxbridge,2021A00053518029,3 persons,Households consisting of only one census family without additional persons,2372.5.3,1115,,1160,,149000,,129000,,125000,,109000,
2021,Uxbridge,2021A00053518029,3 persons,"One couple, with or without children in their census family",2372.5.4,955,,975,,158000,,137000,,130000,,115000,
2021,Uxbridge,2021A00053518029,3 persons,Without children,2372.5.5,0,,0,,0,...,0,...,0,...,0,...
2021,Uxbridge,2021A00053518029,3 persons,With children,2372.5.6,955,,975,,158000,,137000,,130000,,115000,
2021,Uxbridge,2021A00053518029,3 persons,One one-parent census family,2372.5.7,165,,185,,100000,,86000,,87000,,72000,
2021,Uxbridge,2021A00053518029,3 persons,With a parent that is a man+,2372.5.8,40,,50,,131000,,115000,,107000,,93000,
2021,Uxbridge,2021A00053518029,3 persons,With a parent that is a woman+,2372.5.9,120,,135,,91000,,72500,,84000,,66000,
2021,Uxbridge,2021A00053518029,3 persons,Other census family households,2372.5.10,150,,130,,130000,,116000,,114000,,102000,
2021,Uxbridge,2021A00053518029,3 persons,Non-census family households,2372.5.11,20,,15,,99000,,,x,90000,,,x
2021,Uxbridge,2021A00053518029,4 persons,Total – Household type including census family structure,2372.6.1,1440,,1450,,176000,,162000,,146000,,134000,
2021,Uxbridge,2021A00053518029,4 persons,Census-family households,2372.6.2,1435,,1440,,176000,,162000,,146000,,134000,
2021,Uxbridge,2021A00053518029,4 persons,Households consisting of only one census family without additional persons,2372.6.3,1285,,1300,,178000,,162000,,147000,,134000,
2021,Uxbridge,2021A00053518029,4 persons,"One couple, with or without children in their census family",2372.6.4,1240,,1255,,180000,,166000,,148000,,136000,
2021,Uxbridge,2021A00053518029,4 persons,Without children,2372.6.5,0,,0,,0,...,0,...,0,...,0,...
2021,Uxbridge,2021A00053518029,4 persons,With children,2372.6.6,1240,,1255,,180000,,166000,,148000,,136000,
2021,Uxbridge,2021A00053518029,4 persons,One one-parent census family,2372.6.7,45,,45,,113000,,100000,,100000,,90000,
2021,Uxbridge,2021A00053518029,4 persons,With a parent that is a man+,2372.6.8,5,,5,,,x,,x,,x,,x
2021,Uxbridge,2021A00053518029,4 persons,With a parent that is a woman+,2372.6.9,35,,40,,87000,,99000,,80000,,85000,
2021,Uxbridge,2021A00053518029,4 persons,Other census family households,2372.6.10,150,,145,,166000,,154000,,141000,,134000,
2021,Uxbridge,2021A00053518029,4 persons,Non-census family households,2372.6.11,10,,0,,,x,,x,,x,,x
2021,Uxbridge,2021A00053518029,5 or more persons,Total – Household type including census family structure,2372.7.1,830,,825,,196000,,176000,,164000,,148000,
2021,Uxbridge,2021A00053518029,5 or more persons,Census-family households,2372.7.2,835,,825,,196000,,176000,,164000,,148000,
2021,Uxbridge,2021A00053518029,5 or more persons,Households consisting of only one census family without additional persons,2372.7.3,535,,555,,186000,,176000,,154000,,143000,
2021,Uxbridge,2021A00053518029,5 or more persons,"One couple, with or without children in their census family",2372.7.4,520,,545,,188000,,176000,,155000,,144000,
2021,Uxbridge,2021A00053518029,5 or more persons,Without children,2372.7.5,0,,0,,0,...,0,...,0,...,0,...
2021,Uxbridge,2021A00053518029,5 or more persons,With children,2372.7.6,520,,545,,188000,,176000,,155000,,144000,
2021,Uxbridge,2021A00053518029,5 or more persons,One one-parent census family,2372.7.7,15,,15,,,x,,x,,x,,x
2021,Uxbridge,2021A00053518029,5 or more persons,With a parent that is a man+,2372.7.8,0,,0,,0,...,,x,0,...,,x
2021,Uxbridge,2021A00053518029,5 or more persons,With a parent that is a woman+,2372.7.9,10,,10,,,x,,x,,x,,x
2021,Uxbridge,2021A00053518029,5 or more persons,Other census family households,2372.7.10,295,,265,,208000,,180000,,180000,,155000,
2021,Uxbridge,2021A00053518029,5 or more persons,Non-census family households,2372.7.11,0,,0,,0,...,,x,0,...,,x
2021,Brock,2021A00053518039,Total - Households by household size,Total – Household type including census family structure,2373.1.1,4785,,4545,,92000,,79000,,81000,,69500,
2021,Brock,2021A00053518039,Total - Households by household size,Census-family households,2373.1.2,3545,,3325,,110000,,95000,,95000,,83000,
2021,Brock,2021A00053518039,Total - Households by household size,Households consisting of only one census family without additional persons,2373.1.3,3100,,2950,,105000,,91000,,91000,,80000,
2021,Brock,2021A00053518039,Total - Households by household size,"One couple, with or without children in their census family",2373.1.4,2755,,2590,,110000,,97000,,95000,,84000,
2021,Brock,2021A00053518039,Total - Households by household size,Without children,2373.1.5,1430,,1375,,93000,,85000,,81000,,75000,
2021,Brock,2021A00053518039,Total - Households by household size,With children,2373.1.6,1325,,1210,,128000,,113000,,109000,,96000,
2021,Brock,2021A00053518039,Total - Households by household size,One one-parent census family,2373.1.7,345,,365,,71000,,55200,,64000,,52000,
2021,Brock,2021A00053518039,Total - Households by household size,With a parent that is a man+,2373.1.8,85,,85,,78000,,63600,,71500,,57200,
2021,Brock,2021A00053518039,Total - Households by household size,With a parent that is a woman+,2373.1.9,260,,280,,66000,,54400,,62000,,50400,
2021,Brock,2021A00053518039,Total - Households by household size,Other census family households,2373.1.10,445,,370,,146000,,130000,,128000,,114000,
2021,Brock,2021A00053518039,Total - Households by household size,Non-census family households,2373.1.11,1245,,1220,,43200,,38800,,38400,,35200,
2021,Brock,2021A00053518039,1 person,Total – Household type including census family structure,2373.2.1,1110,,1130,,38800,,36400,,36000,,33200,
2021,Brock,2021A00053518039,1 person,Census-family households,2373.2.2,0,,0,,0,...,0,...,0,...,0,...
2021,Brock,2021A00053518039,1 person,Households consisting of only one census family without additional persons,2373.2.3,0,,0,,0,...,0,...,0,...,0,...
2021,Brock,2021A00053518039,1 person,"One couple, with or without children in their census family",2373.2.4,0,,0,,0,...,0,...,0,...,0,...
2021,Brock,2021A00053518039,1 person,Without children,2373.2.5,0,,0,,0,...,0,...,0,...,0,...
2021,Brock,2021A00053518039,1 person,With children,2373.2.6,0,,0,,0,...,0,...,0,...,0,...
2021,Brock,2021A00053518039,1 person,One one-parent census family,2373.2.7,0,,0,,0,...,0,...,0,...,0,...
2021,Brock,2021A00053518039,1 person,With a parent that is a man+,2373.2.8,0,,0,,0,...,0,...,0,...,0,...
2021,Brock,2021A00053518039,1 person,With a parent that is a woman+,2373.2.9,0,,0,,0,...,0,...,0,...,0,...
2021,Brock,2021A00053518039,1 person,Other census family households,2373.2.10,0,,0,,0,...,0,...,0,...,0,...
2021,Brock,2021A00053518039,1 person,Non-census family households,2373.2.11,1110,,1130,,38800,,36400,,36000,,33200,
2021,Brock,2021A00053518039,2 or more persons,Total – Household type including census family structure,2373.3.1,3680,,3420,,109000,,95000,,95000,,83000,
2021,Brock,2021A00053518039,2 or more persons,Census-family households,2373.3.2,3545,,3325,,110000,,95000,,95000,,83000,
2021,Brock,2021A00053518039,2 or more persons,Households consisting of only one census family without additional persons,2373.3.3,3100,,2950,,105000,,91000,,91000,,80000,
2021,Brock,2021A00053518039,2 or more persons,"One couple, with or without children in their census family",2373.3.4,2755,,2590,,110000,,97000,,95000,,84000,
2021,Brock,2021A00053518039,2 or more persons,Without children,2373.3.5,1430,,1375,,93000,,85000,,81000,,75000,
2021,Brock,2021A00053518039,2 or more persons,With children,2373.3.6,1325,,1210,,128000,,113000,,109000,,96000,
2021,Brock,2021A00053518039,2 or more persons,One one-parent census family,2373.3.7,345,,365,,71000,,55200,,64000,,52000,
2021,Brock,2021A00053518039,2 or more persons,With a parent that is a man+,2373.3.8,85,,85,,78000,,63600,,71500,,57200,
2021,Brock,2021A00053518039,2 or more persons,With a parent that is a woman+,2373.3.9,260,,280,,66000,,54400,,62000,,50400,
2021,Brock,2021A00053518039,2 or more persons,Other census family households,2373.3.10,445,,370,,146000,,130000,,128000,,114000,
2021,Brock,2021A00053518039,2 or more persons,Non-census family households,2373.3.11,135,,95,,97000,,84000,,83000,,72000,
2021,Brock,2021A00053518039,2 persons,Total – Household type including census family structure,2373.4.1,1770,,1695,,90000,,81000,,79500,,71000,
2021,Brock,2021A00053518039,2 persons,Census-family households,2373.4.2,1645,,1610,,90000,,81000,,79500,,71000,
2021,Brock,2021A00053518039,2 persons,Households consisting of only one census family without additional persons,2373.4.3,1645,,1610,,90000,,81000,,79500,,71000,
2021,Brock,2021A00053518039,2 persons,"One couple, with or without children in their census family",2373.4.4,1430,,1375,,93000,,85000,,81000,,75000,
2021,Brock,2021A00053518039,2 persons,Without children,2373.4.5,1430,,1375,,93000,,85000,,81000,,75000,
2021,Brock,2021A00053518039,2 persons,With children,2373.4.6,0,,0,,0,...,0,...,0,...,0,...
2021,Brock,2021A00053518039,2 persons,One one-parent census family,2373.4.7,215,,235,,69000,,54400,,60400,,49600,
2021,Brock,2021A00053518039,2 persons,With a parent that is a man+,2373.4.8,60,,55,,77500,,66500,,67500,,57200,
2021,Brock,2021A00053518039,2 persons,With a parent that is a woman+,2373.4.9,160,,180,,65000,,52000,,60000,,47200,
2021,Brock,2021A00053518039,2 persons,Other census family households,2373.4.10,0,,0,,0,...,0,...,0,...,0,...
2021,Brock,2021A00053518039,2 persons,Non-census family households,2373.4.11,120,,85,,91000,,79500,,80000,,69500,
2021,Brock,2021A00053518039,3 persons,Total – Household type including census family structure,2373.5.1,735,,655,,116000,,102000,,99000,,89000,
2021,Brock,2021A00053518039,3 persons,Census-family households,2373.5.2,725,,645,,116000,,102000,,100000,,88000,
2021,Brock,2021A00053518039,3 persons,Households consisting of only one census family without additional persons,2373.5.3,595,,555,,113000,,100000,,98000,,87000,
2021,Brock,2021A00053518039,3 persons,"One couple, with or without children in their census family",2373.5.4,510,,470,,122000,,107000,,104000,,92000,
2021,Brock,2021A00053518039,3 persons,Without children,2373.5.5,0,,0,,0,...,0,...,0,...,0,...
2021,Brock,2021A00053518039,3 persons,With children,2373.5.6,510,,470,,122000,,107000,,104000,,92000,
2021,Brock,2021A00053518039,3 persons,One one-parent census family,2373.5.7,90,,90,,71500,,57200,,67000,,53200,
2021,Brock,2021A00053518039,3 persons,With a parent that is a man+,2373.5.8,20,,20,,,x,60800,,,x,52400,
2021,Brock,2021A00053518039,3 persons,With a parent that is a woman+,2373.5.9,70,,70,,64000,,56800,,60800,,53200,
2021,Brock,2021A00053518039,3 persons,Other census family households,2373.5.10,130,,90,,124000,,119000,,111000,,104000,
2021,Brock,2021A00053518039,3 persons,Non-census family households,2373.5.11,10,,10,,,x,,x,,x,,x
2021,Brock,2021A00053518039,4 persons,Total – Household type including census family structure,2373.6.1,705,,640,,131000,,115000,,114000,,98000,
2021,Brock,2021A00053518039,4 persons,Census-family households,2373.6.2,705,,640,,132000,,115000,,114000,,98000,
2021,Brock,2021A00053518039,4 persons,Households consisting of only one census family without additional persons,2373.6.3,595,,530,,131000,,114000,,113000,,95000,
2021,Brock,2021A00053518039,4 persons,"One couple, with or without children in their census family",2373.6.4,565,,495,,134000,,116000,,115000,,99000,
2021,Brock,2021A00053518039,4 persons,Without children,2373.6.5,0,,0,,0,...,0,...,0,...,0,...
2021,Brock,2021A00053518039,4 persons,With children,2373.6.6,565,,495,,134000,,116000,,115000,,99000,
2021,Brock,2021A00053518039,4 persons,One one-parent census family,2373.6.7,35,,35,,74000,,59200,,72000,,57600,
2021,Brock,2021A00053518039,4 persons,With a parent that is a man+,2373.6.8,5,,5,,,x,,x,,x,,x
2021,Brock,2021A00053518039,4 persons,With a parent that is a woman+,2373.6.9,25,,30,,74000,,57600,,72000,,56000,
2021,Brock,2021A00053518039,4 persons,Other census family households,2373.6.10,105,,105,,133000,,123000,,118000,,107000,
2021,Brock,2021A00053518039,4 persons,Non-census family households,2373.6.11,0,,0,,0,...,0,...,0,...,0,...
2021,Brock,2021A00053518039,5 or more persons,Total – Household type including census family structure,2373.7.1,470,,430,,143000,,125000,,125000,,108000,
2021,Brock,2021A00053518039,5 or more persons,Census-family households,2373.7.2,470,,430,,143000,,125000,,125000,,108000,
2021,Brock,2021A00053518039,5 or more persons,Households consisting of only one census family without additional persons,2373.7.3,260,,255,,122000,,111000,,106000,,95000,
2021,Brock,2021A00053518039,5 or more persons,"One couple, with or without children in their census family",2373.7.4,255,,250,,122000,,112000,,107000,,96000,
2021,Brock,2021A00053518039,5 or more persons,Without children,2373.7.5,0,,0,,0,...,0,...,0,...,0,...
2021,Brock,2021A00053518039,5 or more persons,With children,2373.7.6,255,,250,,122000,,112000,,107000,,96000,
2021,Brock,2021A00053518039,5 or more persons,One one-parent census family,2373.7.7,5,,0,,,x,,x,,x,,x
2021,Brock,2021A00053518039,5 or more persons,With a parent that is a man+,2373.7.8,0,,0,,0,...,0,...,0,...,0,...
2021,Brock,2021A00053518039,5 or more persons,With a parent that is a woman+,2373.7.9,5,,0,,,x,,x,,x,,x
2021,Brock,2021A00053518039,5 or more persons,Other census family households,2373.7.10,205,,175,,166000,,142000,,147000,,127000,
2021,Brock,2021A00053518039,5 or more persons,Non-census family households,2373.7.11,0,,0,,0,...,0,...,0,...,0,...
2021,York,2021A00033519,Total - Households by household size,Total – Household type including census family structure,2374.1.1,391035,,357085,,112000,,104000,,97000,,90000,
2021,York,2021A00033519,Total - Households by household size,Census-family households,2374.1.2,317150,,297730,,129000,,117000,,111000,,101000,
2021,York,2021A00033519,Total - Households by household size,Households consisting of only one census family without additional persons,2374.1.3,266990,,250220,,123000,,113000,,105000,,97000,
2021,York,2021A00033519,Total - Households by household size,"One couple, with or without children in their census family",2374.1.4,233005,,220005,,131000,,121000,,111000,,103000,
2021,York,2021A00033519,Total - Households by household size,Without children,2374.1.5,81660,,71710,,98000,,94000,,85000,,81000,
2021,York,2021A00033519,Total - Households by household size,With children,2374.1.6,151345,,148290,,149000,,135000,,126000,,114000,
2021,York,2021A00033519,Total - Households by household size,One one-parent census family,2374.1.7,33985,,30215,,80000,,68500,,72000,,61600,
2021,York,2021A00033519,Total - Households by household size,With a parent that is a man+,2374.1.8,6370,,5585,,93000,,84000,,80000,,72000,
2021,York,2021A00033519,Total - Households by household size,With a parent that is a woman+,2374.1.9,27615,,24630,,77500,,65500,,70500,,59600,
2021,York,2021A00033519,Total - Households by household size,Other census family households,2374.1.10,50155,,47515,,157000,,137000,,139000,,121000,
2021,York,2021A00033519,Total - Households by household size,Non-census family households,2374.1.11,73885,,59350,,50800,,46800,,44800,,41600,
2021,York,2021A00033519,1 person,Total – Household type including census family structure,2374.2.1,64080,,52505,,46400,,43600,,41200,,38800,
2021,York,2021A00033519,1 person,Census-family households,2374.2.2,0,,0,,0,...,0,...,0,...,0,...
2021,York,2021A00033519,1 person,Households consisting of only one census family without additional persons,2374.2.3,0,,0,,0,...,0,...,0,...,0,...
2021,York,2021A00033519,1 person,"One couple, with or without children in their census family",2374.2.4,0,,0,,0,...,0,...,0,...,0,...
2021,York,2021A00033519,1 person,Without children,2374.2.5,0,,0,,0,...,0,...,0,...,0,...
2021,York,2021A00033519,1 person,With children,2374.2.6,0,,0,,0,...,0,...,0,...,0,...
2021,York,2021A00033519,1 person,One one-parent census family,2374.2.7,0,,0,,0,...,0,...,0,...,0,...
2021,York,2021A00033519,1 person,With a parent that is a man+,2374.2.8,0,,0,,0,...,0,...,0,...,0,...
2021,York,2021A00033519,1 person,With a parent that is a woman+,2374.2.9,0,,0,,0,...,0,...,0,...,0,...
2021,York,2021A00033519,1 person,Other census family households,2374.2.10,0,,0,,0,...,0,...,0,...,0,...
2021,York,2021A00033519,1 person,Non-census family households,2374.2.11,64080,,52505,,46400,,43600,,41200,,38800,
2021,York,2021A00033519,2 or more persons,Total – Household type including census family structure,2374.3.1,326955,,304585,,127000,,116000,,109000,,100000,
2021,York,2021A00033519,2 or more persons,Census-family households,2374.3.2,317150,,297730,,129000,,117000,,111000,,101000,
2021,York,2021A00033519,2 or more persons,Households consisting of only one census family without additional persons,2374.3.3,266990,,250220,,123000,,113000,,105000,,97000,
2021,York,2021A00033519,2 or more persons,"One couple, with or without children in their census family",2374.3.4,233005,,220005,,131000,,121000,,111000,,103000,
2021,York,2021A00033519,2 or more persons,Without children,2374.3.5,81660,,71710,,98000,,94000,,85000,,81000,
2021,York,2021A00033519,2 or more persons,With children,2374.3.6,151345,,148290,,149000,,135000,,126000,,114000,
2021,York,2021A00033519,2 or more persons,One one-parent census family,2374.3.7,33985,,30215,,80000,,68500,,72000,,61600,
2021,York,2021A00033519,2 or more persons,With a parent that is a man+,2374.3.8,6370,,5585,,93000,,84000,,80000,,72000,
2021,York,2021A00033519,2 or more persons,With a parent that is a woman+,2374.3.9,27615,,24630,,77500,,65500,,70500,,59600,
2021,York,2021A00033519,2 or more persons,Other census family households,2374.3.10,50155,,47515,,157000,,137000,,139000,,121000,
2021,York,2021A00033519,2 or more persons,Non-census family households,2374.3.11,9805,,6850,,86000,,74500,,76500,,66500,
2021,York,2021A00033519,2 persons,Total – Household type including census family structure,2374.4.1,108895,,93880,,91000,,86000,,79500,,75000,
2021,York,2021A00033519,2 persons,Census-family households,2374.4.2,101290,,88535,,92000,,87000,,80000,,76000,
2021,York,2021A00033519,2 persons,Households consisting of only one census family without additional persons,2374.4.3,101290,,88535,,92000,,87000,,80000,,76000,
2021,York,2021A00033519,2 persons,"One couple, with or without children in their census family",2374.4.4,81660,,71710,,98000,,94000,,85000,,81000,
2021,York,2021A00033519,2 persons,Without children,2374.4.5,81660,,71710,,98000,,94000,,85000,,81000,
2021,York,2021A00033519,2 persons,With children,2374.4.6,0,,0,,0,...,0,...,0,...,0,...
2021,York,2021A00033519,2 persons,One one-parent census family,2374.4.7,19630,,16830,,72500,,64000,,65500,,57200,
2021,York,2021A00033519,2 persons,With a parent that is a man+,2374.4.8,3915,,3360,,83000,,75500,,72500,,65500,
2021,York,2021A00033519,2 persons,With a parent that is a woman+,2374.4.9,15715,,13460,,70500,,61600,,63600,,55600,
2021,York,2021A00033519,2 persons,Other census family households,2374.4.10,0,,0,,0,...,0,...,0,...,0,...
2021,York,2021A00033519,2 persons,Non-census family households,2374.4.11,7600,,5345,,79500,,71000,,71000,,63200,
2021,York,2021A00033519,3 persons,Total – Household type including census family structure,2374.5.1,77720,,72070,,123000,,113000,,106000,,97000,
2021,York,2021A00033519,3 persons,Census-family households,2374.5.2,76275,,71075,,124000,,113000,,106000,,97000,
2021,York,2021A00033519,3 persons,Households consisting of only one census family without additional persons,2374.5.3,68445,,64430,,125000,,114000,,107000,,98000,
2021,York,2021A00033519,3 persons,"One couple, with or without children in their census family",2374.5.4,57625,,54215,,132000,,122000,,113000,,104000,
2021,York,2021A00033519,3 persons,Without children,2374.5.5,0,,0,,0,...,0,...,0,...,0,...
2021,York,2021A00033519,3 persons,With children,2374.5.6,57625,,54215,,132000,,122000,,113000,,104000,
2021,York,2021A00033519,3 persons,One one-parent census family,2374.5.7,10820,,10215,,89000,,74500,,81000,,67000,
2021,York,2021A00033519,3 persons,With a parent that is a man+,2374.5.8,1895,,1730,,106000,,95000,,91000,,82000,
2021,York,2021A00033519,3 persons,With a parent that is a woman+,2374.5.9,8920,,8485,,86000,,71000,,79500,,64500,
2021,York,2021A00033519,3 persons,Other census family households,2374.5.10,7830,,6650,,116000,,105000,,102000,,93000,
2021,York,2021A00033519,3 persons,Non-census family households,2374.5.11,1450,,995,,99000,,81000,,91000,,74500,
2021,York,2021A00033519,4 persons,Total – Household type including census family structure,2374.6.1,85400,,83360,,155000,,139000,,132000,,118000,
2021,York,2021A00033519,4 persons,Census-family households,2374.6.2,84940,,83020,,156000,,139000,,132000,,118000,
2021,York,2021A00033519,4 persons,Households consisting of only one census family without additional persons,2374.6.3,73055,,72490,,158000,,141000,,133000,,119000,
2021,York,2021A00033519,4 persons,"One couple, with or without children in their census family",2374.6.4,70245,,69945,,160000,,144000,,135000,,121000,
2021,York,2021A00033519,4 persons,Without children,2374.6.5,0,,0,,0,...,0,...,0,...,0,...
2021,York,2021A00033519,4 persons,With children,2374.6.6,70245,,69945,,160000,,144000,,135000,,121000,
2021,York,2021A00033519,4 persons,One one-parent census family,2374.6.7,2810,,2545,,93000,,73000,,86000,,68500,
2021,York,2021A00033519,4 persons,With a parent that is a man+,2374.6.8,470,,415,,114000,,97000,,100000,,84000,
2021,York,2021A00033519,4 persons,With a parent that is a woman+,2374.6.9,2345,,2130,,89000,,69000,,83000,,65500,
2021,York,2021A00033519,4 persons,Other census family households,2374.6.10,11880,,10535,,142000,,124000,,126000,,110000,
2021,York,2021A00033519,4 persons,Non-census family households,2374.6.11,460,,335,,118000,,94000,,109000,,87000,
2021,York,2021A00033519,5 or more persons,Total – Household type including census family structure,2374.7.1,54940,,55270,,168000,,146000,,147000,,127000,
2021,York,2021A00033519,5 or more persons,Census-family households,2374.7.2,54645,,55100,,168000,,146000,,147000,,128000,
2021,York,2021A00033519,5 or more persons,Households consisting of only one census family without additional persons,2374.7.3,24200,,24770,,160000,,141000,,138000,,121000,
2021,York,2021A00033519,5 or more persons,"One couple, with or without children in their census family",2374.7.4,23470,,24140,,162000,,143000,,139000,,122000,
2021,York,2021A00033519,5 or more persons,Without children,2374.7.5,0,,0,,0,...,0,...,0,...,0,...
2021,York,2021A00033519,5 or more persons,With children,2374.7.6,23470,,24140,,162000,,143000,,139000,,122000,
2021,York,2021A00033519,5 or more persons,One one-parent census family,2374.7.7,725,,630,,98000,,71000,,94000,,69000,
2021,York,2021A00033519,5 or more persons,With a parent that is a man+,2374.7.8,95,,80,,130000,,114000,,119000,,99000,
2021,York,2021A00033519,5 or more persons,With a parent that is a woman+,2374.7.9,630,,550,,96000,,67000,,92000,,64500,
2021,York,2021A00033519,5 or more persons,Other census family households,2374.7.10,30445,,30325,,174000,,149000,,154000,,133000,
2021,York,2021A00033519,5 or more persons,Non-census family households,2374.7.11,295,,170,,158000,,114000,,147000,,109000,
2021,Vaughan,2021A00053519028,Total - Households by household size,Total – Household type including census family structure,2375.1.1,103915,,94250,,124000,,114000,,107000,,98000,
2021,Vaughan,2021A00053519028,Total - Households by household size,Census-family households,2375.1.2,85945,,80835,,141000,,127000,,120000,,108000,
2021,Vaughan,2021A00053519028,Total - Households by household size,Households consisting of only one census family without additional persons,2375.1.3,72680,,68175,,135000,,122000,,115000,,104000,
2021,Vaughan,2021A00053519028,Total - Households by household size,"One couple, with or without children in their census family",2375.1.4,64180,,60790,,143000,,129000,,120000,,109000,
2021,Vaughan,2021A00053519028,Total - Households by household size,Without children,2375.1.5,20835,,17865,,98000,,89000,,85000,,78000,
2021,Vaughan,2021A00053519028,Total - Households by household size,With children,2375.1.6,43350,,42925,,162000,,144000,,136000,,121000,
2021,Vaughan,2021A00053519028,Total - Households by household size,One one-parent census family,2375.1.7,8500,,7385,,88000,,76500,,79000,,68500,
2021,Vaughan,2021A00053519028,Total - Households by household size,With a parent that is a man+,2375.1.8,1585,,1365,,102000,,92000,,87000,,78000,
2021,Vaughan,2021A00053519028,Total - Households by household size,With a parent that is a woman+,2375.1.9,6910,,6020,,86000,,74000,,77000,,66500,
2021,Vaughan,2021A00053519028,Total - Households by household size,Other census family households,2375.1.10,13260,,12660,,170000,,149000,,150000,,132000,
2021,Vaughan,2021A00053519028,Total - Households by household size,Non-census family households,2375.1.11,17970,,13420,,51600,,46800,,45600,,41600,
2021,Vaughan,2021A00053519028,1 person,Total – Household type including census family structure,2375.2.1,15780,,12155,,47200,,44400,,42400,,39600,
2021,Vaughan,2021A00053519028,1 person,Census-family households,2375.2.2,0,,0,,0,...,0,...,0,...,0,...
2021,Vaughan,2021A00053519028,1 person,Households consisting of only one census family without additional persons,2375.2.3,0,,0,,0,...,0,...,0,...,0,...
2021,Vaughan,2021A00053519028,1 person,"One couple, with or without children in their census family",2375.2.4,0,,0,,0,...,0,...,0,...,0,...
2021,Vaughan,2021A00053519028,1 person,Without children,2375.2.5,0,,0,,0,...,0,...,0,...,0,...
2021,Vaughan,2021A00053519028,1 person,With children,2375.2.6,0,,0,,0,...,0,...,0,...,0,...
2021,Vaughan,2021A00053519028,1 person,One one-parent census family,2375.2.7,0,,0,,0,...,0,...,0,...,0,...
2021,Vaughan,2021A00053519028,1 person,With a parent that is a man+,2375.2.8,0,,0,,0,...,0,...,0,...,0,...
2021,Vaughan,2021A00053519028,1 person,With a parent that is a woman+,2375.2.9,0,,0,,0,...,0,...,0,...,0,...
2021,Vaughan,2021A00053519028,1 person,Other census family households,2375.2.10,0,,0,,0,...,0,...,0,...,0,...
2021,Vaughan,2021A00053519028,1 person,Non-census family households,2375.2.11,15780,,12155,,47200,,44400,,42400,,39600,
2021,Vaughan,2021A00053519028,2 or more persons,Total – Household type including census family structure,2375.3.1,88135,,82095,,139000,,126000,,119000,,108000,
2021,Vaughan,2021A00053519028,2 or more persons,Census-family households,2375.3.2,85945,,80835,,141000,,127000,,120000,,108000,
2021,Vaughan,2021A00053519028,2 or more persons,Households consisting of only one census family without additional persons,2375.3.3,72680,,68175,,135000,,122000,,115000,,104000,
2021,Vaughan,2021A00053519028,2 or more persons,"One couple, with or without children in their census family",2375.3.4,64180,,60790,,143000,,129000,,120000,,109000,
2021,Vaughan,2021A00053519028,2 or more persons,Without children,2375.3.5,20835,,17865,,98000,,89000,,85000,,78000,
2021,Vaughan,2021A00053519028,2 or more persons,With children,2375.3.6,43350,,42925,,162000,,144000,,136000,,121000,
2021,Vaughan,2021A00053519028,2 or more persons,One one-parent census family,2375.3.7,8500,,7385,,88000,,76500,,79000,,68500,
2021,Vaughan,2021A00053519028,2 or more persons,With a parent that is a man+,2375.3.8,1585,,1365,,102000,,92000,,87000,,78000,
2021,Vaughan,2021A00053519028,2 or more persons,With a parent that is a woman+,2375.3.9,6910,,6020,,86000,,74000,,77000,,66500,
2021,Vaughan,2021A00053519028,2 or more persons,Other census family households,2375.3.10,13260,,12660,,170000,,149000,,150000,,132000,
2021,Vaughan,2021A00053519028,2 or more persons,Non-census family households,2375.3.11,2195,,1265,,88000,,79000,,78500,,70000,
2021,Vaughan,2021A00053519028,2 persons,Total – Household type including census family structure,2375.4.1,27310,,22760,,93000,,84000,,81000,,74000,
2021,Vaughan,2021A00053519028,2 persons,Census-family households,2375.4.2,25575,,21775,,94000,,85000,,82000,,74500,
2021,Vaughan,2021A00053519028,2 persons,Households consisting of only one census family without additional persons,2375.4.3,25575,,21775,,94000,,85000,,82000,,74500,
2021,Vaughan,2021A00053519028,2 persons,"One couple, with or without children in their census family",2375.4.4,20835,,17865,,98000,,89000,,85000,,78000,
2021,Vaughan,2021A00053519028,2 persons,Without children,2375.4.5,20835,,17865,,98000,,89000,,85000,,78000,
2021,Vaughan,2021A00053519028,2 persons,With children,2375.4.6,0,,0,,0,...,0,...,0,...,0,...
2021,Vaughan,2021A00053519028,2 persons,One one-parent census family,2375.4.7,4740,,3910,,79500,,70500,,70500,,62400,
2021,Vaughan,2021A00053519028,2 persons,With a parent that is a man+,2375.4.8,930,,770,,91000,,80000,,78500,,69500,
2021,Vaughan,2021A00053519028,2 persons,With a parent that is a woman+,2375.4.9,3810,,3135,,76500,,68500,,68500,,60800,
2021,Vaughan,2021A00053519028,2 persons,Other census family households,2375.4.10,0,,0,,0,...,0,...,0,...,0,...
2021,Vaughan,2021A00053519028,2 persons,Non-census family households,2375.4.11,1740,,985,,81000,,74500,,72500,,67000,
2021,Vaughan,2021A00053519028,3 persons,Total – Household type including census family structure,2375.5.1,19725,,18290,,135000,,122000,,115000,,104000,
2021,Vaughan,2021A00053519028,3 persons,Census-family households,2375.5.2,19430,,18100,,135000,,122000,,115000,,104000,
2021,Vaughan,2021A00053519028,3 persons,Households consisting of only one census family without additional persons,2375.5.3,17600,,16490,,136000,,124000,,116000,,105000,
2021,Vaughan,2021A00053519028,3 persons,"One couple, with or without children in their census family",2375.5.4,14845,,13905,,144000,,131000,,121000,,111000,
2021,Vaughan,2021A00053519028,3 persons,Without children,2375.5.5,0,,0,,0,...,0,...,0,...,0,...
2021,Vaughan,2021A00053519028,3 persons,With children,2375.5.6,14845,,13905,,144000,,131000,,121000,,111000,
2021,Vaughan,2021A00053519028,3 persons,One one-parent census family,2375.5.7,2760,,2580,,100000,,84000,,89000,,74500,
2021,Vaughan,2021A00053519028,3 persons,With a parent that is a man+,2375.5.8,495,,455,,114000,,109000,,98000,,93000,
2021,Vaughan,2021A00053519028,3 persons,With a parent that is a woman+,2375.5.9,2265,,2125,,97000,,79500,,87000,,72000,
2021,Vaughan,2021A00053519028,3 persons,Other census family households,2375.5.10,1825,,1610,,126000,,110000,,111000,,96000,
2021,Vaughan,2021A00053519028,3 persons,Non-census family households,2375.5.11,295,,195,,100000,,86000,,92000,,76500,
2021,Vaughan,2021A00053519028,4 persons,Total – Household type including census family structure,2375.6.1,24440,,24125,,168000,,148000,,141000,,124000,
2021,Vaughan,2021A00053519028,4 persons,Census-family households,2375.6.2,24345,,24075,,168000,,148000,,141000,,124000,
2021,Vaughan,2021A00053519028,4 persons,Households consisting of only one census family without additional persons,2375.6.3,21280,,21380,,170000,,150000,,142000,,125000,
2021,Vaughan,2021A00053519028,4 persons,"One couple, with or without children in their census family",2375.6.4,20475,,20665,,172000,,152000,,144000,,127000,
2021,Vaughan,2021A00053519028,4 persons,Without children,2375.6.5,0,,0,,0,...,0,...,0,...,0,...
2021,Vaughan,2021A00053519028,4 persons,With children,2375.6.6,20475,,20665,,172000,,152000,,144000,,127000,
2021,Vaughan,2021A00053519028,4 persons,One one-parent census family,2375.6.7,805,,720,,102000,,82000,,93000,,75000,
2021,Vaughan,2021A00053519028,4 persons,With a parent that is a man+,2375.6.8,135,,110,,121000,,96000,,108000,,86000,
2021,Vaughan,2021A00053519028,4 persons,With a parent that is a woman+,2375.6.9,675,,605,,98000,,79000,,91000,,73000,
2021,Vaughan,2021A00053519028,4 persons,Other census family households,2375.6.10,3065,,2695,,153000,,135000,,134000,,118000,
2021,Vaughan,2021A00053519028,4 persons,Non-census family households,2375.6.11,95,,50,,134000,,111000,,122000,,105000,
2021,Vaughan,2021A00053519028,5 or more persons,Total – Household type including census family structure,2375.7.1,16660,,16920,,182000,,155000,,157000,,135000,
2021,Vaughan,2021A00053519028,5 or more persons,Census-family households,2375.7.2,16595,,16885,,182000,,155000,,157000,,135000,
2021,Vaughan,2021A00053519028,5 or more persons,Households consisting of only one census family without additional persons,2375.7.3,8220,,8535,,172000,,146000,,147000,,126000,
2021,Vaughan,2021A00053519028,5 or more persons,"One couple, with or without children in their census family",2375.7.4,8025,,8355,,174000,,148000,,148000,,127000,
2021,Vaughan,2021A00053519028,5 or more persons,Without children,2375.7.5,0,,0,,0,...,0,...,0,...,0,...
2021,Vaughan,2021A00053519028,5 or more persons,With children,2375.7.6,8025,,8355,,174000,,148000,,148000,,127000,
2021,Vaughan,2021A00053519028,5 or more persons,One one-parent census family,2375.7.7,195,,175,,109000,,84000,,101000,,80000,
2021,Vaughan,2021A00053519028,5 or more persons,With a parent that is a man+,2375.7.8,30,,30,,130000,,139000,,111000,,121000,
2021,Vaughan,2021A00053519028,5 or more persons,With a parent that is a woman+,2375.7.9,165,,150,,104000,,78500,,95000,,74500,
2021,Vaughan,2021A00053519028,5 or more persons,Other census family households,2375.7.10,8370,,8355,,188000,,162000,,166000,,143000,
2021,Vaughan,2021A00053519028,5 or more persons,Non-census family households,2375.7.11,65,,35,,192000,,110000,,168000,,106000,
2021,Markham,2021A00053519036,Total - Households by household size,Total – Household type including census family structure,2376.1.1,110870,,102675,,104000,,96000,,92000,,85000,
2021,Markham,2021A00053519036,Total - Households by household size,Census-family households,2376.1.2,90445,,86675,,119000,,108000,,104000,,95000,
2021,Markham,2021A00053519036,Total - Households by household size,Households consisting of only one census family without additional persons,2376.1.3,73105,,69120,,112000,,104000,,98000,,90000,
2021,Markham,2021A00053519036,Total - Households by household size,"One couple, with or without children in their census family",2376.1.4,63595,,60730,,120000,,110000,,103000,,96000,
2021,Markham,2021A00053519036,Total - Households by household size,Without children,2376.1.5,22525,,19415,,90000,,90000,,79000,,78500,
2021,Markham,2021A00053519036,Total - Households by household size,With children,2376.1.6,41070,,41315,,136000,,121000,,117000,,104000,
2021,Markham,2021A00053519036,Total - Households by household size,One one-parent census family,2376.1.7,9510,,8395,,74000,,62800,,67500,,57200,
2021,Markham,2021A00053519036,Total - Households by household size,With a parent that is a man+,2376.1.8,1650,,1415,,84000,,72500,,74000,,64500,
2021,Markham,2021A00053519036,Total - Households by household size,With a parent that is a woman+,2376.1.9,7855,,6975,,72000,,61200,,66500,,56400,
2021,Markham,2021A00053519036,Total - Households by household size,Other census family households,2376.1.10,17335,,17550,,146000,,124000,,131000,,112000,
2021,Markham,2021A00053519036,Total - Households by household size,Non-census family households,2376.1.11,20425,,16000,,50400,,46400,,44800,,41200,
2021,Markham,2021A00053519036,1 person,Total – Household type including census family structure,2376.2.1,17295,,13785,,45600,,43600,,40800,,38800,
2021,Markham,2021A00053519036,1 person,Census-family households,2376.2.2,0,,0,,0,...,0,...,0,...,0,...
2021,Markham,2021A00053519036,1 person,Households consisting of only one census family without additional persons,2376.2.3,0,,0,,0,...,0,...,0,...,0,...
2021,Markham,2021A00053519036,1 person,"One couple, with or without children in their census family",2376.2.4,0,,0,,0,...,0,...,0,...,0,...
2021,Markham,2021A00053519036,1 person,Without children,2376.2.5,0,,0,,0,...,0,...,0,...,0,...
2021,Markham,2021A00053519036,1 person,With children,2376.2.6,0,,0,,0,...,0,...,0,...,0,...
2021,Markham,2021A00053519036,1 person,One one-parent census family,2376.2.7,0,,0,,0,...,0,...,0,...,0,...
2021,Markham,2021A00053519036,1 person,With a parent that is a man+,2376.2.8,0,,0,,0,...,0,...,0,...,0,...
2021,Markham,2021A00053519036,1 person,With a parent that is a woman+,2376.2.9,0,,0,,0,...,0,...,0,...,0,...
2021,Markham,2021A00053519036,1 person,Other census family households,2376.2.10,0,,0,,0,...,0,...,0,...,0,...
2021,Markham,2021A00053519036,1 person,Non-census family households,2376.2.11,17295,,13785,,45600,,43600,,40800,,38800,
2021,Markham,2021A00053519036,2 or more persons,Total – Household type including census family structure,2376.3.1,93570,,88890,,118000,,107000,,103000,,94000,
2021,Markham,2021A00053519036,2 or more persons,Census-family households,2376.3.2,90445,,86675,,119000,,108000,,104000,,95000,
2021,Markham,2021A00053519036,2 or more persons,Households consisting of only one census family without additional persons,2376.3.3,73105,,69120,,112000,,104000,,98000,,90000,
2021,Markham,2021A00053519036,2 or more persons,"One couple, with or without children in their census family",2376.3.4,63595,,60730,,120000,,110000,,103000,,96000,
2021,Markham,2021A00053519036,2 or more persons,Without children,2376.3.5,22525,,19415,,90000,,90000,,79000,,78500,
2021,Markham,2021A00053519036,2 or more persons,With children,2376.3.6,41070,,41315,,136000,,121000,,117000,,104000,
2021,Markham,2021A00053519036,2 or more persons,One one-parent census family,2376.3.7,9510,,8395,,74000,,62800,,67500,,57200,
2021,Markham,2021A00053519036,2 or more persons,With a parent that is a man+,2376.3.8,1650,,1415,,84000,,72500,,74000,,64500,
2021,Markham,2021A00053519036,2 or more persons,With a parent that is a woman+,2376.3.9,7855,,6975,,72000,,61200,,66500,,56400,
2021,Markham,2021A00053519036,2 or more persons,Other census family households,2376.3.10,17335,,17550,,146000,,124000,,131000,,112000,
2021,Markham,2021A00053519036,2 or more persons,Non-census family households,2376.3.11,3130,,2210,,81000,,64000,,73500,,58000,
2021,Markham,2021A00053519036,2 persons,Total – Household type including census family structure,2376.4.1,30515,,25960,,84000,,81000,,74000,,71500,
2021,Markham,2021A00053519036,2 persons,Census-family households,2376.4.2,28220,,24285,,85000,,83000,,75000,,73000,
2021,Markham,2021A00053519036,2 persons,Households consisting of only one census family without additional persons,2376.4.3,28220,,24285,,85000,,83000,,75000,,73000,
2021,Markham,2021A00053519036,2 persons,"One couple, with or without children in their census family",2376.4.4,22525,,19415,,90000,,90000,,79000,,78500,
2021,Markham,2021A00053519036,2 persons,Without children,2376.4.5,22525,,19415,,90000,,90000,,79000,,78500,
2021,Markham,2021A00053519036,2 persons,With children,2376.4.6,0,,0,,0,...,0,...,0,...,0,...
2021,Markham,2021A00053519036,2 persons,One one-parent census family,2376.4.7,5695,,4865,,67000,,58800,,61200,,53200,
2021,Markham,2021A00053519036,2 persons,With a parent that is a man+,2376.4.8,1045,,875,,75000,,64500,,67000,,57600,
2021,Markham,2021A00053519036,2 persons,With a parent that is a woman+,2376.4.9,4645,,3985,,66000,,58000,,60000,,52800,
2021,Markham,2021A00053519036,2 persons,Other census family households,2376.4.10,0,,0,,0,...,0,...,0,...,0,...
2021,Markham,2021A00053519036,2 persons,Non-census family households,2376.4.11,2295,,1675,,74000,,61600,,66500,,56400,
2021,Markham,2021A00053519036,3 persons,Total – Household type including census family structure,2376.5.1,22460,,21540,,113000,,103000,,99000,,90000,
2021,Markham,2021A00053519036,3 persons,Census-family households,2376.5.2,21945,,21190,,113000,,103000,,99000,,90000,
2021,Markham,2021A00053519036,3 persons,Households consisting of only one census family without additional persons,2376.5.3,19550,,19135,,115000,,104000,,100000,,91000,
2021,Markham,2021A00053519036,3 persons,"One couple, with or without children in their census family",2376.5.4,16610,,16390,,121000,,111000,,104000,,96000,
2021,Markham,2021A00053519036,3 persons,Without children,2376.5.5,0,,0,,0,...,0,...,0,...,0,...
2021,Markham,2021A00053519036,3 persons,With children,2376.5.6,16610,,16390,,121000,,111000,,104000,,96000,
2021,Markham,2021A00053519036,3 persons,One one-parent census family,2376.5.7,2935,,2745,,84000,,68000,,77500,,62800,
2021,Markham,2021A00053519036,3 persons,With a parent that is a man+,2376.5.8,470,,410,,97000,,87000,,86000,,75500,
2021,Markham,2021A00053519036,3 persons,With a parent that is a woman+,2376.5.9,2470,,2335,,82000,,66000,,76000,,60800,
2021,Markham,2021A00053519036,3 persons,Other census family households,2376.5.10,2395,,2055,,103000,,96000,,93000,,86000,
2021,Markham,2021A00053519036,3 persons,Non-census family households,2376.5.11,515,,350,,88000,,67000,,81000,,61600,
2021,Markham,2021A00053519036,4 persons,Total – Household type including census family structure,2376.6.1,23525,,23450,,144000,,125000,,124000,,108000,
2021,Markham,2021A00053519036,4 persons,Census-family households,2376.6.2,23340,,23325,,144000,,125000,,124000,,108000,
2021,Markham,2021A00053519036,4 persons,Households consisting of only one census family without additional persons,2376.6.3,19500,,19705,,147000,,128000,,126000,,110000,
2021,Markham,2021A00053519036,4 persons,"One couple, with or without children in their census family",2376.6.4,18800,,19075,,150000,,130000,,128000,,111000,
2021,Markham,2021A00053519036,4 persons,Without children,2376.6.5,0,,0,,0,...,0,...,0,...,0,...
2021,Markham,2021A00053519036,4 persons,With children,2376.6.6,18800,,19075,,150000,,130000,,128000,,111000,
2021,Markham,2021A00053519036,4 persons,One one-parent census family,2376.6.7,700,,635,,84000,,67000,,80000,,62400,
2021,Markham,2021A00053519036,4 persons,With a parent that is a man+,2376.6.8,115,,115,,105000,,89000,,96000,,81000,
2021,Markham,2021A00053519036,4 persons,With a parent that is a woman+,2376.6.9,585,,525,,81000,,63200,,77000,,60400,
2021,Markham,2021A00053519036,4 persons,Other census family households,2376.6.10,3845,,3620,,132000,,112000,,118000,,100000,
2021,Markham,2021A00053519036,4 persons,Non-census family households,2376.6.11,185,,125,,107000,,66500,,100000,,64000,
2021,Markham,2021A00053519036,5 or more persons,Total – Household type including census family structure,2376.7.1,17070,,17945,,155000,,129000,,138000,,116000,
2021,Markham,2021A00053519036,5 or more persons,Census-family households,2376.7.2,16940,,17875,,155000,,129000,,138000,,116000,
2021,Markham,2021A00053519036,5 or more persons,Households consisting of only one census family without additional persons,2376.7.3,5835,,5990,,142000,,121000,,125000,,107000,
2021,Markham,2021A00053519036,5 or more persons,"One couple, with or without children in their census family",2376.7.4,5665,,5845,,144000,,123000,,126000,,108000,
2021,Markham,2021A00053519036,5 or more persons,Without children,2376.7.5,0,,0,,0,...,0,...,0,...,0,...
2021,Markham,2021A00053519036,5 or more persons,With children,2376.7.6,5665,,5845,,144000,,123000,,126000,,108000,
2021,Markham,2021A00053519036,5 or more persons,One one-parent census family,2376.7.7,180,,145,,92000,,69000,,91000,,68500,
2021,Markham,2021A00053519036,5 or more persons,With a parent that is a man+,2376.7.8,15,,15,,,x,,x,,x,,x
2021,Markham,2021A00053519036,5 or more persons,With a parent that is a woman+,2376.7.9,155,,130,,91000,,68500,,90000,,68000,
2021,Markham,2021A00053519036,5 or more persons,Other census family households,2376.7.10,11105,,11880,,160000,,132000,,144000,,120000,
2021,Markham,2021A00053519036,5 or more persons,Non-census family households,2376.7.11,130,,70,,143000,,102000,,132000,,97000,
2021,Richmond Hill,2021A00053519038,Total - Households by household size,Total – Household type including census family structure,2377.1.1,69315,,64115,,102000,,96000,,89000,,83000,
2021,Richmond Hill,2021A00053519038,Total - Households by household size,Census-family households,2377.1.2,55385,,52785,,121000,,111000,,105000,,96000,
2021,Richmond Hill,2021A00053519038,Total - Households by household size,Households consisting of only one census family without additional persons,2377.1.3,46985,,44595,,114000,,105000,,99000,,91000,
2021,Richmond Hill,2021A00053519038,Total - Households by household size,"One couple, with or without children in their census family",2377.1.4,40490,,38805,,123000,,114000,,106000,,98000,
2021,Richmond Hill,2021A00053519038,Total - Households by household size,Without children,2377.1.5,13765,,11910,,90000,,86000,,79000,,75500,
2021,Richmond Hill,2021A00053519038,Total - Households by household size,With children,2377.1.6,26725,,26900,,142000,,128000,,121000,,109000,
2021,Richmond Hill,2021A00053519038,Total - Households by household size,One one-parent census family,2377.1.7,6490,,5785,,73500,,60400,,67500,,55600,
2021,Richmond Hill,2021A00053519038,Total - Households by household size,With a parent that is a man+,2377.1.8,1095,,945,,87000,,76000,,77500,,65500,
2021,Richmond Hill,2021A00053519038,Total - Households by household size,With a parent that is a woman+,2377.1.9,5395,,4840,,71500,,58000,,66000,,54000,
2021,Richmond Hill,2021A00053519038,Total - Households by household size,Other census family households,2377.1.10,8400,,8195,,157000,,141000,,137000,,123000,
2021,Richmond Hill,2021A00053519038,Total - Households by household size,Non-census family households,2377.1.11,13930,,11330,,46800,,43600,,42000,,39200,
2021,Richmond Hill,2021A00053519038,1 person,Total – Household type including census family structure,2377.2.1,12180,,10130,,42400,,40800,,38400,,36800,
2021,Richmond Hill,2021A00053519038,1 person,Census-family households,2377.2.2,0,,0,,0,...,0,...,0,...,0,...
2021,Richmond Hill,2021A00053519038,1 person,Households consisting of only one census family without additional persons,2377.2.3,0,,0,,0,...,0,...,0,...,0,...
2021,Richmond Hill,2021A00053519038,1 person,"One couple, with or without children in their census family",2377.2.4,0,,0,,0,...,0,...,0,...,0,...
2021,Richmond Hill,2021A00053519038,1 person,Without children,2377.2.5,0,,0,,0,...,0,...,0,...,0,...
2021,Richmond Hill,2021A00053519038,1 person,With children,2377.2.6,0,,0,,0,...,0,...,0,...,0,...
2021,Richmond Hill,2021A00053519038,1 person,One one-parent census family,2377.2.7,0,,0,,0,...,0,...,0,...,0,...
2021,Richmond Hill,2021A00053519038,1 person,With a parent that is a man+,2377.2.8,0,,0,,0,...,0,...,0,...,0,...
2021,Richmond Hill,2021A00053519038,1 person,With a parent that is a woman+,2377.2.9,0,,0,,0,...,0,...,0,...,0,...
2021,Richmond Hill,2021A00053519038,1 person,Other census family households,2377.2.10,0,,0,,0,...,0,...,0,...,0,...
2021,Richmond Hill,2021A00053519038,1 person,Non-census family households,2377.2.11,12180,,10130,,42400,,40800,,38400,,36800,
2021,Richmond Hill,2021A00053519038,2 or more persons,Total – Household type including census family structure,2377.3.1,57135,,53985,,119000,,109000,,103000,,95000,
2021,Richmond Hill,2021A00053519038,2 or more persons,Census-family households,2377.3.2,55385,,52785,,121000,,111000,,105000,,96000,
2021,Richmond Hill,2021A00053519038,2 or more persons,Households consisting of only one census family without additional persons,2377.3.3,46985,,44595,,114000,,105000,,99000,,91000,
2021,Richmond Hill,2021A00053519038,2 or more persons,"One couple, with or without children in their census family",2377.3.4,40490,,38805,,123000,,114000,,106000,,98000,
2021,Richmond Hill,2021A00053519038,2 or more persons,Without children,2377.3.5,13765,,11910,,90000,,86000,,79000,,75500,
2021,Richmond Hill,2021A00053519038,2 or more persons,With children,2377.3.6,26725,,26900,,142000,,128000,,121000,,109000,
2021,Richmond Hill,2021A00053519038,2 or more persons,One one-parent census family,2377.3.7,6490,,5785,,73500,,60400,,67500,,55600,
2021,Richmond Hill,2021A00053519038,2 or more persons,With a parent that is a man+,2377.3.8,1095,,945,,87000,,76000,,77500,,65500,
2021,Richmond Hill,2021A00053519038,2 or more persons,With a parent that is a woman+,2377.3.9,5395,,4840,,71500,,58000,,66000,,54000,
2021,Richmond Hill,2021A00053519038,2 or more persons,Other census family households,2377.3.10,8400,,8195,,157000,,141000,,137000,,123000,
2021,Richmond Hill,2021A00053519038,2 or more persons,Non-census family households,2377.3.11,1750,,1200,,81000,,70000,,72000,,62800,
2021,Richmond Hill,2021A00053519038,2 persons,Total – Household type including census family structure,2377.4.1,18935,,16175,,83000,,78000,,74000,,68500,
2021,Richmond Hill,2021A00053519038,2 persons,Census-family households,2377.4.2,17585,,15225,,84000,,79000,,74500,,69500,
2021,Richmond Hill,2021A00053519038,2 persons,Households consisting of only one census family without additional persons,2377.4.3,17585,,15225,,84000,,79000,,74500,,69500,
2021,Richmond Hill,2021A00053519038,2 persons,"One couple, with or without children in their census family",2377.4.4,13765,,11910,,90000,,86000,,79000,,75500,
2021,Richmond Hill,2021A00053519038,2 persons,Without children,2377.4.5,13765,,11910,,90000,,86000,,79000,,75500,
2021,Richmond Hill,2021A00053519038,2 persons,With children,2377.4.6,0,,0,,0,...,0,...,0,...,0,...
2021,Richmond Hill,2021A00053519038,2 persons,One one-parent census family,2377.4.7,3820,,3315,,66500,,56800,,60800,,51600,
2021,Richmond Hill,2021A00053519038,2 persons,With a parent that is a man+,2377.4.8,690,,580,,75500,,68500,,68000,,59200,
2021,Richmond Hill,2021A00053519038,2 persons,With a parent that is a woman+,2377.4.9,3125,,2735,,65000,,54800,,60000,,50400,
2021,Richmond Hill,2021A00053519038,2 persons,Other census family households,2377.4.10,0,,0,,0,...,0,...,0,...,0,...
2021,Richmond Hill,2021A00053519038,2 persons,Non-census family households,2377.4.11,1350,,950,,75000,,66000,,68000,,60400,
2021,Richmond Hill,2021A00053519038,3 persons,Total – Household type including census family structure,2377.5.1,15080,,13935,,115000,,105000,,100000,,91000,
2021,Richmond Hill,2021A00053519038,3 persons,Census-family households,2377.5.2,14815,,13755,,115000,,105000,,100000,,91000,
2021,Richmond Hill,2021A00053519038,3 persons,Households consisting of only one census family without additional persons,2377.5.3,13400,,12580,,116000,,105000,,101000,,91000,
2021,Richmond Hill,2021A00053519038,3 persons,"One couple, with or without children in their census family",2377.5.4,11285,,10655,,124000,,113000,,106000,,97000,
2021,Richmond Hill,2021A00053519038,3 persons,Without children,2377.5.5,0,,0,,0,...,0,...,0,...,0,...
2021,Richmond Hill,2021A00053519038,3 persons,With children,2377.5.6,11285,,10655,,124000,,113000,,106000,,97000,
2021,Richmond Hill,2021A00053519038,3 persons,One one-parent census family,2377.5.7,2115,,1925,,82000,,67000,,76000,,62400,
2021,Richmond Hill,2021A00053519038,3 persons,With a parent that is a man+,2377.5.8,345,,290,,110000,,93000,,91000,,78500,
2021,Richmond Hill,2021A00053519038,3 persons,With a parent that is a woman+,2377.5.9,1775,,1630,,78500,,63600,,73000,,58800,
2021,Richmond Hill,2021A00053519038,3 persons,Other census family households,2377.5.10,1420,,1180,,111000,,103000,,98000,,90000,
2021,Richmond Hill,2021A00053519038,3 persons,Non-census family households,2377.5.11,265,,175,,96000,,79000,,87000,,71500,
2021,Richmond Hill,2021A00053519038,4 persons,Total – Household type including census family structure,2377.6.1,14770,,14980,,149000,,133000,,128000,,114000,
2021,Richmond Hill,2021A00053519038,4 persons,Census-family households,2377.6.2,14685,,14925,,149000,,133000,,128000,,114000,
2021,Richmond Hill,2021A00053519038,4 persons,Households consisting of only one census family without additional persons,2377.6.3,12550,,13030,,151000,,135000,,129000,,114000,
2021,Richmond Hill,2021A00053519038,4 persons,"One couple, with or without children in their census family",2377.6.4,12110,,12595,,154000,,137000,,130000,,116000,
2021,Richmond Hill,2021A00053519038,4 persons,Without children,2377.6.5,0,,0,,0,...,0,...,0,...,0,...
2021,Richmond Hill,2021A00053519038,4 persons,With children,2377.6.6,12110,,12595,,154000,,137000,,130000,,116000,
2021,Richmond Hill,2021A00053519038,4 persons,One one-parent census family,2377.6.7,445,,430,,92000,,63200,,86000,,60000,
2021,Richmond Hill,2021A00053519038,4 persons,With a parent that is a man+,2377.6.8,55,,55,,110000,,77000,,99000,,69000,
2021,Richmond Hill,2021A00053519038,4 persons,With a parent that is a woman+,2377.6.9,385,,375,,88000,,61600,,83000,,59200,
2021,Richmond Hill,2021A00053519038,4 persons,Other census family households,2377.6.10,2135,,1900,,139000,,123000,,123000,,109000,
2021,Richmond Hill,2021A00053519038,4 persons,Non-census family households,2377.6.11,80,,50,,129000,,97000,,114000,,88000,
2021,Richmond Hill,2021A00053519038,5 or more persons,Total – Household type including census family structure,2377.7.1,8350,,8890,,172000,,152000,,149000,,131000,
2021,Richmond Hill,2021A00053519038,5 or more persons,Census-family households,2377.7.2,8300,,8875,,172000,,152000,,149000,,131000,
2021,Richmond Hill,2021A00053519038,5 or more persons,Households consisting of only one census family without additional persons,2377.7.3,3445,,3755,,158000,,141000,,136000,,120000,
2021,Richmond Hill,2021A00053519038,5 or more persons,"One couple, with or without children in their census family",2377.7.4,3330,,3645,,160000,,144000,,138000,,122000,
2021,Richmond Hill,2021A00053519038,5 or more persons,Without children,2377.7.5,0,,0,,0,...,0,...,0,...,0,...
2021,Richmond Hill,2021A00053519038,5 or more persons,With children,2377.7.6,3330,,3645,,160000,,144000,,138000,,122000,
2021,Richmond Hill,2021A00053519038,5 or more persons,One one-parent census family,2377.7.7,115,,115,,101000,,61200,,97000,,59600,
2021,Richmond Hill,2021A00053519038,5 or more persons,With a parent that is a man+,2377.7.8,10,,15,,,x,,x,,x,,x
2021,Richmond Hill,2021A00053519038,5 or more persons,With a parent that is a woman+,2377.7.9,105,,100,,101000,,57200,,96000,,55600,
2021,Richmond Hill,2021A00053519038,5 or more persons,Other census family households,2377.7.10,4850,,5120,,180000,,158000,,158000,,138000,
2021,Richmond Hill,2021A00053519038,5 or more persons,Non-census family households,2377.7.11,50,,20,,138000,,,x,127000,,,x
2021,Whitchurch-Stouffville,2021A00053519044,Total - Households by household size,Total – Household type including census family structure,2378.1.1,16705,,15355,,122000,,111000,,104000,,95000,
2021,Whitchurch-Stouffville,2021A00053519044,Total - Households by household size,Census-family households,2378.1.2,13770,,12790,,136000,,124000,,116000,,106000,
2021,Whitchurch-Stouffville,2021A00053519044,Total - Households by household size,Households consisting of only one census family without additional persons,2378.1.3,11920,,11230,,132000,,122000,,112000,,103000,
2021,Whitchurch-Stouffville,2021A00053519044,Total - Households by household size,"One couple, with or without children in their census family",2378.1.4,10725,,10190,,138000,,127000,,116000,,107000,
2021,Whitchurch-Stouffville,2021A00053519044,Total - Households by household size,Without children,2378.1.5,4105,,3885,,112000,,110000,,96000,,93000,
2021,Whitchurch-Stouffville,2021A00053519044,Total - Households by household size,With children,2378.1.6,6630,,6310,,155000,,138000,,129000,,116000,
2021,Whitchurch-Stouffville,2021A00053519044,Total - Households by household size,One one-parent census family,2378.1.7,1195,,1035,,87000,,78500,,77500,,67500,
2021,Whitchurch-Stouffville,2021A00053519044,Total - Households by household size,With a parent that is a man+,2378.1.8,260,,215,,101000,,95000,,86000,,81000,
2021,Whitchurch-Stouffville,2021A00053519044,Total - Households by household size,With a parent that is a woman+,2378.1.9,935,,815,,84000,,73500,,74500,,65500,
2021,Whitchurch-Stouffville,2021A00053519044,Total - Households by household size,Other census family households,2378.1.10,1850,,1560,,164000,,142000,,143000,,124000,
2021,Whitchurch-Stouffville,2021A00053519044,Total - Households by household size,Non-census family households,2378.1.11,2940,,2565,,57600,,53600,,49200,,46400,
2021,Whitchurch-Stouffville,2021A00053519044,1 person,Total – Household type including census family structure,2378.2.1,2650,,2320,,53200,,50800,,46400,,44400,
2021,Whitchurch-Stouffville,2021A00053519044,1 person,Census-family households,2378.2.2,0,,0,,0,...,0,...,0,...,0,...
2021,Whitchurch-Stouffville,2021A00053519044,1 person,Households consisting of only one census family without additional persons,2378.2.3,0,,0,,0,...,0,...,0,...,0,...
2021,Whitchurch-Stouffville,2021A00053519044,1 person,"One couple, with or without children in their census family",2378.2.4,0,,0,,0,...,0,...,0,...,0,...
2021,Whitchurch-Stouffville,2021A00053519044,1 person,Without children,2378.2.5,0,,0,,0,...,0,...,0,...,0,...
2021,Whitchurch-Stouffville,2021A00053519044,1 person,With children,2378.2.6,0,,0,,0,...,0,...,0,...,0,...
2021,Whitchurch-Stouffville,2021A00053519044,1 person,One one-parent census family,2378.2.7,0,,0,,0,...,0,...,0,...,0,...
2021,Whitchurch-Stouffville,2021A00053519044,1 person,With a parent that is a man+,2378.2.8,0,,0,,0,...,0,...,0,...,0,...
2021,Whitchurch-Stouffville,2021A00053519044,1 person,With a parent that is a woman+,2378.2.9,0,,0,,0,...,0,...,0,...,0,...
2021,Whitchurch-Stouffville,2021A00053519044,1 person,Other census family households,2378.2.10,0,,0,,0,...,0,...,0,...,0,...
2021,Whitchurch-Stouffville,2021A00053519044,1 person,Non-census family households,2378.2.11,2650,,2320,,53200,,50800,,46400,,44400,
2021,Whitchurch-Stouffville,2021A00053519044,2 or more persons,Total – Household type including census family structure,2378.3.1,14060,,13035,,135000,,123000,,115000,,105000,
2021,Whitchurch-Stouffville,2021A00053519044,2 or more persons,Census-family households,2378.3.2,13770,,12790,,136000,,124000,,116000,,106000,
2021,Whitchurch-Stouffville,2021A00053519044,2 or more persons,Households consisting of only one census family without additional persons,2378.3.3,11920,,11230,,132000,,122000,,112000,,103000,
2021,Whitchurch-Stouffville,2021A00053519044,2 or more persons,"One couple, with or without children in their census family",2378.3.4,10725,,10190,,138000,,127000,,116000,,107000,
2021,Whitchurch-Stouffville,2021A00053519044,2 or more persons,Without children,2378.3.5,4105,,3885,,112000,,110000,,96000,,93000,
2021,Whitchurch-Stouffville,2021A00053519044,2 or more persons,With children,2378.3.6,6630,,6310,,155000,,138000,,129000,,116000,
2021,Whitchurch-Stouffville,2021A00053519044,2 or more persons,One one-parent census family,2378.3.7,1195,,1035,,87000,,78500,,77500,,67500,
2021,Whitchurch-Stouffville,2021A00053519044,2 or more persons,With a parent that is a man+,2378.3.8,260,,215,,101000,,95000,,86000,,81000,
2021,Whitchurch-Stouffville,2021A00053519044,2 or more persons,With a parent that is a woman+,2378.3.9,935,,815,,84000,,73500,,74500,,65500,
2021,Whitchurch-Stouffville,2021A00053519044,2 or more persons,Other census family households,2378.3.10,1850,,1560,,164000,,142000,,143000,,124000,
2021,Whitchurch-Stouffville,2021A00053519044,2 or more persons,Non-census family households,2378.3.11,290,,245,,96000,,91000,,85000,,81000,
2021,Whitchurch-Stouffville,2021A00053519044,2 persons,Total – Household type including census family structure,2378.4.1,5020,,4655,,107000,,104000,,91000,,89000,
2021,Whitchurch-Stouffville,2021A00053519044,2 persons,Census-family households,2378.4.2,4780,,4450,,107000,,105000,,92000,,89000,
2021,Whitchurch-Stouffville,2021A00053519044,2 persons,Households consisting of only one census family without additional persons,2378.4.3,4780,,4450,,107000,,105000,,92000,,89000,
2021,Whitchurch-Stouffville,2021A00053519044,2 persons,"One couple, with or without children in their census family",2378.4.4,4105,,3885,,112000,,110000,,96000,,93000,
2021,Whitchurch-Stouffville,2021A00053519044,2 persons,Without children,2378.4.5,4105,,3885,,112000,,110000,,96000,,93000,
2021,Whitchurch-Stouffville,2021A00053519044,2 persons,With children,2378.4.6,0,,0,,0,...,0,...,0,...,0,...
2021,Whitchurch-Stouffville,2021A00053519044,2 persons,One one-parent census family,2378.4.7,680,,570,,82000,,73000,,73000,,64000,
2021,Whitchurch-Stouffville,2021A00053519044,2 persons,With a parent that is a man+,2378.4.8,150,,140,,100000,,89000,,81000,,74500,
2021,Whitchurch-Stouffville,2021A00053519044,2 persons,With a parent that is a woman+,2378.4.9,530,,430,,77500,,69000,,68500,,62000,
2021,Whitchurch-Stouffville,2021A00053519044,2 persons,Other census family households,2378.4.10,0,,0,,0,...,0,...,0,...,0,...
2021,Whitchurch-Stouffville,2021A00053519044,2 persons,Non-census family households,2378.4.11,235,,200,,91000,,87000,,79500,,75500,
2021,Whitchurch-Stouffville,2021A00053519044,3 persons,Total – Household type including census family structure,2378.5.1,2965,,2890,,135000,,124000,,114000,,105000,
2021,Whitchurch-Stouffville,2021A00053519044,3 persons,Census-family households,2378.5.2,2925,,2855,,136000,,125000,,114000,,105000,
2021,Whitchurch-Stouffville,2021A00053519044,3 persons,Households consisting of only one census family without additional persons,2378.5.3,2655,,2610,,136000,,125000,,114000,,105000,
2021,Whitchurch-Stouffville,2021A00053519044,3 persons,"One couple, with or without children in their census family",2378.5.4,2285,,2255,,143000,,130000,,120000,,110000,
2021,Whitchurch-Stouffville,2021A00053519044,3 persons,Without children,2378.5.5,0,,0,,0,...,0,...,0,...,0,...
2021,Whitchurch-Stouffville,2021A00053519044,3 persons,With children,2378.5.6,2285,,2255,,143000,,130000,,120000,,110000,
2021,Whitchurch-Stouffville,2021A00053519044,3 persons,One one-parent census family,2378.5.7,370,,355,,93000,,82000,,84000,,72500,
2021,Whitchurch-Stouffville,2021A00053519044,3 persons,With a parent that is a man+,2378.5.8,80,,65,,101000,,116000,,88000,,99000,
2021,Whitchurch-Stouffville,2021A00053519044,3 persons,With a parent that is a woman+,2378.5.9,290,,290,,91000,,78500,,82000,,68000,
2021,Whitchurch-Stouffville,2021A00053519044,3 persons,Other census family households,2378.5.10,275,,250,,135000,,122000,,117000,,106000,
2021,Whitchurch-Stouffville,2021A00053519044,3 persons,Non-census family households,2378.5.11,35,,30,,130000,,108000,,112000,,97000,
2021,Whitchurch-Stouffville,2021A00053519044,4 persons,Total – Household type including census family structure,2378.6.1,3740,,3435,,158000,,140000,,133000,,117000,
2021,Whitchurch-Stouffville,2021A00053519044,4 persons,Census-family households,2378.6.2,3730,,3425,,158000,,140000,,133000,,117000,
2021,Whitchurch-Stouffville,2021A00053519044,4 persons,Households consisting of only one census family without additional persons,2378.6.3,3330,,3045,,159000,,141000,,133000,,118000,
2021,Whitchurch-Stouffville,2021A00053519044,4 persons,"One couple, with or without children in their census family",2378.6.4,3210,,2955,,162000,,143000,,135000,,119000,
2021,Whitchurch-Stouffville,2021A00053519044,4 persons,Without children,2378.6.5,0,,0,,0,...,0,...,0,...,0,...
2021,Whitchurch-Stouffville,2021A00053519044,4 persons,With children,2378.6.6,3210,,2955,,162000,,143000,,135000,,119000,
2021,Whitchurch-Stouffville,2021A00053519044,4 persons,One one-parent census family,2378.6.7,120,,90,,100000,,81000,,91000,,74000,
2021,Whitchurch-Stouffville,2021A00053519044,4 persons,With a parent that is a man+,2378.6.8,25,,15,,120000,,,x,101000,,,x
2021,Whitchurch-Stouffville,2021A00053519044,4 persons,With a parent that is a woman+,2378.6.9,90,,75,,93000,,81000,,86000,,72500,
2021,Whitchurch-Stouffville,2021A00053519044,4 persons,Other census family households,2378.6.10,400,,385,,150000,,134000,,130000,,115000,
2021,Whitchurch-Stouffville,2021A00053519044,4 persons,Non-census family households,2378.6.11,5,,10,,,x,,x,,x,,x
2021,Whitchurch-Stouffville,2021A00053519044,5 or more persons,Total – Household type including census family structure,2378.7.1,2340,,2060,,170000,,147000,,146000,,127000,
2021,Whitchurch-Stouffville,2021A00053519044,5 or more persons,Census-family households,2378.7.2,2335,,2055,,170000,,147000,,146000,,127000,
2021,Whitchurch-Stouffville,2021A00053519044,5 or more persons,Households consisting of only one census family without additional persons,2378.7.3,1160,,1125,,162000,,142000,,138000,,119000,
2021,Whitchurch-Stouffville,2021A00053519044,5 or more persons,"One couple, with or without children in their census family",2378.7.4,1135,,1095,,164000,,144000,,138000,,120000,
2021,Whitchurch-Stouffville,2021A00053519044,5 or more persons,Without children,2378.7.5,0,,0,,0,...,0,...,0,...,0,...
2021,Whitchurch-Stouffville,2021A00053519044,5 or more persons,With children,2378.7.6,1135,,1095,,164000,,144000,,138000,,120000,
2021,Whitchurch-Stouffville,2021A00053519044,5 or more persons,One one-parent census family,2378.7.7,20,,25,,100000,,85000,,98000,,75000,
2021,Whitchurch-Stouffville,2021A00053519044,5 or more persons,With a parent that is a man+,2378.7.8,0,,5,,,x,,x,,x,,x
2021,Whitchurch-Stouffville,2021A00053519044,5 or more persons,With a parent that is a woman+,2378.7.9,20,,20,,98000,,67000,,98000,,67000,
2021,Whitchurch-Stouffville,2021A00053519044,5 or more persons,Other census family households,2378.7.10,1175,,930,,180000,,153000,,155000,,134000,
2021,Whitchurch-Stouffville,2021A00053519044,5 or more persons,Non-census family households,2378.7.11,5,,5,,,x,,x,,x,,x
2021,Aurora,2021A00053519046,Total - Households by household size,Total – Household type including census family structure,2379.1.1,21505,,18850,,119000,,115000,,102000,,98000,
2021,Aurora,2021A00053519046,Total - Households by household size,Census-family households,2379.1.2,17345,,15375,,137000,,132000,,116000,,111000,
2021,Aurora,2021A00053519046,Total - Households by household size,Households consisting of only one census family without additional persons,2379.1.3,15385,,13880,,134000,,131000,,113000,,109000,
2021,Aurora,2021A00053519046,Total - Households by household size,"One couple, with or without children in their census family",2379.1.4,13420,,12040,,143000,,140000,,119000,,117000,
2021,Aurora,2021A00053519046,Total - Households by household size,Without children,2379.1.5,4725,,4015,,116000,,115000,,98000,,96000,
2021,Aurora,2021A00053519046,Total - Households by household size,With children,2379.1.6,8695,,8030,,158000,,154000,,132000,,128000,
2021,Aurora,2021A00053519046,Total - Households by household size,One one-parent census family,2379.1.7,1965,,1835,,86000,,76500,,76000,,68000,
2021,Aurora,2021A00053519046,Total - Households by household size,With a parent that is a man+,2379.1.8,400,,360,,105000,,94000,,87000,,81000,
2021,Aurora,2021A00053519046,Total - Households by household size,With a parent that is a woman+,2379.1.9,1565,,1480,,81000,,72500,,73500,,65500,
2021,Aurora,2021A00053519046,Total - Households by household size,Other census family households,2379.1.10,1960,,1495,,159000,,147000,,139000,,127000,
2021,Aurora,2021A00053519046,Total - Households by household size,Non-census family households,2379.1.11,4160,,3475,,56400,,54400,,48800,,47600,
2021,Aurora,2021A00053519046,1 person,Total – Household type including census family structure,2379.2.1,3670,,3085,,51600,,51600,,45200,,44400,
2021,Aurora,2021A00053519046,1 person,Census-family households,2379.2.2,0,,0,,0,...,0,...,0,...,0,...
2021,Aurora,2021A00053519046,1 person,Households consisting of only one census family without additional persons,2379.2.3,0,,0,,0,...,0,...,0,...,0,...
2021,Aurora,2021A00053519046,1 person,"One couple, with or without children in their census family",2379.2.4,0,,0,,0,...,0,...,0,...,0,...
2021,Aurora,2021A00053519046,1 person,Without children,2379.2.5,0,,0,,0,...,0,...,0,...,0,...
2021,Aurora,2021A00053519046,1 person,With children,2379.2.6,0,,0,,0,...,0,...,0,...,0,...
2021,Aurora,2021A00053519046,1 person,One one-parent census family,2379.2.7,0,,0,,0,...,0,...,0,...,0,...
2021,Aurora,2021A00053519046,1 person,With a parent that is a man+,2379.2.8,0,,0,,0,...,0,...,0,...,0,...
2021,Aurora,2021A00053519046,1 person,With a parent that is a woman+,2379.2.9,0,,0,,0,...,0,...,0,...,0,...
2021,Aurora,2021A00053519046,1 person,Other census family households,2379.2.10,0,,0,,0,...,0,...,0,...,0,...
2021,Aurora,2021A00053519046,1 person,Non-census family households,2379.2.11,3670,,3085,,51600,,51600,,45200,,44400,
2021,Aurora,2021A00053519046,2 or more persons,Total – Household type including census family structure,2379.3.1,17835,,15770,,136000,,131000,,115000,,110000,
2021,Aurora,2021A00053519046,2 or more persons,Census-family households,2379.3.2,17345,,15375,,137000,,132000,,116000,,111000,
2021,Aurora,2021A00053519046,2 or more persons,Households consisting of only one census family without additional persons,2379.3.3,15385,,13880,,134000,,131000,,113000,,109000,
2021,Aurora,2021A00053519046,2 or more persons,"One couple, with or without children in their census family",2379.3.4,13420,,12040,,143000,,140000,,119000,,117000,
2021,Aurora,2021A00053519046,2 or more persons,Without children,2379.3.5,4725,,4015,,116000,,115000,,98000,,96000,
2021,Aurora,2021A00053519046,2 or more persons,With children,2379.3.6,8695,,8030,,158000,,154000,,132000,,128000,
2021,Aurora,2021A00053519046,2 or more persons,One one-parent census family,2379.3.7,1965,,1835,,86000,,76500,,76000,,68000,
2021,Aurora,2021A00053519046,2 or more persons,With a parent that is a man+,2379.3.8,400,,360,,105000,,94000,,87000,,81000,
2021,Aurora,2021A00053519046,2 or more persons,With a parent that is a woman+,2379.3.9,1565,,1480,,81000,,72500,,73500,,65500,
2021,Aurora,2021A00053519046,2 or more persons,Other census family households,2379.3.10,1960,,1495,,159000,,147000,,139000,,127000,
2021,Aurora,2021A00053519046,2 or more persons,Non-census family households,2379.3.11,490,,395,,89000,,86000,,80000,,74500,
2021,Aurora,2021A00053519046,2 persons,Total – Household type including census family structure,2379.4.1,6230,,5305,,106000,,104000,,91000,,88000,
2021,Aurora,2021A00053519046,2 persons,Census-family households,2379.4.2,5815,,4985,,109000,,106000,,92000,,89000,
2021,Aurora,2021A00053519046,2 persons,Households consisting of only one census family without additional persons,2379.4.3,5815,,4985,,109000,,106000,,92000,,89000,
2021,Aurora,2021A00053519046,2 persons,"One couple, with or without children in their census family",2379.4.4,4725,,4015,,116000,,115000,,98000,,96000,
2021,Aurora,2021A00053519046,2 persons,Without children,2379.4.5,4725,,4015,,116000,,115000,,98000,,96000,
2021,Aurora,2021A00053519046,2 persons,With children,2379.4.6,0,,0,,0,...,0,...,0,...,0,...
2021,Aurora,2021A00053519046,2 persons,One one-parent census family,2379.4.7,1095,,975,,80000,,75500,,70500,,66000,
2021,Aurora,2021A00053519046,2 persons,With a parent that is a man+,2379.4.8,245,,205,,95000,,91000,,81000,,78000,
2021,Aurora,2021A00053519046,2 persons,With a parent that is a woman+,2379.4.9,850,,765,,76500,,69500,,68000,,62000,
2021,Aurora,2021A00053519046,2 persons,Other census family households,2379.4.10,0,,0,,0,...,0,...,0,...,0,...
2021,Aurora,2021A00053519046,2 persons,Non-census family households,2379.4.11,410,,320,,86000,,80000,,76500,,71500,
2021,Aurora,2021A00053519046,3 persons,Total – Household type including census family structure,2379.5.1,4455,,3870,,131000,,125000,,112000,,106000,
2021,Aurora,2021A00053519046,3 persons,Census-family households,2379.5.2,4390,,3815,,132000,,125000,,112000,,106000,
2021,Aurora,2021A00053519046,3 persons,Households consisting of only one census family without additional persons,2379.5.3,4015,,3525,,132000,,127000,,112000,,107000,
2021,Aurora,2021A00053519046,3 persons,"One couple, with or without children in their census family",2379.5.4,3345,,2865,,142000,,138000,,119000,,115000,
2021,Aurora,2021A00053519046,3 persons,Without children,2379.5.5,0,,0,,0,...,0,...,0,...,0,...
2021,Aurora,2021A00053519046,3 persons,With children,2379.5.6,3345,,2865,,142000,,138000,,119000,,115000,
2021,Aurora,2021A00053519046,3 persons,One one-parent census family,2379.5.7,675,,660,,93000,,77500,,83000,,69000,
2021,Aurora,2021A00053519046,3 persons,With a parent that is a man+,2379.5.8,125,,120,,112000,,94000,,96000,,81000,
2021,Aurora,2021A00053519046,3 persons,With a parent that is a woman+,2379.5.9,545,,545,,89000,,74500,,80000,,67500,
2021,Aurora,2021A00053519046,3 persons,Other census family households,2379.5.10,375,,290,,128000,,114000,,111000,,98000,
2021,Aurora,2021A00053519046,3 persons,Non-census family households,2379.5.11,60,,50,,108000,,98000,,97000,,88000,
2021,Aurora,2021A00053519046,4 persons,Total – Household type including census family structure,2379.6.1,4845,,4460,,162000,,158000,,136000,,130000,
2021,Aurora,2021A00053519046,4 persons,Census-family households,2379.6.2,4830,,4440,,164000,,158000,,136000,,130000,
2021,Aurora,2021A00053519046,4 persons,Households consisting of only one census family without additional persons,2379.6.3,4315,,4040,,166000,,160000,,137000,,131000,
2021,Aurora,2021A00053519046,4 persons,"One couple, with or without children in their census family",2379.6.4,4155,,3880,,168000,,162000,,139000,,134000,
2021,Aurora,2021A00053519046,4 persons,Without children,2379.6.5,0,,0,,0,...,0,...,0,...,0,...
2021,Aurora,2021A00053519046,4 persons,With children,2379.6.6,4155,,3880,,168000,,162000,,139000,,134000,
2021,Aurora,2021A00053519046,4 persons,One one-parent census family,2379.6.7,160,,160,,93000,,83000,,87000,,77000,
2021,Aurora,2021A00053519046,4 persons,With a parent that is a man+,2379.6.8,30,,30,,125000,,140000,,103000,,110000,
2021,Aurora,2021A00053519046,4 persons,With a parent that is a woman+,2379.6.9,130,,130,,87000,,76500,,80000,,69000,
2021,Aurora,2021A00053519046,4 persons,Other census family households,2379.6.10,515,,400,,142000,,140000,,125000,,120000,
2021,Aurora,2021A00053519046,4 persons,Non-census family households,2379.6.11,15,,15,,,x,,x,,x,,x
2021,Aurora,2021A00053519046,5 or more persons,Total – Household type including census family structure,2379.7.1,2305,,2140,,178000,,168000,,152000,,142000,
2021,Aurora,2021A00053519046,5 or more persons,Census-family households,2379.7.2,2305,,2130,,178000,,168000,,152000,,142000,
2021,Aurora,2021A00053519046,5 or more persons,Households consisting of only one census family without additional persons,2379.7.3,1235,,1325,,178000,,168000,,150000,,140000,
2021,Aurora,2021A00053519046,5 or more persons,"One couple, with or without children in their census family",2379.7.4,1200,,1285,,180000,,172000,,151000,,143000,
2021,Aurora,2021A00053519046,5 or more persons,Without children,2379.7.5,0,,0,,0,...,0,...,0,...,0,...
2021,Aurora,2021A00053519046,5 or more persons,With children,2379.7.6,1200,,1285,,180000,,172000,,151000,,143000,
2021,Aurora,2021A00053519046,5 or more persons,One one-parent census family,2379.7.7,40,,45,,82000,,73000,,79500,,71000,
2021,Aurora,2021A00053519046,5 or more persons,With a parent that is a man+,2379.7.8,0,,5,,0,...,,x,0,...,,x
2021,Aurora,2021A00053519046,5 or more persons,With a parent that is a woman+,2379.7.9,35,,40,,82000,,75500,,79500,,72000,
2021,Aurora,2021A00053519046,5 or more persons,Other census family households,2379.7.10,1065,,800,,178000,,166000,,156000,,144000,
2021,Aurora,2021A00053519046,5 or more persons,Non-census family households,2379.7.11,5,,10,,,x,,x,,x,,x
2021,Newmarket,2021A00053519048,Total - Households by household size,Total – Household type including census family structure,2380.1.1,30300,,28675,,110000,,103000,,95000,,89000,
2021,Newmarket,2021A00053519048,Total - Households by household size,Census-family households,2380.1.2,23875,,22820,,128000,,121000,,110000,,103000,
2021,Newmarket,2021A00053519048,Total - Households by household size,Households consisting of only one census family without additional persons,2380.1.3,20570,,19915,,123000,,118000,,105000,,100000,
2021,Newmarket,2021A00053519048,Total - Households by household size,"One couple, with or without children in their census family",2380.1.4,17430,,16895,,132000,,128000,,112000,,107000,
2021,Newmarket,2021A00053519048,Total - Households by household size,Without children,2380.1.5,6310,,5955,,103000,,98000,,89000,,85000,
2021,Newmarket,2021A00053519048,Total - Households by household size,With children,2380.1.6,11125,,10940,,150000,,145000,,127000,,121000,
2021,Newmarket,2021A00053519048,Total - Households by household size,One one-parent census family,2380.1.7,3140,,3015,,80000,,70500,,72000,,63200,
2021,Newmarket,2021A00053519048,Total - Households by household size,With a parent that is a man+,2380.1.8,595,,550,,93000,,93000,,79000,,78500,
2021,Newmarket,2021A00053519048,Total - Households by household size,With a parent that is a woman+,2380.1.9,2540,,2465,,78000,,66000,,71000,,60000,
2021,Newmarket,2021A00053519048,Total - Households by household size,Other census family households,2380.1.10,3310,,2905,,155000,,136000,,135000,,120000,
2021,Newmarket,2021A00053519048,Total - Households by household size,Non-census family households,2380.1.11,6425,,5855,,50400,,46800,,44400,,41200,
2021,Newmarket,2021A00053519048,1 person,Total – Household type including census family structure,2380.2.1,5530,,5120,,45200,,42400,,40400,,38000,
2021,Newmarket,2021A00053519048,1 person,Census-family households,2380.2.2,0,,0,,0,...,0,...,0,...,0,...
2021,Newmarket,2021A00053519048,1 person,Households consisting of only one census family without additional persons,2380.2.3,0,,0,,0,...,0,...,0,...,0,...
2021,Newmarket,2021A00053519048,1 person,"One couple, with or without children in their census family",2380.2.4,0,,0,,0,...,0,...,0,...,0,...
2021,Newmarket,2021A00053519048,1 person,Without children,2380.2.5,0,,0,,0,...,0,...,0,...,0,...
2021,Newmarket,2021A00053519048,1 person,With children,2380.2.6,0,,0,,0,...,0,...,0,...,0,...
2021,Newmarket,2021A00053519048,1 person,One one-parent census family,2380.2.7,0,,0,,0,...,0,...,0,...,0,...
2021,Newmarket,2021A00053519048,1 person,With a parent that is a man+,2380.2.8,0,,0,,0,...,0,...,0,...,0,...
2021,Newmarket,2021A00053519048,1 person,With a parent that is a woman+,2380.2.9,0,,0,,0,...,0,...,0,...,0,...
2021,Newmarket,2021A00053519048,1 person,Other census family households,2380.2.10,0,,0,,0,...,0,...,0,...,0,...
2021,Newmarket,2021A00053519048,1 person,Non-census family households,2380.2.11,5530,,5120,,45200,,42400,,40400,,38000,
2021,Newmarket,2021A00053519048,2 or more persons,Total – Household type including census family structure,2380.3.1,24770,,23550,,126000,,119000,,108000,,101000,
2021,Newmarket,2021A00053519048,2 or more persons,Census-family households,2380.3.2,23875,,22820,,128000,,121000,,110000,,103000,
2021,Newmarket,2021A00053519048,2 or more persons,Households consisting of only one census family without additional persons,2380.3.3,20570,,19915,,123000,,118000,,105000,,100000,
2021,Newmarket,2021A00053519048,2 or more persons,"One couple, with or without children in their census family",2380.3.4,17430,,16895,,132000,,128000,,112000,,107000,
2021,Newmarket,2021A00053519048,2 or more persons,Without children,2380.3.5,6310,,5955,,103000,,98000,,89000,,85000,
2021,Newmarket,2021A00053519048,2 or more persons,With children,2380.3.6,11125,,10940,,150000,,145000,,127000,,121000,
2021,Newmarket,2021A00053519048,2 or more persons,One one-parent census family,2380.3.7,3140,,3015,,80000,,70500,,72000,,63200,
2021,Newmarket,2021A00053519048,2 or more persons,With a parent that is a man+,2380.3.8,595,,550,,93000,,93000,,79000,,78500,
2021,Newmarket,2021A00053519048,2 or more persons,With a parent that is a woman+,2380.3.9,2540,,2465,,78000,,66000,,71000,,60000,
2021,Newmarket,2021A00053519048,2 or more persons,Other census family households,2380.3.10,3310,,2905,,155000,,136000,,135000,,120000,
2021,Newmarket,2021A00053519048,2 or more persons,Non-census family households,2380.3.11,895,,735,,89000,,79000,,79000,,70000,
2021,Newmarket,2021A00053519048,2 persons,Total – Household type including census family structure,2380.4.1,8790,,8140,,95000,,90000,,82000,,78000,
2021,Newmarket,2021A00053519048,2 persons,Census-family households,2380.4.2,8085,,7565,,96000,,91000,,83000,,79000,
2021,Newmarket,2021A00053519048,2 persons,Households consisting of only one census family without additional persons,2380.4.3,8085,,7565,,96000,,91000,,83000,,79000,
2021,Newmarket,2021A00053519048,2 persons,"One couple, with or without children in their census family",2380.4.4,6310,,5955,,103000,,98000,,89000,,85000,
2021,Newmarket,2021A00053519048,2 persons,Without children,2380.4.5,6310,,5955,,103000,,98000,,89000,,85000,
2021,Newmarket,2021A00053519048,2 persons,With children,2380.4.6,0,,0,,0,...,0,...,0,...,0,...
2021,Newmarket,2021A00053519048,2 persons,One one-parent census family,2380.4.7,1775,,1605,,72500,,67500,,65000,,59600,
2021,Newmarket,2021A00053519048,2 persons,With a parent that is a man+,2380.4.8,360,,335,,86000,,88000,,73000,,76000,
2021,Newmarket,2021A00053519048,2 persons,With a parent that is a woman+,2380.4.9,1415,,1265,,70000,,62400,,64000,,56400,
2021,Newmarket,2021A00053519048,2 persons,Other census family households,2380.4.10,0,,0,,0,...,0,...,0,...,0,...
2021,Newmarket,2021A00053519048,2 persons,Non-census family households,2380.4.11,705,,580,,81000,,72500,,72000,,64000,
2021,Newmarket,2021A00053519048,3 persons,Total – Household type including census family structure,2380.5.1,5955,,5570,,125000,,117000,,108000,,100000,
2021,Newmarket,2021A00053519048,3 persons,Census-family households,2380.5.2,5825,,5465,,125000,,118000,,108000,,101000,
2021,Newmarket,2021A00053519048,3 persons,Households consisting of only one census family without additional persons,2380.5.3,5180,,4900,,126000,,120000,,108000,,102000,
2021,Newmarket,2021A00053519048,3 persons,"One couple, with or without children in their census family",2380.5.4,4180,,3820,,136000,,133000,,116000,,112000,
2021,Newmarket,2021A00053519048,3 persons,Without children,2380.5.5,0,,0,,0,...,0,...,0,...,0,...
2021,Newmarket,2021A00053519048,3 persons,With children,2380.5.6,4180,,3820,,136000,,133000,,116000,,112000,
2021,Newmarket,2021A00053519048,3 persons,One one-parent census family,2380.5.7,1000,,1075,,88000,,75000,,80000,,68000,
2021,Newmarket,2021A00053519048,3 persons,With a parent that is a man+,2380.5.8,180,,180,,96000,,95000,,85000,,79500,
2021,Newmarket,2021A00053519048,3 persons,With a parent that is a woman+,2380.5.9,820,,895,,86000,,72000,,79000,,65000,
2021,Newmarket,2021A00053519048,3 persons,Other census family households,2380.5.10,645,,565,,119000,,107000,,106000,,94000,
2021,Newmarket,2021A00053519048,3 persons,Non-census family households,2380.5.11,135,,100,,117000,,96000,,105000,,85000,
2021,Newmarket,2021A00053519048,4 persons,Total – Household type including census family structure,2380.6.1,6440,,6340,,154000,,148000,,131000,,123000,
2021,Newmarket,2021A00053519048,4 persons,Census-family households,2380.6.2,6400,,6305,,154000,,148000,,131000,,124000,
2021,Newmarket,2021A00053519048,4 persons,Households consisting of only one census family without additional persons,2380.6.3,5535,,5605,,157000,,151000,,132000,,125000,
2021,Newmarket,2021A00053519048,4 persons,"One couple, with or without children in their census family",2380.6.4,5255,,5335,,160000,,154000,,134000,,128000,
2021,Newmarket,2021A00053519048,4 persons,Without children,2380.6.5,0,,0,,0,...,0,...,0,...,0,...
2021,Newmarket,2021A00053519048,4 persons,With children,2380.6.6,5255,,5335,,160000,,154000,,134000,,128000,
2021,Newmarket,2021A00053519048,4 persons,One one-parent census family,2380.6.7,280,,270,,94000,,75500,,88000,,71000,
2021,Newmarket,2021A00053519048,4 persons,With a parent that is a man+,2380.6.8,40,,35,,120000,,107000,,109000,,95000,
2021,Newmarket,2021A00053519048,4 persons,With a parent that is a woman+,2380.6.9,240,,235,,92000,,71500,,83000,,66500,
2021,Newmarket,2021A00053519048,4 persons,Other census family households,2380.6.10,860,,695,,141000,,127000,,125000,,112000,
2021,Newmarket,2021A00053519048,4 persons,Non-census family households,2380.6.11,40,,35,,131000,,128000,,115000,,115000,
2021,Newmarket,2021A00053519048,5 or more persons,Total – Household type including census family structure,2380.7.1,3580,,3500,,166000,,150000,,145000,,130000,
2021,Newmarket,2021A00053519048,5 or more persons,Census-family households,2380.7.2,3575,,3485,,166000,,150000,,145000,,130000,
2021,Newmarket,2021A00053519048,5 or more persons,Households consisting of only one census family without additional persons,2380.7.3,1765,,1845,,153000,,145000,,133000,,123000,
2021,Newmarket,2021A00053519048,5 or more persons,"One couple, with or without children in their census family",2380.7.4,1685,,1780,,156000,,148000,,136000,,126000,
2021,Newmarket,2021A00053519048,5 or more persons,Without children,2380.7.5,0,,0,,0,...,0,...,0,...,0,...
2021,Newmarket,2021A00053519048,5 or more persons,With children,2380.7.6,1685,,1780,,156000,,148000,,136000,,126000,
2021,Newmarket,2021A00053519048,5 or more persons,One one-parent census family,2380.7.7,80,,65,,92000,,61600,,87000,,61200,
2021,Newmarket,2021A00053519048,5 or more persons,With a parent that is a man+,2380.7.8,15,,5,,,x,,x,,x,,x
2021,Newmarket,2021A00053519048,5 or more persons,With a parent that is a woman+,2380.7.9,70,,60,,87000,,60400,,84000,,59200,
2021,Newmarket,2021A00053519048,5 or more persons,Other census family households,2380.7.10,1800,,1640,,174000,,154000,,154000,,135000,
2021,Newmarket,2021A00053519048,5 or more persons,Non-census family households,2380.7.11,10,,20,,,x,,x,,x,,x
2021,King,2021A00053519049,Total - Households by household size,Total – Household type including census family structure,2381.1.1,8965,,8140,,141000,,128000,,117000,,108000,
2021,King,2021A00053519049,Total - Households by household size,Census-family households,2381.1.2,7380,,6775,,162000,,146000,,133000,,121000,
2021,King,2021A00053519049,Total - Households by household size,Households consisting of only one census family without additional persons,2381.1.3,6490,,6070,,156000,,142000,,128000,,118000,
2021,King,2021A00053519049,Total - Households by household size,"One couple, with or without children in their census family",2381.1.4,5920,,5555,,164000,,149000,,133000,,123000,
2021,King,2021A00053519049,Total - Households by household size,Without children,2381.1.5,2105,,2070,,122000,,114000,,102000,,96000,
2021,King,2021A00053519049,Total - Households by household size,With children,2381.1.6,3810,,3490,,184000,,168000,,150000,,139000,
2021,King,2021A00053519049,Total - Households by household size,One one-parent census family,2381.1.7,575,,510,,97000,,84000,,83000,,71500,
2021,King,2021A00053519049,Total - Households by household size,With a parent that is a man+,2381.1.8,145,,135,,111000,,95000,,92000,,78000,
2021,King,2021A00053519049,Total - Households by household size,With a parent that is a woman+,2381.1.9,430,,370,,95000,,80000,,82000,,69000,
2021,King,2021A00053519049,Total - Households by household size,Other census family households,2381.1.10,890,,710,,196000,,186000,,168000,,157000,
2021,King,2021A00053519049,Total - Households by household size,Non-census family households,2381.1.11,1585,,1365,,57200,,51600,,48400,,44400,
2021,King,2021A00053519049,1 person,Total – Household type including census family structure,2381.2.1,1420,,1230,,51600,,49200,,44800,,42400,
2021,King,2021A00053519049,1 person,Census-family households,2381.2.2,0,,0,,0,...,0,...,0,...,0,...
2021,King,2021A00053519049,1 person,Households consisting of only one census family without additional persons,2381.2.3,0,,0,,0,...,0,...,0,...,0,...
2021,King,2021A00053519049,1 person,"One couple, with or without children in their census family",2381.2.4,0,,0,,0,...,0,...,0,...,0,...
2021,King,2021A00053519049,1 person,Without children,2381.2.5,0,,0,,0,...,0,...,0,...,0,...
2021,King,2021A00053519049,1 person,With children,2381.2.6,0,,0,,0,...,0,...,0,...,0,...
2021,King,2021A00053519049,1 person,One one-parent census family,2381.2.7,0,,0,,0,...,0,...,0,...,0,...
2021,King,2021A00053519049,1 person,With a parent that is a man+,2381.2.8,0,,0,,0,...,0,...,0,...,0,...
2021,King,2021A00053519049,1 person,With a parent that is a woman+,2381.2.9,0,,0,,0,...,0,...,0,...,0,...
2021,King,2021A00053519049,1 person,Other census family households,2381.2.10,0,,0,,0,...,0,...,0,...,0,...
2021,King,2021A00053519049,1 person,Non-census family households,2381.2.11,1420,,1230,,51600,,49200,,44800,,42400,
2021,King,2021A00053519049,2 or more persons,Total – Household type including census family structure,2381.3.1,7550,,6915,,160000,,144000,,132000,,120000,
2021,King,2021A00053519049,2 or more persons,Census-family households,2381.3.2,7380,,6775,,162000,,146000,,133000,,121000,
2021,King,2021A00053519049,2 or more persons,Households consisting of only one census family without additional persons,2381.3.3,6490,,6070,,156000,,142000,,128000,,118000,
2021,King,2021A00053519049,2 or more persons,"One couple, with or without children in their census family",2381.3.4,5920,,5555,,164000,,149000,,133000,,123000,
2021,King,2021A00053519049,2 or more persons,Without children,2381.3.5,2105,,2070,,122000,,114000,,102000,,96000,
2021,King,2021A00053519049,2 or more persons,With children,2381.3.6,3810,,3490,,184000,,168000,,150000,,139000,
2021,King,2021A00053519049,2 or more persons,One one-parent census family,2381.3.7,575,,510,,97000,,84000,,83000,,71500,
2021,King,2021A00053519049,2 or more persons,With a parent that is a man+,2381.3.8,145,,135,,111000,,95000,,92000,,78000,
2021,King,2021A00053519049,2 or more persons,With a parent that is a woman+,2381.3.9,430,,370,,95000,,80000,,82000,,69000,
2021,King,2021A00053519049,2 or more persons,Other census family households,2381.3.10,890,,710,,196000,,186000,,168000,,157000,
2021,King,2021A00053519049,2 or more persons,Non-census family households,2381.3.11,170,,140,,104000,,81000,,93000,,71000,
2021,King,2021A00053519049,2 persons,Total – Household type including census family structure,2381.4.1,2540,,2460,,117000,,106000,,99000,,90000,
2021,King,2021A00053519049,2 persons,Census-family households,2381.4.2,2415,,2360,,118000,,109000,,99000,,92000,
2021,King,2021A00053519049,2 persons,Households consisting of only one census family without additional persons,2381.4.3,2415,,2360,,118000,,109000,,99000,,92000,
2021,King,2021A00053519049,2 persons,"One couple, with or without children in their census family",2381.4.4,2105,,2070,,122000,,114000,,102000,,96000,
2021,King,2021A00053519049,2 persons,Without children,2381.4.5,2105,,2070,,122000,,114000,,102000,,96000,
2021,King,2021A00053519049,2 persons,With children,2381.4.6,0,,0,,0,...,0,...,0,...,0,...
2021,King,2021A00053519049,2 persons,One one-parent census family,2381.4.7,305,,285,,89000,,84000,,78000,,69500,
2021,King,2021A00053519049,2 persons,With a parent that is a man+,2381.4.8,85,,85,,98000,,87000,,83000,,71500,
2021,King,2021A00053519049,2 persons,With a parent that is a woman+,2381.4.9,225,,205,,88000,,82000,,77500,,68500,
2021,King,2021A00053519049,2 persons,Other census family households,2381.4.10,0,,0,,0,...,0,...,0,...,0,...
2021,King,2021A00053519049,2 persons,Non-census family households,2381.4.11,130,,100,,104000,,77000,,90000,,67500,
2021,King,2021A00053519049,3 persons,Total – Household type including census family structure,2381.5.1,1505,,1395,,155000,,142000,,128000,,119000,
2021,King,2021A00053519049,3 persons,Census-family households,2381.5.2,1485,,1375,,156000,,143000,,129000,,119000,
2021,King,2021A00053519049,3 persons,Households consisting of only one census family without additional persons,2381.5.3,1330,,1250,,156000,,145000,,129000,,120000,
2021,King,2021A00053519049,3 persons,"One couple, with or without children in their census family",2381.5.4,1155,,1085,,164000,,155000,,135000,,127000,
2021,King,2021A00053519049,3 persons,Without children,2381.5.5,0,,0,,0,...,0,...,0,...,0,...
2021,King,2021A00053519049,3 persons,With children,2381.5.6,1155,,1085,,164000,,155000,,135000,,127000,
2021,King,2021A00053519049,3 persons,One one-parent census family,2381.5.7,180,,160,,107000,,87000,,92000,,75500,
2021,King,2021A00053519049,3 persons,With a parent that is a man+,2381.5.8,45,,40,,120000,,96000,,103000,,79000,
2021,King,2021A00053519049,3 persons,With a parent that is a woman+,2381.5.9,130,,120,,103000,,82000,,90000,,71000,
2021,King,2021A00053519049,3 persons,Other census family households,2381.5.10,155,,125,,146000,,133000,,128000,,116000,
2021,King,2021A00053519049,3 persons,Non-census family households,2381.5.11,25,,20,,101000,,122000,,93000,,107000,
2021,King,2021A00053519049,4 persons,Total – Household type including census family structure,2381.6.1,2090,,1860,,190000,,170000,,153000,,140000,
2021,King,2021A00053519049,4 persons,Census-family households,2381.6.2,2080,,1850,,190000,,170000,,154000,,140000,
2021,King,2021A00053519049,4 persons,Households consisting of only one census family without additional persons,2381.6.3,1885,,1700,,192000,,170000,,154000,,140000,
2021,King,2021A00053519049,4 persons,"One couple, with or without children in their census family",2381.6.4,1815,,1640,,192000,,174000,,156000,,142000,
2021,King,2021A00053519049,4 persons,Without children,2381.6.5,0,,0,,0,...,0,...,0,...,0,...
2021,King,2021A00053519049,4 persons,With children,2381.6.6,1815,,1640,,192000,,174000,,156000,,142000,
2021,King,2021A00053519049,4 persons,One one-parent census family,2381.6.7,65,,55,,102000,,81000,,91000,,77500,
2021,King,2021A00053519049,4 persons,With a parent that is a man+,2381.6.8,15,,10,,,x,,x,,x,,x
2021,King,2021A00053519049,4 persons,With a parent that is a woman+,2381.6.9,55,,45,,97000,,70500,,84000,,68000,
2021,King,2021A00053519049,4 persons,Other census family households,2381.6.10,200,,155,,182000,,166000,,153000,,143000,
2021,King,2021A00053519049,4 persons,Non-census family households,2381.6.11,5,,10,,,x,,x,,x,,x
2021,King,2021A00053519049,5 or more persons,Total – Household type including census family structure,2381.7.1,1410,,1200,,202000,,192000,,170000,,158000,
2021,King,2021A00053519049,5 or more persons,Census-family households,2381.7.2,1405,,1200,,202000,,192000,,170000,,158000,
2021,King,2021A00053519049,5 or more persons,Households consisting of only one census family without additional persons,2381.7.3,860,,765,,194000,,182000,,160000,,148000,
2021,King,2021A00053519049,5 or more persons,"One couple, with or without children in their census family",2381.7.4,840,,755,,196000,,182000,,160000,,148000,
2021,King,2021A00053519049,5 or more persons,Without children,2381.7.5,0,,0,,0,...,0,...,0,...,0,...
2021,King,2021A00053519049,5 or more persons,With children,2381.7.6,840,,755,,196000,,182000,,160000,,148000,
2021,King,2021A00053519049,5 or more persons,One one-parent census family,2381.7.7,25,,10,,130000,,,x,127000,,,x
2021,King,2021A00053519049,5 or more persons,With a parent that is a man+,2381.7.8,5,,5,,,x,,x,,x,,x
2021,King,2021A00053519049,5 or more persons,With a parent that is a woman+,2381.7.9,15,,0,,,x,0,...,,x,0,...
2021,King,2021A00053519049,5 or more persons,Other census family households,2381.7.10,540,,430,,218000,,204000,,182000,,174000,
2021,King,2021A00053519049,5 or more persons,Non-census family households,2381.7.11,5,,0,,,x,0,...,,x,0,...
2021,East Gwillimbury,2021A00053519054,Total - Households by household size,Total – Household type including census family structure,2382.1.1,11450,,8080,,119000,,113000,,102000,,96000,
2021,East Gwillimbury,2021A00053519054,Total - Households by household size,Census-family households,2382.1.2,9585,,6805,,132000,,126000,,112000,,107000,
2021,East Gwillimbury,2021A00053519054,Total - Households by household size,Households consisting of only one census family without additional persons,2382.1.3,8315,,6060,,128000,,123000,,108000,,104000,
2021,East Gwillimbury,2021A00053519054,Total - Households by household size,"One couple, with or without children in their census family",2382.1.4,7445,,5480,,133000,,128000,,112000,,107000,
2021,East Gwillimbury,2021A00053519054,Total - Households by household size,Without children,2382.1.5,2780,,2240,,108000,,104000,,92000,,88000,
2021,East Gwillimbury,2021A00053519054,Total - Households by household size,With children,2382.1.6,4660,,3240,,148000,,147000,,124000,,123000,
2021,East Gwillimbury,2021A00053519054,Total - Households by household size,One one-parent census family,2382.1.7,870,,580,,88000,,75000,,77500,,65000,
2021,East Gwillimbury,2021A00053519054,Total - Households by household size,With a parent that is a man+,2382.1.8,210,,155,,93000,,83000,,78500,,72000,
2021,East Gwillimbury,2021A00053519054,Total - Households by household size,With a parent that is a woman+,2382.1.9,660,,425,,86000,,70500,,77000,,63200,
2021,East Gwillimbury,2021A00053519054,Total - Households by household size,Other census family households,2382.1.10,1270,,745,,159000,,151000,,138000,,133000,
2021,East Gwillimbury,2021A00053519054,Total - Households by household size,Non-census family households,2382.1.11,1865,,1275,,58800,,50800,,50800,,44400,
2021,East Gwillimbury,2021A00053519054,1 person,Total – Household type including census family structure,2382.2.1,1595,,1120,,52400,,47600,,45600,,41600,
2021,East Gwillimbury,2021A00053519054,1 person,Census-family households,2382.2.2,0,,0,,0,...,0,...,0,...,0,...
2021,East Gwillimbury,2021A00053519054,1 person,Households consisting of only one census family without additional persons,2382.2.3,0,,0,,0,...,0,...,0,...,0,...
2021,East Gwillimbury,2021A00053519054,1 person,"One couple, with or without children in their census family",2382.2.4,0,,0,,0,...,0,...,0,...,0,...
2021,East Gwillimbury,2021A00053519054,1 person,Without children,2382.2.5,0,,0,,0,...,0,...,0,...,0,...
2021,East Gwillimbury,2021A00053519054,1 person,With children,2382.2.6,0,,0,,0,...,0,...,0,...,0,...
2021,East Gwillimbury,2021A00053519054,1 person,One one-parent census family,2382.2.7,0,,0,,0,...,0,...,0,...,0,...
2021,East Gwillimbury,2021A00053519054,1 person,With a parent that is a man+,2382.2.8,0,,0,,0,...,0,...,0,...,0,...
2021,East Gwillimbury,2021A00053519054,1 person,With a parent that is a woman+,2382.2.9,0,,0,,0,...,0,...,0,...,0,...
2021,East Gwillimbury,2021A00053519054,1 person,Other census family households,2382.2.10,0,,0,,0,...,0,...,0,...,0,...
2021,East Gwillimbury,2021A00053519054,1 person,Non-census family households,2382.2.11,1595,,1120,,52400,,47600,,45600,,41600,
2021,East Gwillimbury,2021A00053519054,2 or more persons,Total – Household type including census family structure,2382.3.1,9855,,6960,,131000,,125000,,111000,,106000,
2021,East Gwillimbury,2021A00053519054,2 or more persons,Census-family households,2382.3.2,9585,,6805,,132000,,126000,,112000,,107000,
2021,East Gwillimbury,2021A00053519054,2 or more persons,Households consisting of only one census family without additional persons,2382.3.3,8315,,6060,,128000,,123000,,108000,,104000,
2021,East Gwillimbury,2021A00053519054,2 or more persons,"One couple, with or without children in their census family",2382.3.4,7445,,5480,,133000,,128000,,112000,,107000,
2021,East Gwillimbury,2021A00053519054,2 or more persons,Without children,2382.3.5,2780,,2240,,108000,,104000,,92000,,88000,
2021,East Gwillimbury,2021A00053519054,2 or more persons,With children,2382.3.6,4660,,3240,,148000,,147000,,124000,,123000,
2021,East Gwillimbury,2021A00053519054,2 or more persons,One one-parent census family,2382.3.7,870,,580,,88000,,75000,,77500,,65000,
2021,East Gwillimbury,2021A00053519054,2 or more persons,With a parent that is a man+,2382.3.8,210,,155,,93000,,83000,,78500,,72000,
2021,East Gwillimbury,2021A00053519054,2 or more persons,With a parent that is a woman+,2382.3.9,660,,425,,86000,,70500,,77000,,63200,
2021,East Gwillimbury,2021A00053519054,2 or more persons,Other census family households,2382.3.10,1270,,745,,159000,,151000,,138000,,133000,
2021,East Gwillimbury,2021A00053519054,2 or more persons,Non-census family households,2382.3.11,275,,155,,100000,,90000,,87000,,78500,
2021,East Gwillimbury,2021A00053519054,2 persons,Total – Household type including census family structure,2382.4.1,3500,,2715,,102000,,99000,,88000,,85000,
2021,East Gwillimbury,2021A00053519054,2 persons,Census-family households,2382.4.2,3275,,2595,,103000,,100000,,88000,,85000,
2021,East Gwillimbury,2021A00053519054,2 persons,Households consisting of only one census family without additional persons,2382.4.3,3275,,2595,,103000,,100000,,88000,,85000,
2021,East Gwillimbury,2021A00053519054,2 persons,"One couple, with or without children in their census family",2382.4.4,2780,,2240,,108000,,104000,,92000,,88000,
2021,East Gwillimbury,2021A00053519054,2 persons,Without children,2382.4.5,2780,,2240,,108000,,104000,,92000,,88000,
2021,East Gwillimbury,2021A00053519054,2 persons,With children,2382.4.6,0,,0,,0,...,0,...,0,...,0,...
2021,East Gwillimbury,2021A00053519054,2 persons,One one-parent census family,2382.4.7,500,,350,,83000,,74000,,73000,,63600,
2021,East Gwillimbury,2021A00053519054,2 persons,With a parent that is a man+,2382.4.8,125,,100,,82000,,78000,,73000,,66500,
2021,East Gwillimbury,2021A00053519054,2 persons,With a parent that is a woman+,2382.4.9,370,,255,,84000,,72000,,73000,,63200,
2021,East Gwillimbury,2021A00053519054,2 persons,Other census family households,2382.4.10,0,,0,,0,...,0,...,0,...,0,...
2021,East Gwillimbury,2021A00053519054,2 persons,Non-census family households,2382.4.11,225,,125,,98000,,79000,,82000,,68500,
2021,East Gwillimbury,2021A00053519054,3 persons,Total – Household type including census family structure,2382.5.1,2265,,1505,,128000,,130000,,109000,,110000,
2021,East Gwillimbury,2021A00053519054,3 persons,Census-family households,2382.5.2,2230,,1495,,128000,,130000,,109000,,110000,
2021,East Gwillimbury,2021A00053519054,3 persons,Households consisting of only one census family without additional persons,2382.5.3,1975,,1335,,129000,,131000,,109000,,111000,
2021,East Gwillimbury,2021A00053519054,3 persons,"One couple, with or without children in their census family",2382.5.4,1705,,1165,,136000,,139000,,114000,,117000,
2021,East Gwillimbury,2021A00053519054,3 persons,Without children,2382.5.5,0,,0,,0,...,0,...,0,...,0,...
2021,East Gwillimbury,2021A00053519054,3 persons,With children,2382.5.6,1705,,1165,,136000,,139000,,114000,,117000,
2021,East Gwillimbury,2021A00053519054,3 persons,One one-parent census family,2382.5.7,265,,175,,97000,,72000,,84000,,64500,
2021,East Gwillimbury,2021A00053519054,3 persons,With a parent that is a man+,2382.5.8,55,,40,,107000,,83000,,89000,,74500,
2021,East Gwillimbury,2021A00053519054,3 persons,With a parent that is a woman+,2382.5.9,210,,130,,92000,,69000,,84000,,62400,
2021,East Gwillimbury,2021A00053519054,3 persons,Other census family households,2382.5.10,255,,155,,123000,,112000,,108000,,98000,
2021,East Gwillimbury,2021A00053519054,3 persons,Non-census family households,2382.5.11,40,,15,,133000,,,x,114000,,,x
2021,East Gwillimbury,2021A00053519054,4 persons,Total – Household type including census family structure,2382.6.1,2535,,1765,,153000,,147000,,129000,,124000,
2021,East Gwillimbury,2021A00053519054,4 persons,Census-family households,2382.6.2,2530,,1755,,153000,,147000,,129000,,124000,
2021,East Gwillimbury,2021A00053519054,4 persons,Households consisting of only one census family without additional persons,2382.6.3,2205,,1550,,153000,,148000,,128000,,124000,
2021,East Gwillimbury,2021A00053519054,4 persons,"One couple, with or without children in their census family",2382.6.4,2120,,1505,,155000,,150000,,130000,,126000,
2021,East Gwillimbury,2021A00053519054,4 persons,Without children,2382.6.5,0,,0,,0,...,0,...,0,...,0,...
2021,East Gwillimbury,2021A00053519054,4 persons,With children,2382.6.6,2120,,1505,,155000,,150000,,130000,,126000,
2021,East Gwillimbury,2021A00053519054,4 persons,One one-parent census family,2382.6.7,85,,50,,86000,,102000,,79500,,83000,
2021,East Gwillimbury,2021A00053519054,4 persons,With a parent that is a man+,2382.6.8,20,,15,,,x,,x,,x,,x
2021,East Gwillimbury,2021A00053519054,4 persons,With a parent that is a woman+,2382.6.9,65,,30,,78000,,96000,,77000,,83000,
2021,East Gwillimbury,2021A00053519054,4 persons,Other census family households,2382.6.10,320,,205,,152000,,141000,,131000,,121000,
2021,East Gwillimbury,2021A00053519054,4 persons,Non-census family households,2382.6.11,5,,15,,,x,,x,,x,,x
2021,East Gwillimbury,2021A00053519054,5 or more persons,Total – Household type including census family structure,2382.7.1,1550,,970,,164000,,164000,,142000,,139000,
2021,East Gwillimbury,2021A00053519054,5 or more persons,Census-family households,2382.7.2,1550,,965,,164000,,164000,,142000,,138000,
2021,East Gwillimbury,2021A00053519054,5 or more persons,Households consisting of only one census family without additional persons,2382.7.3,855,,580,,155000,,159000,,132000,,131000,
2021,East Gwillimbury,2021A00053519054,5 or more persons,"One couple, with or without children in their census family",2382.7.4,840,,575,,157000,,160000,,132000,,131000,
2021,East Gwillimbury,2021A00053519054,5 or more persons,Without children,2382.7.5,0,,0,,0,...,0,...,0,...,0,...
2021,East Gwillimbury,2021A00053519054,5 or more persons,With children,2382.7.6,840,,575,,157000,,160000,,132000,,131000,
2021,East Gwillimbury,2021A00053519054,5 or more persons,One one-parent census family,2382.7.7,20,,10,,96000,,,x,94000,,,x
2021,East Gwillimbury,2021A00053519054,5 or more persons,With a parent that is a man+,2382.7.8,5,,0,,,x,0,...,,x,0,...
2021,East Gwillimbury,2021A00053519054,5 or more persons,With a parent that is a woman+,2382.7.9,15,,5,,,x,,x,,x,,x
2021,East Gwillimbury,2021A00053519054,5 or more persons,Other census family households,2382.7.10,695,,385,,182000,,172000,,158000,,150000,
2021,East Gwillimbury,2021A00053519054,5 or more persons,Non-census family households,2382.7.11,5,,5,,,x,,x,,x,,x
2021,Georgina,2021A00053519070,Total - Households by household size,Total – Household type including census family structure,2383.1.1,17895,,16820,,98000,,88000,,85000,,76500,
2021,Georgina,2021A00053519070,Total - Households by household size,Census-family households,2383.1.2,13355,,12795,,115000,,104000,,100000,,89000,
2021,Georgina,2021A00053519070,Total - Households by household size,Households consisting of only one census family without additional persons,2383.1.3,11475,,11110,,110000,,100000,,95000,,86000,
2021,Georgina,2021A00053519070,Total - Households by household size,"One couple, with or without children in their census family",2383.1.4,9755,,9460,,117000,,107000,,100000,,91000,
2021,Georgina,2021A00053519070,Total - Households by household size,Without children,2383.1.5,4490,,4330,,95000,,91000,,83000,,78000,
2021,Georgina,2021A00053519070,Total - Households by household size,With children,2383.1.6,5265,,5135,,135000,,121000,,115000,,103000,
2021,Georgina,2021A00053519070,Total - Households by household size,One one-parent census family,2383.1.7,1720,,1655,,73500,,60800,,67500,,55200,
2021,Georgina,2021A00053519070,Total - Households by household size,With a parent that is a man+,2383.1.8,420,,430,,85000,,73000,,73000,,64000,
2021,Georgina,2021A00053519070,Total - Households by household size,With a parent that is a woman+,2383.1.9,1300,,1220,,71000,,56000,,65500,,52800,
2021,Georgina,2021A00053519070,Total - Households by household size,Other census family households,2383.1.10,1880,,1685,,147000,,130000,,130000,,114000,
2021,Georgina,2021A00053519070,Total - Households by household size,Non-census family households,2383.1.11,4540,,4025,,47600,,43200,,42800,,38400,
2021,Georgina,2021A00053519070,1 person,Total – Household type including census family structure,2383.2.1,3915,,3520,,42400,,40000,,38400,,36000,
2021,Georgina,2021A00053519070,1 person,Census-family households,2383.2.2,0,,0,,0,...,0,...,0,...,0,...
2021,Georgina,2021A00053519070,1 person,Households consisting of only one census family without additional persons,2383.2.3,0,,0,,0,...,0,...,0,...,0,...
2021,Georgina,2021A00053519070,1 person,"One couple, with or without children in their census family",2383.2.4,0,,0,,0,...,0,...,0,...,0,...
2021,Georgina,2021A00053519070,1 person,Without children,2383.2.5,0,,0,,0,...,0,...,0,...,0,...
2021,Georgina,2021A00053519070,1 person,With children,2383.2.6,0,,0,,0,...,0,...,0,...,0,...
2021,Georgina,2021A00053519070,1 person,One one-parent census family,2383.2.7,0,,0,,0,...,0,...,0,...,0,...
2021,Georgina,2021A00053519070,1 person,With a parent that is a man+,2383.2.8,0,,0,,0,...,0,...,0,...,0,...
2021,Georgina,2021A00053519070,1 person,With a parent that is a woman+,2383.2.9,0,,0,,0,...,0,...,0,...,0,...
2021,Georgina,2021A00053519070,1 person,Other census family households,2383.2.10,0,,0,,0,...,0,...,0,...,0,...
2021,Georgina,2021A00053519070,1 person,Non-census family households,2383.2.11,3915,,3520,,42400,,40000,,38400,,36000,
2021,Georgina,2021A00053519070,2 or more persons,Total – Household type including census family structure,2383.3.1,13980,,13300,,114000,,103000,,99000,,88000,
2021,Georgina,2021A00053519070,2 or more persons,Census-family households,2383.3.2,13355,,12795,,115000,,104000,,100000,,89000,
2021,Georgina,2021A00053519070,2 or more persons,Households consisting of only one census family without additional persons,2383.3.3,11475,,11110,,110000,,100000,,95000,,86000,
2021,Georgina,2021A00053519070,2 or more persons,"One couple, with or without children in their census family",2383.3.4,9755,,9460,,117000,,107000,,100000,,91000,
2021,Georgina,2021A00053519070,2 or more persons,Without children,2383.3.5,4490,,4330,,95000,,91000,,83000,,78000,
2021,Georgina,2021A00053519070,2 or more persons,With children,2383.3.6,5265,,5135,,135000,,121000,,115000,,103000,
2021,Georgina,2021A00053519070,2 or more persons,One one-parent census family,2383.3.7,1720,,1655,,73500,,60800,,67500,,55200,
2021,Georgina,2021A00053519070,2 or more persons,With a parent that is a man+,2383.3.8,420,,430,,85000,,73000,,73000,,64000,
2021,Georgina,2021A00053519070,2 or more persons,With a parent that is a woman+,2383.3.9,1300,,1220,,71000,,56000,,65500,,52800,
2021,Georgina,2021A00053519070,2 or more persons,Other census family households,2383.3.10,1880,,1685,,147000,,130000,,130000,,114000,
2021,Georgina,2021A00053519070,2 or more persons,Non-census family households,2383.3.11,625,,505,,91000,,78000,,80000,,69500,
2021,Georgina,2021A00053519070,2 persons,Total – Household type including census family structure,2383.4.1,6010,,5680,,90000,,84000,,78500,,72500,
2021,Georgina,2021A00053519070,2 persons,Census-family households,2383.4.2,5500,,5265,,90000,,84000,,79000,,73000,
2021,Georgina,2021A00053519070,2 persons,Households consisting of only one census family without additional persons,2383.4.3,5500,,5265,,90000,,84000,,79000,,73000,
2021,Georgina,2021A00053519070,2 persons,"One couple, with or without children in their census family",2383.4.4,4490,,4330,,95000,,91000,,83000,,78000,
2021,Georgina,2021A00053519070,2 persons,Without children,2383.4.5,4490,,4330,,95000,,91000,,83000,,78000,
2021,Georgina,2021A00053519070,2 persons,With children,2383.4.6,0,,0,,0,...,0,...,0,...,0,...
2021,Georgina,2021A00053519070,2 persons,One one-parent census family,2383.4.7,1015,,940,,69500,,58400,,62800,,53200,
2021,Georgina,2021A00053519070,2 persons,With a parent that is a man+,2383.4.8,280,,265,,79000,,67000,,69500,,59200,
2021,Georgina,2021A00053519070,2 persons,With a parent that is a woman+,2383.4.9,735,,675,,67500,,53600,,62000,,49600,
2021,Georgina,2021A00053519070,2 persons,Other census family households,2383.4.10,0,,0,,0,...,0,...,0,...,0,...
2021,Georgina,2021A00053519070,2 persons,Non-census family households,2383.4.11,505,,410,,85000,,77500,,74500,,67500,
2021,Georgina,2021A00053519070,3 persons,Total – Household type including census family structure,2383.5.1,3290,,3055,,118000,,105000,,102000,,91000,
2021,Georgina,2021A00053519070,3 persons,Census-family households,2383.5.2,3205,,3000,,118000,,105000,,102000,,91000,
2021,Georgina,2021A00053519070,3 persons,Households consisting of only one census family without additional persons,2383.5.3,2720,,2575,,118000,,105000,,102000,,91000,
2021,Georgina,2021A00053519070,3 persons,"One couple, with or without children in their census family",2383.5.4,2215,,2045,,126000,,115000,,107000,,98000,
2021,Georgina,2021A00053519070,3 persons,Without children,2383.5.5,0,,0,,0,...,0,...,0,...,0,...
2021,Georgina,2021A00053519070,3 persons,With children,2383.5.6,2215,,2045,,126000,,115000,,107000,,98000,
2021,Georgina,2021A00053519070,3 persons,One one-parent census family,2383.5.7,505,,535,,81000,,67000,,75000,,60800,
2021,Georgina,2021A00053519070,3 persons,With a parent that is a man+,2383.5.8,105,,130,,109000,,83000,,95000,,72500,
2021,Georgina,2021A00053519070,3 persons,With a parent that is a woman+,2383.5.9,400,,400,,76500,,61600,,72500,,56000,
2021,Georgina,2021A00053519070,3 persons,Other census family households,2383.5.10,490,,420,,114000,,105000,,101000,,94000,
2021,Georgina,2021A00053519070,3 persons,Non-census family households,2383.5.11,80,,55,,113000,,78000,,100000,,71500,
2021,Georgina,2021A00053519070,4 persons,Total – Household type including census family structure,2383.6.1,3020,,2945,,139000,,123000,,120000,,105000,
2021,Georgina,2021A00053519070,4 persons,Census-family households,2383.6.2,2990,,2915,,139000,,123000,,119000,,105000,
2021,Georgina,2021A00053519070,4 persons,Households consisting of only one census family without additional persons,2383.6.3,2450,,2435,,139000,,123000,,118000,,104000,
2021,Georgina,2021A00053519070,4 persons,"One couple, with or without children in their census family",2383.6.4,2295,,2295,,143000,,126000,,121000,,106000,
2021,Georgina,2021A00053519070,4 persons,Without children,2383.6.5,0,,0,,0,...,0,...,0,...,0,...
2021,Georgina,2021A00053519070,4 persons,With children,2383.6.6,2295,,2295,,143000,,126000,,121000,,106000,
2021,Georgina,2021A00053519070,4 persons,One one-parent census family,2383.6.7,150,,145,,71500,,60400,,68000,,57200,
2021,Georgina,2021A00053519070,4 persons,With a parent that is a man+,2383.6.8,35,,30,,85000,,93000,,73500,,76500,
2021,Georgina,2021A00053519070,4 persons,With a parent that is a woman+,2383.6.9,120,,115,,66500,,52000,,65500,,49200,
2021,Georgina,2021A00053519070,4 persons,Other census family households,2383.6.10,540,,480,,140000,,124000,,125000,,109000,
2021,Georgina,2021A00053519070,4 persons,Non-census family households,2383.6.11,25,,25,,144000,,105000,,128000,,93000,
2021,Georgina,2021A00053519070,5 or more persons,Total – Household type including census family structure,2383.7.1,1665,,1625,,153000,,133000,,135000,,116000,
2021,Georgina,2021A00053519070,5 or more persons,Census-family households,2383.7.2,1650,,1615,,153000,,133000,,135000,,116000,
2021,Georgina,2021A00053519070,5 or more persons,Households consisting of only one census family without additional persons,2383.7.3,800,,835,,133000,,119000,,116000,,102000,
2021,Georgina,2021A00053519070,5 or more persons,"One couple, with or without children in their census family",2383.7.4,755,,795,,137000,,122000,,118000,,105000,
2021,Georgina,2021A00053519070,5 or more persons,Without children,2383.7.5,0,,0,,0,...,0,...,0,...,0,...
2021,Georgina,2021A00053519070,5 or more persons,With children,2383.7.6,755,,795,,137000,,122000,,118000,,105000,
2021,Georgina,2021A00053519070,5 or more persons,One one-parent census family,2383.7.7,50,,40,,82000,,48400,,82000,,48000,
2021,Georgina,2021A00053519070,5 or more persons,With a parent that is a man+,2383.7.8,5,,0,,,x,,x,,x,,x
2021,Georgina,2021A00053519070,5 or more persons,With a parent that is a woman+,2383.7.9,45,,35,,85000,,48400,,83000,,48000,
2021,Georgina,2021A00053519070,5 or more persons,Other census family households,2383.7.10,845,,780,,170000,,145000,,150000,,130000,
2021,Georgina,2021A00053519070,5 or more persons,Non-census family households,2383.7.11,20,,10,,,x,,x,,x,,x
2021,Toronto,2021A00033520,Total - Households by household size,Total – Household type including census family structure,2385.1.1,1160895,,1112930,,84000,,71000,,74000,,63200,
2021,Toronto,2021A00033520,Total - Households by household size,Census-family households,2385.1.2,700395,,684955,,110000,,93000,,97000,,82000,
2021,Toronto,2021A00033520,Total - Households by household size,Households consisting of only one census family without additional persons,2385.1.3,608930,,592755,,106000,,90000,,92000,,79000,
2021,Toronto,2021A00033520,Total - Households by household size,"One couple, with or without children in their census family",2385.1.4,493770,,478320,,117000,,101000,,101000,,88000,
2021,Toronto,2021A00033520,Total - Households by household size,Without children,2385.1.5,227825,,212630,,103000,,92000,,88000,,80000,
2021,Toronto,2021A00033520,Total - Households by household size,With children,2385.1.6,265945,,265690,,130000,,109000,,113000,,95000,
2021,Toronto,2021A00033520,Total - Households by household size,One one-parent census family,2385.1.7,115160,,114430,,68500,,53200,,63600,,50000,
2021,Toronto,2021A00033520,Total - Households by household size,With a parent that is a man+,2385.1.8,17210,,16745,,78000,,66500,,69500,,59200,
2021,Toronto,2021A00033520,Total - Households by household size,With a parent that is a woman+,2385.1.9,97945,,97690,,67000,,51600,,62400,,48800,
2021,Toronto,2021A00033520,Total - Households by household size,Other census family households,2385.1.10,91465,,92205,,137000,,110000,,123000,,100000,
2021,Toronto,2021A00033520,Total - Households by household size,Non-census family households,2385.1.11,460500,,427975,,51200,,44800,,45200,,40400,
2021,Toronto,2021A00033520,1 person,Total – Household type including census family structure,2385.2.1,385765,,359960,,45200,,41200,,40400,,36800,
2021,Toronto,2021A00033520,1 person,Census-family households,2385.2.2,0,,0,,0,...,0,...,0,...,0,...
2021,Toronto,2021A00033520,1 person,Households consisting of only one census family without additional persons,2385.2.3,0,,0,,0,...,0,...,0,...,0,...
2021,Toronto,2021A00033520,1 person,"One couple, with or without children in their census family",2385.2.4,0,,0,,0,...,0,...,0,...,0,...
2021,Toronto,2021A00033520,1 person,Without children,2385.2.5,0,,0,,0,...,0,...,0,...,0,...
2021,Toronto,2021A00033520,1 person,With children,2385.2.6,0,,0,,0,...,0,...,0,...,0,...
2021,Toronto,2021A00033520,1 person,One one-parent census family,2385.2.7,0,,0,,0,...,0,...,0,...,0,...
2021,Toronto,2021A00033520,1 person,With a parent that is a man+,2385.2.8,0,,0,,0,...,0,...,0,...,0,...
2021,Toronto,2021A00033520,1 person,With a parent that is a woman+,2385.2.9,0,,0,,0,...,0,...,0,...,0,...
2021,Toronto,2021A00033520,1 person,Other census family households,2385.2.10,0,,0,,0,...,0,...,0,...,0,...
2021,Toronto,2021A00033520,1 person,Non-census family households,2385.2.11,385765,,359960,,45200,,41200,,40400,,36800,
2021,Toronto,2021A00033520,2 or more persons,Total – Household type including census family structure,2385.3.1,775125,,752970,,107000,,90000,,94000,,79500,
2021,Toronto,2021A00033520,2 or more persons,Census-family households,2385.3.2,700395,,684955,,110000,,93000,,97000,,82000,
2021,Toronto,2021A00033520,2 or more persons,Households consisting of only one census family without additional persons,2385.3.3,608930,,592755,,106000,,90000,,92000,,79000,
2021,Toronto,2021A00033520,2 or more persons,"One couple, with or without children in their census family",2385.3.4,493770,,478320,,117000,,101000,,101000,,88000,
2021,Toronto,2021A00033520,2 or more persons,Without children,2385.3.5,227825,,212630,,103000,,92000,,88000,,80000,
2021,Toronto,2021A00033520,2 or more persons,With children,2385.3.6,265945,,265690,,130000,,109000,,113000,,95000,
2021,Toronto,2021A00033520,2 or more persons,One one-parent census family,2385.3.7,115160,,114430,,68500,,53200,,63600,,50000,
2021,Toronto,2021A00033520,2 or more persons,With a parent that is a man+,2385.3.8,17210,,16745,,78000,,66500,,69500,,59200,
2021,Toronto,2021A00033520,2 or more persons,With a parent that is a woman+,2385.3.9,97945,,97690,,67000,,51600,,62400,,48800,
2021,Toronto,2021A00033520,2 or more persons,Other census family households,2385.3.10,91465,,92205,,137000,,110000,,123000,,100000,
2021,Toronto,2021A00033520,2 or more persons,Non-census family households,2385.3.11,74730,,68015,,84000,,65000,,75500,,59600,
2021,Toronto,2021A00033520,2 persons,Total – Household type including census family structure,2385.4.1,353415,,333425,,88000,,76500,,77500,,68000,
2021,Toronto,2021A00033520,2 persons,Census-family households,2385.4.2,297625,,281225,,91000,,80000,,79500,,70500,
2021,Toronto,2021A00033520,2 persons,Households consisting of only one census family without additional persons,2385.4.3,297625,,281225,,91000,,80000,,79500,,70500,
2021,Toronto,2021A00033520,2 persons,"One couple, with or without children in their census family",2385.4.4,227825,,212630,,103000,,92000,,88000,,80000,
2021,Toronto,2021A00033520,2 persons,Without children,2385.4.5,227825,,212630,,103000,,92000,,88000,,80000,
2021,Toronto,2021A00033520,2 persons,With children,2385.4.6,0,,0,,0,...,0,...,0,...,0,...
2021,Toronto,2021A00033520,2 persons,One one-parent census family,2385.4.7,69800,,68595,,63600,,52000,,58400,,48000,
2021,Toronto,2021A00033520,2 persons,With a parent that is a man+,2385.4.8,11715,,11445,,71500,,62000,,64000,,55200,
2021,Toronto,2021A00033520,2 persons,With a parent that is a woman+,2385.4.9,58085,,57150,,62000,,50000,,57600,,46800,
2021,Toronto,2021A00033520,2 persons,Other census family households,2385.4.10,0,,0,,0,...,0,...,0,...,0,...
2021,Toronto,2021A00033520,2 persons,Non-census family households,2385.4.11,55795,,52200,,76500,,62000,,69000,,56400,
2021,Toronto,2021A00033520,3 persons,Total – Household type including census family structure,2385.5.1,178225,,175720,,107000,,89000,,94000,,79500,
2021,Toronto,2021A00033520,3 persons,Census-family households,2385.5.2,166285,,164765,,108000,,91000,,95000,,80000,
2021,Toronto,2021A00033520,3 persons,Households consisting of only one census family without additional persons,2385.5.3,144525,,143820,,108000,,91000,,95000,,81000,
2021,Toronto,2021A00033520,3 persons,"One couple, with or without children in their census family",2385.5.4,113095,,112115,,119000,,103000,,102000,,90000,
2021,Toronto,2021A00033520,3 persons,Without children,2385.5.5,0,,0,,0,...,0,...,0,...,0,...
2021,Toronto,2021A00033520,3 persons,With children,2385.5.6,113095,,112115,,119000,,103000,,102000,,90000,
2021,Toronto,2021A00033520,3 persons,One one-parent census family,2385.5.7,31425,,31705,,75500,,55600,,70500,,52800,
2021,Toronto,2021A00033520,3 persons,With a parent that is a man+,2385.5.8,4175,,4070,,92000,,77500,,82000,,69000,
2021,Toronto,2021A00033520,3 persons,With a parent that is a woman+,2385.5.9,27255,,27640,,73500,,53200,,69000,,50800,
2021,Toronto,2021A00033520,3 persons,Other census family households,2385.5.10,21760,,20945,,104000,,87000,,94000,,78500,
2021,Toronto,2021A00033520,3 persons,Non-census family households,2385.5.11,11940,,10960,,97000,,71500,,89000,,67000,
2021,Toronto,2021A00033520,4 persons,Total – Household type including census family structure,2385.6.1,147360,,146580,,135000,,110000,,117000,,97000,
2021,Toronto,2021A00033520,4 persons,Census-family households,2385.6.2,143390,,143475,,135000,,111000,,118000,,97000,
2021,Toronto,2021A00033520,4 persons,Households consisting of only one census family without additional persons,2385.6.3,120045,,120335,,138000,,113000,,119000,,98000,
2021,Toronto,2021A00033520,4 persons,"One couple, with or without children in their census family",2385.6.4,110280,,110300,,145000,,120000,,124000,,103000,
2021,Toronto,2021A00033520,4 persons,Without children,2385.6.5,0,,0,,0,...,0,...,0,...,0,...
2021,Toronto,2021A00033520,4 persons,With children,2385.6.6,110280,,110300,,145000,,120000,,124000,,103000,
2021,Toronto,2021A00033520,4 persons,One one-parent census family,2385.6.7,9765,,10030,,77000,,53200,,74000,,52000,
2021,Toronto,2021A00033520,4 persons,With a parent that is a man+,2385.6.8,1020,,970,,100000,,84000,,91000,,75500,
2021,Toronto,2021A00033520,4 persons,With a parent that is a woman+,2385.6.9,8745,,9060,,75000,,51600,,72500,,50400,
2021,Toronto,2021A00033520,4 persons,Other census family households,2385.6.10,23350,,23140,,127000,,103000,,114000,,94000,
2021,Toronto,2021A00033520,4 persons,Non-census family households,2385.6.11,3970,,3110,,113000,,84000,,105000,,79000,
2021,Toronto,2021A00033520,5 or more persons,Total – Household type including census family structure,2385.7.1,96120,,97245,,144000,,112000,,130000,,102000,
2021,Toronto,2021A00033520,5 or more persons,Census-family households,2385.7.2,93100,,95495,,144000,,112000,,129000,,102000,
2021,Toronto,2021A00033520,5 or more persons,Households consisting of only one census family without additional persons,2385.7.3,46740,,47375,,123000,,94000,,111000,,86000,
2021,Toronto,2021A00033520,5 or more persons,"One couple, with or without children in their census family",2385.7.4,42580,,43280,,129000,,100000,,116000,,91000,
2021,Toronto,2021A00033520,5 or more persons,Without children,2385.7.5,0,,0,,0,...,0,...,0,...,0,...
2021,Toronto,2021A00033520,5 or more persons,With children,2385.7.6,42580,,43280,,129000,,100000,,116000,,91000,
2021,Toronto,2021A00033520,5 or more persons,One one-parent census family,2385.7.7,4165,,4100,,83000,,55600,,81000,,54800,
2021,Toronto,2021A00033520,5 or more persons,With a parent that is a man+,2385.7.8,305,,255,,110000,,79000,,102000,,76000,
2021,Toronto,2021A00033520,5 or more persons,With a parent that is a woman+,2385.7.9,3865,,3840,,82000,,54800,,80000,,54000,
2021,Toronto,2021A00033520,5 or more persons,Other census family households,2385.7.10,46355,,48120,,159000,,125000,,144000,,114000,
2021,Toronto,2021A00033520,5 or more persons,Non-census family households,2385.7.11,3020,,1745,,148000,,96000,,138000,,92000,
2021,Toronto,2021A00053520005,Total - Households by household size,Total – Household type including census family structure,2386.1.1,1160895,,1112930,,84000,,71000,,74000,,63200,
2021,Toronto,2021A00053520005,Total - Households by household size,Census-family households,2386.1.2,700395,,684955,,110000,,93000,,97000,,82000,
2021,Toronto,2021A00053520005,Total - Households by household size,Households consisting of only one census family without additional persons,2386.1.3,608930,,592755,,106000,,90000,,92000,,79000,
2021,Toronto,2021A00053520005,Total - Households by household size,"One couple, with or without children in their census family",2386.1.4,493770,,478320,,117000,,101000,,101000,,88000,
2021,Toronto,2021A00053520005,Total - Households by household size,Without children,2386.1.5,227825,,212630,,103000,,92000,,88000,,80000,
2021,Toronto,2021A00053520005,Total - Households by household size,With children,2386.1.6,265945,,265690,,130000,,109000,,113000,,95000,
2021,Toronto,2021A00053520005,Total - Households by household size,One one-parent census family,2386.1.7,115160,,114430,,68500,,53200,,63600,,50000,
2021,Toronto,2021A00053520005,Total - Households by household size,With a parent that is a man+,2386.1.8,17210,,16745,,78000,,66500,,69500,,59200,
2021,Toronto,2021A00053520005,Total - Households by household size,With a parent that is a woman+,2386.1.9,97945,,97690,,67000,,51600,,62400,,48800,
2021,Toronto,2021A00053520005,Total - Households by household size,Other census family households,2386.1.10,91465,,92205,,137000,,110000,,123000,,100000,
2021,Toronto,2021A00053520005,Total - Households by household size,Non-census family households,2386.1.11,460500,,427975,,51200,,44800,,45200,,40400,
2021,Toronto,2021A00053520005,1 person,Total – Household type including census family structure,2386.2.1,385765,,359960,,45200,,41200,,40400,,36800,
2021,Toronto,2021A00053520005,1 person,Census-family households,2386.2.2,0,,0,,0,...,0,...,0,...,0,...
2021,Toronto,2021A00053520005,1 person,Households consisting of only one census family without additional persons,2386.2.3,0,,0,,0,...,0,...,0,...,0,...
2021,Toronto,2021A00053520005,1 person,"One couple, with or without children in their census family",2386.2.4,0,,0,,0,...,0,...,0,...,0,...
2021,Toronto,2021A00053520005,1 person,Without children,2386.2.5,0,,0,,0,...,0,...,0,...,0,...
2021,Toronto,2021A00053520005,1 person,With children,2386.2.6,0,,0,,0,...,0,...,0,...,0,...
2021,Toronto,2021A00053520005,1 person,One one-parent census family,2386.2.7,0,,0,,0,...,0,...,0,...,0,...
2021,Toronto,2021A00053520005,1 person,With a parent that is a man+,2386.2.8,0,,0,,0,...,0,...,0,...,0,...
2021,Toronto,2021A00053520005,1 person,With a parent that is a woman+,2386.2.9,0,,0,,0,...,0,...,0,...,0,...
2021,Toronto,2021A00053520005,1 person,Other census family households,2386.2.10,0,,0,,0,...,0,...,0,...,0,...
2021,Toronto,2021A00053520005,1 person,Non-census family households,2386.2.11,385765,,359960,,45200,,41200,,40400,,36800,
2021,Toronto,2021A00053520005,2 or more persons,Total – Household type including census family structure,2386.3.1,775125,,752970,,107000,,90000,,94000,,79500,
2021,Toronto,2021A00053520005,2 or more persons,Census-family households,2386.3.2,700395,,684955,,110000,,93000,,97000,,82000,
2021,Toronto,2021A00053520005,2 or more persons,Households consisting of only one census family without additional persons,2386.3.3,608930,,592755,,106000,,90000,,92000,,79000,
2021,Toronto,2021A00053520005,2 or more persons,"One couple, with or without children in their census family",2386.3.4,493770,,478320,,117000,,101000,,101000,,88000,
2021,Toronto,2021A00053520005,2 or more persons,Without children,2386.3.5,227825,,212630,,103000,,92000,,88000,,80000,
2021,Toronto,2021A00053520005,2 or more persons,With children,2386.3.6,265945,,265690,,130000,,109000,,113000,,95000,
2021,Toronto,2021A00053520005,2 or more persons,One one-parent census family,2386.3.7,115160,,114430,,68500,,53200,,63600,,50000,
2021,Toronto,2021A00053520005,2 or more persons,With a parent that is a man+,2386.3.8,17210,,16745,,78000,,66500,,69500,,59200,
2021,Toronto,2021A00053520005,2 or more persons,With a parent that is a woman+,2386.3.9,97945,,97690,,67000,,51600,,62400,,48800,
2021,Toronto,2021A00053520005,2 or more persons,Other census family households,2386.3.10,91465,,92205,,137000,,110000,,123000,,100000,
2021,Toronto,2021A00053520005,2 or more persons,Non-census family households,2386.3.11,74730,,68015,,84000,,65000,,75500,,59600,
2021,Toronto,2021A00053520005,2 persons,Total – Household type including census family structure,2386.4.1,353415,,333425,,88000,,76500,,77500,,68000,
2021,Toronto,2021A00053520005,2 persons,Census-family households,2386.4.2,297625,,281225,,91000,,80000,,79500,,70500,
2021,Toronto,2021A00053520005,2 persons,Households consisting of only one census family without additional persons,2386.4.3,297625,,281225,,91000,,80000,,79500,,70500,
2021,Toronto,2021A00053520005,2 persons,"One couple, with or without children in their census family",2386.4.4,227825,,212630,,103000,,92000,,88000,,80000,
2021,Toronto,2021A00053520005,2 persons,Without children,2386.4.5,227825,,212630,,103000,,92000,,88000,,80000,
2021,Toronto,2021A00053520005,2 persons,With children,2386.4.6,0,,0,,0,...,0,...,0,...,0,...
2021,Toronto,2021A00053520005,2 persons,One one-parent census family,2386.4.7,69800,,68595,,63600,,52000,,58400,,48000,
2021,Toronto,2021A00053520005,2 persons,With a parent that is a man+,2386.4.8,11715,,11445,,71500,,62000,,64000,,55200,
2021,Toronto,2021A00053520005,2 persons,With a parent that is a woman+,2386.4.9,58085,,57150,,62000,,50000,,57600,,46800,
2021,Toronto,2021A00053520005,2 persons,Other census family households,2386.4.10,0,,0,,0,...,0,...,0,...,0,...
2021,Toronto,2021A00053520005,2 persons,Non-census family households,2386.4.11,55795,,52200,,76500,,62000,,69000,,56400,
2021,Toronto,2021A00053520005,3 persons,Total – Household type including census family structure,2386.5.1,178225,,175720,,107000,,89000,,94000,,79500,
2021,Toronto,2021A00053520005,3 persons,Census-family households,2386.5.2,166285,,164765,,108000,,91000,,95000,,80000,
2021,Toronto,2021A00053520005,3 persons,Households consisting of only one census family without additional persons,2386.5.3,144525,,143820,,108000,,91000,,95000,,81000,
2021,Toronto,2021A00053520005,3 persons,"One couple, with or without children in their census family",2386.5.4,113095,,112115,,119000,,103000,,102000,,90000,
2021,Toronto,2021A00053520005,3 persons,Without children,2386.5.5,0,,0,,0,...,0,...,0,...,0,...
2021,Toronto,2021A00053520005,3 persons,With children,2386.5.6,113095,,112115,,119000,,103000,,102000,,90000,
2021,Toronto,2021A00053520005,3 persons,One one-parent census family,2386.5.7,31425,,31705,,75500,,55600,,70500,,52800,
2021,Toronto,2021A00053520005,3 persons,With a parent that is a man+,2386.5.8,4175,,4070,,92000,,77500,,82000,,69000,
2021,Toronto,2021A00053520005,3 persons,With a parent that is a woman+,2386.5.9,27255,,27640,,73500,,53200,,69000,,50800,
2021,Toronto,2021A00053520005,3 persons,Other census family households,2386.5.10,21760,,20945,,104000,,87000,,94000,,78500,
2021,Toronto,2021A00053520005,3 persons,Non-census family households,2386.5.11,11940,,10960,,97000,,71500,,89000,,67000,
2021,Toronto,2021A00053520005,4 persons,Total – Household type including census family structure,2386.6.1,147360,,146580,,135000,,110000,,117000,,97000,
2021,Toronto,2021A00053520005,4 persons,Census-family households,2386.6.2,143390,,143475,,135000,,111000,,118000,,97000,
2021,Toronto,2021A00053520005,4 persons,Households consisting of only one census family without additional persons,2386.6.3,120045,,120335,,138000,,113000,,119000,,98000,
2021,Toronto,2021A00053520005,4 persons,"One couple, with or without children in their census family",2386.6.4,110280,,110300,,145000,,120000,,124000,,103000,
2021,Toronto,2021A00053520005,4 persons,Without children,2386.6.5,0,,0,,0,...,0,...,0,...,0,...
2021,Toronto,2021A00053520005,4 persons,With children,2386.6.6,110280,,110300,,145000,,120000,,124000,,103000,
2021,Toronto,2021A00053520005,4 persons,One one-parent census family,2386.6.7,9765,,10030,,77000,,53200,,74000,,52000,
2021,Toronto,2021A00053520005,4 persons,With a parent that is a man+,2386.6.8,1020,,970,,100000,,84000,,91000,,75500,
2021,Toronto,2021A00053520005,4 persons,With a parent that is a woman+,2386.6.9,8745,,9060,,75000,,51600,,72500,,50400,
2021,Toronto,2021A00053520005,4 persons,Other census family households,2386.6.10,23350,,23140,,127000,,103000,,114000,,94000,
2021,Toronto,2021A00053520005,4 persons,Non-census family households,2386.6.11,3970,,3110,,113000,,84000,,105000,,79000,
2021,Toronto,2021A00053520005,5 or more persons,Total – Household type including census family structure,2386.7.1,96120,,97245,,144000,,112000,,130000,,102000,
2021,Toronto,2021A00053520005,5 or more persons,Census-family households,2386.7.2,93100,,95495,,144000,,112000,,129000,,102000,
2021,Toronto,2021A00053520005,5 or more persons,Households consisting of only one census family without additional persons,2386.7.3,46740,,47375,,123000,,94000,,111000,,86000,
2021,Toronto,2021A00053520005,5 or more persons,"One couple, with or without children in their census family",2386.7.4,42580,,43280,,129000,,100000,,116000,,91000,
2021,Toronto,2021A00053520005,5 or more persons,Without children,2386.7.5,0,,0,,0,...,0,...,0,...,0,...
2021,Toronto,2021A00053520005,5 or more persons,With children,2386.7.6,42580,,43280,,129000,,100000,,116000,,91000,
2021,Toronto,2021A00053520005,5 or more persons,One one-parent census family,2386.7.7,4165,,4100,,83000,,55600,,81000,,54800,
2021,Toronto,2021A00053520005,5 or more persons,With a parent that is a man+,2386.7.8,305,,255,,110000,,79000,,102000,,76000,
2021,Toronto,2021A00053520005,5 or more persons,With a parent that is a woman+,2386.7.9,3865,,3840,,82000,,54800,,80000,,54000,
2021,Toronto,2021A00053520005,5 or more persons,Other census family households,2386.7.10,46355,,48120,,159000,,125000,,144000,,114000,
2021,Toronto,2021A00053520005,5 or more persons,Non-census family households,2386.7.11,3020,,1745,,148000,,96000,,138000,,92000,
2021,Peel,2021A00033521,Total - Households by household size,Total – Household type including census family structure,2387.1.1,450745,,430180,,107000,,93000,,94000,,82000,
2021,Peel,2021A00033521,Total - Households by household size,Census-family households,2387.1.2,359470,,349820,,122000,,105000,,107000,,92000,
2021,Peel,2021A00033521,Total - Households by household size,Households consisting of only one census family without additional persons,2387.1.3,283190,,280440,,113000,,99000,,98000,,87000,
2021,Peel,2021A00033521,Total - Households by household size,"One couple, with or without children in their census family",2387.1.4,239820,,237500,,121000,,107000,,104000,,92000,
2021,Peel,2021A00033521,Total - Households by household size,Without children,2387.1.5,75745,,72805,,95000,,90000,,82000,,78000,
2021,Peel,2021A00033521,Total - Households by household size,With children,2387.1.6,164070,,164695,,133000,,115000,,114000,,100000,
2021,Peel,2021A00033521,Total - Households by household size,One one-parent census family,2387.1.7,43375,,42945,,79000,,64500,,72000,,59200,
2021,Peel,2021A00033521,Total - Households by household size,With a parent that is a man+,2387.1.8,7105,,7045,,91000,,79500,,79500,,69000,
2021,Peel,2021A00033521,Total - Households by household size,With a parent that is a woman+,2387.1.9,36270,,35895,,77000,,62000,,70500,,57200,
2021,Peel,2021A00033521,Total - Households by household size,Other census family households,2387.1.10,76280,,69380,,154000,,128000,,137000,,115000,
2021,Peel,2021A00033521,Total - Households by household size,Non-census family households,2387.1.11,91275,,80360,,53600,,48800,,46800,,43200,
2021,Peel,2021A00033521,1 person,Total – Household type including census family structure,2387.2.1,72615,,68345,,46400,,45200,,41200,,40000,
2021,Peel,2021A00033521,1 person,Census-family households,2387.2.2,0,,0,,0,...,0,...,0,...,0,...
2021,Peel,2021A00033521,1 person,Households consisting of only one census family without additional persons,2387.2.3,0,,0,,0,...,0,...,0,...,0,...
2021,Peel,2021A00033521,1 person,"One couple, with or without children in their census family",2387.2.4,0,,0,,0,...,0,...,0,...,0,...
2021,Peel,2021A00033521,1 person,Without children,2387.2.5,0,,0,,0,...,0,...,0,...,0,...
2021,Peel,2021A00033521,1 person,With children,2387.2.6,0,,0,,0,...,0,...,0,...,0,...
2021,Peel,2021A00033521,1 person,One one-parent census family,2387.2.7,0,,0,,0,...,0,...,0,...,0,...
2021,Peel,2021A00033521,1 person,With a parent that is a man+,2387.2.8,0,,0,,0,...,0,...,0,...,0,...
2021,Peel,2021A00033521,1 person,With a parent that is a woman+,2387.2.9,0,,0,,0,...,0,...,0,...,0,...
2021,Peel,2021A00033521,1 person,Other census family households,2387.2.10,0,,0,,0,...,0,...,0,...,0,...
2021,Peel,2021A00033521,1 person,Non-census family households,2387.2.11,72615,,68345,,46400,,45200,,41200,,40000,
2021,Peel,2021A00033521,2 or more persons,Total – Household type including census family structure,2387.3.1,378130,,361835,,120000,,104000,,105000,,91000,
2021,Peel,2021A00033521,2 or more persons,Census-family households,2387.3.2,359470,,349820,,122000,,105000,,107000,,92000,
2021,Peel,2021A00033521,2 or more persons,Households consisting of only one census family without additional persons,2387.3.3,283190,,280440,,113000,,99000,,98000,,87000,
2021,Peel,2021A00033521,2 or more persons,"One couple, with or without children in their census family",2387.3.4,239820,,237500,,121000,,107000,,104000,,92000,
2021,Peel,2021A00033521,2 or more persons,Without children,2387.3.5,75745,,72805,,95000,,90000,,82000,,78000,
2021,Peel,2021A00033521,2 or more persons,With children,2387.3.6,164070,,164695,,133000,,115000,,114000,,100000,
2021,Peel,2021A00033521,2 or more persons,One one-parent census family,2387.3.7,43375,,42945,,79000,,64500,,72000,,59200,
2021,Peel,2021A00033521,2 or more persons,With a parent that is a man+,2387.3.8,7105,,7045,,91000,,79500,,79500,,69000,
2021,Peel,2021A00033521,2 or more persons,With a parent that is a woman+,2387.3.9,36270,,35895,,77000,,62000,,70500,,57200,
2021,Peel,2021A00033521,2 or more persons,Other census family households,2387.3.10,76280,,69380,,154000,,128000,,137000,,115000,
2021,Peel,2021A00033521,2 or more persons,Non-census family households,2387.3.11,18655,,12015,,91000,,75000,,81000,,67000,
2021,Peel,2021A00033521,2 persons,Total – Household type including census family structure,2387.4.1,109950,,104345,,87000,,81000,,77000,,71500,
2021,Peel,2021A00033521,2 persons,Census-family households,2387.4.2,99325,,95510,,89000,,83000,,78000,,72500,
2021,Peel,2021A00033521,2 persons,Households consisting of only one census family without additional persons,2387.4.3,99325,,95510,,89000,,83000,,78000,,72500,
2021,Peel,2021A00033521,2 persons,"One couple, with or without children in their census family",2387.4.4,75745,,72805,,95000,,90000,,82000,,78000,
2021,Peel,2021A00033521,2 persons,Without children,2387.4.5,75745,,72805,,95000,,90000,,82000,,78000,
2021,Peel,2021A00033521,2 persons,With children,2387.4.6,0,,0,,0,...,0,...,0,...,0,...
2021,Peel,2021A00033521,2 persons,One one-parent census family,2387.4.7,23580,,22705,,73000,,62800,,65500,,56400,
2021,Peel,2021A00033521,2 persons,With a parent that is a man+,2387.4.8,4420,,4270,,82000,,75000,,72000,,65000,
2021,Peel,2021A00033521,2 persons,With a parent that is a woman+,2387.4.9,19155,,18430,,71000,,60000,,64500,,54400,
2021,Peel,2021A00033521,2 persons,Other census family households,2387.4.10,0,,0,,0,...,0,...,0,...,0,...
2021,Peel,2021A00033521,2 persons,Non-census family households,2387.4.11,10625,,8840,,77500,,71500,,69500,,63600,
2021,Peel,2021A00033521,3 persons,Total – Household type including census family structure,2387.5.1,85800,,81815,,116000,,103000,,101000,,89000,
2021,Peel,2021A00033521,3 persons,Census-family households,2387.5.2,82560,,79845,,117000,,103000,,101000,,90000,
2021,Peel,2021A00033521,3 persons,Households consisting of only one census family without additional persons,2387.5.3,72815,,70985,,117000,,103000,,101000,,90000,
2021,Peel,2021A00033521,3 persons,"One couple, with or without children in their census family",2387.5.4,59330,,57150,,124000,,112000,,107000,,96000,
2021,Peel,2021A00033521,3 persons,Without children,2387.5.5,0,,0,,0,...,0,...,0,...,0,...
2021,Peel,2021A00033521,3 persons,With children,2387.5.6,59330,,57150,,124000,,112000,,107000,,96000,
2021,Peel,2021A00033521,3 persons,One one-parent census family,2387.5.7,13485,,13835,,86000,,68000,,78500,,62000,
2021,Peel,2021A00033521,3 persons,With a parent that is a man+,2387.5.8,2045,,2075,,105000,,87000,,91000,,76000,
2021,Peel,2021A00033521,3 persons,With a parent that is a woman+,2387.5.9,11440,,11755,,83000,,65000,,76500,,60000,
2021,Peel,2021A00033521,3 persons,Other census family households,2387.5.10,9745,,8860,,115000,,102000,,102000,,91000,
2021,Peel,2021A00033521,3 persons,Non-census family households,2387.5.11,3240,,1970,,94000,,82000,,86000,,74500,
2021,Peel,2021A00033521,4 persons,Total – Household type including census family structure,2387.6.1,95855,,94060,,137000,,117000,,118000,,102000,
2021,Peel,2021A00033521,4 persons,Census-family households,2387.6.2,93825,,93330,,137000,,117000,,119000,,102000,
2021,Peel,2021A00033521,4 persons,Households consisting of only one census family without additional persons,2387.6.3,78495,,79830,,137000,,117000,,118000,,101000,
2021,Peel,2021A00033521,4 persons,"One couple, with or without children in their census family",2387.6.4,73925,,75190,,140000,,120000,,120000,,104000,
2021,Peel,2021A00033521,4 persons,Without children,2387.6.5,0,,0,,0,...,0,...,0,...,0,...
2021,Peel,2021A00033521,4 persons,With children,2387.6.6,73925,,75190,,140000,,120000,,120000,,104000,
2021,Peel,2021A00033521,4 persons,One one-parent census family,2387.6.7,4560,,4640,,90000,,65500,,84000,,62000,
2021,Peel,2021A00033521,4 persons,With a parent that is a man+,2387.6.8,475,,545,,115000,,87000,,102000,,77500,
2021,Peel,2021A00033521,4 persons,With a parent that is a woman+,2387.6.9,4085,,4095,,88000,,62400,,83000,,60000,
2021,Peel,2021A00033521,4 persons,Other census family households,2387.6.10,15335,,13500,,138000,,120000,,122000,,106000,
2021,Peel,2021A00033521,4 persons,Non-census family households,2387.6.11,2025,,735,,108000,,88000,,101000,,82000,
2021,Peel,2021A00033521,5 or more persons,Total – Household type including census family structure,2387.7.1,86525,,81615,,154000,,124000,,137000,,111000,
2021,Peel,2021A00033521,5 or more persons,Census-family households,2387.7.2,83760,,81140,,154000,,124000,,138000,,111000,
2021,Peel,2021A00033521,5 or more persons,Households consisting of only one census family without additional persons,2387.7.3,32560,,34125,,131000,,105000,,117000,,94000,
2021,Peel,2021A00033521,5 or more persons,"One couple, with or without children in their census family",2387.7.4,30810,,32355,,133000,,108000,,118000,,96000,
2021,Peel,2021A00033521,5 or more persons,Without children,2387.7.5,0,,0,,0,...,0,...,0,...,0,...
2021,Peel,2021A00033521,5 or more persons,With children,2387.7.6,30810,,32355,,133000,,108000,,118000,,96000,
2021,Peel,2021A00033521,5 or more persons,One one-parent census family,2387.7.7,1750,,1765,,96000,,63200,,91000,,61600,
2021,Peel,2021A00033521,5 or more persons,With a parent that is a man+,2387.7.8,160,,160,,139000,,84000,,125000,,77500,
2021,Peel,2021A00033521,5 or more persons,With a parent that is a woman+,2387.7.9,1595,,1610,,92000,,62000,,89000,,60400,
2021,Peel,2021A00033521,5 or more persons,Other census family households,2387.7.10,51200,,47020,,168000,,135000,,149000,,122000,
2021,Peel,2021A00033521,5 or more persons,Non-census family households,2387.7.11,2765,,470,,134000,,102000,,125000,,97000,
2021,Mississauga,2021A00053521005,Total - Households by household size,Total – Household type including census family structure,2388.1.1,244575,,240910,,102000,,90000,,89000,,78500,
2021,Mississauga,2021A00053521005,Total - Households by household size,Census-family households,2388.1.2,187890,,188810,,119000,,105000,,104000,,91000,
2021,Mississauga,2021A00053521005,Total - Households by household size,Households consisting of only one census family without additional persons,2388.1.3,158790,,159575,,113000,,99000,,98000,,87000,
2021,Mississauga,2021A00053521005,Total - Households by household size,"One couple, with or without children in their census family",2388.1.4,133805,,134890,,121000,,108000,,104000,,93000,
2021,Mississauga,2021A00053521005,Total - Households by household size,Without children,2388.1.5,46710,,44315,,95000,,89000,,83000,,77500,
2021,Mississauga,2021A00053521005,Total - Households by household size,With children,2388.1.6,87100,,90580,,136000,,118000,,117000,,102000,
2021,Mississauga,2021A00053521005,Total - Households by household size,One one-parent census family,2388.1.7,24990,,24685,,77500,,63600,,70500,,58400,
2021,Mississauga,2021A00053521005,Total - Households by household size,With a parent that is a man+,2388.1.8,4075,,4030,,91000,,79000,,79000,,69000,
2021,Mississauga,2021A00053521005,Total - Households by household size,With a parent that is a woman+,2388.1.9,20915,,20650,,75500,,61200,,69000,,56000,
2021,Mississauga,2021A00053521005,Total - Households by household size,Other census family households,2388.1.10,29095,,29240,,157000,,132000,,138000,,117000,
2021,Mississauga,2021A00053521005,Total - Households by household size,Non-census family households,2388.1.11,56685,,52100,,52000,,48000,,46000,,42400,
2021,Mississauga,2021A00053521005,1 person,Total – Household type including census family structure,2388.2.1,47335,,44965,,46800,,45200,,41200,,39600,
2021,Mississauga,2021A00053521005,1 person,Census-family households,2388.2.2,0,,0,,0,...,0,...,0,...,0,...
2021,Mississauga,2021A00053521005,1 person,Households consisting of only one census family without additional persons,2388.2.3,0,,0,,0,...,0,...,0,...,0,...
2021,Mississauga,2021A00053521005,1 person,"One couple, with or without children in their census family",2388.2.4,0,,0,,0,...,0,...,0,...,0,...
2021,Mississauga,2021A00053521005,1 person,Without children,2388.2.5,0,,0,,0,...,0,...,0,...,0,...
2021,Mississauga,2021A00053521005,1 person,With children,2388.2.6,0,,0,,0,...,0,...,0,...,0,...
2021,Mississauga,2021A00053521005,1 person,One one-parent census family,2388.2.7,0,,0,,0,...,0,...,0,...,0,...
2021,Mississauga,2021A00053521005,1 person,With a parent that is a man+,2388.2.8,0,,0,,0,...,0,...,0,...,0,...
2021,Mississauga,2021A00053521005,1 person,With a parent that is a woman+,2388.2.9,0,,0,,0,...,0,...,0,...,0,...
2021,Mississauga,2021A00053521005,1 person,Other census family households,2388.2.10,0,,0,,0,...,0,...,0,...,0,...
2021,Mississauga,2021A00053521005,1 person,Non-census family households,2388.2.11,47335,,44965,,46800,,45200,,41200,,39600,
2021,Mississauga,2021A00053521005,2 or more persons,Total – Household type including census family structure,2388.3.1,197240,,195950,,118000,,103000,,103000,,90000,
2021,Mississauga,2021A00053521005,2 or more persons,Census-family households,2388.3.2,187890,,188810,,119000,,105000,,104000,,91000,
2021,Mississauga,2021A00053521005,2 or more persons,Households consisting of only one census family without additional persons,2388.3.3,158790,,159575,,113000,,99000,,98000,,87000,
2021,Mississauga,2021A00053521005,2 or more persons,"One couple, with or without children in their census family",2388.3.4,133805,,134890,,121000,,108000,,104000,,93000,
2021,Mississauga,2021A00053521005,2 or more persons,Without children,2388.3.5,46710,,44315,,95000,,89000,,83000,,77500,
2021,Mississauga,2021A00053521005,2 or more persons,With children,2388.3.6,87100,,90580,,136000,,118000,,117000,,102000,
2021,Mississauga,2021A00053521005,2 or more persons,One one-parent census family,2388.3.7,24990,,24685,,77500,,63600,,70500,,58400,
2021,Mississauga,2021A00053521005,2 or more persons,With a parent that is a man+,2388.3.8,4075,,4030,,91000,,79000,,79000,,69000,
2021,Mississauga,2021A00053521005,2 or more persons,With a parent that is a woman+,2388.3.9,20915,,20650,,75500,,61200,,69000,,56000,
2021,Mississauga,2021A00053521005,2 or more persons,Other census family households,2388.3.10,29095,,29240,,157000,,132000,,138000,,117000,
2021,Mississauga,2021A00053521005,2 or more persons,Non-census family households,2388.3.11,9350,,7135,,86000,,72500,,78000,,64500,
2021,Mississauga,2021A00053521005,2 persons,Total – Household type including census family structure,2388.4.1,67705,,63670,,87000,,81000,,77000,,71000,
2021,Mississauga,2021A00053521005,2 persons,Census-family households,2388.4.2,61325,,58210,,88000,,82000,,77500,,72000,
2021,Mississauga,2021A00053521005,2 persons,Households consisting of only one census family without additional persons,2388.4.3,61325,,58210,,88000,,82000,,77500,,72000,
2021,Mississauga,2021A00053521005,2 persons,"One couple, with or without children in their census family",2388.4.4,46710,,44315,,95000,,89000,,83000,,77500,
2021,Mississauga,2021A00053521005,2 persons,Without children,2388.4.5,46710,,44315,,95000,,89000,,83000,,77500,
2021,Mississauga,2021A00053521005,2 persons,With children,2388.4.6,0,,0,,0,...,0,...,0,...,0,...
2021,Mississauga,2021A00053521005,2 persons,One one-parent census family,2388.4.7,14615,,13895,,72500,,62400,,65000,,56000,
2021,Mississauga,2021A00053521005,2 persons,With a parent that is a man+,2388.4.8,2640,,2535,,83000,,76000,,72000,,65500,
2021,Mississauga,2021A00053521005,2 persons,With a parent that is a woman+,2388.4.9,11975,,11360,,70000,,59600,,63600,,54000,
2021,Mississauga,2021A00053521005,2 persons,Other census family households,2388.4.10,0,,0,,0,...,0,...,0,...,0,...
2021,Mississauga,2021A00053521005,2 persons,Non-census family households,2388.4.11,6380,,5460,,77000,,68500,,69000,,61600,
2021,Mississauga,2021A00053521005,3 persons,Total – Household type including census family structure,2388.5.1,47360,,46625,,118000,,104000,,102000,,91000,
2021,Mississauga,2021A00053521005,3 persons,Census-family households,2388.5.2,45815,,45520,,118000,,105000,,102000,,91000,
2021,Mississauga,2021A00053521005,3 persons,Households consisting of only one census family without additional persons,2388.5.3,40815,,40750,,119000,,105000,,102000,,91000,
2021,Mississauga,2021A00053521005,3 persons,"One couple, with or without children in their census family",2388.5.4,33450,,33065,,126000,,114000,,108000,,98000,
2021,Mississauga,2021A00053521005,3 persons,Without children,2388.5.5,0,,0,,0,...,0,...,0,...,0,...
2021,Mississauga,2021A00053521005,3 persons,With children,2388.5.6,33450,,33065,,126000,,114000,,108000,,98000,
2021,Mississauga,2021A00053521005,3 persons,One one-parent census family,2388.5.7,7365,,7680,,85000,,67000,,78000,,61600,
2021,Mississauga,2021A00053521005,3 persons,With a parent that is a man+,2388.5.8,1150,,1150,,105000,,87000,,91000,,75500,
2021,Mississauga,2021A00053521005,3 persons,With a parent that is a woman+,2388.5.9,6220,,6525,,82000,,64000,,76000,,59600,
2021,Mississauga,2021A00053521005,3 persons,Other census family households,2388.5.10,5000,,4770,,115000,,103000,,103000,,92000,
2021,Mississauga,2021A00053521005,3 persons,Non-census family households,2388.5.11,1545,,1110,,100000,,81000,,90000,,74500,
2021,Mississauga,2021A00053521005,4 persons,Total – Household type including census family structure,2388.6.1,47210,,49340,,143000,,122000,,123000,,106000,
2021,Mississauga,2021A00053521005,4 persons,Census-family households,2388.6.2,46470,,48955,,143000,,122000,,123000,,106000,
2021,Mississauga,2021A00053521005,4 persons,Households consisting of only one census family without additional persons,2388.6.3,39655,,42415,,144000,,122000,,123000,,105000,
2021,Mississauga,2021A00053521005,4 persons,"One couple, with or without children in their census family",2388.6.4,37445,,40125,,147000,,126000,,125000,,108000,
2021,Mississauga,2021A00053521005,4 persons,Without children,2388.6.5,0,,0,,0,...,0,...,0,...,0,...
2021,Mississauga,2021A00053521005,4 persons,With children,2388.6.6,37445,,40125,,147000,,126000,,125000,,108000,
2021,Mississauga,2021A00053521005,4 persons,One one-parent census family,2388.6.7,2210,,2290,,88000,,62000,,83000,,60000,
2021,Mississauga,2021A00053521005,4 persons,With a parent that is a man+,2388.6.8,225,,280,,118000,,82000,,106000,,74500,
2021,Mississauga,2021A00053521005,4 persons,With a parent that is a woman+,2388.6.9,1980,,2010,,86000,,59600,,81000,,57200,
2021,Mississauga,2021A00053521005,4 persons,Other census family households,2388.6.10,6815,,6545,,141000,,121000,,125000,,108000,
2021,Mississauga,2021A00053521005,4 persons,Non-census family households,2388.6.11,740,,385,,119000,,90000,,110000,,82000,
2021,Mississauga,2021A00053521005,5 or more persons,Total – Household type including census family structure,2388.7.1,34965,,36320,,154000,,125000,,137000,,111000,
2021,Mississauga,2021A00053521005,5 or more persons,Census-family households,2388.7.2,34285,,36130,,155000,,125000,,137000,,112000,
2021,Mississauga,2021A00053521005,5 or more persons,Households consisting of only one census family without additional persons,2388.7.3,17000,,18205,,129000,,102000,,116000,,91000,
2021,Mississauga,2021A00053521005,5 or more persons,"One couple, with or without children in their census family",2388.7.4,16195,,17390,,131000,,104000,,117000,,94000,
2021,Mississauga,2021A00053521005,5 or more persons,Without children,2388.7.5,0,,0,,0,...,0,...,0,...,0,...
2021,Mississauga,2021A00053521005,5 or more persons,With children,2388.7.6,16195,,17390,,131000,,104000,,117000,,94000,
2021,Mississauga,2021A00053521005,5 or more persons,One one-parent census family,2388.7.7,800,,815,,93000,,59600,,89000,,58800,
2021,Mississauga,2021A00053521005,5 or more persons,With a parent that is a man+,2388.7.8,60,,65,,126000,,83000,,118000,,77500,
2021,Mississauga,2021A00053521005,5 or more persons,With a parent that is a woman+,2388.7.9,740,,755,,90000,,58800,,88000,,58000,
2021,Mississauga,2021A00053521005,5 or more persons,Other census family households,2388.7.10,17280,,17925,,176000,,145000,,156000,,129000,
2021,Mississauga,2021A00053521005,5 or more persons,Non-census family households,2388.7.11,685,,190,,138000,,109000,,129000,,101000,
2021,Brampton,2021A00053521010,Total - Households by household size,Total – Household type including census family structure,2389.1.1,182470,,168015,,111000,,94000,,98000,,83000,
2021,Brampton,2021A00053521010,Total - Households by household size,Census-family households,2389.1.2,151520,,142645,,122000,,103000,,107000,,91000,
2021,Brampton,2021A00053521010,Total - Households by household size,Households consisting of only one census family without additional persons,2389.1.3,107810,,104875,,110000,,96000,,97000,,84000,
2021,Brampton,2021A00053521010,Total - Households by household size,"One couple, with or without children in their census family",2389.1.4,91145,,88220,,117000,,102000,,101000,,89000,
2021,Brampton,2021A00053521010,Total - Households by household size,Without children,2389.1.5,23975,,23420,,91000,,88000,,79500,,76500,
2021,Brampton,2021A00053521010,Total - Households by household size,With children,2389.1.6,67170,,64795,,126000,,108000,,109000,,94000,
2021,Brampton,2021A00053521010,Total - Households by household size,One one-parent census family,2389.1.7,16660,,16660,,80000,,64500,,72500,,59200,
2021,Brampton,2021A00053521010,Total - Households by household size,With a parent that is a man+,2389.1.8,2630,,2610,,88000,,78500,,77000,,68000,
2021,Brampton,2021A00053521010,Total - Households by household size,With a parent that is a woman+,2389.1.9,14030,,14050,,78500,,62400,,72000,,57600,
2021,Brampton,2021A00053521010,Total - Households by household size,Other census family households,2389.1.10,43715,,37775,,151000,,123000,,136000,,112000,
2021,Brampton,2021A00053521010,Total - Households by household size,Non-census family households,2389.1.11,30950,,25365,,55600,,49600,,49200,,43600,
2021,Brampton,2021A00053521010,1 person,Total – Household type including census family structure,2389.2.1,22140,,20825,,45200,,45200,,40400,,40000,
2021,Brampton,2021A00053521010,1 person,Census-family households,2389.2.2,0,,0,,0,...,0,...,0,...,0,...
2021,Brampton,2021A00053521010,1 person,Households consisting of only one census family without additional persons,2389.2.3,0,,0,,0,...,0,...,0,...,0,...
2021,Brampton,2021A00053521010,1 person,"One couple, with or without children in their census family",2389.2.4,0,,0,,0,...,0,...,0,...,0,...
2021,Brampton,2021A00053521010,1 person,Without children,2389.2.5,0,,0,,0,...,0,...,0,...,0,...
2021,Brampton,2021A00053521010,1 person,With children,2389.2.6,0,,0,,0,...,0,...,0,...,0,...
2021,Brampton,2021A00053521010,1 person,One one-parent census family,2389.2.7,0,,0,,0,...,0,...,0,...,0,...
2021,Brampton,2021A00053521010,1 person,With a parent that is a man+,2389.2.8,0,,0,,0,...,0,...,0,...,0,...
2021,Brampton,2021A00053521010,1 person,With a parent that is a woman+,2389.2.9,0,,0,,0,...,0,...,0,...,0,...
2021,Brampton,2021A00053521010,1 person,Other census family households,2389.2.10,0,,0,,0,...,0,...,0,...,0,...
2021,Brampton,2021A00053521010,1 person,Non-census family households,2389.2.11,22140,,20825,,45200,,45200,,40400,,40000,
2021,Brampton,2021A00053521010,2 or more persons,Total – Household type including census family structure,2389.3.1,160335,,147185,,120000,,102000,,106000,,90000,
2021,Brampton,2021A00053521010,2 or more persons,Census-family households,2389.3.2,151520,,142645,,122000,,103000,,107000,,91000,
2021,Brampton,2021A00053521010,2 or more persons,Households consisting of only one census family without additional persons,2389.3.3,107810,,104875,,110000,,96000,,97000,,84000,
2021,Brampton,2021A00053521010,2 or more persons,"One couple, with or without children in their census family",2389.3.4,91145,,88220,,117000,,102000,,101000,,89000,
2021,Brampton,2021A00053521010,2 or more persons,Without children,2389.3.5,23975,,23420,,91000,,88000,,79500,,76500,
2021,Brampton,2021A00053521010,2 or more persons,With children,2389.3.6,67170,,64795,,126000,,108000,,109000,,94000,
2021,Brampton,2021A00053521010,2 or more persons,One one-parent census family,2389.3.7,16660,,16660,,80000,,64500,,72500,,59200,
2021,Brampton,2021A00053521010,2 or more persons,With a parent that is a man+,2389.3.8,2630,,2610,,88000,,78500,,77000,,68000,
2021,Brampton,2021A00053521010,2 or more persons,With a parent that is a woman+,2389.3.9,14030,,14050,,78500,,62400,,72000,,57600,
2021,Brampton,2021A00053521010,2 or more persons,Other census family households,2389.3.10,43715,,37775,,151000,,123000,,136000,,112000,
2021,Brampton,2021A00053521010,2 or more persons,Non-census family households,2389.3.11,8810,,4545,,94000,,78000,,85000,,69500,
2021,Brampton,2021A00053521010,2 persons,Total – Household type including census family structure,2389.4.1,35990,,34495,,85000,,80000,,75000,,70000,
2021,Brampton,2021A00053521010,2 persons,Census-family households,2389.4.2,32070,,31405,,86000,,80000,,76000,,70500,
2021,Brampton,2021A00053521010,2 persons,Households consisting of only one census family without additional persons,2389.4.3,32070,,31405,,86000,,80000,,76000,,70500,
2021,Brampton,2021A00053521010,2 persons,"One couple, with or without children in their census family",2389.4.4,23975,,23420,,91000,,88000,,79500,,76500,
2021,Brampton,2021A00053521010,2 persons,Without children,2389.4.5,23975,,23420,,91000,,88000,,79500,,76500,
2021,Brampton,2021A00053521010,2 persons,With children,2389.4.6,0,,0,,0,...,0,...,0,...,0,...
2021,Brampton,2021A00053521010,2 persons,One one-parent census family,2389.4.7,8095,,7990,,73000,,62400,,65500,,56000,
2021,Brampton,2021A00053521010,2 persons,With a parent that is a man+,2389.4.8,1540,,1490,,80000,,72000,,70000,,63200,
2021,Brampton,2021A00053521010,2 persons,With a parent that is a woman+,2389.4.9,6555,,6495,,71500,,59600,,64500,,54000,
2021,Brampton,2021A00053521010,2 persons,Other census family households,2389.4.10,0,,0,,0,...,0,...,0,...,0,...
2021,Brampton,2021A00053521010,2 persons,Non-census family households,2389.4.11,3915,,3095,,77500,,75000,,69500,,66000,
2021,Brampton,2021A00053521010,3 persons,Total – Household type including census family structure,2389.5.1,34145,,31210,,111000,,98000,,97000,,86000,
2021,Brampton,2021A00053521010,3 persons,Census-family households,2389.5.2,32535,,30390,,112000,,98000,,98000,,86000,
2021,Brampton,2021A00053521010,3 persons,Households consisting of only one census family without additional persons,2389.5.3,28215,,26675,,113000,,98000,,98000,,86000,
2021,Brampton,2021A00053521010,3 persons,"One couple, with or without children in their census family",2389.5.4,22725,,21095,,119000,,106000,,103000,,92000,
2021,Brampton,2021A00053521010,3 persons,Without children,2389.5.5,0,,0,,0,...,0,...,0,...,0,...
2021,Brampton,2021A00053521010,3 persons,With children,2389.5.6,22725,,21095,,119000,,106000,,103000,,92000,
2021,Brampton,2021A00053521010,3 persons,One one-parent census family,2389.5.7,5490,,5585,,85000,,67000,,77500,,61200,
2021,Brampton,2021A00053521010,3 persons,With a parent that is a man+,2389.5.8,775,,785,,101000,,84000,,88000,,75000,
2021,Brampton,2021A00053521010,3 persons,With a parent that is a woman+,2389.5.9,4720,,4795,,82000,,64500,,76000,,59600,
2021,Brampton,2021A00053521010,3 persons,Other census family households,2389.5.10,4320,,3715,,112000,,100000,,100000,,89000,
2021,Brampton,2021A00053521010,3 persons,Non-census family households,2389.5.11,1605,,825,,88000,,81000,,81000,,74000,
2021,Brampton,2021A00053521010,4 persons,Total – Household type including census family structure,2389.6.1,42935,,39420,,127000,,108000,,111000,,94000,
2021,Brampton,2021A00053521010,4 persons,Census-family households,2389.6.2,41685,,39070,,128000,,108000,,112000,,95000,
2021,Brampton,2021A00053521010,4 persons,Households consisting of only one census family without additional persons,2389.6.3,33820,,32625,,127000,,106000,,110000,,93000,
2021,Brampton,2021A00053521010,4 persons,"One couple, with or without children in their census family",2389.6.4,31640,,30445,,129000,,109000,,112000,,95000,
2021,Brampton,2021A00053521010,4 persons,Without children,2389.6.5,0,,0,,0,...,0,...,0,...,0,...
2021,Brampton,2021A00053521010,4 persons,With children,2389.6.6,31640,,30445,,129000,,109000,,112000,,95000,
2021,Brampton,2021A00053521010,4 persons,One one-parent census family,2389.6.7,2185,,2180,,91000,,66500,,84000,,63200,
2021,Brampton,2021A00053521010,4 persons,With a parent that is a man+,2389.6.8,225,,235,,106000,,88000,,97000,,80000,
2021,Brampton,2021A00053521010,4 persons,With a parent that is a woman+,2389.6.9,1960,,1945,,89000,,64000,,83000,,61600,
2021,Brampton,2021A00053521010,4 persons,Other census family households,2389.6.10,7860,,6450,,134000,,115000,,119000,,103000,
2021,Brampton,2021A00053521010,4 persons,Non-census family households,2389.6.11,1255,,345,,103000,,86000,,98000,,82000,
2021,Brampton,2021A00053521010,5 or more persons,Total – Household type including census family structure,2389.7.1,47265,,42065,,152000,,120000,,136000,,109000,
2021,Brampton,2021A00053521010,5 or more persons,Census-family households,2389.7.2,45225,,41780,,152000,,120000,,137000,,109000,
2021,Brampton,2021A00053521010,5 or more persons,Households consisting of only one census family without additional persons,2389.7.3,13695,,14170,,128000,,103000,,114000,,92000,
2021,Brampton,2021A00053521010,5 or more persons,"One couple, with or without children in their census family",2389.7.4,12805,,13255,,130000,,105000,,115000,,94000,
2021,Brampton,2021A00053521010,5 or more persons,Without children,2389.7.5,0,,0,,0,...,0,...,0,...,0,...
2021,Brampton,2021A00053521010,5 or more persons,With children,2389.7.6,12805,,13255,,130000,,105000,,115000,,94000,
2021,Brampton,2021A00053521010,5 or more persons,One one-parent census family,2389.7.7,890,,910,,96000,,66500,,91000,,64000,
2021,Brampton,2021A00053521010,5 or more persons,With a parent that is a man+,2389.7.8,90,,90,,142000,,83000,,130000,,75500,
2021,Brampton,2021A00053521010,5 or more persons,With a parent that is a woman+,2389.7.9,800,,820,,93000,,65000,,89000,,63200,
2021,Brampton,2021A00053521010,5 or more persons,Other census family households,2389.7.10,31530,,27610,,162000,,129000,,146000,,117000,
2021,Brampton,2021A00053521010,5 or more persons,Non-census family households,2389.7.11,2040,,285,,133000,,99000,,124000,,92000,
2021,Caledon,2021A00053521024,Total - Households by household size,Total – Household type including census family structure,2390.1.1,23700,,21260,,133000,,123000,,113000,,104000,
2021,Caledon,2021A00053521024,Total - Households by household size,Census-family households,2390.1.2,20065,,18360,,146000,,133000,,123000,,112000,
2021,Caledon,2021A00053521024,Total - Households by household size,Households consisting of only one census family without additional persons,2390.1.3,16590,,15995,,140000,,130000,,118000,,109000,
2021,Caledon,2021A00053521024,Total - Households by household size,"One couple, with or without children in their census family",2390.1.4,14870,,14390,,147000,,136000,,122000,,113000,
2021,Caledon,2021A00053521024,Total - Households by household size,Without children,2390.1.5,5065,,5070,,115000,,109000,,97000,,92000,
2021,Caledon,2021A00053521024,Total - Households by household size,With children,2390.1.6,9805,,9325,,162000,,151000,,135000,,124000,
2021,Caledon,2021A00053521024,Total - Households by household size,One one-parent census family,2390.1.7,1730,,1600,,95000,,80000,,84000,,70500,
2021,Caledon,2021A00053521024,Total - Households by household size,With a parent that is a man+,2390.1.8,405,,415,,110000,,93000,,94000,,78500,
2021,Caledon,2021A00053521024,Total - Households by household size,With a parent that is a woman+,2390.1.9,1325,,1190,,91000,,77500,,81000,,69000,
2021,Caledon,2021A00053521024,Total - Households by household size,Other census family households,2390.1.10,3470,,2365,,172000,,157000,,151000,,137000,
2021,Caledon,2021A00053521024,Total - Households by household size,Non-census family households,2390.1.11,3635,,2895,,56000,,56400,,48800,,48000,
2021,Caledon,2021A00053521024,1 person,Total – Household type including census family structure,2390.2.1,3140,,2560,,50400,,52000,,44400,,45200,
2021,Caledon,2021A00053521024,1 person,Census-family households,2390.2.2,0,,0,,0,...,0,...,0,...,0,...
2021,Caledon,2021A00053521024,1 person,Households consisting of only one census family without additional persons,2390.2.3,0,,0,,0,...,0,...,0,...,0,...
2021,Caledon,2021A00053521024,1 person,"One couple, with or without children in their census family",2390.2.4,0,,0,,0,...,0,...,0,...,0,...
2021,Caledon,2021A00053521024,1 person,Without children,2390.2.5,0,,0,,0,...,0,...,0,...,0,...
2021,Caledon,2021A00053521024,1 person,With children,2390.2.6,0,,0,,0,...,0,...,0,...,0,...
2021,Caledon,2021A00053521024,1 person,One one-parent census family,2390.2.7,0,,0,,0,...,0,...,0,...,0,...
2021,Caledon,2021A00053521024,1 person,With a parent that is a man+,2390.2.8,0,,0,,0,...,0,...,0,...,0,...
2021,Caledon,2021A00053521024,1 person,With a parent that is a woman+,2390.2.9,0,,0,,0,...,0,...,0,...,0,...
2021,Caledon,2021A00053521024,1 person,Other census family households,2390.2.10,0,,0,,0,...,0,...,0,...,0,...
2021,Caledon,2021A00053521024,1 person,Non-census family households,2390.2.11,3140,,2560,,50400,,52000,,44400,,45200,
2021,Caledon,2021A00053521024,2 or more persons,Total – Household type including census family structure,2390.3.1,20560,,18695,,145000,,133000,,123000,,112000,
2021,Caledon,2021A00053521024,2 or more persons,Census-family households,2390.3.2,20065,,18360,,146000,,133000,,123000,,112000,
2021,Caledon,2021A00053521024,2 or more persons,Households consisting of only one census family without additional persons,2390.3.3,16590,,15995,,140000,,130000,,118000,,109000,
2021,Caledon,2021A00053521024,2 or more persons,"One couple, with or without children in their census family",2390.3.4,14870,,14390,,147000,,136000,,122000,,113000,
2021,Caledon,2021A00053521024,2 or more persons,Without children,2390.3.5,5065,,5070,,115000,,109000,,97000,,92000,
2021,Caledon,2021A00053521024,2 or more persons,With children,2390.3.6,9805,,9325,,162000,,151000,,135000,,124000,
2021,Caledon,2021A00053521024,2 or more persons,One one-parent census family,2390.3.7,1730,,1600,,95000,,80000,,84000,,70500,
2021,Caledon,2021A00053521024,2 or more persons,With a parent that is a man+,2390.3.8,405,,415,,110000,,93000,,94000,,78500,
2021,Caledon,2021A00053521024,2 or more persons,With a parent that is a woman+,2390.3.9,1325,,1190,,91000,,77500,,81000,,69000,
2021,Caledon,2021A00053521024,2 or more persons,Other census family households,2390.3.10,3470,,2365,,172000,,157000,,151000,,137000,
2021,Caledon,2021A00053521024,2 or more persons,Non-census family households,2390.3.11,495,,335,,106000,,97000,,93000,,83000,
2021,Caledon,2021A00053521024,2 persons,Total – Household type including census family structure,2390.4.1,6260,,6180,,108000,,102000,,92000,,87000,
2021,Caledon,2021A00053521024,2 persons,Census-family households,2390.4.2,5930,,5895,,109000,,103000,,93000,,88000,
2021,Caledon,2021A00053521024,2 persons,Households consisting of only one census family without additional persons,2390.4.3,5930,,5895,,109000,,103000,,93000,,88000,
2021,Caledon,2021A00053521024,2 persons,"One couple, with or without children in their census family",2390.4.4,5065,,5070,,115000,,109000,,97000,,92000,
2021,Caledon,2021A00053521024,2 persons,Without children,2390.4.5,5065,,5070,,115000,,109000,,97000,,92000,
2021,Caledon,2021A00053521024,2 persons,With children,2390.4.6,0,,0,,0,...,0,...,0,...,0,...
2021,Caledon,2021A00053521024,2 persons,One one-parent census family,2390.4.7,870,,825,,88000,,77000,,77000,,66500,
2021,Caledon,2021A00053521024,2 persons,With a parent that is a man+,2390.4.8,240,,250,,99000,,83000,,85000,,69000,
2021,Caledon,2021A00053521024,2 persons,With a parent that is a woman+,2390.4.9,630,,575,,83000,,76000,,72500,,66000,
2021,Caledon,2021A00053521024,2 persons,Other census family households,2390.4.10,0,,0,,0,...,0,...,0,...,0,...
2021,Caledon,2021A00053521024,2 persons,Non-census family households,2390.4.11,330,,285,,92000,,93000,,80000,,79000,
2021,Caledon,2021A00053521024,3 persons,Total – Household type including census family structure,2390.5.1,4295,,3980,,139000,,131000,,118000,,110000,
2021,Caledon,2021A00053521024,3 persons,Census-family households,2390.5.2,4210,,3940,,139000,,131000,,118000,,110000,
2021,Caledon,2021A00053521024,3 persons,Households consisting of only one census family without additional persons,2390.5.3,3785,,3560,,140000,,132000,,118000,,110000,
2021,Caledon,2021A00053521024,3 persons,"One couple, with or without children in their census family",2390.5.4,3155,,2990,,148000,,139000,,124000,,116000,
2021,Caledon,2021A00053521024,3 persons,Without children,2390.5.5,0,,0,,0,...,0,...,0,...,0,...
2021,Caledon,2021A00053521024,3 persons,With children,2390.5.6,3155,,2990,,148000,,139000,,124000,,116000,
2021,Caledon,2021A00053521024,3 persons,One one-parent census family,2390.5.7,630,,570,,103000,,86000,,91000,,74500,
2021,Caledon,2021A00053521024,3 persons,With a parent that is a man+,2390.5.8,125,,135,,130000,,109000,,108000,,90000,
2021,Caledon,2021A00053521024,3 persons,With a parent that is a woman+,2390.5.9,505,,435,,97000,,77500,,87000,,70500,
2021,Caledon,2021A00053521024,3 persons,Other census family households,2390.5.10,425,,380,,132000,,126000,,115000,,108000,
2021,Caledon,2021A00053521024,3 persons,Non-census family households,2390.5.11,90,,40,,130000,,122000,,112000,,107000,
2021,Caledon,2021A00053521024,4 persons,Total – Household type including census family structure,2390.6.1,5710,,5305,,164000,,153000,,137000,,127000,
2021,Caledon,2021A00053521024,4 persons,Census-family households,2390.6.2,5670,,5300,,164000,,153000,,137000,,127000,
2021,Caledon,2021A00053521024,4 persons,Households consisting of only one census family without additional persons,2390.6.3,5010,,4795,,166000,,153000,,137000,,126000,
2021,Caledon,2021A00053521024,4 persons,"One couple, with or without children in their census family",2390.6.4,4840,,4620,,166000,,155000,,138000,,128000,
2021,Caledon,2021A00053521024,4 persons,Without children,2390.6.5,0,,0,,0,...,0,...,0,...,0,...
2021,Caledon,2021A00053521024,4 persons,With children,2390.6.6,4840,,4620,,166000,,155000,,138000,,128000,
2021,Caledon,2021A00053521024,4 persons,One one-parent census family,2390.6.7,170,,170,,113000,,92000,,98000,,86000,
2021,Caledon,2021A00053521024,4 persons,With a parent that is a man+,2390.6.8,35,,30,,130000,,127000,,109000,,104000,
2021,Caledon,2021A00053521024,4 persons,With a parent that is a woman+,2390.6.9,135,,145,,110000,,87000,,96000,,79500,
2021,Caledon,2021A00053521024,4 persons,Other census family households,2390.6.10,660,,505,,158000,,157000,,137000,,135000,
2021,Caledon,2021A00053521024,4 persons,Non-census family households,2390.6.11,35,,10,,100000,,,x,98000,,,x
2021,Caledon,2021A00053521024,5 or more persons,Total – Household type including census family structure,2390.7.1,4295,,3230,,180000,,162000,,154000,,138000,
2021,Caledon,2021A00053521024,5 or more persons,Census-family households,2390.7.2,4250,,3225,,180000,,162000,,154000,,138000,
2021,Caledon,2021A00053521024,5 or more persons,Households consisting of only one census family without additional persons,2390.7.3,1865,,1750,,174000,,157000,,145000,,130000,
2021,Caledon,2021A00053521024,5 or more persons,"One couple, with or without children in their census family",2390.7.4,1805,,1715,,174000,,158000,,147000,,131000,
2021,Caledon,2021A00053521024,5 or more persons,Without children,2390.7.5,0,,0,,0,...,0,...,0,...,0,...
2021,Caledon,2021A00053521024,5 or more persons,With children,2390.7.6,1805,,1715,,174000,,158000,,147000,,131000,
2021,Caledon,2021A00053521024,5 or more persons,One one-parent census family,2390.7.7,60,,40,,122000,,81000,,116000,,71000,
2021,Caledon,2021A00053521024,5 or more persons,With a parent that is a man+,2390.7.8,10,,0,,,x,0,...,,x,0,...
2021,Caledon,2021A00053521024,5 or more persons,With a parent that is a woman+,2390.7.9,50,,35,,119000,,70000,,109000,,70000,
2021,Caledon,2021A00053521024,5 or more persons,Other census family households,2390.7.10,2385,,1480,,184000,,166000,,164000,,145000,
2021,Caledon,2021A00053521024,5 or more persons,Non-census family households,2390.7.11,45,,0,,172000,,0,...,166000,,0,...
2021,Halton,2021A00033524,Total - Households by household size,Total – Household type including census family structure,2409.1.1,208605,,192975,,121000,,111000,,103000,,94000,
2021,Halton,2021A00033524,Total - Households by household size,Census-family households,2409.1.2,163105,,151350,,142000,,131000,,119000,,110000,
2021,Halton,2021A00033524,Total - Households by household size,Households consisting of only one census family without additional persons,2409.1.3,147050,,137810,,138000,,129000,,116000,,107000,
2021,Halton,2021A00033524,Total - Households by household size,"One couple, with or without children in their census family",2409.1.4,128755,,121105,,147000,,137000,,122000,,114000,
2021,Halton,2021A00033524,Total - Households by household size,Without children,2409.1.5,47040,,45520,,115000,,109000,,97000,,93000,
2021,Halton,2021A00033524,Total - Households by household size,With children,2409.1.6,81710,,75585,,168000,,156000,,138000,,128000,
2021,Halton,2021A00033524,Total - Households by household size,One one-parent census family,2409.1.7,18295,,16705,,87000,,77000,,77000,,68000,
2021,Halton,2021A00033524,Total - Households by household size,With a parent that is a man+,2409.1.8,3675,,3330,,101000,,97000,,86000,,81000,
2021,Halton,2021A00033524,Total - Households by household size,With a parent that is a woman+,2409.1.9,14625,,13380,,84000,,72500,,75000,,65000,
2021,Halton,2021A00033524,Total - Households by household size,Other census family households,2409.1.10,16055,,13540,,172000,,151000,,149000,,130000,
2021,Halton,2021A00033524,Total - Households by household size,Non-census family households,2409.1.11,45490,,41620,,57600,,54800,,50000,,47200,
2021,Halton,2021A00033524,1 person,Total – Household type including census family structure,2409.2.1,40865,,37660,,54400,,52400,,47200,,45200,
2021,Halton,2021A00033524,1 person,Census-family households,2409.2.2,0,,0,,0,...,0,...,0,...,0,...
2021,Halton,2021A00033524,1 person,Households consisting of only one census family without additional persons,2409.2.3,0,,0,,0,...,0,...,0,...,0,...
2021,Halton,2021A00033524,1 person,"One couple, with or without children in their census family",2409.2.4,0,,0,,0,...,0,...,0,...,0,...
2021,Halton,2021A00033524,1 person,Without children,2409.2.5,0,,0,,0,...,0,...,0,...,0,...
2021,Halton,2021A00033524,1 person,With children,2409.2.6,0,,0,,0,...,0,...,0,...,0,...
2021,Halton,2021A00033524,1 person,One one-parent census family,2409.2.7,0,,0,,0,...,0,...,0,...,0,...
2021,Halton,2021A00033524,1 person,With a parent that is a man+,2409.2.8,0,,0,,0,...,0,...,0,...,0,...
2021,Halton,2021A00033524,1 person,With a parent that is a woman+,2409.2.9,0,,0,,0,...,0,...,0,...,0,...
2021,Halton,2021A00033524,1 person,Other census family households,2409.2.10,0,,0,,0,...,0,...,0,...,0,...
2021,Halton,2021A00033524,1 person,Non-census family households,2409.2.11,40865,,37660,,54400,,52400,,47200,,45200,
2021,Halton,2021A00033524,2 or more persons,Total – Household type including census family structure,2409.3.1,167740,,155315,,140000,,129000,,118000,,108000,
2021,Halton,2021A00033524,2 or more persons,Census-family households,2409.3.2,163105,,151350,,142000,,131000,,119000,,110000,
2021,Halton,2021A00033524,2 or more persons,Households consisting of only one census family without additional persons,2409.3.3,147050,,137810,,138000,,129000,,116000,,107000,
2021,Halton,2021A00033524,2 or more persons,"One couple, with or without children in their census family",2409.3.4,128755,,121105,,147000,,137000,,122000,,114000,
2021,Halton,2021A00033524,2 or more persons,Without children,2409.3.5,47040,,45520,,115000,,109000,,97000,,93000,
2021,Halton,2021A00033524,2 or more persons,With children,2409.3.6,81710,,75585,,168000,,156000,,138000,,128000,
2021,Halton,2021A00033524,2 or more persons,One one-parent census family,2409.3.7,18295,,16705,,87000,,77000,,77000,,68000,
2021,Halton,2021A00033524,2 or more persons,With a parent that is a man+,2409.3.8,3675,,3330,,101000,,97000,,86000,,81000,
2021,Halton,2021A00033524,2 or more persons,With a parent that is a woman+,2409.3.9,14625,,13380,,84000,,72500,,75000,,65000,
2021,Halton,2021A00033524,2 or more persons,Other census family households,2409.3.10,16055,,13540,,172000,,151000,,149000,,130000,
2021,Halton,2021A00033524,2 or more persons,Non-census family households,2409.3.11,4630,,3960,,94000,,83000,,83000,,73000,
2021,Halton,2021A00033524,2 persons,Total – Household type including census family structure,2409.4.1,60995,,57965,,106000,,101000,,91000,,87000,
2021,Halton,2021A00033524,2 persons,Census-family households,2409.4.2,57290,,54755,,108000,,103000,,92000,,88000,
2021,Halton,2021A00033524,2 persons,Households consisting of only one census family without additional persons,2409.4.3,57290,,54755,,108000,,103000,,92000,,88000,
2021,Halton,2021A00033524,2 persons,"One couple, with or without children in their census family",2409.4.4,47040,,45520,,115000,,109000,,97000,,93000,
2021,Halton,2021A00033524,2 persons,Without children,2409.4.5,47040,,45520,,115000,,109000,,97000,,93000,
2021,Halton,2021A00033524,2 persons,With children,2409.4.6,0,,0,,0,...,0,...,0,...,0,...
2021,Halton,2021A00033524,2 persons,One one-parent census family,2409.4.7,10250,,9235,,80000,,74000,,71000,,64500,
2021,Halton,2021A00033524,2 persons,With a parent that is a man+,2409.4.8,2205,,1945,,93000,,90000,,79000,,76000,
2021,Halton,2021A00033524,2 persons,With a parent that is a woman+,2409.4.9,8045,,7290,,77500,,70000,,69000,,62000,
2021,Halton,2021A00033524,2 persons,Other census family households,2409.4.10,0,,0,,0,...,0,...,0,...,0,...
2021,Halton,2021A00033524,2 persons,Non-census family households,2409.4.11,3705,,3210,,90000,,82000,,78500,,71000,
2021,Halton,2021A00033524,3 persons,Total – Household type including census family structure,2409.5.1,37295,,34005,,140000,,130000,,118000,,109000,
2021,Halton,2021A00033524,3 persons,Census-family households,2409.5.2,36655,,33440,,141000,,130000,,118000,,109000,
2021,Halton,2021A00033524,3 persons,Households consisting of only one census family without additional persons,2409.5.3,33770,,30845,,142000,,132000,,119000,,110000,
2021,Halton,2021A00033524,3 persons,"One couple, with or without children in their census family",2409.5.4,27680,,25170,,153000,,143000,,127000,,119000,
2021,Halton,2021A00033524,3 persons,Without children,2409.5.5,0,,0,,0,...,0,...,0,...,0,...
2021,Halton,2021A00033524,3 persons,With children,2409.5.6,27680,,25170,,153000,,143000,,127000,,119000,
2021,Halton,2021A00033524,3 persons,One one-parent census family,2409.5.7,6090,,5670,,96000,,83000,,85000,,73000,
2021,Halton,2021A00033524,3 persons,With a parent that is a man+,2409.5.8,1180,,1105,,111000,,107000,,93000,,89000,
2021,Halton,2021A00033524,3 persons,With a parent that is a woman+,2409.5.9,4905,,4565,,92000,,77500,,83000,,69500,
2021,Halton,2021A00033524,3 persons,Other census family households,2409.5.10,2885,,2600,,129000,,119000,,112000,,103000,
2021,Halton,2021A00033524,3 persons,Non-census family households,2409.5.11,640,,565,,105000,,89000,,94000,,81000,
2021,Halton,2021A00033524,4 persons,Total – Household type including census family structure,2409.6.1,44665,,41490,,172000,,159000,,142000,,131000,
2021,Halton,2021A00033524,4 persons,Census-family households,2409.6.2,44495,,41360,,174000,,159000,,143000,,131000,
2021,Halton,2021A00033524,4 persons,Households consisting of only one census family without additional persons,2409.6.3,40760,,38080,,174000,,162000,,143000,,132000,
2021,Halton,2021A00033524,4 persons,"One couple, with or without children in their census family",2409.6.4,39235,,36620,,178000,,164000,,145000,,135000,
2021,Halton,2021A00033524,4 persons,Without children,2409.6.5,0,,0,,0,...,0,...,0,...,0,...
2021,Halton,2021A00033524,4 persons,With children,2409.6.6,39235,,36620,,178000,,164000,,145000,,135000,
2021,Halton,2021A00033524,4 persons,One one-parent census family,2409.6.7,1525,,1460,,96000,,78000,,89000,,70500,
2021,Halton,2021A00033524,4 persons,With a parent that is a man+,2409.6.8,245,,230,,122000,,109000,,104000,,90000,
2021,Halton,2021A00033524,4 persons,With a parent that is a woman+,2409.6.9,1280,,1225,,92000,,70500,,86000,,66500,
2021,Halton,2021A00033524,4 persons,Other census family households,2409.6.10,3735,,3280,,162000,,142000,,140000,,124000,
2021,Halton,2021A00033524,4 persons,Non-census family households,2409.6.11,170,,130,,135000,,97000,,122000,,90000,
2021,Halton,2021A00033524,5 or more persons,Total – Household type including census family structure,2409.7.1,24780,,21855,,178000,,160000,,151000,,136000,
2021,Halton,2021A00033524,5 or more persons,Census-family households,2409.7.2,24670,,21795,,178000,,162000,,151000,,136000,
2021,Halton,2021A00033524,5 or more persons,Households consisting of only one census family without additional persons,2409.7.3,15230,,14130,,166000,,156000,,140000,,129000,
2021,Halton,2021A00033524,5 or more persons,"One couple, with or without children in their census family",2409.7.4,14800,,13790,,170000,,158000,,141000,,131000,
2021,Halton,2021A00033524,5 or more persons,Without children,2409.7.5,0,,0,,0,...,0,...,0,...,0,...
2021,Halton,2021A00033524,5 or more persons,With children,2409.7.6,14800,,13790,,170000,,158000,,141000,,131000,
2021,Halton,2021A00033524,5 or more persons,One one-parent census family,2409.7.7,430,,340,,92000,,71500,,87000,,69500,
2021,Halton,2021A00033524,5 or more persons,With a parent that is a man+,2409.7.8,45,,45,,117000,,120000,,99000,,102000,
2021,Halton,2021A00033524,5 or more persons,With a parent that is a woman+,2409.7.9,385,,295,,89000,,69500,,86000,,66000,
2021,Halton,2021A00033524,5 or more persons,Other census family households,2409.7.10,9440,,7670,,192000,,168000,,166000,,145000,
2021,Halton,2021A00033524,5 or more persons,Non-census family households,2409.7.11,110,,60,,180000,,120000,,162000,,111000,
2021,Oakville,2021A00053524001,Total - Households by household size,Total – Household type including census family structure,2410.1.1,73560,,66270,,128000,,123000,,108000,,103000,
2021,Oakville,2021A00053524001,Total - Households by household size,Census-family households,2410.1.2,58460,,53145,,152000,,146000,,126000,,121000,
2021,Oakville,2021A00053524001,Total - Households by household size,Households consisting of only one census family without additional persons,2410.1.3,52835,,48390,,148000,,144000,,123000,,119000,
2021,Oakville,2021A00053524001,Total - Households by household size,"One couple, with or without children in their census family",2410.1.4,46280,,42610,,160000,,155000,,131000,,127000,
2021,Oakville,2021A00053524001,Total - Households by household size,Without children,2410.1.5,15610,,14570,,122000,,119000,,103000,,100000,
2021,Oakville,2021A00053524001,Total - Households by household size,With children,2410.1.6,30670,,28045,,182000,,176000,,147000,,143000,
2021,Oakville,2021A00053524001,Total - Households by household size,One one-parent census family,2410.1.7,6555,,5775,,85000,,80000,,76000,,70500,
2021,Oakville,2021A00053524001,Total - Households by household size,With a parent that is a man+,2410.1.8,1225,,1075,,103000,,108000,,87000,,90000,
2021,Oakville,2021A00053524001,Total - Households by household size,With a parent that is a woman+,2410.1.9,5330,,4705,,81000,,74500,,73500,,66500,
2021,Oakville,2021A00053524001,Total - Households by household size,Other census family households,2410.1.10,5620,,4755,,180000,,162000,,154000,,139000,
2021,Oakville,2021A00053524001,Total - Households by household size,Non-census family households,2410.1.11,15100,,13125,,58800,,54400,,50800,,47200,
2021,Oakville,2021A00053524001,1 person,Total – Household type including census family structure,2410.2.1,13425,,11760,,55200,,52400,,47600,,45200,
2021,Oakville,2021A00053524001,1 person,Census-family households,2410.2.2,0,,0,,0,...,0,...,0,...,0,...
2021,Oakville,2021A00053524001,1 person,Households consisting of only one census family without additional persons,2410.2.3,0,,0,,0,...,0,...,0,...,0,...
2021,Oakville,2021A00053524001,1 person,"One couple, with or without children in their census family",2410.2.4,0,,0,,0,...,0,...,0,...,0,...
2021,Oakville,2021A00053524001,1 person,Without children,2410.2.5,0,,0,,0,...,0,...,0,...,0,...
2021,Oakville,2021A00053524001,1 person,With children,2410.2.6,0,,0,,0,...,0,...,0,...,0,...
2021,Oakville,2021A00053524001,1 person,One one-parent census family,2410.2.7,0,,0,,0,...,0,...,0,...,0,...
2021,Oakville,2021A00053524001,1 person,With a parent that is a man+,2410.2.8,0,,0,,0,...,0,...,0,...,0,...
2021,Oakville,2021A00053524001,1 person,With a parent that is a woman+,2410.2.9,0,,0,,0,...,0,...,0,...,0,...
2021,Oakville,2021A00053524001,1 person,Other census family households,2410.2.10,0,,0,,0,...,0,...,0,...,0,...
2021,Oakville,2021A00053524001,1 person,Non-census family households,2410.2.11,13425,,11760,,55200,,52400,,47600,,45200,
2021,Oakville,2021A00053524001,2 or more persons,Total – Household type including census family structure,2410.3.1,60135,,54510,,150000,,144000,,125000,,119000,
2021,Oakville,2021A00053524001,2 or more persons,Census-family households,2410.3.2,58460,,53145,,152000,,146000,,126000,,121000,
2021,Oakville,2021A00053524001,2 or more persons,Households consisting of only one census family without additional persons,2410.3.3,52835,,48390,,148000,,144000,,123000,,119000,
2021,Oakville,2021A00053524001,2 or more persons,"One couple, with or without children in their census family",2410.3.4,46280,,42610,,160000,,155000,,131000,,127000,
2021,Oakville,2021A00053524001,2 or more persons,Without children,2410.3.5,15610,,14570,,122000,,119000,,103000,,100000,
2021,Oakville,2021A00053524001,2 or more persons,With children,2410.3.6,30670,,28045,,182000,,176000,,147000,,143000,
2021,Oakville,2021A00053524001,2 or more persons,One one-parent census family,2410.3.7,6555,,5775,,85000,,80000,,76000,,70500,
2021,Oakville,2021A00053524001,2 or more persons,With a parent that is a man+,2410.3.8,1225,,1075,,103000,,108000,,87000,,90000,
2021,Oakville,2021A00053524001,2 or more persons,With a parent that is a woman+,2410.3.9,5330,,4705,,81000,,74500,,73500,,66500,
2021,Oakville,2021A00053524001,2 or more persons,Other census family households,2410.3.10,5620,,4755,,180000,,162000,,154000,,139000,
2021,Oakville,2021A00053524001,2 or more persons,Non-census family households,2410.3.11,1680,,1360,,92000,,73500,,81000,,65500,
2021,Oakville,2021A00053524001,2 persons,Total – Household type including census family structure,2410.4.1,20490,,18715,,111000,,108000,,94000,,91000,
2021,Oakville,2021A00053524001,2 persons,Census-family households,2410.4.2,19250,,17705,,113000,,110000,,96000,,93000,
2021,Oakville,2021A00053524001,2 persons,Households consisting of only one census family without additional persons,2410.4.3,19250,,17705,,113000,,110000,,96000,,93000,
2021,Oakville,2021A00053524001,2 persons,"One couple, with or without children in their census family",2410.4.4,15610,,14570,,122000,,119000,,103000,,100000,
2021,Oakville,2021A00053524001,2 persons,Without children,2410.4.5,15610,,14570,,122000,,119000,,103000,,100000,
2021,Oakville,2021A00053524001,2 persons,With children,2410.4.6,0,,0,,0,...,0,...,0,...,0,...
2021,Oakville,2021A00053524001,2 persons,One one-parent census family,2410.4.7,3640,,3140,,76500,,76000,,68000,,67000,
2021,Oakville,2021A00053524001,2 persons,With a parent that is a man+,2410.4.8,765,,595,,92000,,96000,,77000,,80000,
2021,Oakville,2021A00053524001,2 persons,With a parent that is a woman+,2410.4.9,2875,,2545,,74500,,72500,,66000,,63600,
2021,Oakville,2021A00053524001,2 persons,Other census family households,2410.4.10,0,,0,,0,...,0,...,0,...,0,...
2021,Oakville,2021A00053524001,2 persons,Non-census family households,2410.4.11,1240,,1005,,88000,,74000,,76500,,65000,
2021,Oakville,2021A00053524001,3 persons,Total – Household type including census family structure,2410.5.1,14040,,12170,,145000,,138000,,122000,,115000,
2021,Oakville,2021A00053524001,3 persons,Census-family households,2410.5.2,13740,,11920,,147000,,140000,,123000,,117000,
2021,Oakville,2021A00053524001,3 persons,Households consisting of only one census family without additional persons,2410.5.3,12770,,11065,,149000,,142000,,124000,,118000,
2021,Oakville,2021A00053524001,3 persons,"One couple, with or without children in their census family",2410.5.4,10540,,9055,,162000,,155000,,134000,,127000,
2021,Oakville,2021A00053524001,3 persons,Without children,2410.5.5,0,,0,,0,...,0,...,0,...,0,...
2021,Oakville,2021A00053524001,3 persons,With children,2410.5.6,10540,,9055,,162000,,155000,,134000,,127000,
2021,Oakville,2021A00053524001,3 persons,One one-parent census family,2410.5.7,2230,,2005,,94000,,89000,,83000,,77500,
2021,Oakville,2021A00053524001,3 persons,With a parent that is a man+,2410.5.8,375,,380,,121000,,122000,,100000,,98000,
2021,Oakville,2021A00053524001,3 persons,With a parent that is a woman+,2410.5.9,1850,,1625,,90000,,81000,,81000,,72500,
2021,Oakville,2021A00053524001,3 persons,Other census family households,2410.5.10,970,,850,,123000,,124000,,108000,,107000,
2021,Oakville,2021A00053524001,3 persons,Non-census family households,2410.5.11,295,,250,,93000,,70000,,86000,,66000,
2021,Oakville,2021A00053524001,4 persons,Total – Household type including census family structure,2410.6.1,16660,,15560,,188000,,180000,,153000,,146000,
2021,Oakville,2021A00053524001,4 persons,Census-family households,2410.6.2,16575,,15475,,188000,,180000,,153000,,146000,
2021,Oakville,2021A00053524001,4 persons,Households consisting of only one census family without additional persons,2410.6.3,15290,,14335,,190000,,184000,,154000,,148000,
2021,Oakville,2021A00053524001,4 persons,"One couple, with or without children in their census family",2410.6.4,14770,,13835,,194000,,186000,,156000,,150000,
2021,Oakville,2021A00053524001,4 persons,Without children,2410.6.5,0,,0,,0,...,0,...,0,...,0,...
2021,Oakville,2021A00053524001,4 persons,With children,2410.6.6,14770,,13835,,194000,,186000,,156000,,150000,
2021,Oakville,2021A00053524001,4 persons,One one-parent census family,2410.6.7,520,,495,,95000,,78000,,89000,,71500,
2021,Oakville,2021A00053524001,4 persons,With a parent that is a man+,2410.6.8,70,,80,,141000,,121000,,125000,,97000,
2021,Oakville,2021A00053524001,4 persons,With a parent that is a woman+,2410.6.9,455,,420,,90000,,67000,,86000,,63200,
2021,Oakville,2021A00053524001,4 persons,Other census family households,2410.6.10,1285,,1140,,166000,,144000,,142000,,124000,
2021,Oakville,2021A00053524001,4 persons,Non-census family households,2410.6.11,85,,80,,127000,,72000,,116000,,70000,
2021,Oakville,2021A00053524001,5 or more persons,Total – Household type including census family structure,2410.7.1,8950,,8070,,194000,,182000,,162000,,151000,
2021,Oakville,2021A00053524001,5 or more persons,Census-family households,2410.7.2,8890,,8045,,194000,,182000,,162000,,151000,
2021,Oakville,2021A00053524001,5 or more persons,Households consisting of only one census family without additional persons,2410.7.3,5530,,5280,,184000,,182000,,152000,,148000,
2021,Oakville,2021A00053524001,5 or more persons,"One couple, with or without children in their census family",2410.7.4,5365,,5150,,190000,,186000,,155000,,150000,
2021,Oakville,2021A00053524001,5 or more persons,Without children,2410.7.5,0,,0,,0,...,0,...,0,...,0,...
2021,Oakville,2021A00053524001,5 or more persons,With children,2410.7.6,5365,,5150,,190000,,186000,,155000,,150000,
2021,Oakville,2021A00053524001,5 or more persons,One one-parent census family,2410.7.7,165,,135,,95000,,72500,,88000,,70000,
2021,Oakville,2021A00053524001,5 or more persons,With a parent that is a man+,2410.7.8,15,,15,,,x,,x,,x,,x
2021,Oakville,2021A00053524001,5 or more persons,With a parent that is a woman+,2410.7.9,145,,115,,92000,,70000,,86000,,65000,
2021,Oakville,2021A00053524001,5 or more persons,Other census family households,2410.7.10,3370,,2760,,204000,,184000,,174000,,157000,
2021,Oakville,2021A00053524001,5 or more persons,Non-census family households,2410.7.11,50,,25,,160000,,66000,,149000,,63200,
2021,Burlington,2021A00053524002,Total - Households by household size,Total – Household type including census family structure,2411.1.1,73180,,71375,,110000,,101000,,94000,,86000,
2021,Burlington,2021A00053524002,Total - Households by household size,Census-family households,2411.1.2,53035,,52055,,135000,,123000,,114000,,104000,
2021,Burlington,2021A00053524002,Total - Households by household size,Households consisting of only one census family without additional persons,2411.1.3,49160,,48405,,133000,,122000,,112000,,102000,
2021,Burlington,2021A00053524002,Total - Households by household size,"One couple, with or without children in their census family",2411.1.4,42560,,41925,,143000,,130000,,119000,,109000,
2021,Burlington,2021A00053524002,Total - Households by household size,Without children,2411.1.5,19285,,19040,,111000,,104000,,94000,,89000,
2021,Burlington,2021A00053524002,Total - Households by household size,With children,2411.1.6,23275,,22885,,170000,,155000,,141000,,128000,
2021,Burlington,2021A00053524002,Total - Households by household size,One one-parent census family,2411.1.7,6600,,6480,,85000,,74500,,76000,,66000,
2021,Burlington,2021A00053524002,Total - Households by household size,With a parent that is a man+,2411.1.8,1305,,1305,,102000,,96000,,87000,,81000,
2021,Burlington,2021A00053524002,Total - Households by household size,With a parent that is a woman+,2411.1.9,5290,,5175,,83000,,70000,,74000,,63200,
2021,Burlington,2021A00053524002,Total - Households by household size,Other census family households,2411.1.10,3870,,3645,,166000,,145000,,144000,,126000,
2021,Burlington,2021A00053524002,Total - Households by household size,Non-census family households,2411.1.11,20145,,19315,,56800,,54400,,49200,,46800,
2021,Burlington,2021A00053524002,1 person,Total – Household type including census family structure,2411.2.1,18430,,17705,,54000,,52000,,46800,,44800,
2021,Burlington,2021A00053524002,1 person,Census-family households,2411.2.2,0,,0,,0,...,0,...,0,...,0,...
2021,Burlington,2021A00053524002,1 person,Households consisting of only one census family without additional persons,2411.2.3,0,,0,,0,...,0,...,0,...,0,...
2021,Burlington,2021A00053524002,1 person,"One couple, with or without children in their census family",2411.2.4,0,,0,,0,...,0,...,0,...,0,...
2021,Burlington,2021A00053524002,1 person,Without children,2411.2.5,0,,0,,0,...,0,...,0,...,0,...
2021,Burlington,2021A00053524002,1 person,With children,2411.2.6,0,,0,,0,...,0,...,0,...,0,...
2021,Burlington,2021A00053524002,1 person,One one-parent census family,2411.2.7,0,,0,,0,...,0,...,0,...,0,...
2021,Burlington,2021A00053524002,1 person,With a parent that is a man+,2411.2.8,0,,0,,0,...,0,...,0,...,0,...
2021,Burlington,2021A00053524002,1 person,With a parent that is a woman+,2411.2.9,0,,0,,0,...,0,...,0,...,0,...
2021,Burlington,2021A00053524002,1 person,Other census family households,2411.2.10,0,,0,,0,...,0,...,0,...,0,...
2021,Burlington,2021A00053524002,1 person,Non-census family households,2411.2.11,18430,,17705,,54000,,52000,,46800,,44800,
2021,Burlington,2021A00053524002,2 or more persons,Total – Household type including census family structure,2411.3.1,54750,,53665,,134000,,122000,,113000,,103000,
2021,Burlington,2021A00053524002,2 or more persons,Census-family households,2411.3.2,53035,,52055,,135000,,123000,,114000,,104000,
2021,Burlington,2021A00053524002,2 or more persons,Households consisting of only one census family without additional persons,2411.3.3,49160,,48405,,133000,,122000,,112000,,102000,
2021,Burlington,2021A00053524002,2 or more persons,"One couple, with or without children in their census family",2411.3.4,42560,,41925,,143000,,130000,,119000,,109000,
2021,Burlington,2021A00053524002,2 or more persons,Without children,2411.3.5,19285,,19040,,111000,,104000,,94000,,89000,
2021,Burlington,2021A00053524002,2 or more persons,With children,2411.3.6,23275,,22885,,170000,,155000,,141000,,128000,
2021,Burlington,2021A00053524002,2 or more persons,One one-parent census family,2411.3.7,6600,,6480,,85000,,74500,,76000,,66000,
2021,Burlington,2021A00053524002,2 or more persons,With a parent that is a man+,2411.3.8,1305,,1305,,102000,,96000,,87000,,81000,
2021,Burlington,2021A00053524002,2 or more persons,With a parent that is a woman+,2411.3.9,5290,,5175,,83000,,70000,,74000,,63200,
2021,Burlington,2021A00053524002,2 or more persons,Other census family households,2411.3.10,3870,,3645,,166000,,145000,,144000,,126000,
2021,Burlington,2021A00053524002,2 or more persons,Non-census family households,2411.3.11,1715,,1610,,92000,,84000,,82000,,74500,
2021,Burlington,2021A00053524002,2 persons,Total – Household type including census family structure,2411.4.1,24680,,24190,,103000,,97000,,89000,,84000,
2021,Burlington,2021A00053524002,2 persons,Census-family households,2411.4.2,23235,,22795,,105000,,99000,,90000,,85000,
2021,Burlington,2021A00053524002,2 persons,Households consisting of only one census family without additional persons,2411.4.3,23235,,22795,,105000,,99000,,90000,,85000,
2021,Burlington,2021A00053524002,2 persons,"One couple, with or without children in their census family",2411.4.4,19285,,19040,,111000,,104000,,94000,,89000,
2021,Burlington,2021A00053524002,2 persons,Without children,2411.4.5,19285,,19040,,111000,,104000,,94000,,89000,
2021,Burlington,2021A00053524002,2 persons,With children,2411.4.6,0,,0,,0,...,0,...,0,...,0,...
2021,Burlington,2021A00053524002,2 persons,One one-parent census family,2411.4.7,3945,,3755,,80000,,72000,,71000,,63600,
2021,Burlington,2021A00053524002,2 persons,With a parent that is a man+,2411.4.8,810,,785,,94000,,91000,,81000,,77000,
2021,Burlington,2021A00053524002,2 persons,With a parent that is a woman+,2411.4.9,3135,,2965,,77000,,68000,,68500,,60400,
2021,Burlington,2021A00053524002,2 persons,Other census family households,2411.4.10,0,,0,,0,...,0,...,0,...,0,...
2021,Burlington,2021A00053524002,2 persons,Non-census family households,2411.4.11,1445,,1395,,89000,,82000,,78000,,72000,
2021,Burlington,2021A00053524002,3 persons,Total – Household type including census family structure,2411.5.1,11865,,11545,,140000,,127000,,118000,,107000,
2021,Burlington,2021A00053524002,3 persons,Census-family households,2411.5.2,11660,,11370,,140000,,127000,,118000,,107000,
2021,Burlington,2021A00053524002,3 persons,Households consisting of only one census family without additional persons,2411.5.3,10735,,10470,,142000,,129000,,119000,,108000,
2021,Burlington,2021A00053524002,3 persons,"One couple, with or without children in their census family",2411.5.4,8675,,8375,,153000,,142000,,127000,,118000,
2021,Burlington,2021A00053524002,3 persons,Without children,2411.5.5,0,,0,,0,...,0,...,0,...,0,...
2021,Burlington,2021A00053524002,3 persons,With children,2411.5.6,8675,,8375,,153000,,142000,,127000,,118000,
2021,Burlington,2021A00053524002,3 persons,One one-parent census family,2411.5.7,2060,,2095,,97000,,79000,,85000,,70500,
2021,Burlington,2021A00053524002,3 persons,With a parent that is a man+,2411.5.8,400,,410,,109000,,106000,,93000,,88000,
2021,Burlington,2021A00053524002,3 persons,With a parent that is a woman+,2411.5.9,1655,,1685,,93000,,73500,,84000,,66500,
2021,Burlington,2021A00053524002,3 persons,Other census family households,2411.5.10,930,,900,,125000,,111000,,110000,,98000,
2021,Burlington,2021A00053524002,3 persons,Non-census family households,2411.5.11,200,,175,,116000,,94000,,104000,,84000,
2021,Burlington,2021A00053524002,4 persons,Total – Household type including census family structure,2411.6.1,12670,,12395,,176000,,158000,,145000,,131000,
2021,Burlington,2021A00053524002,4 persons,Census-family households,2411.6.2,12625,,12375,,176000,,159000,,145000,,131000,
2021,Burlington,2021A00053524002,4 persons,Households consisting of only one census family without additional persons,2411.6.3,11585,,11375,,178000,,160000,,146000,,132000,
2021,Burlington,2021A00053524002,4 persons,"One couple, with or without children in their census family",2411.6.4,11105,,10855,,182000,,164000,,148000,,135000,
2021,Burlington,2021A00053524002,4 persons,Without children,2411.6.5,0,,0,,0,...,0,...,0,...,0,...
2021,Burlington,2021A00053524002,4 persons,With children,2411.6.6,11105,,10855,,182000,,164000,,148000,,135000,
2021,Burlington,2021A00053524002,4 persons,One one-parent census family,2411.6.7,480,,520,,98000,,78000,,88000,,71000,
2021,Burlington,2021A00053524002,4 persons,With a parent that is a man+,2411.6.8,85,,95,,123000,,102000,,105000,,83000,
2021,Burlington,2021A00053524002,4 persons,With a parent that is a woman+,2411.6.9,395,,425,,92000,,72000,,86000,,66500,
2021,Burlington,2021A00053524002,4 persons,Other census family households,2411.6.10,1035,,1000,,156000,,144000,,136000,,125000,
2021,Burlington,2021A00053524002,4 persons,Non-census family households,2411.6.11,45,,20,,135000,,135000,,120000,,119000,
2021,Burlington,2021A00053524002,5 or more persons,Total – Household type including census family structure,2411.7.1,5535,,5535,,186000,,162000,,156000,,136000,
2021,Burlington,2021A00053524002,5 or more persons,Census-family households,2411.7.2,5510,,5515,,186000,,162000,,156000,,137000,
2021,Burlington,2021A00053524002,5 or more persons,Households consisting of only one census family without additional persons,2411.7.3,3605,,3765,,182000,,160000,,150000,,133000,
2021,Burlington,2021A00053524002,5 or more persons,"One couple, with or without children in their census family",2411.7.4,3495,,3655,,186000,,164000,,152000,,135000,
2021,Burlington,2021A00053524002,5 or more persons,Without children,2411.7.5,0,,0,,0,...,0,...,0,...,0,...
2021,Burlington,2021A00053524002,5 or more persons,With children,2411.7.6,3495,,3655,,186000,,164000,,152000,,135000,
2021,Burlington,2021A00053524002,5 or more persons,One one-parent census family,2411.7.7,110,,110,,88000,,71000,,84000,,68000,
2021,Burlington,2021A00053524002,5 or more persons,With a parent that is a man+,2411.7.8,5,,15,,,x,,x,,x,,x
2021,Burlington,2021A00053524002,5 or more persons,With a parent that is a woman+,2411.7.9,105,,100,,88000,,69000,,86000,,65500,
2021,Burlington,2021A00053524002,5 or more persons,Other census family households,2411.7.10,1905,,1755,,190000,,166000,,166000,,144000,
2021,Burlington,2021A00053524002,5 or more persons,Non-census family households,2411.7.11,20,,15,,,x,,x,,x,,x
2021,Milton,2021A00053524009,Total - Households by household size,Total – Household type including census family structure,2412.1.1,40035,,34255,,126000,,113000,,107000,,96000,
2021,Milton,2021A00053524009,Total - Households by household size,Census-family households,2412.1.2,34200,,29185,,137000,,123000,,116000,,104000,
2021,Milton,2021A00053524009,Total - Households by household size,Households consisting of only one census family without additional persons,2412.1.3,29510,,25665,,132000,,121000,,112000,,101000,
2021,Milton,2021A00053524009,Total - Households by household size,"One couple, with or without children in their census family",2412.1.4,26255,,23040,,139000,,126000,,116000,,106000,
2021,Milton,2021A00053524009,Total - Households by household size,Without children,2412.1.5,7090,,6950,,117000,,112000,,99000,,95000,
2021,Milton,2021A00053524009,Total - Households by household size,With children,2412.1.6,19160,,16090,,146000,,132000,,123000,,111000,
2021,Milton,2021A00053524009,Total - Households by household size,One one-parent census family,2412.1.7,3260,,2630,,88000,,77500,,78000,,68000,
2021,Milton,2021A00053524009,Total - Households by household size,With a parent that is a man+,2412.1.8,685,,525,,98000,,89000,,83000,,75000,
2021,Milton,2021A00053524009,Total - Households by household size,With a parent that is a woman+,2412.1.9,2575,,2100,,85000,,74500,,76500,,66000,
2021,Milton,2021A00053524009,Total - Households by household size,Other census family households,2412.1.10,4690,,3520,,168000,,142000,,145000,,123000,
2021,Milton,2021A00053524009,Total - Households by household size,Non-census family households,2412.1.11,5835,,5070,,63600,,62400,,54000,,52400,
2021,Milton,2021A00053524009,1 person,Total – Household type including census family structure,2412.2.1,5120,,4495,,59200,,58400,,50400,,49600,
2021,Milton,2021A00053524009,1 person,Census-family households,2412.2.2,0,,0,,0,...,0,...,0,...,0,...
2021,Milton,2021A00053524009,1 person,Households consisting of only one census family without additional persons,2412.2.3,0,,0,,0,...,0,...,0,...,0,...
2021,Milton,2021A00053524009,1 person,"One couple, with or without children in their census family",2412.2.4,0,,0,,0,...,0,...,0,...,0,...
2021,Milton,2021A00053524009,1 person,Without children,2412.2.5,0,,0,,0,...,0,...,0,...,0,...
2021,Milton,2021A00053524009,1 person,With children,2412.2.6,0,,0,,0,...,0,...,0,...,0,...
2021,Milton,2021A00053524009,1 person,One one-parent census family,2412.2.7,0,,0,,0,...,0,...,0,...,0,...
2021,Milton,2021A00053524009,1 person,With a parent that is a man+,2412.2.8,0,,0,,0,...,0,...,0,...,0,...
2021,Milton,2021A00053524009,1 person,With a parent that is a woman+,2412.2.9,0,,0,,0,...,0,...,0,...,0,...
2021,Milton,2021A00053524009,1 person,Other census family households,2412.2.10,0,,0,,0,...,0,...,0,...,0,...
2021,Milton,2021A00053524009,1 person,Non-census family households,2412.2.11,5120,,4495,,59200,,58400,,50400,,49600,
2021,Milton,2021A00053524009,2 or more persons,Total – Household type including census family structure,2412.3.1,34915,,29765,,136000,,123000,,115000,,104000,
2021,Milton,2021A00053524009,2 or more persons,Census-family households,2412.3.2,34200,,29185,,137000,,123000,,116000,,104000,
2021,Milton,2021A00053524009,2 or more persons,Households consisting of only one census family without additional persons,2412.3.3,29510,,25665,,132000,,121000,,112000,,101000,
2021,Milton,2021A00053524009,2 or more persons,"One couple, with or without children in their census family",2412.3.4,26255,,23040,,139000,,126000,,116000,,106000,
2021,Milton,2021A00053524009,2 or more persons,Without children,2412.3.5,7090,,6950,,117000,,112000,,99000,,95000,
2021,Milton,2021A00053524009,2 or more persons,With children,2412.3.6,19160,,16090,,146000,,132000,,123000,,111000,
2021,Milton,2021A00053524009,2 or more persons,One one-parent census family,2412.3.7,3260,,2630,,88000,,77500,,78000,,68000,
2021,Milton,2021A00053524009,2 or more persons,With a parent that is a man+,2412.3.8,685,,525,,98000,,89000,,83000,,75000,
2021,Milton,2021A00053524009,2 or more persons,With a parent that is a woman+,2412.3.9,2575,,2100,,85000,,74500,,76500,,66000,
2021,Milton,2021A00053524009,2 or more persons,Other census family households,2412.3.10,4690,,3520,,168000,,142000,,145000,,123000,
2021,Milton,2021A00053524009,2 or more persons,Non-census family households,2412.3.11,715,,580,,105000,,96000,,91000,,82000,
2021,Milton,2021A00053524009,2 persons,Total – Household type including census family structure,2412.4.1,9280,,8775,,109000,,104000,,92000,,88000,
2021,Milton,2021A00053524009,2 persons,Census-family households,2412.4.2,8695,,8300,,109000,,105000,,93000,,89000,
2021,Milton,2021A00053524009,2 persons,Households consisting of only one census family without additional persons,2412.4.3,8695,,8300,,109000,,105000,,93000,,89000,
2021,Milton,2021A00053524009,2 persons,"One couple, with or without children in their census family",2412.4.4,7090,,6950,,117000,,112000,,99000,,95000,
2021,Milton,2021A00053524009,2 persons,Without children,2412.4.5,7090,,6950,,117000,,112000,,99000,,95000,
2021,Milton,2021A00053524009,2 persons,With children,2412.4.6,0,,0,,0,...,0,...,0,...,0,...
2021,Milton,2021A00053524009,2 persons,One one-parent census family,2412.4.7,1605,,1350,,84000,,76000,,73500,,65500,
2021,Milton,2021A00053524009,2 persons,With a parent that is a man+,2412.4.8,370,,305,,94000,,86000,,80000,,70000,
2021,Milton,2021A00053524009,2 persons,With a parent that is a woman+,2412.4.9,1235,,1045,,82000,,73500,,72000,,64500,
2021,Milton,2021A00053524009,2 persons,Other census family households,2412.4.10,0,,0,,0,...,0,...,0,...,0,...
2021,Milton,2021A00053524009,2 persons,Non-census family households,2412.4.11,585,,475,,102000,,91000,,87000,,78000,
2021,Milton,2021A00053524009,3 persons,Total – Household type including census family structure,2412.5.1,7425,,6405,,132000,,122000,,111000,,103000,
2021,Milton,2021A00053524009,3 persons,Census-family households,2412.5.2,7335,,6330,,132000,,122000,,111000,,103000,
2021,Milton,2021A00053524009,3 persons,Households consisting of only one census family without additional persons,2412.5.3,6715,,5830,,132000,,122000,,111000,,102000,
2021,Milton,2021A00053524009,3 persons,"One couple, with or without children in their census family",2412.5.4,5560,,4890,,140000,,130000,,117000,,109000,
2021,Milton,2021A00053524009,3 persons,Without children,2412.5.5,0,,0,,0,...,0,...,0,...,0,...
2021,Milton,2021A00053524009,3 persons,With children,2412.5.6,5560,,4890,,140000,,130000,,117000,,109000,
2021,Milton,2021A00053524009,3 persons,One one-parent census family,2412.5.7,1155,,935,,91000,,81000,,82000,,71500,
2021,Milton,2021A00053524009,3 persons,With a parent that is a man+,2412.5.8,230,,175,,101000,,91000,,85000,,77500,
2021,Milton,2021A00053524009,3 persons,With a parent that is a woman+,2412.5.9,920,,765,,89000,,78000,,79500,,69000,
2021,Milton,2021A00053524009,3 persons,Other census family households,2412.5.10,615,,500,,135000,,122000,,115000,,106000,
2021,Milton,2021A00053524009,3 persons,Non-census family households,2412.5.11,90,,75,,106000,,111000,,93000,,98000,
2021,Milton,2021A00053524009,4 persons,Total – Household type including census family structure,2412.6.1,10445,,8755,,151000,,136000,,127000,,114000,
2021,Milton,2021A00053524009,4 persons,Census-family households,2412.6.2,10425,,8730,,151000,,136000,,126000,,114000,
2021,Milton,2021A00053524009,4 persons,Households consisting of only one census family without additional persons,2412.6.3,9505,,8030,,151000,,136000,,126000,,114000,
2021,Milton,2021A00053524009,4 persons,"One couple, with or without children in their census family",2412.6.4,9120,,7750,,154000,,139000,,128000,,115000,
2021,Milton,2021A00053524009,4 persons,Without children,2412.6.5,0,,0,,0,...,0,...,0,...,0,...
2021,Milton,2021A00053524009,4 persons,With children,2412.6.6,9120,,7750,,154000,,139000,,128000,,115000,
2021,Milton,2021A00053524009,4 persons,One one-parent census family,2412.6.7,375,,275,,92000,,74000,,84000,,67000,
2021,Milton,2021A00053524009,4 persons,With a parent that is a man+,2412.6.8,70,,35,,116000,,114000,,100000,,90000,
2021,Milton,2021A00053524009,4 persons,With a parent that is a woman+,2412.6.9,310,,235,,88000,,68500,,82000,,62800,
2021,Milton,2021A00053524009,4 persons,Other census family households,2412.6.10,925,,705,,151000,,137000,,133000,,119000,
2021,Milton,2021A00053524009,4 persons,Non-census family households,2412.6.11,25,,20,,151000,,126000,,137000,,113000,
2021,Milton,2021A00053524009,5 or more persons,Total – Household type including census family structure,2412.7.1,7765,,5830,,155000,,132000,,134000,,114000,
2021,Milton,2021A00053524009,5 or more persons,Census-family households,2412.7.2,7750,,5830,,155000,,132000,,134000,,114000,
2021,Milton,2021A00053524009,5 or more persons,Households consisting of only one census family without additional persons,2412.7.3,4600,,3515,,138000,,120000,,119000,,103000,
2021,Milton,2021A00053524009,5 or more persons,"One couple, with or without children in their census family",2412.7.4,4480,,3445,,139000,,121000,,120000,,103000,
2021,Milton,2021A00053524009,5 or more persons,Without children,2412.7.5,0,,0,,0,...,0,...,0,...,0,...
2021,Milton,2021A00053524009,5 or more persons,With children,2412.7.6,4480,,3445,,139000,,121000,,120000,,103000,
2021,Milton,2021A00053524009,5 or more persons,One one-parent census family,2412.7.7,120,,70,,93000,,69000,,88000,,69000,
2021,Milton,2021A00053524009,5 or more persons,With a parent that is a man+,2412.7.8,10,,10,,,x,,x,,x,,x
2021,Milton,2021A00053524009,5 or more persons,With a parent that is a woman+,2412.7.9,110,,55,,88000,,68500,,85000,,67000,
2021,Milton,2021A00053524009,5 or more persons,Other census family households,2412.7.10,3150,,2310,,180000,,148000,,155000,,129000,
2021,Milton,2021A00053524009,5 or more persons,Non-census family households,2412.7.11,15,,5,,,x,,x,,x,,x
2021,Halton Hills,2021A00053524015,Total - Households by household size,Total – Household type including census family structure,2413.1.1,21825,,21080,,127000,,115000,,107000,,97000,
2021,Halton Hills,2021A00053524015,Total - Households by household size,Census-family households,2413.1.2,17410,,16970,,146000,,133000,,123000,,111000,
2021,Halton Hills,2021A00053524015,Total - Households by household size,Households consisting of only one census family without additional persons,2413.1.3,15535,,15345,,142000,,130000,,119000,,109000,
2021,Halton Hills,2021A00053524015,Total - Households by household size,"One couple, with or without children in their census family",2413.1.4,13655,,13520,,150000,,138000,,125000,,115000,
2021,Halton Hills,2021A00053524015,Total - Households by household size,Without children,2413.1.5,5050,,4965,,109000,,105000,,93000,,89000,
2021,Halton Hills,2021A00053524015,Total - Households by household size,With children,2413.1.6,8605,,8560,,174000,,159000,,143000,,131000,
2021,Halton Hills,2021A00053524015,Total - Households by household size,One one-parent census family,2413.1.7,1885,,1820,,95000,,76000,,83000,,66500,
2021,Halton Hills,2021A00053524015,Total - Households by household size,With a parent that is a man+,2413.1.8,460,,425,,103000,,91000,,87000,,77500,
2021,Halton Hills,2021A00053524015,Total - Households by household size,With a parent that is a woman+,2413.1.9,1430,,1400,,92000,,72500,,81000,,64000,
2021,Halton Hills,2021A00053524015,Total - Households by household size,Other census family households,2413.1.10,1875,,1625,,182000,,160000,,157000,,137000,
2021,Halton Hills,2021A00053524015,Total - Households by household size,Non-census family households,2413.1.11,4410,,4110,,52000,,50000,,45600,,43600,
2021,Halton Hills,2021A00053524015,1 person,Total – Household type including census family structure,2413.2.1,3890,,3695,,48800,,46800,,43200,,41200,
2021,Halton Hills,2021A00053524015,1 person,Census-family households,2413.2.2,0,,0,,0,...,0,...,0,...,0,...
2021,Halton Hills,2021A00053524015,1 person,Households consisting of only one census family without additional persons,2413.2.3,0,,0,,0,...,0,...,0,...,0,...
2021,Halton Hills,2021A00053524015,1 person,"One couple, with or without children in their census family",2413.2.4,0,,0,,0,...,0,...,0,...,0,...
2021,Halton Hills,2021A00053524015,1 person,Without children,2413.2.5,0,,0,,0,...,0,...,0,...,0,...
2021,Halton Hills,2021A00053524015,1 person,With children,2413.2.6,0,,0,,0,...,0,...,0,...,0,...
2021,Halton Hills,2021A00053524015,1 person,One one-parent census family,2413.2.7,0,,0,,0,...,0,...,0,...,0,...
2021,Halton Hills,2021A00053524015,1 person,With a parent that is a man+,2413.2.8,0,,0,,0,...,0,...,0,...,0,...
2021,Halton Hills,2021A00053524015,1 person,With a parent that is a woman+,2413.2.9,0,,0,,0,...,0,...,0,...,0,...
2021,Halton Hills,2021A00053524015,1 person,Other census family households,2413.2.10,0,,0,,0,...,0,...,0,...,0,...
2021,Halton Hills,2021A00053524015,1 person,Non-census family households,2413.2.11,3890,,3695,,48800,,46800,,43200,,41200,
2021,Halton Hills,2021A00053524015,2 or more persons,Total – Household type including census family structure,2413.3.1,17935,,17380,,145000,,132000,,121000,,110000,
2021,Halton Hills,2021A00053524015,2 or more persons,Census-family households,2413.3.2,17410,,16970,,146000,,133000,,123000,,111000,
2021,Halton Hills,2021A00053524015,2 or more persons,Households consisting of only one census family without additional persons,2413.3.3,15535,,15345,,142000,,130000,,119000,,109000,
2021,Halton Hills,2021A00053524015,2 or more persons,"One couple, with or without children in their census family",2413.3.4,13655,,13520,,150000,,138000,,125000,,115000,
2021,Halton Hills,2021A00053524015,2 or more persons,Without children,2413.3.5,5050,,4965,,109000,,105000,,93000,,89000,
2021,Halton Hills,2021A00053524015,2 or more persons,With children,2413.3.6,8605,,8560,,174000,,159000,,143000,,131000,
2021,Halton Hills,2021A00053524015,2 or more persons,One one-parent census family,2413.3.7,1885,,1820,,95000,,76000,,83000,,66500,
2021,Halton Hills,2021A00053524015,2 or more persons,With a parent that is a man+,2413.3.8,460,,425,,103000,,91000,,87000,,77500,
2021,Halton Hills,2021A00053524015,2 or more persons,With a parent that is a woman+,2413.3.9,1430,,1400,,92000,,72500,,81000,,64000,
2021,Halton Hills,2021A00053524015,2 or more persons,Other census family households,2413.3.10,1875,,1625,,182000,,160000,,157000,,137000,
2021,Halton Hills,2021A00053524015,2 or more persons,Non-census family households,2413.3.11,525,,410,,94000,,93000,,82000,,81000,
2021,Halton Hills,2021A00053524015,2 persons,Total – Household type including census family structure,2413.4.1,6545,,6290,,103000,,98000,,89000,,84000,
2021,Halton Hills,2021A00053524015,2 persons,Census-family households,2413.4.2,6110,,5955,,104000,,99000,,89000,,85000,
2021,Halton Hills,2021A00053524015,2 persons,Households consisting of only one census family without additional persons,2413.4.3,6110,,5955,,104000,,99000,,89000,,85000,
2021,Halton Hills,2021A00053524015,2 persons,"One couple, with or without children in their census family",2413.4.4,5050,,4965,,109000,,105000,,93000,,89000,
2021,Halton Hills,2021A00053524015,2 persons,Without children,2413.4.5,5050,,4965,,109000,,105000,,93000,,89000,
2021,Halton Hills,2021A00053524015,2 persons,With children,2413.4.6,0,,0,,0,...,0,...,0,...,0,...
2021,Halton Hills,2021A00053524015,2 persons,One one-parent census family,2413.4.7,1060,,995,,87000,,69000,,75000,,60800,
2021,Halton Hills,2021A00053524015,2 persons,With a parent that is a man+,2413.4.8,260,,260,,92000,,81000,,76000,,68500,
2021,Halton Hills,2021A00053524015,2 persons,With a parent that is a woman+,2413.4.9,800,,735,,86000,,66500,,74500,,59600,
2021,Halton Hills,2021A00053524015,2 persons,Other census family households,2413.4.10,0,,0,,0,...,0,...,0,...,0,...
2021,Halton Hills,2021A00053524015,2 persons,Non-census family households,2413.4.11,435,,335,,86000,,87000,,74500,,76500,
2021,Halton Hills,2021A00053524015,3 persons,Total – Household type including census family structure,2413.5.1,3965,,3895,,145000,,131000,,122000,,110000,
2021,Halton Hills,2021A00053524015,3 persons,Census-family households,2413.5.2,3915,,3825,,145000,,132000,,122000,,110000,
2021,Halton Hills,2021A00053524015,3 persons,Households consisting of only one census family without additional persons,2413.5.3,3555,,3480,,146000,,133000,,122000,,111000,
2021,Halton Hills,2021A00053524015,3 persons,"One couple, with or without children in their census family",2413.5.4,2905,,2845,,156000,,144000,,129000,,120000,
2021,Halton Hills,2021A00053524015,3 persons,Without children,2413.5.5,0,,0,,0,...,0,...,0,...,0,...
2021,Halton Hills,2021A00053524015,3 persons,With children,2413.5.6,2905,,2845,,156000,,144000,,129000,,120000,
2021,Halton Hills,2021A00053524015,3 persons,One one-parent census family,2413.5.7,650,,635,,104000,,87000,,91000,,74500,
2021,Halton Hills,2021A00053524015,3 persons,With a parent that is a man+,2413.5.8,170,,140,,118000,,107000,,97000,,86000,
2021,Halton Hills,2021A00053524015,3 persons,With a parent that is a woman+,2413.5.9,480,,495,,100000,,81000,,88000,,70500,
2021,Halton Hills,2021A00053524015,3 persons,Other census family households,2413.5.10,365,,350,,145000,,119000,,124000,,104000,
2021,Halton Hills,2021A00053524015,3 persons,Non-census family households,2413.5.11,55,,65,,127000,,106000,,112000,,89000,
2021,Halton Hills,2021A00053524015,4 persons,Total – Household type including census family structure,2413.6.1,4890,,4780,,180000,,160000,,148000,,133000,
2021,Halton Hills,2021A00053524015,4 persons,Census-family households,2413.6.2,4875,,4775,,180000,,160000,,148000,,133000,
2021,Halton Hills,2021A00053524015,4 persons,Households consisting of only one census family without additional persons,2413.6.3,4380,,4340,,180000,,162000,,148000,,134000,
2021,Halton Hills,2021A00053524015,4 persons,"One couple, with or without children in their census family",2413.6.4,4235,,4180,,182000,,164000,,149000,,135000,
2021,Halton Hills,2021A00053524015,4 persons,Without children,2413.6.5,0,,0,,0,...,0,...,0,...,0,...
2021,Halton Hills,2021A00053524015,4 persons,With children,2413.6.6,4235,,4180,,182000,,164000,,149000,,135000,
2021,Halton Hills,2021A00053524015,4 persons,One one-parent census family,2413.6.7,145,,165,,107000,,91000,,95000,,80000,
2021,Halton Hills,2021A00053524015,4 persons,With a parent that is a man+,2413.6.8,25,,20,,118000,,113000,,100000,,100000,
2021,Halton Hills,2021A00053524015,4 persons,With a parent that is a woman+,2413.6.9,120,,140,,106000,,89000,,93000,,78000,
2021,Halton Hills,2021A00053524015,4 persons,Other census family households,2413.6.10,490,,435,,172000,,147000,,148000,,128000,
2021,Halton Hills,2021A00053524015,4 persons,Non-census family households,2413.6.11,20,,5,,,x,,x,,x,,x
2021,Halton Hills,2021A00053524015,5 or more persons,Total – Household type including census family structure,2413.7.1,2540,,2420,,194000,,174000,,162000,,145000,
2021,Halton Hills,2021A00053524015,5 or more persons,Census-family households,2413.7.2,2515,,2410,,196000,,172000,,162000,,145000,
2021,Halton Hills,2021A00053524015,5 or more persons,Households consisting of only one census family without additional persons,2413.7.3,1495,,1570,,186000,,166000,,154000,,138000,
2021,Halton Hills,2021A00053524015,5 or more persons,"One couple, with or without children in their census family",2413.7.4,1460,,1540,,188000,,168000,,155000,,139000,
2021,Halton Hills,2021A00053524015,5 or more persons,Without children,2413.7.5,0,,0,,0,...,0,...,0,...,0,...
2021,Halton Hills,2021A00053524015,5 or more persons,With children,2413.7.6,1460,,1540,,188000,,168000,,155000,,139000,
2021,Halton Hills,2021A00053524015,5 or more persons,One one-parent census family,2413.7.7,35,,30,,88000,,73000,,84000,,71000,
2021,Halton Hills,2021A00053524015,5 or more persons,With a parent that is a man+,2413.7.8,5,,5,,,x,,x,,x,,x
2021,Halton Hills,2021A00053524015,5 or more persons,With a parent that is a woman+,2413.7.9,30,,25,,87000,,70000,,76500,,67500,
2021,Halton Hills,2021A00053524015,5 or more persons,Other census family households,2413.7.10,1020,,840,,204000,,184000,,174000,,158000,
2021,Halton Hills,2021A00053524015,5 or more persons,Non-census family households,2413.7.11,25,,10,,194000,,,x,164000,,,x
