csd_code,municipality,survey_period,bedroom_type,value,reliability
3520005,Toronto,1998 October,Studio,588,a
3520005,Toronto,1998 October,1 Bedroom,727,a
3520005,Toronto,1998 October,2 Bedroom,882,a
3520005,Toronto,1998 October,3 Bedroom +,"1,069",a
3520005,Toronto,1998 October,Total,808,a
3520005,Toronto,1999 October,Studio,626,a
3520005,Toronto,1999 October,1 Bedroom,772,a
3520005,Toronto,1999 October,2 Bedroom,925,a
3520005,Toronto,1999 October,3 Bedroom +,"1,105",a
3520005,Toronto,1999 October,Total,849,a
3520005,Toronto,2000 October,Studio,685,a
3520005,Toronto,2000 October,1 Bedroom,833,a
3520005,Toronto,2000 October,2 Bedroom,984,a
3520005,Toronto,2000 October,3 Bedroom +,"1,194",a
3520005,Toronto,2000 October,Total,912,a
3520005,Toronto,2001 October,Studio,698,a
3520005,Toronto,2001 October,1 Bedroom,870,a
3520005,Toronto,2001 October,2 Bedroom,"1,039",a
3520005,Toronto,2001 October,3 Bedroom +,"1,243",a
3520005,Toronto,2001 October,Total,955,a
3520005,Toronto,2002 October,Studio,733,a
3520005,Toronto,2002 October,1 Bedroom,894,a
3520005,Toronto,2002 October,2 Bedroom,"1,055",a
3520005,Toronto,2002 October,3 Bedroom +,"1,284",a
3520005,Toronto,2002 October,Total,981,a
3520005,Toronto,2003 October,Studio,734,a
3520005,Toronto,2003 October,1 Bedroom,884,a
3520005,Toronto,2003 October,2 Bedroom,"1,045",a
3520005,Toronto,2003 October,3 Bedroom +,"1,236",a
3520005,Toronto,2003 October,Total,967,a
3520005,Toronto,2004 October,Studio,730,a
3520005,Toronto,2004 October,1 Bedroom,888,a
3520005,Toronto,2004 October,2 Bedroom,"1,061",a
3520005,Toronto,2004 October,3 Bedroom +,"1,263",a
3520005,Toronto,2004 October,Total,978,a
3520005,Toronto,2005 October,Studio,726,a
3520005,Toronto,2005 October,1 Bedroom,889,a
3520005,Toronto,2005 October,2 Bedroom,"1,060",a
3520005,Toronto,2005 October,3 Bedroom +,"1,267",a
3520005,Toronto,2005 October,Total,977,a
3520005,Toronto,2006 October,Studio,743,a
3520005,Toronto,2006 October,1 Bedroom,897,a
3520005,Toronto,2006 October,2 Bedroom,"1,078",a
3520005,Toronto,2006 October,3 Bedroom +,"1,298",a
3520005,Toronto,2006 October,Total,995,a
3520005,Toronto,2007 October,Studio,742,a
3520005,Toronto,2007 October,1 Bedroom,902,a
3520005,Toronto,2007 October,2 Bedroom,"1,073",a
3520005,Toronto,2007 October,3 Bedroom +,"1,282",a
3520005,Toronto,2007 October,Total,991,a
3520005,Toronto,2008 October,Studio,767,a
3520005,Toronto,2008 October,1 Bedroom,929,a
3520005,Toronto,2008 October,2 Bedroom,"1,104",a
3520005,Toronto,2008 October,3 Bedroom +,"1,312",a
3520005,Toronto,2008 October,Total,"1,018",a
3520005,Toronto,2009 October,Studio,759,a
3520005,Toronto,2009 October,1 Bedroom,927,a
3520005,Toronto,2009 October,2 Bedroom,"1,106",a
3520005,Toronto,2009 October,3 Bedroom +,"1,320",a
3520005,Toronto,2009 October,Total,"1,014",a
3520005,Toronto,2010 October,Studio,779,a
3520005,Toronto,2010 October,1 Bedroom,950,a
3520005,Toronto,2010 October,2 Bedroom,"1,135",a
3520005,Toronto,2010 October,3 Bedroom +,"1,354",a
3520005,Toronto,2010 October,Total,"1,046",a
3520005,Toronto,2011 October,Studio,822,a
3520005,Toronto,2011 October,1 Bedroom,979,a
3520005,Toronto,2011 October,2 Bedroom,"1,161",a
3520005,Toronto,2011 October,3 Bedroom +,"1,383",a
3520005,Toronto,2011 October,Total,"1,072",a
3520005,Toronto,2012 October,Studio,840,a
3520005,Toronto,2012 October,1 Bedroom,"1,010",a
3520005,Toronto,2012 October,2 Bedroom,"1,194",a
3520005,Toronto,2012 October,3 Bedroom +,"1,443",a
3520005,Toronto,2012 October,Total,"1,108",a
3520005,Toronto,2013 October,Studio,876,a
3520005,Toronto,2013 October,1 Bedroom,"1,035",a
3520005,Toronto,2013 October,2 Bedroom,"1,225",a
3520005,Toronto,2013 October,3 Bedroom +,"1,493",a
3520005,Toronto,2013 October,Total,"1,139",a
3520005,Toronto,2014 October,Studio,899,a
3520005,Toronto,2014 October,1 Bedroom,"1,071",a
3520005,Toronto,2014 October,2 Bedroom,"1,264",a
3520005,Toronto,2014 October,3 Bedroom +,"1,488",a
3520005,Toronto,2014 October,Total,"1,170",a
3520005,Toronto,2015 October,Studio,942,a
3520005,Toronto,2015 October,1 Bedroom,"1,110",a
3520005,Toronto,2015 October,2 Bedroom,"1,301",a
3520005,Toronto,2015 October,3 Bedroom +,"1,544",a
3520005,Toronto,2015 October,Total,"1,211",a
3520005,Toronto,2016 October,Studio,962,a
3520005,Toronto,2016 October,1 Bedroom,"1,137",a
3520005,Toronto,2016 October,2 Bedroom,"1,341",a
3520005,Toronto,2016 October,3 Bedroom +,"1,549",a
3520005,Toronto,2016 October,Total,"1,241",a
3520005,Toronto,2017 October,Studio,"1,019",a
3520005,Toronto,2017 October,1 Bedroom,"1,202",a
3520005,Toronto,2017 October,2 Bedroom,"1,426",a
3520005,Toronto,2017 October,3 Bedroom +,"1,610",a
3520005,Toronto,2017 October,Total,"1,313",a
3520005,Toronto,2018 October,Studio,"1,089",a
3520005,Toronto,2018 October,1 Bedroom,"1,270",a
3520005,Toronto,2018 October,2 Bedroom,"1,494",a
3520005,Toronto,2018 October,3 Bedroom +,"1,674",a
3520005,Toronto,2018 October,Total,"1,378",a
3520005,Toronto,2019 October,Studio,"1,148",a
3520005,Toronto,2019 October,1 Bedroom,"1,374",a
3520005,Toronto,2019 October,2 Bedroom,"1,592",a
3520005,Toronto,2019 October,3 Bedroom +,"1,764",a
3520005,Toronto,2019 October,Total,"1,476",a
3520005,Toronto,2020 October,Studio,"1,211",a
3520005,Toronto,2020 October,1 Bedroom,"1,431",a
3520005,Toronto,2020 October,2 Bedroom,"1,664",a
3520005,Toronto,2020 October,3 Bedroom +,"1,901",a
3520005,Toronto,2020 October,Total,"1,545",a
3520005,Toronto,2021 October,Studio,"1,225",a
3520005,Toronto,2021 October,1 Bedroom,"1,447",a
3520005,Toronto,2021 October,2 Bedroom,"1,705",a
3520005,Toronto,2021 October,3 Bedroom +,"1,970",a
3520005,Toronto,2021 October,Total,"1,577",a
3520005,Toronto,2022 October,Studio,"1,317",a
3520005,Toronto,2022 October,1 Bedroom,"1,538",a
3520005,Toronto,2022 October,2 Bedroom,"1,811",a
3520005,Toronto,2022 October,3 Bedroom +,"2,077",a
3520005,Toronto,2022 October,Total,"1,678",a
3520005,Toronto,2023 October,Studio,"1,427",a
3520005,Toronto,2023 October,1 Bedroom,"1,708",a
3520005,Toronto,2023 October,2 Bedroom,"1,990",a
3520005,Toronto,2023 October,3 Bedroom +,"2,222",a
3520005,Toronto,2023 October,Total,"1,845",a
3520005,Toronto,2024 October,Studio,"1,456",a
3520005,Toronto,2024 October,1 Bedroom,"1,715",a
3520005,Toronto,2024 October,2 Bedroom,"1,984",a
3520005,Toronto,2024 October,3 Bedroom +,"2,232",a
3520005,Toronto,2024 October,Total,"1,851",a
3520005,Toronto,2025 October,Studio,"1,499",a
3520005,Toronto,2025 October,1 Bedroom,"1,763",a
3520005,Toronto,2025 October,2 Bedroom,"2,055",a
3520005,Toronto,2025 October,3 Bedroom +,"2,342",a
3520005,Toronto,2025 October,Total,"1,916",a
3521005,Mississauga,1990 October,Studio,418,a
3521005,Mississauga,1990 October,1 Bedroom,595,a
3521005,Mississauga,1990 October,2 Bedroom,747,a
3521005,Mississauga,1990 October,3 Bedroom +,871,a
3521005,Mississauga,1990 October,Total,710,a
3521005,Mississauga,1991 October,Studio,502,a
3521005,Mississauga,1991 October,1 Bedroom,619,a
3521005,Mississauga,1991 October,2 Bedroom,778,a
3521005,Mississauga,1991 October,3 Bedroom +,894,a
3521005,Mississauga,1991 October,Total,736,a
3521005,Mississauga,1992 October,Studio,508,a
3521005,Mississauga,1992 October,1 Bedroom,654,a
3521005,Mississauga,1992 October,2 Bedroom,802,a
3521005,Mississauga,1992 October,3 Bedroom +,893,a
3521005,Mississauga,1992 October,Total,760,a
3521005,Mississauga,1993 October,Studio,544,a
3521005,Mississauga,1993 October,1 Bedroom,660,a
3521005,Mississauga,1993 October,2 Bedroom,819,a
3521005,Mississauga,1993 October,3 Bedroom +,903,a
3521005,Mississauga,1993 October,Total,771,a
3521005,Mississauga,1994 October,Studio,551,a
3521005,Mississauga,1994 October,1 Bedroom,676,a
3521005,Mississauga,1994 October,2 Bedroom,810,a
3521005,Mississauga,1994 October,3 Bedroom +,918,a
3521005,Mississauga,1994 October,Total,772,a
3521005,Mississauga,1995 October,Studio,562,a
3521005,Mississauga,1995 October,1 Bedroom,682,a
3521005,Mississauga,1995 October,2 Bedroom,833,a
3521005,Mississauga,1995 October,3 Bedroom +,929,a
3521005,Mississauga,1995 October,Total,787,a
3521005,Mississauga,1996 October,Studio,578,a
3521005,Mississauga,1996 October,1 Bedroom,699,a
3521005,Mississauga,1996 October,2 Bedroom,847,a
3521005,Mississauga,1996 October,3 Bedroom +,942,a
3521005,Mississauga,1996 October,Total,801,a
3521005,Mississauga,1997 October,Studio,589,a
3521005,Mississauga,1997 October,1 Bedroom,714,a
3521005,Mississauga,1997 October,2 Bedroom,845,a
3521005,Mississauga,1997 October,3 Bedroom +,942,a
3521005,Mississauga,1997 October,Total,806,a
3521005,Mississauga,1998 October,Studio,639,a
3521005,Mississauga,1998 October,1 Bedroom,758,a
3521005,Mississauga,1998 October,2 Bedroom,900,a
3521005,Mississauga,1998 October,3 Bedroom +,"1,028",a
3521005,Mississauga,1998 October,Total,860,a
3521005,Mississauga,1999 October,Studio,695,a
3521005,Mississauga,1999 October,1 Bedroom,771,a
3521005,Mississauga,1999 October,2 Bedroom,897,a
3521005,Mississauga,1999 October,3 Bedroom +,"1,036",a
3521005,Mississauga,1999 October,Total,865,a
3521005,Mississauga,2000 October,Studio,666,a
3521005,Mississauga,2000 October,1 Bedroom,837,a
3521005,Mississauga,2000 October,2 Bedroom,991,a
3521005,Mississauga,2000 October,3 Bedroom +,"1,125",a
3521005,Mississauga,2000 October,Total,945,a
3521005,Mississauga,2001 October,Studio,668,a
3521005,Mississauga,2001 October,1 Bedroom,868,a
3521005,Mississauga,2001 October,2 Bedroom,"1,002",a
3521005,Mississauga,2001 October,3 Bedroom +,"1,175",a
3521005,Mississauga,2001 October,Total,970,a
3521005,Mississauga,2002 October,Studio,690,a
3521005,Mississauga,2002 October,1 Bedroom,903,a
3521005,Mississauga,2002 October,2 Bedroom,"1,044",a
3521005,Mississauga,2002 October,3 Bedroom +,"1,204",a
3521005,Mississauga,2002 October,Total,"1,007",a
3521005,Mississauga,2003 October,Studio,685,a
3521005,Mississauga,2003 October,1 Bedroom,897,a
3521005,Mississauga,2003 October,2 Bedroom,"1,038",a
3521005,Mississauga,2003 October,3 Bedroom +,"1,205",a
3521005,Mississauga,2003 October,Total,"1,002",a
3521005,Mississauga,2004 October,Studio,694,a
3521005,Mississauga,2004 October,1 Bedroom,889,a
3521005,Mississauga,2004 October,2 Bedroom,"1,027",a
3521005,Mississauga,2004 October,3 Bedroom +,"1,224",a
3521005,Mississauga,2004 October,Total,"1,003",a
3521005,Mississauga,2005 October,Studio,702,a
3521005,Mississauga,2005 October,1 Bedroom,903,a
3521005,Mississauga,2005 October,2 Bedroom,"1,035",a
3521005,Mississauga,2005 October,3 Bedroom +,"1,217",a
3521005,Mississauga,2005 October,Total,"1,010",a
3521005,Mississauga,2006 October,Studio,696,a
3521005,Mississauga,2006 October,1 Bedroom,898,a
3521005,Mississauga,2006 October,2 Bedroom,"1,033",a
3521005,Mississauga,2006 October,3 Bedroom +,"1,194",a
3521005,Mississauga,2006 October,Total,"1,001",a
3521005,Mississauga,2007 October,Studio,716,a
3521005,Mississauga,2007 October,1 Bedroom,891,a
3521005,Mississauga,2007 October,2 Bedroom,"1,021",a
3521005,Mississauga,2007 October,3 Bedroom +,"1,232",a
3521005,Mississauga,2007 October,Total,"1,002",a
3521005,Mississauga,2008 October,Studio,715,a
3521005,Mississauga,2008 October,1 Bedroom,925,a
3521005,Mississauga,2008 October,2 Bedroom,"1,066",a
3521005,Mississauga,2008 October,3 Bedroom +,"1,264",a
3521005,Mississauga,2008 October,Total,"1,042",a
3521005,Mississauga,2009 October,Studio,725,a
3521005,Mississauga,2009 October,1 Bedroom,928,a
3521005,Mississauga,2009 October,2 Bedroom,"1,067",a
3521005,Mississauga,2009 October,3 Bedroom +,"1,292",a
3521005,Mississauga,2009 October,Total,"1,049",a
3521005,Mississauga,2010 October,Studio,723,a
3521005,Mississauga,2010 October,1 Bedroom,949,a
3521005,Mississauga,2010 October,2 Bedroom,"1,090",a
3521005,Mississauga,2010 October,3 Bedroom +,"1,281",a
3521005,Mississauga,2010 October,Total,"1,064",a
3521005,Mississauga,2011 October,Studio,757,a
3521005,Mississauga,2011 October,1 Bedroom,975,a
3521005,Mississauga,2011 October,2 Bedroom,"1,116",a
3521005,Mississauga,2011 October,3 Bedroom +,"1,331",a
3521005,Mississauga,2011 October,Total,"1,094",a
3521005,Mississauga,2012 October,Studio,770,a
3521005,Mississauga,2012 October,1 Bedroom,995,a
3521005,Mississauga,2012 October,2 Bedroom,"1,145",a
3521005,Mississauga,2012 October,3 Bedroom +,"1,361",a
3521005,Mississauga,2012 October,Total,"1,121",a
3521005,Mississauga,2013 October,Studio,800,a
3521005,Mississauga,2013 October,1 Bedroom,"1,013",a
3521005,Mississauga,2013 October,2 Bedroom,"1,170",a
3521005,Mississauga,2013 October,3 Bedroom +,"1,384",a
3521005,Mississauga,2013 October,Total,"1,146",a
3521005,Mississauga,2014 October,Studio,827,a
3521005,Mississauga,2014 October,1 Bedroom,"1,050",a
3521005,Mississauga,2014 October,2 Bedroom,"1,210",a
3521005,Mississauga,2014 October,3 Bedroom +,"1,417",a
3521005,Mississauga,2014 October,Total,"1,177",a
3521005,Mississauga,2015 October,Studio,827,a
3521005,Mississauga,2015 October,1 Bedroom,"1,067",a
3521005,Mississauga,2015 October,2 Bedroom,"1,243",a
3521005,Mississauga,2015 October,3 Bedroom +,"1,442",a
3521005,Mississauga,2015 October,Total,"1,205",a
3521005,Mississauga,2016 October,Studio,866,a
3521005,Mississauga,2016 October,1 Bedroom,"1,109",a
3521005,Mississauga,2016 October,2 Bedroom,"1,276",a
3521005,Mississauga,2016 October,3 Bedroom +,"1,501",a
3521005,Mississauga,2016 October,Total,"1,244",a
3521005,Mississauga,2017 October,Studio,917,a
3521005,Mississauga,2017 October,1 Bedroom,"1,151",a
3521005,Mississauga,2017 October,2 Bedroom,"1,330",a
3521005,Mississauga,2017 October,3 Bedroom +,"1,563",a
3521005,Mississauga,2017 October,Total,"1,293",a
3521005,Mississauga,2018 October,Studio,922,a
3521005,Mississauga,2018 October,1 Bedroom,"1,233",a
3521005,Mississauga,2018 October,2 Bedroom,"1,396",a
3521005,Mississauga,2018 October,3 Bedroom +,"1,590",a
3521005,Mississauga,2018 October,Total,"1,363",a
3521005,Mississauga,2019 October,Studio,"1,007",a
3521005,Mississauga,2019 October,1 Bedroom,"1,297",a
3521005,Mississauga,2019 October,2 Bedroom,"1,462",a
3521005,Mississauga,2019 October,3 Bedroom +,"1,652",a
3521005,Mississauga,2019 October,Total,"1,425",a
3521005,Mississauga,2020 October,Studio,"1,052",a
3521005,Mississauga,2020 October,1 Bedroom,"1,384",a
3521005,Mississauga,2020 October,2 Bedroom,"1,554",a
3521005,Mississauga,2020 October,3 Bedroom +,"1,751",a
3521005,Mississauga,2020 October,Total,"1,515",a
3521005,Mississauga,2021 October,Studio,"1,099",a
3521005,Mississauga,2021 October,1 Bedroom,"1,434",a
3521005,Mississauga,2021 October,2 Bedroom,"1,609",a
3521005,Mississauga,2021 October,3 Bedroom +,"1,802",a
3521005,Mississauga,2021 October,Total,"1,569",a
3521005,Mississauga,2022 October,Studio,"1,130",b
3521005,Mississauga,2022 October,1 Bedroom,"1,473",a
3521005,Mississauga,2022 October,2 Bedroom,"1,661",a
3521005,Mississauga,2022 October,3 Bedroom +,"1,906",a
3521005,Mississauga,2022 October,Total,"1,611",a
3521005,Mississauga,2023 October,Studio,"1,102",c
3521005,Mississauga,2023 October,1 Bedroom,"1,627",a
3521005,Mississauga,2023 October,2 Bedroom,"1,854",a
3521005,Mississauga,2023 October,3 Bedroom +,"2,001",a
3521005,Mississauga,2023 October,Total,"1,777",a
3521005,Mississauga,2024 October,Studio,"1,274",b
3521005,Mississauga,2024 October,1 Bedroom,"1,752",a
3521005,Mississauga,2024 October,2 Bedroom,"1,938",a
3521005,Mississauga,2024 October,3 Bedroom +,"2,073",a
3521005,Mississauga,2024 October,Total,"1,877",a
3521005,Mississauga,2025 October,Studio,"1,262",b
3521005,Mississauga,2025 October,1 Bedroom,"1,747",a
3521005,Mississauga,2025 October,2 Bedroom,"2,001",a
3521005,Mississauga,2025 October,3 Bedroom +,"2,176",a
3521005,Mississauga,2025 October,Total,"1,917",a
3521010,Brampton,1990 October,Studio,409,a
3521010,Brampton,1990 October,1 Bedroom,599,a
3521010,Brampton,1990 October,2 Bedroom,709,a
3521010,Brampton,1990 October,3 Bedroom +,824,a
3521010,Brampton,1990 October,Total,686,a
3521010,Brampton,1991 October,Studio,456,a
3521010,Brampton,1991 October,1 Bedroom,633,a
3521010,Brampton,1991 October,2 Bedroom,760,a
3521010,Brampton,1991 October,3 Bedroom +,894,a
3521010,Brampton,1991 October,Total,736,a
3521010,Brampton,1992 October,Studio,510,a
3521010,Brampton,1992 October,1 Bedroom,639,a
3521010,Brampton,1992 October,2 Bedroom,802,a
3521010,Brampton,1992 October,3 Bedroom +,908,a
3521010,Brampton,1992 October,Total,767,a
3521010,Brampton,1993 October,Studio,510,a
3521010,Brampton,1993 October,1 Bedroom,657,a
3521010,Brampton,1993 October,2 Bedroom,777,a
3521010,Brampton,1993 October,3 Bedroom +,928,a
3521010,Brampton,1993 October,Total,759,a
3521010,Brampton,1994 October,Studio,526,a
3521010,Brampton,1994 October,1 Bedroom,663,a
3521010,Brampton,1994 October,2 Bedroom,803,a
3521010,Brampton,1994 October,3 Bedroom +,917,a
3521010,Brampton,1994 October,Total,773,a
3521010,Brampton,1995 October,Studio,525,a
3521010,Brampton,1995 October,1 Bedroom,677,a
3521010,Brampton,1995 October,2 Bedroom,813,a
3521010,Brampton,1995 October,3 Bedroom +,929,a
3521010,Brampton,1995 October,Total,782,a
3521010,Brampton,1996 October,Studio,515,a
3521010,Brampton,1996 October,1 Bedroom,691,a
3521010,Brampton,1996 October,2 Bedroom,832,a
3521010,Brampton,1996 October,3 Bedroom +,953,a
3521010,Brampton,1996 October,Total,802,a
3521010,Brampton,1997 October,Studio,542,a
3521010,Brampton,1997 October,1 Bedroom,704,a
3521010,Brampton,1997 October,2 Bedroom,831,a
3521010,Brampton,1997 October,3 Bedroom +,939,a
3521010,Brampton,1997 October,Total,802,a
3521010,Brampton,1998 October,Studio,548,a
3521010,Brampton,1998 October,1 Bedroom,743,a
3521010,Brampton,1998 October,2 Bedroom,874,a
3521010,Brampton,1998 October,3 Bedroom +,984,a
3521010,Brampton,1998 October,Total,842,a
3521010,Brampton,1999 October,Studio,579,b
3521010,Brampton,1999 October,1 Bedroom,780,a
3521010,Brampton,1999 October,2 Bedroom,914,a
3521010,Brampton,1999 October,3 Bedroom +,"1,034",a
3521010,Brampton,1999 October,Total,883,a
3521010,Brampton,2000 October,Studio,622,a
3521010,Brampton,2000 October,1 Bedroom,805,a
3521010,Brampton,2000 October,2 Bedroom,960,a
3521010,Brampton,2000 October,3 Bedroom +,"1,086",a
3521010,Brampton,2000 October,Total,923,a
3521010,Brampton,2001 October,Studio,644,a
3521010,Brampton,2001 October,1 Bedroom,864,a
3521010,Brampton,2001 October,2 Bedroom,"1,010",a
3521010,Brampton,2001 October,3 Bedroom +,"1,119",a
3521010,Brampton,2001 October,Total,969,a
3521010,Brampton,2002 October,Studio,674,a
3521010,Brampton,2002 October,1 Bedroom,872,a
3521010,Brampton,2002 October,2 Bedroom,"1,027",a
3521010,Brampton,2002 October,3 Bedroom +,"1,116",a
3521010,Brampton,2002 October,Total,980,a
3521010,Brampton,2003 October,Studio,665,a
3521010,Brampton,2003 October,1 Bedroom,886,a
3521010,Brampton,2003 October,2 Bedroom,"1,022",a
3521010,Brampton,2003 October,3 Bedroom +,"1,142",a
3521010,Brampton,2003 October,Total,983,a
3521010,Brampton,2004 October,Studio,688,a
3521010,Brampton,2004 October,1 Bedroom,887,a
3521010,Brampton,2004 October,2 Bedroom,"1,016",a
3521010,Brampton,2004 October,3 Bedroom +,"1,150",a
3521010,Brampton,2004 October,Total,988,a
3521010,Brampton,2005 October,Studio,682,a
3521010,Brampton,2005 October,1 Bedroom,893,a
3521010,Brampton,2005 October,2 Bedroom,"1,005",a
3521010,Brampton,2005 October,3 Bedroom +,"1,170",a
3521010,Brampton,2005 October,Total,989,a
3521010,Brampton,2006 October,Studio,668,a
3521010,Brampton,2006 October,1 Bedroom,888,a
3521010,Brampton,2006 October,2 Bedroom,"1,012",a
3521010,Brampton,2006 October,3 Bedroom +,"1,156",a
3521010,Brampton,2006 October,Total,989,a
3521010,Brampton,2007 October,Studio,703,a
3521010,Brampton,2007 October,1 Bedroom,895,a
3521010,Brampton,2007 October,2 Bedroom,"1,022",a
3521010,Brampton,2007 October,3 Bedroom +,"1,144",a
3521010,Brampton,2007 October,Total,987,a
3521010,Brampton,2008 October,Studio,704,a
3521010,Brampton,2008 October,1 Bedroom,931,a
3521010,Brampton,2008 October,2 Bedroom,"1,056",a
3521010,Brampton,2008 October,3 Bedroom +,"1,217",a
3521010,Brampton,2008 October,Total,"1,033",a
3521010,Brampton,2009 October,Studio,718,a
3521010,Brampton,2009 October,1 Bedroom,930,a
3521010,Brampton,2009 October,2 Bedroom,"1,071",a
3521010,Brampton,2009 October,3 Bedroom +,"1,202",a
3521010,Brampton,2009 October,Total,"1,044",a
3521010,Brampton,2010 October,Studio,737,a
3521010,Brampton,2010 October,1 Bedroom,937,a
3521010,Brampton,2010 October,2 Bedroom,"1,085",a
3521010,Brampton,2010 October,3 Bedroom +,"1,234",a
3521010,Brampton,2010 October,Total,"1,050",a
3521010,Brampton,2011 October,Studio,748,a
3521010,Brampton,2011 October,1 Bedroom,953,a
3521010,Brampton,2011 October,2 Bedroom,"1,092",a
3521010,Brampton,2011 October,3 Bedroom +,"1,226",a
3521010,Brampton,2011 October,Total,"1,058",a
3521010,Brampton,2012 October,Studio,761,a
3521010,Brampton,2012 October,1 Bedroom,983,a
3521010,Brampton,2012 October,2 Bedroom,"1,127",a
3521010,Brampton,2012 October,3 Bedroom +,"1,291",a
3521010,Brampton,2012 October,Total,"1,095",a
3521010,Brampton,2013 October,Studio,755,a
3521010,Brampton,2013 October,1 Bedroom,"1,003",a
3521010,Brampton,2013 October,2 Bedroom,"1,148",a
3521010,Brampton,2013 October,3 Bedroom +,"1,339",a
3521010,Brampton,2013 October,Total,"1,121",a
3521010,Brampton,2014 October,Studio,794,b
3521010,Brampton,2014 October,1 Bedroom,"1,032",a
3521010,Brampton,2014 October,2 Bedroom,"1,195",a
3521010,Brampton,2014 October,3 Bedroom +,"1,374",a
3521010,Brampton,2014 October,Total,"1,167",a
3521010,Brampton,2015 October,Studio,769,a
3521010,Brampton,2015 October,1 Bedroom,"1,049",a
3521010,Brampton,2015 October,2 Bedroom,"1,211",a
3521010,Brampton,2015 October,3 Bedroom +,"1,379",a
3521010,Brampton,2015 October,Total,"1,171",a
3521010,Brampton,2016 October,Studio,788,a
3521010,Brampton,2016 October,1 Bedroom,"1,076",a
3521010,Brampton,2016 October,2 Bedroom,"1,243",a
3521010,Brampton,2016 October,3 Bedroom +,"1,404",a
3521010,Brampton,2016 October,Total,"1,200",a
3521010,Brampton,2017 October,Studio,827,b
3521010,Brampton,2017 October,1 Bedroom,"1,121",a
3521010,Brampton,2017 October,2 Bedroom,"1,285",a
3521010,Brampton,2017 October,3 Bedroom +,"1,438",a
3521010,Brampton,2017 October,Total,"1,250",a
3521010,Brampton,2018 October,Studio,842,a
3521010,Brampton,2018 October,1 Bedroom,"1,160",a
3521010,Brampton,2018 October,2 Bedroom,"1,334",a
3521010,Brampton,2018 October,3 Bedroom +,"1,540",a
3521010,Brampton,2018 October,Total,"1,294",a
3521010,Brampton,2019 October,Studio,917,b
3521010,Brampton,2019 October,1 Bedroom,"1,274",a
3521010,Brampton,2019 October,2 Bedroom,"1,447",a
3521010,Brampton,2019 October,3 Bedroom +,"1,583",a
3521010,Brampton,2019 October,Total,"1,401",a
3521010,Brampton,2020 October,Studio,983,b
3521010,Brampton,2020 October,1 Bedroom,"1,333",a
3521010,Brampton,2020 October,2 Bedroom,"1,515",a
3521010,Brampton,2020 October,3 Bedroom +,"1,649",a
3521010,Brampton,2020 October,Total,"1,464",a
3521010,Brampton,2021 October,Studio,963,b
3521010,Brampton,2021 October,1 Bedroom,"1,381",a
3521010,Brampton,2021 October,2 Bedroom,"1,573",a
3521010,Brampton,2021 October,3 Bedroom +,"1,731",a
3521010,Brampton,2021 October,Total,"1,513",a
3521010,Brampton,2022 October,Studio,"1,230",b
3521010,Brampton,2022 October,1 Bedroom,"1,514",a
3521010,Brampton,2022 October,2 Bedroom,"1,689",a
3521010,Brampton,2022 October,3 Bedroom +,"1,864",a
3521010,Brampton,2022 October,Total,"1,644",a
3521010,Brampton,2023 October,Studio,"1,348",c
3521010,Brampton,2023 October,1 Bedroom,"1,622",a
3521010,Brampton,2023 October,2 Bedroom,"1,865",a
3521010,Brampton,2023 October,3 Bedroom +,"2,048",a
3521010,Brampton,2023 October,Total,"1,800",a
3521010,Brampton,2024 October,Studio,"1,348",b
3521010,Brampton,2024 October,1 Bedroom,"1,693",a
3521010,Brampton,2024 October,2 Bedroom,"1,921",a
3521010,Brampton,2024 October,3 Bedroom +,"2,033",a
3521010,Brampton,2024 October,Total,"1,850",a
3521010,Brampton,2025 October,Studio,"1,430",b
3521010,Brampton,2025 October,1 Bedroom,"1,778",a
3521010,Brampton,2025 October,2 Bedroom,"2,025",a
3521010,Brampton,2025 October,3 Bedroom +,"2,056",a
3521010,Brampton,2025 October,Total,"1,935",a
3521024,Caledon,1990 October,Studio,**,
3521024,Caledon,1990 October,1 Bedroom,**,
3521024,Caledon,1990 October,2 Bedroom,**,
3521024,Caledon,1990 October,3 Bedroom +,**,
3521024,Caledon,1990 October,Total,**,
3521024,Caledon,1991 October,Studio,**,
3521024,Caledon,1991 October,1 Bedroom,**,
3521024,Caledon,1991 October,2 Bedroom,580,a
3521024,Caledon,1991 October,3 Bedroom +,**,
3521024,Caledon,1991 October,Total,572,a
3521024,Caledon,1992 October,Studio,**,
3521024,Caledon,1992 October,1 Bedroom,**,
3521024,Caledon,1992 October,2 Bedroom,**,
3521024,Caledon,1992 October,3 Bedroom +,**,
3521024,Caledon,1992 October,Total,**,
3521024,Caledon,1993 October,Studio,**,
3521024,Caledon,1993 October,1 Bedroom,**,
3521024,Caledon,1993 October,2 Bedroom,597,a
3521024,Caledon,1993 October,3 Bedroom +,**,
3521024,Caledon,1993 October,Total,562,a
3521024,Caledon,1994 October,Studio,**,
3521024,Caledon,1994 October,1 Bedroom,559,a
3521024,Caledon,1994 October,2 Bedroom,652,a
3521024,Caledon,1994 October,3 Bedroom +,**,
3521024,Caledon,1994 October,Total,612,a
3521024,Caledon,1995 October,Studio,**,
3521024,Caledon,1995 October,1 Bedroom,**,
3521024,Caledon,1995 October,2 Bedroom,626,a
3521024,Caledon,1995 October,3 Bedroom +,**,
3521024,Caledon,1995 October,Total,627,a
3521024,Caledon,1996 October,Studio,**,
3521024,Caledon,1996 October,1 Bedroom,**,
3521024,Caledon,1996 October,2 Bedroom,689,a
3521024,Caledon,1996 October,3 Bedroom +,**,
3521024,Caledon,1996 October,Total,657,b
3521024,Caledon,1997 October,Studio,**,
3521024,Caledon,1997 October,1 Bedroom,**,
3521024,Caledon,1997 October,2 Bedroom,728,a
3521024,Caledon,1997 October,3 Bedroom +,**,
3521024,Caledon,1997 October,Total,702,b
3521024,Caledon,1998 October,Studio,**,
3521024,Caledon,1998 October,1 Bedroom,**,
3521024,Caledon,1998 October,2 Bedroom,**,
3521024,Caledon,1998 October,3 Bedroom +,**,
3521024,Caledon,1998 October,Total,**,
3521024,Caledon,1999 October,Studio,**,
3521024,Caledon,1999 October,1 Bedroom,**,
3521024,Caledon,1999 October,2 Bedroom,736,a
3521024,Caledon,1999 October,3 Bedroom +,**,
3521024,Caledon,1999 October,Total,674,a
3521024,Caledon,2000 October,Studio,**,
3521024,Caledon,2000 October,1 Bedroom,**,
3521024,Caledon,2000 October,2 Bedroom,**,
3521024,Caledon,2000 October,3 Bedroom +,**,
3521024,Caledon,2000 October,Total,**,
3521024,Caledon,2001 October,Studio,**,
3521024,Caledon,2001 October,1 Bedroom,**,
3521024,Caledon,2001 October,2 Bedroom,780,a
3521024,Caledon,2001 October,3 Bedroom +,**,
3521024,Caledon,2001 October,Total,743,a
3521024,Caledon,2002 October,Studio,**,
3521024,Caledon,2002 October,1 Bedroom,**,
3521024,Caledon,2002 October,2 Bedroom,**,
3521024,Caledon,2002 October,3 Bedroom +,**,
3521024,Caledon,2002 October,Total,**,
3521024,Caledon,2003 October,Studio,**,
3521024,Caledon,2003 October,1 Bedroom,**,
3521024,Caledon,2003 October,2 Bedroom,839,a
3521024,Caledon,2003 October,3 Bedroom +,**,
3521024,Caledon,2003 October,Total,811,a
3521024,Caledon,2004 October,Studio,**,
3521024,Caledon,2004 October,1 Bedroom,**,
3521024,Caledon,2004 October,2 Bedroom,856,a
3521024,Caledon,2004 October,3 Bedroom +,**,
3521024,Caledon,2004 October,Total,820,a
3521024,Caledon,2005 October,Studio,**,
3521024,Caledon,2005 October,1 Bedroom,**,
3521024,Caledon,2005 October,2 Bedroom,810,a
3521024,Caledon,2005 October,3 Bedroom +,**,
3521024,Caledon,2005 October,Total,783,a
3521024,Caledon,2006 October,Studio,**,
3521024,Caledon,2006 October,1 Bedroom,**,
3521024,Caledon,2006 October,2 Bedroom,879,a
3521024,Caledon,2006 October,3 Bedroom +,**,
3521024,Caledon,2006 October,Total,850,a
3521024,Caledon,2007 October,Studio,**,
3521024,Caledon,2007 October,1 Bedroom,**,
3521024,Caledon,2007 October,2 Bedroom,829,a
3521024,Caledon,2007 October,3 Bedroom +,**,
3521024,Caledon,2007 October,Total,845,a
3521024,Caledon,2008 October,Studio,**,
3521024,Caledon,2008 October,1 Bedroom,**,
3521024,Caledon,2008 October,2 Bedroom,**,
3521024,Caledon,2008 October,3 Bedroom +,**,
3521024,Caledon,2008 October,Total,**,
3521024,Caledon,2009 October,Studio,**,
3521024,Caledon,2009 October,1 Bedroom,**,
3521024,Caledon,2009 October,2 Bedroom,890,a
3521024,Caledon,2009 October,3 Bedroom +,**,
3521024,Caledon,2009 October,Total,868,a
3521024,Caledon,2010 October,Studio,**,
3521024,Caledon,2010 October,1 Bedroom,**,
3521024,Caledon,2010 October,2 Bedroom,**,
3521024,Caledon,2010 October,3 Bedroom +,**,
3521024,Caledon,2010 October,Total,**,
3521024,Caledon,2011 October,Studio,**,
3521024,Caledon,2011 October,1 Bedroom,**,
3521024,Caledon,2011 October,2 Bedroom,**,
3521024,Caledon,2011 October,3 Bedroom +,**,
3521024,Caledon,2011 October,Total,**,
3521024,Caledon,2012 October,Studio,**,
3521024,Caledon,2012 October,1 Bedroom,**,
3521024,Caledon,2012 October,2 Bedroom,**,
3521024,Caledon,2012 October,3 Bedroom +,**,
3521024,Caledon,2012 October,Total,**,
3521024,Caledon,2013 October,Studio,**,
3521024,Caledon,2013 October,1 Bedroom,**,
3521024,Caledon,2013 October,2 Bedroom,**,
3521024,Caledon,2013 October,3 Bedroom +,**,
3521024,Caledon,2013 October,Total,**,
3521024,Caledon,2014 October,Studio,**,
3521024,Caledon,2014 October,1 Bedroom,977,b
3521024,Caledon,2014 October,2 Bedroom,"1,017",a
3521024,Caledon,2014 October,3 Bedroom +,**,
3521024,Caledon,2014 October,Total,"1,003",a
3521024,Caledon,2015 October,Studio,**,
3521024,Caledon,2015 October,1 Bedroom,**,
3521024,Caledon,2015 October,2 Bedroom,**,
3521024,Caledon,2015 October,3 Bedroom +,**,
3521024,Caledon,2015 October,Total,**,
3521024,Caledon,2016 October,Studio,**,
3521024,Caledon,2016 October,1 Bedroom,**,
3521024,Caledon,2016 October,2 Bedroom,**,
3521024,Caledon,2016 October,3 Bedroom +,**,
3521024,Caledon,2016 October,Total,**,
3521024,Caledon,2017 October,Studio,**,
3521024,Caledon,2017 October,1 Bedroom,**,
3521024,Caledon,2017 October,2 Bedroom,**,
3521024,Caledon,2017 October,3 Bedroom +,**,
3521024,Caledon,2017 October,Total,**,
3521024,Caledon,2018 October,Studio,**,
3521024,Caledon,2018 October,1 Bedroom,**,
3521024,Caledon,2018 October,2 Bedroom,**,
3521024,Caledon,2018 October,3 Bedroom +,**,
3521024,Caledon,2018 October,Total,**,
3521024,Caledon,2019 October,Studio,**,
3521024,Caledon,2019 October,1 Bedroom,**,
3521024,Caledon,2019 October,2 Bedroom,**,
3521024,Caledon,2019 October,3 Bedroom +,**,
3521024,Caledon,2019 October,Total,**,
3521024,Caledon,2020 October,Studio,**,
3521024,Caledon,2020 October,1 Bedroom,**,
3521024,Caledon,2020 October,2 Bedroom,**,
3521024,Caledon,2020 October,3 Bedroom +,**,
3521024,Caledon,2020 October,Total,**,
3521024,Caledon,2021 October,Studio,**,
3521024,Caledon,2021 October,1 Bedroom,**,
3521024,Caledon,2021 October,2 Bedroom,**,
3521024,Caledon,2021 October,3 Bedroom +,**,
3521024,Caledon,2021 October,Total,**,
3521024,Caledon,2022 October,Studio,**,
3521024,Caledon,2022 October,1 Bedroom,**,
3521024,Caledon,2022 October,2 Bedroom,**,
3521024,Caledon,2022 October,3 Bedroom +,**,
3521024,Caledon,2022 October,Total,**,
3521024,Caledon,2023 October,Studio,**,
3521024,Caledon,2023 October,1 Bedroom,**,
3521024,Caledon,2023 October,2 Bedroom,**,
3521024,Caledon,2023 October,3 Bedroom +,**,
3521024,Caledon,2023 October,Total,**,
3521024,Caledon,2024 October,Studio,**,
3521024,Caledon,2024 October,1 Bedroom,**,
3521024,Caledon,2024 October,2 Bedroom,**,
3521024,Caledon,2024 October,3 Bedroom +,**,
3521024,Caledon,2024 October,Total,**,
3521024,Caledon,2025 October,Studio,**,
3521024,Caledon,2025 October,1 Bedroom,**,
3521024,Caledon,2025 October,2 Bedroom,**,
3521024,Caledon,2025 October,3 Bedroom +,**,
3521024,Caledon,2025 October,Total,**,
3519036,Markham,1990 October,Studio,422,a
3519036,Markham,1990 October,1 Bedroom,497,a
3519036,Markham,1990 October,2 Bedroom,529,a
3519036,Markham,1990 October,3 Bedroom +,610,a
3519036,Markham,1990 October,Total,519,a
3519036,Markham,1991 October,Studio,496,a
3519036,Markham,1991 October,1 Bedroom,493,a
3519036,Markham,1991 October,2 Bedroom,562,a
3519036,Markham,1991 October,3 Bedroom +,668,a
3519036,Markham,1991 October,Total,540,a
3519036,Markham,1992 October,Studio,445,a
3519036,Markham,1992 October,1 Bedroom,529,a
3519036,Markham,1992 October,2 Bedroom,594,a
3519036,Markham,1992 October,3 Bedroom +,830,a
3519036,Markham,1992 October,Total,587,a
3519036,Markham,1993 October,Studio,509,a
3519036,Markham,1993 October,1 Bedroom,555,a
3519036,Markham,1993 October,2 Bedroom,624,a
3519036,Markham,1993 October,3 Bedroom +,849,a
3519036,Markham,1993 October,Total,615,a
3519036,Markham,1994 October,Studio,486,a
3519036,Markham,1994 October,1 Bedroom,565,a
3519036,Markham,1994 October,2 Bedroom,650,a
3519036,Markham,1994 October,3 Bedroom +,863,a
3519036,Markham,1994 October,Total,633,a
3519036,Markham,1995 October,Studio,503,a
3519036,Markham,1995 October,1 Bedroom,600,a
3519036,Markham,1995 October,2 Bedroom,680,a
3519036,Markham,1995 October,3 Bedroom +,878,a
3519036,Markham,1995 October,Total,664,a
3519036,Markham,1996 October,Studio,542,a
3519036,Markham,1996 October,1 Bedroom,621,a
3519036,Markham,1996 October,2 Bedroom,704,a
3519036,Markham,1996 October,3 Bedroom +,"1,004",a
3519036,Markham,1996 October,Total,694,a
3519036,Markham,1997 October,Studio,532,a
3519036,Markham,1997 October,1 Bedroom,624,a
3519036,Markham,1997 October,2 Bedroom,728,a
3519036,Markham,1997 October,3 Bedroom +,896,a
3519036,Markham,1997 October,Total,696,a
3519036,Markham,1998 October,Studio,529,a
3519036,Markham,1998 October,1 Bedroom,657,a
3519036,Markham,1998 October,2 Bedroom,765,a
3519036,Markham,1998 October,3 Bedroom +,957,a
3519036,Markham,1998 October,Total,733,a
3519036,Markham,1999 October,Studio,562,a
3519036,Markham,1999 October,1 Bedroom,751,a
3519036,Markham,1999 October,2 Bedroom,836,a
3519036,Markham,1999 October,3 Bedroom +,967,a
3519036,Markham,1999 October,Total,799,a
3519036,Markham,2000 October,Studio,571,a
3519036,Markham,2000 October,1 Bedroom,729,a
3519036,Markham,2000 October,2 Bedroom,855,a
3519036,Markham,2000 October,3 Bedroom +,"1,069",a
3519036,Markham,2000 October,Total,818,a
3519036,Markham,2001 October,Studio,604,c
3519036,Markham,2001 October,1 Bedroom,841,a
3519036,Markham,2001 October,2 Bedroom,962,a
3519036,Markham,2001 October,3 Bedroom +,"1,131",a
3519036,Markham,2001 October,Total,929,a
3519036,Markham,2002 October,Studio,607,a
3519036,Markham,2002 October,1 Bedroom,829,a
3519036,Markham,2002 October,2 Bedroom,982,a
3519036,Markham,2002 October,3 Bedroom +,"1,128",a
3519036,Markham,2002 October,Total,928,a
3519036,Markham,2003 October,Studio,665,a
3519036,Markham,2003 October,1 Bedroom,886,a
3519036,Markham,2003 October,2 Bedroom,"1,025",a
3519036,Markham,2003 October,3 Bedroom +,"1,184",a
3519036,Markham,2003 October,Total,976,a
3519036,Markham,2004 October,Studio,627,a
3519036,Markham,2004 October,1 Bedroom,875,a
3519036,Markham,2004 October,2 Bedroom,"1,028",a
3519036,Markham,2004 October,3 Bedroom +,"1,257",a
3519036,Markham,2004 October,Total,"1,004",a
3519036,Markham,2005 October,Studio,625,a
3519036,Markham,2005 October,1 Bedroom,903,a
3519036,Markham,2005 October,2 Bedroom,"1,037",a
3519036,Markham,2005 October,3 Bedroom +,"1,239",a
3519036,Markham,2005 October,Total,995,a
3519036,Markham,2006 October,Studio,621,a
3519036,Markham,2006 October,1 Bedroom,924,a
3519036,Markham,2006 October,2 Bedroom,"1,083",a
3519036,Markham,2006 October,3 Bedroom +,"1,249",a
3519036,Markham,2006 October,Total,"1,019",a
3519036,Markham,2007 October,Studio,**,
3519036,Markham,2007 October,1 Bedroom,909,a
3519036,Markham,2007 October,2 Bedroom,"1,049",a
3519036,Markham,2007 October,3 Bedroom +,"1,177",b
3519036,Markham,2007 October,Total,998,a
3519036,Markham,2008 October,Studio,**,
3519036,Markham,2008 October,1 Bedroom,944,a
3519036,Markham,2008 October,2 Bedroom,"1,103",a
3519036,Markham,2008 October,3 Bedroom +,"1,296",a
3519036,Markham,2008 October,Total,"1,067",a
3519036,Markham,2009 October,Studio,**,
3519036,Markham,2009 October,1 Bedroom,931,b
3519036,Markham,2009 October,2 Bedroom,"1,056",b
3519036,Markham,2009 October,3 Bedroom +,"1,220",b
3519036,Markham,2009 October,Total,997,b
3519036,Markham,2010 October,Studio,701,a
3519036,Markham,2010 October,1 Bedroom,934,a
3519036,Markham,2010 October,2 Bedroom,"1,059",a
3519036,Markham,2010 October,3 Bedroom +,"1,305",a
3519036,Markham,2010 October,Total,"1,026",a
3519036,Markham,2011 October,Studio,**,
3519036,Markham,2011 October,1 Bedroom,985,a
3519036,Markham,2011 October,2 Bedroom,"1,124",a
3519036,Markham,2011 October,3 Bedroom +,"1,416",a
3519036,Markham,2011 October,Total,"1,078",a
3519036,Markham,2012 October,Studio,716,a
3519036,Markham,2012 October,1 Bedroom,986,a
3519036,Markham,2012 October,2 Bedroom,"1,149",a
3519036,Markham,2012 October,3 Bedroom +,"1,518",a
3519036,Markham,2012 October,Total,"1,097",a
3519036,Markham,2013 October,Studio,773,a
3519036,Markham,2013 October,1 Bedroom,"1,029",a
3519036,Markham,2013 October,2 Bedroom,"1,183",a
3519036,Markham,2013 October,3 Bedroom +,"1,333",a
3519036,Markham,2013 October,Total,"1,128",a
3519036,Markham,2014 October,Studio,**,
3519036,Markham,2014 October,1 Bedroom,"1,031",a
3519036,Markham,2014 October,2 Bedroom,"1,191",a
3519036,Markham,2014 October,3 Bedroom +,"1,617",a
3519036,Markham,2014 October,Total,"1,145",a
3519036,Markham,2015 October,Studio,**,
3519036,Markham,2015 October,1 Bedroom,"1,092",a
3519036,Markham,2015 October,2 Bedroom,"1,257",a
3519036,Markham,2015 October,3 Bedroom +,"1,401",a
3519036,Markham,2015 October,Total,"1,197",a
3519036,Markham,2016 October,Studio,**,
3519036,Markham,2016 October,1 Bedroom,"1,149",a
3519036,Markham,2016 October,2 Bedroom,"1,271",a
3519036,Markham,2016 October,3 Bedroom +,"1,362",a
3519036,Markham,2016 October,Total,"1,228",a
3519036,Markham,2017 October,Studio,**,
3519036,Markham,2017 October,1 Bedroom,"1,234",a
3519036,Markham,2017 October,2 Bedroom,"1,394",a
3519036,Markham,2017 October,3 Bedroom +,"1,544",a
3519036,Markham,2017 October,Total,"1,339",a
3519036,Markham,2018 October,Studio,**,
3519036,Markham,2018 October,1 Bedroom,"1,213",a
3519036,Markham,2018 October,2 Bedroom,"1,408",a
3519036,Markham,2018 October,3 Bedroom +,"1,538",a
3519036,Markham,2018 October,Total,"1,337",a
3519036,Markham,2019 October,Studio,"1,029",b
3519036,Markham,2019 October,1 Bedroom,"1,373",a
3519036,Markham,2019 October,2 Bedroom,"1,544",a
3519036,Markham,2019 October,3 Bedroom +,"1,639",a
3519036,Markham,2019 October,Total,"1,483",a
3519036,Markham,2020 October,Studio,**,
3519036,Markham,2020 October,1 Bedroom,"1,439",a
3519036,Markham,2020 October,2 Bedroom,"1,600",a
3519036,Markham,2020 October,3 Bedroom +,"1,668",a
3519036,Markham,2020 October,Total,"1,541",a
3519036,Markham,2021 October,Studio,**,
3519036,Markham,2021 October,1 Bedroom,"1,421",a
3519036,Markham,2021 October,2 Bedroom,"1,547",a
3519036,Markham,2021 October,3 Bedroom +,"1,727",a
3519036,Markham,2021 October,Total,"1,503",a
3519036,Markham,2022 October,Studio,**,
3519036,Markham,2022 October,1 Bedroom,"1,431",a
3519036,Markham,2022 October,2 Bedroom,"1,593",a
3519036,Markham,2022 October,3 Bedroom +,"1,995",a
3519036,Markham,2022 October,Total,"1,554",a
3519036,Markham,2023 October,Studio,**,
3519036,Markham,2023 October,1 Bedroom,"1,541",a
3519036,Markham,2023 October,2 Bedroom,"1,677",a
3519036,Markham,2023 October,3 Bedroom +,"1,880",a
3519036,Markham,2023 October,Total,"1,630",a
3519036,Markham,2024 October,Studio,**,
3519036,Markham,2024 October,1 Bedroom,"1,742",a
3519036,Markham,2024 October,2 Bedroom,"1,893",a
3519036,Markham,2024 October,3 Bedroom +,"1,984",a
3519036,Markham,2024 October,Total,"1,831",a
3519036,Markham,2025 October,Studio,**,
3519036,Markham,2025 October,1 Bedroom,"1,885",b
3519036,Markham,2025 October,2 Bedroom,"1,996",c
3519036,Markham,2025 October,3 Bedroom +,"1,969",a
3519036,Markham,2025 October,Total,"1,942",b
3519028,Vaughan,1990 October,Studio,**,
3519028,Vaughan,1990 October,1 Bedroom,**,
3519028,Vaughan,1990 October,2 Bedroom,**,
3519028,Vaughan,1990 October,3 Bedroom +,**,
3519028,Vaughan,1990 October,Total,**,
3519028,Vaughan,1991 October,Studio,**,
3519028,Vaughan,1991 October,1 Bedroom,**,
3519028,Vaughan,1991 October,2 Bedroom,**,
3519028,Vaughan,1991 October,3 Bedroom +,**,
3519028,Vaughan,1991 October,Total,**,
3519028,Vaughan,1992 October,Studio,**,
3519028,Vaughan,1992 October,1 Bedroom,**,
3519028,Vaughan,1992 October,2 Bedroom,**,
3519028,Vaughan,1992 October,3 Bedroom +,**,
3519028,Vaughan,1992 October,Total,**,
3519028,Vaughan,1993 October,Studio,**,
3519028,Vaughan,1993 October,1 Bedroom,**,
3519028,Vaughan,1993 October,2 Bedroom,**,
3519028,Vaughan,1993 October,3 Bedroom +,**,
3519028,Vaughan,1993 October,Total,**,
3519028,Vaughan,1994 October,Studio,**,
3519028,Vaughan,1994 October,1 Bedroom,**,
3519028,Vaughan,1994 October,2 Bedroom,**,
3519028,Vaughan,1994 October,3 Bedroom +,**,
3519028,Vaughan,1994 October,Total,**,
3519028,Vaughan,1995 October,Studio,**,
3519028,Vaughan,1995 October,1 Bedroom,**,
3519028,Vaughan,1995 October,2 Bedroom,**,
3519028,Vaughan,1995 October,3 Bedroom +,**,
3519028,Vaughan,1995 October,Total,**,
3519028,Vaughan,1996 October,Studio,**,
3519028,Vaughan,1996 October,1 Bedroom,**,
3519028,Vaughan,1996 October,2 Bedroom,**,
3519028,Vaughan,1996 October,3 Bedroom +,**,
3519028,Vaughan,1996 October,Total,**,
3519028,Vaughan,1997 October,Studio,**,
3519028,Vaughan,1997 October,1 Bedroom,**,
3519028,Vaughan,1997 October,2 Bedroom,**,
3519028,Vaughan,1997 October,3 Bedroom +,**,
3519028,Vaughan,1997 October,Total,**,
3519028,Vaughan,1998 October,Studio,**,
3519028,Vaughan,1998 October,1 Bedroom,**,
3519028,Vaughan,1998 October,2 Bedroom,**,
3519028,Vaughan,1998 October,3 Bedroom +,**,
3519028,Vaughan,1998 October,Total,**,
3519028,Vaughan,1999 October,Studio,**,
3519028,Vaughan,1999 October,1 Bedroom,**,
3519028,Vaughan,1999 October,2 Bedroom,**,
3519028,Vaughan,1999 October,3 Bedroom +,**,
3519028,Vaughan,1999 October,Total,**,
3519028,Vaughan,2000 October,Studio,**,
3519028,Vaughan,2000 October,1 Bedroom,**,
3519028,Vaughan,2000 October,2 Bedroom,**,
3519028,Vaughan,2000 October,3 Bedroom +,**,
3519028,Vaughan,2000 October,Total,**,
3519028,Vaughan,2001 October,Studio,**,
3519028,Vaughan,2001 October,1 Bedroom,**,
3519028,Vaughan,2001 October,2 Bedroom,**,
3519028,Vaughan,2001 October,3 Bedroom +,**,
3519028,Vaughan,2001 October,Total,**,
3519028,Vaughan,2002 October,Studio,**,
3519028,Vaughan,2002 October,1 Bedroom,**,
3519028,Vaughan,2002 October,2 Bedroom,**,
3519028,Vaughan,2002 October,3 Bedroom +,**,
3519028,Vaughan,2002 October,Total,**,
3519028,Vaughan,2003 October,Studio,**,
3519028,Vaughan,2003 October,1 Bedroom,**,
3519028,Vaughan,2003 October,2 Bedroom,**,
3519028,Vaughan,2003 October,3 Bedroom +,**,
3519028,Vaughan,2003 October,Total,**,
3519028,Vaughan,2004 October,Studio,**,
3519028,Vaughan,2004 October,1 Bedroom,**,
3519028,Vaughan,2004 October,2 Bedroom,**,
3519028,Vaughan,2004 October,3 Bedroom +,**,
3519028,Vaughan,2004 October,Total,**,
3519028,Vaughan,2005 October,Studio,**,
3519028,Vaughan,2005 October,1 Bedroom,**,
3519028,Vaughan,2005 October,2 Bedroom,**,
3519028,Vaughan,2005 October,3 Bedroom +,**,
3519028,Vaughan,2005 October,Total,**,
3519028,Vaughan,2006 October,Studio,**,
3519028,Vaughan,2006 October,1 Bedroom,**,
3519028,Vaughan,2006 October,2 Bedroom,**,
3519028,Vaughan,2006 October,3 Bedroom +,**,
3519028,Vaughan,2006 October,Total,**,
3519028,Vaughan,2007 October,Studio,**,
3519028,Vaughan,2007 October,1 Bedroom,**,
3519028,Vaughan,2007 October,2 Bedroom,**,
3519028,Vaughan,2007 October,3 Bedroom +,**,
3519028,Vaughan,2007 October,Total,**,
3519028,Vaughan,2008 October,Studio,**,
3519028,Vaughan,2008 October,1 Bedroom,**,
3519028,Vaughan,2008 October,2 Bedroom,**,
3519028,Vaughan,2008 October,3 Bedroom +,**,
3519028,Vaughan,2008 October,Total,**,
3519028,Vaughan,2009 October,Studio,**,
3519028,Vaughan,2009 October,1 Bedroom,**,
3519028,Vaughan,2009 October,2 Bedroom,**,
3519028,Vaughan,2009 October,3 Bedroom +,**,
3519028,Vaughan,2009 October,Total,**,
3519028,Vaughan,2010 October,Studio,**,
3519028,Vaughan,2010 October,1 Bedroom,**,
3519028,Vaughan,2010 October,2 Bedroom,**,
3519028,Vaughan,2010 October,3 Bedroom +,**,
3519028,Vaughan,2010 October,Total,**,
3519028,Vaughan,2011 October,Studio,**,
3519028,Vaughan,2011 October,1 Bedroom,**,
3519028,Vaughan,2011 October,2 Bedroom,**,
3519028,Vaughan,2011 October,3 Bedroom +,**,
3519028,Vaughan,2011 October,Total,**,
3519028,Vaughan,2012 October,Studio,**,
3519028,Vaughan,2012 October,1 Bedroom,**,
3519028,Vaughan,2012 October,2 Bedroom,**,
3519028,Vaughan,2012 October,3 Bedroom +,**,
3519028,Vaughan,2012 October,Total,**,
3519028,Vaughan,2013 October,Studio,**,
3519028,Vaughan,2013 October,1 Bedroom,**,
3519028,Vaughan,2013 October,2 Bedroom,**,
3519028,Vaughan,2013 October,3 Bedroom +,**,
3519028,Vaughan,2013 October,Total,**,
3519028,Vaughan,2014 October,Studio,**,
3519028,Vaughan,2014 October,1 Bedroom,**,
3519028,Vaughan,2014 October,2 Bedroom,**,
3519028,Vaughan,2014 October,3 Bedroom +,**,
3519028,Vaughan,2014 October,Total,**,
3519028,Vaughan,2015 October,Studio,**,
3519028,Vaughan,2015 October,1 Bedroom,**,
3519028,Vaughan,2015 October,2 Bedroom,**,
3519028,Vaughan,2015 October,3 Bedroom +,**,
3519028,Vaughan,2015 October,Total,**,
3519028,Vaughan,2016 October,Studio,**,
3519028,Vaughan,2016 October,1 Bedroom,**,
3519028,Vaughan,2016 October,2 Bedroom,**,
3519028,Vaughan,2016 October,3 Bedroom +,**,
3519028,Vaughan,2016 October,Total,**,
3519028,Vaughan,2017 October,Studio,**,
3519028,Vaughan,2017 October,1 Bedroom,**,
3519028,Vaughan,2017 October,2 Bedroom,**,
3519028,Vaughan,2017 October,3 Bedroom +,**,
3519028,Vaughan,2017 October,Total,**,
3519028,Vaughan,2018 October,Studio,**,
3519028,Vaughan,2018 October,1 Bedroom,**,
3519028,Vaughan,2018 October,2 Bedroom,**,
3519028,Vaughan,2018 October,3 Bedroom +,**,
3519028,Vaughan,2018 October,Total,**,
3519028,Vaughan,2019 October,Studio,**,
3519028,Vaughan,2019 October,1 Bedroom,**,
3519028,Vaughan,2019 October,2 Bedroom,**,
3519028,Vaughan,2019 October,3 Bedroom +,**,
3519028,Vaughan,2019 October,Total,**,
3519028,Vaughan,2020 October,Studio,**,
3519028,Vaughan,2020 October,1 Bedroom,**,
3519028,Vaughan,2020 October,2 Bedroom,**,
3519028,Vaughan,2020 October,3 Bedroom +,**,
3519028,Vaughan,2020 October,Total,**,
3519028,Vaughan,2021 October,Studio,**,
3519028,Vaughan,2021 October,1 Bedroom,**,
3519028,Vaughan,2021 October,2 Bedroom,**,
3519028,Vaughan,2021 October,3 Bedroom +,**,
3519028,Vaughan,2021 October,Total,**,
3519028,Vaughan,2022 October,Studio,**,
3519028,Vaughan,2022 October,1 Bedroom,**,
3519028,Vaughan,2022 October,2 Bedroom,**,
3519028,Vaughan,2022 October,3 Bedroom +,**,
3519028,Vaughan,2022 October,Total,**,
3519028,Vaughan,2023 October,Studio,**,
3519028,Vaughan,2023 October,1 Bedroom,**,
3519028,Vaughan,2023 October,2 Bedroom,**,
3519028,Vaughan,2023 October,3 Bedroom +,**,
3519028,Vaughan,2023 October,Total,**,
3519028,Vaughan,2024 October,Studio,**,
3519028,Vaughan,2024 October,1 Bedroom,**,
3519028,Vaughan,2024 October,2 Bedroom,**,
3519028,Vaughan,2024 October,3 Bedroom +,**,
3519028,Vaughan,2024 October,Total,**,
3519028,Vaughan,2025 October,Studio,**,
3519028,Vaughan,2025 October,1 Bedroom,**,
3519028,Vaughan,2025 October,2 Bedroom,**,
3519028,Vaughan,2025 October,3 Bedroom +,**,
3519028,Vaughan,2025 October,Total,**,
3519038,Richmond Hill,1990 October,Studio,456,a
3519038,Richmond Hill,1990 October,1 Bedroom,543,a
3519038,Richmond Hill,1990 October,2 Bedroom,636,a
3519038,Richmond Hill,1990 October,3 Bedroom +,799,a
3519038,Richmond Hill,1990 October,Total,601,a
3519038,Richmond Hill,1991 October,Studio,480,c
3519038,Richmond Hill,1991 October,1 Bedroom,551,b
3519038,Richmond Hill,1991 October,2 Bedroom,641,a
3519038,Richmond Hill,1991 October,3 Bedroom +,833,c
3519038,Richmond Hill,1991 October,Total,610,a
3519038,Richmond Hill,1992 October,Studio,517,a
3519038,Richmond Hill,1992 October,1 Bedroom,579,a
3519038,Richmond Hill,1992 October,2 Bedroom,686,a
3519038,Richmond Hill,1992 October,3 Bedroom +,868,a
3519038,Richmond Hill,1992 October,Total,648,a
3519038,Richmond Hill,1993 October,Studio,528,a
3519038,Richmond Hill,1993 October,1 Bedroom,613,a
3519038,Richmond Hill,1993 October,2 Bedroom,707,a
3519038,Richmond Hill,1993 October,3 Bedroom +,865,a
3519038,Richmond Hill,1993 October,Total,670,a
3519038,Richmond Hill,1994 October,Studio,545,a
3519038,Richmond Hill,1994 October,1 Bedroom,641,a
3519038,Richmond Hill,1994 October,2 Bedroom,731,a
3519038,Richmond Hill,1994 October,3 Bedroom +,906,a
3519038,Richmond Hill,1994 October,Total,697,a
3519038,Richmond Hill,1995 October,Studio,545,a
3519038,Richmond Hill,1995 October,1 Bedroom,651,a
3519038,Richmond Hill,1995 October,2 Bedroom,749,a
3519038,Richmond Hill,1995 October,3 Bedroom +,937,a
3519038,Richmond Hill,1995 October,Total,712,a
3519038,Richmond Hill,1996 October,Studio,551,a
3519038,Richmond Hill,1996 October,1 Bedroom,676,a
3519038,Richmond Hill,1996 October,2 Bedroom,772,a
3519038,Richmond Hill,1996 October,3 Bedroom +,967,a
3519038,Richmond Hill,1996 October,Total,735,a
3519038,Richmond Hill,1997 October,Studio,580,a
3519038,Richmond Hill,1997 October,1 Bedroom,679,a
3519038,Richmond Hill,1997 October,2 Bedroom,787,a
3519038,Richmond Hill,1997 October,3 Bedroom +,980,a
3519038,Richmond Hill,1997 October,Total,746,a
3519038,Richmond Hill,1998 October,Studio,589,a
3519038,Richmond Hill,1998 October,1 Bedroom,708,a
3519038,Richmond Hill,1998 October,2 Bedroom,829,a
3519038,Richmond Hill,1998 October,3 Bedroom +,"1,026",a
3519038,Richmond Hill,1998 October,Total,782,a
3519038,Richmond Hill,1999 October,Studio,621,a
3519038,Richmond Hill,1999 October,1 Bedroom,735,a
3519038,Richmond Hill,1999 October,2 Bedroom,850,a
3519038,Richmond Hill,1999 October,3 Bedroom +,"1,053",a
3519038,Richmond Hill,1999 October,Total,806,a
3519038,Richmond Hill,2000 October,Studio,706,a
3519038,Richmond Hill,2000 October,1 Bedroom,794,a
3519038,Richmond Hill,2000 October,2 Bedroom,923,a
3519038,Richmond Hill,2000 October,3 Bedroom +,"1,143",a
3519038,Richmond Hill,2000 October,Total,882,a
3519038,Richmond Hill,2001 October,Studio,703,a
3519038,Richmond Hill,2001 October,1 Bedroom,813,a
3519038,Richmond Hill,2001 October,2 Bedroom,958,a
3519038,Richmond Hill,2001 October,3 Bedroom +,"1,187",b
3519038,Richmond Hill,2001 October,Total,894,a
3519038,Richmond Hill,2002 October,Studio,723,b
3519038,Richmond Hill,2002 October,1 Bedroom,862,a
3519038,Richmond Hill,2002 October,2 Bedroom,"1,010",a
3519038,Richmond Hill,2002 October,3 Bedroom +,"1,290",b
3519038,Richmond Hill,2002 October,Total,946,a
3519038,Richmond Hill,2003 October,Studio,710,b
3519038,Richmond Hill,2003 October,1 Bedroom,835,a
3519038,Richmond Hill,2003 October,2 Bedroom,943,a
3519038,Richmond Hill,2003 October,3 Bedroom +,"1,077",b
3519038,Richmond Hill,2003 October,Total,889,a
3519038,Richmond Hill,2004 October,Studio,785,a
3519038,Richmond Hill,2004 October,1 Bedroom,899,a
3519038,Richmond Hill,2004 October,2 Bedroom,"1,073",a
3519038,Richmond Hill,2004 October,3 Bedroom +,"1,359",a
3519038,Richmond Hill,2004 October,Total,"1,011",a
3519038,Richmond Hill,2005 October,Studio,782,a
3519038,Richmond Hill,2005 October,1 Bedroom,884,a
3519038,Richmond Hill,2005 October,2 Bedroom,"1,055",a
3519038,Richmond Hill,2005 October,3 Bedroom +,"1,287",a
3519038,Richmond Hill,2005 October,Total,989,a
3519038,Richmond Hill,2006 October,Studio,793,a
3519038,Richmond Hill,2006 October,1 Bedroom,916,a
3519038,Richmond Hill,2006 October,2 Bedroom,"1,105",a
3519038,Richmond Hill,2006 October,3 Bedroom +,"1,328",a
3519038,Richmond Hill,2006 October,Total,"1,030",a
3519038,Richmond Hill,2007 October,Studio,792,a
3519038,Richmond Hill,2007 October,1 Bedroom,910,a
3519038,Richmond Hill,2007 October,2 Bedroom,"1,097",a
3519038,Richmond Hill,2007 October,3 Bedroom +,"1,368",a
3519038,Richmond Hill,2007 October,Total,"1,022",a
3519038,Richmond Hill,2008 October,Studio,807,a
3519038,Richmond Hill,2008 October,1 Bedroom,930,a
3519038,Richmond Hill,2008 October,2 Bedroom,"1,138",a
3519038,Richmond Hill,2008 October,3 Bedroom +,"1,359",a
3519038,Richmond Hill,2008 October,Total,"1,060",a
3519038,Richmond Hill,2009 October,Studio,843,a
3519038,Richmond Hill,2009 October,1 Bedroom,957,a
3519038,Richmond Hill,2009 October,2 Bedroom,"1,132",a
3519038,Richmond Hill,2009 October,3 Bedroom +,"1,372",a
3519038,Richmond Hill,2009 October,Total,"1,072",a
3519038,Richmond Hill,2010 October,Studio,829,a
3519038,Richmond Hill,2010 October,1 Bedroom,971,a
3519038,Richmond Hill,2010 October,2 Bedroom,"1,147",a
3519038,Richmond Hill,2010 October,3 Bedroom +,"1,405",a
3519038,Richmond Hill,2010 October,Total,"1,072",a
3519038,Richmond Hill,2011 October,Studio,842,a
3519038,Richmond Hill,2011 October,1 Bedroom,"1,015",a
3519038,Richmond Hill,2011 October,2 Bedroom,"1,210",a
3519038,Richmond Hill,2011 October,3 Bedroom +,"1,476",a
3519038,Richmond Hill,2011 October,Total,"1,132",a
3519038,Richmond Hill,2012 October,Studio,827,a
3519038,Richmond Hill,2012 October,1 Bedroom,"1,020",a
3519038,Richmond Hill,2012 October,2 Bedroom,"1,240",a
3519038,Richmond Hill,2012 October,3 Bedroom +,"1,453",a
3519038,Richmond Hill,2012 October,Total,"1,147",a
3519038,Richmond Hill,2013 October,Studio,870,a
3519038,Richmond Hill,2013 October,1 Bedroom,"1,047",a
3519038,Richmond Hill,2013 October,2 Bedroom,"1,239",a
3519038,Richmond Hill,2013 October,3 Bedroom +,"1,463",a
3519038,Richmond Hill,2013 October,Total,"1,162",a
3519038,Richmond Hill,2014 October,Studio,877,a
3519038,Richmond Hill,2014 October,1 Bedroom,"1,082",a
3519038,Richmond Hill,2014 October,2 Bedroom,"1,299",a
3519038,Richmond Hill,2014 October,3 Bedroom +,"1,521",a
3519038,Richmond Hill,2014 October,Total,"1,207",a
3519038,Richmond Hill,2015 October,Studio,900,a
3519038,Richmond Hill,2015 October,1 Bedroom,"1,150",a
3519038,Richmond Hill,2015 October,2 Bedroom,"1,349",a
3519038,Richmond Hill,2015 October,3 Bedroom +,"1,538",a
3519038,Richmond Hill,2015 October,Total,"1,265",a
3519038,Richmond Hill,2016 October,Studio,909,b
3519038,Richmond Hill,2016 October,1 Bedroom,"1,136",a
3519038,Richmond Hill,2016 October,2 Bedroom,"1,327",a
3519038,Richmond Hill,2016 October,3 Bedroom +,"1,488",a
3519038,Richmond Hill,2016 October,Total,"1,246",a
3519038,Richmond Hill,2017 October,Studio,939,a
3519038,Richmond Hill,2017 October,1 Bedroom,"1,154",a
3519038,Richmond Hill,2017 October,2 Bedroom,"1,393",a
3519038,Richmond Hill,2017 October,3 Bedroom +,"1,631",a
3519038,Richmond Hill,2017 October,Total,"1,292",a
3519038,Richmond Hill,2018 October,Studio,"1,020",b
3519038,Richmond Hill,2018 October,1 Bedroom,"1,146",a
3519038,Richmond Hill,2018 October,2 Bedroom,"1,363",a
3519038,Richmond Hill,2018 October,3 Bedroom +,"1,591",b
3519038,Richmond Hill,2018 October,Total,"1,282",a
3519038,Richmond Hill,2019 October,Studio,"1,011",b
3519038,Richmond Hill,2019 October,1 Bedroom,"1,213",a
3519038,Richmond Hill,2019 October,2 Bedroom,"1,394",a
3519038,Richmond Hill,2019 October,3 Bedroom +,"1,617",b
3519038,Richmond Hill,2019 October,Total,"1,320",a
3519038,Richmond Hill,2020 October,Studio,"1,109",b
3519038,Richmond Hill,2020 October,1 Bedroom,"1,385",a
3519038,Richmond Hill,2020 October,2 Bedroom,"1,597",b
3519038,Richmond Hill,2020 October,3 Bedroom +,"1,842",b
3519038,Richmond Hill,2020 October,Total,"1,503",a
3519038,Richmond Hill,2021 October,Studio,"1,180",c
3519038,Richmond Hill,2021 October,1 Bedroom,"1,342",a
3519038,Richmond Hill,2021 October,2 Bedroom,"1,539",a
3519038,Richmond Hill,2021 October,3 Bedroom +,"1,960",b
3519038,Richmond Hill,2021 October,Total,"1,473",a
3519038,Richmond Hill,2022 October,Studio,"1,315",b
3519038,Richmond Hill,2022 October,1 Bedroom,"1,348",a
3519038,Richmond Hill,2022 October,2 Bedroom,"1,579",a
3519038,Richmond Hill,2022 October,3 Bedroom +,"2,031",b
3519038,Richmond Hill,2022 October,Total,"1,522",a
3519038,Richmond Hill,2023 October,Studio,"1,233",d
3519038,Richmond Hill,2023 October,1 Bedroom,"1,479",b
3519038,Richmond Hill,2023 October,2 Bedroom,"1,877",b
3519038,Richmond Hill,2023 October,3 Bedroom +,"2,019",b
3519038,Richmond Hill,2023 October,Total,"1,713",b
3519038,Richmond Hill,2024 October,Studio,"1,199",c
3519038,Richmond Hill,2024 October,1 Bedroom,"1,534",a
3519038,Richmond Hill,2024 October,2 Bedroom,"1,931",a
3519038,Richmond Hill,2024 October,3 Bedroom +,"2,233",a
3519038,Richmond Hill,2024 October,Total,"1,761",a
3519038,Richmond Hill,2025 October,Studio,"1,328",c
3519038,Richmond Hill,2025 October,1 Bedroom,"1,583",a
3519038,Richmond Hill,2025 October,2 Bedroom,"1,827",a
3519038,Richmond Hill,2025 October,3 Bedroom +,"2,332",c
3519038,Richmond Hill,2025 October,Total,"1,726",a
3519048,Newmarket,1990 October,Studio,376,a
3519048,Newmarket,1990 October,1 Bedroom,546,a
3519048,Newmarket,1990 October,2 Bedroom,630,a
3519048,Newmarket,1990 October,3 Bedroom +,814,a
3519048,Newmarket,1990 October,Total,593,a
3519048,Newmarket,1991 October,Studio,376,a
3519048,Newmarket,1991 October,1 Bedroom,562,a
3519048,Newmarket,1991 October,2 Bedroom,675,a
3519048,Newmarket,1991 October,3 Bedroom +,882,a
3519048,Newmarket,1991 October,Total,629,a
3519048,Newmarket,1992 October,Studio,444,b
3519048,Newmarket,1992 October,1 Bedroom,600,a
3519048,Newmarket,1992 October,2 Bedroom,840,b
3519048,Newmarket,1992 October,3 Bedroom +,868,a
3519048,Newmarket,1992 October,Total,740,b
3519048,Newmarket,1993 October,Studio,426,a
3519048,Newmarket,1993 October,1 Bedroom,589,a
3519048,Newmarket,1993 October,2 Bedroom,834,b
3519048,Newmarket,1993 October,3 Bedroom +,842,a
3519048,Newmarket,1993 October,Total,726,a
3519048,Newmarket,1994 October,Studio,443,b
3519048,Newmarket,1994 October,1 Bedroom,617,a
3519048,Newmarket,1994 October,2 Bedroom,803,a
3519048,Newmarket,1994 October,3 Bedroom +,860,a
3519048,Newmarket,1994 October,Total,726,a
3519048,Newmarket,1995 October,Studio,431,a
3519048,Newmarket,1995 October,1 Bedroom,641,a
3519048,Newmarket,1995 October,2 Bedroom,843,b
3519048,Newmarket,1995 October,3 Bedroom +,858,b
3519048,Newmarket,1995 October,Total,766,b
3519048,Newmarket,1996 October,Studio,471,a
3519048,Newmarket,1996 October,1 Bedroom,642,a
3519048,Newmarket,1996 October,2 Bedroom,761,a
3519048,Newmarket,1996 October,3 Bedroom +,886,a
3519048,Newmarket,1996 October,Total,717,a
3519048,Newmarket,1997 October,Studio,467,b
3519048,Newmarket,1997 October,1 Bedroom,660,a
3519048,Newmarket,1997 October,2 Bedroom,761,a
3519048,Newmarket,1997 October,3 Bedroom +,896,a
3519048,Newmarket,1997 October,Total,722,a
3519048,Newmarket,1998 October,Studio,533,a
3519048,Newmarket,1998 October,1 Bedroom,665,a
3519048,Newmarket,1998 October,2 Bedroom,909,b
3519048,Newmarket,1998 October,3 Bedroom +,958,a
3519048,Newmarket,1998 October,Total,816,b
3519048,Newmarket,1999 October,Studio,493,b
3519048,Newmarket,1999 October,1 Bedroom,676,a
3519048,Newmarket,1999 October,2 Bedroom,806,a
3519048,Newmarket,1999 October,3 Bedroom +,925,a
3519048,Newmarket,1999 October,Total,756,a
3519048,Newmarket,2000 October,Studio,521,b
3519048,Newmarket,2000 October,1 Bedroom,722,a
3519048,Newmarket,2000 October,2 Bedroom,826,a
3519048,Newmarket,2000 October,3 Bedroom +,952,c
3519048,Newmarket,2000 October,Total,764,a
3519048,Newmarket,2001 October,Studio,540,b
3519048,Newmarket,2001 October,1 Bedroom,741,a
3519048,Newmarket,2001 October,2 Bedroom,844,a
3519048,Newmarket,2001 October,3 Bedroom +,962,a
3519048,Newmarket,2001 October,Total,804,a
3519048,Newmarket,2002 October,Studio,562,a
3519048,Newmarket,2002 October,1 Bedroom,785,a
3519048,Newmarket,2002 October,2 Bedroom,884,a
3519048,Newmarket,2002 October,3 Bedroom +,994,a
3519048,Newmarket,2002 October,Total,839,a
3519048,Newmarket,2003 October,Studio,585,a
3519048,Newmarket,2003 October,1 Bedroom,772,a
3519048,Newmarket,2003 October,2 Bedroom,887,a
3519048,Newmarket,2003 October,3 Bedroom +,"1,003",a
3519048,Newmarket,2003 October,Total,835,a
3519048,Newmarket,2004 October,Studio,567,b
3519048,Newmarket,2004 October,1 Bedroom,811,a
3519048,Newmarket,2004 October,2 Bedroom,915,a
3519048,Newmarket,2004 October,3 Bedroom +,"1,061",a
3519048,Newmarket,2004 October,Total,854,a
3519048,Newmarket,2005 October,Studio,543,b
3519048,Newmarket,2005 October,1 Bedroom,802,a
3519048,Newmarket,2005 October,2 Bedroom,878,a
3519048,Newmarket,2005 October,3 Bedroom +,865,d
3519048,Newmarket,2005 October,Total,826,a
3519048,Newmarket,2006 October,Studio,585,a
3519048,Newmarket,2006 October,1 Bedroom,851,a
3519048,Newmarket,2006 October,2 Bedroom,940,a
3519048,Newmarket,2006 October,3 Bedroom +,"1,031",a
3519048,Newmarket,2006 October,Total,890,a
3519048,Newmarket,2007 October,Studio,622,a
3519048,Newmarket,2007 October,1 Bedroom,848,a
3519048,Newmarket,2007 October,2 Bedroom,958,a
3519048,Newmarket,2007 October,3 Bedroom +,"1,081",a
3519048,Newmarket,2007 October,Total,894,a
3519048,Newmarket,2008 October,Studio,625,a
3519048,Newmarket,2008 October,1 Bedroom,860,a
3519048,Newmarket,2008 October,2 Bedroom,946,a
3519048,Newmarket,2008 October,3 Bedroom +,"1,141",a
3519048,Newmarket,2008 October,Total,910,a
3519048,Newmarket,2009 October,Studio,660,a
3519048,Newmarket,2009 October,1 Bedroom,895,a
3519048,Newmarket,2009 October,2 Bedroom,963,a
3519048,Newmarket,2009 October,3 Bedroom +,"1,185",a
3519048,Newmarket,2009 October,Total,932,a
3519048,Newmarket,2010 October,Studio,635,a
3519048,Newmarket,2010 October,1 Bedroom,880,a
3519048,Newmarket,2010 October,2 Bedroom,982,a
3519048,Newmarket,2010 October,3 Bedroom +,"1,202",b
3519048,Newmarket,2010 October,Total,920,a
3519048,Newmarket,2011 October,Studio,677,a
3519048,Newmarket,2011 October,1 Bedroom,947,a
3519048,Newmarket,2011 October,2 Bedroom,"1,029",a
3519048,Newmarket,2011 October,3 Bedroom +,"1,199",c
3519048,Newmarket,2011 October,Total,975,a
3519048,Newmarket,2012 October,Studio,615,a
3519048,Newmarket,2012 October,1 Bedroom,964,b
3519048,Newmarket,2012 October,2 Bedroom,"1,043",a
3519048,Newmarket,2012 October,3 Bedroom +,"1,276",b
3519048,Newmarket,2012 October,Total,991,a
3519048,Newmarket,2013 October,Studio,741,b
3519048,Newmarket,2013 October,1 Bedroom,990,a
3519048,Newmarket,2013 October,2 Bedroom,"1,068",a
3519048,Newmarket,2013 October,3 Bedroom +,"1,259",b
3519048,Newmarket,2013 October,Total,"1,022",a
3519048,Newmarket,2014 October,Studio,703,a
3519048,Newmarket,2014 October,1 Bedroom,"1,042",b
3519048,Newmarket,2014 October,2 Bedroom,"1,137",a
3519048,Newmarket,2014 October,3 Bedroom +,"1,207",c
3519048,Newmarket,2014 October,Total,"1,067",b
3519048,Newmarket,2015 October,Studio,696,a
3519048,Newmarket,2015 October,1 Bedroom,"1,057",b
3519048,Newmarket,2015 October,2 Bedroom,"1,173",a
3519048,Newmarket,2015 October,3 Bedroom +,"1,276",b
3519048,Newmarket,2015 October,Total,"1,092",b
3519048,Newmarket,2016 October,Studio,738,b
3519048,Newmarket,2016 October,1 Bedroom,"1,069",b
3519048,Newmarket,2016 October,2 Bedroom,"1,178",a
3519048,Newmarket,2016 October,3 Bedroom +,**,
3519048,Newmarket,2016 October,Total,"1,105",b
3519048,Newmarket,2017 October,Studio,763,c
3519048,Newmarket,2017 October,1 Bedroom,"1,181",b
3519048,Newmarket,2017 October,2 Bedroom,"1,269",a
3519048,Newmarket,2017 October,3 Bedroom +,**,
3519048,Newmarket,2017 October,Total,"1,210",a
3519048,Newmarket,2018 October,Studio,759,b
3519048,Newmarket,2018 October,1 Bedroom,"1,161",b
3519048,Newmarket,2018 October,2 Bedroom,"1,308",a
3519048,Newmarket,2018 October,3 Bedroom +,**,
3519048,Newmarket,2018 October,Total,"1,205",b
3519048,Newmarket,2019 October,Studio,798,a
3519048,Newmarket,2019 October,1 Bedroom,"1,370",a
3519048,Newmarket,2019 October,2 Bedroom,"1,461",a
3519048,Newmarket,2019 October,3 Bedroom +,**,
3519048,Newmarket,2019 October,Total,"1,387",a
3519048,Newmarket,2020 October,Studio,757,b
3519048,Newmarket,2020 October,1 Bedroom,"1,416",a
3519048,Newmarket,2020 October,2 Bedroom,"1,527",a
3519048,Newmarket,2020 October,3 Bedroom +,**,
3519048,Newmarket,2020 October,Total,"1,426",a
3519048,Newmarket,2021 October,Studio,754,c
3519048,Newmarket,2021 October,1 Bedroom,"1,273",d
3519048,Newmarket,2021 October,2 Bedroom,"1,411",b
3519048,Newmarket,2021 October,3 Bedroom +,**,
3519048,Newmarket,2021 October,Total,"1,283",c
3519048,Newmarket,2022 October,Studio,**,
3519048,Newmarket,2022 October,1 Bedroom,"1,502",a
3519048,Newmarket,2022 October,2 Bedroom,"1,530",a
3519048,Newmarket,2022 October,3 Bedroom +,**,
3519048,Newmarket,2022 October,Total,"1,480",a
3519048,Newmarket,2023 October,Studio,**,
3519048,Newmarket,2023 October,1 Bedroom,"1,702",b
3519048,Newmarket,2023 October,2 Bedroom,"1,785",c
3519048,Newmarket,2023 October,3 Bedroom +,**,
3519048,Newmarket,2023 October,Total,"1,692",c
3519048,Newmarket,2024 October,Studio,**,
3519048,Newmarket,2024 October,1 Bedroom,"1,590",a
3519048,Newmarket,2024 October,2 Bedroom,"2,010",b
3519048,Newmarket,2024 October,3 Bedroom +,**,
3519048,Newmarket,2024 October,Total,"1,755",b
3519048,Newmarket,2025 October,Studio,**,
3519048,Newmarket,2025 October,1 Bedroom,"1,951",b
3519048,Newmarket,2025 October,2 Bedroom,"2,384",c
3519048,Newmarket,2025 October,3 Bedroom +,**,
3519048,Newmarket,2025 October,Total,"2,128",b
3519046,Aurora,1990 October,Studio,457,c
3519046,Aurora,1990 October,1 Bedroom,538,a
3519046,Aurora,1990 October,2 Bedroom,639,a
3519046,Aurora,1990 October,3 Bedroom +,**,
3519046,Aurora,1990 October,Total,586,a
3519046,Aurora,1991 October,Studio,**,
3519046,Aurora,1991 October,1 Bedroom,573,a
3519046,Aurora,1991 October,2 Bedroom,678,b
3519046,Aurora,1991 October,3 Bedroom +,**,
3519046,Aurora,1991 October,Total,619,a
3519046,Aurora,1992 October,Studio,454,a
3519046,Aurora,1992 October,1 Bedroom,589,a
3519046,Aurora,1992 October,2 Bedroom,693,b
3519046,Aurora,1992 October,3 Bedroom +,**,
3519046,Aurora,1992 October,Total,632,a
3519046,Aurora,1993 October,Studio,**,
3519046,Aurora,1993 October,1 Bedroom,617,a
3519046,Aurora,1993 October,2 Bedroom,708,b
3519046,Aurora,1993 October,3 Bedroom +,**,
3519046,Aurora,1993 October,Total,657,b
3519046,Aurora,1994 October,Studio,**,
3519046,Aurora,1994 October,1 Bedroom,633,a
3519046,Aurora,1994 October,2 Bedroom,728,b
3519046,Aurora,1994 October,3 Bedroom +,**,
3519046,Aurora,1994 October,Total,744,b
3519046,Aurora,1995 October,Studio,**,
3519046,Aurora,1995 October,1 Bedroom,666,a
3519046,Aurora,1995 October,2 Bedroom,809,a
3519046,Aurora,1995 October,3 Bedroom +,**,
3519046,Aurora,1995 October,Total,738,b
3519046,Aurora,1996 October,Studio,**,
3519046,Aurora,1996 October,1 Bedroom,672,a
3519046,Aurora,1996 October,2 Bedroom,811,a
3519046,Aurora,1996 October,3 Bedroom +,916,a
3519046,Aurora,1996 October,Total,798,a
3519046,Aurora,1997 October,Studio,509,c
3519046,Aurora,1997 October,1 Bedroom,677,a
3519046,Aurora,1997 October,2 Bedroom,825,a
3519046,Aurora,1997 October,3 Bedroom +,846,c
3519046,Aurora,1997 October,Total,748,a
3519046,Aurora,1998 October,Studio,**,
3519046,Aurora,1998 October,1 Bedroom,689,a
3519046,Aurora,1998 October,2 Bedroom,823,a
3519046,Aurora,1998 October,3 Bedroom +,**,
3519046,Aurora,1998 October,Total,762,a
3519046,Aurora,1999 October,Studio,505,a
3519046,Aurora,1999 October,1 Bedroom,716,a
3519046,Aurora,1999 October,2 Bedroom,809,b
3519046,Aurora,1999 October,3 Bedroom +,820,c
3519046,Aurora,1999 October,Total,751,a
3519046,Aurora,2000 October,Studio,528,b
3519046,Aurora,2000 October,1 Bedroom,754,a
3519046,Aurora,2000 October,2 Bedroom,892,a
3519046,Aurora,2000 October,3 Bedroom +,**,
3519046,Aurora,2000 October,Total,816,a
3519046,Aurora,2001 October,Studio,**,
3519046,Aurora,2001 October,1 Bedroom,760,a
3519046,Aurora,2001 October,2 Bedroom,871,a
3519046,Aurora,2001 October,3 Bedroom +,959,d
3519046,Aurora,2001 October,Total,818,a
3519046,Aurora,2002 October,Studio,539,b
3519046,Aurora,2002 October,1 Bedroom,780,a
3519046,Aurora,2002 October,2 Bedroom,925,a
3519046,Aurora,2002 October,3 Bedroom +,849,b
3519046,Aurora,2002 October,Total,845,a
3519046,Aurora,2003 October,Studio,**,
3519046,Aurora,2003 October,1 Bedroom,810,a
3519046,Aurora,2003 October,2 Bedroom,979,a
3519046,Aurora,2003 October,3 Bedroom +,**,
3519046,Aurora,2003 October,Total,892,a
3519046,Aurora,2004 October,Studio,612,a
3519046,Aurora,2004 October,1 Bedroom,816,a
3519046,Aurora,2004 October,2 Bedroom,955,a
3519046,Aurora,2004 October,3 Bedroom +,**,
3519046,Aurora,2004 October,Total,884,a
3519046,Aurora,2005 October,Studio,587,b
3519046,Aurora,2005 October,1 Bedroom,794,a
3519046,Aurora,2005 October,2 Bedroom,929,a
3519046,Aurora,2005 October,3 Bedroom +,**,
3519046,Aurora,2005 October,Total,851,a
3519046,Aurora,2006 October,Studio,**,
3519046,Aurora,2006 October,1 Bedroom,848,b
3519046,Aurora,2006 October,2 Bedroom,**,
3519046,Aurora,2006 October,3 Bedroom +,"1,251",b
3519046,Aurora,2006 October,Total,"1,102",d
3519046,Aurora,2007 October,Studio,**,
3519046,Aurora,2007 October,1 Bedroom,867,a
3519046,Aurora,2007 October,2 Bedroom,"1,029",a
3519046,Aurora,2007 October,3 Bedroom +,"1,221",a
3519046,Aurora,2007 October,Total,"1,048",a
3519046,Aurora,2008 October,Studio,**,
3519046,Aurora,2008 October,1 Bedroom,902,a
3519046,Aurora,2008 October,2 Bedroom,"1,046",a
3519046,Aurora,2008 October,3 Bedroom +,"1,279",a
3519046,Aurora,2008 October,Total,"1,073",a
3519046,Aurora,2009 October,Studio,**,
3519046,Aurora,2009 October,1 Bedroom,908,b
3519046,Aurora,2009 October,2 Bedroom,"1,024",b
3519046,Aurora,2009 October,3 Bedroom +,**,
3519046,Aurora,2009 October,Total,"1,122",c
3519046,Aurora,2010 October,Studio,**,
3519046,Aurora,2010 October,1 Bedroom,912,a
3519046,Aurora,2010 October,2 Bedroom,"1,083",a
3519046,Aurora,2010 October,3 Bedroom +,"1,291",a
3519046,Aurora,2010 October,Total,"1,119",a
3519046,Aurora,2011 October,Studio,**,
3519046,Aurora,2011 October,1 Bedroom,930,a
3519046,Aurora,2011 October,2 Bedroom,"1,094",c
3519046,Aurora,2011 October,3 Bedroom +,**,
3519046,Aurora,2011 October,Total,"1,078",b
3519046,Aurora,2012 October,Studio,**,
3519046,Aurora,2012 October,1 Bedroom,989,b
3519046,Aurora,2012 October,2 Bedroom,"1,156",b
3519046,Aurora,2012 October,3 Bedroom +,**,
3519046,Aurora,2012 October,Total,"1,102",a
3519046,Aurora,2013 October,Studio,**,
3519046,Aurora,2013 October,1 Bedroom,"1,002",a
3519046,Aurora,2013 October,2 Bedroom,"1,190",a
3519046,Aurora,2013 October,3 Bedroom +,"1,329",b
3519046,Aurora,2013 October,Total,"1,144",a
3519046,Aurora,2014 October,Studio,**,
3519046,Aurora,2014 October,1 Bedroom,"1,036",b
3519046,Aurora,2014 October,2 Bedroom,"1,228",a
3519046,Aurora,2014 October,3 Bedroom +,**,
3519046,Aurora,2014 October,Total,"1,214",a
3519046,Aurora,2015 October,Studio,**,
3519046,Aurora,2015 October,1 Bedroom,"1,112",a
3519046,Aurora,2015 October,2 Bedroom,"1,299",a
3519046,Aurora,2015 October,3 Bedroom +,**,
3519046,Aurora,2015 October,Total,"1,215",a
3519046,Aurora,2016 October,Studio,**,
3519046,Aurora,2016 October,1 Bedroom,"1,076",a
3519046,Aurora,2016 October,2 Bedroom,"1,270",a
3519046,Aurora,2016 October,3 Bedroom +,**,
3519046,Aurora,2016 October,Total,"1,286",a
3519046,Aurora,2017 October,Studio,**,
3519046,Aurora,2017 October,1 Bedroom,"1,200",b
3519046,Aurora,2017 October,2 Bedroom,"1,402",a
3519046,Aurora,2017 October,3 Bedroom +,**,
3519046,Aurora,2017 October,Total,"1,369",a
3519046,Aurora,2018 October,Studio,**,
3519046,Aurora,2018 October,1 Bedroom,"1,127",a
3519046,Aurora,2018 October,2 Bedroom,"1,347",a
3519046,Aurora,2018 October,3 Bedroom +,**,
3519046,Aurora,2018 October,Total,"1,298",b
3519046,Aurora,2019 October,Studio,**,
3519046,Aurora,2019 October,1 Bedroom,"1,171",a
3519046,Aurora,2019 October,2 Bedroom,"1,371",b
3519046,Aurora,2019 October,3 Bedroom +,**,
3519046,Aurora,2019 October,Total,"1,338",b
3519046,Aurora,2020 October,Studio,**,
3519046,Aurora,2020 October,1 Bedroom,"1,296",a
3519046,Aurora,2020 October,2 Bedroom,"1,543",a
3519046,Aurora,2020 October,3 Bedroom +,**,
3519046,Aurora,2020 October,Total,"1,492",b
3519046,Aurora,2021 October,Studio,**,
3519046,Aurora,2021 October,1 Bedroom,"1,326",a
3519046,Aurora,2021 October,2 Bedroom,"1,668",a
3519046,Aurora,2021 October,3 Bedroom +,**,
3519046,Aurora,2021 October,Total,"1,586",b
3519046,Aurora,2022 October,Studio,**,
3519046,Aurora,2022 October,1 Bedroom,"1,259",b
3519046,Aurora,2022 October,2 Bedroom,"1,559",b
3519046,Aurora,2022 October,3 Bedroom +,**,
3519046,Aurora,2022 October,Total,"1,499",c
3519046,Aurora,2023 October,Studio,**,
3519046,Aurora,2023 October,1 Bedroom,"1,371",b
3519046,Aurora,2023 October,2 Bedroom,"1,794",b
3519046,Aurora,2023 October,3 Bedroom +,"2,065",b
3519046,Aurora,2023 October,Total,"1,695",b
3519046,Aurora,2024 October,Studio,**,
3519046,Aurora,2024 October,1 Bedroom,"1,895",b
3519046,Aurora,2024 October,2 Bedroom,"2,072",a
3519046,Aurora,2024 October,3 Bedroom +,"2,255",a
3519046,Aurora,2024 October,Total,"2,035",a
3519046,Aurora,2025 October,Studio,**,
3519046,Aurora,2025 October,1 Bedroom,"1,853",b
3519046,Aurora,2025 October,2 Bedroom,"2,187",a
3519046,Aurora,2025 October,3 Bedroom +,"2,960",a
3519046,Aurora,2025 October,Total,"2,191",b
3519054,East Gwillimbury,1990 October,1 Bedroom,**,
3519054,East Gwillimbury,1990 October,2 Bedroom,**,
3519054,East Gwillimbury,1990 October,3 Bedroom +,**,
3519054,East Gwillimbury,1990 October,Total,**,
3519054,East Gwillimbury,1991 October,1 Bedroom,**,
3519054,East Gwillimbury,1991 October,2 Bedroom,**,
3519054,East Gwillimbury,1991 October,3 Bedroom +,**,
3519054,East Gwillimbury,1991 October,Total,**,
3519054,East Gwillimbury,1992 October,1 Bedroom,**,
3519054,East Gwillimbury,1992 October,2 Bedroom,**,
3519054,East Gwillimbury,1992 October,3 Bedroom +,**,
3519054,East Gwillimbury,1992 October,Total,**,
3519054,East Gwillimbury,1993 October,1 Bedroom,**,
3519054,East Gwillimbury,1993 October,2 Bedroom,**,
3519054,East Gwillimbury,1993 October,3 Bedroom +,**,
3519054,East Gwillimbury,1993 October,Total,**,
3519054,East Gwillimbury,1994 October,1 Bedroom,**,
3519054,East Gwillimbury,1994 October,2 Bedroom,**,
3519054,East Gwillimbury,1994 October,3 Bedroom +,**,
3519054,East Gwillimbury,1994 October,Total,**,
3519054,East Gwillimbury,1995 October,1 Bedroom,**,
3519054,East Gwillimbury,1995 October,2 Bedroom,**,
3519054,East Gwillimbury,1995 October,3 Bedroom +,**,
3519054,East Gwillimbury,1995 October,Total,**,
3519054,East Gwillimbury,1996 October,1 Bedroom,**,
3519054,East Gwillimbury,1996 October,2 Bedroom,**,
3519054,East Gwillimbury,1996 October,3 Bedroom +,**,
3519054,East Gwillimbury,1996 October,Total,**,
3519054,East Gwillimbury,1997 October,1 Bedroom,**,
3519054,East Gwillimbury,1997 October,2 Bedroom,**,
3519054,East Gwillimbury,1997 October,3 Bedroom +,**,
3519054,East Gwillimbury,1997 October,Total,**,
3519054,East Gwillimbury,1998 October,1 Bedroom,**,
3519054,East Gwillimbury,1998 October,2 Bedroom,**,
3519054,East Gwillimbury,1998 October,3 Bedroom +,**,
3519054,East Gwillimbury,1998 October,Total,**,
3519054,East Gwillimbury,1999 October,1 Bedroom,**,
3519054,East Gwillimbury,1999 October,2 Bedroom,**,
3519054,East Gwillimbury,1999 October,3 Bedroom +,**,
3519054,East Gwillimbury,1999 October,Total,**,
3519054,East Gwillimbury,2000 October,1 Bedroom,**,
3519054,East Gwillimbury,2000 October,2 Bedroom,**,
3519054,East Gwillimbury,2000 October,3 Bedroom +,**,
3519054,East Gwillimbury,2000 October,Total,**,
3519054,East Gwillimbury,2001 October,1 Bedroom,**,
3519054,East Gwillimbury,2001 October,2 Bedroom,**,
3519054,East Gwillimbury,2001 October,3 Bedroom +,**,
3519054,East Gwillimbury,2001 October,Total,**,
3519054,East Gwillimbury,2002 October,1 Bedroom,**,
3519054,East Gwillimbury,2002 October,2 Bedroom,**,
3519054,East Gwillimbury,2002 October,3 Bedroom +,**,
3519054,East Gwillimbury,2002 October,Total,**,
3519054,East Gwillimbury,2003 October,1 Bedroom,**,
3519054,East Gwillimbury,2003 October,2 Bedroom,**,
3519054,East Gwillimbury,2003 October,3 Bedroom +,**,
3519054,East Gwillimbury,2003 October,Total,**,
3519054,East Gwillimbury,2004 October,1 Bedroom,**,
3519054,East Gwillimbury,2004 October,2 Bedroom,**,
3519054,East Gwillimbury,2004 October,3 Bedroom +,**,
3519054,East Gwillimbury,2004 October,Total,**,
3519054,East Gwillimbury,2005 October,1 Bedroom,**,
3519054,East Gwillimbury,2005 October,2 Bedroom,**,
3519054,East Gwillimbury,2005 October,3 Bedroom +,**,
3519054,East Gwillimbury,2005 October,Total,**,
3519054,East Gwillimbury,2006 October,1 Bedroom,**,
3519054,East Gwillimbury,2006 October,2 Bedroom,**,
3519054,East Gwillimbury,2006 October,3 Bedroom +,**,
3519054,East Gwillimbury,2006 October,Total,**,
3519054,East Gwillimbury,2007 October,1 Bedroom,**,
3519054,East Gwillimbury,2007 October,2 Bedroom,**,
3519054,East Gwillimbury,2007 October,3 Bedroom +,**,
3519054,East Gwillimbury,2007 October,Total,**,
3519054,East Gwillimbury,2008 October,1 Bedroom,**,
3519054,East Gwillimbury,2008 October,2 Bedroom,**,
3519054,East Gwillimbury,2008 October,3 Bedroom +,**,
3519054,East Gwillimbury,2008 October,Total,**,
3519054,East Gwillimbury,2009 October,1 Bedroom,**,
3519054,East Gwillimbury,2009 October,2 Bedroom,**,
3519054,East Gwillimbury,2009 October,3 Bedroom +,**,
3519054,East Gwillimbury,2009 October,Total,**,
3519054,East Gwillimbury,2010 October,1 Bedroom,**,
3519054,East Gwillimbury,2010 October,2 Bedroom,**,
3519054,East Gwillimbury,2010 October,3 Bedroom +,**,
3519054,East Gwillimbury,2010 October,Total,**,
3519054,East Gwillimbury,2011 October,1 Bedroom,**,
3519054,East Gwillimbury,2011 October,2 Bedroom,**,
3519054,East Gwillimbury,2011 October,3 Bedroom +,**,
3519054,East Gwillimbury,2011 October,Total,**,
3519054,East Gwillimbury,2012 October,1 Bedroom,**,
3519054,East Gwillimbury,2012 October,2 Bedroom,**,
3519054,East Gwillimbury,2012 October,3 Bedroom +,**,
3519054,East Gwillimbury,2012 October,Total,**,
3519054,East Gwillimbury,2013 October,1 Bedroom,**,
3519054,East Gwillimbury,2013 October,2 Bedroom,**,
3519054,East Gwillimbury,2013 October,3 Bedroom +,**,
3519054,East Gwillimbury,2013 October,Total,**,
3519054,East Gwillimbury,2014 October,1 Bedroom,**,
3519054,East Gwillimbury,2014 October,2 Bedroom,**,
3519054,East Gwillimbury,2014 October,3 Bedroom +,**,
3519054,East Gwillimbury,2014 October,Total,**,
3519054,East Gwillimbury,2015 October,1 Bedroom,**,
3519054,East Gwillimbury,2015 October,2 Bedroom,**,
3519054,East Gwillimbury,2015 October,3 Bedroom +,**,
3519054,East Gwillimbury,2015 October,Total,**,
3519054,East Gwillimbury,2016 October,1 Bedroom,**,
3519054,East Gwillimbury,2016 October,2 Bedroom,**,
3519054,East Gwillimbury,2016 October,3 Bedroom +,**,
3519054,East Gwillimbury,2016 October,Total,**,
3519054,East Gwillimbury,2017 October,1 Bedroom,**,
3519054,East Gwillimbury,2017 October,2 Bedroom,**,
3519054,East Gwillimbury,2017 October,3 Bedroom +,**,
3519054,East Gwillimbury,2017 October,Total,**,
3519054,East Gwillimbury,2018 October,1 Bedroom,**,
3519054,East Gwillimbury,2018 October,2 Bedroom,**,
3519054,East Gwillimbury,2018 October,3 Bedroom +,**,
3519054,East Gwillimbury,2018 October,Total,**,
3519054,East Gwillimbury,2019 October,1 Bedroom,**,
3519054,East Gwillimbury,2019 October,2 Bedroom,**,
3519054,East Gwillimbury,2019 October,3 Bedroom +,**,
3519054,East Gwillimbury,2019 October,Total,**,
3519054,East Gwillimbury,2020 October,1 Bedroom,**,
3519054,East Gwillimbury,2020 October,2 Bedroom,**,
3519054,East Gwillimbury,2020 October,3 Bedroom +,**,
3519054,East Gwillimbury,2020 October,Total,**,
3519054,East Gwillimbury,2021 October,1 Bedroom,**,
3519054,East Gwillimbury,2021 October,2 Bedroom,**,
3519054,East Gwillimbury,2021 October,3 Bedroom +,**,
3519054,East Gwillimbury,2021 October,Total,**,
3519054,East Gwillimbury,2022 October,1 Bedroom,**,
3519054,East Gwillimbury,2022 October,2 Bedroom,**,
3519054,East Gwillimbury,2022 October,3 Bedroom +,**,
3519054,East Gwillimbury,2022 October,Total,**,
3519054,East Gwillimbury,2023 October,1 Bedroom,**,
3519054,East Gwillimbury,2023 October,2 Bedroom,**,
3519054,East Gwillimbury,2023 October,3 Bedroom +,**,
3519054,East Gwillimbury,2023 October,Total,**,
3519054,East Gwillimbury,2024 October,1 Bedroom,**,
3519054,East Gwillimbury,2024 October,2 Bedroom,**,
3519054,East Gwillimbury,2024 October,3 Bedroom +,**,
3519054,East Gwillimbury,2024 October,Total,**,
3519054,East Gwillimbury,2025 October,1 Bedroom,**,
3519054,East Gwillimbury,2025 October,2 Bedroom,**,
3519054,East Gwillimbury,2025 October,3 Bedroom +,**,
3519054,East Gwillimbury,2025 October,Total,**,
3519070,Georgina,1990 October,Studio,**,
3519070,Georgina,1990 October,1 Bedroom,492,a
3519070,Georgina,1990 October,2 Bedroom,618,a
3519070,Georgina,1990 October,3 Bedroom +,**,
3519070,Georgina,1990 October,Total,632,b
3519070,Georgina,1991 October,Studio,**,
3519070,Georgina,1991 October,1 Bedroom,532,a
3519070,Georgina,1991 October,2 Bedroom,683,a
3519070,Georgina,1991 October,3 Bedroom +,**,
3519070,Georgina,1991 October,Total,673,a
3519070,Georgina,1992 October,Studio,**,
3519070,Georgina,1992 October,1 Bedroom,530,b
3519070,Georgina,1992 October,2 Bedroom,676,a
3519070,Georgina,1992 October,3 Bedroom +,**,
3519070,Georgina,1992 October,Total,672,b
3519070,Georgina,1993 October,Studio,**,
3519070,Georgina,1993 October,1 Bedroom,539,a
3519070,Georgina,1993 October,2 Bedroom,685,b
3519070,Georgina,1993 October,3 Bedroom +,**,
3519070,Georgina,1993 October,Total,667,b
3519070,Georgina,1994 October,Studio,**,
3519070,Georgina,1994 October,1 Bedroom,538,a
3519070,Georgina,1994 October,2 Bedroom,695,a
3519070,Georgina,1994 October,3 Bedroom +,**,
3519070,Georgina,1994 October,Total,670,a
3519070,Georgina,1995 October,Studio,**,
3519070,Georgina,1995 October,1 Bedroom,563,a
3519070,Georgina,1995 October,2 Bedroom,683,b
3519070,Georgina,1995 October,3 Bedroom +,**,
3519070,Georgina,1995 October,Total,669,b
3519070,Georgina,1996 October,Studio,**,
3519070,Georgina,1996 October,1 Bedroom,585,c
3519070,Georgina,1996 October,2 Bedroom,649,b
3519070,Georgina,1996 October,3 Bedroom +,**,
3519070,Georgina,1996 October,Total,622,b
3519070,Georgina,1997 October,Studio,**,
3519070,Georgina,1997 October,1 Bedroom,559,b
3519070,Georgina,1997 October,2 Bedroom,660,a
3519070,Georgina,1997 October,3 Bedroom +,**,
3519070,Georgina,1997 October,Total,673,b
3519070,Georgina,1998 October,Studio,**,
3519070,Georgina,1998 October,1 Bedroom,570,a
3519070,Georgina,1998 October,2 Bedroom,639,a
3519070,Georgina,1998 October,3 Bedroom +,748,c
3519070,Georgina,1998 October,Total,647,a
3519070,Georgina,1999 October,Studio,**,
3519070,Georgina,1999 October,1 Bedroom,581,a
3519070,Georgina,1999 October,2 Bedroom,668,a
3519070,Georgina,1999 October,3 Bedroom +,**,
3519070,Georgina,1999 October,Total,623,a
3519070,Georgina,2000 October,Studio,**,
3519070,Georgina,2000 October,1 Bedroom,625,a
3519070,Georgina,2000 October,2 Bedroom,740,a
3519070,Georgina,2000 October,3 Bedroom +,921,c
3519070,Georgina,2000 October,Total,729,b
3519070,Georgina,2001 October,Studio,**,
3519070,Georgina,2001 October,1 Bedroom,598,a
3519070,Georgina,2001 October,2 Bedroom,741,a
3519070,Georgina,2001 October,3 Bedroom +,943,c
3519070,Georgina,2001 October,Total,726,b
3519070,Georgina,2002 October,Studio,**,
3519070,Georgina,2002 October,1 Bedroom,639,a
3519070,Georgina,2002 October,2 Bedroom,774,a
3519070,Georgina,2002 October,3 Bedroom +,961,c
3519070,Georgina,2002 October,Total,779,b
3519070,Georgina,2003 October,Studio,**,
3519070,Georgina,2003 October,1 Bedroom,657,a
3519070,Georgina,2003 October,2 Bedroom,800,a
3519070,Georgina,2003 October,3 Bedroom +,999,c
3519070,Georgina,2003 October,Total,807,b
3519070,Georgina,2004 October,Studio,**,
3519070,Georgina,2004 October,1 Bedroom,643,a
3519070,Georgina,2004 October,2 Bedroom,779,a
3519070,Georgina,2004 October,3 Bedroom +,909,c
3519070,Georgina,2004 October,Total,760,a
3519070,Georgina,2005 October,Studio,**,
3519070,Georgina,2005 October,1 Bedroom,634,c
3519070,Georgina,2005 October,2 Bedroom,764,b
3519070,Georgina,2005 October,3 Bedroom +,**,
3519070,Georgina,2005 October,Total,782,c
3519070,Georgina,2006 October,Studio,**,
3519070,Georgina,2006 October,1 Bedroom,663,a
3519070,Georgina,2006 October,2 Bedroom,801,a
3519070,Georgina,2006 October,3 Bedroom +,**,
3519070,Georgina,2006 October,Total,758,b
3519070,Georgina,2007 October,Studio,**,
3519070,Georgina,2007 October,1 Bedroom,672,a
3519070,Georgina,2007 October,2 Bedroom,803,a
3519070,Georgina,2007 October,3 Bedroom +,"1,002",c
3519070,Georgina,2007 October,Total,778,b
3519070,Georgina,2008 October,Studio,**,
3519070,Georgina,2008 October,1 Bedroom,676,a
3519070,Georgina,2008 October,2 Bedroom,798,a
3519070,Georgina,2008 October,3 Bedroom +,985,b
3519070,Georgina,2008 October,Total,793,b
3519070,Georgina,2009 October,Studio,**,
3519070,Georgina,2009 October,1 Bedroom,664,a
3519070,Georgina,2009 October,2 Bedroom,804,a
3519070,Georgina,2009 October,3 Bedroom +,"1,013",b
3519070,Georgina,2009 October,Total,803,a
3519070,Georgina,2010 October,Studio,**,
3519070,Georgina,2010 October,1 Bedroom,731,a
3519070,Georgina,2010 October,2 Bedroom,846,a
3519070,Georgina,2010 October,3 Bedroom +,**,
3519070,Georgina,2010 October,Total,812,a
3519070,Georgina,2011 October,Studio,**,
3519070,Georgina,2011 October,1 Bedroom,733,a
3519070,Georgina,2011 October,2 Bedroom,783,a
3519070,Georgina,2011 October,3 Bedroom +,879,a
3519070,Georgina,2011 October,Total,792,a
3519070,Georgina,2012 October,Studio,**,
3519070,Georgina,2012 October,1 Bedroom,726,a
3519070,Georgina,2012 October,2 Bedroom,856,a
3519070,Georgina,2012 October,3 Bedroom +,**,
3519070,Georgina,2012 October,Total,846,a
3519070,Georgina,2013 October,Studio,**,
3519070,Georgina,2013 October,1 Bedroom,750,a
3519070,Georgina,2013 October,2 Bedroom,795,a
3519070,Georgina,2013 October,3 Bedroom +,**,
3519070,Georgina,2013 October,Total,810,a
3519070,Georgina,2014 October,Studio,**,
3519070,Georgina,2014 October,1 Bedroom,786,a
3519070,Georgina,2014 October,2 Bedroom,931,a
3519070,Georgina,2014 October,3 Bedroom +,**,
3519070,Georgina,2014 October,Total,920,a
3519070,Georgina,2015 October,Studio,**,
3519070,Georgina,2015 October,1 Bedroom,760,a
3519070,Georgina,2015 October,2 Bedroom,778,a
3519070,Georgina,2015 October,3 Bedroom +,**,
3519070,Georgina,2015 October,Total,776,a
3519070,Georgina,2016 October,Studio,**,
3519070,Georgina,2016 October,1 Bedroom,805,a
3519070,Georgina,2016 October,2 Bedroom,959,b
3519070,Georgina,2016 October,3 Bedroom +,**,
3519070,Georgina,2016 October,Total,952,b
3519070,Georgina,2017 October,Studio,**,
3519070,Georgina,2017 October,1 Bedroom,798,b
3519070,Georgina,2017 October,2 Bedroom,"1,001",b
3519070,Georgina,2017 October,3 Bedroom +,**,
3519070,Georgina,2017 October,Total,958,b
3519070,Georgina,2018 October,Studio,**,
3519070,Georgina,2018 October,1 Bedroom,830,a
3519070,Georgina,2018 October,2 Bedroom,"1,008",b
3519070,Georgina,2018 October,3 Bedroom +,**,
3519070,Georgina,2018 October,Total,969,b
3519070,Georgina,2019 October,Studio,**,
3519070,Georgina,2019 October,1 Bedroom,865,c
3519070,Georgina,2019 October,2 Bedroom,"1,164",b
3519070,Georgina,2019 October,3 Bedroom +,"1,369",a
3519070,Georgina,2019 October,Total,"1,181",b
3519070,Georgina,2020 October,Studio,**,
3519070,Georgina,2020 October,1 Bedroom,834,b
3519070,Georgina,2020 October,2 Bedroom,"1,095",b
3519070,Georgina,2020 October,3 Bedroom +,**,
3519070,Georgina,2020 October,Total,"1,211",b
3519070,Georgina,2021 October,Studio,**,
3519070,Georgina,2021 October,1 Bedroom,**,
3519070,Georgina,2021 October,2 Bedroom,**,
3519070,Georgina,2021 October,3 Bedroom +,**,
3519070,Georgina,2021 October,Total,**,
3519070,Georgina,2022 October,Studio,**,
3519070,Georgina,2022 October,1 Bedroom,"1,033",b
3519070,Georgina,2022 October,2 Bedroom,"1,140",c
3519070,Georgina,2022 October,3 Bedroom +,**,
3519070,Georgina,2022 October,Total,"1,166",c
3519070,Georgina,2023 October,Studio,**,
3519070,Georgina,2023 October,1 Bedroom,934,b
3519070,Georgina,2023 October,2 Bedroom,"1,431",c
3519070,Georgina,2023 October,3 Bedroom +,**,
3519070,Georgina,2023 October,Total,"1,245",c
3519070,Georgina,2024 October,Studio,**,
3519070,Georgina,2024 October,1 Bedroom,**,
3519070,Georgina,2024 October,2 Bedroom,**,
3519070,Georgina,2024 October,3 Bedroom +,"1,829",b
3519070,Georgina,2024 October,Total,"1,533",d
3519070,Georgina,2025 October,Studio,**,
3519070,Georgina,2025 October,1 Bedroom,**,
3519070,Georgina,2025 October,2 Bedroom,**,
3519070,Georgina,2025 October,3 Bedroom +,**,
3519070,Georgina,2025 October,Total,**,
3519044,Whitchurch-Stouffville,1990 October,Studio,**,
3519044,Whitchurch-Stouffville,1990 October,1 Bedroom,520,a
3519044,Whitchurch-Stouffville,1990 October,2 Bedroom,605,a
3519044,Whitchurch-Stouffville,1990 October,3 Bedroom +,**,
3519044,Whitchurch-Stouffville,1990 October,Total,573,a
3519044,Whitchurch-Stouffville,1991 October,Studio,**,
3519044,Whitchurch-Stouffville,1991 October,1 Bedroom,544,a
3519044,Whitchurch-Stouffville,1991 October,2 Bedroom,653,a
3519044,Whitchurch-Stouffville,1991 October,3 Bedroom +,**,
3519044,Whitchurch-Stouffville,1991 October,Total,613,a
3519044,Whitchurch-Stouffville,1992 October,Studio,**,
3519044,Whitchurch-Stouffville,1992 October,1 Bedroom,566,a
3519044,Whitchurch-Stouffville,1992 October,2 Bedroom,657,a
3519044,Whitchurch-Stouffville,1992 October,3 Bedroom +,**,
3519044,Whitchurch-Stouffville,1992 October,Total,622,a
3519044,Whitchurch-Stouffville,1993 October,Studio,**,
3519044,Whitchurch-Stouffville,1993 October,1 Bedroom,578,a
3519044,Whitchurch-Stouffville,1993 October,2 Bedroom,708,a
3519044,Whitchurch-Stouffville,1993 October,3 Bedroom +,**,
3519044,Whitchurch-Stouffville,1993 October,Total,661,a
3519044,Whitchurch-Stouffville,1994 October,Studio,**,
3519044,Whitchurch-Stouffville,1994 October,1 Bedroom,569,a
3519044,Whitchurch-Stouffville,1994 October,2 Bedroom,695,a
3519044,Whitchurch-Stouffville,1994 October,3 Bedroom +,**,
3519044,Whitchurch-Stouffville,1994 October,Total,651,a
3519044,Whitchurch-Stouffville,1995 October,Studio,**,
3519044,Whitchurch-Stouffville,1995 October,1 Bedroom,652,a
3519044,Whitchurch-Stouffville,1995 October,2 Bedroom,751,a
3519044,Whitchurch-Stouffville,1995 October,3 Bedroom +,**,
3519044,Whitchurch-Stouffville,1995 October,Total,712,a
3519044,Whitchurch-Stouffville,1996 October,Studio,**,
3519044,Whitchurch-Stouffville,1996 October,1 Bedroom,689,b
3519044,Whitchurch-Stouffville,1996 October,2 Bedroom,777,a
3519044,Whitchurch-Stouffville,1996 October,3 Bedroom +,**,
3519044,Whitchurch-Stouffville,1996 October,Total,748,a
3519044,Whitchurch-Stouffville,1997 October,Studio,**,
3519044,Whitchurch-Stouffville,1997 October,1 Bedroom,698,a
3519044,Whitchurch-Stouffville,1997 October,2 Bedroom,757,a
3519044,Whitchurch-Stouffville,1997 October,3 Bedroom +,**,
3519044,Whitchurch-Stouffville,1997 October,Total,739,a
3519044,Whitchurch-Stouffville,1998 October,Studio,**,
3519044,Whitchurch-Stouffville,1998 October,1 Bedroom,**,
3519044,Whitchurch-Stouffville,1998 October,2 Bedroom,795,b
3519044,Whitchurch-Stouffville,1998 October,3 Bedroom +,**,
3519044,Whitchurch-Stouffville,1998 October,Total,749,a
3519044,Whitchurch-Stouffville,1999 October,Studio,**,
3519044,Whitchurch-Stouffville,1999 October,1 Bedroom,742,a
3519044,Whitchurch-Stouffville,1999 October,2 Bedroom,812,a
3519044,Whitchurch-Stouffville,1999 October,3 Bedroom +,**,
3519044,Whitchurch-Stouffville,1999 October,Total,786,a
3519044,Whitchurch-Stouffville,2000 October,Studio,**,
3519044,Whitchurch-Stouffville,2000 October,1 Bedroom,**,
3519044,Whitchurch-Stouffville,2000 October,2 Bedroom,**,
3519044,Whitchurch-Stouffville,2000 October,3 Bedroom +,**,
3519044,Whitchurch-Stouffville,2000 October,Total,**,
3519044,Whitchurch-Stouffville,2001 October,Studio,**,
3519044,Whitchurch-Stouffville,2001 October,1 Bedroom,**,
3519044,Whitchurch-Stouffville,2001 October,2 Bedroom,**,
3519044,Whitchurch-Stouffville,2001 October,3 Bedroom +,**,
3519044,Whitchurch-Stouffville,2001 October,Total,**,
3519044,Whitchurch-Stouffville,2002 October,Studio,**,
3519044,Whitchurch-Stouffville,2002 October,1 Bedroom,**,
3519044,Whitchurch-Stouffville,2002 October,2 Bedroom,**,
3519044,Whitchurch-Stouffville,2002 October,3 Bedroom +,**,
3519044,Whitchurch-Stouffville,2002 October,Total,**,
3519044,Whitchurch-Stouffville,2003 October,Studio,**,
3519044,Whitchurch-Stouffville,2003 October,1 Bedroom,**,
3519044,Whitchurch-Stouffville,2003 October,2 Bedroom,**,
3519044,Whitchurch-Stouffville,2003 October,3 Bedroom +,**,
3519044,Whitchurch-Stouffville,2003 October,Total,**,
3519044,Whitchurch-Stouffville,2004 October,Studio,**,
3519044,Whitchurch-Stouffville,2004 October,1 Bedroom,857,a
3519044,Whitchurch-Stouffville,2004 October,2 Bedroom,914,a
3519044,Whitchurch-Stouffville,2004 October,3 Bedroom +,**,
3519044,Whitchurch-Stouffville,2004 October,Total,891,a
3519044,Whitchurch-Stouffville,2005 October,Studio,**,
3519044,Whitchurch-Stouffville,2005 October,1 Bedroom,818,a
3519044,Whitchurch-Stouffville,2005 October,2 Bedroom,909,a
3519044,Whitchurch-Stouffville,2005 October,3 Bedroom +,**,
3519044,Whitchurch-Stouffville,2005 October,Total,873,a
3519044,Whitchurch-Stouffville,2006 October,Studio,**,
3519044,Whitchurch-Stouffville,2006 October,1 Bedroom,860,a
3519044,Whitchurch-Stouffville,2006 October,2 Bedroom,940,a
3519044,Whitchurch-Stouffville,2006 October,3 Bedroom +,**,
3519044,Whitchurch-Stouffville,2006 October,Total,905,a
3519044,Whitchurch-Stouffville,2007 October,Studio,**,
3519044,Whitchurch-Stouffville,2007 October,1 Bedroom,**,
3519044,Whitchurch-Stouffville,2007 October,2 Bedroom,"1,035",b
3519044,Whitchurch-Stouffville,2007 October,3 Bedroom +,**,
3519044,Whitchurch-Stouffville,2007 October,Total,965,b
3519044,Whitchurch-Stouffville,2008 October,Studio,**,
3519044,Whitchurch-Stouffville,2008 October,1 Bedroom,**,
3519044,Whitchurch-Stouffville,2008 October,2 Bedroom,"1,001",b
3519044,Whitchurch-Stouffville,2008 October,3 Bedroom +,**,
3519044,Whitchurch-Stouffville,2008 October,Total,938,b
3519044,Whitchurch-Stouffville,2009 October,Studio,**,
3519044,Whitchurch-Stouffville,2009 October,1 Bedroom,**,
3519044,Whitchurch-Stouffville,2009 October,2 Bedroom,**,
3519044,Whitchurch-Stouffville,2009 October,3 Bedroom +,**,
3519044,Whitchurch-Stouffville,2009 October,Total,**,
3519044,Whitchurch-Stouffville,2010 October,Studio,**,
3519044,Whitchurch-Stouffville,2010 October,1 Bedroom,907,a
3519044,Whitchurch-Stouffville,2010 October,2 Bedroom,950,a
3519044,Whitchurch-Stouffville,2010 October,3 Bedroom +,**,
3519044,Whitchurch-Stouffville,2010 October,Total,934,a
3519044,Whitchurch-Stouffville,2011 October,Studio,**,
3519044,Whitchurch-Stouffville,2011 October,1 Bedroom,929,a
3519044,Whitchurch-Stouffville,2011 October,2 Bedroom,"1,001",a
3519044,Whitchurch-Stouffville,2011 October,3 Bedroom +,**,
3519044,Whitchurch-Stouffville,2011 October,Total,970,a
3519044,Whitchurch-Stouffville,2012 October,Studio,**,
3519044,Whitchurch-Stouffville,2012 October,1 Bedroom,959,a
3519044,Whitchurch-Stouffville,2012 October,2 Bedroom,"1,025",a
3519044,Whitchurch-Stouffville,2012 October,3 Bedroom +,**,
3519044,Whitchurch-Stouffville,2012 October,Total,997,a
3519044,Whitchurch-Stouffville,2013 October,Studio,**,
3519044,Whitchurch-Stouffville,2013 October,1 Bedroom,"1,002",a
3519044,Whitchurch-Stouffville,2013 October,2 Bedroom,"1,050",a
3519044,Whitchurch-Stouffville,2013 October,3 Bedroom +,**,
3519044,Whitchurch-Stouffville,2013 October,Total,"1,030",a
3519044,Whitchurch-Stouffville,2014 October,Studio,**,
3519044,Whitchurch-Stouffville,2014 October,1 Bedroom,"1,050",a
3519044,Whitchurch-Stouffville,2014 October,2 Bedroom,"1,101",a
3519044,Whitchurch-Stouffville,2014 October,3 Bedroom +,**,
3519044,Whitchurch-Stouffville,2014 October,Total,"1,080",a
3519044,Whitchurch-Stouffville,2015 October,Studio,**,
3519044,Whitchurch-Stouffville,2015 October,1 Bedroom,"1,080",c
3519044,Whitchurch-Stouffville,2015 October,2 Bedroom,"1,107",b
3519044,Whitchurch-Stouffville,2015 October,3 Bedroom +,**,
3519044,Whitchurch-Stouffville,2015 October,Total,"1,098",b
3519044,Whitchurch-Stouffville,2016 October,Studio,**,
3519044,Whitchurch-Stouffville,2016 October,1 Bedroom,"1,112",a
3519044,Whitchurch-Stouffville,2016 October,2 Bedroom,"1,179",a
3519044,Whitchurch-Stouffville,2016 October,3 Bedroom +,**,
3519044,Whitchurch-Stouffville,2016 October,Total,"1,153",a
3519044,Whitchurch-Stouffville,2017 October,Studio,**,
3519044,Whitchurch-Stouffville,2017 October,1 Bedroom,"1,116",c
3519044,Whitchurch-Stouffville,2017 October,2 Bedroom,"1,167",b
3519044,Whitchurch-Stouffville,2017 October,3 Bedroom +,**,
3519044,Whitchurch-Stouffville,2017 October,Total,"1,153",b
3519044,Whitchurch-Stouffville,2018 October,Studio,**,
3519044,Whitchurch-Stouffville,2018 October,1 Bedroom,**,
3519044,Whitchurch-Stouffville,2018 October,2 Bedroom,**,
3519044,Whitchurch-Stouffville,2018 October,3 Bedroom +,**,
3519044,Whitchurch-Stouffville,2018 October,Total,**,
3519044,Whitchurch-Stouffville,2019 October,Studio,**,
3519044,Whitchurch-Stouffville,2019 October,1 Bedroom,**,
3519044,Whitchurch-Stouffville,2019 October,2 Bedroom,"1,222",b
3519044,Whitchurch-Stouffville,2019 October,3 Bedroom +,**,
3519044,Whitchurch-Stouffville,2019 October,Total,"1,197",b
3519044,Whitchurch-Stouffville,2020 October,Studio,**,
3519044,Whitchurch-Stouffville,2020 October,1 Bedroom,**,
3519044,Whitchurch-Stouffville,2020 October,2 Bedroom,**,
3519044,Whitchurch-Stouffville,2020 October,3 Bedroom +,**,
3519044,Whitchurch-Stouffville,2020 October,Total,**,
3519044,Whitchurch-Stouffville,2021 October,Studio,**,
3519044,Whitchurch-Stouffville,2021 October,1 Bedroom,**,
3519044,Whitchurch-Stouffville,2021 October,2 Bedroom,**,
3519044,Whitchurch-Stouffville,2021 October,3 Bedroom +,**,
3519044,Whitchurch-Stouffville,2021 October,Total,**,
3519044,Whitchurch-Stouffville,2022 October,Studio,**,
3519044,Whitchurch-Stouffville,2022 October,1 Bedroom,**,
3519044,Whitchurch-Stouffville,2022 October,2 Bedroom,**,
3519044,Whitchurch-Stouffville,2022 October,3 Bedroom +,**,
3519044,Whitchurch-Stouffville,2022 October,Total,**,
3519044,Whitchurch-Stouffville,2023 October,Studio,**,
3519044,Whitchurch-Stouffville,2023 October,1 Bedroom,**,
3519044,Whitchurch-Stouffville,2023 October,2 Bedroom,**,
3519044,Whitchurch-Stouffville,2023 October,3 Bedroom +,**,
3519044,Whitchurch-Stouffville,2023 October,Total,**,
3519044,Whitchurch-Stouffville,2024 October,Studio,**,
3519044,Whitchurch-Stouffville,2024 October,1 Bedroom,**,
3519044,Whitchurch-Stouffville,2024 October,2 Bedroom,**,
3519044,Whitchurch-Stouffville,2024 October,3 Bedroom +,**,
3519044,Whitchurch-Stouffville,2024 October,Total,**,
3519044,Whitchurch-Stouffville,2025 October,Studio,**,
3519044,Whitchurch-Stouffville,2025 October,1 Bedroom,**,
3519044,Whitchurch-Stouffville,2025 October,2 Bedroom,**,
3519044,Whitchurch-Stouffville,2025 October,3 Bedroom +,**,
3519044,Whitchurch-Stouffville,2025 October,Total,**,
3518013,Oshawa,1990 October,Studio,416,a
3518013,Oshawa,1990 October,1 Bedroom,517,a
3518013,Oshawa,1990 October,2 Bedroom,602,a
3518013,Oshawa,1990 October,3 Bedroom +,760,a
3518013,Oshawa,1990 October,Total,613,a
3518013,Oshawa,1991 October,Studio,438,b
3518013,Oshawa,1991 October,1 Bedroom,548,a
3518013,Oshawa,1991 October,2 Bedroom,637,a
3518013,Oshawa,1991 October,3 Bedroom +,772,a
3518013,Oshawa,1991 October,Total,641,a
3518013,Oshawa,1992 October,Studio,468,a
3518013,Oshawa,1992 October,1 Bedroom,552,a
3518013,Oshawa,1992 October,2 Bedroom,644,a
3518013,Oshawa,1992 October,3 Bedroom +,769,a
3518013,Oshawa,1992 October,Total,644,a
3518013,Oshawa,1993 October,Studio,448,a
3518013,Oshawa,1993 October,1 Bedroom,559,a
3518013,Oshawa,1993 October,2 Bedroom,659,a
3518013,Oshawa,1993 October,3 Bedroom +,790,a
3518013,Oshawa,1993 October,Total,658,a
3518013,Oshawa,1994 October,Studio,453,a
3518013,Oshawa,1994 October,1 Bedroom,573,a
3518013,Oshawa,1994 October,2 Bedroom,657,a
3518013,Oshawa,1994 October,3 Bedroom +,781,a
3518013,Oshawa,1994 October,Total,660,a
3518013,Oshawa,1995 October,Studio,470,a
3518013,Oshawa,1995 October,1 Bedroom,588,a
3518013,Oshawa,1995 October,2 Bedroom,684,a
3518013,Oshawa,1995 October,3 Bedroom +,807,a
3518013,Oshawa,1995 October,Total,682,a
3518013,Oshawa,1996 October,Studio,464,a
3518013,Oshawa,1996 October,1 Bedroom,603,a
3518013,Oshawa,1996 October,2 Bedroom,694,a
3518013,Oshawa,1996 October,3 Bedroom +,830,a
3518013,Oshawa,1996 October,Total,689,a
3518013,Oshawa,1997 October,Studio,466,a
3518013,Oshawa,1997 October,1 Bedroom,589,a
3518013,Oshawa,1997 October,2 Bedroom,683,a
3518013,Oshawa,1997 October,3 Bedroom +,813,a
3518013,Oshawa,1997 October,Total,677,a
3518013,Oshawa,1998 October,Studio,504,a
3518013,Oshawa,1998 October,1 Bedroom,636,a
3518013,Oshawa,1998 October,2 Bedroom,721,a
3518013,Oshawa,1998 October,3 Bedroom +,849,a
3518013,Oshawa,1998 October,Total,717,a
3518013,Oshawa,1999 October,Studio,495,a
3518013,Oshawa,1999 October,1 Bedroom,638,a
3518013,Oshawa,1999 October,2 Bedroom,738,a
3518013,Oshawa,1999 October,3 Bedroom +,859,a
3518013,Oshawa,1999 October,Total,730,a
3518013,Oshawa,2000 October,Studio,502,a
3518013,Oshawa,2000 October,1 Bedroom,665,a
3518013,Oshawa,2000 October,2 Bedroom,762,a
3518013,Oshawa,2000 October,3 Bedroom +,883,a
3518013,Oshawa,2000 October,Total,756,a
3518013,Oshawa,2001 October,Studio,534,a
3518013,Oshawa,2001 October,1 Bedroom,678,a
3518013,Oshawa,2001 October,2 Bedroom,784,a
3518013,Oshawa,2001 October,3 Bedroom +,915,a
3518013,Oshawa,2001 October,Total,774,a
3518013,Oshawa,2002 October,Studio,551,a
3518013,Oshawa,2002 October,1 Bedroom,685,a
3518013,Oshawa,2002 October,2 Bedroom,803,a
3518013,Oshawa,2002 October,3 Bedroom +,943,a
3518013,Oshawa,2002 October,Total,793,a
3518013,Oshawa,2003 October,Studio,578,a
3518013,Oshawa,2003 October,1 Bedroom,726,a
3518013,Oshawa,2003 October,2 Bedroom,831,a
3518013,Oshawa,2003 October,3 Bedroom +,937,a
3518013,Oshawa,2003 October,Total,819,a
3518013,Oshawa,2004 October,Studio,594,a
3518013,Oshawa,2004 October,1 Bedroom,740,a
3518013,Oshawa,2004 October,2 Bedroom,846,a
3518013,Oshawa,2004 October,3 Bedroom +,991,a
3518013,Oshawa,2004 October,Total,838,a
3518013,Oshawa,2005 October,Studio,589,a
3518013,Oshawa,2005 October,1 Bedroom,732,a
3518013,Oshawa,2005 October,2 Bedroom,844,a
3518013,Oshawa,2005 October,3 Bedroom +,"1,011",a
3518013,Oshawa,2005 October,Total,833,a
3518013,Oshawa,2006 October,Studio,599,a
3518013,Oshawa,2006 October,1 Bedroom,736,a
3518013,Oshawa,2006 October,2 Bedroom,850,a
3518013,Oshawa,2006 October,3 Bedroom +,"1,053",a
3518013,Oshawa,2006 October,Total,845,a
3518013,Oshawa,2007 October,Studio,601,a
3518013,Oshawa,2007 October,1 Bedroom,754,a
3518013,Oshawa,2007 October,2 Bedroom,868,a
3518013,Oshawa,2007 October,3 Bedroom +,"1,016",a
3518013,Oshawa,2007 October,Total,856,a
3518013,Oshawa,2008 October,Studio,628,a
3518013,Oshawa,2008 October,1 Bedroom,773,a
3518013,Oshawa,2008 October,2 Bedroom,878,a
3518013,Oshawa,2008 October,3 Bedroom +,"1,058",a
3518013,Oshawa,2008 October,Total,870,a
3518013,Oshawa,2009 October,Studio,611,a
3518013,Oshawa,2009 October,1 Bedroom,764,a
3518013,Oshawa,2009 October,2 Bedroom,888,a
3518013,Oshawa,2009 October,3 Bedroom +,"1,066",a
3518013,Oshawa,2009 October,Total,875,a
3518013,Oshawa,2010 October,Studio,641,a
3518013,Oshawa,2010 October,1 Bedroom,787,a
3518013,Oshawa,2010 October,2 Bedroom,892,a
3518013,Oshawa,2010 October,3 Bedroom +,"1,075",a
3518013,Oshawa,2010 October,Total,886,a
3518013,Oshawa,2011 October,Studio,653,a
3518013,Oshawa,2011 October,1 Bedroom,802,a
3518013,Oshawa,2011 October,2 Bedroom,924,a
3518013,Oshawa,2011 October,3 Bedroom +,"1,110",a
3518013,Oshawa,2011 October,Total,912,a
3518013,Oshawa,2012 October,Studio,645,a
3518013,Oshawa,2012 October,1 Bedroom,817,a
3518013,Oshawa,2012 October,2 Bedroom,926,a
3518013,Oshawa,2012 October,3 Bedroom +,"1,112",a
3518013,Oshawa,2012 October,Total,919,a
3518013,Oshawa,2013 October,Studio,680,a
3518013,Oshawa,2013 October,1 Bedroom,857,a
3518013,Oshawa,2013 October,2 Bedroom,981,a
3518013,Oshawa,2013 October,3 Bedroom +,"1,191",a
3518013,Oshawa,2013 October,Total,976,a
3518013,Oshawa,2014 October,Studio,680,a
3518013,Oshawa,2014 October,1 Bedroom,858,a
3518013,Oshawa,2014 October,2 Bedroom,"1,002",a
3518013,Oshawa,2014 October,3 Bedroom +,"1,212",a
3518013,Oshawa,2014 October,Total,994,a
3518013,Oshawa,2015 October,Studio,723,a
3518013,Oshawa,2015 October,1 Bedroom,880,a
3518013,Oshawa,2015 October,2 Bedroom,"1,028",a
3518013,Oshawa,2015 October,3 Bedroom +,"1,236",a
3518013,Oshawa,2015 October,Total,"1,021",a
3518013,Oshawa,2016 October,Studio,752,a
3518013,Oshawa,2016 October,1 Bedroom,972,a
3518013,Oshawa,2016 October,2 Bedroom,"1,124",a
3518013,Oshawa,2016 October,3 Bedroom +,"1,295",a
3518013,Oshawa,2016 October,Total,"1,104",a
3518013,Oshawa,2017 October,Studio,789,b
3518013,Oshawa,2017 October,1 Bedroom,"1,048",a
3518013,Oshawa,2017 October,2 Bedroom,"1,190",a
3518013,Oshawa,2017 October,3 Bedroom +,"1,331",a
3518013,Oshawa,2017 October,Total,"1,164",a
3518013,Oshawa,2018 October,Studio,827,a
3518013,Oshawa,2018 October,1 Bedroom,"1,204",b
3518013,Oshawa,2018 October,2 Bedroom,"1,275",a
3518013,Oshawa,2018 October,3 Bedroom +,"1,432",a
3518013,Oshawa,2018 October,Total,"1,267",a
3518013,Oshawa,2019 October,Studio,838,a
3518013,Oshawa,2019 October,1 Bedroom,"1,164",a
3518013,Oshawa,2019 October,2 Bedroom,"1,268",a
3518013,Oshawa,2019 October,3 Bedroom +,"1,477",a
3518013,Oshawa,2019 October,Total,"1,259",a
3518013,Oshawa,2020 October,Studio,900,b
3518013,Oshawa,2020 October,1 Bedroom,"1,162",a
3518013,Oshawa,2020 October,2 Bedroom,"1,360",a
3518013,Oshawa,2020 October,3 Bedroom +,"1,637",b
3518013,Oshawa,2020 October,Total,"1,333",a
3518013,Oshawa,2021 October,Studio,"1,014",a
3518013,Oshawa,2021 October,1 Bedroom,"1,288",a
3518013,Oshawa,2021 October,2 Bedroom,"1,441",a
3518013,Oshawa,2021 October,3 Bedroom +,"1,696",a
3518013,Oshawa,2021 October,Total,"1,431",a
3518013,Oshawa,2022 October,Studio,"1,124",b
3518013,Oshawa,2022 October,1 Bedroom,"1,290",b
3518013,Oshawa,2022 October,2 Bedroom,"1,492",a
3518013,Oshawa,2022 October,3 Bedroom +,"1,969",a
3518013,Oshawa,2022 October,Total,"1,491",a
3518013,Oshawa,2023 October,Studio,"1,068",b
3518013,Oshawa,2023 October,1 Bedroom,"1,425",a
3518013,Oshawa,2023 October,2 Bedroom,"1,665",a
3518013,Oshawa,2023 October,3 Bedroom +,"2,172",a
3518013,Oshawa,2023 October,Total,"1,678",a
3518013,Oshawa,2024 October,Studio,"1,274",b
3518013,Oshawa,2024 October,1 Bedroom,"1,636",b
3518013,Oshawa,2024 October,2 Bedroom,"1,702",a
3518013,Oshawa,2024 October,3 Bedroom +,"2,074",b
3518013,Oshawa,2024 October,Total,"1,722",a
3518013,Oshawa,2025 October,Studio,"1,318",b
3518013,Oshawa,2025 October,1 Bedroom,"1,598",a
3518013,Oshawa,2025 October,2 Bedroom,"1,780",a
3518013,Oshawa,2025 October,3 Bedroom +,"2,228",b
3518013,Oshawa,2025 October,Total,"1,777",a
3518009,Whitby,1990 October,Studio,608,b
3518009,Whitby,1990 October,1 Bedroom,574,a
3518009,Whitby,1990 October,2 Bedroom,624,a
3518009,Whitby,1990 October,3 Bedroom +,672,a
3518009,Whitby,1990 October,Total,612,a
3518009,Whitby,1991 October,Studio,576,a
3518009,Whitby,1991 October,1 Bedroom,599,a
3518009,Whitby,1991 October,2 Bedroom,674,a
3518009,Whitby,1991 October,3 Bedroom +,838,a
3518009,Whitby,1991 October,Total,671,a
3518009,Whitby,1992 October,Studio,584,a
3518009,Whitby,1992 October,1 Bedroom,594,a
3518009,Whitby,1992 October,2 Bedroom,687,a
3518009,Whitby,1992 October,3 Bedroom +,875,a
3518009,Whitby,1992 October,Total,682,a
3518009,Whitby,1993 October,Studio,535,a
3518009,Whitby,1993 October,1 Bedroom,604,a
3518009,Whitby,1993 October,2 Bedroom,672,a
3518009,Whitby,1993 October,3 Bedroom +,864,a
3518009,Whitby,1993 October,Total,676,a
3518009,Whitby,1994 October,Studio,552,c
3518009,Whitby,1994 October,1 Bedroom,619,a
3518009,Whitby,1994 October,2 Bedroom,684,a
3518009,Whitby,1994 October,3 Bedroom +,888,a
3518009,Whitby,1994 October,Total,691,a
3518009,Whitby,1995 October,Studio,556,a
3518009,Whitby,1995 October,1 Bedroom,653,a
3518009,Whitby,1995 October,2 Bedroom,728,a
3518009,Whitby,1995 October,3 Bedroom +,874,a
3518009,Whitby,1995 October,Total,714,a
3518009,Whitby,1996 October,Studio,608,a
3518009,Whitby,1996 October,1 Bedroom,660,a
3518009,Whitby,1996 October,2 Bedroom,741,a
3518009,Whitby,1996 October,3 Bedroom +,873,a
3518009,Whitby,1996 October,Total,728,a
3518009,Whitby,1997 October,Studio,610,b
3518009,Whitby,1997 October,1 Bedroom,647,a
3518009,Whitby,1997 October,2 Bedroom,733,a
3518009,Whitby,1997 October,3 Bedroom +,809,a
3518009,Whitby,1997 October,Total,702,a
3518009,Whitby,1998 October,Studio,575,c
3518009,Whitby,1998 October,1 Bedroom,662,a
3518009,Whitby,1998 October,2 Bedroom,756,a
3518009,Whitby,1998 October,3 Bedroom +,837,a
3518009,Whitby,1998 October,Total,734,a
3518009,Whitby,1999 October,Studio,608,a
3518009,Whitby,1999 October,1 Bedroom,680,a
3518009,Whitby,1999 October,2 Bedroom,781,a
3518009,Whitby,1999 October,3 Bedroom +,883,a
3518009,Whitby,1999 October,Total,757,a
3518009,Whitby,2000 October,Studio,590,c
3518009,Whitby,2000 October,1 Bedroom,750,a
3518009,Whitby,2000 October,2 Bedroom,842,a
3518009,Whitby,2000 October,3 Bedroom +,915,a
3518009,Whitby,2000 October,Total,818,a
3518009,Whitby,2001 October,Studio,553,a
3518009,Whitby,2001 October,1 Bedroom,730,a
3518009,Whitby,2001 October,2 Bedroom,862,a
3518009,Whitby,2001 October,3 Bedroom +,952,a
3518009,Whitby,2001 October,Total,802,a
3518009,Whitby,2002 October,Studio,663,c
3518009,Whitby,2002 October,1 Bedroom,786,a
3518009,Whitby,2002 October,2 Bedroom,894,a
3518009,Whitby,2002 October,3 Bedroom +,982,a
3518009,Whitby,2002 October,Total,855,a
3518009,Whitby,2003 October,Studio,628,a
3518009,Whitby,2003 October,1 Bedroom,825,a
3518009,Whitby,2003 October,2 Bedroom,903,a
3518009,Whitby,2003 October,3 Bedroom +,"1,012",a
3518009,Whitby,2003 October,Total,884,a
3518009,Whitby,2004 October,Studio,658,c
3518009,Whitby,2004 October,1 Bedroom,787,a
3518009,Whitby,2004 October,2 Bedroom,879,a
3518009,Whitby,2004 October,3 Bedroom +,993,a
3518009,Whitby,2004 October,Total,849,a
3518009,Whitby,2005 October,Studio,693,c
3518009,Whitby,2005 October,1 Bedroom,817,a
3518009,Whitby,2005 October,2 Bedroom,899,a
3518009,Whitby,2005 October,3 Bedroom +,998,a
3518009,Whitby,2005 October,Total,873,a
3518009,Whitby,2006 October,Studio,699,c
3518009,Whitby,2006 October,1 Bedroom,819,a
3518009,Whitby,2006 October,2 Bedroom,908,a
3518009,Whitby,2006 October,3 Bedroom +,"1,025",a
3518009,Whitby,2006 October,Total,885,a
3518009,Whitby,2007 October,Studio,659,b
3518009,Whitby,2007 October,1 Bedroom,818,a
3518009,Whitby,2007 October,2 Bedroom,923,a
3518009,Whitby,2007 October,3 Bedroom +,"1,011",a
3518009,Whitby,2007 October,Total,883,a
3518009,Whitby,2008 October,Studio,696,b
3518009,Whitby,2008 October,1 Bedroom,829,a
3518009,Whitby,2008 October,2 Bedroom,940,a
3518009,Whitby,2008 October,3 Bedroom +,"1,026",a
3518009,Whitby,2008 October,Total,905,a
3518009,Whitby,2009 October,Studio,745,d
3518009,Whitby,2009 October,1 Bedroom,855,a
3518009,Whitby,2009 October,2 Bedroom,959,a
3518009,Whitby,2009 October,3 Bedroom +,"1,045",a
3518009,Whitby,2009 October,Total,926,a
3518009,Whitby,2010 October,Studio,717,b
3518009,Whitby,2010 October,1 Bedroom,869,a
3518009,Whitby,2010 October,2 Bedroom,962,a
3518009,Whitby,2010 October,3 Bedroom +,"1,050",a
3518009,Whitby,2010 October,Total,932,a
3518009,Whitby,2011 October,Studio,710,b
3518009,Whitby,2011 October,1 Bedroom,892,a
3518009,Whitby,2011 October,2 Bedroom,"1,023",a
3518009,Whitby,2011 October,3 Bedroom +,"1,068",a
3518009,Whitby,2011 October,Total,975,a
3518009,Whitby,2012 October,Studio,775,c
3518009,Whitby,2012 October,1 Bedroom,909,a
3518009,Whitby,2012 October,2 Bedroom,"1,007",a
3518009,Whitby,2012 October,3 Bedroom +,"1,083",a
3518009,Whitby,2012 October,Total,969,a
3518009,Whitby,2013 October,Studio,789,c
3518009,Whitby,2013 October,1 Bedroom,938,a
3518009,Whitby,2013 October,2 Bedroom,"1,021",a
3518009,Whitby,2013 October,3 Bedroom +,"1,122",a
3518009,Whitby,2013 October,Total,992,a
3518009,Whitby,2014 October,Studio,799,b
3518009,Whitby,2014 October,1 Bedroom,951,a
3518009,Whitby,2014 October,2 Bedroom,"1,040",a
3518009,Whitby,2014 October,3 Bedroom +,"1,128",a
3518009,Whitby,2014 October,Total,"1,009",a
3518009,Whitby,2015 October,Studio,861,a
3518009,Whitby,2015 October,1 Bedroom,963,a
3518009,Whitby,2015 October,2 Bedroom,"1,066",a
3518009,Whitby,2015 October,3 Bedroom +,"1,152",a
3518009,Whitby,2015 October,Total,"1,020",a
3518009,Whitby,2016 October,Studio,**,
3518009,Whitby,2016 October,1 Bedroom,"1,019",a
3518009,Whitby,2016 October,2 Bedroom,"1,103",a
3518009,Whitby,2016 October,3 Bedroom +,"1,221",b
3518009,Whitby,2016 October,Total,"1,053",a
3518009,Whitby,2017 October,Studio,895,c
3518009,Whitby,2017 October,1 Bedroom,"1,027",a
3518009,Whitby,2017 October,2 Bedroom,"1,124",a
3518009,Whitby,2017 October,3 Bedroom +,"1,251",a
3518009,Whitby,2017 October,Total,"1,096",a
3518009,Whitby,2018 October,Studio,905,d
3518009,Whitby,2018 October,1 Bedroom,"1,069",a
3518009,Whitby,2018 October,2 Bedroom,"1,152",a
3518009,Whitby,2018 October,3 Bedroom +,"1,290",a
3518009,Whitby,2018 October,Total,"1,138",a
3518009,Whitby,2019 October,Studio,"1,036",c
3518009,Whitby,2019 October,1 Bedroom,"1,178",a
3518009,Whitby,2019 October,2 Bedroom,"1,251",a
3518009,Whitby,2019 October,3 Bedroom +,"1,325",a
3518009,Whitby,2019 October,Total,"1,227",a
3518009,Whitby,2020 October,Studio,"1,022",d
3518009,Whitby,2020 October,1 Bedroom,"1,252",a
3518009,Whitby,2020 October,2 Bedroom,"1,330",a
3518009,Whitby,2020 October,3 Bedroom +,"1,425",a
3518009,Whitby,2020 October,Total,"1,304",a
3518009,Whitby,2021 October,Studio,890,d
3518009,Whitby,2021 October,1 Bedroom,"1,272",a
3518009,Whitby,2021 October,2 Bedroom,"1,390",a
3518009,Whitby,2021 October,3 Bedroom +,"1,471",a
3518009,Whitby,2021 October,Total,"1,356",a
3518009,Whitby,2022 October,Studio,"1,010",b
3518009,Whitby,2022 October,1 Bedroom,"1,312",a
3518009,Whitby,2022 October,2 Bedroom,"1,393",a
3518009,Whitby,2022 October,3 Bedroom +,"1,444",a
3518009,Whitby,2022 October,Total,"1,349",a
3518009,Whitby,2023 October,Studio,**,
3518009,Whitby,2023 October,1 Bedroom,"1,287",b
3518009,Whitby,2023 October,2 Bedroom,"1,433",a
3518009,Whitby,2023 October,3 Bedroom +,"1,535",a
3518009,Whitby,2023 October,Total,"1,397",a
3518009,Whitby,2024 October,Studio,"1,184",c
3518009,Whitby,2024 October,1 Bedroom,"1,525",b
3518009,Whitby,2024 October,2 Bedroom,"1,656",a
3518009,Whitby,2024 October,3 Bedroom +,"1,743",a
3518009,Whitby,2024 October,Total,"1,641",a
3518009,Whitby,2025 October,Studio,"1,394",b
3518009,Whitby,2025 October,1 Bedroom,"1,525",a
3518009,Whitby,2025 October,2 Bedroom,"1,673",a
3518009,Whitby,2025 October,3 Bedroom +,"1,761",a
3518009,Whitby,2025 October,Total,"1,634",a
3518005,Ajax,1990 October,Studio,**,
3518005,Ajax,1990 October,1 Bedroom,452,a
3518005,Ajax,1990 October,2 Bedroom,638,a
3518005,Ajax,1990 October,3 Bedroom +,748,a
3518005,Ajax,1990 October,Total,648,a
3518005,Ajax,1991 October,Studio,**,
3518005,Ajax,1991 October,1 Bedroom,514,a
3518005,Ajax,1991 October,2 Bedroom,697,a
3518005,Ajax,1991 October,3 Bedroom +,816,a
3518005,Ajax,1991 October,Total,709,a
3518005,Ajax,1992 October,Studio,**,
3518005,Ajax,1992 October,1 Bedroom,539,a
3518005,Ajax,1992 October,2 Bedroom,721,a
3518005,Ajax,1992 October,3 Bedroom +,838,b
3518005,Ajax,1992 October,Total,728,a
3518005,Ajax,1993 October,Studio,**,
3518005,Ajax,1993 October,1 Bedroom,585,a
3518005,Ajax,1993 October,2 Bedroom,741,a
3518005,Ajax,1993 October,3 Bedroom +,882,a
3518005,Ajax,1993 October,Total,761,a
3518005,Ajax,1994 October,Studio,**,
3518005,Ajax,1994 October,1 Bedroom,594,a
3518005,Ajax,1994 October,2 Bedroom,764,a
3518005,Ajax,1994 October,3 Bedroom +,848,a
3518005,Ajax,1994 October,Total,769,a
3518005,Ajax,1995 October,Studio,**,
3518005,Ajax,1995 October,1 Bedroom,552,a
3518005,Ajax,1995 October,2 Bedroom,756,a
3518005,Ajax,1995 October,3 Bedroom +,820,a
3518005,Ajax,1995 October,Total,755,a
3518005,Ajax,1996 October,Studio,**,
3518005,Ajax,1996 October,1 Bedroom,576,a
3518005,Ajax,1996 October,2 Bedroom,771,a
3518005,Ajax,1996 October,3 Bedroom +,854,a
3518005,Ajax,1996 October,Total,775,a
3518005,Ajax,1997 October,Studio,**,
3518005,Ajax,1997 October,1 Bedroom,575,a
3518005,Ajax,1997 October,2 Bedroom,761,a
3518005,Ajax,1997 October,3 Bedroom +,851,a
3518005,Ajax,1997 October,Total,769,a
3518005,Ajax,1998 October,Studio,**,
3518005,Ajax,1998 October,1 Bedroom,633,a
3518005,Ajax,1998 October,2 Bedroom,798,a
3518005,Ajax,1998 October,3 Bedroom +,886,a
3518005,Ajax,1998 October,Total,812,a
3518005,Ajax,1999 October,Studio,**,
3518005,Ajax,1999 October,1 Bedroom,575,a
3518005,Ajax,1999 October,2 Bedroom,800,a
3518005,Ajax,1999 October,3 Bedroom +,894,a
3518005,Ajax,1999 October,Total,802,a
3518005,Ajax,2000 October,Studio,**,
3518005,Ajax,2000 October,1 Bedroom,676,a
3518005,Ajax,2000 October,2 Bedroom,860,a
3518005,Ajax,2000 October,3 Bedroom +,945,a
3518005,Ajax,2000 October,Total,861,a
3518005,Ajax,2001 October,Studio,**,
3518005,Ajax,2001 October,1 Bedroom,643,a
3518005,Ajax,2001 October,2 Bedroom,861,a
3518005,Ajax,2001 October,3 Bedroom +,971,a
3518005,Ajax,2001 October,Total,871,a
3518005,Ajax,2002 October,Studio,**,
3518005,Ajax,2002 October,1 Bedroom,735,a
3518005,Ajax,2002 October,2 Bedroom,903,a
3518005,Ajax,2002 October,3 Bedroom +,"1,008",a
3518005,Ajax,2002 October,Total,909,a
3518005,Ajax,2003 October,Studio,**,
3518005,Ajax,2003 October,1 Bedroom,740,a
3518005,Ajax,2003 October,2 Bedroom,"1,016",a
3518005,Ajax,2003 October,3 Bedroom +,"1,169",a
3518005,Ajax,2003 October,Total,"1,018",a
3518005,Ajax,2004 October,Studio,**,
3518005,Ajax,2004 October,1 Bedroom,740,a
3518005,Ajax,2004 October,2 Bedroom,"1,016",a
3518005,Ajax,2004 October,3 Bedroom +,"1,151",a
3518005,Ajax,2004 October,Total,"1,027",a
3518005,Ajax,2005 October,Studio,**,
3518005,Ajax,2005 October,1 Bedroom,768,a
3518005,Ajax,2005 October,2 Bedroom,969,a
3518005,Ajax,2005 October,3 Bedroom +,"1,068",a
3518005,Ajax,2005 October,Total,978,a
3518005,Ajax,2006 October,Studio,**,
3518005,Ajax,2006 October,1 Bedroom,737,a
3518005,Ajax,2006 October,2 Bedroom,940,a
3518005,Ajax,2006 October,3 Bedroom +,"1,128",a
3518005,Ajax,2006 October,Total,959,a
3518005,Ajax,2007 October,Studio,**,
3518005,Ajax,2007 October,1 Bedroom,716,a
3518005,Ajax,2007 October,2 Bedroom,899,a
3518005,Ajax,2007 October,3 Bedroom +,974,a
3518005,Ajax,2007 October,Total,904,a
3518005,Ajax,2008 October,Studio,**,
3518005,Ajax,2008 October,1 Bedroom,776,a
3518005,Ajax,2008 October,2 Bedroom,967,a
3518005,Ajax,2008 October,3 Bedroom +,"1,070",a
3518005,Ajax,2008 October,Total,963,a
3518005,Ajax,2009 October,Studio,**,
3518005,Ajax,2009 October,1 Bedroom,796,a
3518005,Ajax,2009 October,2 Bedroom,934,a
3518005,Ajax,2009 October,3 Bedroom +,"1,011",b
3518005,Ajax,2009 October,Total,938,a
3518005,Ajax,2010 October,Studio,**,
3518005,Ajax,2010 October,1 Bedroom,801,a
3518005,Ajax,2010 October,2 Bedroom,991,a
3518005,Ajax,2010 October,3 Bedroom +,"1,099",a
3518005,Ajax,2010 October,Total,"1,005",a
3518005,Ajax,2011 October,Studio,**,
3518005,Ajax,2011 October,1 Bedroom,**,
3518005,Ajax,2011 October,2 Bedroom,"1,035",a
3518005,Ajax,2011 October,3 Bedroom +,"1,077",b
3518005,Ajax,2011 October,Total,"1,039",a
3518005,Ajax,2012 October,Studio,**,
3518005,Ajax,2012 October,1 Bedroom,**,
3518005,Ajax,2012 October,2 Bedroom,"1,050",a
3518005,Ajax,2012 October,3 Bedroom +,"1,105",a
3518005,Ajax,2012 October,Total,"1,064",a
3518005,Ajax,2013 October,Studio,**,
3518005,Ajax,2013 October,1 Bedroom,818,a
3518005,Ajax,2013 October,2 Bedroom,"1,027",a
3518005,Ajax,2013 October,3 Bedroom +,"1,248",a
3518005,Ajax,2013 October,Total,"1,067",a
3518005,Ajax,2014 October,Studio,**,
3518005,Ajax,2014 October,1 Bedroom,882,a
3518005,Ajax,2014 October,2 Bedroom,"1,094",a
3518005,Ajax,2014 October,3 Bedroom +,"1,255",a
3518005,Ajax,2014 October,Total,"1,115",a
3518005,Ajax,2015 October,Studio,**,
3518005,Ajax,2015 October,1 Bedroom,902,a
3518005,Ajax,2015 October,2 Bedroom,"1,094",a
3518005,Ajax,2015 October,3 Bedroom +,"1,319",a
3518005,Ajax,2015 October,Total,"1,128",a
3518005,Ajax,2016 October,Studio,**,
3518005,Ajax,2016 October,1 Bedroom,**,
3518005,Ajax,2016 October,2 Bedroom,"1,212",a
3518005,Ajax,2016 October,3 Bedroom +,"1,272",b
3518005,Ajax,2016 October,Total,"1,232",b
3518005,Ajax,2017 October,Studio,**,
3518005,Ajax,2017 October,1 Bedroom,976,a
3518005,Ajax,2017 October,2 Bedroom,"1,105",a
3518005,Ajax,2017 October,3 Bedroom +,"1,250",a
3518005,Ajax,2017 October,Total,"1,127",a
3518005,Ajax,2018 October,Studio,**,
3518005,Ajax,2018 October,1 Bedroom,963,a
3518005,Ajax,2018 October,2 Bedroom,"1,248",a
3518005,Ajax,2018 October,3 Bedroom +,"1,378",a
3518005,Ajax,2018 October,Total,"1,254",a
3518005,Ajax,2019 October,Studio,**,
3518005,Ajax,2019 October,1 Bedroom,989,a
3518005,Ajax,2019 October,2 Bedroom,"1,237",a
3518005,Ajax,2019 October,3 Bedroom +,"1,516",a
3518005,Ajax,2019 October,Total,"1,241",a
3518005,Ajax,2020 October,Studio,**,
3518005,Ajax,2020 October,1 Bedroom,"1,258",b
3518005,Ajax,2020 October,2 Bedroom,"1,362",a
3518005,Ajax,2020 October,3 Bedroom +,"1,481",a
3518005,Ajax,2020 October,Total,"1,390",a
3518005,Ajax,2021 October,Studio,**,
3518005,Ajax,2021 October,1 Bedroom,965,a
3518005,Ajax,2021 October,2 Bedroom,"1,302",b
3518005,Ajax,2021 October,3 Bedroom +,"1,556",a
3518005,Ajax,2021 October,Total,"1,291",b
3518005,Ajax,2022 October,Studio,**,
3518005,Ajax,2022 October,1 Bedroom,"1,265",d
3518005,Ajax,2022 October,2 Bedroom,"1,532",a
3518005,Ajax,2022 October,3 Bedroom +,"1,607",a
3518005,Ajax,2022 October,Total,"1,547",a
3518005,Ajax,2023 October,Studio,**,
3518005,Ajax,2023 October,1 Bedroom,"1,456",b
3518005,Ajax,2023 October,2 Bedroom,"1,809",a
3518005,Ajax,2023 October,3 Bedroom +,"2,224",b
3518005,Ajax,2023 October,Total,"1,879",b
3518005,Ajax,2024 October,Studio,**,
3518005,Ajax,2024 October,1 Bedroom,"1,115",b
3518005,Ajax,2024 October,2 Bedroom,"1,645",a
3518005,Ajax,2024 October,3 Bedroom +,"1,794",a
3518005,Ajax,2024 October,Total,"1,649",a
3518005,Ajax,2025 October,Studio,**,
3518005,Ajax,2025 October,1 Bedroom,"1,216",b
3518005,Ajax,2025 October,2 Bedroom,"1,727",a
3518005,Ajax,2025 October,3 Bedroom +,"1,870",a
3518005,Ajax,2025 October,Total,"1,740",a
3518001,Pickering,1990 October,Studio,**,
3518001,Pickering,1990 October,1 Bedroom,**,
3518001,Pickering,1990 October,2 Bedroom,**,
3518001,Pickering,1990 October,3 Bedroom +,940,a
3518001,Pickering,1990 October,Total,928,a
3518001,Pickering,1991 October,Studio,**,
3518001,Pickering,1991 October,1 Bedroom,964,a
3518001,Pickering,1991 October,2 Bedroom,"1,010",a
3518001,Pickering,1991 October,3 Bedroom +,940,a
3518001,Pickering,1991 October,Total,953,a
3518001,Pickering,1992 October,Studio,**,
3518001,Pickering,1992 October,1 Bedroom,900,a
3518001,Pickering,1992 October,2 Bedroom,"1,033",a
3518001,Pickering,1992 October,3 Bedroom +,807,a
3518001,Pickering,1992 October,Total,838,a
3518001,Pickering,1993 October,Studio,**,
3518001,Pickering,1993 October,1 Bedroom,885,a
3518001,Pickering,1993 October,2 Bedroom,"1,167",a
3518001,Pickering,1993 October,3 Bedroom +,803,a
3518001,Pickering,1993 October,Total,854,a
3518001,Pickering,1994 October,Studio,**,
3518001,Pickering,1994 October,1 Bedroom,829,a
3518001,Pickering,1994 October,2 Bedroom,**,
3518001,Pickering,1994 October,3 Bedroom +,808,a
3518001,Pickering,1994 October,Total,833,a
3518001,Pickering,1995 October,Studio,**,
3518001,Pickering,1995 October,1 Bedroom,805,a
3518001,Pickering,1995 October,2 Bedroom,**,
3518001,Pickering,1995 October,3 Bedroom +,875,a
3518001,Pickering,1995 October,Total,879,a
3518001,Pickering,1996 October,Studio,**,
3518001,Pickering,1996 October,1 Bedroom,804,a
3518001,Pickering,1996 October,2 Bedroom,941,a
3518001,Pickering,1996 October,3 Bedroom +,879,a
3518001,Pickering,1996 October,Total,871,a
3518001,Pickering,1997 October,Studio,**,
3518001,Pickering,1997 October,1 Bedroom,**,
3518001,Pickering,1997 October,2 Bedroom,**,
3518001,Pickering,1997 October,3 Bedroom +,893,a
3518001,Pickering,1997 October,Total,891,a
3518001,Pickering,1998 October,Studio,**,
3518001,Pickering,1998 October,1 Bedroom,**,
3518001,Pickering,1998 October,2 Bedroom,**,
3518001,Pickering,1998 October,3 Bedroom +,942,a
3518001,Pickering,1998 October,Total,932,a
3518001,Pickering,1999 October,Studio,**,
3518001,Pickering,1999 October,1 Bedroom,**,
3518001,Pickering,1999 October,2 Bedroom,**,
3518001,Pickering,1999 October,3 Bedroom +,970,a
3518001,Pickering,1999 October,Total,958,a
3518001,Pickering,2000 October,Studio,**,
3518001,Pickering,2000 October,1 Bedroom,**,
3518001,Pickering,2000 October,2 Bedroom,**,
3518001,Pickering,2000 October,3 Bedroom +,"1,030",a
3518001,Pickering,2000 October,Total,"1,017",a
3518001,Pickering,2001 October,Studio,**,
3518001,Pickering,2001 October,1 Bedroom,**,
3518001,Pickering,2001 October,2 Bedroom,**,
3518001,Pickering,2001 October,3 Bedroom +,"1,068",a
3518001,Pickering,2001 October,Total,"1,054",a
3518001,Pickering,2002 October,Studio,**,
3518001,Pickering,2002 October,1 Bedroom,**,
3518001,Pickering,2002 October,2 Bedroom,**,
3518001,Pickering,2002 October,3 Bedroom +,"1,129",a
3518001,Pickering,2002 October,Total,"1,117",a
3518001,Pickering,2003 October,Studio,**,
3518001,Pickering,2003 October,1 Bedroom,**,
3518001,Pickering,2003 October,2 Bedroom,**,
3518001,Pickering,2003 October,3 Bedroom +,**,
3518001,Pickering,2003 October,Total,"1,098",d
3518001,Pickering,2004 October,Studio,**,
3518001,Pickering,2004 October,1 Bedroom,**,
3518001,Pickering,2004 October,2 Bedroom,**,
3518001,Pickering,2004 October,3 Bedroom +,"1,100",a
3518001,Pickering,2004 October,Total,"1,088",a
3518001,Pickering,2005 October,Studio,**,
3518001,Pickering,2005 October,1 Bedroom,**,
3518001,Pickering,2005 October,2 Bedroom,**,
3518001,Pickering,2005 October,3 Bedroom +,"1,170",a
3518001,Pickering,2005 October,Total,"1,160",a
3518001,Pickering,2006 October,Studio,**,
3518001,Pickering,2006 October,1 Bedroom,**,
3518001,Pickering,2006 October,2 Bedroom,**,
3518001,Pickering,2006 October,3 Bedroom +,"1,165",a
3518001,Pickering,2006 October,Total,"1,155",a
3518001,Pickering,2007 October,Studio,**,
3518001,Pickering,2007 October,1 Bedroom,**,
3518001,Pickering,2007 October,2 Bedroom,**,
3518001,Pickering,2007 October,3 Bedroom +,"1,136",a
3518001,Pickering,2007 October,Total,"1,135",a
3518001,Pickering,2008 October,Studio,**,
3518001,Pickering,2008 October,1 Bedroom,**,
3518001,Pickering,2008 October,2 Bedroom,**,
3518001,Pickering,2008 October,3 Bedroom +,"1,144",a
3518001,Pickering,2008 October,Total,"1,143",a
3518001,Pickering,2009 October,Studio,**,
3518001,Pickering,2009 October,1 Bedroom,**,
3518001,Pickering,2009 October,2 Bedroom,**,
3518001,Pickering,2009 October,3 Bedroom +,"1,159",a
3518001,Pickering,2009 October,Total,"1,158",a
3518001,Pickering,2010 October,Studio,**,
3518001,Pickering,2010 October,1 Bedroom,**,
3518001,Pickering,2010 October,2 Bedroom,**,
3518001,Pickering,2010 October,3 Bedroom +,"1,178",a
3518001,Pickering,2010 October,Total,"1,171",a
3518001,Pickering,2011 October,Studio,**,
3518001,Pickering,2011 October,1 Bedroom,**,
3518001,Pickering,2011 October,2 Bedroom,**,
3518001,Pickering,2011 October,3 Bedroom +,"1,182",a
3518001,Pickering,2011 October,Total,"1,178",a
3518001,Pickering,2012 October,Studio,**,
3518001,Pickering,2012 October,1 Bedroom,**,
3518001,Pickering,2012 October,2 Bedroom,**,
3518001,Pickering,2012 October,3 Bedroom +,"1,217",a
3518001,Pickering,2012 October,Total,"1,210",a
3518001,Pickering,2013 October,Studio,**,
3518001,Pickering,2013 October,1 Bedroom,**,
3518001,Pickering,2013 October,2 Bedroom,**,
3518001,Pickering,2013 October,3 Bedroom +,"1,246",a
3518001,Pickering,2013 October,Total,"1,240",a
3518001,Pickering,2014 October,Studio,**,
3518001,Pickering,2014 October,1 Bedroom,**,
3518001,Pickering,2014 October,2 Bedroom,**,
3518001,Pickering,2014 October,3 Bedroom +,"1,254",a
3518001,Pickering,2014 October,Total,"1,247",a
3518001,Pickering,2015 October,Studio,**,
3518001,Pickering,2015 October,1 Bedroom,**,
3518001,Pickering,2015 October,2 Bedroom,**,
3518001,Pickering,2015 October,3 Bedroom +,"1,300",a
3518001,Pickering,2015 October,Total,"1,289",a
3518001,Pickering,2016 October,Studio,**,
3518001,Pickering,2016 October,1 Bedroom,**,
3518001,Pickering,2016 October,2 Bedroom,**,
3518001,Pickering,2016 October,3 Bedroom +,"1,313",a
3518001,Pickering,2016 October,Total,"1,306",a
3518001,Pickering,2017 October,Studio,**,
3518001,Pickering,2017 October,1 Bedroom,**,
3518001,Pickering,2017 October,2 Bedroom,**,
3518001,Pickering,2017 October,3 Bedroom +,"1,349",a
3518001,Pickering,2017 October,Total,"1,341",a
3518001,Pickering,2018 October,Studio,**,
3518001,Pickering,2018 October,1 Bedroom,**,
3518001,Pickering,2018 October,2 Bedroom,**,
3518001,Pickering,2018 October,3 Bedroom +,"1,414",a
3518001,Pickering,2018 October,Total,"1,395",a
3518001,Pickering,2019 October,Studio,**,
3518001,Pickering,2019 October,1 Bedroom,**,
3518001,Pickering,2019 October,2 Bedroom,**,
3518001,Pickering,2019 October,3 Bedroom +,"1,481",a
3518001,Pickering,2019 October,Total,"1,468",a
3518001,Pickering,2020 October,Studio,**,
3518001,Pickering,2020 October,1 Bedroom,**,
3518001,Pickering,2020 October,2 Bedroom,**,
3518001,Pickering,2020 October,3 Bedroom +,"1,537",a
3518001,Pickering,2020 October,Total,"1,521",a
3518001,Pickering,2021 October,Studio,**,
3518001,Pickering,2021 October,1 Bedroom,**,
3518001,Pickering,2021 October,2 Bedroom,**,
3518001,Pickering,2021 October,3 Bedroom +,"1,564",a
3518001,Pickering,2021 October,Total,"1,563",a
3518001,Pickering,2022 October,Studio,**,
3518001,Pickering,2022 October,1 Bedroom,**,
3518001,Pickering,2022 October,2 Bedroom,**,
3518001,Pickering,2022 October,3 Bedroom +,"1,611",a
3518001,Pickering,2022 October,Total,"1,599",a
3518001,Pickering,2023 October,Studio,**,
3518001,Pickering,2023 October,1 Bedroom,**,
3518001,Pickering,2023 October,2 Bedroom,**,
3518001,Pickering,2023 October,3 Bedroom +,"1,848",a
3518001,Pickering,2023 October,Total,"1,846",a
3518001,Pickering,2024 October,Studio,**,
3518001,Pickering,2024 October,1 Bedroom,**,
3518001,Pickering,2024 October,2 Bedroom,**,
3518001,Pickering,2024 October,3 Bedroom +,"1,749",a
3518001,Pickering,2024 October,Total,"1,747",a
3518001,Pickering,2025 October,Studio,**,
3518001,Pickering,2025 October,1 Bedroom,**,
3518001,Pickering,2025 October,2 Bedroom,**,
3518001,Pickering,2025 October,3 Bedroom +,"1,828",a
3518001,Pickering,2025 October,Total,"1,826",a
3518017,Clarington,1990 October,Studio,400,a
3518017,Clarington,1990 October,1 Bedroom,549,a
3518017,Clarington,1990 October,2 Bedroom,623,a
3518017,Clarington,1990 October,3 Bedroom +,671,a
3518017,Clarington,1990 October,Total,603,a
3518017,Clarington,1991 October,Studio,**,
3518017,Clarington,1991 October,1 Bedroom,564,a
3518017,Clarington,1991 October,2 Bedroom,630,a
3518017,Clarington,1991 October,3 Bedroom +,687,a
3518017,Clarington,1991 October,Total,613,a
3518017,Clarington,1992 October,Studio,**,
3518017,Clarington,1992 October,1 Bedroom,584,a
3518017,Clarington,1992 October,2 Bedroom,651,a
3518017,Clarington,1992 October,3 Bedroom +,712,a
3518017,Clarington,1992 October,Total,637,a
3518017,Clarington,1993 October,Studio,**,
3518017,Clarington,1993 October,1 Bedroom,570,a
3518017,Clarington,1993 October,2 Bedroom,644,a
3518017,Clarington,1993 October,3 Bedroom +,781,a
3518017,Clarington,1993 October,Total,634,a
3518017,Clarington,1994 October,Studio,**,
3518017,Clarington,1994 October,1 Bedroom,546,a
3518017,Clarington,1994 October,2 Bedroom,627,a
3518017,Clarington,1994 October,3 Bedroom +,748,a
3518017,Clarington,1994 October,Total,615,a
3518017,Clarington,1995 October,Studio,449,a
3518017,Clarington,1995 October,1 Bedroom,585,a
3518017,Clarington,1995 October,2 Bedroom,662,a
3518017,Clarington,1995 October,3 Bedroom +,782,a
3518017,Clarington,1995 October,Total,650,a
3518017,Clarington,1996 October,Studio,462,a
3518017,Clarington,1996 October,1 Bedroom,603,a
3518017,Clarington,1996 October,2 Bedroom,672,a
3518017,Clarington,1996 October,3 Bedroom +,811,a
3518017,Clarington,1996 October,Total,664,a
3518017,Clarington,1997 October,Studio,**,
3518017,Clarington,1997 October,1 Bedroom,584,a
3518017,Clarington,1997 October,2 Bedroom,685,a
3518017,Clarington,1997 October,3 Bedroom +,**,
3518017,Clarington,1997 October,Total,660,a
3518017,Clarington,1998 October,Studio,488,a
3518017,Clarington,1998 October,1 Bedroom,606,a
3518017,Clarington,1998 October,2 Bedroom,702,a
3518017,Clarington,1998 October,3 Bedroom +,824,a
3518017,Clarington,1998 October,Total,683,a
3518017,Clarington,1999 October,Studio,**,
3518017,Clarington,1999 October,1 Bedroom,632,a
3518017,Clarington,1999 October,2 Bedroom,728,a
3518017,Clarington,1999 October,3 Bedroom +,856,a
3518017,Clarington,1999 October,Total,703,a
3518017,Clarington,2000 October,Studio,513,a
3518017,Clarington,2000 October,1 Bedroom,640,a
3518017,Clarington,2000 October,2 Bedroom,768,a
3518017,Clarington,2000 October,3 Bedroom +,863,a
3518017,Clarington,2000 October,Total,737,a
3518017,Clarington,2001 October,Studio,518,a
3518017,Clarington,2001 October,1 Bedroom,689,a
3518017,Clarington,2001 October,2 Bedroom,808,a
3518017,Clarington,2001 October,3 Bedroom +,927,a
3518017,Clarington,2001 October,Total,775,a
3518017,Clarington,2002 October,Studio,552,a
3518017,Clarington,2002 October,1 Bedroom,689,a
3518017,Clarington,2002 October,2 Bedroom,812,a
3518017,Clarington,2002 October,3 Bedroom +,935,a
3518017,Clarington,2002 October,Total,776,a
3518017,Clarington,2003 October,Studio,527,b
3518017,Clarington,2003 October,1 Bedroom,692,a
3518017,Clarington,2003 October,2 Bedroom,819,a
3518017,Clarington,2003 October,3 Bedroom +,960,a
3518017,Clarington,2003 October,Total,776,a
3518017,Clarington,2004 October,Studio,569,a
3518017,Clarington,2004 October,1 Bedroom,689,a
3518017,Clarington,2004 October,2 Bedroom,838,a
3518017,Clarington,2004 October,3 Bedroom +,"1,005",a
3518017,Clarington,2004 October,Total,799,a
3518017,Clarington,2005 October,Studio,521,c
3518017,Clarington,2005 October,1 Bedroom,724,a
3518017,Clarington,2005 October,2 Bedroom,847,a
3518017,Clarington,2005 October,3 Bedroom +,981,a
3518017,Clarington,2005 October,Total,801,a
3518017,Clarington,2006 October,Studio,**,
3518017,Clarington,2006 October,1 Bedroom,716,a
3518017,Clarington,2006 October,2 Bedroom,849,a
3518017,Clarington,2006 October,3 Bedroom +,"1,004",a
3518017,Clarington,2006 October,Total,809,a
3518017,Clarington,2007 October,Studio,**,
3518017,Clarington,2007 October,1 Bedroom,709,a
3518017,Clarington,2007 October,2 Bedroom,850,a
3518017,Clarington,2007 October,3 Bedroom +,**,
3518017,Clarington,2007 October,Total,832,a
3518017,Clarington,2008 October,Studio,642,b
3518017,Clarington,2008 October,1 Bedroom,759,a
3518017,Clarington,2008 October,2 Bedroom,884,a
3518017,Clarington,2008 October,3 Bedroom +,"1,144",a
3518017,Clarington,2008 October,Total,853,a
3518017,Clarington,2009 October,Studio,654,b
3518017,Clarington,2009 October,1 Bedroom,699,a
3518017,Clarington,2009 October,2 Bedroom,877,a
3518017,Clarington,2009 October,3 Bedroom +,"1,096",a
3518017,Clarington,2009 October,Total,825,a
3518017,Clarington,2010 October,Studio,**,
3518017,Clarington,2010 October,1 Bedroom,767,a
3518017,Clarington,2010 October,2 Bedroom,881,a
3518017,Clarington,2010 October,3 Bedroom +,"1,192",a
3518017,Clarington,2010 October,Total,855,a
3518017,Clarington,2011 October,Studio,673,a
3518017,Clarington,2011 October,1 Bedroom,751,a
3518017,Clarington,2011 October,2 Bedroom,902,a
3518017,Clarington,2011 October,3 Bedroom +,"1,103",a
3518017,Clarington,2011 October,Total,855,a
3518017,Clarington,2012 October,Studio,**,
3518017,Clarington,2012 October,1 Bedroom,802,a
3518017,Clarington,2012 October,2 Bedroom,911,a
3518017,Clarington,2012 October,3 Bedroom +,"1,462",a
3518017,Clarington,2012 October,Total,943,a
3518017,Clarington,2013 October,Studio,**,
3518017,Clarington,2013 October,1 Bedroom,817,a
3518017,Clarington,2013 October,2 Bedroom,939,a
3518017,Clarington,2013 October,3 Bedroom +,"1,207",b
3518017,Clarington,2013 October,Total,911,a
3518017,Clarington,2014 October,Studio,829,a
3518017,Clarington,2014 October,1 Bedroom,916,a
3518017,Clarington,2014 October,2 Bedroom,"1,050",a
3518017,Clarington,2014 October,3 Bedroom +,"1,447",b
3518017,Clarington,2014 October,Total,"1,053",a
3518017,Clarington,2015 October,Studio,**,
3518017,Clarington,2015 October,1 Bedroom,923,a
3518017,Clarington,2015 October,2 Bedroom,"1,071",a
3518017,Clarington,2015 October,3 Bedroom +,"1,501",b
3518017,Clarington,2015 October,Total,"1,068",a
3518017,Clarington,2016 October,Studio,**,
3518017,Clarington,2016 October,1 Bedroom,866,c
3518017,Clarington,2016 October,2 Bedroom,979,a
3518017,Clarington,2016 October,3 Bedroom +,"1,295",d
3518017,Clarington,2016 October,Total,964,a
3518017,Clarington,2017 October,Studio,**,
3518017,Clarington,2017 October,1 Bedroom,964,a
3518017,Clarington,2017 October,2 Bedroom,"1,241",a
3518017,Clarington,2017 October,3 Bedroom +,"1,501",b
3518017,Clarington,2017 October,Total,"1,171",a
3518017,Clarington,2018 October,Studio,**,
3518017,Clarington,2018 October,1 Bedroom,"1,050",a
3518017,Clarington,2018 October,2 Bedroom,"1,199",a
3518017,Clarington,2018 October,3 Bedroom +,"1,538",b
3518017,Clarington,2018 October,Total,"1,189",a
3518017,Clarington,2019 October,Studio,**,
3518017,Clarington,2019 October,1 Bedroom,"1,231",b
3518017,Clarington,2019 October,2 Bedroom,"1,347",a
3518017,Clarington,2019 October,3 Bedroom +,"1,660",a
3518017,Clarington,2019 October,Total,"1,344",a
3518017,Clarington,2020 October,Studio,**,
3518017,Clarington,2020 October,1 Bedroom,"1,133",a
3518017,Clarington,2020 October,2 Bedroom,"1,327",a
3518017,Clarington,2020 October,3 Bedroom +,"1,745",a
3518017,Clarington,2020 October,Total,"1,306",a
3518017,Clarington,2021 October,Studio,**,
3518017,Clarington,2021 October,1 Bedroom,"1,146",a
3518017,Clarington,2021 October,2 Bedroom,"1,359",a
3518017,Clarington,2021 October,3 Bedroom +,"1,736",b
3518017,Clarington,2021 October,Total,"1,267",a
3518017,Clarington,2022 October,Studio,**,
3518017,Clarington,2022 October,1 Bedroom,"1,110",b
3518017,Clarington,2022 October,2 Bedroom,"1,318",b
3518017,Clarington,2022 October,3 Bedroom +,"1,697",b
3518017,Clarington,2022 October,Total,"1,296",b
3518017,Clarington,2023 October,Studio,**,
3518017,Clarington,2023 October,1 Bedroom,"1,403",b
3518017,Clarington,2023 October,2 Bedroom,"1,595",a
3518017,Clarington,2023 October,3 Bedroom +,"1,894",c
3518017,Clarington,2023 October,Total,"1,556",b
3518017,Clarington,2024 October,Studio,**,
3518017,Clarington,2024 October,1 Bedroom,**,
3518017,Clarington,2024 October,2 Bedroom,"1,650",d
3518017,Clarington,2024 October,3 Bedroom +,"1,977",a
3518017,Clarington,2024 October,Total,"1,563",c
3518017,Clarington,2025 October,Studio,**,
3518017,Clarington,2025 October,1 Bedroom,"1,608",b
3518017,Clarington,2025 October,2 Bedroom,"1,788",b
3518017,Clarington,2025 October,3 Bedroom +,"1,973",b
3518017,Clarington,2025 October,Total,"1,728",a
3518020,Scugog,2008 October,Studio,**,
3518020,Scugog,2008 October,1 Bedroom,741,a
3518020,Scugog,2008 October,2 Bedroom,869,a
3518020,Scugog,2008 October,3 Bedroom +,**,
3518020,Scugog,2008 October,Total,894,a
3518020,Scugog,2009 October,Studio,**,
3518020,Scugog,2009 October,1 Bedroom,755,a
3518020,Scugog,2009 October,2 Bedroom,906,a
3518020,Scugog,2009 October,3 Bedroom +,**,
3518020,Scugog,2009 October,Total,813,a
3518020,Scugog,2010 October,Studio,**,
3518020,Scugog,2010 October,1 Bedroom,779,a
3518020,Scugog,2010 October,2 Bedroom,921,a
3518020,Scugog,2010 October,3 Bedroom +,**,
3518020,Scugog,2010 October,Total,964,a
3518020,Scugog,2011 October,Studio,**,
3518020,Scugog,2011 October,1 Bedroom,750,b
3518020,Scugog,2011 October,2 Bedroom,882,a
3518020,Scugog,2011 October,3 Bedroom +,**,
3518020,Scugog,2011 October,Total,959,a
3518020,Scugog,2012 October,Studio,**,
3518020,Scugog,2012 October,1 Bedroom,832,a
3518020,Scugog,2012 October,2 Bedroom,958,a
3518020,Scugog,2012 October,3 Bedroom +,**,
3518020,Scugog,2012 October,Total,"1,001",a
3518020,Scugog,2013 October,Studio,**,
3518020,Scugog,2013 October,1 Bedroom,820,a
3518020,Scugog,2013 October,2 Bedroom,973,a
3518020,Scugog,2013 October,3 Bedroom +,**,
3518020,Scugog,2013 October,Total,"1,016",a
3518020,Scugog,2014 October,Studio,**,
3518020,Scugog,2014 October,1 Bedroom,751,a
3518020,Scugog,2014 October,2 Bedroom,888,a
3518020,Scugog,2014 October,3 Bedroom +,**,
3518020,Scugog,2014 October,Total,975,a
3518020,Scugog,2015 October,Studio,**,
3518020,Scugog,2015 October,1 Bedroom,762,b
3518020,Scugog,2015 October,2 Bedroom,935,a
3518020,Scugog,2015 October,3 Bedroom +,**,
3518020,Scugog,2015 October,Total,"1,026",a
3518020,Scugog,2016 October,Studio,**,
3518020,Scugog,2016 October,1 Bedroom,748,b
3518020,Scugog,2016 October,2 Bedroom,922,a
3518020,Scugog,2016 October,3 Bedroom +,**,
3518020,Scugog,2016 October,Total,"1,027",a
3518020,Scugog,2017 October,Studio,**,
3518020,Scugog,2017 October,1 Bedroom,853,b
3518020,Scugog,2017 October,2 Bedroom,871,a
3518020,Scugog,2017 October,3 Bedroom +,**,
3518020,Scugog,2017 October,Total,865,a
3518020,Scugog,2018 October,Studio,**,
3518020,Scugog,2018 October,1 Bedroom,841,b
3518020,Scugog,2018 October,2 Bedroom,876,b
3518020,Scugog,2018 October,3 Bedroom +,**,
3518020,Scugog,2018 October,Total,858,b
3518020,Scugog,2019 October,Studio,**,
3518020,Scugog,2019 October,1 Bedroom,839,b
3518020,Scugog,2019 October,2 Bedroom,"1,002",a
3518020,Scugog,2019 October,3 Bedroom +,**,
3518020,Scugog,2019 October,Total,"1,098",a
3518020,Scugog,2020 October,Studio,**,
3518020,Scugog,2020 October,1 Bedroom,868,c
3518020,Scugog,2020 October,2 Bedroom,"1,064",b
3518020,Scugog,2020 October,3 Bedroom +,**,
3518020,Scugog,2020 October,Total,"1,111",a
3518020,Scugog,2021 October,Studio,**,
3518020,Scugog,2021 October,1 Bedroom,959,b
3518020,Scugog,2021 October,2 Bedroom,"1,198",a
3518020,Scugog,2021 October,3 Bedroom +,**,
3518020,Scugog,2021 October,Total,"1,310",a
3518020,Scugog,2022 October,Studio,**,
3518020,Scugog,2022 October,1 Bedroom,"1,112",d
3518020,Scugog,2022 October,2 Bedroom,"1,265",c
3518020,Scugog,2022 October,3 Bedroom +,**,
3518020,Scugog,2022 October,Total,"1,193",c
3518020,Scugog,2023 October,Studio,**,
3518020,Scugog,2023 October,1 Bedroom,"1,129",c
3518020,Scugog,2023 October,2 Bedroom,"1,244",b
3518020,Scugog,2023 October,3 Bedroom +,**,
3518020,Scugog,2023 October,Total,"1,314",a
3518020,Scugog,2024 October,Studio,**,
3518020,Scugog,2024 October,1 Bedroom,"1,078",d
3518020,Scugog,2024 October,2 Bedroom,"1,327",d
3518020,Scugog,2024 October,3 Bedroom +,**,
3518020,Scugog,2024 October,Total,"1,226",c
3518020,Scugog,2025 October,Studio,**,
3518020,Scugog,2025 October,1 Bedroom,"1,117",c
3518020,Scugog,2025 October,2 Bedroom,"1,452",c
3518020,Scugog,2025 October,3 Bedroom +,**,
3518020,Scugog,2025 October,Total,"1,436",a
3518029,Uxbridge,1990 October,Studio,**,
3518029,Uxbridge,1990 October,1 Bedroom,586,b
3518029,Uxbridge,1990 October,2 Bedroom,683,b
3518029,Uxbridge,1990 October,3 Bedroom +,**,
3518029,Uxbridge,1990 October,Total,643,b
3518029,Uxbridge,1991 October,Studio,**,
3518029,Uxbridge,1991 October,1 Bedroom,567,b
3518029,Uxbridge,1991 October,2 Bedroom,747,d
3518029,Uxbridge,1991 October,3 Bedroom +,**,
3518029,Uxbridge,1991 October,Total,661,c
3518029,Uxbridge,1992 October,Studio,**,
3518029,Uxbridge,1992 October,1 Bedroom,581,b
3518029,Uxbridge,1992 October,2 Bedroom,742,b
3518029,Uxbridge,1992 October,3 Bedroom +,**,
3518029,Uxbridge,1992 October,Total,677,b
3518029,Uxbridge,1993 October,Studio,**,
3518029,Uxbridge,1993 October,1 Bedroom,596,b
3518029,Uxbridge,1993 October,2 Bedroom,737,c
3518029,Uxbridge,1993 October,3 Bedroom +,**,
3518029,Uxbridge,1993 October,Total,678,c
3518029,Uxbridge,1994 October,Studio,**,
3518029,Uxbridge,1994 October,1 Bedroom,604,b
3518029,Uxbridge,1994 October,2 Bedroom,755,c
3518029,Uxbridge,1994 October,3 Bedroom +,**,
3518029,Uxbridge,1994 October,Total,698,c
3518029,Uxbridge,1995 October,Studio,**,
3518029,Uxbridge,1995 October,1 Bedroom,667,c
3518029,Uxbridge,1995 October,2 Bedroom,787,c
3518029,Uxbridge,1995 October,3 Bedroom +,**,
3518029,Uxbridge,1995 October,Total,743,c
3518029,Uxbridge,1996 October,Studio,**,
3518029,Uxbridge,1996 October,1 Bedroom,639,b
3518029,Uxbridge,1996 October,2 Bedroom,767,b
3518029,Uxbridge,1996 October,3 Bedroom +,**,
3518029,Uxbridge,1996 October,Total,718,b
3518029,Uxbridge,1997 October,Studio,**,
3518029,Uxbridge,1997 October,1 Bedroom,627,b
3518029,Uxbridge,1997 October,2 Bedroom,769,b
3518029,Uxbridge,1997 October,3 Bedroom +,**,
3518029,Uxbridge,1997 October,Total,714,b
3518029,Uxbridge,1998 October,Studio,**,
3518029,Uxbridge,1998 October,1 Bedroom,646,a
3518029,Uxbridge,1998 October,2 Bedroom,781,b
3518029,Uxbridge,1998 October,3 Bedroom +,**,
3518029,Uxbridge,1998 October,Total,728,b
3518029,Uxbridge,1999 October,Studio,**,
3518029,Uxbridge,1999 October,1 Bedroom,689,b
3518029,Uxbridge,1999 October,2 Bedroom,853,b
3518029,Uxbridge,1999 October,3 Bedroom +,**,
3518029,Uxbridge,1999 October,Total,798,b
3518029,Uxbridge,2000 October,Studio,**,
3518029,Uxbridge,2000 October,1 Bedroom,743,c
3518029,Uxbridge,2000 October,2 Bedroom,"1,011",c
3518029,Uxbridge,2000 October,3 Bedroom +,**,
3518029,Uxbridge,2000 October,Total,918,c
3518029,Uxbridge,2001 October,Studio,**,
3518029,Uxbridge,2001 October,1 Bedroom,743,a
3518029,Uxbridge,2001 October,2 Bedroom,969,b
3518029,Uxbridge,2001 October,3 Bedroom +,**,
3518029,Uxbridge,2001 October,Total,874,a
3518029,Uxbridge,2002 October,Studio,**,
3518029,Uxbridge,2002 October,1 Bedroom,758,a
3518029,Uxbridge,2002 October,2 Bedroom,"1,028",b
3518029,Uxbridge,2002 October,3 Bedroom +,**,
3518029,Uxbridge,2002 October,Total,928,a
3518029,Uxbridge,2003 October,Studio,**,
3518029,Uxbridge,2003 October,1 Bedroom,976,c
3518029,Uxbridge,2003 October,2 Bedroom,"1,196",d
3518029,Uxbridge,2003 October,3 Bedroom +,**,
3518029,Uxbridge,2003 October,Total,"1,127",d
3518029,Uxbridge,2004 October,Studio,**,
3518029,Uxbridge,2004 October,1 Bedroom,774,b
3518029,Uxbridge,2004 October,2 Bedroom,"1,052",b
3518029,Uxbridge,2004 October,3 Bedroom +,**,
3518029,Uxbridge,2004 October,Total,963,b
3518029,Uxbridge,2005 October,Studio,**,
3518029,Uxbridge,2005 October,1 Bedroom,768,b
3518029,Uxbridge,2005 October,2 Bedroom,"1,135",b
3518029,Uxbridge,2005 October,3 Bedroom +,**,
3518029,Uxbridge,2005 October,Total,993,c
3518029,Uxbridge,2006 October,Studio,**,
3518029,Uxbridge,2006 October,1 Bedroom,839,a
3518029,Uxbridge,2006 October,2 Bedroom,"1,078",d
3518029,Uxbridge,2006 October,3 Bedroom +,**,
3518029,Uxbridge,2006 October,Total,984,c
3518029,Uxbridge,2007 October,Studio,**,
3518029,Uxbridge,2007 October,1 Bedroom,877,c
3518029,Uxbridge,2007 October,2 Bedroom,**,
3518029,Uxbridge,2007 October,3 Bedroom +,**,
3518029,Uxbridge,2007 October,Total,986,d
3518029,Uxbridge,2008 October,Studio,**,
3518029,Uxbridge,2008 October,1 Bedroom,850,c
3518029,Uxbridge,2008 October,2 Bedroom,"1,024",c
3518029,Uxbridge,2008 October,3 Bedroom +,"1,136",a
3518029,Uxbridge,2008 October,Total,969,c
3518029,Uxbridge,2009 October,Studio,**,
3518029,Uxbridge,2009 October,1 Bedroom,889,b
3518029,Uxbridge,2009 October,2 Bedroom,"1,148",d
3518029,Uxbridge,2009 October,3 Bedroom +,**,
3518029,Uxbridge,2009 October,Total,"1,046",c
3518029,Uxbridge,2010 October,Studio,**,
3518029,Uxbridge,2010 October,1 Bedroom,866,a
3518029,Uxbridge,2010 October,2 Bedroom,"1,084",d
3518029,Uxbridge,2010 October,3 Bedroom +,**,
3518029,Uxbridge,2010 October,Total,990,c
3518029,Uxbridge,2011 October,Studio,**,
3518029,Uxbridge,2011 October,1 Bedroom,**,
3518029,Uxbridge,2011 October,2 Bedroom,**,
3518029,Uxbridge,2011 October,3 Bedroom +,**,
3518029,Uxbridge,2011 October,Total,**,
3518029,Uxbridge,2012 October,Studio,**,
3518029,Uxbridge,2012 October,1 Bedroom,952,a
3518029,Uxbridge,2012 October,2 Bedroom,"1,179",d
3518029,Uxbridge,2012 October,3 Bedroom +,**,
3518029,Uxbridge,2012 October,Total,"1,090",c
3518029,Uxbridge,2013 October,Studio,**,
3518029,Uxbridge,2013 October,1 Bedroom,982,a
3518029,Uxbridge,2013 October,2 Bedroom,"1,440",c
3518029,Uxbridge,2013 October,3 Bedroom +,"1,799",a
3518029,Uxbridge,2013 October,Total,"1,273",b
3518029,Uxbridge,2014 October,Studio,**,
3518029,Uxbridge,2014 October,1 Bedroom,981,b
3518029,Uxbridge,2014 October,2 Bedroom,"1,179",c
3518029,Uxbridge,2014 October,3 Bedroom +,**,
3518029,Uxbridge,2014 October,Total,"1,094",b
3518029,Uxbridge,2015 October,Studio,**,
3518029,Uxbridge,2015 October,1 Bedroom,"1,016",b
3518029,Uxbridge,2015 October,2 Bedroom,"1,195",c
3518029,Uxbridge,2015 October,3 Bedroom +,**,
3518029,Uxbridge,2015 October,Total,"1,117",c
3518029,Uxbridge,2016 October,Studio,**,
3518029,Uxbridge,2016 October,1 Bedroom,"1,049",c
3518029,Uxbridge,2016 October,2 Bedroom,"1,207",d
3518029,Uxbridge,2016 October,3 Bedroom +,**,
3518029,Uxbridge,2016 October,Total,"1,143",c
3518029,Uxbridge,2017 October,Studio,**,
3518029,Uxbridge,2017 October,1 Bedroom,"1,086",c
3518029,Uxbridge,2017 October,2 Bedroom,"1,355",d
3518029,Uxbridge,2017 October,3 Bedroom +,"1,302",c
3518029,Uxbridge,2017 October,Total,"1,227",d
3518029,Uxbridge,2018 October,Studio,**,
3518029,Uxbridge,2018 October,1 Bedroom,**,
3518029,Uxbridge,2018 October,2 Bedroom,**,
3518029,Uxbridge,2018 October,3 Bedroom +,**,
3518029,Uxbridge,2018 October,Total,**,
3518029,Uxbridge,2019 October,Studio,**,
3518029,Uxbridge,2019 October,1 Bedroom,"1,102",b
3518029,Uxbridge,2019 October,2 Bedroom,"1,505",d
3518029,Uxbridge,2019 October,3 Bedroom +,**,
3518029,Uxbridge,2019 October,Total,"1,293",c
3518029,Uxbridge,2020 October,Studio,**,
3518029,Uxbridge,2020 October,1 Bedroom,"1,174",c
3518029,Uxbridge,2020 October,2 Bedroom,"1,398",d
3518029,Uxbridge,2020 October,3 Bedroom +,**,
3518029,Uxbridge,2020 October,Total,"1,285",d
3518029,Uxbridge,2021 October,Studio,**,
3518029,Uxbridge,2021 October,1 Bedroom,"1,249",c
3518029,Uxbridge,2021 October,2 Bedroom,"1,501",d
3518029,Uxbridge,2021 October,3 Bedroom +,**,
3518029,Uxbridge,2021 October,Total,"1,394",d
3518029,Uxbridge,2022 October,Studio,**,
3518029,Uxbridge,2022 October,1 Bedroom,"1,389",b
3518029,Uxbridge,2022 October,2 Bedroom,"1,575",d
3518029,Uxbridge,2022 October,3 Bedroom +,**,
3518029,Uxbridge,2022 October,Total,"1,455",c
3518029,Uxbridge,2023 October,Studio,**,
3518029,Uxbridge,2023 October,1 Bedroom,"1,320",b
3518029,Uxbridge,2023 October,2 Bedroom,"1,755",d
3518029,Uxbridge,2023 October,3 Bedroom +,**,
3518029,Uxbridge,2023 October,Total,"1,535",d
3518029,Uxbridge,2024 October,Studio,**,
3518029,Uxbridge,2024 October,1 Bedroom,**,
3518029,Uxbridge,2024 October,2 Bedroom,"1,933",d
3518029,Uxbridge,2024 October,3 Bedroom +,**,
3518029,Uxbridge,2024 October,Total,**,
3518029,Uxbridge,2025 October,Studio,**,
3518029,Uxbridge,2025 October,1 Bedroom,**,
3518029,Uxbridge,2025 October,2 Bedroom,**,
3518029,Uxbridge,2025 October,3 Bedroom +,**,
3518029,Uxbridge,2025 October,Total,**,
3518039,Brock,2008 October,Studio,**,
3518039,Brock,2008 October,1 Bedroom,695,a
3518039,Brock,2008 October,2 Bedroom,766,a
3518039,Brock,2008 October,3 Bedroom +,**,
3518039,Brock,2008 October,Total,750,a
3518039,Brock,2009 October,Studio,**,
3518039,Brock,2009 October,1 Bedroom,647,b
3518039,Brock,2009 October,2 Bedroom,760,a
3518039,Brock,2009 October,3 Bedroom +,850,c
3518039,Brock,2009 October,Total,743,a
3518039,Brock,2010 October,Studio,**,
3518039,Brock,2010 October,1 Bedroom,618,a
3518039,Brock,2010 October,2 Bedroom,780,a
3518039,Brock,2010 October,3 Bedroom +,**,
3518039,Brock,2010 October,Total,731,a
3518039,Brock,2011 October,Studio,**,
3518039,Brock,2011 October,1 Bedroom,644,b
3518039,Brock,2011 October,2 Bedroom,777,a
3518039,Brock,2011 October,3 Bedroom +,**,
3518039,Brock,2011 October,Total,739,a
3518039,Brock,2012 October,Studio,**,
3518039,Brock,2012 October,1 Bedroom,677,a
3518039,Brock,2012 October,2 Bedroom,747,a
3518039,Brock,2012 October,3 Bedroom +,**,
3518039,Brock,2012 October,Total,746,a
3518039,Brock,2013 October,Studio,**,
3518039,Brock,2013 October,1 Bedroom,697,a
3518039,Brock,2013 October,2 Bedroom,804,a
3518039,Brock,2013 October,3 Bedroom +,**,
3518039,Brock,2013 October,Total,775,a
3518039,Brock,2014 October,Studio,**,
3518039,Brock,2014 October,1 Bedroom,857,b
3518039,Brock,2014 October,2 Bedroom,864,b
3518039,Brock,2014 October,3 Bedroom +,**,
3518039,Brock,2014 October,Total,872,a
3518039,Brock,2015 October,Studio,**,
3518039,Brock,2015 October,1 Bedroom,725,a
3518039,Brock,2015 October,2 Bedroom,826,a
3518039,Brock,2015 October,3 Bedroom +,**,
3518039,Brock,2015 October,Total,799,a
3518039,Brock,2016 October,Studio,**,
3518039,Brock,2016 October,1 Bedroom,803,a
3518039,Brock,2016 October,2 Bedroom,886,a
3518039,Brock,2016 October,3 Bedroom +,**,
3518039,Brock,2016 October,Total,863,a
3518039,Brock,2017 October,Studio,**,
3518039,Brock,2017 October,1 Bedroom,823,a
3518039,Brock,2017 October,2 Bedroom,930,a
3518039,Brock,2017 October,3 Bedroom +,**,
3518039,Brock,2017 October,Total,900,a
3518039,Brock,2018 October,Studio,**,
3518039,Brock,2018 October,1 Bedroom,862,a
3518039,Brock,2018 October,2 Bedroom,927,a
3518039,Brock,2018 October,3 Bedroom +,**,
3518039,Brock,2018 October,Total,908,a
3518039,Brock,2019 October,Studio,**,
3518039,Brock,2019 October,1 Bedroom,871,a
3518039,Brock,2019 October,2 Bedroom,"1,009",a
3518039,Brock,2019 October,3 Bedroom +,**,
3518039,Brock,2019 October,Total,938,a
3518039,Brock,2020 October,Studio,**,
3518039,Brock,2020 October,1 Bedroom,919,a
3518039,Brock,2020 October,2 Bedroom,"1,007",a
3518039,Brock,2020 October,3 Bedroom +,**,
3518039,Brock,2020 October,Total,983,a
3518039,Brock,2021 October,Studio,**,
3518039,Brock,2021 October,1 Bedroom,888,a
3518039,Brock,2021 October,2 Bedroom,909,a
3518039,Brock,2021 October,3 Bedroom +,**,
3518039,Brock,2021 October,Total,901,a
3518039,Brock,2022 October,Studio,**,
3518039,Brock,2022 October,1 Bedroom,"1,015",a
3518039,Brock,2022 October,2 Bedroom,876,a
3518039,Brock,2022 October,3 Bedroom +,**,
3518039,Brock,2022 October,Total,905,a
3518039,Brock,2023 October,Studio,**,
3518039,Brock,2023 October,1 Bedroom,"1,258",a
3518039,Brock,2023 October,2 Bedroom,"1,196",b
3518039,Brock,2023 October,3 Bedroom +,**,
3518039,Brock,2023 October,Total,"1,203",b
3518039,Brock,2024 October,Studio,**,
3518039,Brock,2024 October,1 Bedroom,"1,069",b
3518039,Brock,2024 October,2 Bedroom,"1,050",b
3518039,Brock,2024 October,3 Bedroom +,**,
3518039,Brock,2024 October,Total,"1,050",a
3518039,Brock,2025 October,Studio,**,
3518039,Brock,2025 October,1 Bedroom,"1,030",b
3518039,Brock,2025 October,2 Bedroom,"1,296",a
3518039,Brock,2025 October,3 Bedroom +,**,
3518039,Brock,2025 October,Total,"1,222",a
3524002,Burlington,1990 October,Studio,362,b
3524002,Burlington,1990 October,1 Bedroom,542,a
3524002,Burlington,1990 October,2 Bedroom,597,a
3524002,Burlington,1990 October,3 Bedroom +,716,a
3524002,Burlington,1990 October,Total,602,a
3524002,Burlington,1991 October,Studio,423,c
3524002,Burlington,1991 October,1 Bedroom,557,a
3524002,Burlington,1991 October,2 Bedroom,628,a
3524002,Burlington,1991 October,3 Bedroom +,769,a
3524002,Burlington,1991 October,Total,634,a
3524002,Burlington,1992 October,Studio,421,b
3524002,Burlington,1992 October,1 Bedroom,565,a
3524002,Burlington,1992 October,2 Bedroom,640,a
3524002,Burlington,1992 October,3 Bedroom +,781,a
3524002,Burlington,1992 October,Total,643,a
3524002,Burlington,1993 October,Studio,501,b
3524002,Burlington,1993 October,1 Bedroom,596,a
3524002,Burlington,1993 October,2 Bedroom,686,a
3524002,Burlington,1993 October,3 Bedroom +,837,a
3524002,Burlington,1993 October,Total,688,a
3524002,Burlington,1994 October,Studio,537,c
3524002,Burlington,1994 October,1 Bedroom,620,a
3524002,Burlington,1994 October,2 Bedroom,691,a
3524002,Burlington,1994 October,3 Bedroom +,832,a
3524002,Burlington,1994 October,Total,698,a
3524002,Burlington,1995 October,Studio,505,b
3524002,Burlington,1995 October,1 Bedroom,641,a
3524002,Burlington,1995 October,2 Bedroom,711,a
3524002,Burlington,1995 October,3 Bedroom +,849,a
3524002,Burlington,1995 October,Total,719,a
3524002,Burlington,1996 October,Studio,531,b
3524002,Burlington,1996 October,1 Bedroom,651,a
3524002,Burlington,1996 October,2 Bedroom,736,a
3524002,Burlington,1996 October,3 Bedroom +,882,a
3524002,Burlington,1996 October,Total,737,a
3524002,Burlington,1997 October,Studio,580,b
3524002,Burlington,1997 October,1 Bedroom,665,a
3524002,Burlington,1997 October,2 Bedroom,751,a
3524002,Burlington,1997 October,3 Bedroom +,905,a
3524002,Burlington,1997 October,Total,756,a
3524002,Burlington,1998 October,Studio,583,b
3524002,Burlington,1998 October,1 Bedroom,722,a
3524002,Burlington,1998 October,2 Bedroom,802,a
3524002,Burlington,1998 October,3 Bedroom +,930,a
3524002,Burlington,1998 October,Total,801,a
3524002,Burlington,1999 October,Studio,571,b
3524002,Burlington,1999 October,1 Bedroom,750,a
3524002,Burlington,1999 October,2 Bedroom,838,a
3524002,Burlington,1999 October,3 Bedroom +,978,a
3524002,Burlington,1999 October,Total,835,a
3524002,Burlington,2000 October,Studio,617,b
3524002,Burlington,2000 October,1 Bedroom,768,a
3524002,Burlington,2000 October,2 Bedroom,876,a
3524002,Burlington,2000 October,3 Bedroom +,"1,010",a
3524002,Burlington,2000 October,Total,868,a
3524002,Burlington,2001 October,Studio,595,b
3524002,Burlington,2001 October,1 Bedroom,790,a
3524002,Burlington,2001 October,2 Bedroom,878,a
3524002,Burlington,2001 October,3 Bedroom +,"1,028",a
3524002,Burlington,2001 October,Total,878,a
3524002,Burlington,2002 October,Studio,673,b
3524002,Burlington,2002 October,1 Bedroom,823,a
3524002,Burlington,2002 October,2 Bedroom,935,a
3524002,Burlington,2002 October,3 Bedroom +,"1,077",a
3524002,Burlington,2002 October,Total,927,a
3524002,Burlington,2003 October,Studio,662,a
3524002,Burlington,2003 October,1 Bedroom,821,a
3524002,Burlington,2003 October,2 Bedroom,931,a
3524002,Burlington,2003 October,3 Bedroom +,"1,081",a
3524002,Burlington,2003 October,Total,927,a
3524002,Burlington,2004 October,Studio,660,a
3524002,Burlington,2004 October,1 Bedroom,819,a
3524002,Burlington,2004 October,2 Bedroom,947,a
3524002,Burlington,2004 October,3 Bedroom +,"1,111",a
3524002,Burlington,2004 October,Total,938,a
3524002,Burlington,2005 October,Studio,665,b
3524002,Burlington,2005 October,1 Bedroom,835,a
3524002,Burlington,2005 October,2 Bedroom,938,a
3524002,Burlington,2005 October,3 Bedroom +,"1,082",a
3524002,Burlington,2005 October,Total,932,a
3524002,Burlington,2006 October,Studio,721,b
3524002,Burlington,2006 October,1 Bedroom,849,a
3524002,Burlington,2006 October,2 Bedroom,958,a
3524002,Burlington,2006 October,3 Bedroom +,"1,066",a
3524002,Burlington,2006 October,Total,940,a
3524002,Burlington,2007 October,Studio,704,b
3524002,Burlington,2007 October,1 Bedroom,877,a
3524002,Burlington,2007 October,2 Bedroom,"1,002",a
3524002,Burlington,2007 October,3 Bedroom +,"1,113",a
3524002,Burlington,2007 October,Total,983,a
3524002,Burlington,2008 October,Studio,833,a
3524002,Burlington,2008 October,1 Bedroom,889,a
3524002,Burlington,2008 October,2 Bedroom,993,a
3524002,Burlington,2008 October,3 Bedroom +,"1,171",a
3524002,Burlington,2008 October,Total,989,a
3524002,Burlington,2009 October,Studio,721,b
3524002,Burlington,2009 October,1 Bedroom,878,a
3524002,Burlington,2009 October,2 Bedroom,989,a
3524002,Burlington,2009 October,3 Bedroom +,"1,172",a
3524002,Burlington,2009 October,Total,990,a
3524002,Burlington,2010 October,Studio,848,b
3524002,Burlington,2010 October,1 Bedroom,929,a
3524002,Burlington,2010 October,2 Bedroom,"1,060",a
3524002,Burlington,2010 October,3 Bedroom +,"1,223",a
3524002,Burlington,2010 October,Total,"1,050",a
3524002,Burlington,2011 October,Studio,868,b
3524002,Burlington,2011 October,1 Bedroom,967,a
3524002,Burlington,2011 October,2 Bedroom,"1,097",a
3524002,Burlington,2011 October,3 Bedroom +,"1,261",a
3524002,Burlington,2011 October,Total,"1,088",a
3524002,Burlington,2012 October,Studio,897,b
3524002,Burlington,2012 October,1 Bedroom,986,a
3524002,Burlington,2012 October,2 Bedroom,"1,123",a
3524002,Burlington,2012 October,3 Bedroom +,"1,286",a
3524002,Burlington,2012 October,Total,"1,107",a
3524002,Burlington,2013 October,Studio,930,b
3524002,Burlington,2013 October,1 Bedroom,"1,020",a
3524002,Burlington,2013 October,2 Bedroom,"1,154",a
3524002,Burlington,2013 October,3 Bedroom +,"1,333",a
3524002,Burlington,2013 October,Total,"1,140",a
3524002,Burlington,2014 October,Studio,933,b
3524002,Burlington,2014 October,1 Bedroom,"1,077",a
3524002,Burlington,2014 October,2 Bedroom,"1,203",a
3524002,Burlington,2014 October,3 Bedroom +,"1,371",a
3524002,Burlington,2014 October,Total,"1,190",a
3524002,Burlington,2015 October,Studio,859,b
3524002,Burlington,2015 October,1 Bedroom,"1,123",a
3524002,Burlington,2015 October,2 Bedroom,"1,266",a
3524002,Burlington,2015 October,3 Bedroom +,"1,422",a
3524002,Burlington,2015 October,Total,"1,249",a
3524002,Burlington,2016 October,Studio,909,a
3524002,Burlington,2016 October,1 Bedroom,"1,158",a
3524002,Burlington,2016 October,2 Bedroom,"1,290",a
3524002,Burlington,2016 October,3 Bedroom +,"1,476",a
3524002,Burlington,2016 October,Total,"1,275",a
3524002,Burlington,2017 October,Studio,897,b
3524002,Burlington,2017 October,1 Bedroom,"1,240",a
3524002,Burlington,2017 October,2 Bedroom,"1,365",a
3524002,Burlington,2017 October,3 Bedroom +,"1,552",a
3524002,Burlington,2017 October,Total,"1,357",a
3524002,Burlington,2018 October,Studio,"1,456",d
3524002,Burlington,2018 October,1 Bedroom,"1,282",a
3524002,Burlington,2018 October,2 Bedroom,"1,405",a
3524002,Burlington,2018 October,3 Bedroom +,"1,545",a
3524002,Burlington,2018 October,Total,"1,394",a
3524002,Burlington,2019 October,Studio,"1,047",b
3524002,Burlington,2019 October,1 Bedroom,"1,350",a
3524002,Burlington,2019 October,2 Bedroom,"1,511",a
3524002,Burlington,2019 October,3 Bedroom +,"1,606",a
3524002,Burlington,2019 October,Total,"1,475",a
3524002,Burlington,2020 October,Studio,"1,216",b
3524002,Burlington,2020 October,1 Bedroom,"1,461",a
3524002,Burlington,2020 October,2 Bedroom,"1,623",a
3524002,Burlington,2020 October,3 Bedroom +,"1,640",a
3524002,Burlington,2020 October,Total,"1,573",a
3524002,Burlington,2021 October,Studio,"1,237",b
3524002,Burlington,2021 October,1 Bedroom,"1,441",a
3524002,Burlington,2021 October,2 Bedroom,"1,631",a
3524002,Burlington,2021 October,3 Bedroom +,"1,691",a
3524002,Burlington,2021 October,Total,"1,584",a
3524002,Burlington,2022 October,Studio,"1,185",b
3524002,Burlington,2022 October,1 Bedroom,"1,533",a
3524002,Burlington,2022 October,2 Bedroom,"1,757",a
3524002,Burlington,2022 October,3 Bedroom +,"1,772",a
3524002,Burlington,2022 October,Total,"1,688",a
3524002,Burlington,2023 October,Studio,"1,196",b
3524002,Burlington,2023 October,1 Bedroom,"1,613",a
3524002,Burlington,2023 October,2 Bedroom,"1,823",a
3524002,Burlington,2023 October,3 Bedroom +,"1,804",a
3524002,Burlington,2023 October,Total,"1,761",a
3524002,Burlington,2024 October,Studio,"1,441",b
3524002,Burlington,2024 October,1 Bedroom,"1,726",a
3524002,Burlington,2024 October,2 Bedroom,"1,993",a
3524002,Burlington,2024 October,3 Bedroom +,"2,112",a
3524002,Burlington,2024 October,Total,"1,929",a
3524002,Burlington,2025 October,Studio,"1,539",c
3524002,Burlington,2025 October,1 Bedroom,"1,744",a
3524002,Burlington,2025 October,2 Bedroom,"2,050",a
3524002,Burlington,2025 October,3 Bedroom +,"2,196",a
3524002,Burlington,2025 October,Total,"1,977",a
3524001,Oakville,1990 October,Studio,432,a
3524001,Oakville,1990 October,1 Bedroom,546,a
3524001,Oakville,1990 October,2 Bedroom,649,a
3524001,Oakville,1990 October,3 Bedroom +,816,a
3524001,Oakville,1990 October,Total,639,a
3524001,Oakville,1991 October,Studio,464,a
3524001,Oakville,1991 October,1 Bedroom,592,a
3524001,Oakville,1991 October,2 Bedroom,728,a
3524001,Oakville,1991 October,3 Bedroom +,913,a
3524001,Oakville,1991 October,Total,713,a
3524001,Oakville,1992 October,Studio,467,a
3524001,Oakville,1992 October,1 Bedroom,603,a
3524001,Oakville,1992 October,2 Bedroom,722,a
3524001,Oakville,1992 October,3 Bedroom +,933,a
3524001,Oakville,1992 October,Total,709,a
3524001,Oakville,1993 October,Studio,499,a
3524001,Oakville,1993 October,1 Bedroom,617,a
3524001,Oakville,1993 October,2 Bedroom,755,a
3524001,Oakville,1993 October,3 Bedroom +,924,a
3524001,Oakville,1993 October,Total,736,a
3524001,Oakville,1994 October,Studio,494,a
3524001,Oakville,1994 October,1 Bedroom,645,a
3524001,Oakville,1994 October,2 Bedroom,776,a
3524001,Oakville,1994 October,3 Bedroom +,945,a
3524001,Oakville,1994 October,Total,755,a
3524001,Oakville,1995 October,Studio,498,b
3524001,Oakville,1995 October,1 Bedroom,664,a
3524001,Oakville,1995 October,2 Bedroom,814,a
3524001,Oakville,1995 October,3 Bedroom +,990,a
3524001,Oakville,1995 October,Total,790,a
3524001,Oakville,1996 October,Studio,543,a
3524001,Oakville,1996 October,1 Bedroom,689,a
3524001,Oakville,1996 October,2 Bedroom,830,a
3524001,Oakville,1996 October,3 Bedroom +,"1,025",a
3524001,Oakville,1996 October,Total,811,a
3524001,Oakville,1997 October,Studio,523,a
3524001,Oakville,1997 October,1 Bedroom,699,a
3524001,Oakville,1997 October,2 Bedroom,842,a
3524001,Oakville,1997 October,3 Bedroom +,"1,023",a
3524001,Oakville,1997 October,Total,816,a
3524001,Oakville,1998 October,Studio,593,a
3524001,Oakville,1998 October,1 Bedroom,765,a
3524001,Oakville,1998 October,2 Bedroom,919,a
3524001,Oakville,1998 October,3 Bedroom +,"1,091",a
3524001,Oakville,1998 October,Total,886,a
3524001,Oakville,1999 October,Studio,622,a
3524001,Oakville,1999 October,1 Bedroom,806,a
3524001,Oakville,1999 October,2 Bedroom,916,a
3524001,Oakville,1999 October,3 Bedroom +,"1,121",c
3524001,Oakville,1999 October,Total,905,a
3524001,Oakville,2000 October,Studio,653,a
3524001,Oakville,2000 October,1 Bedroom,840,a
3524001,Oakville,2000 October,2 Bedroom,973,a
3524001,Oakville,2000 October,3 Bedroom +,"1,145",a
3524001,Oakville,2000 October,Total,945,a
3524001,Oakville,2001 October,Studio,666,a
3524001,Oakville,2001 October,1 Bedroom,864,a
3524001,Oakville,2001 October,2 Bedroom,"1,032",a
3524001,Oakville,2001 October,3 Bedroom +,"1,152",b
3524001,Oakville,2001 October,Total,983,a
3524001,Oakville,2002 October,Studio,703,a
3524001,Oakville,2002 October,1 Bedroom,898,a
3524001,Oakville,2002 October,2 Bedroom,"1,043",a
3524001,Oakville,2002 October,3 Bedroom +,"1,241",a
3524001,Oakville,2002 October,Total,"1,010",a
3524001,Oakville,2003 October,Studio,703,a
3524001,Oakville,2003 October,1 Bedroom,917,a
3524001,Oakville,2003 October,2 Bedroom,"1,058",a
3524001,Oakville,2003 October,3 Bedroom +,"1,249",a
3524001,Oakville,2003 October,Total,"1,039",a
3524001,Oakville,2004 October,Studio,724,a
3524001,Oakville,2004 October,1 Bedroom,918,a
3524001,Oakville,2004 October,2 Bedroom,"1,073",a
3524001,Oakville,2004 October,3 Bedroom +,"1,182",a
3524001,Oakville,2004 October,Total,"1,032",a
3524001,Oakville,2005 October,Studio,731,a
3524001,Oakville,2005 October,1 Bedroom,905,a
3524001,Oakville,2005 October,2 Bedroom,"1,064",a
3524001,Oakville,2005 October,3 Bedroom +,"1,227",a
3524001,Oakville,2005 October,Total,"1,029",a
3524001,Oakville,2006 October,Studio,728,a
3524001,Oakville,2006 October,1 Bedroom,924,a
3524001,Oakville,2006 October,2 Bedroom,"1,081",a
3524001,Oakville,2006 October,3 Bedroom +,"1,212",a
3524001,Oakville,2006 October,Total,"1,053",a
3524001,Oakville,2007 October,Studio,755,a
3524001,Oakville,2007 October,1 Bedroom,951,a
3524001,Oakville,2007 October,2 Bedroom,"1,099",a
3524001,Oakville,2007 October,3 Bedroom +,"1,243",a
3524001,Oakville,2007 October,Total,"1,057",a
3524001,Oakville,2008 October,Studio,761,a
3524001,Oakville,2008 October,1 Bedroom,953,a
3524001,Oakville,2008 October,2 Bedroom,"1,126",a
3524001,Oakville,2008 October,3 Bedroom +,"1,240",a
3524001,Oakville,2008 October,Total,"1,082",a
3524001,Oakville,2009 October,Studio,769,a
3524001,Oakville,2009 October,1 Bedroom,979,a
3524001,Oakville,2009 October,2 Bedroom,"1,136",a
3524001,Oakville,2009 October,3 Bedroom +,"1,292",a
3524001,Oakville,2009 October,Total,"1,102",a
3524001,Oakville,2010 October,Studio,790,a
3524001,Oakville,2010 October,1 Bedroom,980,a
3524001,Oakville,2010 October,2 Bedroom,"1,147",a
3524001,Oakville,2010 October,3 Bedroom +,"1,298",a
3524001,Oakville,2010 October,Total,"1,104",a
3524001,Oakville,2011 October,Studio,775,a
3524001,Oakville,2011 October,1 Bedroom,997,a
3524001,Oakville,2011 October,2 Bedroom,"1,177",a
3524001,Oakville,2011 October,3 Bedroom +,"1,345",a
3524001,Oakville,2011 October,Total,"1,133",a
3524001,Oakville,2012 October,Studio,855,a
3524001,Oakville,2012 October,1 Bedroom,"1,081",a
3524001,Oakville,2012 October,2 Bedroom,"1,250",a
3524001,Oakville,2012 October,3 Bedroom +,"1,406",a
3524001,Oakville,2012 October,Total,"1,207",a
3524001,Oakville,2013 October,Studio,886,a
3524001,Oakville,2013 October,1 Bedroom,"1,099",a
3524001,Oakville,2013 October,2 Bedroom,"1,275",a
3524001,Oakville,2013 October,3 Bedroom +,"1,432",b
3524001,Oakville,2013 October,Total,"1,224",a
3524001,Oakville,2014 October,Studio,912,a
3524001,Oakville,2014 October,1 Bedroom,"1,131",a
3524001,Oakville,2014 October,2 Bedroom,"1,312",a
3524001,Oakville,2014 October,3 Bedroom +,"1,496",a
3524001,Oakville,2014 October,Total,"1,269",a
3524001,Oakville,2015 October,Studio,930,a
3524001,Oakville,2015 October,1 Bedroom,"1,157",a
3524001,Oakville,2015 October,2 Bedroom,"1,350",a
3524001,Oakville,2015 October,3 Bedroom +,"1,548",b
3524001,Oakville,2015 October,Total,"1,301",a
3524001,Oakville,2016 October,Studio,977,b
3524001,Oakville,2016 October,1 Bedroom,"1,214",a
3524001,Oakville,2016 October,2 Bedroom,"1,412",a
3524001,Oakville,2016 October,3 Bedroom +,"1,632",b
3524001,Oakville,2016 October,Total,"1,372",a
3524001,Oakville,2017 October,Studio,984,a
3524001,Oakville,2017 October,1 Bedroom,"1,257",a
3524001,Oakville,2017 October,2 Bedroom,"1,456",a
3524001,Oakville,2017 October,3 Bedroom +,"1,764",b
3524001,Oakville,2017 October,Total,"1,421",a
3524001,Oakville,2018 October,Studio,"1,047",a
3524001,Oakville,2018 October,1 Bedroom,"1,310",a
3524001,Oakville,2018 October,2 Bedroom,"1,498",a
3524001,Oakville,2018 October,3 Bedroom +,"1,719",b
3524001,Oakville,2018 October,Total,"1,454",a
3524001,Oakville,2019 October,Studio,"1,123",a
3524001,Oakville,2019 October,1 Bedroom,"1,387",a
3524001,Oakville,2019 October,2 Bedroom,"1,592",a
3524001,Oakville,2019 October,3 Bedroom +,"1,972",a
3524001,Oakville,2019 October,Total,"1,562",a
3524001,Oakville,2020 October,Studio,"1,172",a
3524001,Oakville,2020 October,1 Bedroom,"1,472",a
3524001,Oakville,2020 October,2 Bedroom,"1,746",a
3524001,Oakville,2020 October,3 Bedroom +,"2,062",a
3524001,Oakville,2020 October,Total,"1,694",a
3524001,Oakville,2021 October,Studio,"1,230",a
3524001,Oakville,2021 October,1 Bedroom,"1,489",a
3524001,Oakville,2021 October,2 Bedroom,"1,801",a
3524001,Oakville,2021 October,3 Bedroom +,"1,959",a
3524001,Oakville,2021 October,Total,"1,713",a
3524001,Oakville,2022 October,Studio,"1,161",b
3524001,Oakville,2022 October,1 Bedroom,"1,542",a
3524001,Oakville,2022 October,2 Bedroom,"1,896",a
3524001,Oakville,2022 October,3 Bedroom +,"1,939",a
3524001,Oakville,2022 October,Total,"1,783",a
3524001,Oakville,2023 October,Studio,"1,299",c
3524001,Oakville,2023 October,1 Bedroom,"1,680",a
3524001,Oakville,2023 October,2 Bedroom,"1,980",a
3524001,Oakville,2023 October,3 Bedroom +,"2,386",b
3524001,Oakville,2023 October,Total,"1,925",a
3524001,Oakville,2024 October,Studio,"1,317",a
3524001,Oakville,2024 October,1 Bedroom,"1,888",a
3524001,Oakville,2024 October,2 Bedroom,"2,226",a
3524001,Oakville,2024 October,3 Bedroom +,"2,297",b
3524001,Oakville,2024 October,Total,"2,116",a
3524001,Oakville,2025 October,Studio,"1,477",a
3524001,Oakville,2025 October,1 Bedroom,"1,915",a
3524001,Oakville,2025 October,2 Bedroom,"2,309",b
3524001,Oakville,2025 October,3 Bedroom +,"2,385",b
3524001,Oakville,2025 October,Total,"2,192",b
3524009,Milton,1990 October,Studio,349,b
3524009,Milton,1990 October,1 Bedroom,499,a
3524009,Milton,1990 October,2 Bedroom,602,b
3524009,Milton,1990 October,3 Bedroom +,655,a
3524009,Milton,1990 October,Total,552,a
3524009,Milton,1991 October,Studio,376,b
3524009,Milton,1991 October,1 Bedroom,536,a
3524009,Milton,1991 October,2 Bedroom,628,b
3524009,Milton,1991 October,3 Bedroom +,674,a
3524009,Milton,1991 October,Total,584,a
3524009,Milton,1992 October,Studio,406,b
3524009,Milton,1992 October,1 Bedroom,551,b
3524009,Milton,1992 October,2 Bedroom,635,b
3524009,Milton,1992 October,3 Bedroom +,**,
3524009,Milton,1992 October,Total,591,b
3524009,Milton,1993 October,Studio,451,a
3524009,Milton,1993 October,1 Bedroom,578,a
3524009,Milton,1993 October,2 Bedroom,676,b
3524009,Milton,1993 October,3 Bedroom +,686,a
3524009,Milton,1993 October,Total,625,a
3524009,Milton,1994 October,Studio,468,a
3524009,Milton,1994 October,1 Bedroom,608,a
3524009,Milton,1994 October,2 Bedroom,723,b
3524009,Milton,1994 October,3 Bedroom +,783,b
3524009,Milton,1994 October,Total,666,b
3524009,Milton,1995 October,Studio,439,b
3524009,Milton,1995 October,1 Bedroom,623,a
3524009,Milton,1995 October,2 Bedroom,728,b
3524009,Milton,1995 October,3 Bedroom +,**,
3524009,Milton,1995 October,Total,674,a
3524009,Milton,1996 October,Studio,450,a
3524009,Milton,1996 October,1 Bedroom,652,a
3524009,Milton,1996 October,2 Bedroom,749,b
3524009,Milton,1996 October,3 Bedroom +,**,
3524009,Milton,1996 October,Total,699,a
3524009,Milton,1997 October,Studio,468,a
3524009,Milton,1997 October,1 Bedroom,646,a
3524009,Milton,1997 October,2 Bedroom,740,b
3524009,Milton,1997 October,3 Bedroom +,**,
3524009,Milton,1997 October,Total,691,b
3524009,Milton,1998 October,Studio,463,a
3524009,Milton,1998 October,1 Bedroom,680,b
3524009,Milton,1998 October,2 Bedroom,798,b
3524009,Milton,1998 October,3 Bedroom +,**,
3524009,Milton,1998 October,Total,738,b
3524009,Milton,1999 October,Studio,477,a
3524009,Milton,1999 October,1 Bedroom,746,b
3524009,Milton,1999 October,2 Bedroom,868,b
3524009,Milton,1999 October,3 Bedroom +,**,
3524009,Milton,1999 October,Total,805,b
3524009,Milton,2000 October,Studio,531,a
3524009,Milton,2000 October,1 Bedroom,797,a
3524009,Milton,2000 October,2 Bedroom,904,a
3524009,Milton,2000 October,3 Bedroom +,**,
3524009,Milton,2000 October,Total,848,a
3524009,Milton,2001 October,Studio,494,a
3524009,Milton,2001 October,1 Bedroom,723,b
3524009,Milton,2001 October,2 Bedroom,822,b
3524009,Milton,2001 October,3 Bedroom +,**,
3524009,Milton,2001 October,Total,772,b
3524009,Milton,2002 October,Studio,564,b
3524009,Milton,2002 October,1 Bedroom,825,a
3524009,Milton,2002 October,2 Bedroom,913,a
3524009,Milton,2002 October,3 Bedroom +,**,
3524009,Milton,2002 October,Total,866,a
3524009,Milton,2003 October,Studio,581,a
3524009,Milton,2003 October,1 Bedroom,825,a
3524009,Milton,2003 October,2 Bedroom,919,b
3524009,Milton,2003 October,3 Bedroom +,**,
3524009,Milton,2003 October,Total,867,a
3524009,Milton,2004 October,Studio,640,b
3524009,Milton,2004 October,1 Bedroom,846,a
3524009,Milton,2004 October,2 Bedroom,953,a
3524009,Milton,2004 October,3 Bedroom +,**,
3524009,Milton,2004 October,Total,899,a
3524009,Milton,2005 October,Studio,635,a
3524009,Milton,2005 October,1 Bedroom,847,a
3524009,Milton,2005 October,2 Bedroom,959,a
3524009,Milton,2005 October,3 Bedroom +,**,
3524009,Milton,2005 October,Total,909,a
3524009,Milton,2006 October,Studio,659,a
3524009,Milton,2006 October,1 Bedroom,887,a
3524009,Milton,2006 October,2 Bedroom,"1,010",b
3524009,Milton,2006 October,3 Bedroom +,**,
3524009,Milton,2006 October,Total,955,b
3524009,Milton,2007 October,Studio,596,a
3524009,Milton,2007 October,1 Bedroom,901,a
3524009,Milton,2007 October,2 Bedroom,"1,012",a
3524009,Milton,2007 October,3 Bedroom +,**,
3524009,Milton,2007 October,Total,967,a
3524009,Milton,2008 October,Studio,652,b
3524009,Milton,2008 October,1 Bedroom,901,a
3524009,Milton,2008 October,2 Bedroom,"1,003",a
3524009,Milton,2008 October,3 Bedroom +,**,
3524009,Milton,2008 October,Total,956,a
3524009,Milton,2009 October,Studio,**,
3524009,Milton,2009 October,1 Bedroom,940,a
3524009,Milton,2009 October,2 Bedroom,"1,096",a
3524009,Milton,2009 October,3 Bedroom +,**,
3524009,Milton,2009 October,Total,"1,017",a
3524009,Milton,2010 October,Studio,**,
3524009,Milton,2010 October,1 Bedroom,968,a
3524009,Milton,2010 October,2 Bedroom,"1,106",a
3524009,Milton,2010 October,3 Bedroom +,**,
3524009,Milton,2010 October,Total,"1,039",a
3524009,Milton,2011 October,Studio,**,
3524009,Milton,2011 October,1 Bedroom,977,a
3524009,Milton,2011 October,2 Bedroom,"1,108",a
3524009,Milton,2011 October,3 Bedroom +,**,
3524009,Milton,2011 October,Total,"1,050",a
3524009,Milton,2012 October,Studio,**,
3524009,Milton,2012 October,1 Bedroom,997,a
3524009,Milton,2012 October,2 Bedroom,"1,144",a
3524009,Milton,2012 October,3 Bedroom +,**,
3524009,Milton,2012 October,Total,"1,072",a
3524009,Milton,2013 October,Studio,**,
3524009,Milton,2013 October,1 Bedroom,"1,019",a
3524009,Milton,2013 October,2 Bedroom,"1,141",a
3524009,Milton,2013 October,3 Bedroom +,**,
3524009,Milton,2013 October,Total,"1,082",a
3524009,Milton,2014 October,Studio,752,b
3524009,Milton,2014 October,1 Bedroom,"1,032",a
3524009,Milton,2014 October,2 Bedroom,"1,148",a
3524009,Milton,2014 October,3 Bedroom +,**,
3524009,Milton,2014 October,Total,"1,090",a
3524009,Milton,2015 October,Studio,768,a
3524009,Milton,2015 October,1 Bedroom,"1,069",a
3524009,Milton,2015 October,2 Bedroom,"1,185",a
3524009,Milton,2015 October,3 Bedroom +,**,
3524009,Milton,2015 October,Total,"1,130",a
3524009,Milton,2016 October,Studio,**,
3524009,Milton,2016 October,1 Bedroom,"1,103",a
3524009,Milton,2016 October,2 Bedroom,"1,254",a
3524009,Milton,2016 October,3 Bedroom +,**,
3524009,Milton,2016 October,Total,"1,182",a
3524009,Milton,2017 October,Studio,**,
3524009,Milton,2017 October,1 Bedroom,"1,151",b
3524009,Milton,2017 October,2 Bedroom,"1,249",b
3524009,Milton,2017 October,3 Bedroom +,**,
3524009,Milton,2017 October,Total,"1,206",b
3524009,Milton,2018 October,Studio,**,
3524009,Milton,2018 October,1 Bedroom,"1,181",b
3524009,Milton,2018 October,2 Bedroom,"1,273",b
3524009,Milton,2018 October,3 Bedroom +,**,
3524009,Milton,2018 October,Total,"1,234",b
3524009,Milton,2019 October,Studio,**,
3524009,Milton,2019 October,1 Bedroom,"1,210",b
3524009,Milton,2019 October,2 Bedroom,"1,340",b
3524009,Milton,2019 October,3 Bedroom +,**,
3524009,Milton,2019 October,Total,"1,285",b
3524009,Milton,2020 October,Studio,**,
3524009,Milton,2020 October,1 Bedroom,"1,273",b
3524009,Milton,2020 October,2 Bedroom,"1,402",b
3524009,Milton,2020 October,3 Bedroom +,**,
3524009,Milton,2020 October,Total,"1,345",b
3524009,Milton,2021 October,Studio,**,
3524009,Milton,2021 October,1 Bedroom,"1,283",a
3524009,Milton,2021 October,2 Bedroom,"1,440",a
3524009,Milton,2021 October,3 Bedroom +,**,
3524009,Milton,2021 October,Total,"1,362",a
3524009,Milton,2022 October,Studio,**,
3524009,Milton,2022 October,1 Bedroom,"1,378",a
3524009,Milton,2022 October,2 Bedroom,"1,646",a
3524009,Milton,2022 October,3 Bedroom +,"1,508",a
3524009,Milton,2022 October,Total,"1,512",a
3524009,Milton,2023 October,Studio,**,
3524009,Milton,2023 October,1 Bedroom,"1,451",b
3524009,Milton,2023 October,2 Bedroom,"1,626",b
3524009,Milton,2023 October,3 Bedroom +,**,
3524009,Milton,2023 October,Total,"1,531",b
3524009,Milton,2024 October,Studio,**,
3524009,Milton,2024 October,1 Bedroom,"1,655",b
3524009,Milton,2024 October,2 Bedroom,"1,762",b
3524009,Milton,2024 October,3 Bedroom +,**,
3524009,Milton,2024 October,Total,"1,703",b
3524009,Milton,2025 October,Studio,**,
3524009,Milton,2025 October,1 Bedroom,"1,670",b
3524009,Milton,2025 October,2 Bedroom,"1,801",b
3524009,Milton,2025 October,3 Bedroom +,**,
3524009,Milton,2025 October,Total,"1,735",b
3524015,Halton Hills,1990 October,Studio,384,b
3524015,Halton Hills,1990 October,1 Bedroom,468,a
3524015,Halton Hills,1990 October,2 Bedroom,622,a
3524015,Halton Hills,1990 October,3 Bedroom +,822,a
3524015,Halton Hills,1990 October,Total,581,a
3524015,Halton Hills,1991 October,Studio,383,b
3524015,Halton Hills,1991 October,1 Bedroom,489,a
3524015,Halton Hills,1991 October,2 Bedroom,641,a
3524015,Halton Hills,1991 October,3 Bedroom +,931,a
3524015,Halton Hills,1991 October,Total,614,a
3524015,Halton Hills,1992 October,Studio,408,b
3524015,Halton Hills,1992 October,1 Bedroom,534,a
3524015,Halton Hills,1992 October,2 Bedroom,681,a
3524015,Halton Hills,1992 October,3 Bedroom +,866,a
3524015,Halton Hills,1992 October,Total,649,a
3524015,Halton Hills,1993 October,Studio,**,
3524015,Halton Hills,1993 October,1 Bedroom,529,a
3524015,Halton Hills,1993 October,2 Bedroom,678,a
3524015,Halton Hills,1993 October,3 Bedroom +,864,a
3524015,Halton Hills,1993 October,Total,651,a
3524015,Halton Hills,1994 October,Studio,446,b
3524015,Halton Hills,1994 October,1 Bedroom,563,a
3524015,Halton Hills,1994 October,2 Bedroom,709,a
3524015,Halton Hills,1994 October,3 Bedroom +,910,a
3524015,Halton Hills,1994 October,Total,685,a
3524015,Halton Hills,1995 October,Studio,463,c
3524015,Halton Hills,1995 October,1 Bedroom,562,a
3524015,Halton Hills,1995 October,2 Bedroom,713,a
3524015,Halton Hills,1995 October,3 Bedroom +,916,a
3524015,Halton Hills,1995 October,Total,688,a
3524015,Halton Hills,1996 October,Studio,534,b
3524015,Halton Hills,1996 October,1 Bedroom,595,a
3524015,Halton Hills,1996 October,2 Bedroom,730,a
3524015,Halton Hills,1996 October,3 Bedroom +,896,a
3524015,Halton Hills,1996 October,Total,704,a
3524015,Halton Hills,1997 October,Studio,538,b
3524015,Halton Hills,1997 October,1 Bedroom,609,a
3524015,Halton Hills,1997 October,2 Bedroom,725,a
3524015,Halton Hills,1997 October,3 Bedroom +,914,a
3524015,Halton Hills,1997 October,Total,709,a
3524015,Halton Hills,1998 October,Studio,484,b
3524015,Halton Hills,1998 October,1 Bedroom,621,a
3524015,Halton Hills,1998 October,2 Bedroom,757,a
3524015,Halton Hills,1998 October,3 Bedroom +,918,a
3524015,Halton Hills,1998 October,Total,724,a
3524015,Halton Hills,1999 October,Studio,536,d
3524015,Halton Hills,1999 October,1 Bedroom,625,a
3524015,Halton Hills,1999 October,2 Bedroom,802,a
3524015,Halton Hills,1999 October,3 Bedroom +,962,a
3524015,Halton Hills,1999 October,Total,766,a
3524015,Halton Hills,2000 October,Studio,556,b
3524015,Halton Hills,2000 October,1 Bedroom,672,a
3524015,Halton Hills,2000 October,2 Bedroom,813,a
3524015,Halton Hills,2000 October,3 Bedroom +,959,a
3524015,Halton Hills,2000 October,Total,782,a
3524015,Halton Hills,2001 October,Studio,538,a
3524015,Halton Hills,2001 October,1 Bedroom,741,a
3524015,Halton Hills,2001 October,2 Bedroom,850,a
3524015,Halton Hills,2001 October,3 Bedroom +,"1,070",a
3524015,Halton Hills,2001 October,Total,834,a
3524015,Halton Hills,2002 October,Studio,527,a
3524015,Halton Hills,2002 October,1 Bedroom,749,a
3524015,Halton Hills,2002 October,2 Bedroom,876,a
3524015,Halton Hills,2002 October,3 Bedroom +,"1,038",a
3524015,Halton Hills,2002 October,Total,842,a
3524015,Halton Hills,2003 October,Studio,550,a
3524015,Halton Hills,2003 October,1 Bedroom,741,a
3524015,Halton Hills,2003 October,2 Bedroom,982,a
3524015,Halton Hills,2003 October,3 Bedroom +,"1,127",a
3524015,Halton Hills,2003 October,Total,920,a
3524015,Halton Hills,2004 October,Studio,599,a
3524015,Halton Hills,2004 October,1 Bedroom,758,a
3524015,Halton Hills,2004 October,2 Bedroom,914,a
3524015,Halton Hills,2004 October,3 Bedroom +,"1,060",a
3524015,Halton Hills,2004 October,Total,874,a
3524015,Halton Hills,2005 October,Studio,604,b
3524015,Halton Hills,2005 October,1 Bedroom,739,a
3524015,Halton Hills,2005 October,2 Bedroom,935,a
3524015,Halton Hills,2005 October,3 Bedroom +,"1,135",a
3524015,Halton Hills,2005 October,Total,892,a
3524015,Halton Hills,2006 October,Studio,587,a
3524015,Halton Hills,2006 October,1 Bedroom,767,a
3524015,Halton Hills,2006 October,2 Bedroom,935,a
3524015,Halton Hills,2006 October,3 Bedroom +,"1,101",a
3524015,Halton Hills,2006 October,Total,908,a
3524015,Halton Hills,2007 October,Studio,645,b
3524015,Halton Hills,2007 October,1 Bedroom,786,a
3524015,Halton Hills,2007 October,2 Bedroom,964,a
3524015,Halton Hills,2007 October,3 Bedroom +,"1,205",a
3524015,Halton Hills,2007 October,Total,917,a
3524015,Halton Hills,2008 October,Studio,627,a
3524015,Halton Hills,2008 October,1 Bedroom,793,a
3524015,Halton Hills,2008 October,2 Bedroom,960,a
3524015,Halton Hills,2008 October,3 Bedroom +,"1,221",a
3524015,Halton Hills,2008 October,Total,908,a
3524015,Halton Hills,2009 October,Studio,654,a
3524015,Halton Hills,2009 October,1 Bedroom,815,a
3524015,Halton Hills,2009 October,2 Bedroom,964,a
3524015,Halton Hills,2009 October,3 Bedroom +,"1,227",a
3524015,Halton Hills,2009 October,Total,919,a
3524015,Halton Hills,2010 October,Studio,657,a
3524015,Halton Hills,2010 October,1 Bedroom,816,a
3524015,Halton Hills,2010 October,2 Bedroom,986,a
3524015,Halton Hills,2010 October,3 Bedroom +,"1,246",a
3524015,Halton Hills,2010 October,Total,941,a
3524015,Halton Hills,2011 October,Studio,680,a
3524015,Halton Hills,2011 October,1 Bedroom,840,a
3524015,Halton Hills,2011 October,2 Bedroom,"1,009",a
3524015,Halton Hills,2011 October,3 Bedroom +,"1,290",a
3524015,Halton Hills,2011 October,Total,969,a
3524015,Halton Hills,2012 October,Studio,**,
3524015,Halton Hills,2012 October,1 Bedroom,827,a
3524015,Halton Hills,2012 October,2 Bedroom,"1,024",a
3524015,Halton Hills,2012 October,3 Bedroom +,"1,329",a
3524015,Halton Hills,2012 October,Total,976,a
3524015,Halton Hills,2013 October,Studio,686,a
3524015,Halton Hills,2013 October,1 Bedroom,845,a
3524015,Halton Hills,2013 October,2 Bedroom,"1,059",a
3524015,Halton Hills,2013 October,3 Bedroom +,"1,377",a
3524015,Halton Hills,2013 October,Total,995,a
3524015,Halton Hills,2014 October,Studio,695,b
3524015,Halton Hills,2014 October,1 Bedroom,867,a
3524015,Halton Hills,2014 October,2 Bedroom,"1,097",a
3524015,Halton Hills,2014 October,3 Bedroom +,"1,426",a
3524015,Halton Hills,2014 October,Total,"1,035",a
3524015,Halton Hills,2015 October,Studio,**,
3524015,Halton Hills,2015 October,1 Bedroom,906,a
3524015,Halton Hills,2015 October,2 Bedroom,"1,121",a
3524015,Halton Hills,2015 October,3 Bedroom +,"1,444",b
3524015,Halton Hills,2015 October,Total,"1,062",a
3524015,Halton Hills,2016 October,Studio,697,a
3524015,Halton Hills,2016 October,1 Bedroom,917,a
3524015,Halton Hills,2016 October,2 Bedroom,"1,140",a
3524015,Halton Hills,2016 October,3 Bedroom +,"1,528",a
3524015,Halton Hills,2016 October,Total,"1,079",a
3524015,Halton Hills,2017 October,Studio,690,a
3524015,Halton Hills,2017 October,1 Bedroom,936,b
3524015,Halton Hills,2017 October,2 Bedroom,"1,172",a
3524015,Halton Hills,2017 October,3 Bedroom +,"1,603",a
3524015,Halton Hills,2017 October,Total,"1,095",a
3524015,Halton Hills,2018 October,Studio,759,a
3524015,Halton Hills,2018 October,1 Bedroom,985,b
3524015,Halton Hills,2018 October,2 Bedroom,"1,197",a
3524015,Halton Hills,2018 October,3 Bedroom +,"1,672",a
3524015,Halton Hills,2018 October,Total,"1,141",a
3524015,Halton Hills,2019 October,Studio,**,
3524015,Halton Hills,2019 October,1 Bedroom,"1,024",b
3524015,Halton Hills,2019 October,2 Bedroom,"1,261",a
3524015,Halton Hills,2019 October,3 Bedroom +,"1,700",a
3524015,Halton Hills,2019 October,Total,"1,205",a
3524015,Halton Hills,2020 October,Studio,**,
3524015,Halton Hills,2020 October,1 Bedroom,"1,068",b
3524015,Halton Hills,2020 October,2 Bedroom,"1,303",a
3524015,Halton Hills,2020 October,3 Bedroom +,"1,661",a
3524015,Halton Hills,2020 October,Total,"1,245",a
3524015,Halton Hills,2021 October,Studio,**,
3524015,Halton Hills,2021 October,1 Bedroom,"1,048",b
3524015,Halton Hills,2021 October,2 Bedroom,"1,331",c
3524015,Halton Hills,2021 October,3 Bedroom +,**,
3524015,Halton Hills,2021 October,Total,"1,280",c
3524015,Halton Hills,2022 October,Studio,**,
3524015,Halton Hills,2022 October,1 Bedroom,"1,215",b
3524015,Halton Hills,2022 October,2 Bedroom,"1,437",a
3524015,Halton Hills,2022 October,3 Bedroom +,**,
3524015,Halton Hills,2022 October,Total,"1,385",b
3524015,Halton Hills,2023 October,Studio,**,
3524015,Halton Hills,2023 October,1 Bedroom,**,
3524015,Halton Hills,2023 October,2 Bedroom,"1,176",a
3524015,Halton Hills,2023 October,3 Bedroom +,**,
3524015,Halton Hills,2023 October,Total,"1,155",a
3524015,Halton Hills,2024 October,Studio,**,
3524015,Halton Hills,2024 October,1 Bedroom,"1,188",b
3524015,Halton Hills,2024 October,2 Bedroom,"1,371",a
3524015,Halton Hills,2024 October,3 Bedroom +,**,
3524015,Halton Hills,2024 October,Total,"1,313",b
3524015,Halton Hills,2025 October,Studio,**,
3524015,Halton Hills,2025 October,1 Bedroom,"1,214",b
3524015,Halton Hills,2025 October,2 Bedroom,"1,531",a
3524015,Halton Hills,2025 October,3 Bedroom +,**,
3524015,Halton Hills,2025 October,Total,"1,433",b
