csd_code,municipality,survey_period,bedroom_type,value,reliability
3520005,Toronto,1998 October,Studio,1.2,a
3520005,Toronto,1998 October,1 Bedroom,0.8,a
3520005,Toronto,1998 October,2 Bedroom,0.7,a
3520005,Toronto,1998 October,3 Bedroom +,1.2,a
3520005,Toronto,1998 October,Total,0.9,a
3520005,Toronto,1999 October,Studio,0.9,a
3520005,Toronto,1999 October,1 Bedroom,0.8,a
3520005,Toronto,1999 October,2 Bedroom,0.9,a
3520005,Toronto,1999 October,3 Bedroom +,1.5,a
3520005,Toronto,1999 October,Total,0.9,a
3520005,Toronto,2000 October,Studio,0.7,a
3520005,Toronto,2000 October,1 Bedroom,0.6,a
3520005,Toronto,2000 October,2 Bedroom,0.6,a
3520005,Toronto,2000 October,3 Bedroom +,0.8,a
3520005,Toronto,2000 October,Total,0.6,a
3520005,Toronto,2001 October,Studio,1.2,a
3520005,Toronto,2001 October,1 Bedroom,0.9,a
3520005,Toronto,2001 October,2 Bedroom,0.7,a
3520005,Toronto,2001 October,3 Bedroom +,0.8,a
3520005,Toronto,2001 October,Total,0.9,a
3520005,Toronto,2002 October,Studio,2.8,a
3520005,Toronto,2002 October,1 Bedroom,2.6,a
3520005,Toronto,2002 October,2 Bedroom,2.2,a
3520005,Toronto,2002 October,3 Bedroom +,2.5,a
3520005,Toronto,2002 October,Total,2.5,a
3520005,Toronto,2003 October,Studio,4.2,b
3520005,Toronto,2003 October,1 Bedroom,4.0,a
3520005,Toronto,2003 October,2 Bedroom,3.7,a
3520005,Toronto,2003 October,3 Bedroom +,4.0,a
3520005,Toronto,2003 October,Total,3.9,a
3520005,Toronto,2004 October,Studio,4.1,a
3520005,Toronto,2004 October,1 Bedroom,4.3,a
3520005,Toronto,2004 October,2 Bedroom,4.4,a
3520005,Toronto,2004 October,3 Bedroom +,4.5,a
3520005,Toronto,2004 October,Total,4.4,a
3520005,Toronto,2005 October,Studio,4.3,b
3520005,Toronto,2005 October,1 Bedroom,3.8,a
3520005,Toronto,2005 October,2 Bedroom,3.6,a
3520005,Toronto,2005 October,3 Bedroom +,4.1,a
3520005,Toronto,2005 October,Total,3.8,a
3520005,Toronto,2006 October,Studio,3.5,a
3520005,Toronto,2006 October,1 Bedroom,3.6,a
3520005,Toronto,2006 October,2 Bedroom,3.1,a
3520005,Toronto,2006 October,3 Bedroom +,3.6,b
3520005,Toronto,2006 October,Total,3.4,a
3520005,Toronto,2007 October,Studio,2.8,a
3520005,Toronto,2007 October,1 Bedroom,3.2,a
3520005,Toronto,2007 October,2 Bedroom,3.4,a
3520005,Toronto,2007 October,3 Bedroom +,4.7,a
3520005,Toronto,2007 October,Total,3.4,a
3520005,Toronto,2008 October,Studio,2.1,a
3520005,Toronto,2008 October,1 Bedroom,2.0,a
3520005,Toronto,2008 October,2 Bedroom,1.9,a
3520005,Toronto,2008 October,3 Bedroom +,2.2,a
3520005,Toronto,2008 October,Total,2.0,a
3520005,Toronto,2009 October,Studio,5.0,a
3520005,Toronto,2009 October,1 Bedroom,3.0,a
3520005,Toronto,2009 October,2 Bedroom,2.9,a
3520005,Toronto,2009 October,3 Bedroom +,2.8,a
3520005,Toronto,2009 October,Total,3.1,a
3520005,Toronto,2010 October,Studio,2.3,a
3520005,Toronto,2010 October,1 Bedroom,2.4,a
3520005,Toronto,2010 October,2 Bedroom,2.0,a
3520005,Toronto,2010 October,3 Bedroom +,1.8,a
3520005,Toronto,2010 October,Total,2.2,a
3520005,Toronto,2011 October,Studio,1.5,a
3520005,Toronto,2011 October,1 Bedroom,1.5,a
3520005,Toronto,2011 October,2 Bedroom,1.3,a
3520005,Toronto,2011 October,3 Bedroom +,1.7,a
3520005,Toronto,2011 October,Total,1.4,a
3520005,Toronto,2012 October,Studio,1.5,a
3520005,Toronto,2012 October,1 Bedroom,1.8,a
3520005,Toronto,2012 October,2 Bedroom,1.7,a
3520005,Toronto,2012 October,3 Bedroom +,1.8,a
3520005,Toronto,2012 October,Total,1.7,a
3520005,Toronto,2013 October,Studio,1.9,a
3520005,Toronto,2013 October,1 Bedroom,1.7,a
3520005,Toronto,2013 October,2 Bedroom,1.4,a
3520005,Toronto,2013 October,3 Bedroom +,1.7,a
3520005,Toronto,2013 October,Total,1.6,a
3520005,Toronto,2014 October,Studio,1.5,a
3520005,Toronto,2014 October,1 Bedroom,1.8,a
3520005,Toronto,2014 October,2 Bedroom,1.4,a
3520005,Toronto,2014 October,3 Bedroom +,1.3,a
3520005,Toronto,2014 October,Total,1.6,a
3520005,Toronto,2015 October,Studio,1.9,a
3520005,Toronto,2015 October,1 Bedroom,1.7,a
3520005,Toronto,2015 October,2 Bedroom,1.5,a
3520005,Toronto,2015 October,3 Bedroom +,1.5,a
3520005,Toronto,2015 October,Total,1.6,a
3520005,Toronto,2016 October,Studio,1.5,a
3520005,Toronto,2016 October,1 Bedroom,1.3,a
3520005,Toronto,2016 October,2 Bedroom,1.2,a
3520005,Toronto,2016 October,3 Bedroom +,1.9,a
3520005,Toronto,2016 October,Total,1.3,a
3520005,Toronto,2017 October,Studio,1.2,a
3520005,Toronto,2017 October,1 Bedroom,1.1,a
3520005,Toronto,2017 October,2 Bedroom,0.9,a
3520005,Toronto,2017 October,3 Bedroom +,1.2,a
3520005,Toronto,2017 October,Total,1.1,a
3520005,Toronto,2018 October,Studio,1.6,a
3520005,Toronto,2018 October,1 Bedroom,1.2,a
3520005,Toronto,2018 October,2 Bedroom,0.9,a
3520005,Toronto,2018 October,3 Bedroom +,1.0,d
3520005,Toronto,2018 October,Total,1.1,a
3520005,Toronto,2019 October,Studio,2.1,a
3520005,Toronto,2019 October,1 Bedroom,1.7,a
3520005,Toronto,2019 October,2 Bedroom,1.3,a
3520005,Toronto,2019 October,3 Bedroom +,0.9,a
3520005,Toronto,2019 October,Total,1.5,a
3520005,Toronto,2020 October,Studio,5.7,a
3520005,Toronto,2020 October,1 Bedroom,4.3,a
3520005,Toronto,2020 October,2 Bedroom,2.8,a
3520005,Toronto,2020 October,3 Bedroom +,2.3,a
3520005,Toronto,2020 October,Total,3.6,a
3520005,Toronto,2021 October,Studio,8.2,b
3520005,Toronto,2021 October,1 Bedroom,6.1,a
3520005,Toronto,2021 October,2 Bedroom,3.4,a
3520005,Toronto,2021 October,3 Bedroom +,2.3,a
3520005,Toronto,2021 October,Total,4.9,a
3520005,Toronto,2022 October,Studio,2.7,a
3520005,Toronto,2022 October,1 Bedroom,1.9,a
3520005,Toronto,2022 October,2 Bedroom,1.3,a
3520005,Toronto,2022 October,3 Bedroom +,1.2,a
3520005,Toronto,2022 October,Total,1.7,a
3520005,Toronto,2023 October,Studio,1.7,a
3520005,Toronto,2023 October,1 Bedroom,1.7,a
3520005,Toronto,2023 October,2 Bedroom,1.0,a
3520005,Toronto,2023 October,3 Bedroom +,1.0,a
3520005,Toronto,2023 October,Total,1.4,a
3520005,Toronto,2024 October,Studio,4.5,b
3520005,Toronto,2024 October,1 Bedroom,2.7,a
3520005,Toronto,2024 October,2 Bedroom,1.7,a
3520005,Toronto,2024 October,3 Bedroom +,1.3,a
3520005,Toronto,2024 October,Total,2.3,a
3520005,Toronto,2025 October,Studio,4.2,a
3520005,Toronto,2025 October,1 Bedroom,3.5,a
3520005,Toronto,2025 October,2 Bedroom,2.1,a
3520005,Toronto,2025 October,3 Bedroom +,1.7,b
3520005,Toronto,2025 October,Total,2.8,a
3521005,Mississauga,1990 October,Studio,0.0,b
3521005,Mississauga,1990 October,1 Bedroom,2.1,a
3521005,Mississauga,1990 October,2 Bedroom,2.3,a
3521005,Mississauga,1990 October,3 Bedroom +,3.0,a
3521005,Mississauga,1990 October,Total,2.3,a
3521005,Mississauga,1991 October,Studio,2.4,b
3521005,Mississauga,1991 October,1 Bedroom,1.5,a
3521005,Mississauga,1991 October,2 Bedroom,3.7,a
3521005,Mississauga,1991 October,3 Bedroom +,2.4,a
3521005,Mississauga,1991 October,Total,2.8,a
3521005,Mississauga,1992 October,Studio,2.6,b
3521005,Mississauga,1992 October,1 Bedroom,2.0,a
3521005,Mississauga,1992 October,2 Bedroom,3.6,a
3521005,Mississauga,1992 October,3 Bedroom +,3.3,a
3521005,Mississauga,1992 October,Total,3.0,a
3521005,Mississauga,1993 October,Studio,2.9,b
3521005,Mississauga,1993 October,1 Bedroom,2.3,a
3521005,Mississauga,1993 October,2 Bedroom,1.9,a
3521005,Mississauga,1993 October,3 Bedroom +,2.6,a
3521005,Mississauga,1993 October,Total,2.2,a
3521005,Mississauga,1994 October,Studio,1.2,a
3521005,Mississauga,1994 October,1 Bedroom,1.4,a
3521005,Mississauga,1994 October,2 Bedroom,1.3,a
3521005,Mississauga,1994 October,3 Bedroom +,1.8,a
3521005,Mississauga,1994 October,Total,1.4,a
3521005,Mississauga,1995 October,Studio,1.1,a
3521005,Mississauga,1995 October,1 Bedroom,0.6,a
3521005,Mississauga,1995 October,2 Bedroom,0.6,a
3521005,Mississauga,1995 October,3 Bedroom +,1.2,a
3521005,Mississauga,1995 October,Total,0.7,a
3521005,Mississauga,1996 October,Studio,2.3,a
3521005,Mississauga,1996 October,1 Bedroom,1.4,a
3521005,Mississauga,1996 October,2 Bedroom,1.8,a
3521005,Mississauga,1996 October,3 Bedroom +,2.0,a
3521005,Mississauga,1996 October,Total,1.7,a
3521005,Mississauga,1997 October,Studio,0.8,a
3521005,Mississauga,1997 October,1 Bedroom,1.0,a
3521005,Mississauga,1997 October,2 Bedroom,0.9,a
3521005,Mississauga,1997 October,3 Bedroom +,0.9,a
3521005,Mississauga,1997 October,Total,0.9,a
3521005,Mississauga,1998 October,Studio,0.7,a
3521005,Mississauga,1998 October,1 Bedroom,0.7,a
3521005,Mississauga,1998 October,2 Bedroom,0.6,a
3521005,Mississauga,1998 October,3 Bedroom +,0.9,a
3521005,Mississauga,1998 October,Total,0.7,a
3521005,Mississauga,1999 October,Studio,0.9,a
3521005,Mississauga,1999 October,1 Bedroom,0.9,a
3521005,Mississauga,1999 October,2 Bedroom,0.8,a
3521005,Mississauga,1999 October,3 Bedroom +,1.3,a
3521005,Mississauga,1999 October,Total,0.9,a
3521005,Mississauga,2000 October,Studio,0.4,a
3521005,Mississauga,2000 October,1 Bedroom,0.5,a
3521005,Mississauga,2000 October,2 Bedroom,0.4,a
3521005,Mississauga,2000 October,3 Bedroom +,0.6,a
3521005,Mississauga,2000 October,Total,0.5,a
3521005,Mississauga,2001 October,Studio,0.3,a
3521005,Mississauga,2001 October,1 Bedroom,1.2,a
3521005,Mississauga,2001 October,2 Bedroom,1.0,a
3521005,Mississauga,2001 October,3 Bedroom +,1.1,a
3521005,Mississauga,2001 October,Total,1.0,a
3521005,Mississauga,2002 October,Studio,3.5,b
3521005,Mississauga,2002 October,1 Bedroom,3.7,b
3521005,Mississauga,2002 October,2 Bedroom,3.3,a
3521005,Mississauga,2002 October,3 Bedroom +,2.4,a
3521005,Mississauga,2002 October,Total,3.3,a
3521005,Mississauga,2003 October,Studio,3.1,d
3521005,Mississauga,2003 October,1 Bedroom,4.4,b
3521005,Mississauga,2003 October,2 Bedroom,4.4,b
3521005,Mississauga,2003 October,3 Bedroom +,3.7,c
3521005,Mississauga,2003 October,Total,4.2,a
3521005,Mississauga,2004 October,Studio,3.4,c
3521005,Mississauga,2004 October,1 Bedroom,5.0,a
3521005,Mississauga,2004 October,2 Bedroom,5.6,a
3521005,Mississauga,2004 October,3 Bedroom +,4.3,a
3521005,Mississauga,2004 October,Total,5.1,a
3521005,Mississauga,2005 October,Studio,4.0,c
3521005,Mississauga,2005 October,1 Bedroom,4.4,b
3521005,Mississauga,2005 October,2 Bedroom,4.4,a
3521005,Mississauga,2005 October,3 Bedroom +,5.1,a
3521005,Mississauga,2005 October,Total,4.5,a
3521005,Mississauga,2006 October,Studio,2.7,c
3521005,Mississauga,2006 October,1 Bedroom,3.3,b
3521005,Mississauga,2006 October,2 Bedroom,2.6,a
3521005,Mississauga,2006 October,3 Bedroom +,2.4,a
3521005,Mississauga,2006 October,Total,2.8,a
3521005,Mississauga,2007 October,Studio,2.6,c
3521005,Mississauga,2007 October,1 Bedroom,2.7,a
3521005,Mississauga,2007 October,2 Bedroom,2.7,a
3521005,Mississauga,2007 October,3 Bedroom +,3.3,b
3521005,Mississauga,2007 October,Total,2.8,a
3521005,Mississauga,2008 October,Studio,3.0,c
3521005,Mississauga,2008 October,1 Bedroom,2.4,a
3521005,Mississauga,2008 October,2 Bedroom,1.9,a
3521005,Mississauga,2008 October,3 Bedroom +,2.0,a
3521005,Mississauga,2008 October,Total,2.1,a
3521005,Mississauga,2009 October,Studio,3.1,d
3521005,Mississauga,2009 October,1 Bedroom,3.4,a
3521005,Mississauga,2009 October,2 Bedroom,2.8,a
3521005,Mississauga,2009 October,3 Bedroom +,2.5,a
3521005,Mississauga,2009 October,Total,3.0,a
3521005,Mississauga,2010 October,Studio,1.6,c
3521005,Mississauga,2010 October,1 Bedroom,2.1,a
3521005,Mississauga,2010 October,2 Bedroom,1.6,a
3521005,Mississauga,2010 October,3 Bedroom +,1.3,a
3521005,Mississauga,2010 October,Total,1.8,a
3521005,Mississauga,2011 October,Studio,3.9,c
3521005,Mississauga,2011 October,1 Bedroom,1.0,a
3521005,Mississauga,2011 October,2 Bedroom,1.4,a
3521005,Mississauga,2011 October,3 Bedroom +,1.5,a
3521005,Mississauga,2011 October,Total,1.4,a
3521005,Mississauga,2012 October,Studio,2.2,c
3521005,Mississauga,2012 October,1 Bedroom,1.7,a
3521005,Mississauga,2012 October,2 Bedroom,1.9,a
3521005,Mississauga,2012 October,3 Bedroom +,1.4,a
3521005,Mississauga,2012 October,Total,1.7,a
3521005,Mississauga,2013 October,Studio,2.6,c
3521005,Mississauga,2013 October,1 Bedroom,2.3,a
3521005,Mississauga,2013 October,2 Bedroom,2.2,a
3521005,Mississauga,2013 October,3 Bedroom +,2.3,a
3521005,Mississauga,2013 October,Total,2.3,a
3521005,Mississauga,2014 October,Studio,2.7,c
3521005,Mississauga,2014 October,1 Bedroom,1.5,a
3521005,Mississauga,2014 October,2 Bedroom,1.6,a
3521005,Mississauga,2014 October,3 Bedroom +,2.8,a
3521005,Mississauga,2014 October,Total,1.8,a
3521005,Mississauga,2015 October,Studio,2.9,c
3521005,Mississauga,2015 October,1 Bedroom,1.5,a
3521005,Mississauga,2015 October,2 Bedroom,1.8,a
3521005,Mississauga,2015 October,3 Bedroom +,1.2,a
3521005,Mississauga,2015 October,Total,1.6,a
3521005,Mississauga,2016 October,Studio,0.7,a
3521005,Mississauga,2016 October,1 Bedroom,1.4,a
3521005,Mississauga,2016 October,2 Bedroom,1.5,a
3521005,Mississauga,2016 October,3 Bedroom +,1.6,a
3521005,Mississauga,2016 October,Total,1.4,a
3521005,Mississauga,2017 October,Studio,2.3,c
3521005,Mississauga,2017 October,1 Bedroom,0.8,a
3521005,Mississauga,2017 October,2 Bedroom,0.9,a
3521005,Mississauga,2017 October,3 Bedroom +,1.1,a
3521005,Mississauga,2017 October,Total,0.9,a
3521005,Mississauga,2018 October,Studio,0.6,b
3521005,Mississauga,2018 October,1 Bedroom,0.7,a
3521005,Mississauga,2018 October,2 Bedroom,0.8,a
3521005,Mississauga,2018 October,3 Bedroom +,0.7,a
3521005,Mississauga,2018 October,Total,0.8,a
3521005,Mississauga,2019 October,Studio,2.1,c
3521005,Mississauga,2019 October,1 Bedroom,1.2,a
3521005,Mississauga,2019 October,2 Bedroom,1.2,a
3521005,Mississauga,2019 October,3 Bedroom +,1.2,a
3521005,Mississauga,2019 October,Total,1.2,a
3521005,Mississauga,2020 October,Studio,2.9,c
3521005,Mississauga,2020 October,1 Bedroom,3.1,a
3521005,Mississauga,2020 October,2 Bedroom,2.0,a
3521005,Mississauga,2020 October,3 Bedroom +,1.7,a
3521005,Mississauga,2020 October,Total,2.4,a
3521005,Mississauga,2021 October,Studio,2.7,c
3521005,Mississauga,2021 October,1 Bedroom,4.6,b
3521005,Mississauga,2021 October,2 Bedroom,3.2,a
3521005,Mississauga,2021 October,3 Bedroom +,2.2,a
3521005,Mississauga,2021 October,Total,3.5,a
3521005,Mississauga,2022 October,Studio,1.2,a
3521005,Mississauga,2022 October,1 Bedroom,1.7,a
3521005,Mississauga,2022 October,2 Bedroom,1.4,a
3521005,Mississauga,2022 October,3 Bedroom +,1.2,a
3521005,Mississauga,2022 October,Total,1.5,a
3521005,Mississauga,2023 October,Studio,**,
3521005,Mississauga,2023 October,1 Bedroom,1.9,a
3521005,Mississauga,2023 October,2 Bedroom,1.6,a
3521005,Mississauga,2023 October,3 Bedroom +,**,
3521005,Mississauga,2023 October,Total,1.8,a
3521005,Mississauga,2024 October,Studio,1.4,a
3521005,Mississauga,2024 October,1 Bedroom,5.9,c
3521005,Mississauga,2024 October,2 Bedroom,3.2,b
3521005,Mississauga,2024 October,3 Bedroom +,1.1,a
3521005,Mississauga,2024 October,Total,3.9,b
3521005,Mississauga,2025 October,Studio,5.8,d
3521005,Mississauga,2025 October,1 Bedroom,4.6,b
3521005,Mississauga,2025 October,2 Bedroom,3.4,b
3521005,Mississauga,2025 October,3 Bedroom +,2.5,a
3521005,Mississauga,2025 October,Total,3.8,a
3521010,Brampton,1990 October,Studio,0.0,b
3521010,Brampton,1990 October,1 Bedroom,1.1,a
3521010,Brampton,1990 October,2 Bedroom,1.1,a
3521010,Brampton,1990 October,3 Bedroom +,1.5,a
3521010,Brampton,1990 October,Total,1.1,a
3521010,Brampton,1991 October,Studio,1.9,b
3521010,Brampton,1991 October,1 Bedroom,5.3,a
3521010,Brampton,1991 October,2 Bedroom,3.4,c
3521010,Brampton,1991 October,3 Bedroom +,3.1,a
3521010,Brampton,1991 October,Total,3.9,a
3521010,Brampton,1992 October,Studio,7.8,c
3521010,Brampton,1992 October,1 Bedroom,3.3,a
3521010,Brampton,1992 October,2 Bedroom,4.4,a
3521010,Brampton,1992 October,3 Bedroom +,2.6,a
3521010,Brampton,1992 October,Total,3.8,a
3521010,Brampton,1993 October,Studio,3.4,d
3521010,Brampton,1993 October,1 Bedroom,0.8,a
3521010,Brampton,1993 October,2 Bedroom,1.5,a
3521010,Brampton,1993 October,3 Bedroom +,2.2,a
3521010,Brampton,1993 October,Total,1.4,a
3521010,Brampton,1994 October,Studio,2.5,b
3521010,Brampton,1994 October,1 Bedroom,0.8,a
3521010,Brampton,1994 October,2 Bedroom,1.3,a
3521010,Brampton,1994 October,3 Bedroom +,1.4,a
3521010,Brampton,1994 October,Total,1.2,a
3521010,Brampton,1995 October,Studio,0.4,b
3521010,Brampton,1995 October,1 Bedroom,1.0,a
3521010,Brampton,1995 October,2 Bedroom,1.1,a
3521010,Brampton,1995 October,3 Bedroom +,1.1,a
3521010,Brampton,1995 October,Total,1.0,a
3521010,Brampton,1996 October,Studio,0.6,b
3521010,Brampton,1996 October,1 Bedroom,0.8,a
3521010,Brampton,1996 October,2 Bedroom,1.9,a
3521010,Brampton,1996 October,3 Bedroom +,1.8,a
3521010,Brampton,1996 October,Total,1.6,a
3521010,Brampton,1997 October,Studio,0.9,a
3521010,Brampton,1997 October,1 Bedroom,0.3,a
3521010,Brampton,1997 October,2 Bedroom,1.2,a
3521010,Brampton,1997 October,3 Bedroom +,0.8,a
3521010,Brampton,1997 October,Total,0.9,a
3521010,Brampton,1998 October,Studio,0.7,a
3521010,Brampton,1998 October,1 Bedroom,0.4,a
3521010,Brampton,1998 October,2 Bedroom,0.3,a
3521010,Brampton,1998 October,3 Bedroom +,0.6,a
3521010,Brampton,1998 October,Total,0.4,a
3521010,Brampton,1999 October,Studio,0.5,a
3521010,Brampton,1999 October,1 Bedroom,0.6,a
3521010,Brampton,1999 October,2 Bedroom,0.8,a
3521010,Brampton,1999 October,3 Bedroom +,0.4,a
3521010,Brampton,1999 October,Total,0.7,a
3521010,Brampton,2000 October,Studio,0.5,b
3521010,Brampton,2000 October,1 Bedroom,0.8,a
3521010,Brampton,2000 October,2 Bedroom,0.7,a
3521010,Brampton,2000 October,3 Bedroom +,0.4,a
3521010,Brampton,2000 October,Total,0.7,a
3521010,Brampton,2001 October,Studio,4.2,d
3521010,Brampton,2001 October,1 Bedroom,1.0,a
3521010,Brampton,2001 October,2 Bedroom,0.8,a
3521010,Brampton,2001 October,3 Bedroom +,0.5,a
3521010,Brampton,2001 October,Total,0.9,a
3521010,Brampton,2002 October,Studio,3.4,d
3521010,Brampton,2002 October,1 Bedroom,2.5,a
3521010,Brampton,2002 October,2 Bedroom,3.3,b
3521010,Brampton,2002 October,3 Bedroom +,5.2,d
3521010,Brampton,2002 October,Total,3.3,b
3521010,Brampton,2003 October,Studio,2.8,c
3521010,Brampton,2003 October,1 Bedroom,2.5,b
3521010,Brampton,2003 October,2 Bedroom,3.1,c
3521010,Brampton,2003 October,3 Bedroom +,2.2,c
3521010,Brampton,2003 October,Total,2.8,a
3521010,Brampton,2004 October,Studio,5.1,b
3521010,Brampton,2004 October,1 Bedroom,3.6,b
3521010,Brampton,2004 October,2 Bedroom,5.0,a
3521010,Brampton,2004 October,3 Bedroom +,3.3,a
3521010,Brampton,2004 October,Total,4.3,a
3521010,Brampton,2005 October,Studio,5.1,c
3521010,Brampton,2005 October,1 Bedroom,3.2,b
3521010,Brampton,2005 October,2 Bedroom,2.4,a
3521010,Brampton,2005 October,3 Bedroom +,5.3,b
3521010,Brampton,2005 October,Total,3.2,a
3521010,Brampton,2006 October,Studio,4.7,d
3521010,Brampton,2006 October,1 Bedroom,2.3,a
3521010,Brampton,2006 October,2 Bedroom,2.7,a
3521010,Brampton,2006 October,3 Bedroom +,2.7,b
3521010,Brampton,2006 October,Total,2.6,a
3521010,Brampton,2007 October,Studio,1.2,d
3521010,Brampton,2007 October,1 Bedroom,1.8,a
3521010,Brampton,2007 October,2 Bedroom,1.9,a
3521010,Brampton,2007 October,3 Bedroom +,3.9,c
3521010,Brampton,2007 October,Total,2.1,a
3521010,Brampton,2008 October,Studio,3.0,d
3521010,Brampton,2008 October,1 Bedroom,4.4,b
3521010,Brampton,2008 October,2 Bedroom,2.0,a
3521010,Brampton,2008 October,3 Bedroom +,4.3,b
3521010,Brampton,2008 October,Total,3.2,a
3521010,Brampton,2009 October,Studio,9.1,b
3521010,Brampton,2009 October,1 Bedroom,2.7,a
3521010,Brampton,2009 October,2 Bedroom,3.5,b
3521010,Brampton,2009 October,3 Bedroom +,5.4,b
3521010,Brampton,2009 October,Total,3.7,a
3521010,Brampton,2010 October,Studio,4.3,c
3521010,Brampton,2010 October,1 Bedroom,2.2,a
3521010,Brampton,2010 October,2 Bedroom,1.5,a
3521010,Brampton,2010 October,3 Bedroom +,2.5,b
3521010,Brampton,2010 October,Total,2.0,a
3521010,Brampton,2011 October,Studio,3.0,d
3521010,Brampton,2011 October,1 Bedroom,1.9,a
3521010,Brampton,2011 October,2 Bedroom,0.9,a
3521010,Brampton,2011 October,3 Bedroom +,2.2,a
3521010,Brampton,2011 October,Total,1.5,a
3521010,Brampton,2012 October,Studio,8.3,c
3521010,Brampton,2012 October,1 Bedroom,2.4,a
3521010,Brampton,2012 October,2 Bedroom,1.5,a
3521010,Brampton,2012 October,3 Bedroom +,3.3,d
3521010,Brampton,2012 October,Total,2.2,a
3521010,Brampton,2013 October,Studio,4.9,d
3521010,Brampton,2013 October,1 Bedroom,2.5,a
3521010,Brampton,2013 October,2 Bedroom,2.0,a
3521010,Brampton,2013 October,3 Bedroom +,3.8,c
3521010,Brampton,2013 October,Total,2.5,a
3521010,Brampton,2014 October,Studio,5.8,d
3521010,Brampton,2014 October,1 Bedroom,1.4,a
3521010,Brampton,2014 October,2 Bedroom,1.9,b
3521010,Brampton,2014 October,3 Bedroom +,1.7,c
3521010,Brampton,2014 October,Total,1.8,b
3521010,Brampton,2015 October,Studio,4.8,d
3521010,Brampton,2015 October,1 Bedroom,1.4,a
3521010,Brampton,2015 October,2 Bedroom,0.9,a
3521010,Brampton,2015 October,3 Bedroom +,1.7,c
3521010,Brampton,2015 October,Total,1.2,a
3521010,Brampton,2016 October,Studio,2.3,c
3521010,Brampton,2016 October,1 Bedroom,1.2,a
3521010,Brampton,2016 October,2 Bedroom,1.2,a
3521010,Brampton,2016 October,3 Bedroom +,1.4,a
3521010,Brampton,2016 October,Total,1.2,a
3521010,Brampton,2017 October,Studio,0.0,c
3521010,Brampton,2017 October,1 Bedroom,1.3,a
3521010,Brampton,2017 October,2 Bedroom,1.3,a
3521010,Brampton,2017 October,3 Bedroom +,1.2,a
3521010,Brampton,2017 October,Total,1.3,a
3521010,Brampton,2018 October,Studio,0.0,c
3521010,Brampton,2018 October,1 Bedroom,1.2,a
3521010,Brampton,2018 October,2 Bedroom,1.2,a
3521010,Brampton,2018 October,3 Bedroom +,0.8,a
3521010,Brampton,2018 October,Total,1.1,a
3521010,Brampton,2019 October,Studio,**,
3521010,Brampton,2019 October,1 Bedroom,1.0,a
3521010,Brampton,2019 October,2 Bedroom,1.3,a
3521010,Brampton,2019 October,3 Bedroom +,1.5,a
3521010,Brampton,2019 October,Total,1.3,a
3521010,Brampton,2020 October,Studio,**,
3521010,Brampton,2020 October,1 Bedroom,2.8,a
3521010,Brampton,2020 October,2 Bedroom,2.4,a
3521010,Brampton,2020 October,3 Bedroom +,1.2,a
3521010,Brampton,2020 October,Total,2.4,a
3521010,Brampton,2021 October,Studio,0.9,d
3521010,Brampton,2021 October,1 Bedroom,2.9,a
3521010,Brampton,2021 October,2 Bedroom,3.2,b
3521010,Brampton,2021 October,3 Bedroom +,3.2,c
3521010,Brampton,2021 October,Total,3.0,b
3521010,Brampton,2022 October,Studio,**,
3521010,Brampton,2022 October,1 Bedroom,1.6,a
3521010,Brampton,2022 October,2 Bedroom,1.8,a
3521010,Brampton,2022 October,3 Bedroom +,1.2,a
3521010,Brampton,2022 October,Total,1.6,a
3521010,Brampton,2023 October,Studio,**,
3521010,Brampton,2023 October,1 Bedroom,1.4,a
3521010,Brampton,2023 October,2 Bedroom,2.1,b
3521010,Brampton,2023 October,3 Bedroom +,1.2,a
3521010,Brampton,2023 October,Total,1.7,b
3521010,Brampton,2024 October,Studio,**,
3521010,Brampton,2024 October,1 Bedroom,2.7,a
3521010,Brampton,2024 October,2 Bedroom,3.3,c
3521010,Brampton,2024 October,3 Bedroom +,0.9,a
3521010,Brampton,2024 October,Total,2.8,a
3521010,Brampton,2025 October,Studio,4.3,d
3521010,Brampton,2025 October,1 Bedroom,4.8,b
3521010,Brampton,2025 October,2 Bedroom,4.6,b
3521010,Brampton,2025 October,3 Bedroom +,1.6,a
3521010,Brampton,2025 October,Total,4.3,b
3521024,Caledon,1990 October,Studio,**,
3521024,Caledon,1990 October,1 Bedroom,**,
3521024,Caledon,1990 October,2 Bedroom,**,
3521024,Caledon,1990 October,3 Bedroom +,**,
3521024,Caledon,1990 October,Total,**,
3521024,Caledon,1991 October,Studio,**,
3521024,Caledon,1991 October,1 Bedroom,**,
3521024,Caledon,1991 October,2 Bedroom,3.1,c
3521024,Caledon,1991 October,3 Bedroom +,**,
3521024,Caledon,1991 October,Total,1.6,c
3521024,Caledon,1992 October,Studio,**,
3521024,Caledon,1992 October,1 Bedroom,**,
3521024,Caledon,1992 October,2 Bedroom,**,
3521024,Caledon,1992 October,3 Bedroom +,**,
3521024,Caledon,1992 October,Total,4.2,a
3521024,Caledon,1993 October,Studio,**,
3521024,Caledon,1993 October,1 Bedroom,**,
3521024,Caledon,1993 October,2 Bedroom,**,
3521024,Caledon,1993 October,3 Bedroom +,**,
3521024,Caledon,1993 October,Total,3.6,d
3521024,Caledon,1994 October,Studio,**,
3521024,Caledon,1994 October,1 Bedroom,**,
3521024,Caledon,1994 October,2 Bedroom,8.0,c
3521024,Caledon,1994 October,3 Bedroom +,**,
3521024,Caledon,1994 October,Total,**,
3521024,Caledon,1995 October,Studio,**,
3521024,Caledon,1995 October,1 Bedroom,4.3,a
3521024,Caledon,1995 October,2 Bedroom,5.1,a
3521024,Caledon,1995 October,3 Bedroom +,**,
3521024,Caledon,1995 October,Total,3.8,a
3521024,Caledon,1996 October,Studio,**,
3521024,Caledon,1996 October,1 Bedroom,**,
3521024,Caledon,1996 October,2 Bedroom,5.0,d
3521024,Caledon,1996 October,3 Bedroom +,**,
3521024,Caledon,1996 October,Total,**,
3521024,Caledon,1997 October,Studio,**,
3521024,Caledon,1997 October,1 Bedroom,**,
3521024,Caledon,1997 October,2 Bedroom,**,
3521024,Caledon,1997 October,3 Bedroom +,**,
3521024,Caledon,1997 October,Total,**,
3521024,Caledon,1998 October,Studio,**,
3521024,Caledon,1998 October,1 Bedroom,**,
3521024,Caledon,1998 October,2 Bedroom,3.3,b
3521024,Caledon,1998 October,3 Bedroom +,**,
3521024,Caledon,1998 October,Total,1.7,a
3521024,Caledon,1999 October,Studio,**,
3521024,Caledon,1999 October,1 Bedroom,**,
3521024,Caledon,1999 October,2 Bedroom,5.7,b
3521024,Caledon,1999 October,3 Bedroom +,**,
3521024,Caledon,1999 October,Total,5.1,a
3521024,Caledon,2000 October,Studio,**,
3521024,Caledon,2000 October,1 Bedroom,**,
3521024,Caledon,2000 October,2 Bedroom,**,
3521024,Caledon,2000 October,3 Bedroom +,**,
3521024,Caledon,2000 October,Total,**,
3521024,Caledon,2001 October,Studio,**,
3521024,Caledon,2001 October,1 Bedroom,**,
3521024,Caledon,2001 October,2 Bedroom,**,
3521024,Caledon,2001 October,3 Bedroom +,**,
3521024,Caledon,2001 October,Total,**,
3521024,Caledon,2002 October,Studio,**,
3521024,Caledon,2002 October,1 Bedroom,**,
3521024,Caledon,2002 October,2 Bedroom,**,
3521024,Caledon,2002 October,3 Bedroom +,**,
3521024,Caledon,2002 October,Total,**,
3521024,Caledon,2003 October,Studio,**,
3521024,Caledon,2003 October,1 Bedroom,**,
3521024,Caledon,2003 October,2 Bedroom,**,
3521024,Caledon,2003 October,3 Bedroom +,**,
3521024,Caledon,2003 October,Total,**,
3521024,Caledon,2004 October,Studio,**,
3521024,Caledon,2004 October,1 Bedroom,**,
3521024,Caledon,2004 October,2 Bedroom,5.0,c
3521024,Caledon,2004 October,3 Bedroom +,**,
3521024,Caledon,2004 October,Total,5.8,d
3521024,Caledon,2005 October,Studio,**,
3521024,Caledon,2005 October,1 Bedroom,**,
3521024,Caledon,2005 October,2 Bedroom,**,
3521024,Caledon,2005 October,3 Bedroom +,**,
3521024,Caledon,2005 October,Total,**,
3521024,Caledon,2006 October,Studio,**,
3521024,Caledon,2006 October,1 Bedroom,**,
3521024,Caledon,2006 October,2 Bedroom,3.0,d
3521024,Caledon,2006 October,3 Bedroom +,**,
3521024,Caledon,2006 October,Total,3.6,d
3521024,Caledon,2007 October,Studio,**,
3521024,Caledon,2007 October,1 Bedroom,0.0,a
3521024,Caledon,2007 October,2 Bedroom,0.0,a
3521024,Caledon,2007 October,3 Bedroom +,**,
3521024,Caledon,2007 October,Total,0.0,a
3521024,Caledon,2008 October,Studio,**,
3521024,Caledon,2008 October,1 Bedroom,**,
3521024,Caledon,2008 October,2 Bedroom,**,
3521024,Caledon,2008 October,3 Bedroom +,**,
3521024,Caledon,2008 October,Total,**,
3521024,Caledon,2009 October,Studio,**,
3521024,Caledon,2009 October,1 Bedroom,**,
3521024,Caledon,2009 October,2 Bedroom,**,
3521024,Caledon,2009 October,3 Bedroom +,**,
3521024,Caledon,2009 October,Total,**,
3521024,Caledon,2010 October,Studio,**,
3521024,Caledon,2010 October,1 Bedroom,**,
3521024,Caledon,2010 October,2 Bedroom,**,
3521024,Caledon,2010 October,3 Bedroom +,**,
3521024,Caledon,2010 October,Total,**,
3521024,Caledon,2011 October,Studio,**,
3521024,Caledon,2011 October,1 Bedroom,21.9,a
3521024,Caledon,2011 October,2 Bedroom,**,
3521024,Caledon,2011 October,3 Bedroom +,**,
3521024,Caledon,2011 October,Total,7.9,b
3521024,Caledon,2012 October,Studio,**,
3521024,Caledon,2012 October,1 Bedroom,**,
3521024,Caledon,2012 October,2 Bedroom,2.2,c
3521024,Caledon,2012 October,3 Bedroom +,**,
3521024,Caledon,2012 October,Total,1.2,d
3521024,Caledon,2013 October,Studio,**,
3521024,Caledon,2013 October,1 Bedroom,**,
3521024,Caledon,2013 October,2 Bedroom,**,
3521024,Caledon,2013 October,3 Bedroom +,**,
3521024,Caledon,2013 October,Total,**,
3521024,Caledon,2014 October,Studio,**,
3521024,Caledon,2014 October,1 Bedroom,3.8,a
3521024,Caledon,2014 October,2 Bedroom,**,
3521024,Caledon,2014 October,3 Bedroom +,**,
3521024,Caledon,2014 October,Total,1.3,a
3521024,Caledon,2015 October,Studio,**,
3521024,Caledon,2015 October,1 Bedroom,**,
3521024,Caledon,2015 October,2 Bedroom,**,
3521024,Caledon,2015 October,3 Bedroom +,**,
3521024,Caledon,2015 October,Total,**,
3521024,Caledon,2016 October,Studio,**,
3521024,Caledon,2016 October,1 Bedroom,**,
3521024,Caledon,2016 October,2 Bedroom,**,
3521024,Caledon,2016 October,3 Bedroom +,**,
3521024,Caledon,2016 October,Total,**,
3521024,Caledon,2017 October,Studio,**,
3521024,Caledon,2017 October,1 Bedroom,**,
3521024,Caledon,2017 October,2 Bedroom,**,
3521024,Caledon,2017 October,3 Bedroom +,**,
3521024,Caledon,2017 October,Total,**,
3521024,Caledon,2018 October,Studio,**,
3521024,Caledon,2018 October,1 Bedroom,**,
3521024,Caledon,2018 October,2 Bedroom,**,
3521024,Caledon,2018 October,3 Bedroom +,**,
3521024,Caledon,2018 October,Total,**,
3521024,Caledon,2019 October,Studio,**,
3521024,Caledon,2019 October,1 Bedroom,**,
3521024,Caledon,2019 October,2 Bedroom,**,
3521024,Caledon,2019 October,3 Bedroom +,**,
3521024,Caledon,2019 October,Total,**,
3521024,Caledon,2020 October,Studio,**,
3521024,Caledon,2020 October,1 Bedroom,**,
3521024,Caledon,2020 October,2 Bedroom,**,
3521024,Caledon,2020 October,3 Bedroom +,**,
3521024,Caledon,2020 October,Total,**,
3521024,Caledon,2021 October,Studio,**,
3521024,Caledon,2021 October,1 Bedroom,**,
3521024,Caledon,2021 October,2 Bedroom,**,
3521024,Caledon,2021 October,3 Bedroom +,**,
3521024,Caledon,2021 October,Total,**,
3521024,Caledon,2022 October,Studio,**,
3521024,Caledon,2022 October,1 Bedroom,**,
3521024,Caledon,2022 October,2 Bedroom,**,
3521024,Caledon,2022 October,3 Bedroom +,**,
3521024,Caledon,2022 October,Total,**,
3521024,Caledon,2023 October,Studio,**,
3521024,Caledon,2023 October,1 Bedroom,**,
3521024,Caledon,2023 October,2 Bedroom,**,
3521024,Caledon,2023 October,3 Bedroom +,**,
3521024,Caledon,2023 October,Total,6.3,a
3521024,Caledon,2024 October,Studio,**,
3521024,Caledon,2024 October,1 Bedroom,**,
3521024,Caledon,2024 October,2 Bedroom,**,
3521024,Caledon,2024 October,3 Bedroom +,**,
3521024,Caledon,2024 October,Total,**,
3521024,Caledon,2025 October,Studio,**,
3521024,Caledon,2025 October,1 Bedroom,**,
3521024,Caledon,2025 October,2 Bedroom,**,
3521024,Caledon,2025 October,3 Bedroom +,**,
3521024,Caledon,2025 October,Total,**,
3519036,Markham,1990 October,Studio,0.0,a
3519036,Markham,1990 October,1 Bedroom,0.6,a
3519036,Markham,1990 October,2 Bedroom,0.2,a
3519036,Markham,1990 October,3 Bedroom +,0.0,a
3519036,Markham,1990 October,Total,0.3,a
3519036,Markham,1991 October,Studio,0.0,a
3519036,Markham,1991 October,1 Bedroom,0.0,a
3519036,Markham,1991 October,2 Bedroom,0.2,a
3519036,Markham,1991 October,3 Bedroom +,0.0,a
3519036,Markham,1991 October,Total,0.1,a
3519036,Markham,1992 October,Studio,8.3,a
3519036,Markham,1992 October,1 Bedroom,0.2,a
3519036,Markham,1992 October,2 Bedroom,0.2,a
3519036,Markham,1992 October,3 Bedroom +,0.0,a
3519036,Markham,1992 October,Total,0.3,a
3519036,Markham,1993 October,Studio,0.0,a
3519036,Markham,1993 October,1 Bedroom,0.0,a
3519036,Markham,1993 October,2 Bedroom,0.0,a
3519036,Markham,1993 October,3 Bedroom +,0.0,a
3519036,Markham,1993 October,Total,0.0,a
3519036,Markham,1994 October,Studio,0.0,a
3519036,Markham,1994 October,1 Bedroom,0.7,a
3519036,Markham,1994 October,2 Bedroom,0.0,a
3519036,Markham,1994 October,3 Bedroom +,0.0,a
3519036,Markham,1994 October,Total,0.3,a
3519036,Markham,1995 October,Studio,0.0,a
3519036,Markham,1995 October,1 Bedroom,0.5,a
3519036,Markham,1995 October,2 Bedroom,0.2,a
3519036,Markham,1995 October,3 Bedroom +,0.0,a
3519036,Markham,1995 October,Total,0.3,a
3519036,Markham,1996 October,Studio,0.0,a
3519036,Markham,1996 October,1 Bedroom,0.4,a
3519036,Markham,1996 October,2 Bedroom,0.2,a
3519036,Markham,1996 October,3 Bedroom +,0.0,a
3519036,Markham,1996 October,Total,0.3,a
3519036,Markham,1997 October,Studio,0.0,a
3519036,Markham,1997 October,1 Bedroom,0.7,a
3519036,Markham,1997 October,2 Bedroom,0.6,a
3519036,Markham,1997 October,3 Bedroom +,1.0,a
3519036,Markham,1997 October,Total,0.7,a
3519036,Markham,1998 October,Studio,0.0,a
3519036,Markham,1998 October,1 Bedroom,0.0,c
3519036,Markham,1998 October,2 Bedroom,0.5,a
3519036,Markham,1998 October,3 Bedroom +,**,
3519036,Markham,1998 October,Total,0.2,a
3519036,Markham,1999 October,Studio,0.0,a
3519036,Markham,1999 October,1 Bedroom,0.0,d
3519036,Markham,1999 October,2 Bedroom,0.0,d
3519036,Markham,1999 October,3 Bedroom +,1.2,d
3519036,Markham,1999 October,Total,0.1,b
3519036,Markham,2000 October,Studio,0.0,a
3519036,Markham,2000 October,1 Bedroom,0.6,a
3519036,Markham,2000 October,2 Bedroom,0.8,a
3519036,Markham,2000 October,3 Bedroom +,0.0,a
3519036,Markham,2000 October,Total,0.6,a
3519036,Markham,2001 October,Studio,0.0,a
3519036,Markham,2001 October,1 Bedroom,0.4,a
3519036,Markham,2001 October,2 Bedroom,0.0,c
3519036,Markham,2001 October,3 Bedroom +,1.0,a
3519036,Markham,2001 October,Total,0.2,a
3519036,Markham,2002 October,Studio,0.0,a
3519036,Markham,2002 October,1 Bedroom,0.6,a
3519036,Markham,2002 October,2 Bedroom,1.0,a
3519036,Markham,2002 October,3 Bedroom +,2.0,a
3519036,Markham,2002 October,Total,0.9,a
3519036,Markham,2003 October,Studio,0.0,a
3519036,Markham,2003 October,1 Bedroom,1.2,a
3519036,Markham,2003 October,2 Bedroom,1.3,a
3519036,Markham,2003 October,3 Bedroom +,3.8,a
3519036,Markham,2003 October,Total,1.4,a
3519036,Markham,2004 October,Studio,8.3,a
3519036,Markham,2004 October,1 Bedroom,0.2,a
3519036,Markham,2004 October,2 Bedroom,0.9,a
3519036,Markham,2004 October,3 Bedroom +,1.0,a
3519036,Markham,2004 October,Total,0.7,a
3519036,Markham,2005 October,Studio,0.0,a
3519036,Markham,2005 October,1 Bedroom,2.6,a
3519036,Markham,2005 October,2 Bedroom,2.4,a
3519036,Markham,2005 October,3 Bedroom +,1.0,a
3519036,Markham,2005 October,Total,2.3,a
3519036,Markham,2006 October,Studio,**,
3519036,Markham,2006 October,1 Bedroom,1.5,c
3519036,Markham,2006 October,2 Bedroom,0.8,a
3519036,Markham,2006 October,3 Bedroom +,**,
3519036,Markham,2006 October,Total,1.1,a
3519036,Markham,2007 October,Studio,**,
3519036,Markham,2007 October,1 Bedroom,0.5,a
3519036,Markham,2007 October,2 Bedroom,0.1,a
3519036,Markham,2007 October,3 Bedroom +,0.0,d
3519036,Markham,2007 October,Total,0.3,a
3519036,Markham,2008 October,Studio,**,
3519036,Markham,2008 October,1 Bedroom,1.3,a
3519036,Markham,2008 October,2 Bedroom,1.0,a
3519036,Markham,2008 October,3 Bedroom +,1.6,b
3519036,Markham,2008 October,Total,1.1,a
3519036,Markham,2009 October,Studio,**,
3519036,Markham,2009 October,1 Bedroom,3.0,c
3519036,Markham,2009 October,2 Bedroom,0.5,b
3519036,Markham,2009 October,3 Bedroom +,0.0,d
3519036,Markham,2009 October,Total,1.6,c
3519036,Markham,2010 October,Studio,**,
3519036,Markham,2010 October,1 Bedroom,1.5,a
3519036,Markham,2010 October,2 Bedroom,1.4,a
3519036,Markham,2010 October,3 Bedroom +,0.0,c
3519036,Markham,2010 October,Total,1.3,a
3519036,Markham,2011 October,Studio,**,
3519036,Markham,2011 October,1 Bedroom,0.3,a
3519036,Markham,2011 October,2 Bedroom,0.3,b
3519036,Markham,2011 October,3 Bedroom +,0.0,d
3519036,Markham,2011 October,Total,0.3,a
3519036,Markham,2012 October,Studio,**,
3519036,Markham,2012 October,1 Bedroom,1.5,a
3519036,Markham,2012 October,2 Bedroom,1.9,c
3519036,Markham,2012 October,3 Bedroom +,1.1,d
3519036,Markham,2012 October,Total,1.6,c
3519036,Markham,2013 October,Studio,**,
3519036,Markham,2013 October,1 Bedroom,1.7,b
3519036,Markham,2013 October,2 Bedroom,0.5,a
3519036,Markham,2013 October,3 Bedroom +,0.0,d
3519036,Markham,2013 October,Total,0.9,a
3519036,Markham,2014 October,Studio,**,
3519036,Markham,2014 October,1 Bedroom,2.1,c
3519036,Markham,2014 October,2 Bedroom,1.4,a
3519036,Markham,2014 October,3 Bedroom +,0.0,d
3519036,Markham,2014 October,Total,1.6,c
3519036,Markham,2015 October,Studio,**,
3519036,Markham,2015 October,1 Bedroom,1.3,a
3519036,Markham,2015 October,2 Bedroom,3.3,a
3519036,Markham,2015 October,3 Bedroom +,**,
3519036,Markham,2015 October,Total,2.5,a
3519036,Markham,2016 October,Studio,**,
3519036,Markham,2016 October,1 Bedroom,1.2,a
3519036,Markham,2016 October,2 Bedroom,1.3,d
3519036,Markham,2016 October,3 Bedroom +,**,
3519036,Markham,2016 October,Total,1.4,a
3519036,Markham,2017 October,Studio,**,
3519036,Markham,2017 October,1 Bedroom,1.2,a
3519036,Markham,2017 October,2 Bedroom,0.6,a
3519036,Markham,2017 October,3 Bedroom +,**,
3519036,Markham,2017 October,Total,0.9,a
3519036,Markham,2018 October,Studio,**,
3519036,Markham,2018 October,1 Bedroom,1.7,b
3519036,Markham,2018 October,2 Bedroom,1.1,a
3519036,Markham,2018 October,3 Bedroom +,**,
3519036,Markham,2018 October,Total,1.5,a
3519036,Markham,2019 October,Studio,**,
3519036,Markham,2019 October,1 Bedroom,1.2,a
3519036,Markham,2019 October,2 Bedroom,1.3,a
3519036,Markham,2019 October,3 Bedroom +,0.0,c
3519036,Markham,2019 October,Total,1.2,a
3519036,Markham,2020 October,Studio,**,
3519036,Markham,2020 October,1 Bedroom,2.7,a
3519036,Markham,2020 October,2 Bedroom,3.7,c
3519036,Markham,2020 October,3 Bedroom +,**,
3519036,Markham,2020 October,Total,3.1,b
3519036,Markham,2021 October,Studio,**,
3519036,Markham,2021 October,1 Bedroom,3.3,d
3519036,Markham,2021 October,2 Bedroom,1.4,a
3519036,Markham,2021 October,3 Bedroom +,0.0,d
3519036,Markham,2021 October,Total,2.1,b
3519036,Markham,2022 October,Studio,**,
3519036,Markham,2022 October,1 Bedroom,1.2,a
3519036,Markham,2022 October,2 Bedroom,0.4,a
3519036,Markham,2022 October,3 Bedroom +,0.9,a
3519036,Markham,2022 October,Total,0.8,a
3519036,Markham,2023 October,Studio,**,
3519036,Markham,2023 October,1 Bedroom,0.6,a
3519036,Markham,2023 October,2 Bedroom,0.3,a
3519036,Markham,2023 October,3 Bedroom +,0.0,d
3519036,Markham,2023 October,Total,0.4,a
3519036,Markham,2024 October,Studio,**,
3519036,Markham,2024 October,1 Bedroom,2.2,a
3519036,Markham,2024 October,2 Bedroom,1.8,a
3519036,Markham,2024 October,3 Bedroom +,0.0,d
3519036,Markham,2024 October,Total,2.0,a
3519036,Markham,2025 October,Studio,**,
3519036,Markham,2025 October,1 Bedroom,3.2,d
3519036,Markham,2025 October,2 Bedroom,0.3,b
3519036,Markham,2025 October,3 Bedroom +,**,
3519036,Markham,2025 October,Total,**,
3519028,Vaughan,1990 October,Studio,**,
3519028,Vaughan,1990 October,1 Bedroom,**,
3519028,Vaughan,1990 October,2 Bedroom,**,
3519028,Vaughan,1990 October,3 Bedroom +,**,
3519028,Vaughan,1990 October,Total,**,
3519028,Vaughan,1991 October,Studio,**,
3519028,Vaughan,1991 October,1 Bedroom,**,
3519028,Vaughan,1991 October,2 Bedroom,**,
3519028,Vaughan,1991 October,3 Bedroom +,**,
3519028,Vaughan,1991 October,Total,**,
3519028,Vaughan,1992 October,Studio,**,
3519028,Vaughan,1992 October,1 Bedroom,**,
3519028,Vaughan,1992 October,2 Bedroom,**,
3519028,Vaughan,1992 October,3 Bedroom +,**,
3519028,Vaughan,1992 October,Total,**,
3519028,Vaughan,1993 October,Studio,**,
3519028,Vaughan,1993 October,1 Bedroom,**,
3519028,Vaughan,1993 October,2 Bedroom,**,
3519028,Vaughan,1993 October,3 Bedroom +,**,
3519028,Vaughan,1993 October,Total,**,
3519028,Vaughan,1994 October,Studio,**,
3519028,Vaughan,1994 October,1 Bedroom,**,
3519028,Vaughan,1994 October,2 Bedroom,**,
3519028,Vaughan,1994 October,3 Bedroom +,**,
3519028,Vaughan,1994 October,Total,**,
3519028,Vaughan,1995 October,Studio,**,
3519028,Vaughan,1995 October,1 Bedroom,**,
3519028,Vaughan,1995 October,2 Bedroom,**,
3519028,Vaughan,1995 October,3 Bedroom +,**,
3519028,Vaughan,1995 October,Total,**,
3519028,Vaughan,1996 October,Studio,**,
3519028,Vaughan,1996 October,1 Bedroom,**,
3519028,Vaughan,1996 October,2 Bedroom,**,
3519028,Vaughan,1996 October,3 Bedroom +,**,
3519028,Vaughan,1996 October,Total,**,
3519028,Vaughan,1997 October,Studio,**,
3519028,Vaughan,1997 October,1 Bedroom,**,
3519028,Vaughan,1997 October,2 Bedroom,**,
3519028,Vaughan,1997 October,3 Bedroom +,**,
3519028,Vaughan,1997 October,Total,**,
3519028,Vaughan,1998 October,Studio,**,
3519028,Vaughan,1998 October,1 Bedroom,**,
3519028,Vaughan,1998 October,2 Bedroom,**,
3519028,Vaughan,1998 October,3 Bedroom +,**,
3519028,Vaughan,1998 October,Total,**,
3519028,Vaughan,1999 October,Studio,**,
3519028,Vaughan,1999 October,1 Bedroom,**,
3519028,Vaughan,1999 October,2 Bedroom,**,
3519028,Vaughan,1999 October,3 Bedroom +,**,
3519028,Vaughan,1999 October,Total,**,
3519028,Vaughan,2000 October,Studio,**,
3519028,Vaughan,2000 October,1 Bedroom,**,
3519028,Vaughan,2000 October,2 Bedroom,**,
3519028,Vaughan,2000 October,3 Bedroom +,**,
3519028,Vaughan,2000 October,Total,**,
3519028,Vaughan,2001 October,Studio,**,
3519028,Vaughan,2001 October,1 Bedroom,**,
3519028,Vaughan,2001 October,2 Bedroom,**,
3519028,Vaughan,2001 October,3 Bedroom +,**,
3519028,Vaughan,2001 October,Total,**,
3519028,Vaughan,2002 October,Studio,**,
3519028,Vaughan,2002 October,1 Bedroom,**,
3519028,Vaughan,2002 October,2 Bedroom,**,
3519028,Vaughan,2002 October,3 Bedroom +,**,
3519028,Vaughan,2002 October,Total,**,
3519028,Vaughan,2003 October,Studio,**,
3519028,Vaughan,2003 October,1 Bedroom,**,
3519028,Vaughan,2003 October,2 Bedroom,**,
3519028,Vaughan,2003 October,3 Bedroom +,**,
3519028,Vaughan,2003 October,Total,**,
3519028,Vaughan,2004 October,Studio,**,
3519028,Vaughan,2004 October,1 Bedroom,**,
3519028,Vaughan,2004 October,2 Bedroom,**,
3519028,Vaughan,2004 October,3 Bedroom +,**,
3519028,Vaughan,2004 October,Total,**,
3519028,Vaughan,2005 October,Studio,**,
3519028,Vaughan,2005 October,1 Bedroom,**,
3519028,Vaughan,2005 October,2 Bedroom,**,
3519028,Vaughan,2005 October,3 Bedroom +,**,
3519028,Vaughan,2005 October,Total,**,
3519028,Vaughan,2006 October,Studio,**,
3519028,Vaughan,2006 October,1 Bedroom,**,
3519028,Vaughan,2006 October,2 Bedroom,**,
3519028,Vaughan,2006 October,3 Bedroom +,**,
3519028,Vaughan,2006 October,Total,**,
3519028,Vaughan,2007 October,Studio,**,
3519028,Vaughan,2007 October,1 Bedroom,**,
3519028,Vaughan,2007 October,2 Bedroom,**,
3519028,Vaughan,2007 October,3 Bedroom +,**,
3519028,Vaughan,2007 October,Total,**,
3519028,Vaughan,2008 October,Studio,**,
3519028,Vaughan,2008 October,1 Bedroom,**,
3519028,Vaughan,2008 October,2 Bedroom,**,
3519028,Vaughan,2008 October,3 Bedroom +,**,
3519028,Vaughan,2008 October,Total,**,
3519028,Vaughan,2009 October,Studio,**,
3519028,Vaughan,2009 October,1 Bedroom,**,
3519028,Vaughan,2009 October,2 Bedroom,**,
3519028,Vaughan,2009 October,3 Bedroom +,**,
3519028,Vaughan,2009 October,Total,**,
3519028,Vaughan,2010 October,Studio,**,
3519028,Vaughan,2010 October,1 Bedroom,**,
3519028,Vaughan,2010 October,2 Bedroom,**,
3519028,Vaughan,2010 October,3 Bedroom +,**,
3519028,Vaughan,2010 October,Total,**,
3519028,Vaughan,2011 October,Studio,**,
3519028,Vaughan,2011 October,1 Bedroom,**,
3519028,Vaughan,2011 October,2 Bedroom,**,
3519028,Vaughan,2011 October,3 Bedroom +,**,
3519028,Vaughan,2011 October,Total,**,
3519028,Vaughan,2012 October,Studio,**,
3519028,Vaughan,2012 October,1 Bedroom,**,
3519028,Vaughan,2012 October,2 Bedroom,**,
3519028,Vaughan,2012 October,3 Bedroom +,**,
3519028,Vaughan,2012 October,Total,**,
3519028,Vaughan,2013 October,Studio,**,
3519028,Vaughan,2013 October,1 Bedroom,**,
3519028,Vaughan,2013 October,2 Bedroom,**,
3519028,Vaughan,2013 October,3 Bedroom +,**,
3519028,Vaughan,2013 October,Total,**,
3519028,Vaughan,2014 October,Studio,**,
3519028,Vaughan,2014 October,1 Bedroom,**,
3519028,Vaughan,2014 October,2 Bedroom,**,
3519028,Vaughan,2014 October,3 Bedroom +,**,
3519028,Vaughan,2014 October,Total,**,
3519028,Vaughan,2015 October,Studio,**,
3519028,Vaughan,2015 October,1 Bedroom,**,
3519028,Vaughan,2015 October,2 Bedroom,**,
3519028,Vaughan,2015 October,3 Bedroom +,**,
3519028,Vaughan,2015 October,Total,**,
3519028,Vaughan,2016 October,Studio,**,
3519028,Vaughan,2016 October,1 Bedroom,**,
3519028,Vaughan,2016 October,2 Bedroom,**,
3519028,Vaughan,2016 October,3 Bedroom +,**,
3519028,Vaughan,2016 October,Total,**,
3519028,Vaughan,2017 October,Studio,**,
3519028,Vaughan,2017 October,1 Bedroom,**,
3519028,Vaughan,2017 October,2 Bedroom,**,
3519028,Vaughan,2017 October,3 Bedroom +,**,
3519028,Vaughan,2017 October,Total,**,
3519028,Vaughan,2018 October,Studio,**,
3519028,Vaughan,2018 October,1 Bedroom,**,
3519028,Vaughan,2018 October,2 Bedroom,**,
3519028,Vaughan,2018 October,3 Bedroom +,**,
3519028,Vaughan,2018 October,Total,**,
3519028,Vaughan,2019 October,Studio,**,
3519028,Vaughan,2019 October,1 Bedroom,**,
3519028,Vaughan,2019 October,2 Bedroom,**,
3519028,Vaughan,2019 October,3 Bedroom +,**,
3519028,Vaughan,2019 October,Total,**,
3519028,Vaughan,2020 October,Studio,**,
3519028,Vaughan,2020 October,1 Bedroom,**,
3519028,Vaughan,2020 October,2 Bedroom,**,
3519028,Vaughan,2020 October,3 Bedroom +,**,
3519028,Vaughan,2020 October,Total,**,
3519028,Vaughan,2021 October,Studio,**,
3519028,Vaughan,2021 October,1 Bedroom,**,
3519028,Vaughan,2021 October,2 Bedroom,**,
3519028,Vaughan,2021 October,3 Bedroom +,**,
3519028,Vaughan,2021 October,Total,**,
3519028,Vaughan,2022 October,Studio,**,
3519028,Vaughan,2022 October,1 Bedroom,**,
3519028,Vaughan,2022 October,2 Bedroom,**,
3519028,Vaughan,2022 October,3 Bedroom +,**,
3519028,Vaughan,2022 October,Total,**,
3519028,Vaughan,2023 October,Studio,**,
3519028,Vaughan,2023 October,1 Bedroom,**,
3519028,Vaughan,2023 October,2 Bedroom,**,
3519028,Vaughan,2023 October,3 Bedroom +,**,
3519028,Vaughan,2023 October,Total,**,
3519028,Vaughan,2024 October,Studio,**,
3519028,Vaughan,2024 October,1 Bedroom,**,
3519028,Vaughan,2024 October,2 Bedroom,**,
3519028,Vaughan,2024 October,3 Bedroom +,**,
3519028,Vaughan,2024 October,Total,**,
3519028,Vaughan,2025 October,Studio,**,
3519028,Vaughan,2025 October,1 Bedroom,**,
3519028,Vaughan,2025 October,2 Bedroom,**,
3519028,Vaughan,2025 October,3 Bedroom +,**,
3519028,Vaughan,2025 October,Total,**,
3519038,Richmond Hill,1990 October,Studio,1.1,a
3519038,Richmond Hill,1990 October,1 Bedroom,0.5,a
3519038,Richmond Hill,1990 October,2 Bedroom,0.2,a
3519038,Richmond Hill,1990 October,3 Bedroom +,0.0,c
3519038,Richmond Hill,1990 October,Total,0.4,a
3519038,Richmond Hill,1991 October,Studio,0.0,c
3519038,Richmond Hill,1991 October,1 Bedroom,0.2,a
3519038,Richmond Hill,1991 October,2 Bedroom,0.5,a
3519038,Richmond Hill,1991 October,3 Bedroom +,1.1,a
3519038,Richmond Hill,1991 October,Total,0.4,a
3519038,Richmond Hill,1992 October,Studio,0.0,c
3519038,Richmond Hill,1992 October,1 Bedroom,0.2,a
3519038,Richmond Hill,1992 October,2 Bedroom,0.2,a
3519038,Richmond Hill,1992 October,3 Bedroom +,0.0,c
3519038,Richmond Hill,1992 October,Total,0.2,a
3519038,Richmond Hill,1993 October,Studio,0.0,c
3519038,Richmond Hill,1993 October,1 Bedroom,0.2,a
3519038,Richmond Hill,1993 October,2 Bedroom,0.2,a
3519038,Richmond Hill,1993 October,3 Bedroom +,0.0,c
3519038,Richmond Hill,1993 October,Total,0.2,a
3519038,Richmond Hill,1994 October,Studio,1.3,a
3519038,Richmond Hill,1994 October,1 Bedroom,0.0,b
3519038,Richmond Hill,1994 October,2 Bedroom,0.3,a
3519038,Richmond Hill,1994 October,3 Bedroom +,0.0,c
3519038,Richmond Hill,1994 October,Total,0.2,a
3519038,Richmond Hill,1995 October,Studio,0.0,a
3519038,Richmond Hill,1995 October,1 Bedroom,0.0,a
3519038,Richmond Hill,1995 October,2 Bedroom,0.0,a
3519038,Richmond Hill,1995 October,3 Bedroom +,0.0,c
3519038,Richmond Hill,1995 October,Total,0.0,b
3519038,Richmond Hill,1996 October,Studio,1.2,a
3519038,Richmond Hill,1996 October,1 Bedroom,0.3,a
3519038,Richmond Hill,1996 October,2 Bedroom,0.4,a
3519038,Richmond Hill,1996 October,3 Bedroom +,1.2,a
3519038,Richmond Hill,1996 October,Total,0.5,a
3519038,Richmond Hill,1997 October,Studio,0.0,a
3519038,Richmond Hill,1997 October,1 Bedroom,0.2,a
3519038,Richmond Hill,1997 October,2 Bedroom,0.1,a
3519038,Richmond Hill,1997 October,3 Bedroom +,1.0,a
3519038,Richmond Hill,1997 October,Total,0.2,a
3519038,Richmond Hill,1998 October,Studio,0.0,b
3519038,Richmond Hill,1998 October,1 Bedroom,0.7,a
3519038,Richmond Hill,1998 October,2 Bedroom,0.5,a
3519038,Richmond Hill,1998 October,3 Bedroom +,0.0,c
3519038,Richmond Hill,1998 October,Total,0.5,a
3519038,Richmond Hill,1999 October,Studio,0.0,b
3519038,Richmond Hill,1999 October,1 Bedroom,0.0,b
3519038,Richmond Hill,1999 October,2 Bedroom,0.2,a
3519038,Richmond Hill,1999 October,3 Bedroom +,3.2,c
3519038,Richmond Hill,1999 October,Total,0.3,a
3519038,Richmond Hill,2000 October,Studio,3.1,c
3519038,Richmond Hill,2000 October,1 Bedroom,0.0,b
3519038,Richmond Hill,2000 October,2 Bedroom,0.8,a
3519038,Richmond Hill,2000 October,3 Bedroom +,0.0,c
3519038,Richmond Hill,2000 October,Total,0.6,a
3519038,Richmond Hill,2001 October,Studio,0.0,c
3519038,Richmond Hill,2001 October,1 Bedroom,0.2,a
3519038,Richmond Hill,2001 October,2 Bedroom,1.8,b
3519038,Richmond Hill,2001 October,3 Bedroom +,0.0,c
3519038,Richmond Hill,2001 October,Total,1.0,a
3519038,Richmond Hill,2002 October,Studio,0.0,d
3519038,Richmond Hill,2002 October,1 Bedroom,1.4,a
3519038,Richmond Hill,2002 October,2 Bedroom,0.8,a
3519038,Richmond Hill,2002 October,3 Bedroom +,2.6,c
3519038,Richmond Hill,2002 October,Total,1.1,a
3519038,Richmond Hill,2003 October,Studio,**,
3519038,Richmond Hill,2003 October,1 Bedroom,0.6,a
3519038,Richmond Hill,2003 October,2 Bedroom,0.6,a
3519038,Richmond Hill,2003 October,3 Bedroom +,**,
3519038,Richmond Hill,2003 October,Total,0.7,a
3519038,Richmond Hill,2004 October,Studio,0.0,c
3519038,Richmond Hill,2004 October,1 Bedroom,1.1,a
3519038,Richmond Hill,2004 October,2 Bedroom,2.0,a
3519038,Richmond Hill,2004 October,3 Bedroom +,3.8,b
3519038,Richmond Hill,2004 October,Total,1.7,a
3519038,Richmond Hill,2005 October,Studio,3.8,a
3519038,Richmond Hill,2005 October,1 Bedroom,1.2,a
3519038,Richmond Hill,2005 October,2 Bedroom,1.8,a
3519038,Richmond Hill,2005 October,3 Bedroom +,0.0,d
3519038,Richmond Hill,2005 October,Total,1.6,a
3519038,Richmond Hill,2006 October,Studio,0.0,c
3519038,Richmond Hill,2006 October,1 Bedroom,0.7,a
3519038,Richmond Hill,2006 October,2 Bedroom,1.5,a
3519038,Richmond Hill,2006 October,3 Bedroom +,1.3,d
3519038,Richmond Hill,2006 October,Total,1.1,a
3519038,Richmond Hill,2007 October,Studio,2.3,a
3519038,Richmond Hill,2007 October,1 Bedroom,1.0,a
3519038,Richmond Hill,2007 October,2 Bedroom,1.4,a
3519038,Richmond Hill,2007 October,3 Bedroom +,1.4,d
3519038,Richmond Hill,2007 October,Total,1.3,a
3519038,Richmond Hill,2008 October,Studio,1.1,a
3519038,Richmond Hill,2008 October,1 Bedroom,1.3,a
3519038,Richmond Hill,2008 October,2 Bedroom,0.8,a
3519038,Richmond Hill,2008 October,3 Bedroom +,1.2,d
3519038,Richmond Hill,2008 October,Total,1.0,a
3519038,Richmond Hill,2009 October,Studio,1.2,a
3519038,Richmond Hill,2009 October,1 Bedroom,2.6,b
3519038,Richmond Hill,2009 October,2 Bedroom,1.7,b
3519038,Richmond Hill,2009 October,3 Bedroom +,3.9,d
3519038,Richmond Hill,2009 October,Total,2.1,a
3519038,Richmond Hill,2010 October,Studio,6.2,b
3519038,Richmond Hill,2010 October,1 Bedroom,2.4,a
3519038,Richmond Hill,2010 October,2 Bedroom,0.9,a
3519038,Richmond Hill,2010 October,3 Bedroom +,1.3,d
3519038,Richmond Hill,2010 October,Total,1.8,a
3519038,Richmond Hill,2011 October,Studio,2.7,c
3519038,Richmond Hill,2011 October,1 Bedroom,1.0,a
3519038,Richmond Hill,2011 October,2 Bedroom,0.3,a
3519038,Richmond Hill,2011 October,3 Bedroom +,**,
3519038,Richmond Hill,2011 October,Total,0.7,a
3519038,Richmond Hill,2012 October,Studio,1.3,a
3519038,Richmond Hill,2012 October,1 Bedroom,2.2,c
3519038,Richmond Hill,2012 October,2 Bedroom,1.5,a
3519038,Richmond Hill,2012 October,3 Bedroom +,0.0,d
3519038,Richmond Hill,2012 October,Total,1.7,b
3519038,Richmond Hill,2013 October,Studio,9.9,c
3519038,Richmond Hill,2013 October,1 Bedroom,0.5,a
3519038,Richmond Hill,2013 October,2 Bedroom,1.0,a
3519038,Richmond Hill,2013 October,3 Bedroom +,**,
3519038,Richmond Hill,2013 October,Total,1.4,a
3519038,Richmond Hill,2014 October,Studio,1.1,a
3519038,Richmond Hill,2014 October,1 Bedroom,1.2,a
3519038,Richmond Hill,2014 October,2 Bedroom,0.9,a
3519038,Richmond Hill,2014 October,3 Bedroom +,1.3,d
3519038,Richmond Hill,2014 October,Total,1.0,a
3519038,Richmond Hill,2015 October,Studio,1.1,a
3519038,Richmond Hill,2015 October,1 Bedroom,1.1,a
3519038,Richmond Hill,2015 October,2 Bedroom,0.6,a
3519038,Richmond Hill,2015 October,3 Bedroom +,**,
3519038,Richmond Hill,2015 October,Total,1.2,a
3519038,Richmond Hill,2016 October,Studio,0.0,d
3519038,Richmond Hill,2016 October,1 Bedroom,0.6,a
3519038,Richmond Hill,2016 October,2 Bedroom,1.0,a
3519038,Richmond Hill,2016 October,3 Bedroom +,0.0,d
3519038,Richmond Hill,2016 October,Total,0.7,a
3519038,Richmond Hill,2017 October,Studio,2.5,c
3519038,Richmond Hill,2017 October,1 Bedroom,0.4,a
3519038,Richmond Hill,2017 October,2 Bedroom,1.1,a
3519038,Richmond Hill,2017 October,3 Bedroom +,1.2,d
3519038,Richmond Hill,2017 October,Total,0.9,a
3519038,Richmond Hill,2018 October,Studio,**,
3519038,Richmond Hill,2018 October,1 Bedroom,1.4,d
3519038,Richmond Hill,2018 October,2 Bedroom,1.1,a
3519038,Richmond Hill,2018 October,3 Bedroom +,2.8,c
3519038,Richmond Hill,2018 October,Total,1.3,a
3519038,Richmond Hill,2019 October,Studio,0.0,d
3519038,Richmond Hill,2019 October,1 Bedroom,1.8,c
3519038,Richmond Hill,2019 October,2 Bedroom,0.7,a
3519038,Richmond Hill,2019 October,3 Bedroom +,2.1,c
3519038,Richmond Hill,2019 October,Total,1.2,a
3519038,Richmond Hill,2020 October,Studio,0.0,d
3519038,Richmond Hill,2020 October,1 Bedroom,1.5,a
3519038,Richmond Hill,2020 October,2 Bedroom,3.0,c
3519038,Richmond Hill,2020 October,3 Bedroom +,0.0,d
3519038,Richmond Hill,2020 October,Total,2.0,b
3519038,Richmond Hill,2021 October,Studio,**,
3519038,Richmond Hill,2021 October,1 Bedroom,2.5,c
3519038,Richmond Hill,2021 October,2 Bedroom,2.5,b
3519038,Richmond Hill,2021 October,3 Bedroom +,1.4,d
3519038,Richmond Hill,2021 October,Total,2.5,c
3519038,Richmond Hill,2022 October,Studio,**,
3519038,Richmond Hill,2022 October,1 Bedroom,0.8,a
3519038,Richmond Hill,2022 October,2 Bedroom,1.0,a
3519038,Richmond Hill,2022 October,3 Bedroom +,0.0,d
3519038,Richmond Hill,2022 October,Total,0.9,a
3519038,Richmond Hill,2023 October,Studio,0.0,d
3519038,Richmond Hill,2023 October,1 Bedroom,1.5,c
3519038,Richmond Hill,2023 October,2 Bedroom,0.8,a
3519038,Richmond Hill,2023 October,3 Bedroom +,0.0,d
3519038,Richmond Hill,2023 October,Total,1.0,a
3519038,Richmond Hill,2024 October,Studio,**,
3519038,Richmond Hill,2024 October,1 Bedroom,2.6,b
3519038,Richmond Hill,2024 October,2 Bedroom,2.1,b
3519038,Richmond Hill,2024 October,3 Bedroom +,1.1,d
3519038,Richmond Hill,2024 October,Total,2.2,a
3519038,Richmond Hill,2025 October,Studio,0.0,d
3519038,Richmond Hill,2025 October,1 Bedroom,3.1,c
3519038,Richmond Hill,2025 October,2 Bedroom,2.1,b
3519038,Richmond Hill,2025 October,3 Bedroom +,**,
3519038,Richmond Hill,2025 October,Total,2.4,a
3519048,Newmarket,1990 October,Studio,**,
3519048,Newmarket,1990 October,1 Bedroom,1.3,a
3519048,Newmarket,1990 October,2 Bedroom,0.7,a
3519048,Newmarket,1990 October,3 Bedroom +,0.0,d
3519048,Newmarket,1990 October,Total,1.1,a
3519048,Newmarket,1991 October,Studio,0.0,b
3519048,Newmarket,1991 October,1 Bedroom,2.0,c
3519048,Newmarket,1991 October,2 Bedroom,0.7,a
3519048,Newmarket,1991 October,3 Bedroom +,0.0,d
3519048,Newmarket,1991 October,Total,1.1,a
3519048,Newmarket,1992 October,Studio,**,
3519048,Newmarket,1992 October,1 Bedroom,1.3,a
3519048,Newmarket,1992 October,2 Bedroom,1.0,a
3519048,Newmarket,1992 October,3 Bedroom +,2.8,c
3519048,Newmarket,1992 October,Total,1.3,a
3519048,Newmarket,1993 October,Studio,4.0,d
3519048,Newmarket,1993 October,1 Bedroom,2.7,c
3519048,Newmarket,1993 October,2 Bedroom,2.7,b
3519048,Newmarket,1993 October,3 Bedroom +,2.6,a
3519048,Newmarket,1993 October,Total,2.8,a
3519048,Newmarket,1994 October,Studio,**,
3519048,Newmarket,1994 October,1 Bedroom,0.0,c
3519048,Newmarket,1994 October,2 Bedroom,0.5,a
3519048,Newmarket,1994 October,3 Bedroom +,1.2,a
3519048,Newmarket,1994 October,Total,0.5,a
3519048,Newmarket,1995 October,Studio,**,
3519048,Newmarket,1995 October,1 Bedroom,1.9,c
3519048,Newmarket,1995 October,2 Bedroom,0.4,a
3519048,Newmarket,1995 October,3 Bedroom +,0.0,c
3519048,Newmarket,1995 October,Total,1.4,a
3519048,Newmarket,1996 October,Studio,**,
3519048,Newmarket,1996 October,1 Bedroom,0.8,a
3519048,Newmarket,1996 October,2 Bedroom,1.2,a
3519048,Newmarket,1996 October,3 Bedroom +,0.0,c
3519048,Newmarket,1996 October,Total,1.5,a
3519048,Newmarket,1997 October,Studio,**,
3519048,Newmarket,1997 October,1 Bedroom,2.9,c
3519048,Newmarket,1997 October,2 Bedroom,1.2,a
3519048,Newmarket,1997 October,3 Bedroom +,1.3,a
3519048,Newmarket,1997 October,Total,1.9,b
3519048,Newmarket,1998 October,Studio,0.0,c
3519048,Newmarket,1998 October,1 Bedroom,2.0,c
3519048,Newmarket,1998 October,2 Bedroom,0.5,a
3519048,Newmarket,1998 October,3 Bedroom +,0.0,c
3519048,Newmarket,1998 October,Total,1.0,a
3519048,Newmarket,1999 October,Studio,**,
3519048,Newmarket,1999 October,1 Bedroom,3.0,c
3519048,Newmarket,1999 October,2 Bedroom,0.5,a
3519048,Newmarket,1999 October,3 Bedroom +,0.0,d
3519048,Newmarket,1999 October,Total,1.6,c
3519048,Newmarket,2000 October,Studio,0.0,d
3519048,Newmarket,2000 October,1 Bedroom,0.4,b
3519048,Newmarket,2000 October,2 Bedroom,1.2,d
3519048,Newmarket,2000 October,3 Bedroom +,2.0,c
3519048,Newmarket,2000 October,Total,0.8,a
3519048,Newmarket,2001 October,Studio,0.0,c
3519048,Newmarket,2001 October,1 Bedroom,1.1,a
3519048,Newmarket,2001 October,2 Bedroom,0.0,c
3519048,Newmarket,2001 October,3 Bedroom +,**,
3519048,Newmarket,2001 October,Total,0.4,a
3519048,Newmarket,2002 October,Studio,**,
3519048,Newmarket,2002 October,1 Bedroom,1.7,c
3519048,Newmarket,2002 October,2 Bedroom,0.6,a
3519048,Newmarket,2002 October,3 Bedroom +,**,
3519048,Newmarket,2002 October,Total,1.2,a
3519048,Newmarket,2003 October,Studio,**,
3519048,Newmarket,2003 October,1 Bedroom,0.9,a
3519048,Newmarket,2003 October,2 Bedroom,2.1,a
3519048,Newmarket,2003 October,3 Bedroom +,**,
3519048,Newmarket,2003 October,Total,1.5,a
3519048,Newmarket,2004 October,Studio,4.5,d
3519048,Newmarket,2004 October,1 Bedroom,1.7,b
3519048,Newmarket,2004 October,2 Bedroom,2.4,b
3519048,Newmarket,2004 October,3 Bedroom +,6.4,a
3519048,Newmarket,2004 October,Total,2.6,a
3519048,Newmarket,2005 October,Studio,0.0,d
3519048,Newmarket,2005 October,1 Bedroom,1.5,a
3519048,Newmarket,2005 October,2 Bedroom,1.1,d
3519048,Newmarket,2005 October,3 Bedroom +,**,
3519048,Newmarket,2005 October,Total,1.2,a
3519048,Newmarket,2006 October,Studio,**,
3519048,Newmarket,2006 October,1 Bedroom,2.2,c
3519048,Newmarket,2006 October,2 Bedroom,0.5,b
3519048,Newmarket,2006 October,3 Bedroom +,**,
3519048,Newmarket,2006 October,Total,1.3,a
3519048,Newmarket,2007 October,Studio,5.8,d
3519048,Newmarket,2007 October,1 Bedroom,1.3,a
3519048,Newmarket,2007 October,2 Bedroom,2.8,c
3519048,Newmarket,2007 October,3 Bedroom +,8.1,c
3519048,Newmarket,2007 October,Total,2.7,b
3519048,Newmarket,2008 October,Studio,**,
3519048,Newmarket,2008 October,1 Bedroom,2.7,b
3519048,Newmarket,2008 October,2 Bedroom,0.7,a
3519048,Newmarket,2008 October,3 Bedroom +,**,
3519048,Newmarket,2008 October,Total,1.6,b
3519048,Newmarket,2009 October,Studio,**,
3519048,Newmarket,2009 October,1 Bedroom,1.4,a
3519048,Newmarket,2009 October,2 Bedroom,1.0,a
3519048,Newmarket,2009 October,3 Bedroom +,5.0,b
3519048,Newmarket,2009 October,Total,1.5,a
3519048,Newmarket,2010 October,Studio,**,
3519048,Newmarket,2010 October,1 Bedroom,2.5,c
3519048,Newmarket,2010 October,2 Bedroom,1.6,b
3519048,Newmarket,2010 October,3 Bedroom +,**,
3519048,Newmarket,2010 October,Total,2.0,b
3519048,Newmarket,2011 October,Studio,4.7,d
3519048,Newmarket,2011 October,1 Bedroom,0.9,a
3519048,Newmarket,2011 October,2 Bedroom,0.5,b
3519048,Newmarket,2011 October,3 Bedroom +,**,
3519048,Newmarket,2011 October,Total,0.8,a
3519048,Newmarket,2012 October,Studio,0.0,d
3519048,Newmarket,2012 October,1 Bedroom,2.7,c
3519048,Newmarket,2012 October,2 Bedroom,2.1,c
3519048,Newmarket,2012 October,3 Bedroom +,2.2,c
3519048,Newmarket,2012 October,Total,2.2,b
3519048,Newmarket,2013 October,Studio,**,
3519048,Newmarket,2013 October,1 Bedroom,3.1,d
3519048,Newmarket,2013 October,2 Bedroom,1.9,b
3519048,Newmarket,2013 October,3 Bedroom +,2.1,b
3519048,Newmarket,2013 October,Total,3.1,c
3519048,Newmarket,2014 October,Studio,5.6,d
3519048,Newmarket,2014 October,1 Bedroom,1.1,d
3519048,Newmarket,2014 October,2 Bedroom,1.8,c
3519048,Newmarket,2014 October,3 Bedroom +,**,
3519048,Newmarket,2014 October,Total,1.6,c
3519048,Newmarket,2015 October,Studio,**,
3519048,Newmarket,2015 October,1 Bedroom,0.4,b
3519048,Newmarket,2015 October,2 Bedroom,0.3,b
3519048,Newmarket,2015 October,3 Bedroom +,**,
3519048,Newmarket,2015 October,Total,0.5,b
3519048,Newmarket,2016 October,Studio,0.0,d
3519048,Newmarket,2016 October,1 Bedroom,2.8,c
3519048,Newmarket,2016 October,2 Bedroom,0.7,b
3519048,Newmarket,2016 October,3 Bedroom +,**,
3519048,Newmarket,2016 October,Total,1.6,c
3519048,Newmarket,2017 October,Studio,0.0,d
3519048,Newmarket,2017 October,1 Bedroom,2.5,b
3519048,Newmarket,2017 October,2 Bedroom,1.0,a
3519048,Newmarket,2017 October,3 Bedroom +,**,
3519048,Newmarket,2017 October,Total,1.5,a
3519048,Newmarket,2018 October,Studio,0.0,d
3519048,Newmarket,2018 October,1 Bedroom,2.3,c
3519048,Newmarket,2018 October,2 Bedroom,2.4,c
3519048,Newmarket,2018 October,3 Bedroom +,2.3,a
3519048,Newmarket,2018 October,Total,2.2,c
3519048,Newmarket,2019 October,Studio,**,
3519048,Newmarket,2019 October,1 Bedroom,2.2,c
3519048,Newmarket,2019 October,2 Bedroom,1.1,a
3519048,Newmarket,2019 October,3 Bedroom +,0.0,d
3519048,Newmarket,2019 October,Total,1.9,c
3519048,Newmarket,2020 October,Studio,0.0,d
3519048,Newmarket,2020 October,1 Bedroom,1.1,a
3519048,Newmarket,2020 October,2 Bedroom,0.0,d
3519048,Newmarket,2020 October,3 Bedroom +,**,
3519048,Newmarket,2020 October,Total,0.6,a
3519048,Newmarket,2021 October,Studio,0.0,d
3519048,Newmarket,2021 October,1 Bedroom,**,
3519048,Newmarket,2021 October,2 Bedroom,0.0,d
3519048,Newmarket,2021 October,3 Bedroom +,**,
3519048,Newmarket,2021 October,Total,0.9,d
3519048,Newmarket,2022 October,Studio,**,
3519048,Newmarket,2022 October,1 Bedroom,0.5,b
3519048,Newmarket,2022 October,2 Bedroom,0.3,b
3519048,Newmarket,2022 October,3 Bedroom +,**,
3519048,Newmarket,2022 October,Total,0.3,b
3519048,Newmarket,2023 October,Studio,**,
3519048,Newmarket,2023 October,1 Bedroom,**,
3519048,Newmarket,2023 October,2 Bedroom,**,
3519048,Newmarket,2023 October,3 Bedroom +,**,
3519048,Newmarket,2023 October,Total,**,
3519048,Newmarket,2024 October,Studio,**,
3519048,Newmarket,2024 October,1 Bedroom,3.4,d
3519048,Newmarket,2024 October,2 Bedroom,**,
3519048,Newmarket,2024 October,3 Bedroom +,**,
3519048,Newmarket,2024 October,Total,2.8,c
3519048,Newmarket,2025 October,Studio,**,
3519048,Newmarket,2025 October,1 Bedroom,5.0,d
3519048,Newmarket,2025 October,2 Bedroom,**,
3519048,Newmarket,2025 October,3 Bedroom +,**,
3519048,Newmarket,2025 October,Total,**,
3519046,Aurora,1990 October,Studio,**,
3519046,Aurora,1990 October,1 Bedroom,0.5,a
3519046,Aurora,1990 October,2 Bedroom,1.8,c
3519046,Aurora,1990 October,3 Bedroom +,**,
3519046,Aurora,1990 October,Total,1.1,a
3519046,Aurora,1991 October,Studio,**,
3519046,Aurora,1991 October,1 Bedroom,0.5,a
3519046,Aurora,1991 October,2 Bedroom,1.2,a
3519046,Aurora,1991 October,3 Bedroom +,**,
3519046,Aurora,1991 October,Total,1.0,a
3519046,Aurora,1992 October,Studio,14.3,a
3519046,Aurora,1992 October,1 Bedroom,0.0,c
3519046,Aurora,1992 October,2 Bedroom,1.8,c
3519046,Aurora,1992 October,3 Bedroom +,**,
3519046,Aurora,1992 October,Total,1.2,a
3519046,Aurora,1993 October,Studio,**,
3519046,Aurora,1993 October,1 Bedroom,0.5,a
3519046,Aurora,1993 October,2 Bedroom,1.3,a
3519046,Aurora,1993 October,3 Bedroom +,**,
3519046,Aurora,1993 October,Total,0.8,a
3519046,Aurora,1994 October,Studio,**,
3519046,Aurora,1994 October,1 Bedroom,0.0,d
3519046,Aurora,1994 October,2 Bedroom,0.7,b
3519046,Aurora,1994 October,3 Bedroom +,13.1,c
3519046,Aurora,1994 October,Total,5.1,d
3519046,Aurora,1995 October,Studio,**,
3519046,Aurora,1995 October,1 Bedroom,0.4,a
3519046,Aurora,1995 October,2 Bedroom,1.8,b
3519046,Aurora,1995 October,3 Bedroom +,4.7,b
3519046,Aurora,1995 October,Total,2.3,a
3519046,Aurora,1996 October,Studio,**,
3519046,Aurora,1996 October,1 Bedroom,0.0,c
3519046,Aurora,1996 October,2 Bedroom,0.0,c
3519046,Aurora,1996 October,3 Bedroom +,10.8,a
3519046,Aurora,1996 October,Total,3.5,b
3519046,Aurora,1997 October,Studio,8.7,a
3519046,Aurora,1997 October,1 Bedroom,0.4,a
3519046,Aurora,1997 October,2 Bedroom,0.5,a
3519046,Aurora,1997 October,3 Bedroom +,**,
3519046,Aurora,1997 October,Total,0.7,a
3519046,Aurora,1998 October,Studio,**,
3519046,Aurora,1998 October,1 Bedroom,1.0,a
3519046,Aurora,1998 October,2 Bedroom,0.0,d
3519046,Aurora,1998 October,3 Bedroom +,**,
3519046,Aurora,1998 October,Total,0.5,a
3519046,Aurora,1999 October,Studio,0.0,a
3519046,Aurora,1999 October,1 Bedroom,1.1,a
3519046,Aurora,1999 October,2 Bedroom,2.8,c
3519046,Aurora,1999 October,3 Bedroom +,**,
3519046,Aurora,1999 October,Total,1.7,c
3519046,Aurora,2000 October,Studio,**,
3519046,Aurora,2000 October,1 Bedroom,0.5,a
3519046,Aurora,2000 October,2 Bedroom,0.5,a
3519046,Aurora,2000 October,3 Bedroom +,**,
3519046,Aurora,2000 October,Total,0.7,a
3519046,Aurora,2001 October,Studio,**,
3519046,Aurora,2001 October,1 Bedroom,0.0,c
3519046,Aurora,2001 October,2 Bedroom,0.7,a
3519046,Aurora,2001 October,3 Bedroom +,**,
3519046,Aurora,2001 October,Total,0.3,a
3519046,Aurora,2002 October,Studio,0.0,a
3519046,Aurora,2002 October,1 Bedroom,0.5,a
3519046,Aurora,2002 October,2 Bedroom,0.9,a
3519046,Aurora,2002 October,3 Bedroom +,0.0,a
3519046,Aurora,2002 October,Total,0.7,a
3519046,Aurora,2003 October,Studio,**,
3519046,Aurora,2003 October,1 Bedroom,0.0,c
3519046,Aurora,2003 October,2 Bedroom,2.6,c
3519046,Aurora,2003 October,3 Bedroom +,**,
3519046,Aurora,2003 October,Total,1.2,a
3519046,Aurora,2004 October,Studio,**,
3519046,Aurora,2004 October,1 Bedroom,1.6,b
3519046,Aurora,2004 October,2 Bedroom,1.5,a
3519046,Aurora,2004 October,3 Bedroom +,**,
3519046,Aurora,2004 October,Total,1.5,a
3519046,Aurora,2005 October,Studio,**,
3519046,Aurora,2005 October,1 Bedroom,0.7,b
3519046,Aurora,2005 October,2 Bedroom,0.0,d
3519046,Aurora,2005 October,3 Bedroom +,**,
3519046,Aurora,2005 October,Total,0.4,b
3519046,Aurora,2006 October,Studio,**,
3519046,Aurora,2006 October,1 Bedroom,**,
3519046,Aurora,2006 October,2 Bedroom,**,
3519046,Aurora,2006 October,3 Bedroom +,**,
3519046,Aurora,2006 October,Total,0.7,b
3519046,Aurora,2007 October,Studio,**,
3519046,Aurora,2007 October,1 Bedroom,0.0,d
3519046,Aurora,2007 October,2 Bedroom,0.2,a
3519046,Aurora,2007 October,3 Bedroom +,1.2,a
3519046,Aurora,2007 October,Total,0.4,a
3519046,Aurora,2008 October,Studio,**,
3519046,Aurora,2008 October,1 Bedroom,**,
3519046,Aurora,2008 October,2 Bedroom,0.9,a
3519046,Aurora,2008 October,3 Bedroom +,0.8,a
3519046,Aurora,2008 October,Total,1.2,a
3519046,Aurora,2009 October,Studio,**,
3519046,Aurora,2009 October,1 Bedroom,**,
3519046,Aurora,2009 October,2 Bedroom,**,
3519046,Aurora,2009 October,3 Bedroom +,**,
3519046,Aurora,2009 October,Total,**,
3519046,Aurora,2010 October,Studio,**,
3519046,Aurora,2010 October,1 Bedroom,1.1,a
3519046,Aurora,2010 October,2 Bedroom,1.2,a
3519046,Aurora,2010 October,3 Bedroom +,3.8,c
3519046,Aurora,2010 October,Total,1.9,b
3519046,Aurora,2011 October,Studio,**,
3519046,Aurora,2011 October,1 Bedroom,**,
3519046,Aurora,2011 October,2 Bedroom,0.0,d
3519046,Aurora,2011 October,3 Bedroom +,**,
3519046,Aurora,2011 October,Total,**,
3519046,Aurora,2012 October,Studio,**,
3519046,Aurora,2012 October,1 Bedroom,0.0,d
3519046,Aurora,2012 October,2 Bedroom,0.0,d
3519046,Aurora,2012 October,3 Bedroom +,**,
3519046,Aurora,2012 October,Total,0.0,d
3519046,Aurora,2013 October,Studio,**,
3519046,Aurora,2013 October,1 Bedroom,0.0,d
3519046,Aurora,2013 October,2 Bedroom,1.2,d
3519046,Aurora,2013 October,3 Bedroom +,**,
3519046,Aurora,2013 October,Total,**,
3519046,Aurora,2014 October,Studio,**,
3519046,Aurora,2014 October,1 Bedroom,**,
3519046,Aurora,2014 October,2 Bedroom,0.0,d
3519046,Aurora,2014 October,3 Bedroom +,**,
3519046,Aurora,2014 October,Total,0.6,b
3519046,Aurora,2015 October,Studio,**,
3519046,Aurora,2015 October,1 Bedroom,0.0,d
3519046,Aurora,2015 October,2 Bedroom,**,
3519046,Aurora,2015 October,3 Bedroom +,**,
3519046,Aurora,2015 October,Total,0.8,a
3519046,Aurora,2016 October,Studio,**,
3519046,Aurora,2016 October,1 Bedroom,0.0,d
3519046,Aurora,2016 October,2 Bedroom,4.2,d
3519046,Aurora,2016 October,3 Bedroom +,2.0,c
3519046,Aurora,2016 October,Total,2.3,c
3519046,Aurora,2017 October,Studio,**,
3519046,Aurora,2017 October,1 Bedroom,**,
3519046,Aurora,2017 October,2 Bedroom,0.8,d
3519046,Aurora,2017 October,3 Bedroom +,**,
3519046,Aurora,2017 October,Total,2.2,c
3519046,Aurora,2018 October,Studio,**,
3519046,Aurora,2018 October,1 Bedroom,0.6,b
3519046,Aurora,2018 October,2 Bedroom,2.2,c
3519046,Aurora,2018 October,3 Bedroom +,**,
3519046,Aurora,2018 October,Total,**,
3519046,Aurora,2019 October,Studio,**,
3519046,Aurora,2019 October,1 Bedroom,0.0,d
3519046,Aurora,2019 October,2 Bedroom,1.3,d
3519046,Aurora,2019 October,3 Bedroom +,**,
3519046,Aurora,2019 October,Total,0.6,b
3519046,Aurora,2020 October,Studio,**,
3519046,Aurora,2020 October,1 Bedroom,1.7,c
3519046,Aurora,2020 October,2 Bedroom,0.7,a
3519046,Aurora,2020 October,3 Bedroom +,**,
3519046,Aurora,2020 October,Total,0.9,a
3519046,Aurora,2021 October,Studio,**,
3519046,Aurora,2021 October,1 Bedroom,1.7,c
3519046,Aurora,2021 October,2 Bedroom,0.7,a
3519046,Aurora,2021 October,3 Bedroom +,**,
3519046,Aurora,2021 October,Total,1.0,a
3519046,Aurora,2022 October,Studio,**,
3519046,Aurora,2022 October,1 Bedroom,2.7,c
3519046,Aurora,2022 October,2 Bedroom,3.7,d
3519046,Aurora,2022 October,3 Bedroom +,**,
3519046,Aurora,2022 October,Total,2.7,c
3519046,Aurora,2023 October,Studio,**,
3519046,Aurora,2023 October,1 Bedroom,2.4,c
3519046,Aurora,2023 October,2 Bedroom,0.4,b
3519046,Aurora,2023 October,3 Bedroom +,**,
3519046,Aurora,2023 October,Total,1.4,a
3519046,Aurora,2024 October,Studio,**,
3519046,Aurora,2024 October,1 Bedroom,1.8,b
3519046,Aurora,2024 October,2 Bedroom,2.0,b
3519046,Aurora,2024 October,3 Bedroom +,6.0,b
3519046,Aurora,2024 October,Total,2.5,b
3519046,Aurora,2025 October,Studio,**,
3519046,Aurora,2025 October,1 Bedroom,3.6,d
3519046,Aurora,2025 October,2 Bedroom,2.8,a
3519046,Aurora,2025 October,3 Bedroom +,**,
3519046,Aurora,2025 October,Total,2.7,a
3519054,East Gwillimbury,1990 October,1 Bedroom,**,
3519054,East Gwillimbury,1990 October,2 Bedroom,**,
3519054,East Gwillimbury,1990 October,3 Bedroom +,**,
3519054,East Gwillimbury,1990 October,Total,**,
3519054,East Gwillimbury,1991 October,1 Bedroom,**,
3519054,East Gwillimbury,1991 October,2 Bedroom,**,
3519054,East Gwillimbury,1991 October,3 Bedroom +,**,
3519054,East Gwillimbury,1991 October,Total,**,
3519054,East Gwillimbury,1992 October,1 Bedroom,**,
3519054,East Gwillimbury,1992 October,2 Bedroom,**,
3519054,East Gwillimbury,1992 October,3 Bedroom +,**,
3519054,East Gwillimbury,1992 October,Total,**,
3519054,East Gwillimbury,1993 October,1 Bedroom,**,
3519054,East Gwillimbury,1993 October,2 Bedroom,**,
3519054,East Gwillimbury,1993 October,3 Bedroom +,**,
3519054,East Gwillimbury,1993 October,Total,**,
3519054,East Gwillimbury,1994 October,1 Bedroom,**,
3519054,East Gwillimbury,1994 October,2 Bedroom,**,
3519054,East Gwillimbury,1994 October,3 Bedroom +,**,
3519054,East Gwillimbury,1994 October,Total,**,
3519054,East Gwillimbury,1995 October,1 Bedroom,**,
3519054,East Gwillimbury,1995 October,2 Bedroom,**,
3519054,East Gwillimbury,1995 October,3 Bedroom +,**,
3519054,East Gwillimbury,1995 October,Total,**,
3519054,East Gwillimbury,1996 October,1 Bedroom,**,
3519054,East Gwillimbury,1996 October,2 Bedroom,**,
3519054,East Gwillimbury,1996 October,3 Bedroom +,**,
3519054,East Gwillimbury,1996 October,Total,**,
3519054,East Gwillimbury,1997 October,1 Bedroom,**,
3519054,East Gwillimbury,1997 October,2 Bedroom,**,
3519054,East Gwillimbury,1997 October,3 Bedroom +,**,
3519054,East Gwillimbury,1997 October,Total,**,
3519054,East Gwillimbury,1998 October,1 Bedroom,**,
3519054,East Gwillimbury,1998 October,2 Bedroom,**,
3519054,East Gwillimbury,1998 October,3 Bedroom +,**,
3519054,East Gwillimbury,1998 October,Total,**,
3519054,East Gwillimbury,1999 October,1 Bedroom,**,
3519054,East Gwillimbury,1999 October,2 Bedroom,**,
3519054,East Gwillimbury,1999 October,3 Bedroom +,**,
3519054,East Gwillimbury,1999 October,Total,**,
3519054,East Gwillimbury,2000 October,1 Bedroom,**,
3519054,East Gwillimbury,2000 October,2 Bedroom,**,
3519054,East Gwillimbury,2000 October,3 Bedroom +,**,
3519054,East Gwillimbury,2000 October,Total,**,
3519054,East Gwillimbury,2001 October,1 Bedroom,**,
3519054,East Gwillimbury,2001 October,2 Bedroom,**,
3519054,East Gwillimbury,2001 October,3 Bedroom +,**,
3519054,East Gwillimbury,2001 October,Total,**,
3519054,East Gwillimbury,2002 October,1 Bedroom,**,
3519054,East Gwillimbury,2002 October,2 Bedroom,**,
3519054,East Gwillimbury,2002 October,3 Bedroom +,**,
3519054,East Gwillimbury,2002 October,Total,**,
3519054,East Gwillimbury,2003 October,1 Bedroom,**,
3519054,East Gwillimbury,2003 October,2 Bedroom,**,
3519054,East Gwillimbury,2003 October,3 Bedroom +,**,
3519054,East Gwillimbury,2003 October,Total,**,
3519054,East Gwillimbury,2004 October,1 Bedroom,**,
3519054,East Gwillimbury,2004 October,2 Bedroom,**,
3519054,East Gwillimbury,2004 October,3 Bedroom +,**,
3519054,East Gwillimbury,2004 October,Total,**,
3519054,East Gwillimbury,2005 October,1 Bedroom,**,
3519054,East Gwillimbury,2005 October,2 Bedroom,**,
3519054,East Gwillimbury,2005 October,3 Bedroom +,**,
3519054,East Gwillimbury,2005 October,Total,**,
3519054,East Gwillimbury,2006 October,1 Bedroom,**,
3519054,East Gwillimbury,2006 October,2 Bedroom,**,
3519054,East Gwillimbury,2006 October,3 Bedroom +,**,
3519054,East Gwillimbury,2006 October,Total,**,
3519054,East Gwillimbury,2007 October,1 Bedroom,**,
3519054,East Gwillimbury,2007 October,2 Bedroom,**,
3519054,East Gwillimbury,2007 October,3 Bedroom +,**,
3519054,East Gwillimbury,2007 October,Total,**,
3519054,East Gwillimbury,2008 October,1 Bedroom,**,
3519054,East Gwillimbury,2008 October,2 Bedroom,**,
3519054,East Gwillimbury,2008 October,3 Bedroom +,**,
3519054,East Gwillimbury,2008 October,Total,**,
3519054,East Gwillimbury,2009 October,1 Bedroom,**,
3519054,East Gwillimbury,2009 October,2 Bedroom,**,
3519054,East Gwillimbury,2009 October,3 Bedroom +,**,
3519054,East Gwillimbury,2009 October,Total,**,
3519054,East Gwillimbury,2010 October,1 Bedroom,**,
3519054,East Gwillimbury,2010 October,2 Bedroom,**,
3519054,East Gwillimbury,2010 October,3 Bedroom +,**,
3519054,East Gwillimbury,2010 October,Total,**,
3519054,East Gwillimbury,2011 October,1 Bedroom,**,
3519054,East Gwillimbury,2011 October,2 Bedroom,**,
3519054,East Gwillimbury,2011 October,3 Bedroom +,**,
3519054,East Gwillimbury,2011 October,Total,**,
3519054,East Gwillimbury,2012 October,1 Bedroom,**,
3519054,East Gwillimbury,2012 October,2 Bedroom,**,
3519054,East Gwillimbury,2012 October,3 Bedroom +,**,
3519054,East Gwillimbury,2012 October,Total,**,
3519054,East Gwillimbury,2013 October,1 Bedroom,**,
3519054,East Gwillimbury,2013 October,2 Bedroom,**,
3519054,East Gwillimbury,2013 October,3 Bedroom +,**,
3519054,East Gwillimbury,2013 October,Total,**,
3519054,East Gwillimbury,2014 October,1 Bedroom,**,
3519054,East Gwillimbury,2014 October,2 Bedroom,**,
3519054,East Gwillimbury,2014 October,3 Bedroom +,**,
3519054,East Gwillimbury,2014 October,Total,**,
3519054,East Gwillimbury,2015 October,1 Bedroom,**,
3519054,East Gwillimbury,2015 October,2 Bedroom,**,
3519054,East Gwillimbury,2015 October,3 Bedroom +,**,
3519054,East Gwillimbury,2015 October,Total,**,
3519054,East Gwillimbury,2016 October,1 Bedroom,**,
3519054,East Gwillimbury,2016 October,2 Bedroom,**,
3519054,East Gwillimbury,2016 October,3 Bedroom +,**,
3519054,East Gwillimbury,2016 October,Total,**,
3519054,East Gwillimbury,2017 October,1 Bedroom,**,
3519054,East Gwillimbury,2017 October,2 Bedroom,**,
3519054,East Gwillimbury,2017 October,3 Bedroom +,**,
3519054,East Gwillimbury,2017 October,Total,**,
3519054,East Gwillimbury,2018 October,1 Bedroom,**,
3519054,East Gwillimbury,2018 October,2 Bedroom,**,
3519054,East Gwillimbury,2018 October,3 Bedroom +,**,
3519054,East Gwillimbury,2018 October,Total,**,
3519054,East Gwillimbury,2019 October,1 Bedroom,**,
3519054,East Gwillimbury,2019 October,2 Bedroom,**,
3519054,East Gwillimbury,2019 October,3 Bedroom +,**,
3519054,East Gwillimbury,2019 October,Total,**,
3519054,East Gwillimbury,2020 October,1 Bedroom,**,
3519054,East Gwillimbury,2020 October,2 Bedroom,**,
3519054,East Gwillimbury,2020 October,3 Bedroom +,**,
3519054,East Gwillimbury,2020 October,Total,**,
3519054,East Gwillimbury,2021 October,1 Bedroom,**,
3519054,East Gwillimbury,2021 October,2 Bedroom,**,
3519054,East Gwillimbury,2021 October,3 Bedroom +,**,
3519054,East Gwillimbury,2021 October,Total,**,
3519054,East Gwillimbury,2022 October,1 Bedroom,**,
3519054,East Gwillimbury,2022 October,2 Bedroom,**,
3519054,East Gwillimbury,2022 October,3 Bedroom +,**,
3519054,East Gwillimbury,2022 October,Total,**,
3519054,East Gwillimbury,2023 October,1 Bedroom,**,
3519054,East Gwillimbury,2023 October,2 Bedroom,**,
3519054,East Gwillimbury,2023 October,3 Bedroom +,**,
3519054,East Gwillimbury,2023 October,Total,**,
3519054,East Gwillimbury,2024 October,1 Bedroom,**,
3519054,East Gwillimbury,2024 October,2 Bedroom,**,
3519054,East Gwillimbury,2024 October,3 Bedroom +,**,
3519054,East Gwillimbury,2024 October,Total,**,
3519054,East Gwillimbury,2025 October,1 Bedroom,**,
3519054,East Gwillimbury,2025 October,2 Bedroom,**,
3519054,East Gwillimbury,2025 October,3 Bedroom +,**,
3519054,East Gwillimbury,2025 October,Total,**,
3519070,Georgina,1990 October,Studio,**,
3519070,Georgina,1990 October,1 Bedroom,**,
3519070,Georgina,1990 October,2 Bedroom,6.4,b
3519070,Georgina,1990 October,3 Bedroom +,**,
3519070,Georgina,1990 October,Total,4.2,b
3519070,Georgina,1991 October,Studio,**,
3519070,Georgina,1991 October,1 Bedroom,13.3,d
3519070,Georgina,1991 October,2 Bedroom,8.8,b
3519070,Georgina,1991 October,3 Bedroom +,**,
3519070,Georgina,1991 October,Total,9.1,b
3519070,Georgina,1992 October,Studio,**,
3519070,Georgina,1992 October,1 Bedroom,0.0,d
3519070,Georgina,1992 October,2 Bedroom,**,
3519070,Georgina,1992 October,3 Bedroom +,**,
3519070,Georgina,1992 October,Total,**,
3519070,Georgina,1993 October,Studio,**,
3519070,Georgina,1993 October,1 Bedroom,4.5,d
3519070,Georgina,1993 October,2 Bedroom,6.5,c
3519070,Georgina,1993 October,3 Bedroom +,**,
3519070,Georgina,1993 October,Total,6.0,c
3519070,Georgina,1994 October,Studio,8.7,a
3519070,Georgina,1994 October,1 Bedroom,2.7,c
3519070,Georgina,1994 October,2 Bedroom,3.7,c
3519070,Georgina,1994 October,3 Bedroom +,4.3,a
3519070,Georgina,1994 October,Total,3.7,b
3519070,Georgina,1995 October,Studio,**,
3519070,Georgina,1995 October,1 Bedroom,**,
3519070,Georgina,1995 October,2 Bedroom,**,
3519070,Georgina,1995 October,3 Bedroom +,19.9,d
3519070,Georgina,1995 October,Total,**,
3519070,Georgina,1996 October,Studio,**,
3519070,Georgina,1996 October,1 Bedroom,**,
3519070,Georgina,1996 October,2 Bedroom,0.0,d
3519070,Georgina,1996 October,3 Bedroom +,**,
3519070,Georgina,1996 October,Total,0.7,b
3519070,Georgina,1997 October,Studio,**,
3519070,Georgina,1997 October,1 Bedroom,**,
3519070,Georgina,1997 October,2 Bedroom,**,
3519070,Georgina,1997 October,3 Bedroom +,9.5,c
3519070,Georgina,1997 October,Total,7.3,c
3519070,Georgina,1998 October,Studio,**,
3519070,Georgina,1998 October,1 Bedroom,**,
3519070,Georgina,1998 October,2 Bedroom,**,
3519070,Georgina,1998 October,3 Bedroom +,**,
3519070,Georgina,1998 October,Total,4.2,d
3519070,Georgina,1999 October,Studio,**,
3519070,Georgina,1999 October,1 Bedroom,0.0,d
3519070,Georgina,1999 October,2 Bedroom,**,
3519070,Georgina,1999 October,3 Bedroom +,**,
3519070,Georgina,1999 October,Total,1.6,c
3519070,Georgina,2000 October,Studio,**,
3519070,Georgina,2000 October,1 Bedroom,1.4,d
3519070,Georgina,2000 October,2 Bedroom,**,
3519070,Georgina,2000 October,3 Bedroom +,**,
3519070,Georgina,2000 October,Total,**,
3519070,Georgina,2001 October,Studio,**,
3519070,Georgina,2001 October,1 Bedroom,5.0,d
3519070,Georgina,2001 October,2 Bedroom,**,
3519070,Georgina,2001 October,3 Bedroom +,**,
3519070,Georgina,2001 October,Total,**,
3519070,Georgina,2002 October,Studio,**,
3519070,Georgina,2002 October,1 Bedroom,**,
3519070,Georgina,2002 October,2 Bedroom,**,
3519070,Georgina,2002 October,3 Bedroom +,**,
3519070,Georgina,2002 October,Total,**,
3519070,Georgina,2003 October,Studio,**,
3519070,Georgina,2003 October,1 Bedroom,**,
3519070,Georgina,2003 October,2 Bedroom,**,
3519070,Georgina,2003 October,3 Bedroom +,**,
3519070,Georgina,2003 October,Total,**,
3519070,Georgina,2004 October,Studio,**,
3519070,Georgina,2004 October,1 Bedroom,2.7,c
3519070,Georgina,2004 October,2 Bedroom,5.6,c
3519070,Georgina,2004 October,3 Bedroom +,2.6,a
3519070,Georgina,2004 October,Total,4.1,c
3519070,Georgina,2005 October,Studio,**,
3519070,Georgina,2005 October,1 Bedroom,0.0,d
3519070,Georgina,2005 October,2 Bedroom,**,
3519070,Georgina,2005 October,3 Bedroom +,0.8,a
3519070,Georgina,2005 October,Total,1.2,a
3519070,Georgina,2006 October,Studio,**,
3519070,Georgina,2006 October,1 Bedroom,**,
3519070,Georgina,2006 October,2 Bedroom,**,
3519070,Georgina,2006 October,3 Bedroom +,**,
3519070,Georgina,2006 October,Total,**,
3519070,Georgina,2007 October,Studio,**,
3519070,Georgina,2007 October,1 Bedroom,0.0,d
3519070,Georgina,2007 October,2 Bedroom,**,
3519070,Georgina,2007 October,3 Bedroom +,**,
3519070,Georgina,2007 October,Total,0.7,b
3519070,Georgina,2008 October,Studio,**,
3519070,Georgina,2008 October,1 Bedroom,0.0,d
3519070,Georgina,2008 October,2 Bedroom,**,
3519070,Georgina,2008 October,3 Bedroom +,**,
3519070,Georgina,2008 October,Total,**,
3519070,Georgina,2009 October,Studio,**,
3519070,Georgina,2009 October,1 Bedroom,3.2,d
3519070,Georgina,2009 October,2 Bedroom,0.6,a
3519070,Georgina,2009 October,3 Bedroom +,3.3,c
3519070,Georgina,2009 October,Total,1.9,b
3519070,Georgina,2010 October,Studio,**,
3519070,Georgina,2010 October,1 Bedroom,3.0,d
3519070,Georgina,2010 October,2 Bedroom,**,
3519070,Georgina,2010 October,3 Bedroom +,**,
3519070,Georgina,2010 October,Total,**,
3519070,Georgina,2011 October,Studio,**,
3519070,Georgina,2011 October,1 Bedroom,0.0,c
3519070,Georgina,2011 October,2 Bedroom,0.9,a
3519070,Georgina,2011 October,3 Bedroom +,**,
3519070,Georgina,2011 October,Total,0.5,a
3519070,Georgina,2012 October,Studio,**,
3519070,Georgina,2012 October,1 Bedroom,0.0,d
3519070,Georgina,2012 October,2 Bedroom,0.6,b
3519070,Georgina,2012 October,3 Bedroom +,**,
3519070,Georgina,2012 October,Total,0.9,a
3519070,Georgina,2013 October,Studio,**,
3519070,Georgina,2013 October,1 Bedroom,**,
3519070,Georgina,2013 October,2 Bedroom,0.5,a
3519070,Georgina,2013 October,3 Bedroom +,**,
3519070,Georgina,2013 October,Total,2.1,c
3519070,Georgina,2014 October,Studio,**,
3519070,Georgina,2014 October,1 Bedroom,0.0,d
3519070,Georgina,2014 October,2 Bedroom,0.5,b
3519070,Georgina,2014 October,3 Bedroom +,**,
3519070,Georgina,2014 October,Total,0.3,b
3519070,Georgina,2015 October,Studio,**,
3519070,Georgina,2015 October,1 Bedroom,0.0,d
3519070,Georgina,2015 October,2 Bedroom,**,
3519070,Georgina,2015 October,3 Bedroom +,**,
3519070,Georgina,2015 October,Total,**,
3519070,Georgina,2016 October,Studio,**,
3519070,Georgina,2016 October,1 Bedroom,**,
3519070,Georgina,2016 October,2 Bedroom,**,
3519070,Georgina,2016 October,3 Bedroom +,1.3,a
3519070,Georgina,2016 October,Total,**,
3519070,Georgina,2017 October,Studio,**,
3519070,Georgina,2017 October,1 Bedroom,0.0,d
3519070,Georgina,2017 October,2 Bedroom,**,
3519070,Georgina,2017 October,3 Bedroom +,**,
3519070,Georgina,2017 October,Total,**,
3519070,Georgina,2018 October,Studio,**,
3519070,Georgina,2018 October,1 Bedroom,1.4,d
3519070,Georgina,2018 October,2 Bedroom,**,
3519070,Georgina,2018 October,3 Bedroom +,**,
3519070,Georgina,2018 October,Total,**,
3519070,Georgina,2019 October,Studio,**,
3519070,Georgina,2019 October,1 Bedroom,0.0,d
3519070,Georgina,2019 October,2 Bedroom,0.0,d
3519070,Georgina,2019 October,3 Bedroom +,**,
3519070,Georgina,2019 October,Total,0.0,d
3519070,Georgina,2020 October,Studio,**,
3519070,Georgina,2020 October,1 Bedroom,0.0,d
3519070,Georgina,2020 October,2 Bedroom,0.0,d
3519070,Georgina,2020 October,3 Bedroom +,**,
3519070,Georgina,2020 October,Total,0.0,d
3519070,Georgina,2021 October,Studio,**,
3519070,Georgina,2021 October,1 Bedroom,**,
3519070,Georgina,2021 October,2 Bedroom,**,
3519070,Georgina,2021 October,3 Bedroom +,**,
3519070,Georgina,2021 October,Total,**,
3519070,Georgina,2022 October,Studio,**,
3519070,Georgina,2022 October,1 Bedroom,**,
3519070,Georgina,2022 October,2 Bedroom,**,
3519070,Georgina,2022 October,3 Bedroom +,**,
3519070,Georgina,2022 October,Total,1.4,d
3519070,Georgina,2023 October,Studio,**,
3519070,Georgina,2023 October,1 Bedroom,0.0,d
3519070,Georgina,2023 October,2 Bedroom,1.1,d
3519070,Georgina,2023 October,3 Bedroom +,**,
3519070,Georgina,2023 October,Total,0.8,d
3519070,Georgina,2024 October,Studio,**,
3519070,Georgina,2024 October,1 Bedroom,**,
3519070,Georgina,2024 October,2 Bedroom,0.0,d
3519070,Georgina,2024 October,3 Bedroom +,1.1,a
3519070,Georgina,2024 October,Total,0.4,b
3519070,Georgina,2025 October,Studio,**,
3519070,Georgina,2025 October,1 Bedroom,**,
3519070,Georgina,2025 October,2 Bedroom,**,
3519070,Georgina,2025 October,3 Bedroom +,**,
3519070,Georgina,2025 October,Total,**,
3519044,Whitchurch-Stouffville,1990 October,Studio,**,
3519044,Whitchurch-Stouffville,1990 October,1 Bedroom,3.7,a
3519044,Whitchurch-Stouffville,1990 October,2 Bedroom,0.0,c
3519044,Whitchurch-Stouffville,1990 October,3 Bedroom +,**,
3519044,Whitchurch-Stouffville,1990 October,Total,1.4,a
3519044,Whitchurch-Stouffville,1991 October,Studio,**,
3519044,Whitchurch-Stouffville,1991 October,1 Bedroom,**,
3519044,Whitchurch-Stouffville,1991 October,2 Bedroom,0.0,c
3519044,Whitchurch-Stouffville,1991 October,3 Bedroom +,**,
3519044,Whitchurch-Stouffville,1991 October,Total,0.0,c
3519044,Whitchurch-Stouffville,1992 October,Studio,**,
3519044,Whitchurch-Stouffville,1992 October,1 Bedroom,**,
3519044,Whitchurch-Stouffville,1992 October,2 Bedroom,1.4,a
3519044,Whitchurch-Stouffville,1992 October,3 Bedroom +,**,
3519044,Whitchurch-Stouffville,1992 October,Total,0.9,a
3519044,Whitchurch-Stouffville,1993 October,Studio,**,
3519044,Whitchurch-Stouffville,1993 October,1 Bedroom,**,
3519044,Whitchurch-Stouffville,1993 October,2 Bedroom,0.0,c
3519044,Whitchurch-Stouffville,1993 October,3 Bedroom +,**,
3519044,Whitchurch-Stouffville,1993 October,Total,0.0,c
3519044,Whitchurch-Stouffville,1994 October,Studio,**,
3519044,Whitchurch-Stouffville,1994 October,1 Bedroom,**,
3519044,Whitchurch-Stouffville,1994 October,2 Bedroom,0.0,c
3519044,Whitchurch-Stouffville,1994 October,3 Bedroom +,**,
3519044,Whitchurch-Stouffville,1994 October,Total,0.0,c
3519044,Whitchurch-Stouffville,1995 October,Studio,**,
3519044,Whitchurch-Stouffville,1995 October,1 Bedroom,0.0,c
3519044,Whitchurch-Stouffville,1995 October,2 Bedroom,0.0,c
3519044,Whitchurch-Stouffville,1995 October,3 Bedroom +,**,
3519044,Whitchurch-Stouffville,1995 October,Total,0.0,c
3519044,Whitchurch-Stouffville,1996 October,Studio,**,
3519044,Whitchurch-Stouffville,1996 October,1 Bedroom,0.0,c
3519044,Whitchurch-Stouffville,1996 October,2 Bedroom,0.0,c
3519044,Whitchurch-Stouffville,1996 October,3 Bedroom +,**,
3519044,Whitchurch-Stouffville,1996 October,Total,0.0,c
3519044,Whitchurch-Stouffville,1997 October,Studio,**,
3519044,Whitchurch-Stouffville,1997 October,1 Bedroom,1.2,a
3519044,Whitchurch-Stouffville,1997 October,2 Bedroom,0.9,a
3519044,Whitchurch-Stouffville,1997 October,3 Bedroom +,**,
3519044,Whitchurch-Stouffville,1997 October,Total,1.0,a
3519044,Whitchurch-Stouffville,1998 October,Studio,**,
3519044,Whitchurch-Stouffville,1998 October,1 Bedroom,**,
3519044,Whitchurch-Stouffville,1998 October,2 Bedroom,0.0,d
3519044,Whitchurch-Stouffville,1998 October,3 Bedroom +,**,
3519044,Whitchurch-Stouffville,1998 October,Total,0.0,d
3519044,Whitchurch-Stouffville,1999 October,Studio,**,
3519044,Whitchurch-Stouffville,1999 October,1 Bedroom,0.0,c
3519044,Whitchurch-Stouffville,1999 October,2 Bedroom,1.1,a
3519044,Whitchurch-Stouffville,1999 October,3 Bedroom +,**,
3519044,Whitchurch-Stouffville,1999 October,Total,0.7,b
3519044,Whitchurch-Stouffville,2000 October,Studio,**,
3519044,Whitchurch-Stouffville,2000 October,1 Bedroom,0.0,d
3519044,Whitchurch-Stouffville,2000 October,2 Bedroom,0.0,d
3519044,Whitchurch-Stouffville,2000 October,3 Bedroom +,**,
3519044,Whitchurch-Stouffville,2000 October,Total,0.0,d
3519044,Whitchurch-Stouffville,2001 October,Studio,**,
3519044,Whitchurch-Stouffville,2001 October,1 Bedroom,**,
3519044,Whitchurch-Stouffville,2001 October,2 Bedroom,**,
3519044,Whitchurch-Stouffville,2001 October,3 Bedroom +,**,
3519044,Whitchurch-Stouffville,2001 October,Total,**,
3519044,Whitchurch-Stouffville,2002 October,Studio,**,
3519044,Whitchurch-Stouffville,2002 October,1 Bedroom,**,
3519044,Whitchurch-Stouffville,2002 October,2 Bedroom,**,
3519044,Whitchurch-Stouffville,2002 October,3 Bedroom +,**,
3519044,Whitchurch-Stouffville,2002 October,Total,**,
3519044,Whitchurch-Stouffville,2003 October,Studio,**,
3519044,Whitchurch-Stouffville,2003 October,1 Bedroom,**,
3519044,Whitchurch-Stouffville,2003 October,2 Bedroom,**,
3519044,Whitchurch-Stouffville,2003 October,3 Bedroom +,**,
3519044,Whitchurch-Stouffville,2003 October,Total,**,
3519044,Whitchurch-Stouffville,2004 October,Studio,**,
3519044,Whitchurch-Stouffville,2004 October,1 Bedroom,**,
3519044,Whitchurch-Stouffville,2004 October,2 Bedroom,3.4,c
3519044,Whitchurch-Stouffville,2004 October,3 Bedroom +,**,
3519044,Whitchurch-Stouffville,2004 October,Total,2.7,b
3519044,Whitchurch-Stouffville,2005 October,Studio,**,
3519044,Whitchurch-Stouffville,2005 October,1 Bedroom,0.0,c
3519044,Whitchurch-Stouffville,2005 October,2 Bedroom,2.3,b
3519044,Whitchurch-Stouffville,2005 October,3 Bedroom +,**,
3519044,Whitchurch-Stouffville,2005 October,Total,1.4,a
3519044,Whitchurch-Stouffville,2006 October,Studio,**,
3519044,Whitchurch-Stouffville,2006 October,1 Bedroom,0.0,c
3519044,Whitchurch-Stouffville,2006 October,2 Bedroom,0.9,a
3519044,Whitchurch-Stouffville,2006 October,3 Bedroom +,**,
3519044,Whitchurch-Stouffville,2006 October,Total,0.5,a
3519044,Whitchurch-Stouffville,2007 October,Studio,**,
3519044,Whitchurch-Stouffville,2007 October,1 Bedroom,**,
3519044,Whitchurch-Stouffville,2007 October,2 Bedroom,**,
3519044,Whitchurch-Stouffville,2007 October,3 Bedroom +,**,
3519044,Whitchurch-Stouffville,2007 October,Total,**,
3519044,Whitchurch-Stouffville,2008 October,Studio,**,
3519044,Whitchurch-Stouffville,2008 October,1 Bedroom,**,
3519044,Whitchurch-Stouffville,2008 October,2 Bedroom,5.8,d
3519044,Whitchurch-Stouffville,2008 October,3 Bedroom +,**,
3519044,Whitchurch-Stouffville,2008 October,Total,4.6,d
3519044,Whitchurch-Stouffville,2009 October,Studio,**,
3519044,Whitchurch-Stouffville,2009 October,1 Bedroom,**,
3519044,Whitchurch-Stouffville,2009 October,2 Bedroom,**,
3519044,Whitchurch-Stouffville,2009 October,3 Bedroom +,**,
3519044,Whitchurch-Stouffville,2009 October,Total,0.8,d
3519044,Whitchurch-Stouffville,2010 October,Studio,**,
3519044,Whitchurch-Stouffville,2010 October,1 Bedroom,0.0,c
3519044,Whitchurch-Stouffville,2010 October,2 Bedroom,5.9,c
3519044,Whitchurch-Stouffville,2010 October,3 Bedroom +,**,
3519044,Whitchurch-Stouffville,2010 October,Total,3.7,d
3519044,Whitchurch-Stouffville,2011 October,Studio,**,
3519044,Whitchurch-Stouffville,2011 October,1 Bedroom,0.0,c
3519044,Whitchurch-Stouffville,2011 October,2 Bedroom,2.5,c
3519044,Whitchurch-Stouffville,2011 October,3 Bedroom +,**,
3519044,Whitchurch-Stouffville,2011 October,Total,1.4,a
3519044,Whitchurch-Stouffville,2012 October,Studio,**,
3519044,Whitchurch-Stouffville,2012 October,1 Bedroom,1.8,c
3519044,Whitchurch-Stouffville,2012 October,2 Bedroom,0.0,c
3519044,Whitchurch-Stouffville,2012 October,3 Bedroom +,**,
3519044,Whitchurch-Stouffville,2012 October,Total,0.8,a
3519044,Whitchurch-Stouffville,2013 October,Studio,**,
3519044,Whitchurch-Stouffville,2013 October,1 Bedroom,0.0,c
3519044,Whitchurch-Stouffville,2013 October,2 Bedroom,1.1,a
3519044,Whitchurch-Stouffville,2013 October,3 Bedroom +,**,
3519044,Whitchurch-Stouffville,2013 October,Total,0.7,a
3519044,Whitchurch-Stouffville,2014 October,Studio,**,
3519044,Whitchurch-Stouffville,2014 October,1 Bedroom,1.5,c
3519044,Whitchurch-Stouffville,2014 October,2 Bedroom,8.1,c
3519044,Whitchurch-Stouffville,2014 October,3 Bedroom +,**,
3519044,Whitchurch-Stouffville,2014 October,Total,5.4,d
3519044,Whitchurch-Stouffville,2015 October,Studio,**,
3519044,Whitchurch-Stouffville,2015 October,1 Bedroom,**,
3519044,Whitchurch-Stouffville,2015 October,2 Bedroom,**,
3519044,Whitchurch-Stouffville,2015 October,3 Bedroom +,**,
3519044,Whitchurch-Stouffville,2015 October,Total,**,
3519044,Whitchurch-Stouffville,2016 October,Studio,**,
3519044,Whitchurch-Stouffville,2016 October,1 Bedroom,0.0,c
3519044,Whitchurch-Stouffville,2016 October,2 Bedroom,2.6,c
3519044,Whitchurch-Stouffville,2016 October,3 Bedroom +,**,
3519044,Whitchurch-Stouffville,2016 October,Total,1.6,c
3519044,Whitchurch-Stouffville,2017 October,Studio,**,
3519044,Whitchurch-Stouffville,2017 October,1 Bedroom,0.0,d
3519044,Whitchurch-Stouffville,2017 October,2 Bedroom,**,
3519044,Whitchurch-Stouffville,2017 October,3 Bedroom +,**,
3519044,Whitchurch-Stouffville,2017 October,Total,**,
3519044,Whitchurch-Stouffville,2018 October,Studio,**,
3519044,Whitchurch-Stouffville,2018 October,1 Bedroom,**,
3519044,Whitchurch-Stouffville,2018 October,2 Bedroom,**,
3519044,Whitchurch-Stouffville,2018 October,3 Bedroom +,**,
3519044,Whitchurch-Stouffville,2018 October,Total,**,
3519044,Whitchurch-Stouffville,2019 October,Studio,**,
3519044,Whitchurch-Stouffville,2019 October,1 Bedroom,**,
3519044,Whitchurch-Stouffville,2019 October,2 Bedroom,0.0,d
3519044,Whitchurch-Stouffville,2019 October,3 Bedroom +,**,
3519044,Whitchurch-Stouffville,2019 October,Total,0.0,d
3519044,Whitchurch-Stouffville,2020 October,Studio,**,
3519044,Whitchurch-Stouffville,2020 October,1 Bedroom,**,
3519044,Whitchurch-Stouffville,2020 October,2 Bedroom,**,
3519044,Whitchurch-Stouffville,2020 October,3 Bedroom +,**,
3519044,Whitchurch-Stouffville,2020 October,Total,**,
3519044,Whitchurch-Stouffville,2021 October,Studio,**,
3519044,Whitchurch-Stouffville,2021 October,1 Bedroom,**,
3519044,Whitchurch-Stouffville,2021 October,2 Bedroom,**,
3519044,Whitchurch-Stouffville,2021 October,3 Bedroom +,**,
3519044,Whitchurch-Stouffville,2021 October,Total,**,
3519044,Whitchurch-Stouffville,2022 October,Studio,**,
3519044,Whitchurch-Stouffville,2022 October,1 Bedroom,**,
3519044,Whitchurch-Stouffville,2022 October,2 Bedroom,**,
3519044,Whitchurch-Stouffville,2022 October,3 Bedroom +,**,
3519044,Whitchurch-Stouffville,2022 October,Total,**,
3519044,Whitchurch-Stouffville,2023 October,Studio,**,
3519044,Whitchurch-Stouffville,2023 October,1 Bedroom,**,
3519044,Whitchurch-Stouffville,2023 October,2 Bedroom,**,
3519044,Whitchurch-Stouffville,2023 October,3 Bedroom +,**,
3519044,Whitchurch-Stouffville,2023 October,Total,**,
3519044,Whitchurch-Stouffville,2024 October,Studio,**,
3519044,Whitchurch-Stouffville,2024 October,1 Bedroom,**,
3519044,Whitchurch-Stouffville,2024 October,2 Bedroom,**,
3519044,Whitchurch-Stouffville,2024 October,3 Bedroom +,**,
3519044,Whitchurch-Stouffville,2024 October,Total,**,
3519044,Whitchurch-Stouffville,2025 October,Studio,**,
3519044,Whitchurch-Stouffville,2025 October,1 Bedroom,**,
3519044,Whitchurch-Stouffville,2025 October,2 Bedroom,**,
3519044,Whitchurch-Stouffville,2025 October,3 Bedroom +,**,
3519044,Whitchurch-Stouffville,2025 October,Total,**,
3518013,Oshawa,1990 October,Studio,6.7,c
3518013,Oshawa,1990 October,1 Bedroom,2.3,a
3518013,Oshawa,1990 October,2 Bedroom,1.4,a
3518013,Oshawa,1990 October,3 Bedroom +,3.7,a
3518013,Oshawa,1990 October,Total,2.3,a
3518013,Oshawa,1991 October,Studio,**,
3518013,Oshawa,1991 October,1 Bedroom,3.0,a
3518013,Oshawa,1991 October,2 Bedroom,3.4,b
3518013,Oshawa,1991 October,3 Bedroom +,3.0,a
3518013,Oshawa,1991 October,Total,3.3,a
3518013,Oshawa,1992 October,Studio,**,
3518013,Oshawa,1992 October,1 Bedroom,6.5,b
3518013,Oshawa,1992 October,2 Bedroom,3.9,b
3518013,Oshawa,1992 October,3 Bedroom +,3.1,a
3518013,Oshawa,1992 October,Total,4.5,a
3518013,Oshawa,1993 October,Studio,6.4,c
3518013,Oshawa,1993 October,1 Bedroom,4.0,b
3518013,Oshawa,1993 October,2 Bedroom,3.8,b
3518013,Oshawa,1993 October,3 Bedroom +,3.2,a
3518013,Oshawa,1993 October,Total,3.8,a
3518013,Oshawa,1994 October,Studio,8.0,c
3518013,Oshawa,1994 October,1 Bedroom,3.7,b
3518013,Oshawa,1994 October,2 Bedroom,2.9,a
3518013,Oshawa,1994 October,3 Bedroom +,2.4,a
3518013,Oshawa,1994 October,Total,3.1,b
3518013,Oshawa,1995 October,Studio,8.7,c
3518013,Oshawa,1995 October,1 Bedroom,3.0,b
3518013,Oshawa,1995 October,2 Bedroom,2.7,a
3518013,Oshawa,1995 October,3 Bedroom +,2.7,a
3518013,Oshawa,1995 October,Total,2.9,a
3518013,Oshawa,1996 October,Studio,12.6,d
3518013,Oshawa,1996 October,1 Bedroom,4.1,b
3518013,Oshawa,1996 October,2 Bedroom,3.7,b
3518013,Oshawa,1996 October,3 Bedroom +,6.1,c
3518013,Oshawa,1996 October,Total,4.5,b
3518013,Oshawa,1997 October,Studio,**,
3518013,Oshawa,1997 October,1 Bedroom,2.5,b
3518013,Oshawa,1997 October,2 Bedroom,2.1,a
3518013,Oshawa,1997 October,3 Bedroom +,3.7,b
3518013,Oshawa,1997 October,Total,2.6,a
3518013,Oshawa,1998 October,Studio,6.6,c
3518013,Oshawa,1998 October,1 Bedroom,2.9,a
3518013,Oshawa,1998 October,2 Bedroom,1.6,a
3518013,Oshawa,1998 October,3 Bedroom +,1.8,a
3518013,Oshawa,1998 October,Total,2.1,a
3518013,Oshawa,1999 October,Studio,**,
3518013,Oshawa,1999 October,1 Bedroom,2.3,b
3518013,Oshawa,1999 October,2 Bedroom,1.9,a
3518013,Oshawa,1999 October,3 Bedroom +,1.5,a
3518013,Oshawa,1999 October,Total,1.9,a
3518013,Oshawa,2000 October,Studio,5.1,d
3518013,Oshawa,2000 October,1 Bedroom,1.9,b
3518013,Oshawa,2000 October,2 Bedroom,1.8,a
3518013,Oshawa,2000 October,3 Bedroom +,1.3,a
3518013,Oshawa,2000 October,Total,1.8,a
3518013,Oshawa,2001 October,Studio,3.2,d
3518013,Oshawa,2001 October,1 Bedroom,1.5,b
3518013,Oshawa,2001 October,2 Bedroom,1.7,a
3518013,Oshawa,2001 October,3 Bedroom +,1.3,a
3518013,Oshawa,2001 October,Total,1.6,a
3518013,Oshawa,2002 October,Studio,5.3,d
3518013,Oshawa,2002 October,1 Bedroom,2.2,b
3518013,Oshawa,2002 October,2 Bedroom,2.3,a
3518013,Oshawa,2002 October,3 Bedroom +,3.8,b
3518013,Oshawa,2002 October,Total,2.6,a
3518013,Oshawa,2003 October,Studio,2.4,c
3518013,Oshawa,2003 October,1 Bedroom,3.8,c
3518013,Oshawa,2003 October,2 Bedroom,2.4,b
3518013,Oshawa,2003 October,3 Bedroom +,2.6,c
3518013,Oshawa,2003 October,Total,2.8,a
3518013,Oshawa,2004 October,Studio,**,
3518013,Oshawa,2004 October,1 Bedroom,3.3,c
3518013,Oshawa,2004 October,2 Bedroom,4.2,c
3518013,Oshawa,2004 October,3 Bedroom +,4.1,c
3518013,Oshawa,2004 October,Total,4.0,b
3518013,Oshawa,2005 October,Studio,3.1,d
3518013,Oshawa,2005 October,1 Bedroom,2.8,b
3518013,Oshawa,2005 October,2 Bedroom,3.6,b
3518013,Oshawa,2005 October,3 Bedroom +,3.2,b
3518013,Oshawa,2005 October,Total,3.3,b
3518013,Oshawa,2006 October,Studio,4.1,d
3518013,Oshawa,2006 October,1 Bedroom,4.0,c
3518013,Oshawa,2006 October,2 Bedroom,4.7,b
3518013,Oshawa,2006 October,3 Bedroom +,4.4,c
3518013,Oshawa,2006 October,Total,4.5,b
3518013,Oshawa,2007 October,Studio,2.4,c
3518013,Oshawa,2007 October,1 Bedroom,4.9,c
3518013,Oshawa,2007 October,2 Bedroom,3.5,b
3518013,Oshawa,2007 October,3 Bedroom +,3.3,c
3518013,Oshawa,2007 October,Total,3.8,b
3518013,Oshawa,2008 October,Studio,4.6,c
3518013,Oshawa,2008 October,1 Bedroom,5.1,b
3518013,Oshawa,2008 October,2 Bedroom,3.9,b
3518013,Oshawa,2008 October,3 Bedroom +,6.2,c
3518013,Oshawa,2008 October,Total,4.6,b
3518013,Oshawa,2009 October,Studio,**,
3518013,Oshawa,2009 October,1 Bedroom,4.2,b
3518013,Oshawa,2009 October,2 Bedroom,5.1,b
3518013,Oshawa,2009 October,3 Bedroom +,4.2,b
3518013,Oshawa,2009 October,Total,4.8,a
3518013,Oshawa,2010 October,Studio,3.5,d
3518013,Oshawa,2010 October,1 Bedroom,3.6,a
3518013,Oshawa,2010 October,2 Bedroom,3.4,a
3518013,Oshawa,2010 October,3 Bedroom +,3.3,b
3518013,Oshawa,2010 October,Total,3.4,a
3518013,Oshawa,2011 October,Studio,1.8,c
3518013,Oshawa,2011 October,1 Bedroom,3.1,b
3518013,Oshawa,2011 October,2 Bedroom,1.7,a
3518013,Oshawa,2011 October,3 Bedroom +,1.3,a
3518013,Oshawa,2011 October,Total,2.0,a
3518013,Oshawa,2012 October,Studio,**,
3518013,Oshawa,2012 October,1 Bedroom,2.8,b
3518013,Oshawa,2012 October,2 Bedroom,2.5,a
3518013,Oshawa,2012 October,3 Bedroom +,2.2,a
3518013,Oshawa,2012 October,Total,2.5,a
3518013,Oshawa,2013 October,Studio,1.2,d
3518013,Oshawa,2013 October,1 Bedroom,2.6,a
3518013,Oshawa,2013 October,2 Bedroom,2.0,a
3518013,Oshawa,2013 October,3 Bedroom +,1.7,c
3518013,Oshawa,2013 October,Total,2.0,a
3518013,Oshawa,2014 October,Studio,4.2,d
3518013,Oshawa,2014 October,1 Bedroom,1.7,b
3518013,Oshawa,2014 October,2 Bedroom,2.0,a
3518013,Oshawa,2014 October,3 Bedroom +,2.0,a
3518013,Oshawa,2014 October,Total,2.0,a
3518013,Oshawa,2015 October,Studio,0.0,c
3518013,Oshawa,2015 October,1 Bedroom,1.8,b
3518013,Oshawa,2015 October,2 Bedroom,2.2,b
3518013,Oshawa,2015 October,3 Bedroom +,1.6,a
3518013,Oshawa,2015 October,Total,1.9,a
3518013,Oshawa,2016 October,Studio,**,
3518013,Oshawa,2016 October,1 Bedroom,1.9,b
3518013,Oshawa,2016 October,2 Bedroom,1.9,b
3518013,Oshawa,2016 October,3 Bedroom +,1.5,b
3518013,Oshawa,2016 October,Total,1.9,a
3518013,Oshawa,2017 October,Studio,0.5,b
3518013,Oshawa,2017 October,1 Bedroom,3.8,b
3518013,Oshawa,2017 October,2 Bedroom,2.2,a
3518013,Oshawa,2017 October,3 Bedroom +,0.7,a
3518013,Oshawa,2017 October,Total,2.4,a
3518013,Oshawa,2018 October,Studio,0.0,c
3518013,Oshawa,2018 October,1 Bedroom,4.6,d
3518013,Oshawa,2018 October,2 Bedroom,2.6,a
3518013,Oshawa,2018 October,3 Bedroom +,2.0,b
3518013,Oshawa,2018 October,Total,3.0,c
3518013,Oshawa,2019 October,Studio,**,
3518013,Oshawa,2019 October,1 Bedroom,3.2,d
3518013,Oshawa,2019 October,2 Bedroom,2.3,b
3518013,Oshawa,2019 October,3 Bedroom +,1.8,b
3518013,Oshawa,2019 October,Total,2.6,b
3518013,Oshawa,2020 October,Studio,0.0,c
3518013,Oshawa,2020 October,1 Bedroom,3.9,d
3518013,Oshawa,2020 October,2 Bedroom,2.0,b
3518013,Oshawa,2020 October,3 Bedroom +,0.7,a
3518013,Oshawa,2020 October,Total,2.4,b
3518013,Oshawa,2021 October,Studio,**,
3518013,Oshawa,2021 October,1 Bedroom,3.0,b
3518013,Oshawa,2021 October,2 Bedroom,2.4,a
3518013,Oshawa,2021 October,3 Bedroom +,1.3,a
3518013,Oshawa,2021 October,Total,2.4,a
3518013,Oshawa,2022 October,Studio,**,
3518013,Oshawa,2022 October,1 Bedroom,3.5,c
3518013,Oshawa,2022 October,2 Bedroom,3.1,c
3518013,Oshawa,2022 October,3 Bedroom +,0.8,a
3518013,Oshawa,2022 October,Total,3.0,b
3518013,Oshawa,2023 October,Studio,0.0,c
3518013,Oshawa,2023 October,1 Bedroom,3.0,d
3518013,Oshawa,2023 October,2 Bedroom,1.0,a
3518013,Oshawa,2023 October,3 Bedroom +,1.3,a
3518013,Oshawa,2023 October,Total,1.5,b
3518013,Oshawa,2024 October,Studio,1.0,d
3518013,Oshawa,2024 October,1 Bedroom,5.2,c
3518013,Oshawa,2024 October,2 Bedroom,2.8,b
3518013,Oshawa,2024 October,3 Bedroom +,3.2,c
3518013,Oshawa,2024 October,Total,3.5,c
3518013,Oshawa,2025 October,Studio,5.0,d
3518013,Oshawa,2025 October,1 Bedroom,6.6,b
3518013,Oshawa,2025 October,2 Bedroom,3.1,c
3518013,Oshawa,2025 October,3 Bedroom +,2.1,c
3518013,Oshawa,2025 October,Total,4.0,b
3518009,Whitby,1990 October,Studio,5.1,b
3518009,Whitby,1990 October,1 Bedroom,2.5,b
3518009,Whitby,1990 October,2 Bedroom,1.4,a
3518009,Whitby,1990 October,3 Bedroom +,0.0,c
3518009,Whitby,1990 October,Total,1.8,b
3518009,Whitby,1991 October,Studio,10.7,d
3518009,Whitby,1991 October,1 Bedroom,3.5,c
3518009,Whitby,1991 October,2 Bedroom,3.3,b
3518009,Whitby,1991 October,3 Bedroom +,0.2,a
3518009,Whitby,1991 October,Total,3.3,b
3518009,Whitby,1992 October,Studio,**,
3518009,Whitby,1992 October,1 Bedroom,8.0,b
3518009,Whitby,1992 October,2 Bedroom,13.2,c
3518009,Whitby,1992 October,3 Bedroom +,16.3,d
3518009,Whitby,1992 October,Total,11.6,c
3518009,Whitby,1993 October,Studio,9.3,c
3518009,Whitby,1993 October,1 Bedroom,4.5,c
3518009,Whitby,1993 October,2 Bedroom,5.1,c
3518009,Whitby,1993 October,3 Bedroom +,17.5,d
3518009,Whitby,1993 October,Total,7.1,c
3518009,Whitby,1994 October,Studio,3.2,d
3518009,Whitby,1994 October,1 Bedroom,1.7,c
3518009,Whitby,1994 October,2 Bedroom,2.5,b
3518009,Whitby,1994 October,3 Bedroom +,14.8,d
3518009,Whitby,1994 October,Total,4.1,c
3518009,Whitby,1995 October,Studio,6.1,c
3518009,Whitby,1995 October,1 Bedroom,2.0,b
3518009,Whitby,1995 October,2 Bedroom,1.4,a
3518009,Whitby,1995 October,3 Bedroom +,**,
3518009,Whitby,1995 October,Total,1.8,b
3518009,Whitby,1996 October,Studio,4.3,c
3518009,Whitby,1996 October,1 Bedroom,2.1,c
3518009,Whitby,1996 October,2 Bedroom,3.1,c
3518009,Whitby,1996 October,3 Bedroom +,5.4,c
3518009,Whitby,1996 October,Total,3.2,b
3518009,Whitby,1997 October,Studio,1.5,a
3518009,Whitby,1997 October,1 Bedroom,2.2,b
3518009,Whitby,1997 October,2 Bedroom,1.1,a
3518009,Whitby,1997 October,3 Bedroom +,3.2,b
3518009,Whitby,1997 October,Total,1.8,a
3518009,Whitby,1998 October,Studio,**,
3518009,Whitby,1998 October,1 Bedroom,1.5,a
3518009,Whitby,1998 October,2 Bedroom,0.9,a
3518009,Whitby,1998 October,3 Bedroom +,1.7,b
3518009,Whitby,1998 October,Total,1.3,a
3518009,Whitby,1999 October,Studio,1.7,c
3518009,Whitby,1999 October,1 Bedroom,1.1,a
3518009,Whitby,1999 October,2 Bedroom,0.5,a
3518009,Whitby,1999 October,3 Bedroom +,0.0,c
3518009,Whitby,1999 October,Total,0.7,a
3518009,Whitby,2000 October,Studio,**,
3518009,Whitby,2000 October,1 Bedroom,0.3,b
3518009,Whitby,2000 October,2 Bedroom,0.8,a
3518009,Whitby,2000 October,3 Bedroom +,4.9,b
3518009,Whitby,2000 October,Total,1.2,a
3518009,Whitby,2001 October,Studio,0.0,c
3518009,Whitby,2001 October,1 Bedroom,0.1,b
3518009,Whitby,2001 October,2 Bedroom,0.2,a
3518009,Whitby,2001 October,3 Bedroom +,0.0,c
3518009,Whitby,2001 October,Total,0.1,a
3518009,Whitby,2002 October,Studio,0.0,d
3518009,Whitby,2002 October,1 Bedroom,0.6,a
3518009,Whitby,2002 October,2 Bedroom,1.7,c
3518009,Whitby,2002 October,3 Bedroom +,2.5,b
3518009,Whitby,2002 October,Total,1.3,a
3518009,Whitby,2003 October,Studio,0.0,d
3518009,Whitby,2003 October,1 Bedroom,**,
3518009,Whitby,2003 October,2 Bedroom,4.9,c
3518009,Whitby,2003 October,3 Bedroom +,**,
3518009,Whitby,2003 October,Total,4.1,c
3518009,Whitby,2004 October,Studio,0.0,d
3518009,Whitby,2004 October,1 Bedroom,2.9,c
3518009,Whitby,2004 October,2 Bedroom,1.9,b
3518009,Whitby,2004 October,3 Bedroom +,2.1,c
3518009,Whitby,2004 October,Total,2.2,b
3518009,Whitby,2005 October,Studio,0.0,d
3518009,Whitby,2005 October,1 Bedroom,2.8,b
3518009,Whitby,2005 October,2 Bedroom,3.3,c
3518009,Whitby,2005 October,3 Bedroom +,2.3,b
3518009,Whitby,2005 October,Total,2.9,a
3518009,Whitby,2006 October,Studio,**,
3518009,Whitby,2006 October,1 Bedroom,4.5,c
3518009,Whitby,2006 October,2 Bedroom,2.4,c
3518009,Whitby,2006 October,3 Bedroom +,2.4,c
3518009,Whitby,2006 October,Total,3.2,c
3518009,Whitby,2007 October,Studio,0.0,c
3518009,Whitby,2007 October,1 Bedroom,2.9,a
3518009,Whitby,2007 October,2 Bedroom,4.2,b
3518009,Whitby,2007 October,3 Bedroom +,6.4,b
3518009,Whitby,2007 October,Total,3.8,b
3518009,Whitby,2008 October,Studio,0.0,d
3518009,Whitby,2008 October,1 Bedroom,1.5,a
3518009,Whitby,2008 October,2 Bedroom,4.0,a
3518009,Whitby,2008 October,3 Bedroom +,0.0,c
3518009,Whitby,2008 October,Total,2.5,a
3518009,Whitby,2009 October,Studio,**,
3518009,Whitby,2009 October,1 Bedroom,2.5,b
3518009,Whitby,2009 October,2 Bedroom,1.3,a
3518009,Whitby,2009 October,3 Bedroom +,2.4,b
3518009,Whitby,2009 October,Total,1.9,b
3518009,Whitby,2010 October,Studio,0.0,c
3518009,Whitby,2010 October,1 Bedroom,3.1,c
3518009,Whitby,2010 October,2 Bedroom,0.6,a
3518009,Whitby,2010 October,3 Bedroom +,1.1,a
3518009,Whitby,2010 October,Total,1.5,a
3518009,Whitby,2011 October,Studio,0.0,d
3518009,Whitby,2011 October,1 Bedroom,0.7,b
3518009,Whitby,2011 October,2 Bedroom,1.0,a
3518009,Whitby,2011 October,3 Bedroom +,0.7,a
3518009,Whitby,2011 October,Total,0.8,a
3518009,Whitby,2012 October,Studio,**,
3518009,Whitby,2012 October,1 Bedroom,0.6,a
3518009,Whitby,2012 October,2 Bedroom,0.6,a
3518009,Whitby,2012 October,3 Bedroom +,2.3,c
3518009,Whitby,2012 October,Total,0.8,a
3518009,Whitby,2013 October,Studio,**,
3518009,Whitby,2013 October,1 Bedroom,2.6,b
3518009,Whitby,2013 October,2 Bedroom,1.7,b
3518009,Whitby,2013 October,3 Bedroom +,1.6,c
3518009,Whitby,2013 October,Total,2.0,a
3518009,Whitby,2014 October,Studio,0.0,c
3518009,Whitby,2014 October,1 Bedroom,1.2,a
3518009,Whitby,2014 October,2 Bedroom,1.7,b
3518009,Whitby,2014 October,3 Bedroom +,1.8,c
3518009,Whitby,2014 October,Total,1.5,a
3518009,Whitby,2015 October,Studio,1.8,c
3518009,Whitby,2015 October,1 Bedroom,0.8,a
3518009,Whitby,2015 October,2 Bedroom,1.9,b
3518009,Whitby,2015 October,3 Bedroom +,0.4,a
3518009,Whitby,2015 October,Total,1.4,a
3518009,Whitby,2016 October,Studio,**,
3518009,Whitby,2016 October,1 Bedroom,0.8,d
3518009,Whitby,2016 October,2 Bedroom,1.2,d
3518009,Whitby,2016 October,3 Bedroom +,**,
3518009,Whitby,2016 October,Total,1.1,a
3518009,Whitby,2017 October,Studio,0.0,d
3518009,Whitby,2017 October,1 Bedroom,1.3,a
3518009,Whitby,2017 October,2 Bedroom,1.3,a
3518009,Whitby,2017 October,3 Bedroom +,1.6,c
3518009,Whitby,2017 October,Total,1.3,a
3518009,Whitby,2018 October,Studio,0.0,d
3518009,Whitby,2018 October,1 Bedroom,2.1,c
3518009,Whitby,2018 October,2 Bedroom,1.1,a
3518009,Whitby,2018 October,3 Bedroom +,1.1,a
3518009,Whitby,2018 October,Total,1.4,a
3518009,Whitby,2019 October,Studio,0.0,d
3518009,Whitby,2019 October,1 Bedroom,2.4,c
3518009,Whitby,2019 October,2 Bedroom,1.0,a
3518009,Whitby,2019 October,3 Bedroom +,0.4,a
3518009,Whitby,2019 October,Total,1.4,a
3518009,Whitby,2020 October,Studio,**,
3518009,Whitby,2020 October,1 Bedroom,1.3,a
3518009,Whitby,2020 October,2 Bedroom,1.8,b
3518009,Whitby,2020 October,3 Bedroom +,**,
3518009,Whitby,2020 October,Total,1.8,b
3518009,Whitby,2021 October,Studio,0.0,d
3518009,Whitby,2021 October,1 Bedroom,1.9,c
3518009,Whitby,2021 October,2 Bedroom,**,
3518009,Whitby,2021 October,3 Bedroom +,1.1,a
3518009,Whitby,2021 October,Total,1.8,c
3518009,Whitby,2022 October,Studio,0.0,d
3518009,Whitby,2022 October,1 Bedroom,1.5,a
3518009,Whitby,2022 October,2 Bedroom,1.1,a
3518009,Whitby,2022 October,3 Bedroom +,0.9,a
3518009,Whitby,2022 October,Total,1.2,a
3518009,Whitby,2023 October,Studio,**,
3518009,Whitby,2023 October,1 Bedroom,2.9,c
3518009,Whitby,2023 October,2 Bedroom,1.5,a
3518009,Whitby,2023 October,3 Bedroom +,0.4,a
3518009,Whitby,2023 October,Total,1.7,c
3518009,Whitby,2024 October,Studio,**,
3518009,Whitby,2024 October,1 Bedroom,**,
3518009,Whitby,2024 October,2 Bedroom,3.7,d
3518009,Whitby,2024 October,3 Bedroom +,3.1,d
3518009,Whitby,2024 October,Total,3.6,d
3518009,Whitby,2025 October,Studio,0.0,d
3518009,Whitby,2025 October,1 Bedroom,3.8,d
3518009,Whitby,2025 October,2 Bedroom,2.4,c
3518009,Whitby,2025 October,3 Bedroom +,1.5,d
3518009,Whitby,2025 October,Total,2.5,c
3518005,Ajax,1990 October,Studio,**,
3518005,Ajax,1990 October,1 Bedroom,0.8,a
3518005,Ajax,1990 October,2 Bedroom,2.6,a
3518005,Ajax,1990 October,3 Bedroom +,7.0,a
3518005,Ajax,1990 October,Total,3.4,a
3518005,Ajax,1991 October,Studio,**,
3518005,Ajax,1991 October,1 Bedroom,0.8,a
3518005,Ajax,1991 October,2 Bedroom,1.6,a
3518005,Ajax,1991 October,3 Bedroom +,2.8,a
3518005,Ajax,1991 October,Total,1.8,a
3518005,Ajax,1992 October,Studio,**,
3518005,Ajax,1992 October,1 Bedroom,1.8,a
3518005,Ajax,1992 October,2 Bedroom,1.6,a
3518005,Ajax,1992 October,3 Bedroom +,1.9,a
3518005,Ajax,1992 October,Total,1.7,a
3518005,Ajax,1993 October,Studio,**,
3518005,Ajax,1993 October,1 Bedroom,0.0,c
3518005,Ajax,1993 October,2 Bedroom,2.3,a
3518005,Ajax,1993 October,3 Bedroom +,0.6,a
3518005,Ajax,1993 October,Total,1.7,a
3518005,Ajax,1994 October,Studio,**,
3518005,Ajax,1994 October,1 Bedroom,1.5,a
3518005,Ajax,1994 October,2 Bedroom,0.3,a
3518005,Ajax,1994 October,3 Bedroom +,0.3,a
3518005,Ajax,1994 October,Total,0.4,a
3518005,Ajax,1995 October,Studio,**,
3518005,Ajax,1995 October,1 Bedroom,2.0,c
3518005,Ajax,1995 October,2 Bedroom,0.4,a
3518005,Ajax,1995 October,3 Bedroom +,0.0,c
3518005,Ajax,1995 October,Total,0.4,a
3518005,Ajax,1996 October,Studio,**,
3518005,Ajax,1996 October,1 Bedroom,0.9,a
3518005,Ajax,1996 October,2 Bedroom,1.2,a
3518005,Ajax,1996 October,3 Bedroom +,0.9,a
3518005,Ajax,1996 October,Total,1.1,a
3518005,Ajax,1997 October,Studio,**,
3518005,Ajax,1997 October,1 Bedroom,1.0,a
3518005,Ajax,1997 October,2 Bedroom,0.7,a
3518005,Ajax,1997 October,3 Bedroom +,1.5,a
3518005,Ajax,1997 October,Total,0.9,a
3518005,Ajax,1998 October,Studio,**,
3518005,Ajax,1998 October,1 Bedroom,0.0,a
3518005,Ajax,1998 October,2 Bedroom,0.0,c
3518005,Ajax,1998 October,3 Bedroom +,0.0,c
3518005,Ajax,1998 October,Total,0.0,b
3518005,Ajax,1999 October,Studio,**,
3518005,Ajax,1999 October,1 Bedroom,1.5,c
3518005,Ajax,1999 October,2 Bedroom,0.9,d
3518005,Ajax,1999 October,3 Bedroom +,**,
3518005,Ajax,1999 October,Total,1.0,a
3518005,Ajax,2000 October,Studio,**,
3518005,Ajax,2000 October,1 Bedroom,2.0,b
3518005,Ajax,2000 October,2 Bedroom,1.0,a
3518005,Ajax,2000 October,3 Bedroom +,0.3,a
3518005,Ajax,2000 October,Total,0.9,a
3518005,Ajax,2001 October,Studio,**,
3518005,Ajax,2001 October,1 Bedroom,0.0,c
3518005,Ajax,2001 October,2 Bedroom,1.0,a
3518005,Ajax,2001 October,3 Bedroom +,0.7,a
3518005,Ajax,2001 October,Total,0.8,a
3518005,Ajax,2002 October,Studio,**,
3518005,Ajax,2002 October,1 Bedroom,4.5,d
3518005,Ajax,2002 October,2 Bedroom,2.3,b
3518005,Ajax,2002 October,3 Bedroom +,1.7,c
3518005,Ajax,2002 October,Total,2.4,b
3518005,Ajax,2003 October,Studio,**,
3518005,Ajax,2003 October,1 Bedroom,0.0,d
3518005,Ajax,2003 October,2 Bedroom,3.5,b
3518005,Ajax,2003 October,3 Bedroom +,7.9,c
3518005,Ajax,2003 October,Total,3.9,c
3518005,Ajax,2004 October,Studio,**,
3518005,Ajax,2004 October,1 Bedroom,0.0,c
3518005,Ajax,2004 October,2 Bedroom,6.3,b
3518005,Ajax,2004 October,3 Bedroom +,5.4,c
3518005,Ajax,2004 October,Total,5.7,b
3518005,Ajax,2005 October,Studio,**,
3518005,Ajax,2005 October,1 Bedroom,0.0,a
3518005,Ajax,2005 October,2 Bedroom,3.1,a
3518005,Ajax,2005 October,3 Bedroom +,2.3,a
3518005,Ajax,2005 October,Total,2.7,a
3518005,Ajax,2006 October,Studio,**,
3518005,Ajax,2006 October,1 Bedroom,6.0,b
3518005,Ajax,2006 October,2 Bedroom,4.3,b
3518005,Ajax,2006 October,3 Bedroom +,3.3,d
3518005,Ajax,2006 October,Total,4.3,b
3518005,Ajax,2007 October,Studio,**,
3518005,Ajax,2007 October,1 Bedroom,5.6,c
3518005,Ajax,2007 October,2 Bedroom,2.6,b
3518005,Ajax,2007 October,3 Bedroom +,2.5,b
3518005,Ajax,2007 October,Total,2.8,b
3518005,Ajax,2008 October,Studio,**,
3518005,Ajax,2008 October,1 Bedroom,1.1,a
3518005,Ajax,2008 October,2 Bedroom,1.8,b
3518005,Ajax,2008 October,3 Bedroom +,3.1,a
3518005,Ajax,2008 October,Total,2.0,a
3518005,Ajax,2009 October,Studio,**,
3518005,Ajax,2009 October,1 Bedroom,0.0,d
3518005,Ajax,2009 October,2 Bedroom,1.1,a
3518005,Ajax,2009 October,3 Bedroom +,3.4,d
3518005,Ajax,2009 October,Total,1.5,b
3518005,Ajax,2010 October,Studio,**,
3518005,Ajax,2010 October,1 Bedroom,0.0,c
3518005,Ajax,2010 October,2 Bedroom,0.3,a
3518005,Ajax,2010 October,3 Bedroom +,1.6,a
3518005,Ajax,2010 October,Total,0.6,a
3518005,Ajax,2011 October,Studio,**,
3518005,Ajax,2011 October,1 Bedroom,**,
3518005,Ajax,2011 October,2 Bedroom,3.3,c
3518005,Ajax,2011 October,3 Bedroom +,**,
3518005,Ajax,2011 October,Total,3.1,d
3518005,Ajax,2012 October,Studio,**,
3518005,Ajax,2012 October,1 Bedroom,**,
3518005,Ajax,2012 October,2 Bedroom,2.7,b
3518005,Ajax,2012 October,3 Bedroom +,2.4,a
3518005,Ajax,2012 October,Total,2.5,a
3518005,Ajax,2013 October,Studio,**,
3518005,Ajax,2013 October,1 Bedroom,1.4,d
3518005,Ajax,2013 October,2 Bedroom,1.2,a
3518005,Ajax,2013 October,3 Bedroom +,1.9,b
3518005,Ajax,2013 October,Total,1.4,a
3518005,Ajax,2014 October,Studio,**,
3518005,Ajax,2014 October,1 Bedroom,0.0,c
3518005,Ajax,2014 October,2 Bedroom,1.3,a
3518005,Ajax,2014 October,3 Bedroom +,1.5,a
3518005,Ajax,2014 October,Total,1.3,a
3518005,Ajax,2015 October,Studio,**,
3518005,Ajax,2015 October,1 Bedroom,0.0,a
3518005,Ajax,2015 October,2 Bedroom,1.1,a
3518005,Ajax,2015 October,3 Bedroom +,1.0,a
3518005,Ajax,2015 October,Total,1.0,a
3518005,Ajax,2016 October,Studio,**,
3518005,Ajax,2016 October,1 Bedroom,0.0,d
3518005,Ajax,2016 October,2 Bedroom,6.7,b
3518005,Ajax,2016 October,3 Bedroom +,4.5,b
3518005,Ajax,2016 October,Total,5.9,b
3518005,Ajax,2017 October,Studio,**,
3518005,Ajax,2017 October,1 Bedroom,0.0,d
3518005,Ajax,2017 October,2 Bedroom,1.7,b
3518005,Ajax,2017 October,3 Bedroom +,0.9,a
3518005,Ajax,2017 October,Total,1.3,a
3518005,Ajax,2018 October,Studio,**,
3518005,Ajax,2018 October,1 Bedroom,0.0,a
3518005,Ajax,2018 October,2 Bedroom,0.5,a
3518005,Ajax,2018 October,3 Bedroom +,1.0,a
3518005,Ajax,2018 October,Total,0.6,a
3518005,Ajax,2019 October,Studio,**,
3518005,Ajax,2019 October,1 Bedroom,2.7,a
3518005,Ajax,2019 October,2 Bedroom,2.3,c
3518005,Ajax,2019 October,3 Bedroom +,**,
3518005,Ajax,2019 October,Total,2.0,c
3518005,Ajax,2020 October,Studio,**,
3518005,Ajax,2020 October,1 Bedroom,**,
3518005,Ajax,2020 October,2 Bedroom,2.0,c
3518005,Ajax,2020 October,3 Bedroom +,0.8,a
3518005,Ajax,2020 October,Total,1.7,c
3518005,Ajax,2021 October,Studio,**,
3518005,Ajax,2021 October,1 Bedroom,**,
3518005,Ajax,2021 October,2 Bedroom,**,
3518005,Ajax,2021 October,3 Bedroom +,**,
3518005,Ajax,2021 October,Total,1.9,c
3518005,Ajax,2022 October,Studio,**,
3518005,Ajax,2022 October,1 Bedroom,**,
3518005,Ajax,2022 October,2 Bedroom,0.3,b
3518005,Ajax,2022 October,3 Bedroom +,0.0,d
3518005,Ajax,2022 October,Total,0.2,b
3518005,Ajax,2023 October,Studio,**,
3518005,Ajax,2023 October,1 Bedroom,2.0,c
3518005,Ajax,2023 October,2 Bedroom,0.7,a
3518005,Ajax,2023 October,3 Bedroom +,0.5,a
3518005,Ajax,2023 October,Total,0.7,a
3518005,Ajax,2024 October,Studio,**,
3518005,Ajax,2024 October,1 Bedroom,**,
3518005,Ajax,2024 October,2 Bedroom,1.5,a
3518005,Ajax,2024 October,3 Bedroom +,0.3,b
3518005,Ajax,2024 October,Total,1.2,a
3518005,Ajax,2025 October,Studio,**,
3518005,Ajax,2025 October,1 Bedroom,0.0,d
3518005,Ajax,2025 October,2 Bedroom,2.4,c
3518005,Ajax,2025 October,3 Bedroom +,0.9,a
3518005,Ajax,2025 October,Total,2.0,c
3518001,Pickering,1990 October,Studio,**,
3518001,Pickering,1990 October,1 Bedroom,0.0,a
3518001,Pickering,1990 October,2 Bedroom,4.7,a
3518001,Pickering,1990 October,3 Bedroom +,15.2,a
3518001,Pickering,1990 October,Total,14.2,a
3518001,Pickering,1991 October,Studio,20.0,a
3518001,Pickering,1991 October,1 Bedroom,8.3,a
3518001,Pickering,1991 October,2 Bedroom,10.5,a
3518001,Pickering,1991 October,3 Bedroom +,26.2,a
3518001,Pickering,1991 October,Total,21.3,a
3518001,Pickering,1992 October,Studio,**,
3518001,Pickering,1992 October,1 Bedroom,0.7,a
3518001,Pickering,1992 October,2 Bedroom,7.4,a
3518001,Pickering,1992 October,3 Bedroom +,22.5,a
3518001,Pickering,1992 October,Total,17.4,a
3518001,Pickering,1993 October,Studio,0.0,a
3518001,Pickering,1993 October,1 Bedroom,2.4,a
3518001,Pickering,1993 October,2 Bedroom,2.1,a
3518001,Pickering,1993 October,3 Bedroom +,25.6,a
3518001,Pickering,1993 October,Total,19.4,a
3518001,Pickering,1994 October,Studio,**,
3518001,Pickering,1994 October,1 Bedroom,0.0,a
3518001,Pickering,1994 October,2 Bedroom,0.0,a
3518001,Pickering,1994 October,3 Bedroom +,18.0,a
3518001,Pickering,1994 October,Total,11.9,a
3518001,Pickering,1995 October,Studio,**,
3518001,Pickering,1995 October,1 Bedroom,**,
3518001,Pickering,1995 October,2 Bedroom,**,
3518001,Pickering,1995 October,3 Bedroom +,1.3,a
3518001,Pickering,1995 October,Total,0.8,a
3518001,Pickering,1996 October,Studio,**,
3518001,Pickering,1996 October,1 Bedroom,**,
3518001,Pickering,1996 October,2 Bedroom,**,
3518001,Pickering,1996 October,3 Bedroom +,4.2,a
3518001,Pickering,1996 October,Total,2.6,a
3518001,Pickering,1997 October,Studio,**,
3518001,Pickering,1997 October,1 Bedroom,**,
3518001,Pickering,1997 October,2 Bedroom,**,
3518001,Pickering,1997 October,3 Bedroom +,0.3,a
3518001,Pickering,1997 October,Total,0.2,a
3518001,Pickering,1998 October,Studio,**,
3518001,Pickering,1998 October,1 Bedroom,**,
3518001,Pickering,1998 October,2 Bedroom,**,
3518001,Pickering,1998 October,3 Bedroom +,0.5,a
3518001,Pickering,1998 October,Total,0.9,a
3518001,Pickering,1999 October,Studio,**,
3518001,Pickering,1999 October,1 Bedroom,**,
3518001,Pickering,1999 October,2 Bedroom,**,
3518001,Pickering,1999 October,3 Bedroom +,**,
3518001,Pickering,1999 October,Total,**,
3518001,Pickering,2000 October,Studio,**,
3518001,Pickering,2000 October,1 Bedroom,**,
3518001,Pickering,2000 October,2 Bedroom,**,
3518001,Pickering,2000 October,3 Bedroom +,0.0,a
3518001,Pickering,2000 October,Total,0.0,c
3518001,Pickering,2001 October,Studio,**,
3518001,Pickering,2001 October,1 Bedroom,0.0,a
3518001,Pickering,2001 October,2 Bedroom,**,
3518001,Pickering,2001 October,3 Bedroom +,0.3,a
3518001,Pickering,2001 October,Total,0.3,a
3518001,Pickering,2002 October,Studio,**,
3518001,Pickering,2002 October,1 Bedroom,**,
3518001,Pickering,2002 October,2 Bedroom,**,
3518001,Pickering,2002 October,3 Bedroom +,0.2,b
3518001,Pickering,2002 October,Total,0.2,b
3518001,Pickering,2003 October,Studio,**,
3518001,Pickering,2003 October,1 Bedroom,**,
3518001,Pickering,2003 October,2 Bedroom,**,
3518001,Pickering,2003 October,3 Bedroom +,0.2,b
3518001,Pickering,2003 October,Total,0.2,b
3518001,Pickering,2004 October,Studio,**,
3518001,Pickering,2004 October,1 Bedroom,**,
3518001,Pickering,2004 October,2 Bedroom,**,
3518001,Pickering,2004 October,3 Bedroom +,0.3,b
3518001,Pickering,2004 October,Total,0.6,b
3518001,Pickering,2005 October,Studio,**,
3518001,Pickering,2005 October,1 Bedroom,**,
3518001,Pickering,2005 October,2 Bedroom,**,
3518001,Pickering,2005 October,3 Bedroom +,**,
3518001,Pickering,2005 October,Total,**,
3518001,Pickering,2006 October,Studio,**,
3518001,Pickering,2006 October,1 Bedroom,**,
3518001,Pickering,2006 October,2 Bedroom,**,
3518001,Pickering,2006 October,3 Bedroom +,**,
3518001,Pickering,2006 October,Total,**,
3518001,Pickering,2007 October,Studio,**,
3518001,Pickering,2007 October,1 Bedroom,**,
3518001,Pickering,2007 October,2 Bedroom,**,
3518001,Pickering,2007 October,3 Bedroom +,**,
3518001,Pickering,2007 October,Total,**,
3518001,Pickering,2008 October,Studio,**,
3518001,Pickering,2008 October,1 Bedroom,**,
3518001,Pickering,2008 October,2 Bedroom,**,
3518001,Pickering,2008 October,3 Bedroom +,**,
3518001,Pickering,2008 October,Total,**,
3518001,Pickering,2009 October,Studio,**,
3518001,Pickering,2009 October,1 Bedroom,**,
3518001,Pickering,2009 October,2 Bedroom,**,
3518001,Pickering,2009 October,3 Bedroom +,0.8,a
3518001,Pickering,2009 October,Total,0.7,a
3518001,Pickering,2010 October,Studio,**,
3518001,Pickering,2010 October,1 Bedroom,**,
3518001,Pickering,2010 October,2 Bedroom,**,
3518001,Pickering,2010 October,3 Bedroom +,0.0,a
3518001,Pickering,2010 October,Total,**,
3518001,Pickering,2011 October,Studio,**,
3518001,Pickering,2011 October,1 Bedroom,**,
3518001,Pickering,2011 October,2 Bedroom,**,
3518001,Pickering,2011 October,3 Bedroom +,2.6,a
3518001,Pickering,2011 October,Total,2.6,a
3518001,Pickering,2012 October,Studio,**,
3518001,Pickering,2012 October,1 Bedroom,**,
3518001,Pickering,2012 October,2 Bedroom,**,
3518001,Pickering,2012 October,3 Bedroom +,0.0,a
3518001,Pickering,2012 October,Total,**,
3518001,Pickering,2013 October,Studio,**,
3518001,Pickering,2013 October,1 Bedroom,**,
3518001,Pickering,2013 October,2 Bedroom,**,
3518001,Pickering,2013 October,3 Bedroom +,0.2,a
3518001,Pickering,2013 October,Total,0.2,a
3518001,Pickering,2014 October,Studio,**,
3518001,Pickering,2014 October,1 Bedroom,**,
3518001,Pickering,2014 October,2 Bedroom,**,
3518001,Pickering,2014 October,3 Bedroom +,0.3,a
3518001,Pickering,2014 October,Total,0.3,a
3518001,Pickering,2015 October,Studio,**,
3518001,Pickering,2015 October,1 Bedroom,**,
3518001,Pickering,2015 October,2 Bedroom,**,
3518001,Pickering,2015 October,3 Bedroom +,0.0,a
3518001,Pickering,2015 October,Total,**,
3518001,Pickering,2016 October,Studio,**,
3518001,Pickering,2016 October,1 Bedroom,**,
3518001,Pickering,2016 October,2 Bedroom,**,
3518001,Pickering,2016 October,3 Bedroom +,0.2,a
3518001,Pickering,2016 October,Total,0.2,a
3518001,Pickering,2017 October,Studio,**,
3518001,Pickering,2017 October,1 Bedroom,**,
3518001,Pickering,2017 October,2 Bedroom,**,
3518001,Pickering,2017 October,3 Bedroom +,0.5,a
3518001,Pickering,2017 October,Total,0.5,a
3518001,Pickering,2018 October,Studio,**,
3518001,Pickering,2018 October,1 Bedroom,**,
3518001,Pickering,2018 October,2 Bedroom,**,
3518001,Pickering,2018 October,3 Bedroom +,1.2,a
3518001,Pickering,2018 October,Total,1.1,a
3518001,Pickering,2019 October,Studio,**,
3518001,Pickering,2019 October,1 Bedroom,**,
3518001,Pickering,2019 October,2 Bedroom,**,
3518001,Pickering,2019 October,3 Bedroom +,1.7,a
3518001,Pickering,2019 October,Total,1.6,a
3518001,Pickering,2020 October,Studio,**,
3518001,Pickering,2020 October,1 Bedroom,**,
3518001,Pickering,2020 October,2 Bedroom,**,
3518001,Pickering,2020 October,3 Bedroom +,1.1,a
3518001,Pickering,2020 October,Total,1.0,a
3518001,Pickering,2021 October,Studio,**,
3518001,Pickering,2021 October,1 Bedroom,**,
3518001,Pickering,2021 October,2 Bedroom,**,
3518001,Pickering,2021 October,3 Bedroom +,0.3,a
3518001,Pickering,2021 October,Total,0.3,a
3518001,Pickering,2022 October,Studio,**,
3518001,Pickering,2022 October,1 Bedroom,**,
3518001,Pickering,2022 October,2 Bedroom,**,
3518001,Pickering,2022 October,3 Bedroom +,0.5,a
3518001,Pickering,2022 October,Total,0.5,a
3518001,Pickering,2023 October,Studio,**,
3518001,Pickering,2023 October,1 Bedroom,**,
3518001,Pickering,2023 October,2 Bedroom,**,
3518001,Pickering,2023 October,3 Bedroom +,0.5,a
3518001,Pickering,2023 October,Total,0.5,a
3518001,Pickering,2024 October,Studio,**,
3518001,Pickering,2024 October,1 Bedroom,**,
3518001,Pickering,2024 October,2 Bedroom,**,
3518001,Pickering,2024 October,3 Bedroom +,0.5,a
3518001,Pickering,2024 October,Total,0.5,b
3518001,Pickering,2025 October,Studio,**,
3518001,Pickering,2025 October,1 Bedroom,**,
3518001,Pickering,2025 October,2 Bedroom,**,
3518001,Pickering,2025 October,3 Bedroom +,1.5,c
3518001,Pickering,2025 October,Total,**,
3518017,Clarington,1990 October,Studio,0.0,a
3518017,Clarington,1990 October,1 Bedroom,9.3,a
3518017,Clarington,1990 October,2 Bedroom,2.4,a
3518017,Clarington,1990 October,3 Bedroom +,5.4,a
3518017,Clarington,1990 October,Total,4.7,a
3518017,Clarington,1991 October,Studio,0.0,a
3518017,Clarington,1991 October,1 Bedroom,5.1,b
3518017,Clarington,1991 October,2 Bedroom,7.7,a
3518017,Clarington,1991 October,3 Bedroom +,1.8,a
3518017,Clarington,1991 October,Total,6.2,a
3518017,Clarington,1992 October,Studio,11.1,a
3518017,Clarington,1992 October,1 Bedroom,4.2,c
3518017,Clarington,1992 October,2 Bedroom,3.6,b
3518017,Clarington,1992 October,3 Bedroom +,**,
3518017,Clarington,1992 October,Total,3.5,b
3518017,Clarington,1993 October,Studio,0.0,a
3518017,Clarington,1993 October,1 Bedroom,7.5,c
3518017,Clarington,1993 October,2 Bedroom,7.0,a
3518017,Clarington,1993 October,3 Bedroom +,7.1,b
3518017,Clarington,1993 October,Total,7.0,a
3518017,Clarington,1994 October,Studio,0.0,a
3518017,Clarington,1994 October,1 Bedroom,2.8,c
3518017,Clarington,1994 October,2 Bedroom,1.8,c
3518017,Clarington,1994 October,3 Bedroom +,**,
3518017,Clarington,1994 October,Total,1.9,b
3518017,Clarington,1995 October,Studio,0.0,a
3518017,Clarington,1995 October,1 Bedroom,6.5,b
3518017,Clarington,1995 October,2 Bedroom,2.5,a
3518017,Clarington,1995 October,3 Bedroom +,0.0,a
3518017,Clarington,1995 October,Total,3.3,a
3518017,Clarington,1996 October,Studio,0.0,a
3518017,Clarington,1996 October,1 Bedroom,2.7,b
3518017,Clarington,1996 October,2 Bedroom,1.8,a
3518017,Clarington,1996 October,3 Bedroom +,0.0,a
3518017,Clarington,1996 October,Total,1.9,a
3518017,Clarington,1997 October,Studio,0.0,a
3518017,Clarington,1997 October,1 Bedroom,5.9,a
3518017,Clarington,1997 October,2 Bedroom,2.1,a
3518017,Clarington,1997 October,3 Bedroom +,5.5,a
3518017,Clarington,1997 October,Total,3.5,a
3518017,Clarington,1998 October,Studio,0.0,a
3518017,Clarington,1998 October,1 Bedroom,4.3,a
3518017,Clarington,1998 October,2 Bedroom,3.9,a
3518017,Clarington,1998 October,3 Bedroom +,5.6,a
3518017,Clarington,1998 October,Total,4.1,a
3518017,Clarington,1999 October,Studio,0.0,a
3518017,Clarington,1999 October,1 Bedroom,0.5,a
3518017,Clarington,1999 October,2 Bedroom,1.3,a
3518017,Clarington,1999 October,3 Bedroom +,**,
3518017,Clarington,1999 October,Total,0.9,a
3518017,Clarington,2000 October,Studio,0.0,a
3518017,Clarington,2000 October,1 Bedroom,0.5,a
3518017,Clarington,2000 October,2 Bedroom,0.9,a
3518017,Clarington,2000 October,3 Bedroom +,0.0,a
3518017,Clarington,2000 October,Total,0.7,a
3518017,Clarington,2001 October,Studio,11.1,a
3518017,Clarington,2001 October,1 Bedroom,2.5,a
3518017,Clarington,2001 October,2 Bedroom,0.8,a
3518017,Clarington,2001 October,3 Bedroom +,2.3,a
3518017,Clarington,2001 October,Total,1.5,a
3518017,Clarington,2002 October,Studio,0.0,a
3518017,Clarington,2002 October,1 Bedroom,2.8,a
3518017,Clarington,2002 October,2 Bedroom,1.0,a
3518017,Clarington,2002 October,3 Bedroom +,0.0,a
3518017,Clarington,2002 October,Total,1.5,a
3518017,Clarington,2003 October,Studio,**,
3518017,Clarington,2003 October,1 Bedroom,1.1,a
3518017,Clarington,2003 October,2 Bedroom,2.2,c
3518017,Clarington,2003 October,3 Bedroom +,**,
3518017,Clarington,2003 October,Total,1.6,b
3518017,Clarington,2004 October,Studio,**,
3518017,Clarington,2004 October,1 Bedroom,1.9,a
3518017,Clarington,2004 October,2 Bedroom,1.2,a
3518017,Clarington,2004 October,3 Bedroom +,2.4,b
3518017,Clarington,2004 October,Total,1.5,a
3518017,Clarington,2005 October,Studio,**,
3518017,Clarington,2005 October,1 Bedroom,0.7,b
3518017,Clarington,2005 October,2 Bedroom,2.4,b
3518017,Clarington,2005 October,3 Bedroom +,2.0,c
3518017,Clarington,2005 October,Total,1.6,b
3518017,Clarington,2006 October,Studio,**,
3518017,Clarington,2006 October,1 Bedroom,1.6,b
3518017,Clarington,2006 October,2 Bedroom,2.8,a
3518017,Clarington,2006 October,3 Bedroom +,**,
3518017,Clarington,2006 October,Total,2.1,a
3518017,Clarington,2007 October,Studio,**,
3518017,Clarington,2007 October,1 Bedroom,4.6,c
3518017,Clarington,2007 October,2 Bedroom,2.5,a
3518017,Clarington,2007 October,3 Bedroom +,12.8,d
3518017,Clarington,2007 October,Total,3.8,b
3518017,Clarington,2008 October,Studio,**,
3518017,Clarington,2008 October,1 Bedroom,2.4,b
3518017,Clarington,2008 October,2 Bedroom,4.7,a
3518017,Clarington,2008 October,3 Bedroom +,**,
3518017,Clarington,2008 October,Total,3.6,b
3518017,Clarington,2009 October,Studio,**,
3518017,Clarington,2009 October,1 Bedroom,3.4,b
3518017,Clarington,2009 October,2 Bedroom,3.8,a
3518017,Clarington,2009 October,3 Bedroom +,2.4,b
3518017,Clarington,2009 October,Total,3.5,a
3518017,Clarington,2010 October,Studio,**,
3518017,Clarington,2010 October,1 Bedroom,4.5,c
3518017,Clarington,2010 October,2 Bedroom,2.8,b
3518017,Clarington,2010 October,3 Bedroom +,5.1,d
3518017,Clarington,2010 October,Total,3.5,b
3518017,Clarington,2011 October,Studio,**,
3518017,Clarington,2011 October,1 Bedroom,0.5,a
3518017,Clarington,2011 October,2 Bedroom,1.2,a
3518017,Clarington,2011 October,3 Bedroom +,**,
3518017,Clarington,2011 October,Total,0.8,a
3518017,Clarington,2012 October,Studio,**,
3518017,Clarington,2012 October,1 Bedroom,4.0,c
3518017,Clarington,2012 October,2 Bedroom,1.7,b
3518017,Clarington,2012 October,3 Bedroom +,0.0,d
3518017,Clarington,2012 October,Total,2.2,b
3518017,Clarington,2013 October,Studio,**,
3518017,Clarington,2013 October,1 Bedroom,0.0,d
3518017,Clarington,2013 October,2 Bedroom,2.0,c
3518017,Clarington,2013 October,3 Bedroom +,**,
3518017,Clarington,2013 October,Total,1.3,a
3518017,Clarington,2014 October,Studio,**,
3518017,Clarington,2014 October,1 Bedroom,0.0,c
3518017,Clarington,2014 October,2 Bedroom,1.0,a
3518017,Clarington,2014 October,3 Bedroom +,2.3,b
3518017,Clarington,2014 October,Total,1.0,a
3518017,Clarington,2015 October,Studio,**,
3518017,Clarington,2015 October,1 Bedroom,0.0,d
3518017,Clarington,2015 October,2 Bedroom,0.0,d
3518017,Clarington,2015 October,3 Bedroom +,1.2,a
3518017,Clarington,2015 October,Total,0.1,b
3518017,Clarington,2016 October,Studio,**,
3518017,Clarington,2016 October,1 Bedroom,0.0,d
3518017,Clarington,2016 October,2 Bedroom,0.3,b
3518017,Clarington,2016 October,3 Bedroom +,0.0,d
3518017,Clarington,2016 October,Total,0.2,b
3518017,Clarington,2017 October,Studio,**,
3518017,Clarington,2017 October,1 Bedroom,0.5,b
3518017,Clarington,2017 October,2 Bedroom,0.3,b
3518017,Clarington,2017 October,3 Bedroom +,**,
3518017,Clarington,2017 October,Total,0.5,b
3518017,Clarington,2018 October,Studio,**,
3518017,Clarington,2018 October,1 Bedroom,0.9,d
3518017,Clarington,2018 October,2 Bedroom,1.2,d
3518017,Clarington,2018 October,3 Bedroom +,2.5,c
3518017,Clarington,2018 October,Total,1.3,a
3518017,Clarington,2019 October,Studio,**,
3518017,Clarington,2019 October,1 Bedroom,0.4,b
3518017,Clarington,2019 October,2 Bedroom,0.7,b
3518017,Clarington,2019 October,3 Bedroom +,1.2,a
3518017,Clarington,2019 October,Total,0.7,a
3518017,Clarington,2020 October,Studio,**,
3518017,Clarington,2020 October,1 Bedroom,0.9,d
3518017,Clarington,2020 October,2 Bedroom,0.6,a
3518017,Clarington,2020 October,3 Bedroom +,0.0,d
3518017,Clarington,2020 October,Total,0.6,a
3518017,Clarington,2021 October,Studio,**,
3518017,Clarington,2021 October,1 Bedroom,0.0,d
3518017,Clarington,2021 October,2 Bedroom,0.0,d
3518017,Clarington,2021 October,3 Bedroom +,0.0,d
3518017,Clarington,2021 October,Total,0.0,d
3518017,Clarington,2022 October,Studio,**,
3518017,Clarington,2022 October,1 Bedroom,0.4,b
3518017,Clarington,2022 October,2 Bedroom,**,
3518017,Clarington,2022 October,3 Bedroom +,0.0,d
3518017,Clarington,2022 October,Total,0.6,b
3518017,Clarington,2023 October,Studio,**,
3518017,Clarington,2023 October,1 Bedroom,0.0,d
3518017,Clarington,2023 October,2 Bedroom,0.3,b
3518017,Clarington,2023 October,3 Bedroom +,0.0,d
3518017,Clarington,2023 October,Total,0.2,b
3518017,Clarington,2024 October,Studio,**,
3518017,Clarington,2024 October,1 Bedroom,**,
3518017,Clarington,2024 October,2 Bedroom,**,
3518017,Clarington,2024 October,3 Bedroom +,0.0,d
3518017,Clarington,2024 October,Total,**,
3518017,Clarington,2025 October,Studio,**,
3518017,Clarington,2025 October,1 Bedroom,1.5,d
3518017,Clarington,2025 October,2 Bedroom,**,
3518017,Clarington,2025 October,3 Bedroom +,0.0,d
3518017,Clarington,2025 October,Total,1.6,c
3518020,Scugog,2008 October,Studio,**,
3518020,Scugog,2008 October,1 Bedroom,4.3,c
3518020,Scugog,2008 October,2 Bedroom,0.0,c
3518020,Scugog,2008 October,3 Bedroom +,**,
3518020,Scugog,2008 October,Total,1.8,b
3518020,Scugog,2009 October,Studio,**,
3518020,Scugog,2009 October,1 Bedroom,0.0,d
3518020,Scugog,2009 October,2 Bedroom,0.0,c
3518020,Scugog,2009 October,3 Bedroom +,**,
3518020,Scugog,2009 October,Total,0.0,c
3518020,Scugog,2010 October,Studio,**,
3518020,Scugog,2010 October,1 Bedroom,4.6,d
3518020,Scugog,2010 October,2 Bedroom,0.0,d
3518020,Scugog,2010 October,3 Bedroom +,**,
3518020,Scugog,2010 October,Total,1.8,b
3518020,Scugog,2011 October,Studio,**,
3518020,Scugog,2011 October,1 Bedroom,**,
3518020,Scugog,2011 October,2 Bedroom,0.0,d
3518020,Scugog,2011 October,3 Bedroom +,**,
3518020,Scugog,2011 October,Total,**,
3518020,Scugog,2012 October,Studio,**,
3518020,Scugog,2012 October,1 Bedroom,0.0,d
3518020,Scugog,2012 October,2 Bedroom,0.0,d
3518020,Scugog,2012 October,3 Bedroom +,**,
3518020,Scugog,2012 October,Total,0.0,d
3518020,Scugog,2013 October,Studio,**,
3518020,Scugog,2013 October,1 Bedroom,0.0,d
3518020,Scugog,2013 October,2 Bedroom,0.0,d
3518020,Scugog,2013 October,3 Bedroom +,**,
3518020,Scugog,2013 October,Total,0.0,d
3518020,Scugog,2014 October,Studio,**,
3518020,Scugog,2014 October,1 Bedroom,0.0,d
3518020,Scugog,2014 October,2 Bedroom,0.0,d
3518020,Scugog,2014 October,3 Bedroom +,**,
3518020,Scugog,2014 October,Total,0.0,d
3518020,Scugog,2015 October,Studio,**,
3518020,Scugog,2015 October,1 Bedroom,**,
3518020,Scugog,2015 October,2 Bedroom,**,
3518020,Scugog,2015 October,3 Bedroom +,**,
3518020,Scugog,2015 October,Total,4.5,b
3518020,Scugog,2016 October,Studio,**,
3518020,Scugog,2016 October,1 Bedroom,0.0,d
3518020,Scugog,2016 October,2 Bedroom,0.0,d
3518020,Scugog,2016 October,3 Bedroom +,**,
3518020,Scugog,2016 October,Total,0.0,d
3518020,Scugog,2017 October,Studio,**,
3518020,Scugog,2017 October,1 Bedroom,0.0,d
3518020,Scugog,2017 October,2 Bedroom,8.5,b
3518020,Scugog,2017 October,3 Bedroom +,**,
3518020,Scugog,2017 October,Total,5.7,a
3518020,Scugog,2018 October,Studio,**,
3518020,Scugog,2018 October,1 Bedroom,0.0,d
3518020,Scugog,2018 October,2 Bedroom,**,
3518020,Scugog,2018 October,3 Bedroom +,**,
3518020,Scugog,2018 October,Total,**,
3518020,Scugog,2019 October,Studio,**,
3518020,Scugog,2019 October,1 Bedroom,0.0,d
3518020,Scugog,2019 October,2 Bedroom,**,
3518020,Scugog,2019 October,3 Bedroom +,**,
3518020,Scugog,2019 October,Total,**,
3518020,Scugog,2020 October,Studio,**,
3518020,Scugog,2020 October,1 Bedroom,0.0,d
3518020,Scugog,2020 October,2 Bedroom,0.0,d
3518020,Scugog,2020 October,3 Bedroom +,**,
3518020,Scugog,2020 October,Total,0.0,d
3518020,Scugog,2021 October,Studio,**,
3518020,Scugog,2021 October,1 Bedroom,0.0,d
3518020,Scugog,2021 October,2 Bedroom,0.0,d
3518020,Scugog,2021 October,3 Bedroom +,**,
3518020,Scugog,2021 October,Total,0.0,d
3518020,Scugog,2022 October,Studio,**,
3518020,Scugog,2022 October,1 Bedroom,**,
3518020,Scugog,2022 October,2 Bedroom,0.0,d
3518020,Scugog,2022 October,3 Bedroom +,**,
3518020,Scugog,2022 October,Total,**,
3518020,Scugog,2023 October,Studio,**,
3518020,Scugog,2023 October,1 Bedroom,0.0,d
3518020,Scugog,2023 October,2 Bedroom,0.0,d
3518020,Scugog,2023 October,3 Bedroom +,**,
3518020,Scugog,2023 October,Total,0.0,d
3518020,Scugog,2024 October,Studio,**,
3518020,Scugog,2024 October,1 Bedroom,0.0,d
3518020,Scugog,2024 October,2 Bedroom,0.0,d
3518020,Scugog,2024 October,3 Bedroom +,**,
3518020,Scugog,2024 October,Total,0.0,d
3518020,Scugog,2025 October,Studio,**,
3518020,Scugog,2025 October,1 Bedroom,0.0,d
3518020,Scugog,2025 October,2 Bedroom,**,
3518020,Scugog,2025 October,3 Bedroom +,**,
3518020,Scugog,2025 October,Total,**,
3518029,Uxbridge,1990 October,Studio,**,
3518029,Uxbridge,1990 October,1 Bedroom,7.9,a
3518029,Uxbridge,1990 October,2 Bedroom,6.5,a
3518029,Uxbridge,1990 October,3 Bedroom +,**,
3518029,Uxbridge,1990 October,Total,6.6,a
3518029,Uxbridge,1991 October,Studio,**,
3518029,Uxbridge,1991 October,1 Bedroom,13.2,a
3518029,Uxbridge,1991 October,2 Bedroom,6.6,a
3518029,Uxbridge,1991 October,3 Bedroom +,**,
3518029,Uxbridge,1991 October,Total,8.4,a
3518029,Uxbridge,1992 October,Studio,**,
3518029,Uxbridge,1992 October,1 Bedroom,3.0,d
3518029,Uxbridge,1992 October,2 Bedroom,3.5,c
3518029,Uxbridge,1992 October,3 Bedroom +,**,
3518029,Uxbridge,1992 October,Total,3.2,b
3518029,Uxbridge,1993 October,Studio,**,
3518029,Uxbridge,1993 October,1 Bedroom,3.9,a
3518029,Uxbridge,1993 October,2 Bedroom,2.8,b
3518029,Uxbridge,1993 October,3 Bedroom +,**,
3518029,Uxbridge,1993 October,Total,3.0,b
3518029,Uxbridge,1994 October,Studio,**,
3518029,Uxbridge,1994 October,1 Bedroom,0.0,c
3518029,Uxbridge,1994 October,2 Bedroom,0.0,c
3518029,Uxbridge,1994 October,3 Bedroom +,**,
3518029,Uxbridge,1994 October,Total,0.0,c
3518029,Uxbridge,1995 October,Studio,**,
3518029,Uxbridge,1995 October,1 Bedroom,0.0,c
3518029,Uxbridge,1995 October,2 Bedroom,0.0,c
3518029,Uxbridge,1995 October,3 Bedroom +,0.0,a
3518029,Uxbridge,1995 October,Total,0.0,c
3518029,Uxbridge,1996 October,Studio,**,
3518029,Uxbridge,1996 October,1 Bedroom,4.0,b
3518029,Uxbridge,1996 October,2 Bedroom,1.0,a
3518029,Uxbridge,1996 October,3 Bedroom +,**,
3518029,Uxbridge,1996 October,Total,2.0,b
3518029,Uxbridge,1997 October,Studio,**,
3518029,Uxbridge,1997 October,1 Bedroom,**,
3518029,Uxbridge,1997 October,2 Bedroom,**,
3518029,Uxbridge,1997 October,3 Bedroom +,**,
3518029,Uxbridge,1997 October,Total,**,
3518029,Uxbridge,1998 October,Studio,**,
3518029,Uxbridge,1998 October,1 Bedroom,2.9,a
3518029,Uxbridge,1998 October,2 Bedroom,0.0,c
3518029,Uxbridge,1998 October,3 Bedroom +,**,
3518029,Uxbridge,1998 October,Total,1.5,a
3518029,Uxbridge,1999 October,Studio,**,
3518029,Uxbridge,1999 October,1 Bedroom,0.0,a
3518029,Uxbridge,1999 October,2 Bedroom,0.0,a
3518029,Uxbridge,1999 October,3 Bedroom +,**,
3518029,Uxbridge,1999 October,Total,0.0,a
3518029,Uxbridge,2000 October,Studio,**,
3518029,Uxbridge,2000 October,1 Bedroom,4.3,c
3518029,Uxbridge,2000 October,2 Bedroom,0.0,c
3518029,Uxbridge,2000 October,3 Bedroom +,**,
3518029,Uxbridge,2000 October,Total,1.9,b
3518029,Uxbridge,2001 October,Studio,**,
3518029,Uxbridge,2001 October,1 Bedroom,3.6,a
3518029,Uxbridge,2001 October,2 Bedroom,1.5,a
3518029,Uxbridge,2001 October,3 Bedroom +,**,
3518029,Uxbridge,2001 October,Total,2.2,a
3518029,Uxbridge,2002 October,Studio,**,
3518029,Uxbridge,2002 October,1 Bedroom,1.2,a
3518029,Uxbridge,2002 October,2 Bedroom,0.0,a
3518029,Uxbridge,2002 October,3 Bedroom +,**,
3518029,Uxbridge,2002 October,Total,0.4,a
3518029,Uxbridge,2003 October,Studio,**,
3518029,Uxbridge,2003 October,1 Bedroom,0.0,d
3518029,Uxbridge,2003 October,2 Bedroom,0.7,b
3518029,Uxbridge,2003 October,3 Bedroom +,**,
3518029,Uxbridge,2003 October,Total,0.4,b
3518029,Uxbridge,2004 October,Studio,**,
3518029,Uxbridge,2004 October,1 Bedroom,1.1,d
3518029,Uxbridge,2004 October,2 Bedroom,1.6,c
3518029,Uxbridge,2004 October,3 Bedroom +,**,
3518029,Uxbridge,2004 October,Total,1.3,a
3518029,Uxbridge,2005 October,Studio,**,
3518029,Uxbridge,2005 October,1 Bedroom,1.4,d
3518029,Uxbridge,2005 October,2 Bedroom,2.0,c
3518029,Uxbridge,2005 October,3 Bedroom +,**,
3518029,Uxbridge,2005 October,Total,1.7,c
3518029,Uxbridge,2006 October,Studio,**,
3518029,Uxbridge,2006 October,1 Bedroom,0.0,c
3518029,Uxbridge,2006 October,2 Bedroom,0.7,b
3518029,Uxbridge,2006 October,3 Bedroom +,**,
3518029,Uxbridge,2006 October,Total,0.4,b
3518029,Uxbridge,2007 October,Studio,**,
3518029,Uxbridge,2007 October,1 Bedroom,0.0,d
3518029,Uxbridge,2007 October,2 Bedroom,0.0,d
3518029,Uxbridge,2007 October,3 Bedroom +,**,
3518029,Uxbridge,2007 October,Total,0.0,d
3518029,Uxbridge,2008 October,Studio,**,
3518029,Uxbridge,2008 October,1 Bedroom,**,
3518029,Uxbridge,2008 October,2 Bedroom,1.8,c
3518029,Uxbridge,2008 October,3 Bedroom +,0.0,a
3518029,Uxbridge,2008 October,Total,**,
3518029,Uxbridge,2009 October,Studio,**,
3518029,Uxbridge,2009 October,1 Bedroom,0.0,d
3518029,Uxbridge,2009 October,2 Bedroom,0.0,d
3518029,Uxbridge,2009 October,3 Bedroom +,**,
3518029,Uxbridge,2009 October,Total,0.4,b
3518029,Uxbridge,2010 October,Studio,**,
3518029,Uxbridge,2010 October,1 Bedroom,2.2,c
3518029,Uxbridge,2010 October,2 Bedroom,**,
3518029,Uxbridge,2010 October,3 Bedroom +,**,
3518029,Uxbridge,2010 October,Total,1.3,d
3518029,Uxbridge,2011 October,Studio,**,
3518029,Uxbridge,2011 October,1 Bedroom,**,
3518029,Uxbridge,2011 October,2 Bedroom,**,
3518029,Uxbridge,2011 October,3 Bedroom +,**,
3518029,Uxbridge,2011 October,Total,**,
3518029,Uxbridge,2012 October,Studio,**,
3518029,Uxbridge,2012 October,1 Bedroom,6.6,c
3518029,Uxbridge,2012 October,2 Bedroom,1.2,a
3518029,Uxbridge,2012 October,3 Bedroom +,**,
3518029,Uxbridge,2012 October,Total,4.4,c
3518029,Uxbridge,2013 October,Studio,**,
3518029,Uxbridge,2013 October,1 Bedroom,7.4,c
3518029,Uxbridge,2013 October,2 Bedroom,0.9,a
3518029,Uxbridge,2013 October,3 Bedroom +,0.0,a
3518029,Uxbridge,2013 October,Total,4.4,c
3518029,Uxbridge,2014 October,Studio,**,
3518029,Uxbridge,2014 October,1 Bedroom,**,
3518029,Uxbridge,2014 October,2 Bedroom,**,
3518029,Uxbridge,2014 October,3 Bedroom +,**,
3518029,Uxbridge,2014 October,Total,2.9,c
3518029,Uxbridge,2015 October,Studio,**,
3518029,Uxbridge,2015 October,1 Bedroom,**,
3518029,Uxbridge,2015 October,2 Bedroom,**,
3518029,Uxbridge,2015 October,3 Bedroom +,**,
3518029,Uxbridge,2015 October,Total,2.7,c
3518029,Uxbridge,2016 October,Studio,**,
3518029,Uxbridge,2016 October,1 Bedroom,**,
3518029,Uxbridge,2016 October,2 Bedroom,0.0,d
3518029,Uxbridge,2016 October,3 Bedroom +,**,
3518029,Uxbridge,2016 October,Total,0.7,b
3518029,Uxbridge,2017 October,Studio,**,
3518029,Uxbridge,2017 October,1 Bedroom,**,
3518029,Uxbridge,2017 October,2 Bedroom,0.0,d
3518029,Uxbridge,2017 October,3 Bedroom +,**,
3518029,Uxbridge,2017 October,Total,1.4,d
3518029,Uxbridge,2018 October,Studio,**,
3518029,Uxbridge,2018 October,1 Bedroom,**,
3518029,Uxbridge,2018 October,2 Bedroom,0.0,d
3518029,Uxbridge,2018 October,3 Bedroom +,**,
3518029,Uxbridge,2018 October,Total,**,
3518029,Uxbridge,2019 October,Studio,**,
3518029,Uxbridge,2019 October,1 Bedroom,**,
3518029,Uxbridge,2019 October,2 Bedroom,**,
3518029,Uxbridge,2019 October,3 Bedroom +,**,
3518029,Uxbridge,2019 October,Total,4.8,d
3518029,Uxbridge,2020 October,Studio,**,
3518029,Uxbridge,2020 October,1 Bedroom,5.5,d
3518029,Uxbridge,2020 October,2 Bedroom,0.9,a
3518029,Uxbridge,2020 October,3 Bedroom +,**,
3518029,Uxbridge,2020 October,Total,2.4,c
3518029,Uxbridge,2021 October,Studio,**,
3518029,Uxbridge,2021 October,1 Bedroom,**,
3518029,Uxbridge,2021 October,2 Bedroom,**,
3518029,Uxbridge,2021 October,3 Bedroom +,**,
3518029,Uxbridge,2021 October,Total,**,
3518029,Uxbridge,2022 October,Studio,**,
3518029,Uxbridge,2022 October,1 Bedroom,**,
3518029,Uxbridge,2022 October,2 Bedroom,**,
3518029,Uxbridge,2022 October,3 Bedroom +,**,
3518029,Uxbridge,2022 October,Total,2.0,c
3518029,Uxbridge,2023 October,Studio,**,
3518029,Uxbridge,2023 October,1 Bedroom,**,
3518029,Uxbridge,2023 October,2 Bedroom,2.7,c
3518029,Uxbridge,2023 October,3 Bedroom +,**,
3518029,Uxbridge,2023 October,Total,**,
3518029,Uxbridge,2024 October,Studio,**,
3518029,Uxbridge,2024 October,1 Bedroom,0.0,d
3518029,Uxbridge,2024 October,2 Bedroom,0.0,d
3518029,Uxbridge,2024 October,3 Bedroom +,**,
3518029,Uxbridge,2024 October,Total,0.0,d
3518029,Uxbridge,2025 October,Studio,**,
3518029,Uxbridge,2025 October,1 Bedroom,**,
3518029,Uxbridge,2025 October,2 Bedroom,**,
3518029,Uxbridge,2025 October,3 Bedroom +,**,
3518029,Uxbridge,2025 October,Total,**,
3518039,Brock,2008 October,Studio,**,
3518039,Brock,2008 October,1 Bedroom,**,
3518039,Brock,2008 October,2 Bedroom,4.9,d
3518039,Brock,2008 October,3 Bedroom +,**,
3518039,Brock,2008 October,Total,5.4,d
3518039,Brock,2009 October,Studio,**,
3518039,Brock,2009 October,1 Bedroom,**,
3518039,Brock,2009 October,2 Bedroom,**,
3518039,Brock,2009 October,3 Bedroom +,0.0,a
3518039,Brock,2009 October,Total,3.1,d
3518039,Brock,2010 October,Studio,**,
3518039,Brock,2010 October,1 Bedroom,**,
3518039,Brock,2010 October,2 Bedroom,**,
3518039,Brock,2010 October,3 Bedroom +,**,
3518039,Brock,2010 October,Total,10.4,d
3518039,Brock,2011 October,Studio,**,
3518039,Brock,2011 October,1 Bedroom,**,
3518039,Brock,2011 October,2 Bedroom,10.1,d
3518039,Brock,2011 October,3 Bedroom +,**,
3518039,Brock,2011 October,Total,8.6,c
3518039,Brock,2012 October,Studio,**,
3518039,Brock,2012 October,1 Bedroom,0.0,d
3518039,Brock,2012 October,2 Bedroom,2.6,c
3518039,Brock,2012 October,3 Bedroom +,**,
3518039,Brock,2012 October,Total,1.9,c
3518039,Brock,2013 October,Studio,**,
3518039,Brock,2013 October,1 Bedroom,**,
3518039,Brock,2013 October,2 Bedroom,**,
3518039,Brock,2013 October,3 Bedroom +,**,
3518039,Brock,2013 October,Total,2.9,c
3518039,Brock,2014 October,Studio,**,
3518039,Brock,2014 October,1 Bedroom,**,
3518039,Brock,2014 October,2 Bedroom,0.0,d
3518039,Brock,2014 October,3 Bedroom +,**,
3518039,Brock,2014 October,Total,1.0,a
3518039,Brock,2015 October,Studio,**,
3518039,Brock,2015 October,1 Bedroom,**,
3518039,Brock,2015 October,2 Bedroom,0.0,d
3518039,Brock,2015 October,3 Bedroom +,**,
3518039,Brock,2015 October,Total,**,
3518039,Brock,2016 October,Studio,**,
3518039,Brock,2016 October,1 Bedroom,0.0,d
3518039,Brock,2016 October,2 Bedroom,0.0,d
3518039,Brock,2016 October,3 Bedroom +,**,
3518039,Brock,2016 October,Total,0.0,d
3518039,Brock,2017 October,Studio,**,
3518039,Brock,2017 October,1 Bedroom,0.0,d
3518039,Brock,2017 October,2 Bedroom,**,
3518039,Brock,2017 October,3 Bedroom +,**,
3518039,Brock,2017 October,Total,**,
3518039,Brock,2018 October,Studio,**,
3518039,Brock,2018 October,1 Bedroom,0.0,d
3518039,Brock,2018 October,2 Bedroom,0.0,d
3518039,Brock,2018 October,3 Bedroom +,**,
3518039,Brock,2018 October,Total,0.0,d
3518039,Brock,2019 October,Studio,**,
3518039,Brock,2019 October,1 Bedroom,18.3,a
3518039,Brock,2019 October,2 Bedroom,**,
3518039,Brock,2019 October,3 Bedroom +,**,
3518039,Brock,2019 October,Total,10.0,b
3518039,Brock,2020 October,Studio,**,
3518039,Brock,2020 October,1 Bedroom,0.0,d
3518039,Brock,2020 October,2 Bedroom,0.0,d
3518039,Brock,2020 October,3 Bedroom +,**,
3518039,Brock,2020 October,Total,0.0,d
3518039,Brock,2021 October,Studio,**,
3518039,Brock,2021 October,1 Bedroom,0.0,d
3518039,Brock,2021 October,2 Bedroom,**,
3518039,Brock,2021 October,3 Bedroom +,**,
3518039,Brock,2021 October,Total,**,
3518039,Brock,2022 October,Studio,**,
3518039,Brock,2022 October,1 Bedroom,0.0,d
3518039,Brock,2022 October,2 Bedroom,0.0,d
3518039,Brock,2022 October,3 Bedroom +,**,
3518039,Brock,2022 October,Total,0.0,d
3518039,Brock,2023 October,Studio,**,
3518039,Brock,2023 October,1 Bedroom,0.0,d
3518039,Brock,2023 October,2 Bedroom,0.0,d
3518039,Brock,2023 October,3 Bedroom +,**,
3518039,Brock,2023 October,Total,0.0,d
3518039,Brock,2024 October,Studio,**,
3518039,Brock,2024 October,1 Bedroom,0.0,d
3518039,Brock,2024 October,2 Bedroom,0.0,d
3518039,Brock,2024 October,3 Bedroom +,**,
3518039,Brock,2024 October,Total,0.0,d
3518039,Brock,2025 October,Studio,**,
3518039,Brock,2025 October,1 Bedroom,0.0,d
3518039,Brock,2025 October,2 Bedroom,0.0,d
3518039,Brock,2025 October,3 Bedroom +,**,
3518039,Brock,2025 October,Total,0.0,d
3524002,Burlington,1990 October,Studio,2.3,c
3524002,Burlington,1990 October,1 Bedroom,1.0,a
3524002,Burlington,1990 October,2 Bedroom,0.6,a
3524002,Burlington,1990 October,3 Bedroom +,1.3,a
3524002,Burlington,1990 October,Total,0.9,a
3524002,Burlington,1991 October,Studio,0.0,c
3524002,Burlington,1991 October,1 Bedroom,1.0,a
3524002,Burlington,1991 October,2 Bedroom,0.6,a
3524002,Burlington,1991 October,3 Bedroom +,1.5,a
3524002,Burlington,1991 October,Total,0.9,a
3524002,Burlington,1992 October,Studio,0.0,c
3524002,Burlington,1992 October,1 Bedroom,0.6,a
3524002,Burlington,1992 October,2 Bedroom,1.4,a
3524002,Burlington,1992 October,3 Bedroom +,1.5,b
3524002,Burlington,1992 October,Total,1.2,a
3524002,Burlington,1993 October,Studio,0.0,c
3524002,Burlington,1993 October,1 Bedroom,1.5,a
3524002,Burlington,1993 October,2 Bedroom,2.0,a
3524002,Burlington,1993 October,3 Bedroom +,3.7,b
3524002,Burlington,1993 October,Total,2.2,a
3524002,Burlington,1994 October,Studio,**,
3524002,Burlington,1994 October,1 Bedroom,1.1,a
3524002,Burlington,1994 October,2 Bedroom,1.4,a
3524002,Burlington,1994 October,3 Bedroom +,1.9,a
3524002,Burlington,1994 October,Total,1.4,a
3524002,Burlington,1995 October,Studio,0.0,c
3524002,Burlington,1995 October,1 Bedroom,0.8,a
3524002,Burlington,1995 October,2 Bedroom,0.8,a
3524002,Burlington,1995 October,3 Bedroom +,1.8,a
3524002,Burlington,1995 October,Total,1.0,a
3524002,Burlington,1996 October,Studio,**,
3524002,Burlington,1996 October,1 Bedroom,1.1,a
3524002,Burlington,1996 October,2 Bedroom,1.0,a
3524002,Burlington,1996 October,3 Bedroom +,1.4,a
3524002,Burlington,1996 October,Total,1.1,a
3524002,Burlington,1997 October,Studio,0.0,d
3524002,Burlington,1997 October,1 Bedroom,1.9,b
3524002,Burlington,1997 October,2 Bedroom,1.1,a
3524002,Burlington,1997 October,3 Bedroom +,1.9,a
3524002,Burlington,1997 October,Total,1.5,a
3524002,Burlington,1998 October,Studio,0.0,d
3524002,Burlington,1998 October,1 Bedroom,0.2,a
3524002,Burlington,1998 October,2 Bedroom,0.4,a
3524002,Burlington,1998 October,3 Bedroom +,0.6,a
3524002,Burlington,1998 October,Total,0.4,a
3524002,Burlington,1999 October,Studio,0.0,d
3524002,Burlington,1999 October,1 Bedroom,0.9,a
3524002,Burlington,1999 October,2 Bedroom,0.8,a
3524002,Burlington,1999 October,3 Bedroom +,0.6,a
3524002,Burlington,1999 October,Total,0.8,a
3524002,Burlington,2000 October,Studio,0.0,d
3524002,Burlington,2000 October,1 Bedroom,0.4,a
3524002,Burlington,2000 October,2 Bedroom,0.3,a
3524002,Burlington,2000 October,3 Bedroom +,0.5,a
3524002,Burlington,2000 October,Total,0.4,a
3524002,Burlington,2001 October,Studio,**,
3524002,Burlington,2001 October,1 Bedroom,0.1,a
3524002,Burlington,2001 October,2 Bedroom,0.3,a
3524002,Burlington,2001 October,3 Bedroom +,0.1,a
3524002,Burlington,2001 October,Total,0.2,a
3524002,Burlington,2002 October,Studio,**,
3524002,Burlington,2002 October,1 Bedroom,0.7,a
3524002,Burlington,2002 October,2 Bedroom,0.4,a
3524002,Burlington,2002 October,3 Bedroom +,1.3,a
3524002,Burlington,2002 October,Total,0.7,a
3524002,Burlington,2003 October,Studio,0.0,c
3524002,Burlington,2003 October,1 Bedroom,0.5,a
3524002,Burlington,2003 October,2 Bedroom,0.7,a
3524002,Burlington,2003 October,3 Bedroom +,1.1,a
3524002,Burlington,2003 October,Total,0.7,a
3524002,Burlington,2004 October,Studio,**,
3524002,Burlington,2004 October,1 Bedroom,1.3,a
3524002,Burlington,2004 October,2 Bedroom,1.3,a
3524002,Burlington,2004 October,3 Bedroom +,4.4,c
3524002,Burlington,2004 October,Total,1.9,a
3524002,Burlington,2005 October,Studio,**,
3524002,Burlington,2005 October,1 Bedroom,2.4,c
3524002,Burlington,2005 October,2 Bedroom,1.3,a
3524002,Burlington,2005 October,3 Bedroom +,2.8,b
3524002,Burlington,2005 October,Total,1.9,a
3524002,Burlington,2006 October,Studio,**,
3524002,Burlington,2006 October,1 Bedroom,2.1,b
3524002,Burlington,2006 October,2 Bedroom,1.8,b
3524002,Burlington,2006 October,3 Bedroom +,2.8,b
3524002,Burlington,2006 October,Total,2.1,b
3524002,Burlington,2007 October,Studio,0.0,d
3524002,Burlington,2007 October,1 Bedroom,1.6,b
3524002,Burlington,2007 October,2 Bedroom,2.0,a
3524002,Burlington,2007 October,3 Bedroom +,1.6,b
3524002,Burlington,2007 October,Total,1.8,a
3524002,Burlington,2008 October,Studio,1.0,d
3524002,Burlington,2008 October,1 Bedroom,1.0,a
3524002,Burlington,2008 October,2 Bedroom,1.6,b
3524002,Burlington,2008 October,3 Bedroom +,1.3,a
3524002,Burlington,2008 October,Total,1.4,a
3524002,Burlington,2009 October,Studio,3.0,c
3524002,Burlington,2009 October,1 Bedroom,2.9,b
3524002,Burlington,2009 October,2 Bedroom,2.3,a
3524002,Burlington,2009 October,3 Bedroom +,2.2,b
3524002,Burlington,2009 October,Total,2.4,a
3524002,Burlington,2010 October,Studio,**,
3524002,Burlington,2010 October,1 Bedroom,0.9,a
3524002,Burlington,2010 October,2 Bedroom,1.4,a
3524002,Burlington,2010 October,3 Bedroom +,2.2,c
3524002,Burlington,2010 October,Total,1.4,a
3524002,Burlington,2011 October,Studio,**,
3524002,Burlington,2011 October,1 Bedroom,0.6,a
3524002,Burlington,2011 October,2 Bedroom,1.3,a
3524002,Burlington,2011 October,3 Bedroom +,0.4,a
3524002,Burlington,2011 October,Total,0.9,a
3524002,Burlington,2012 October,Studio,**,
3524002,Burlington,2012 October,1 Bedroom,1.3,a
3524002,Burlington,2012 October,2 Bedroom,1.2,a
3524002,Burlington,2012 October,3 Bedroom +,1.6,b
3524002,Burlington,2012 October,Total,1.3,a
3524002,Burlington,2013 October,Studio,**,
3524002,Burlington,2013 October,1 Bedroom,1.7,b
3524002,Burlington,2013 October,2 Bedroom,1.8,b
3524002,Burlington,2013 October,3 Bedroom +,1.8,c
3524002,Burlington,2013 October,Total,1.8,b
3524002,Burlington,2014 October,Studio,**,
3524002,Burlington,2014 October,1 Bedroom,2.1,b
3524002,Burlington,2014 October,2 Bedroom,1.2,a
3524002,Burlington,2014 October,3 Bedroom +,0.4,a
3524002,Burlington,2014 October,Total,1.3,a
3524002,Burlington,2015 October,Studio,**,
3524002,Burlington,2015 October,1 Bedroom,1.4,a
3524002,Burlington,2015 October,2 Bedroom,1.9,a
3524002,Burlington,2015 October,3 Bedroom +,1.1,a
3524002,Burlington,2015 October,Total,1.7,a
3524002,Burlington,2016 October,Studio,0.6,b
3524002,Burlington,2016 October,1 Bedroom,1.1,a
3524002,Burlington,2016 October,2 Bedroom,1.2,a
3524002,Burlington,2016 October,3 Bedroom +,0.7,b
3524002,Burlington,2016 October,Total,1.1,a
3524002,Burlington,2017 October,Studio,3.0,d
3524002,Burlington,2017 October,1 Bedroom,1.3,a
3524002,Burlington,2017 October,2 Bedroom,1.4,a
3524002,Burlington,2017 October,3 Bedroom +,0.9,a
3524002,Burlington,2017 October,Total,1.3,a
3524002,Burlington,2018 October,Studio,**,
3524002,Burlington,2018 October,1 Bedroom,1.0,a
3524002,Burlington,2018 October,2 Bedroom,2.2,b
3524002,Burlington,2018 October,3 Bedroom +,1.6,b
3524002,Burlington,2018 October,Total,1.7,b
3524002,Burlington,2019 October,Studio,**,
3524002,Burlington,2019 October,1 Bedroom,1.3,a
3524002,Burlington,2019 October,2 Bedroom,2.0,b
3524002,Burlington,2019 October,3 Bedroom +,1.2,a
3524002,Burlington,2019 October,Total,1.7,a
3524002,Burlington,2020 October,Studio,**,
3524002,Burlington,2020 October,1 Bedroom,1.7,b
3524002,Burlington,2020 October,2 Bedroom,2.1,a
3524002,Burlington,2020 October,3 Bedroom +,1.5,a
3524002,Burlington,2020 October,Total,2.0,a
3524002,Burlington,2021 October,Studio,**,
3524002,Burlington,2021 October,1 Bedroom,0.9,a
3524002,Burlington,2021 October,2 Bedroom,1.2,a
3524002,Burlington,2021 October,3 Bedroom +,1.6,b
3524002,Burlington,2021 October,Total,1.2,a
3524002,Burlington,2022 October,Studio,**,
3524002,Burlington,2022 October,1 Bedroom,1.1,a
3524002,Burlington,2022 October,2 Bedroom,1.1,a
3524002,Burlington,2022 October,3 Bedroom +,1.6,b
3524002,Burlington,2022 October,Total,1.2,a
3524002,Burlington,2023 October,Studio,**,
3524002,Burlington,2023 October,1 Bedroom,1.3,a
3524002,Burlington,2023 October,2 Bedroom,1.9,b
3524002,Burlington,2023 October,3 Bedroom +,0.7,a
3524002,Burlington,2023 October,Total,1.6,b
3524002,Burlington,2024 October,Studio,**,
3524002,Burlington,2024 October,1 Bedroom,1.5,b
3524002,Burlington,2024 October,2 Bedroom,2.2,a
3524002,Burlington,2024 October,3 Bedroom +,0.9,a
3524002,Burlington,2024 October,Total,1.8,a
3524002,Burlington,2025 October,Studio,**,
3524002,Burlington,2025 October,1 Bedroom,2.6,a
3524002,Burlington,2025 October,2 Bedroom,1.8,a
3524002,Burlington,2025 October,3 Bedroom +,1.2,a
3524002,Burlington,2025 October,Total,2.0,a
3524001,Oakville,1990 October,Studio,**,
3524001,Oakville,1990 October,1 Bedroom,0.2,a
3524001,Oakville,1990 October,2 Bedroom,0.7,a
3524001,Oakville,1990 October,3 Bedroom +,1.2,a
3524001,Oakville,1990 October,Total,0.7,a
3524001,Oakville,1991 October,Studio,0.9,a
3524001,Oakville,1991 October,1 Bedroom,1.0,a
3524001,Oakville,1991 October,2 Bedroom,1.1,a
3524001,Oakville,1991 October,3 Bedroom +,0.6,a
3524001,Oakville,1991 October,Total,1.0,a
3524001,Oakville,1992 October,Studio,**,
3524001,Oakville,1992 October,1 Bedroom,2.7,b
3524001,Oakville,1992 October,2 Bedroom,1.7,b
3524001,Oakville,1992 October,3 Bedroom +,1.7,a
3524001,Oakville,1992 October,Total,2.0,a
3524001,Oakville,1993 October,Studio,1.5,a
3524001,Oakville,1993 October,1 Bedroom,0.4,a
3524001,Oakville,1993 October,2 Bedroom,1.7,a
3524001,Oakville,1993 October,3 Bedroom +,1.5,a
3524001,Oakville,1993 October,Total,1.3,a
3524001,Oakville,1994 October,Studio,2.1,c
3524001,Oakville,1994 October,1 Bedroom,0.8,a
3524001,Oakville,1994 October,2 Bedroom,0.8,a
3524001,Oakville,1994 October,3 Bedroom +,0.1,a
3524001,Oakville,1994 October,Total,0.8,a
3524001,Oakville,1995 October,Studio,1.3,a
3524001,Oakville,1995 October,1 Bedroom,0.6,a
3524001,Oakville,1995 October,2 Bedroom,0.4,a
3524001,Oakville,1995 October,3 Bedroom +,0.3,a
3524001,Oakville,1995 October,Total,0.4,a
3524001,Oakville,1996 October,Studio,**,
3524001,Oakville,1996 October,1 Bedroom,0.4,a
3524001,Oakville,1996 October,2 Bedroom,0.7,a
3524001,Oakville,1996 October,3 Bedroom +,0.6,a
3524001,Oakville,1996 October,Total,0.6,a
3524001,Oakville,1997 October,Studio,0.6,a
3524001,Oakville,1997 October,1 Bedroom,0.3,a
3524001,Oakville,1997 October,2 Bedroom,0.5,a
3524001,Oakville,1997 October,3 Bedroom +,0.3,a
3524001,Oakville,1997 October,Total,0.4,a
3524001,Oakville,1998 October,Studio,3.3,c
3524001,Oakville,1998 October,1 Bedroom,0.8,a
3524001,Oakville,1998 October,2 Bedroom,0.9,a
3524001,Oakville,1998 October,3 Bedroom +,0.3,a
3524001,Oakville,1998 October,Total,0.9,a
3524001,Oakville,1999 October,Studio,1.3,a
3524001,Oakville,1999 October,1 Bedroom,0.8,a
3524001,Oakville,1999 October,2 Bedroom,0.9,a
3524001,Oakville,1999 October,3 Bedroom +,0.3,b
3524001,Oakville,1999 October,Total,0.8,a
3524001,Oakville,2000 October,Studio,0.0,b
3524001,Oakville,2000 October,1 Bedroom,0.4,a
3524001,Oakville,2000 October,2 Bedroom,0.4,a
3524001,Oakville,2000 October,3 Bedroom +,0.3,a
3524001,Oakville,2000 October,Total,0.4,a
3524001,Oakville,2001 October,Studio,3.4,d
3524001,Oakville,2001 October,1 Bedroom,1.5,a
3524001,Oakville,2001 October,2 Bedroom,1.6,a
3524001,Oakville,2001 October,3 Bedroom +,0.6,a
3524001,Oakville,2001 October,Total,1.5,a
3524001,Oakville,2002 October,Studio,3.6,c
3524001,Oakville,2002 October,1 Bedroom,2.2,a
3524001,Oakville,2002 October,2 Bedroom,2.4,a
3524001,Oakville,2002 October,3 Bedroom +,0.9,a
3524001,Oakville,2002 October,Total,2.2,a
3524001,Oakville,2003 October,Studio,**,
3524001,Oakville,2003 October,1 Bedroom,2.8,a
3524001,Oakville,2003 October,2 Bedroom,2.5,a
3524001,Oakville,2003 October,3 Bedroom +,1.9,a
3524001,Oakville,2003 October,Total,2.5,a
3524001,Oakville,2004 October,Studio,**,
3524001,Oakville,2004 October,1 Bedroom,3.8,d
3524001,Oakville,2004 October,2 Bedroom,3.0,b
3524001,Oakville,2004 October,3 Bedroom +,**,
3524001,Oakville,2004 October,Total,3.3,c
3524001,Oakville,2005 October,Studio,**,
3524001,Oakville,2005 October,1 Bedroom,1.5,b
3524001,Oakville,2005 October,2 Bedroom,2.0,a
3524001,Oakville,2005 October,3 Bedroom +,1.1,a
3524001,Oakville,2005 October,Total,1.9,a
3524001,Oakville,2006 October,Studio,0.0,c
3524001,Oakville,2006 October,1 Bedroom,1.8,c
3524001,Oakville,2006 October,2 Bedroom,0.8,a
3524001,Oakville,2006 October,3 Bedroom +,1.1,a
3524001,Oakville,2006 October,Total,1.1,a
3524001,Oakville,2007 October,Studio,1.4,a
3524001,Oakville,2007 October,1 Bedroom,1.3,a
3524001,Oakville,2007 October,2 Bedroom,3.0,a
3524001,Oakville,2007 October,3 Bedroom +,2.0,c
3524001,Oakville,2007 October,Total,2.3,a
3524001,Oakville,2008 October,Studio,5.9,d
3524001,Oakville,2008 October,1 Bedroom,1.0,a
3524001,Oakville,2008 October,2 Bedroom,1.0,a
3524001,Oakville,2008 October,3 Bedroom +,0.0,c
3524001,Oakville,2008 October,Total,1.0,a
3524001,Oakville,2009 October,Studio,3.6,d
3524001,Oakville,2009 October,1 Bedroom,1.4,a
3524001,Oakville,2009 October,2 Bedroom,2.3,a
3524001,Oakville,2009 October,3 Bedroom +,3.1,c
3524001,Oakville,2009 October,Total,2.2,a
3524001,Oakville,2010 October,Studio,**,
3524001,Oakville,2010 October,1 Bedroom,0.6,a
3524001,Oakville,2010 October,2 Bedroom,2.3,a
3524001,Oakville,2010 October,3 Bedroom +,0.0,d
3524001,Oakville,2010 October,Total,1.6,a
3524001,Oakville,2011 October,Studio,**,
3524001,Oakville,2011 October,1 Bedroom,1.0,a
3524001,Oakville,2011 October,2 Bedroom,1.3,a
3524001,Oakville,2011 October,3 Bedroom +,0.4,b
3524001,Oakville,2011 October,Total,1.1,a
3524001,Oakville,2012 October,Studio,0.0,c
3524001,Oakville,2012 October,1 Bedroom,0.6,a
3524001,Oakville,2012 October,2 Bedroom,1.1,a
3524001,Oakville,2012 October,3 Bedroom +,2.1,c
3524001,Oakville,2012 October,Total,1.0,a
3524001,Oakville,2013 October,Studio,0.0,c
3524001,Oakville,2013 October,1 Bedroom,1.4,a
3524001,Oakville,2013 October,2 Bedroom,1.3,a
3524001,Oakville,2013 October,3 Bedroom +,1.6,c
3524001,Oakville,2013 October,Total,1.3,a
3524001,Oakville,2014 October,Studio,3.0,c
3524001,Oakville,2014 October,1 Bedroom,1.2,a
3524001,Oakville,2014 October,2 Bedroom,1.5,a
3524001,Oakville,2014 October,3 Bedroom +,1.2,d
3524001,Oakville,2014 October,Total,1.4,a
3524001,Oakville,2015 October,Studio,1.6,c
3524001,Oakville,2015 October,1 Bedroom,0.6,a
3524001,Oakville,2015 October,2 Bedroom,0.7,a
3524001,Oakville,2015 October,3 Bedroom +,1.6,c
3524001,Oakville,2015 October,Total,0.8,a
3524001,Oakville,2016 October,Studio,**,
3524001,Oakville,2016 October,1 Bedroom,1.0,a
3524001,Oakville,2016 October,2 Bedroom,1.9,a
3524001,Oakville,2016 October,3 Bedroom +,2.9,a
3524001,Oakville,2016 October,Total,1.7,a
3524001,Oakville,2017 October,Studio,0.6,a
3524001,Oakville,2017 October,1 Bedroom,0.6,a
3524001,Oakville,2017 October,2 Bedroom,1.3,a
3524001,Oakville,2017 October,3 Bedroom +,0.1,b
3524001,Oakville,2017 October,Total,0.9,a
3524001,Oakville,2018 October,Studio,5.1,d
3524001,Oakville,2018 October,1 Bedroom,1.1,a
3524001,Oakville,2018 October,2 Bedroom,1.2,a
3524001,Oakville,2018 October,3 Bedroom +,0.7,b
3524001,Oakville,2018 October,Total,1.2,a
3524001,Oakville,2019 October,Studio,**,
3524001,Oakville,2019 October,1 Bedroom,2.1,b
3524001,Oakville,2019 October,2 Bedroom,2.6,a
3524001,Oakville,2019 October,3 Bedroom +,0.8,a
3524001,Oakville,2019 October,Total,2.2,a
3524001,Oakville,2020 October,Studio,**,
3524001,Oakville,2020 October,1 Bedroom,2.4,b
3524001,Oakville,2020 October,2 Bedroom,3.9,c
3524001,Oakville,2020 October,3 Bedroom +,0.7,a
3524001,Oakville,2020 October,Total,3.0,c
3524001,Oakville,2021 October,Studio,3.0,c
3524001,Oakville,2021 October,1 Bedroom,2.7,a
3524001,Oakville,2021 October,2 Bedroom,2.0,a
3524001,Oakville,2021 October,3 Bedroom +,0.3,a
3524001,Oakville,2021 October,Total,2.0,a
3524001,Oakville,2022 October,Studio,**,
3524001,Oakville,2022 October,1 Bedroom,1.1,a
3524001,Oakville,2022 October,2 Bedroom,1.0,a
3524001,Oakville,2022 October,3 Bedroom +,0.2,b
3524001,Oakville,2022 October,Total,1.0,a
3524001,Oakville,2023 October,Studio,1.5,d
3524001,Oakville,2023 October,1 Bedroom,2.9,b
3524001,Oakville,2023 October,2 Bedroom,1.2,a
3524001,Oakville,2023 October,3 Bedroom +,0.2,b
3524001,Oakville,2023 October,Total,1.6,b
3524001,Oakville,2024 October,Studio,5.4,d
3524001,Oakville,2024 October,1 Bedroom,5.4,c
3524001,Oakville,2024 October,2 Bedroom,2.4,b
3524001,Oakville,2024 October,3 Bedroom +,1.1,d
3524001,Oakville,2024 October,Total,3.2,b
3524001,Oakville,2025 October,Studio,**,
3524001,Oakville,2025 October,1 Bedroom,2.5,b
3524001,Oakville,2025 October,2 Bedroom,4.1,d
3524001,Oakville,2025 October,3 Bedroom +,**,
3524001,Oakville,2025 October,Total,3.3,d
3524009,Milton,1990 October,Studio,0.0,a
3524009,Milton,1990 October,1 Bedroom,0.0,c
3524009,Milton,1990 October,2 Bedroom,0.0,c
3524009,Milton,1990 October,3 Bedroom +,0.0,a
3524009,Milton,1990 October,Total,0.0,c
3524009,Milton,1991 October,Studio,**,
3524009,Milton,1991 October,1 Bedroom,0.0,c
3524009,Milton,1991 October,2 Bedroom,0.0,d
3524009,Milton,1991 October,3 Bedroom +,0.0,a
3524009,Milton,1991 October,Total,0.0,d
3524009,Milton,1992 October,Studio,0.0,a
3524009,Milton,1992 October,1 Bedroom,0.7,a
3524009,Milton,1992 October,2 Bedroom,0.0,c
3524009,Milton,1992 October,3 Bedroom +,**,
3524009,Milton,1992 October,Total,0.3,a
3524009,Milton,1993 October,Studio,7.4,a
3524009,Milton,1993 October,1 Bedroom,1.2,a
3524009,Milton,1993 October,2 Bedroom,0.0,c
3524009,Milton,1993 October,3 Bedroom +,0.0,a
3524009,Milton,1993 October,Total,0.7,a
3524009,Milton,1994 October,Studio,0.0,a
3524009,Milton,1994 October,1 Bedroom,0.3,a
3524009,Milton,1994 October,2 Bedroom,0.3,a
3524009,Milton,1994 October,3 Bedroom +,0.0,a
3524009,Milton,1994 October,Total,0.3,a
3524009,Milton,1995 October,Studio,18.9,a
3524009,Milton,1995 October,1 Bedroom,2.5,b
3524009,Milton,1995 October,2 Bedroom,0.4,b
3524009,Milton,1995 October,3 Bedroom +,12.9,a
3524009,Milton,1995 October,Total,1.9,c
3524009,Milton,1996 October,Studio,**,
3524009,Milton,1996 October,1 Bedroom,0.4,a
3524009,Milton,1996 October,2 Bedroom,0.0,d
3524009,Milton,1996 October,3 Bedroom +,**,
3524009,Milton,1996 October,Total,0.2,b
3524009,Milton,1997 October,Studio,**,
3524009,Milton,1997 October,1 Bedroom,0.4,a
3524009,Milton,1997 October,2 Bedroom,1.1,a
3524009,Milton,1997 October,3 Bedroom +,**,
3524009,Milton,1997 October,Total,1.0,a
3524009,Milton,1998 October,Studio,0.0,a
3524009,Milton,1998 October,1 Bedroom,0.0,c
3524009,Milton,1998 October,2 Bedroom,0.0,d
3524009,Milton,1998 October,3 Bedroom +,**,
3524009,Milton,1998 October,Total,0.0,d
3524009,Milton,1999 October,Studio,0.0,a
3524009,Milton,1999 October,1 Bedroom,0.0,c
3524009,Milton,1999 October,2 Bedroom,0.0,d
3524009,Milton,1999 October,3 Bedroom +,**,
3524009,Milton,1999 October,Total,0.0,d
3524009,Milton,2000 October,Studio,**,
3524009,Milton,2000 October,1 Bedroom,0.0,c
3524009,Milton,2000 October,2 Bedroom,0.3,a
3524009,Milton,2000 October,3 Bedroom +,**,
3524009,Milton,2000 October,Total,0.2,a
3524009,Milton,2001 October,Studio,**,
3524009,Milton,2001 October,1 Bedroom,0.4,a
3524009,Milton,2001 October,2 Bedroom,0.0,d
3524009,Milton,2001 October,3 Bedroom +,**,
3524009,Milton,2001 October,Total,0.2,b
3524009,Milton,2002 October,Studio,**,
3524009,Milton,2002 October,1 Bedroom,1.5,a
3524009,Milton,2002 October,2 Bedroom,2.5,c
3524009,Milton,2002 October,3 Bedroom +,**,
3524009,Milton,2002 October,Total,2.0,c
3524009,Milton,2003 October,Studio,**,
3524009,Milton,2003 October,1 Bedroom,1.0,d
3524009,Milton,2003 October,2 Bedroom,0.4,b
3524009,Milton,2003 October,3 Bedroom +,**,
3524009,Milton,2003 October,Total,0.7,b
3524009,Milton,2004 October,Studio,**,
3524009,Milton,2004 October,1 Bedroom,1.5,b
3524009,Milton,2004 October,2 Bedroom,1.9,c
3524009,Milton,2004 October,3 Bedroom +,**,
3524009,Milton,2004 October,Total,1.7,b
3524009,Milton,2005 October,Studio,0.0,a
3524009,Milton,2005 October,1 Bedroom,0.0,c
3524009,Milton,2005 October,2 Bedroom,0.8,a
3524009,Milton,2005 October,3 Bedroom +,**,
3524009,Milton,2005 October,Total,0.4,a
3524009,Milton,2006 October,Studio,**,
3524009,Milton,2006 October,1 Bedroom,1.4,a
3524009,Milton,2006 October,2 Bedroom,1.1,a
3524009,Milton,2006 October,3 Bedroom +,**,
3524009,Milton,2006 October,Total,1.3,a
3524009,Milton,2007 October,Studio,**,
3524009,Milton,2007 October,1 Bedroom,2.1,a
3524009,Milton,2007 October,2 Bedroom,0.5,a
3524009,Milton,2007 October,3 Bedroom +,**,
3524009,Milton,2007 October,Total,1.3,a
3524009,Milton,2008 October,Studio,**,
3524009,Milton,2008 October,1 Bedroom,1.3,a
3524009,Milton,2008 October,2 Bedroom,0.5,a
3524009,Milton,2008 October,3 Bedroom +,**,
3524009,Milton,2008 October,Total,0.8,a
3524009,Milton,2009 October,Studio,**,
3524009,Milton,2009 October,1 Bedroom,3.9,d
3524009,Milton,2009 October,2 Bedroom,1.7,c
3524009,Milton,2009 October,3 Bedroom +,**,
3524009,Milton,2009 October,Total,2.7,c
3524009,Milton,2010 October,Studio,**,
3524009,Milton,2010 October,1 Bedroom,1.3,a
3524009,Milton,2010 October,2 Bedroom,1.4,a
3524009,Milton,2010 October,3 Bedroom +,**,
3524009,Milton,2010 October,Total,1.3,a
3524009,Milton,2011 October,Studio,**,
3524009,Milton,2011 October,1 Bedroom,0.9,a
3524009,Milton,2011 October,2 Bedroom,0.0,d
3524009,Milton,2011 October,3 Bedroom +,**,
3524009,Milton,2011 October,Total,0.4,a
3524009,Milton,2012 October,Studio,**,
3524009,Milton,2012 October,1 Bedroom,1.4,a
3524009,Milton,2012 October,2 Bedroom,0.3,a
3524009,Milton,2012 October,3 Bedroom +,**,
3524009,Milton,2012 October,Total,0.8,a
3524009,Milton,2013 October,Studio,**,
3524009,Milton,2013 October,1 Bedroom,1.8,c
3524009,Milton,2013 October,2 Bedroom,1.2,a
3524009,Milton,2013 October,3 Bedroom +,**,
3524009,Milton,2013 October,Total,1.5,a
3524009,Milton,2014 October,Studio,**,
3524009,Milton,2014 October,1 Bedroom,2.1,b
3524009,Milton,2014 October,2 Bedroom,0.6,a
3524009,Milton,2014 October,3 Bedroom +,**,
3524009,Milton,2014 October,Total,1.2,a
3524009,Milton,2015 October,Studio,**,
3524009,Milton,2015 October,1 Bedroom,1.3,a
3524009,Milton,2015 October,2 Bedroom,1.4,a
3524009,Milton,2015 October,3 Bedroom +,**,
3524009,Milton,2015 October,Total,1.3,a
3524009,Milton,2016 October,Studio,**,
3524009,Milton,2016 October,1 Bedroom,2.2,b
3524009,Milton,2016 October,2 Bedroom,1.5,c
3524009,Milton,2016 October,3 Bedroom +,**,
3524009,Milton,2016 October,Total,1.8,c
3524009,Milton,2017 October,Studio,**,
3524009,Milton,2017 October,1 Bedroom,0.5,b
3524009,Milton,2017 October,2 Bedroom,**,
3524009,Milton,2017 October,3 Bedroom +,**,
3524009,Milton,2017 October,Total,0.7,b
3524009,Milton,2018 October,Studio,**,
3524009,Milton,2018 October,1 Bedroom,**,
3524009,Milton,2018 October,2 Bedroom,0.3,b
3524009,Milton,2018 October,3 Bedroom +,**,
3524009,Milton,2018 October,Total,0.9,a
3524009,Milton,2019 October,Studio,**,
3524009,Milton,2019 October,1 Bedroom,2.0,c
3524009,Milton,2019 October,2 Bedroom,1.3,a
3524009,Milton,2019 October,3 Bedroom +,**,
3524009,Milton,2019 October,Total,1.6,c
3524009,Milton,2020 October,Studio,**,
3524009,Milton,2020 October,1 Bedroom,1.7,c
3524009,Milton,2020 October,2 Bedroom,0.3,b
3524009,Milton,2020 October,3 Bedroom +,**,
3524009,Milton,2020 October,Total,0.9,a
3524009,Milton,2021 October,Studio,**,
3524009,Milton,2021 October,1 Bedroom,2.2,b
3524009,Milton,2021 October,2 Bedroom,0.8,a
3524009,Milton,2021 October,3 Bedroom +,**,
3524009,Milton,2021 October,Total,1.5,b
3524009,Milton,2022 October,Studio,**,
3524009,Milton,2022 October,1 Bedroom,1.0,a
3524009,Milton,2022 October,2 Bedroom,0.3,b
3524009,Milton,2022 October,3 Bedroom +,**,
3524009,Milton,2022 October,Total,0.6,a
3524009,Milton,2023 October,Studio,**,
3524009,Milton,2023 October,1 Bedroom,3.6,c
3524009,Milton,2023 October,2 Bedroom,1.3,d
3524009,Milton,2023 October,3 Bedroom +,**,
3524009,Milton,2023 October,Total,2.4,c
3524009,Milton,2024 October,Studio,**,
3524009,Milton,2024 October,1 Bedroom,**,
3524009,Milton,2024 October,2 Bedroom,2.6,c
3524009,Milton,2024 October,3 Bedroom +,**,
3524009,Milton,2024 October,Total,4.2,d
3524009,Milton,2025 October,Studio,**,
3524009,Milton,2025 October,1 Bedroom,5.0,d
3524009,Milton,2025 October,2 Bedroom,1.8,c
3524009,Milton,2025 October,3 Bedroom +,**,
3524009,Milton,2025 October,Total,3.2,c
3524015,Halton Hills,1990 October,Studio,**,
3524015,Halton Hills,1990 October,1 Bedroom,0.0,c
3524015,Halton Hills,1990 October,2 Bedroom,0.7,a
3524015,Halton Hills,1990 October,3 Bedroom +,**,
3524015,Halton Hills,1990 October,Total,0.5,a
3524015,Halton Hills,1991 October,Studio,5.0,d
3524015,Halton Hills,1991 October,1 Bedroom,2.8,b
3524015,Halton Hills,1991 October,2 Bedroom,1.8,a
3524015,Halton Hills,1991 October,3 Bedroom +,2.2,a
3524015,Halton Hills,1991 October,Total,2.2,a
3524015,Halton Hills,1992 October,Studio,4.3,d
3524015,Halton Hills,1992 October,1 Bedroom,4.9,b
3524015,Halton Hills,1992 October,2 Bedroom,4.3,b
3524015,Halton Hills,1992 October,3 Bedroom +,2.2,a
3524015,Halton Hills,1992 October,Total,4.3,b
3524015,Halton Hills,1993 October,Studio,**,
3524015,Halton Hills,1993 October,1 Bedroom,3.8,c
3524015,Halton Hills,1993 October,2 Bedroom,1.5,a
3524015,Halton Hills,1993 October,3 Bedroom +,1.0,a
3524015,Halton Hills,1993 October,Total,2.2,b
3524015,Halton Hills,1994 October,Studio,**,
3524015,Halton Hills,1994 October,1 Bedroom,2.9,b
3524015,Halton Hills,1994 October,2 Bedroom,1.0,a
3524015,Halton Hills,1994 October,3 Bedroom +,3.1,a
3524015,Halton Hills,1994 October,Total,1.8,a
3524015,Halton Hills,1995 October,Studio,**,
3524015,Halton Hills,1995 October,1 Bedroom,0.0,b
3524015,Halton Hills,1995 October,2 Bedroom,0.3,a
3524015,Halton Hills,1995 October,3 Bedroom +,2.0,a
3524015,Halton Hills,1995 October,Total,0.4,a
3524015,Halton Hills,1996 October,Studio,**,
3524015,Halton Hills,1996 October,1 Bedroom,1.0,a
3524015,Halton Hills,1996 October,2 Bedroom,3.1,a
3524015,Halton Hills,1996 October,3 Bedroom +,2.0,a
3524015,Halton Hills,1996 October,Total,2.5,a
3524015,Halton Hills,1997 October,Studio,**,
3524015,Halton Hills,1997 October,1 Bedroom,0.4,a
3524015,Halton Hills,1997 October,2 Bedroom,1.1,a
3524015,Halton Hills,1997 October,3 Bedroom +,1.0,a
3524015,Halton Hills,1997 October,Total,1.2,a
3524015,Halton Hills,1998 October,Studio,**,
3524015,Halton Hills,1998 October,1 Bedroom,2.0,c
3524015,Halton Hills,1998 October,2 Bedroom,0.4,a
3524015,Halton Hills,1998 October,3 Bedroom +,0.0,a
3524015,Halton Hills,1998 October,Total,0.8,a
3524015,Halton Hills,1999 October,Studio,0.0,a
3524015,Halton Hills,1999 October,1 Bedroom,1.3,a
3524015,Halton Hills,1999 October,2 Bedroom,0.2,a
3524015,Halton Hills,1999 October,3 Bedroom +,0.0,a
3524015,Halton Hills,1999 October,Total,0.4,a
3524015,Halton Hills,2000 October,Studio,**,
3524015,Halton Hills,2000 October,1 Bedroom,0.9,a
3524015,Halton Hills,2000 October,2 Bedroom,0.6,a
3524015,Halton Hills,2000 October,3 Bedroom +,0.0,c
3524015,Halton Hills,2000 October,Total,0.6,a
3524015,Halton Hills,2001 October,Studio,0.0,a
3524015,Halton Hills,2001 October,1 Bedroom,0.0,b
3524015,Halton Hills,2001 October,2 Bedroom,0.0,b
3524015,Halton Hills,2001 October,3 Bedroom +,0.0,c
3524015,Halton Hills,2001 October,Total,0.0,b
3524015,Halton Hills,2002 October,Studio,**,
3524015,Halton Hills,2002 October,1 Bedroom,1.6,c
3524015,Halton Hills,2002 October,2 Bedroom,0.3,b
3524015,Halton Hills,2002 October,3 Bedroom +,3.5,c
3524015,Halton Hills,2002 October,Total,1.3,a
3524015,Halton Hills,2003 October,Studio,4.0,a
3524015,Halton Hills,2003 October,1 Bedroom,3.5,a
3524015,Halton Hills,2003 October,2 Bedroom,1.2,a
3524015,Halton Hills,2003 October,3 Bedroom +,0.8,a
3524015,Halton Hills,2003 October,Total,1.9,a
3524015,Halton Hills,2004 October,Studio,**,
3524015,Halton Hills,2004 October,1 Bedroom,3.6,b
3524015,Halton Hills,2004 October,2 Bedroom,2.0,a
3524015,Halton Hills,2004 October,3 Bedroom +,3.1,a
3524015,Halton Hills,2004 October,Total,2.5,a
3524015,Halton Hills,2005 October,Studio,**,
3524015,Halton Hills,2005 October,1 Bedroom,2.8,a
3524015,Halton Hills,2005 October,2 Bedroom,1.4,a
3524015,Halton Hills,2005 October,3 Bedroom +,2.2,a
3524015,Halton Hills,2005 October,Total,2.3,a
3524015,Halton Hills,2006 October,Studio,**,
3524015,Halton Hills,2006 October,1 Bedroom,2.2,a
3524015,Halton Hills,2006 October,2 Bedroom,0.8,a
3524015,Halton Hills,2006 October,3 Bedroom +,0.6,a
3524015,Halton Hills,2006 October,Total,1.9,a
3524015,Halton Hills,2007 October,Studio,**,
3524015,Halton Hills,2007 October,1 Bedroom,0.5,b
3524015,Halton Hills,2007 October,2 Bedroom,2.1,c
3524015,Halton Hills,2007 October,3 Bedroom +,**,
3524015,Halton Hills,2007 October,Total,1.7,b
3524015,Halton Hills,2008 October,Studio,**,
3524015,Halton Hills,2008 October,1 Bedroom,6.4,c
3524015,Halton Hills,2008 October,2 Bedroom,2.4,b
3524015,Halton Hills,2008 October,3 Bedroom +,**,
3524015,Halton Hills,2008 October,Total,4.0,c
3524015,Halton Hills,2009 October,Studio,6.8,c
3524015,Halton Hills,2009 October,1 Bedroom,6.4,c
3524015,Halton Hills,2009 October,2 Bedroom,2.9,b
3524015,Halton Hills,2009 October,3 Bedroom +,**,
3524015,Halton Hills,2009 October,Total,4.0,c
3524015,Halton Hills,2010 October,Studio,4.1,a
3524015,Halton Hills,2010 October,1 Bedroom,4.4,b
3524015,Halton Hills,2010 October,2 Bedroom,1.2,a
3524015,Halton Hills,2010 October,3 Bedroom +,1.5,a
3524015,Halton Hills,2010 October,Total,2.3,a
3524015,Halton Hills,2011 October,Studio,**,
3524015,Halton Hills,2011 October,1 Bedroom,3.0,c
3524015,Halton Hills,2011 October,2 Bedroom,1.4,a
3524015,Halton Hills,2011 October,3 Bedroom +,4.2,d
3524015,Halton Hills,2011 October,Total,2.4,a
3524015,Halton Hills,2012 October,Studio,**,
3524015,Halton Hills,2012 October,1 Bedroom,6.8,c
3524015,Halton Hills,2012 October,2 Bedroom,2.5,b
3524015,Halton Hills,2012 October,3 Bedroom +,5.1,c
3524015,Halton Hills,2012 October,Total,4.3,b
3524015,Halton Hills,2013 October,Studio,**,
3524015,Halton Hills,2013 October,1 Bedroom,3.3,d
3524015,Halton Hills,2013 October,2 Bedroom,0.4,a
3524015,Halton Hills,2013 October,3 Bedroom +,**,
3524015,Halton Hills,2013 October,Total,1.3,a
3524015,Halton Hills,2014 October,Studio,**,
3524015,Halton Hills,2014 October,1 Bedroom,4.2,d
3524015,Halton Hills,2014 October,2 Bedroom,3.1,c
3524015,Halton Hills,2014 October,3 Bedroom +,1.6,b
3524015,Halton Hills,2014 October,Total,3.6,c
3524015,Halton Hills,2015 October,Studio,**,
3524015,Halton Hills,2015 October,1 Bedroom,3.3,d
3524015,Halton Hills,2015 October,2 Bedroom,0.6,a
3524015,Halton Hills,2015 October,3 Bedroom +,5.0,b
3524015,Halton Hills,2015 October,Total,1.8,c
3524015,Halton Hills,2016 October,Studio,**,
3524015,Halton Hills,2016 October,1 Bedroom,**,
3524015,Halton Hills,2016 October,2 Bedroom,0.0,c
3524015,Halton Hills,2016 October,3 Bedroom +,**,
3524015,Halton Hills,2016 October,Total,0.6,b
3524015,Halton Hills,2017 October,Studio,**,
3524015,Halton Hills,2017 October,1 Bedroom,0.0,c
3524015,Halton Hills,2017 October,2 Bedroom,0.2,a
3524015,Halton Hills,2017 October,3 Bedroom +,**,
3524015,Halton Hills,2017 October,Total,0.1,b
3524015,Halton Hills,2018 October,Studio,**,
3524015,Halton Hills,2018 October,1 Bedroom,**,
3524015,Halton Hills,2018 October,2 Bedroom,0.5,a
3524015,Halton Hills,2018 October,3 Bedroom +,**,
3524015,Halton Hills,2018 October,Total,0.9,a
3524015,Halton Hills,2019 October,Studio,**,
3524015,Halton Hills,2019 October,1 Bedroom,0.9,a
3524015,Halton Hills,2019 October,2 Bedroom,1.9,c
3524015,Halton Hills,2019 October,3 Bedroom +,1.8,c
3524015,Halton Hills,2019 October,Total,1.5,a
3524015,Halton Hills,2020 October,Studio,**,
3524015,Halton Hills,2020 October,1 Bedroom,3.6,d
3524015,Halton Hills,2020 October,2 Bedroom,1.0,a
3524015,Halton Hills,2020 October,3 Bedroom +,**,
3524015,Halton Hills,2020 October,Total,1.9,b
3524015,Halton Hills,2021 October,Studio,**,
3524015,Halton Hills,2021 October,1 Bedroom,1.4,d
3524015,Halton Hills,2021 October,2 Bedroom,0.3,b
3524015,Halton Hills,2021 October,3 Bedroom +,**,
3524015,Halton Hills,2021 October,Total,0.7,b
3524015,Halton Hills,2022 October,Studio,**,
3524015,Halton Hills,2022 October,1 Bedroom,**,
3524015,Halton Hills,2022 October,2 Bedroom,2.7,c
3524015,Halton Hills,2022 October,3 Bedroom +,**,
3524015,Halton Hills,2022 October,Total,2.8,c
3524015,Halton Hills,2023 October,Studio,**,
3524015,Halton Hills,2023 October,1 Bedroom,**,
3524015,Halton Hills,2023 October,2 Bedroom,**,
3524015,Halton Hills,2023 October,3 Bedroom +,**,
3524015,Halton Hills,2023 October,Total,**,
3524015,Halton Hills,2024 October,Studio,**,
3524015,Halton Hills,2024 October,1 Bedroom,0.0,d
3524015,Halton Hills,2024 October,2 Bedroom,0.0,d
3524015,Halton Hills,2024 October,3 Bedroom +,**,
3524015,Halton Hills,2024 October,Total,0.0,d
3524015,Halton Hills,2025 October,Studio,**,
3524015,Halton Hills,2025 October,1 Bedroom,**,
3524015,Halton Hills,2025 October,2 Bedroom,**,
3524015,Halton Hills,2025 October,3 Bedroom +,**,
3524015,Halton Hills,2025 October,Total,**,
