csd_code,municipality,region,year,bedroom_type,avg_monthly_rent,quality_flag,quality_level,yoy_change_pct,rent_in_2025_dollars,rent_index_2015_100
3518001,Pickering,Durham,1990,3 Bedroom,940.0,a,Excellent,,1997.0,72.3
3518001,Pickering,Durham,1990,Total,928.0,a,Excellent,,1971.0,72.0
3518001,Pickering,Durham,1991,1 Bedroom,964.0,a,Excellent,,1966.0,
3518001,Pickering,Durham,1991,2 Bedroom,1010.0,a,Excellent,,2059.0,
3518001,Pickering,Durham,1991,3 Bedroom,940.0,a,Excellent,0.0,1917.0,72.3
3518001,Pickering,Durham,1991,Total,953.0,a,Excellent,2.7,1943.0,73.9
3518001,Pickering,Durham,1992,1 Bedroom,900.0,a,Excellent,-6.6,1819.0,
3518001,Pickering,Durham,1992,2 Bedroom,1033.0,a,Excellent,2.3,2088.0,
3518001,Pickering,Durham,1992,3 Bedroom,807.0,a,Excellent,-14.1,1631.0,62.1
3518001,Pickering,Durham,1992,Total,838.0,a,Excellent,-12.1,1693.0,65.0
3518001,Pickering,Durham,1993,1 Bedroom,885.0,a,Excellent,-1.7,1760.0,
3518001,Pickering,Durham,1993,2 Bedroom,1167.0,a,Excellent,13.0,2321.0,
3518001,Pickering,Durham,1993,3 Bedroom,803.0,a,Excellent,-0.5,1597.0,61.8
3518001,Pickering,Durham,1993,Total,854.0,a,Excellent,1.9,1699.0,66.3
3518001,Pickering,Durham,1994,1 Bedroom,829.0,a,Excellent,-6.3,1647.0,
3518001,Pickering,Durham,1994,3 Bedroom,808.0,a,Excellent,0.6,1606.0,62.2
3518001,Pickering,Durham,1994,Total,833.0,a,Excellent,-2.5,1655.0,64.6
3518001,Pickering,Durham,1995,1 Bedroom,805.0,a,Excellent,-2.9,1561.0,
3518001,Pickering,Durham,1995,3 Bedroom,875.0,a,Excellent,8.3,1697.0,67.3
3518001,Pickering,Durham,1995,Total,879.0,a,Excellent,5.5,1705.0,68.2
3518001,Pickering,Durham,1996,1 Bedroom,804.0,a,Excellent,-0.1,1534.0,
3518001,Pickering,Durham,1996,2 Bedroom,941.0,a,Excellent,,1795.0,
3518001,Pickering,Durham,1996,3 Bedroom,879.0,a,Excellent,0.5,1677.0,67.6
3518001,Pickering,Durham,1996,Total,871.0,a,Excellent,-0.9,1661.0,67.6
3518001,Pickering,Durham,1997,3 Bedroom,893.0,a,Excellent,1.6,1673.0,68.7
3518001,Pickering,Durham,1997,Total,891.0,a,Excellent,2.3,1669.0,69.1
3518001,Pickering,Durham,1998,3 Bedroom,942.0,a,Excellent,5.5,1747.0,72.5
3518001,Pickering,Durham,1998,Total,932.0,a,Excellent,4.6,1728.0,72.3
3518001,Pickering,Durham,1999,3 Bedroom,970.0,a,Excellent,3.0,1764.0,74.6
3518001,Pickering,Durham,1999,Total,958.0,a,Excellent,2.8,1742.0,74.3
3518001,Pickering,Durham,2000,3 Bedroom,1030.0,a,Excellent,6.2,1818.0,79.2
3518001,Pickering,Durham,2000,Total,1017.0,a,Excellent,6.2,1795.0,78.9
3518001,Pickering,Durham,2001,3 Bedroom,1068.0,a,Excellent,3.7,1828.0,82.2
3518001,Pickering,Durham,2001,Total,1054.0,a,Excellent,3.6,1804.0,81.8
3518001,Pickering,Durham,2002,3 Bedroom,1129.0,a,Excellent,5.7,1893.0,86.8
3518001,Pickering,Durham,2002,Total,1117.0,a,Excellent,6.0,1873.0,86.7
3518001,Pickering,Durham,2003,Total,1098.0,d,Poor - use with caution,-1.7,1787.0,85.2
3518001,Pickering,Durham,2004,3 Bedroom,1100.0,a,Excellent,,1762.0,84.6
3518001,Pickering,Durham,2004,Total,1088.0,a,Excellent,-0.9,1743.0,84.4
3518001,Pickering,Durham,2005,3 Bedroom,1170.0,a,Excellent,6.4,1839.0,90.0
3518001,Pickering,Durham,2005,Total,1160.0,a,Excellent,6.6,1824.0,90.0
3518001,Pickering,Durham,2006,3 Bedroom,1165.0,a,Excellent,-0.4,1802.0,89.6
3518001,Pickering,Durham,2006,Total,1155.0,a,Excellent,-0.4,1787.0,89.6
3518001,Pickering,Durham,2007,3 Bedroom,1136.0,a,Excellent,-2.5,1725.0,87.4
3518001,Pickering,Durham,2007,Total,1135.0,a,Excellent,-1.7,1723.0,88.1
3518001,Pickering,Durham,2008,3 Bedroom,1144.0,a,Excellent,0.7,1696.0,88.0
3518001,Pickering,Durham,2008,Total,1143.0,a,Excellent,0.7,1694.0,88.7
3518001,Pickering,Durham,2009,3 Bedroom,1159.0,a,Excellent,1.3,1710.0,89.2
3518001,Pickering,Durham,2009,Total,1158.0,a,Excellent,1.3,1709.0,89.8
3518001,Pickering,Durham,2010,3 Bedroom,1178.0,a,Excellent,1.6,1696.0,90.6
3518001,Pickering,Durham,2010,Total,1171.0,a,Excellent,1.1,1686.0,90.8
3518001,Pickering,Durham,2011,3 Bedroom,1182.0,a,Excellent,0.3,1652.0,90.9
3518001,Pickering,Durham,2011,Total,1178.0,a,Excellent,0.6,1646.0,91.4
3518001,Pickering,Durham,2012,3 Bedroom,1217.0,a,Excellent,3.0,1675.0,93.6
3518001,Pickering,Durham,2012,Total,1210.0,a,Excellent,2.7,1665.0,93.9
3518001,Pickering,Durham,2013,3 Bedroom,1246.0,a,Excellent,2.4,1695.0,95.8
3518001,Pickering,Durham,2013,Total,1240.0,a,Excellent,2.5,1687.0,96.2
3518001,Pickering,Durham,2014,3 Bedroom,1254.0,a,Excellent,0.6,1664.0,96.5
3518001,Pickering,Durham,2014,Total,1247.0,a,Excellent,0.6,1654.0,96.7
3518001,Pickering,Durham,2015,3 Bedroom,1300.0,a,Excellent,3.7,1698.0,100.0
3518001,Pickering,Durham,2015,Total,1289.0,a,Excellent,3.4,1684.0,100.0
3518001,Pickering,Durham,2016,3 Bedroom,1313.0,a,Excellent,1.0,1681.0,101.0
3518001,Pickering,Durham,2016,Total,1306.0,a,Excellent,1.3,1672.0,101.3
3518001,Pickering,Durham,2017,3 Bedroom,1349.0,a,Excellent,2.7,1692.0,103.8
3518001,Pickering,Durham,2017,Total,1341.0,a,Excellent,2.7,1682.0,104.0
3518001,Pickering,Durham,2018,3 Bedroom,1414.0,a,Excellent,4.8,1729.0,108.8
3518001,Pickering,Durham,2018,Total,1395.0,a,Excellent,4.0,1706.0,108.2
3518001,Pickering,Durham,2019,3 Bedroom,1481.0,a,Excellent,4.7,1775.0,113.9
3518001,Pickering,Durham,2019,Total,1468.0,a,Excellent,5.2,1760.0,113.9
3518001,Pickering,Durham,2020,3 Bedroom,1537.0,a,Excellent,3.8,1837.0,118.2
3518001,Pickering,Durham,2020,Total,1521.0,a,Excellent,3.6,1818.0,118.0
3518001,Pickering,Durham,2021,3 Bedroom,1564.0,a,Excellent,1.8,1817.0,120.3
3518001,Pickering,Durham,2021,Total,1563.0,a,Excellent,2.8,1816.0,121.3
3518001,Pickering,Durham,2022,3 Bedroom,1611.0,a,Excellent,3.0,1757.0,123.9
3518001,Pickering,Durham,2022,Total,1599.0,a,Excellent,2.3,1744.0,124.0
3518001,Pickering,Durham,2023,3 Bedroom,1848.0,a,Excellent,14.7,1935.0,142.2
3518001,Pickering,Durham,2023,Total,1846.0,a,Excellent,15.4,1933.0,143.2
3518001,Pickering,Durham,2024,3 Bedroom,1749.0,a,Excellent,-5.4,1781.0,134.5
3518001,Pickering,Durham,2024,Total,1747.0,a,Excellent,-5.4,1779.0,135.5
3518001,Pickering,Durham,2025,3 Bedroom,1828.0,a,Excellent,4.5,1828.0,140.6
3518001,Pickering,Durham,2025,Total,1826.0,a,Excellent,4.5,1826.0,141.7
3518005,Ajax,Durham,1990,1 Bedroom,452.0,a,Excellent,,960.0,50.1
3518005,Ajax,Durham,1990,2 Bedroom,638.0,a,Excellent,,1355.0,58.3
3518005,Ajax,Durham,1990,3 Bedroom,748.0,a,Excellent,,1589.0,56.7
3518005,Ajax,Durham,1990,Total,648.0,a,Excellent,,1377.0,57.4
3518005,Ajax,Durham,1991,1 Bedroom,514.0,a,Excellent,13.7,1048.0,57.0
3518005,Ajax,Durham,1991,2 Bedroom,697.0,a,Excellent,9.2,1421.0,63.7
3518005,Ajax,Durham,1991,3 Bedroom,816.0,a,Excellent,9.1,1664.0,61.9
3518005,Ajax,Durham,1991,Total,709.0,a,Excellent,9.4,1446.0,62.9
3518005,Ajax,Durham,1992,1 Bedroom,539.0,a,Excellent,4.9,1089.0,59.8
3518005,Ajax,Durham,1992,2 Bedroom,721.0,a,Excellent,3.4,1457.0,65.9
3518005,Ajax,Durham,1992,3 Bedroom,838.0,b,Very good,2.7,1693.0,63.5
3518005,Ajax,Durham,1992,Total,728.0,a,Excellent,2.7,1471.0,64.5
3518005,Ajax,Durham,1993,1 Bedroom,585.0,a,Excellent,8.5,1164.0,64.9
3518005,Ajax,Durham,1993,2 Bedroom,741.0,a,Excellent,2.8,1474.0,67.7
3518005,Ajax,Durham,1993,3 Bedroom,882.0,a,Excellent,5.3,1754.0,66.9
3518005,Ajax,Durham,1993,Total,761.0,a,Excellent,4.5,1514.0,67.5
3518005,Ajax,Durham,1994,1 Bedroom,594.0,a,Excellent,1.5,1180.0,65.9
3518005,Ajax,Durham,1994,2 Bedroom,764.0,a,Excellent,3.1,1518.0,69.8
3518005,Ajax,Durham,1994,3 Bedroom,848.0,a,Excellent,-3.9,1685.0,64.3
3518005,Ajax,Durham,1994,Total,769.0,a,Excellent,1.1,1528.0,68.2
3518005,Ajax,Durham,1995,1 Bedroom,552.0,a,Excellent,-7.1,1070.0,61.2
3518005,Ajax,Durham,1995,2 Bedroom,756.0,a,Excellent,-1.0,1466.0,69.1
3518005,Ajax,Durham,1995,3 Bedroom,820.0,a,Excellent,-3.3,1590.0,62.2
3518005,Ajax,Durham,1995,Total,755.0,a,Excellent,-1.8,1464.0,66.9
3518005,Ajax,Durham,1996,1 Bedroom,576.0,a,Excellent,4.3,1099.0,63.9
3518005,Ajax,Durham,1996,2 Bedroom,771.0,a,Excellent,2.0,1471.0,70.5
3518005,Ajax,Durham,1996,3 Bedroom,854.0,a,Excellent,4.1,1629.0,64.7
3518005,Ajax,Durham,1996,Total,775.0,a,Excellent,2.6,1478.0,68.7
3518005,Ajax,Durham,1997,1 Bedroom,575.0,a,Excellent,-0.2,1077.0,63.7
3518005,Ajax,Durham,1997,2 Bedroom,761.0,a,Excellent,-1.3,1426.0,69.6
3518005,Ajax,Durham,1997,3 Bedroom,851.0,a,Excellent,-0.4,1594.0,64.5
3518005,Ajax,Durham,1997,Total,769.0,a,Excellent,-0.8,1441.0,68.2
3518005,Ajax,Durham,1998,1 Bedroom,633.0,a,Excellent,10.1,1174.0,70.2
3518005,Ajax,Durham,1998,2 Bedroom,798.0,a,Excellent,4.9,1480.0,72.9
3518005,Ajax,Durham,1998,3 Bedroom,886.0,a,Excellent,4.1,1643.0,67.2
3518005,Ajax,Durham,1998,Total,812.0,a,Excellent,5.6,1506.0,72.0
3518005,Ajax,Durham,1999,1 Bedroom,575.0,a,Excellent,-9.2,1046.0,63.7
3518005,Ajax,Durham,1999,2 Bedroom,800.0,a,Excellent,0.3,1455.0,73.1
3518005,Ajax,Durham,1999,3 Bedroom,894.0,a,Excellent,0.9,1626.0,67.8
3518005,Ajax,Durham,1999,Total,802.0,a,Excellent,-1.2,1458.0,71.1
3518005,Ajax,Durham,2000,1 Bedroom,676.0,a,Excellent,17.6,1193.0,74.9
3518005,Ajax,Durham,2000,2 Bedroom,860.0,a,Excellent,7.5,1518.0,78.6
3518005,Ajax,Durham,2000,3 Bedroom,945.0,a,Excellent,5.7,1668.0,71.6
3518005,Ajax,Durham,2000,Total,861.0,a,Excellent,7.4,1519.0,76.3
3518005,Ajax,Durham,2001,1 Bedroom,643.0,a,Excellent,-4.9,1101.0,71.3
3518005,Ajax,Durham,2001,2 Bedroom,861.0,a,Excellent,0.1,1474.0,78.7
3518005,Ajax,Durham,2001,3 Bedroom,971.0,a,Excellent,2.8,1662.0,73.6
3518005,Ajax,Durham,2001,Total,871.0,a,Excellent,1.2,1491.0,77.2
3518005,Ajax,Durham,2002,1 Bedroom,735.0,a,Excellent,14.3,1232.0,81.5
3518005,Ajax,Durham,2002,2 Bedroom,903.0,a,Excellent,4.9,1514.0,82.5
3518005,Ajax,Durham,2002,3 Bedroom,1008.0,a,Excellent,3.8,1690.0,76.4
3518005,Ajax,Durham,2002,Total,909.0,a,Excellent,4.4,1524.0,80.6
3518005,Ajax,Durham,2003,1 Bedroom,740.0,a,Excellent,0.7,1204.0,82.0
3518005,Ajax,Durham,2003,2 Bedroom,1016.0,a,Excellent,12.5,1653.0,92.9
3518005,Ajax,Durham,2003,3 Bedroom,1169.0,a,Excellent,16.0,1902.0,88.6
3518005,Ajax,Durham,2003,Total,1018.0,a,Excellent,12.0,1657.0,90.2
3518005,Ajax,Durham,2004,1 Bedroom,740.0,a,Excellent,0.0,1185.0,82.0
3518005,Ajax,Durham,2004,2 Bedroom,1016.0,a,Excellent,0.0,1627.0,92.9
3518005,Ajax,Durham,2004,3 Bedroom,1151.0,a,Excellent,-1.5,1843.0,87.3
3518005,Ajax,Durham,2004,Total,1027.0,a,Excellent,0.9,1645.0,91.0
3518005,Ajax,Durham,2005,1 Bedroom,768.0,a,Excellent,3.8,1207.0,85.1
3518005,Ajax,Durham,2005,2 Bedroom,969.0,a,Excellent,-4.6,1523.0,88.6
3518005,Ajax,Durham,2005,3 Bedroom,1068.0,a,Excellent,-7.2,1679.0,81.0
3518005,Ajax,Durham,2005,Total,978.0,a,Excellent,-4.8,1538.0,86.7
3518005,Ajax,Durham,2006,1 Bedroom,737.0,a,Excellent,-4.0,1140.0,81.7
3518005,Ajax,Durham,2006,2 Bedroom,940.0,a,Excellent,-3.0,1454.0,85.9
3518005,Ajax,Durham,2006,3 Bedroom,1128.0,a,Excellent,5.6,1745.0,85.5
3518005,Ajax,Durham,2006,Total,959.0,a,Excellent,-1.9,1484.0,85.0
3518005,Ajax,Durham,2007,1 Bedroom,716.0,a,Excellent,-2.8,1087.0,79.4
3518005,Ajax,Durham,2007,2 Bedroom,899.0,a,Excellent,-4.4,1365.0,82.2
3518005,Ajax,Durham,2007,3 Bedroom,974.0,a,Excellent,-13.7,1479.0,73.8
3518005,Ajax,Durham,2007,Total,904.0,a,Excellent,-5.7,1372.0,80.1
3518005,Ajax,Durham,2008,1 Bedroom,776.0,a,Excellent,8.4,1150.0,86.0
3518005,Ajax,Durham,2008,2 Bedroom,967.0,a,Excellent,7.6,1433.0,88.4
3518005,Ajax,Durham,2008,3 Bedroom,1070.0,a,Excellent,9.9,1586.0,81.1
3518005,Ajax,Durham,2008,Total,963.0,a,Excellent,6.5,1427.0,85.4
3518005,Ajax,Durham,2009,1 Bedroom,796.0,a,Excellent,2.6,1174.0,88.2
3518005,Ajax,Durham,2009,2 Bedroom,934.0,a,Excellent,-3.4,1378.0,85.4
3518005,Ajax,Durham,2009,3 Bedroom,1011.0,b,Very good,-5.5,1492.0,76.6
3518005,Ajax,Durham,2009,Total,938.0,a,Excellent,-2.6,1384.0,83.2
3518005,Ajax,Durham,2010,1 Bedroom,801.0,a,Excellent,0.6,1153.0,88.8
3518005,Ajax,Durham,2010,2 Bedroom,991.0,a,Excellent,6.1,1427.0,90.6
3518005,Ajax,Durham,2010,3 Bedroom,1099.0,a,Excellent,8.7,1582.0,83.3
3518005,Ajax,Durham,2010,Total,1005.0,a,Excellent,7.1,1447.0,89.1
3518005,Ajax,Durham,2011,2 Bedroom,1035.0,a,Excellent,4.4,1446.0,94.6
3518005,Ajax,Durham,2011,3 Bedroom,1077.0,b,Very good,-2.0,1505.0,81.7
3518005,Ajax,Durham,2011,Total,1039.0,a,Excellent,3.4,1452.0,92.1
3518005,Ajax,Durham,2012,2 Bedroom,1050.0,a,Excellent,1.4,1445.0,96.0
3518005,Ajax,Durham,2012,3 Bedroom,1105.0,a,Excellent,2.6,1521.0,83.8
3518005,Ajax,Durham,2012,Total,1064.0,a,Excellent,2.4,1464.0,94.3
3518005,Ajax,Durham,2013,1 Bedroom,818.0,a,Excellent,,1113.0,90.7
3518005,Ajax,Durham,2013,2 Bedroom,1027.0,a,Excellent,-2.2,1397.0,93.9
3518005,Ajax,Durham,2013,3 Bedroom,1248.0,a,Excellent,12.9,1698.0,94.6
3518005,Ajax,Durham,2013,Total,1067.0,a,Excellent,0.3,1451.0,94.6
3518005,Ajax,Durham,2014,1 Bedroom,882.0,a,Excellent,7.8,1170.0,97.8
3518005,Ajax,Durham,2014,2 Bedroom,1094.0,a,Excellent,6.5,1451.0,100.0
3518005,Ajax,Durham,2014,3 Bedroom,1255.0,a,Excellent,0.6,1665.0,95.1
3518005,Ajax,Durham,2014,Total,1115.0,a,Excellent,4.5,1479.0,98.8
3518005,Ajax,Durham,2015,1 Bedroom,902.0,a,Excellent,2.3,1178.0,100.0
3518005,Ajax,Durham,2015,2 Bedroom,1094.0,a,Excellent,0.0,1429.0,100.0
3518005,Ajax,Durham,2015,3 Bedroom,1319.0,a,Excellent,5.1,1723.0,100.0
3518005,Ajax,Durham,2015,Total,1128.0,a,Excellent,1.2,1474.0,100.0
3518005,Ajax,Durham,2016,2 Bedroom,1212.0,a,Excellent,10.8,1552.0,110.8
3518005,Ajax,Durham,2016,3 Bedroom,1272.0,b,Very good,-3.6,1629.0,96.4
3518005,Ajax,Durham,2016,Total,1232.0,b,Very good,9.2,1577.0,109.2
3518005,Ajax,Durham,2017,1 Bedroom,976.0,a,Excellent,,1224.0,108.2
3518005,Ajax,Durham,2017,2 Bedroom,1105.0,a,Excellent,-8.8,1386.0,101.0
3518005,Ajax,Durham,2017,3 Bedroom,1250.0,a,Excellent,-1.7,1568.0,94.8
3518005,Ajax,Durham,2017,Total,1127.0,a,Excellent,-8.5,1414.0,99.9
3518005,Ajax,Durham,2018,1 Bedroom,963.0,a,Excellent,-1.3,1178.0,106.8
3518005,Ajax,Durham,2018,2 Bedroom,1248.0,a,Excellent,12.9,1526.0,114.1
3518005,Ajax,Durham,2018,3 Bedroom,1378.0,a,Excellent,10.2,1685.0,104.5
3518005,Ajax,Durham,2018,Total,1254.0,a,Excellent,11.3,1534.0,111.2
3518005,Ajax,Durham,2019,1 Bedroom,989.0,a,Excellent,2.7,1186.0,109.6
3518005,Ajax,Durham,2019,2 Bedroom,1237.0,a,Excellent,-0.9,1483.0,113.1
3518005,Ajax,Durham,2019,3 Bedroom,1516.0,a,Excellent,10.0,1817.0,114.9
3518005,Ajax,Durham,2019,Total,1241.0,a,Excellent,-1.0,1488.0,110.0
3518005,Ajax,Durham,2020,1 Bedroom,1258.0,b,Very good,27.2,1503.0,139.5
3518005,Ajax,Durham,2020,2 Bedroom,1362.0,a,Excellent,10.1,1628.0,124.5
3518005,Ajax,Durham,2020,3 Bedroom,1481.0,a,Excellent,-2.3,1770.0,112.3
3518005,Ajax,Durham,2020,Total,1390.0,a,Excellent,12.0,1661.0,123.2
3518005,Ajax,Durham,2021,1 Bedroom,965.0,a,Excellent,-23.3,1121.0,107.0
3518005,Ajax,Durham,2021,2 Bedroom,1302.0,b,Very good,-4.4,1513.0,119.0
3518005,Ajax,Durham,2021,3 Bedroom,1556.0,a,Excellent,5.1,1808.0,118.0
3518005,Ajax,Durham,2021,Total,1291.0,b,Very good,-7.1,1500.0,114.5
3518005,Ajax,Durham,2022,1 Bedroom,1265.0,d,Poor - use with caution,31.1,1380.0,140.2
3518005,Ajax,Durham,2022,2 Bedroom,1532.0,a,Excellent,17.7,1671.0,140.0
3518005,Ajax,Durham,2022,3 Bedroom,1607.0,a,Excellent,3.3,1753.0,121.8
3518005,Ajax,Durham,2022,Total,1547.0,a,Excellent,19.8,1687.0,137.1
3518005,Ajax,Durham,2023,1 Bedroom,1456.0,b,Very good,15.1,1524.0,161.4
3518005,Ajax,Durham,2023,2 Bedroom,1809.0,a,Excellent,18.1,1894.0,165.4
3518005,Ajax,Durham,2023,3 Bedroom,2224.0,b,Very good,38.4,2328.0,168.6
3518005,Ajax,Durham,2023,Total,1879.0,b,Very good,21.5,1967.0,166.6
3518005,Ajax,Durham,2024,1 Bedroom,1115.0,b,Very good,-23.4,1135.0,123.6
3518005,Ajax,Durham,2024,2 Bedroom,1645.0,a,Excellent,-9.1,1675.0,150.4
3518005,Ajax,Durham,2024,3 Bedroom,1794.0,a,Excellent,-19.3,1826.0,136.0
3518005,Ajax,Durham,2024,Total,1649.0,a,Excellent,-12.2,1679.0,146.2
3518005,Ajax,Durham,2025,1 Bedroom,1216.0,b,Very good,9.1,1216.0,134.8
3518005,Ajax,Durham,2025,2 Bedroom,1727.0,a,Excellent,5.0,1727.0,157.9
3518005,Ajax,Durham,2025,3 Bedroom,1870.0,a,Excellent,4.2,1870.0,141.8
3518005,Ajax,Durham,2025,Total,1740.0,a,Excellent,5.5,1740.0,154.3
3518009,Whitby,Durham,1990,1 Bedroom,574.0,a,Excellent,,1219.0,59.6
3518009,Whitby,Durham,1990,2 Bedroom,624.0,a,Excellent,,1326.0,58.5
3518009,Whitby,Durham,1990,3 Bedroom,672.0,a,Excellent,,1428.0,58.3
3518009,Whitby,Durham,1990,Studio,608.0,b,Very good,,1292.0,70.6
3518009,Whitby,Durham,1990,Total,612.0,a,Excellent,,1300.0,60.0
3518009,Whitby,Durham,1991,1 Bedroom,599.0,a,Excellent,4.4,1221.0,62.2
3518009,Whitby,Durham,1991,2 Bedroom,674.0,a,Excellent,8.0,1374.0,63.2
3518009,Whitby,Durham,1991,3 Bedroom,838.0,a,Excellent,24.7,1709.0,72.7
3518009,Whitby,Durham,1991,Studio,576.0,a,Excellent,-5.3,1174.0,66.9
3518009,Whitby,Durham,1991,Total,671.0,a,Excellent,9.6,1368.0,65.8
3518009,Whitby,Durham,1992,1 Bedroom,594.0,a,Excellent,-0.8,1200.0,61.7
3518009,Whitby,Durham,1992,2 Bedroom,687.0,a,Excellent,1.9,1388.0,64.4
3518009,Whitby,Durham,1992,3 Bedroom,875.0,a,Excellent,4.4,1768.0,76.0
3518009,Whitby,Durham,1992,Studio,584.0,a,Excellent,1.4,1180.0,67.8
3518009,Whitby,Durham,1992,Total,682.0,a,Excellent,1.6,1378.0,66.9
3518009,Whitby,Durham,1993,1 Bedroom,604.0,a,Excellent,1.7,1201.0,62.7
3518009,Whitby,Durham,1993,2 Bedroom,672.0,a,Excellent,-2.2,1337.0,63.0
3518009,Whitby,Durham,1993,3 Bedroom,864.0,a,Excellent,-1.3,1719.0,75.0
3518009,Whitby,Durham,1993,Studio,535.0,a,Excellent,-8.4,1064.0,62.1
3518009,Whitby,Durham,1993,Total,676.0,a,Excellent,-0.9,1345.0,66.3
3518009,Whitby,Durham,1994,1 Bedroom,619.0,a,Excellent,2.5,1230.0,64.3
3518009,Whitby,Durham,1994,2 Bedroom,684.0,a,Excellent,1.8,1359.0,64.2
3518009,Whitby,Durham,1994,3 Bedroom,888.0,a,Excellent,2.8,1765.0,77.1
3518009,Whitby,Durham,1994,Studio,552.0,c,Good,3.2,1097.0,64.1
3518009,Whitby,Durham,1994,Total,691.0,a,Excellent,2.2,1373.0,67.7
3518009,Whitby,Durham,1995,1 Bedroom,653.0,a,Excellent,5.5,1266.0,67.8
3518009,Whitby,Durham,1995,2 Bedroom,728.0,a,Excellent,6.4,1412.0,68.3
3518009,Whitby,Durham,1995,3 Bedroom,874.0,a,Excellent,-1.6,1695.0,75.9
3518009,Whitby,Durham,1995,Studio,556.0,a,Excellent,0.7,1078.0,64.6
3518009,Whitby,Durham,1995,Total,714.0,a,Excellent,3.3,1385.0,70.0
3518009,Whitby,Durham,1996,1 Bedroom,660.0,a,Excellent,1.1,1259.0,68.5
3518009,Whitby,Durham,1996,2 Bedroom,741.0,a,Excellent,1.8,1413.0,69.5
3518009,Whitby,Durham,1996,3 Bedroom,873.0,a,Excellent,-0.1,1665.0,75.8
3518009,Whitby,Durham,1996,Studio,608.0,a,Excellent,9.4,1160.0,70.6
3518009,Whitby,Durham,1996,Total,728.0,a,Excellent,2.0,1389.0,71.4
3518009,Whitby,Durham,1997,1 Bedroom,647.0,a,Excellent,-2.0,1212.0,67.2
3518009,Whitby,Durham,1997,2 Bedroom,733.0,a,Excellent,-1.1,1373.0,68.8
3518009,Whitby,Durham,1997,3 Bedroom,809.0,a,Excellent,-7.3,1516.0,70.2
3518009,Whitby,Durham,1997,Studio,610.0,b,Very good,0.3,1143.0,70.8
3518009,Whitby,Durham,1997,Total,702.0,a,Excellent,-3.6,1315.0,68.8
3518009,Whitby,Durham,1998,1 Bedroom,662.0,a,Excellent,2.3,1227.0,68.7
3518009,Whitby,Durham,1998,2 Bedroom,756.0,a,Excellent,3.1,1402.0,70.9
3518009,Whitby,Durham,1998,3 Bedroom,837.0,a,Excellent,3.5,1552.0,72.7
3518009,Whitby,Durham,1998,Studio,575.0,c,Good,-5.7,1066.0,66.8
3518009,Whitby,Durham,1998,Total,734.0,a,Excellent,4.6,1361.0,72.0
3518009,Whitby,Durham,1999,1 Bedroom,680.0,a,Excellent,2.7,1236.0,70.6
3518009,Whitby,Durham,1999,2 Bedroom,781.0,a,Excellent,3.3,1420.0,73.3
3518009,Whitby,Durham,1999,3 Bedroom,883.0,a,Excellent,5.5,1606.0,76.6
3518009,Whitby,Durham,1999,Studio,608.0,a,Excellent,5.7,1106.0,70.6
3518009,Whitby,Durham,1999,Total,757.0,a,Excellent,3.1,1376.0,74.2
3518009,Whitby,Durham,2000,1 Bedroom,750.0,a,Excellent,10.3,1324.0,77.9
3518009,Whitby,Durham,2000,2 Bedroom,842.0,a,Excellent,7.8,1486.0,79.0
3518009,Whitby,Durham,2000,3 Bedroom,915.0,a,Excellent,3.6,1615.0,79.4
3518009,Whitby,Durham,2000,Studio,590.0,c,Good,-3.0,1041.0,68.5
3518009,Whitby,Durham,2000,Total,818.0,a,Excellent,8.1,1444.0,80.2
3518009,Whitby,Durham,2001,1 Bedroom,730.0,a,Excellent,-2.7,1249.0,75.8
3518009,Whitby,Durham,2001,2 Bedroom,862.0,a,Excellent,2.4,1475.0,80.9
3518009,Whitby,Durham,2001,3 Bedroom,952.0,a,Excellent,4.0,1629.0,82.6
3518009,Whitby,Durham,2001,Studio,553.0,a,Excellent,-6.3,947.0,64.2
3518009,Whitby,Durham,2001,Total,802.0,a,Excellent,-2.0,1373.0,78.6
3518009,Whitby,Durham,2002,1 Bedroom,786.0,a,Excellent,7.7,1318.0,81.6
3518009,Whitby,Durham,2002,2 Bedroom,894.0,a,Excellent,3.7,1499.0,83.9
3518009,Whitby,Durham,2002,3 Bedroom,982.0,a,Excellent,3.2,1647.0,85.2
3518009,Whitby,Durham,2002,Studio,663.0,c,Good,19.9,1112.0,77.0
3518009,Whitby,Durham,2002,Total,855.0,a,Excellent,6.6,1434.0,83.8
3518009,Whitby,Durham,2003,1 Bedroom,825.0,a,Excellent,5.0,1342.0,85.7
3518009,Whitby,Durham,2003,2 Bedroom,903.0,a,Excellent,1.0,1469.0,84.7
3518009,Whitby,Durham,2003,3 Bedroom,1012.0,a,Excellent,3.1,1647.0,87.8
3518009,Whitby,Durham,2003,Studio,628.0,a,Excellent,-5.3,1022.0,72.9
3518009,Whitby,Durham,2003,Total,884.0,a,Excellent,3.4,1438.0,86.7
3518009,Whitby,Durham,2004,1 Bedroom,787.0,a,Excellent,-4.6,1260.0,81.7
3518009,Whitby,Durham,2004,2 Bedroom,879.0,a,Excellent,-2.7,1408.0,82.5
3518009,Whitby,Durham,2004,3 Bedroom,993.0,a,Excellent,-1.9,1590.0,86.2
3518009,Whitby,Durham,2004,Studio,658.0,c,Good,4.8,1054.0,76.4
3518009,Whitby,Durham,2004,Total,849.0,a,Excellent,-4.0,1360.0,83.2
3518009,Whitby,Durham,2005,1 Bedroom,817.0,a,Excellent,3.8,1284.0,84.8
3518009,Whitby,Durham,2005,2 Bedroom,899.0,a,Excellent,2.3,1413.0,84.3
3518009,Whitby,Durham,2005,3 Bedroom,998.0,a,Excellent,0.5,1569.0,86.6
3518009,Whitby,Durham,2005,Studio,693.0,c,Good,5.3,1090.0,80.5
3518009,Whitby,Durham,2005,Total,873.0,a,Excellent,2.8,1372.0,85.6
3518009,Whitby,Durham,2006,1 Bedroom,819.0,a,Excellent,0.2,1267.0,85.0
3518009,Whitby,Durham,2006,2 Bedroom,908.0,a,Excellent,1.0,1405.0,85.2
3518009,Whitby,Durham,2006,3 Bedroom,1025.0,a,Excellent,2.7,1586.0,89.0
3518009,Whitby,Durham,2006,Studio,699.0,c,Good,0.9,1081.0,81.2
3518009,Whitby,Durham,2006,Total,885.0,a,Excellent,1.4,1369.0,86.8
3518009,Whitby,Durham,2007,1 Bedroom,818.0,a,Excellent,-0.1,1242.0,84.9
3518009,Whitby,Durham,2007,2 Bedroom,923.0,a,Excellent,1.7,1401.0,86.6
3518009,Whitby,Durham,2007,3 Bedroom,1011.0,a,Excellent,-1.4,1535.0,87.8
3518009,Whitby,Durham,2007,Studio,659.0,b,Very good,-5.7,1000.0,76.5
3518009,Whitby,Durham,2007,Total,883.0,a,Excellent,-0.2,1340.0,86.6
3518009,Whitby,Durham,2008,1 Bedroom,829.0,a,Excellent,1.3,1229.0,86.1
3518009,Whitby,Durham,2008,2 Bedroom,940.0,a,Excellent,1.8,1393.0,88.2
3518009,Whitby,Durham,2008,3 Bedroom,1026.0,a,Excellent,1.5,1521.0,89.1
3518009,Whitby,Durham,2008,Studio,696.0,b,Very good,5.6,1032.0,80.8
3518009,Whitby,Durham,2008,Total,905.0,a,Excellent,2.5,1341.0,88.7
3518009,Whitby,Durham,2009,1 Bedroom,855.0,a,Excellent,3.1,1262.0,88.8
3518009,Whitby,Durham,2009,2 Bedroom,959.0,a,Excellent,2.0,1415.0,90.0
3518009,Whitby,Durham,2009,3 Bedroom,1045.0,a,Excellent,1.9,1542.0,90.7
3518009,Whitby,Durham,2009,Studio,745.0,d,Poor - use with caution,7.0,1099.0,86.5
3518009,Whitby,Durham,2009,Total,926.0,a,Excellent,2.3,1366.0,90.8
3518009,Whitby,Durham,2010,1 Bedroom,869.0,a,Excellent,1.6,1251.0,90.2
3518009,Whitby,Durham,2010,2 Bedroom,962.0,a,Excellent,0.3,1385.0,90.2
3518009,Whitby,Durham,2010,3 Bedroom,1050.0,a,Excellent,0.5,1511.0,91.1
3518009,Whitby,Durham,2010,Studio,717.0,b,Very good,-3.8,1032.0,83.3
3518009,Whitby,Durham,2010,Total,932.0,a,Excellent,0.6,1342.0,91.4
3518009,Whitby,Durham,2011,1 Bedroom,892.0,a,Excellent,2.6,1246.0,92.6
3518009,Whitby,Durham,2011,2 Bedroom,1023.0,a,Excellent,6.3,1430.0,96.0
3518009,Whitby,Durham,2011,3 Bedroom,1068.0,a,Excellent,1.7,1492.0,92.7
3518009,Whitby,Durham,2011,Studio,710.0,b,Very good,-1.0,992.0,82.5
3518009,Whitby,Durham,2011,Total,975.0,a,Excellent,4.6,1362.0,95.6
3518009,Whitby,Durham,2012,1 Bedroom,909.0,a,Excellent,1.9,1251.0,94.4
3518009,Whitby,Durham,2012,2 Bedroom,1007.0,a,Excellent,-1.6,1386.0,94.5
3518009,Whitby,Durham,2012,3 Bedroom,1083.0,a,Excellent,1.4,1490.0,94.0
3518009,Whitby,Durham,2012,Studio,775.0,c,Good,9.2,1067.0,90.0
3518009,Whitby,Durham,2012,Total,969.0,a,Excellent,-0.6,1334.0,95.0
3518009,Whitby,Durham,2013,1 Bedroom,938.0,a,Excellent,3.2,1276.0,97.4
3518009,Whitby,Durham,2013,2 Bedroom,1021.0,a,Excellent,1.4,1389.0,95.8
3518009,Whitby,Durham,2013,3 Bedroom,1122.0,a,Excellent,3.6,1526.0,97.4
3518009,Whitby,Durham,2013,Studio,789.0,c,Good,1.8,1073.0,91.6
3518009,Whitby,Durham,2013,Total,992.0,a,Excellent,2.4,1349.0,97.3
3518009,Whitby,Durham,2014,1 Bedroom,951.0,a,Excellent,1.4,1262.0,98.8
3518009,Whitby,Durham,2014,2 Bedroom,1040.0,a,Excellent,1.9,1380.0,97.6
3518009,Whitby,Durham,2014,3 Bedroom,1128.0,a,Excellent,0.5,1497.0,97.9
3518009,Whitby,Durham,2014,Studio,799.0,b,Very good,1.3,1060.0,92.8
3518009,Whitby,Durham,2014,Total,1009.0,a,Excellent,1.7,1339.0,98.9
3518009,Whitby,Durham,2015,1 Bedroom,963.0,a,Excellent,1.3,1258.0,100.0
3518009,Whitby,Durham,2015,2 Bedroom,1066.0,a,Excellent,2.5,1393.0,100.0
3518009,Whitby,Durham,2015,3 Bedroom,1152.0,a,Excellent,2.1,1505.0,100.0
3518009,Whitby,Durham,2015,Studio,861.0,a,Excellent,7.8,1125.0,100.0
3518009,Whitby,Durham,2015,Total,1020.0,a,Excellent,1.1,1333.0,100.0
3518009,Whitby,Durham,2016,1 Bedroom,1019.0,a,Excellent,5.8,1305.0,105.8
3518009,Whitby,Durham,2016,2 Bedroom,1103.0,a,Excellent,3.5,1412.0,103.5
3518009,Whitby,Durham,2016,3 Bedroom,1221.0,b,Very good,6.0,1563.0,106.0
3518009,Whitby,Durham,2016,Total,1053.0,a,Excellent,3.2,1348.0,103.2
3518009,Whitby,Durham,2017,1 Bedroom,1027.0,a,Excellent,0.8,1288.0,106.6
3518009,Whitby,Durham,2017,2 Bedroom,1124.0,a,Excellent,1.9,1410.0,105.4
3518009,Whitby,Durham,2017,3 Bedroom,1251.0,a,Excellent,2.5,1569.0,108.6
3518009,Whitby,Durham,2017,Studio,895.0,c,Good,,1123.0,103.9
3518009,Whitby,Durham,2017,Total,1096.0,a,Excellent,4.1,1375.0,107.5
3518009,Whitby,Durham,2018,1 Bedroom,1069.0,a,Excellent,4.1,1307.0,111.0
3518009,Whitby,Durham,2018,2 Bedroom,1152.0,a,Excellent,2.5,1409.0,108.1
3518009,Whitby,Durham,2018,3 Bedroom,1290.0,a,Excellent,3.1,1578.0,112.0
3518009,Whitby,Durham,2018,Studio,905.0,d,Poor - use with caution,1.1,1107.0,105.1
3518009,Whitby,Durham,2018,Total,1138.0,a,Excellent,3.8,1392.0,111.6
3518009,Whitby,Durham,2019,1 Bedroom,1178.0,a,Excellent,10.2,1412.0,122.3
3518009,Whitby,Durham,2019,2 Bedroom,1251.0,a,Excellent,8.6,1500.0,117.4
3518009,Whitby,Durham,2019,3 Bedroom,1325.0,a,Excellent,2.7,1588.0,115.0
3518009,Whitby,Durham,2019,Studio,1036.0,c,Good,14.5,1242.0,120.3
3518009,Whitby,Durham,2019,Total,1227.0,a,Excellent,7.8,1471.0,120.3
3518009,Whitby,Durham,2020,1 Bedroom,1252.0,a,Excellent,6.3,1496.0,130.0
3518009,Whitby,Durham,2020,2 Bedroom,1330.0,a,Excellent,6.3,1589.0,124.8
3518009,Whitby,Durham,2020,3 Bedroom,1425.0,a,Excellent,7.5,1703.0,123.7
3518009,Whitby,Durham,2020,Studio,1022.0,d,Poor - use with caution,-1.4,1221.0,118.7
3518009,Whitby,Durham,2020,Total,1304.0,a,Excellent,6.3,1558.0,127.8
3518009,Whitby,Durham,2021,1 Bedroom,1272.0,a,Excellent,1.6,1478.0,132.1
3518009,Whitby,Durham,2021,2 Bedroom,1390.0,a,Excellent,4.5,1615.0,130.4
3518009,Whitby,Durham,2021,3 Bedroom,1471.0,a,Excellent,3.2,1709.0,127.7
3518009,Whitby,Durham,2021,Studio,890.0,d,Poor - use with caution,-12.9,1034.0,103.4
3518009,Whitby,Durham,2021,Total,1356.0,a,Excellent,4.0,1576.0,132.9
3518009,Whitby,Durham,2022,1 Bedroom,1312.0,a,Excellent,3.1,1431.0,136.2
3518009,Whitby,Durham,2022,2 Bedroom,1393.0,a,Excellent,0.2,1519.0,130.7
3518009,Whitby,Durham,2022,3 Bedroom,1444.0,a,Excellent,-1.8,1575.0,125.3
3518009,Whitby,Durham,2022,Studio,1010.0,b,Very good,13.5,1102.0,117.3
3518009,Whitby,Durham,2022,Total,1349.0,a,Excellent,-0.5,1471.0,132.3
3518009,Whitby,Durham,2023,1 Bedroom,1287.0,b,Very good,-1.9,1347.0,133.6
3518009,Whitby,Durham,2023,2 Bedroom,1433.0,a,Excellent,2.9,1500.0,134.4
3518009,Whitby,Durham,2023,3 Bedroom,1535.0,a,Excellent,6.3,1607.0,133.2
3518009,Whitby,Durham,2023,Total,1397.0,a,Excellent,3.6,1463.0,137.0
3518009,Whitby,Durham,2024,1 Bedroom,1525.0,b,Very good,18.5,1553.0,158.4
3518009,Whitby,Durham,2024,2 Bedroom,1656.0,a,Excellent,15.6,1686.0,155.3
3518009,Whitby,Durham,2024,3 Bedroom,1743.0,a,Excellent,13.6,1775.0,151.3
3518009,Whitby,Durham,2024,Studio,1184.0,c,Good,,1205.0,137.5
3518009,Whitby,Durham,2024,Total,1641.0,a,Excellent,17.5,1671.0,160.9
3518009,Whitby,Durham,2025,1 Bedroom,1525.0,a,Excellent,0.0,1525.0,158.4
3518009,Whitby,Durham,2025,2 Bedroom,1673.0,a,Excellent,1.0,1673.0,156.9
3518009,Whitby,Durham,2025,3 Bedroom,1761.0,a,Excellent,1.0,1761.0,152.9
3518009,Whitby,Durham,2025,Studio,1394.0,b,Very good,17.7,1394.0,161.9
3518009,Whitby,Durham,2025,Total,1634.0,a,Excellent,-0.4,1634.0,160.2
3518013,Oshawa,Durham,1990,1 Bedroom,517.0,a,Excellent,,1098.0,58.8
3518013,Oshawa,Durham,1990,2 Bedroom,602.0,a,Excellent,,1279.0,58.6
3518013,Oshawa,Durham,1990,3 Bedroom,760.0,a,Excellent,,1614.0,61.5
3518013,Oshawa,Durham,1990,Studio,416.0,a,Excellent,,884.0,57.5
3518013,Oshawa,Durham,1990,Total,613.0,a,Excellent,,1302.0,60.0
3518013,Oshawa,Durham,1991,1 Bedroom,548.0,a,Excellent,6.0,1117.0,62.3
3518013,Oshawa,Durham,1991,2 Bedroom,637.0,a,Excellent,5.8,1299.0,62.0
3518013,Oshawa,Durham,1991,3 Bedroom,772.0,a,Excellent,1.6,1574.0,62.5
3518013,Oshawa,Durham,1991,Studio,438.0,b,Very good,5.3,893.0,60.6
3518013,Oshawa,Durham,1991,Total,641.0,a,Excellent,4.6,1307.0,62.8
3518013,Oshawa,Durham,1992,1 Bedroom,552.0,a,Excellent,0.7,1116.0,62.7
3518013,Oshawa,Durham,1992,2 Bedroom,644.0,a,Excellent,1.1,1301.0,62.6
3518013,Oshawa,Durham,1992,3 Bedroom,769.0,a,Excellent,-0.4,1554.0,62.2
3518013,Oshawa,Durham,1992,Studio,468.0,a,Excellent,6.8,946.0,64.7
3518013,Oshawa,Durham,1992,Total,644.0,a,Excellent,0.5,1301.0,63.1
3518013,Oshawa,Durham,1993,1 Bedroom,559.0,a,Excellent,1.3,1112.0,63.5
3518013,Oshawa,Durham,1993,2 Bedroom,659.0,a,Excellent,2.3,1311.0,64.1
3518013,Oshawa,Durham,1993,3 Bedroom,790.0,a,Excellent,2.7,1571.0,63.9
3518013,Oshawa,Durham,1993,Studio,448.0,a,Excellent,-4.3,891.0,62.0
3518013,Oshawa,Durham,1993,Total,658.0,a,Excellent,2.2,1309.0,64.4
3518013,Oshawa,Durham,1994,1 Bedroom,573.0,a,Excellent,2.5,1139.0,65.1
3518013,Oshawa,Durham,1994,2 Bedroom,657.0,a,Excellent,-0.3,1306.0,63.9
3518013,Oshawa,Durham,1994,3 Bedroom,781.0,a,Excellent,-1.1,1552.0,63.2
3518013,Oshawa,Durham,1994,Studio,453.0,a,Excellent,1.1,900.0,62.7
3518013,Oshawa,Durham,1994,Total,660.0,a,Excellent,0.3,1311.0,64.6
3518013,Oshawa,Durham,1995,1 Bedroom,588.0,a,Excellent,2.6,1140.0,66.8
3518013,Oshawa,Durham,1995,2 Bedroom,684.0,a,Excellent,4.1,1326.0,66.5
3518013,Oshawa,Durham,1995,3 Bedroom,807.0,a,Excellent,3.3,1565.0,65.3
3518013,Oshawa,Durham,1995,Studio,470.0,a,Excellent,3.8,911.0,65.0
3518013,Oshawa,Durham,1995,Total,682.0,a,Excellent,3.3,1323.0,66.8
3518013,Oshawa,Durham,1996,1 Bedroom,603.0,a,Excellent,2.6,1150.0,68.5
3518013,Oshawa,Durham,1996,2 Bedroom,694.0,a,Excellent,1.5,1324.0,67.5
3518013,Oshawa,Durham,1996,3 Bedroom,830.0,a,Excellent,2.9,1583.0,67.2
3518013,Oshawa,Durham,1996,Studio,464.0,a,Excellent,-1.3,885.0,64.2
3518013,Oshawa,Durham,1996,Total,689.0,a,Excellent,1.0,1314.0,67.5
3518013,Oshawa,Durham,1997,1 Bedroom,589.0,a,Excellent,-2.3,1104.0,66.9
3518013,Oshawa,Durham,1997,2 Bedroom,683.0,a,Excellent,-1.6,1280.0,66.4
3518013,Oshawa,Durham,1997,3 Bedroom,813.0,a,Excellent,-2.0,1523.0,65.8
3518013,Oshawa,Durham,1997,Studio,466.0,a,Excellent,0.4,873.0,64.5
3518013,Oshawa,Durham,1997,Total,677.0,a,Excellent,-1.7,1268.0,66.3
3518013,Oshawa,Durham,1998,1 Bedroom,636.0,a,Excellent,8.0,1179.0,72.3
3518013,Oshawa,Durham,1998,2 Bedroom,721.0,a,Excellent,5.6,1337.0,70.1
3518013,Oshawa,Durham,1998,3 Bedroom,849.0,a,Excellent,4.4,1574.0,68.7
3518013,Oshawa,Durham,1998,Studio,504.0,a,Excellent,8.2,934.0,69.7
3518013,Oshawa,Durham,1998,Total,717.0,a,Excellent,5.9,1329.0,70.2
3518013,Oshawa,Durham,1999,1 Bedroom,638.0,a,Excellent,0.3,1160.0,72.5
3518013,Oshawa,Durham,1999,2 Bedroom,738.0,a,Excellent,2.4,1342.0,71.8
3518013,Oshawa,Durham,1999,3 Bedroom,859.0,a,Excellent,1.2,1562.0,69.5
3518013,Oshawa,Durham,1999,Studio,495.0,a,Excellent,-1.8,900.0,68.5
3518013,Oshawa,Durham,1999,Total,730.0,a,Excellent,1.8,1327.0,71.5
3518013,Oshawa,Durham,2000,1 Bedroom,665.0,a,Excellent,4.2,1174.0,75.6
3518013,Oshawa,Durham,2000,2 Bedroom,762.0,a,Excellent,3.3,1345.0,74.1
3518013,Oshawa,Durham,2000,3 Bedroom,883.0,a,Excellent,2.8,1558.0,71.4
3518013,Oshawa,Durham,2000,Studio,502.0,a,Excellent,1.4,886.0,69.4
3518013,Oshawa,Durham,2000,Total,756.0,a,Excellent,3.6,1334.0,74.0
3518013,Oshawa,Durham,2001,1 Bedroom,678.0,a,Excellent,2.0,1160.0,77.0
3518013,Oshawa,Durham,2001,2 Bedroom,784.0,a,Excellent,2.9,1342.0,76.3
3518013,Oshawa,Durham,2001,3 Bedroom,915.0,a,Excellent,3.6,1566.0,74.0
3518013,Oshawa,Durham,2001,Studio,534.0,a,Excellent,6.4,914.0,73.9
3518013,Oshawa,Durham,2001,Total,774.0,a,Excellent,2.4,1325.0,75.8
3518013,Oshawa,Durham,2002,1 Bedroom,685.0,a,Excellent,1.0,1149.0,77.8
3518013,Oshawa,Durham,2002,2 Bedroom,803.0,a,Excellent,2.4,1346.0,78.1
3518013,Oshawa,Durham,2002,3 Bedroom,943.0,a,Excellent,3.1,1581.0,76.3
3518013,Oshawa,Durham,2002,Studio,551.0,a,Excellent,3.2,924.0,76.2
3518013,Oshawa,Durham,2002,Total,793.0,a,Excellent,2.5,1330.0,77.7
3518013,Oshawa,Durham,2003,1 Bedroom,726.0,a,Excellent,6.0,1181.0,82.5
3518013,Oshawa,Durham,2003,2 Bedroom,831.0,a,Excellent,3.5,1352.0,80.8
3518013,Oshawa,Durham,2003,3 Bedroom,937.0,a,Excellent,-0.6,1525.0,75.8
3518013,Oshawa,Durham,2003,Studio,578.0,a,Excellent,4.9,941.0,79.9
3518013,Oshawa,Durham,2003,Total,819.0,a,Excellent,3.3,1333.0,80.2
3518013,Oshawa,Durham,2004,1 Bedroom,740.0,a,Excellent,1.9,1185.0,84.1
3518013,Oshawa,Durham,2004,2 Bedroom,846.0,a,Excellent,1.8,1355.0,82.3
3518013,Oshawa,Durham,2004,3 Bedroom,991.0,a,Excellent,5.8,1587.0,80.2
3518013,Oshawa,Durham,2004,Studio,594.0,a,Excellent,2.8,951.0,82.2
3518013,Oshawa,Durham,2004,Total,838.0,a,Excellent,2.3,1342.0,82.1
3518013,Oshawa,Durham,2005,1 Bedroom,732.0,a,Excellent,-1.1,1151.0,83.2
3518013,Oshawa,Durham,2005,2 Bedroom,844.0,a,Excellent,-0.2,1327.0,82.1
3518013,Oshawa,Durham,2005,3 Bedroom,1011.0,a,Excellent,2.0,1589.0,81.8
3518013,Oshawa,Durham,2005,Studio,589.0,a,Excellent,-0.8,926.0,81.5
3518013,Oshawa,Durham,2005,Total,833.0,a,Excellent,-0.6,1310.0,81.6
3518013,Oshawa,Durham,2006,1 Bedroom,736.0,a,Excellent,0.5,1139.0,83.6
3518013,Oshawa,Durham,2006,2 Bedroom,850.0,a,Excellent,0.7,1315.0,82.7
3518013,Oshawa,Durham,2006,3 Bedroom,1053.0,a,Excellent,4.2,1629.0,85.2
3518013,Oshawa,Durham,2006,Studio,599.0,a,Excellent,1.7,927.0,82.8
3518013,Oshawa,Durham,2006,Total,845.0,a,Excellent,1.4,1307.0,82.8
3518013,Oshawa,Durham,2007,1 Bedroom,754.0,a,Excellent,2.4,1145.0,85.7
3518013,Oshawa,Durham,2007,2 Bedroom,868.0,a,Excellent,2.1,1318.0,84.4
3518013,Oshawa,Durham,2007,3 Bedroom,1016.0,a,Excellent,-3.5,1542.0,82.2
3518013,Oshawa,Durham,2007,Studio,601.0,a,Excellent,0.3,912.0,83.1
3518013,Oshawa,Durham,2007,Total,856.0,a,Excellent,1.3,1299.0,83.8
3518013,Oshawa,Durham,2008,1 Bedroom,773.0,a,Excellent,2.5,1146.0,87.8
3518013,Oshawa,Durham,2008,2 Bedroom,878.0,a,Excellent,1.2,1301.0,85.4
3518013,Oshawa,Durham,2008,3 Bedroom,1058.0,a,Excellent,4.1,1568.0,85.6
3518013,Oshawa,Durham,2008,Studio,628.0,a,Excellent,4.5,931.0,86.9
3518013,Oshawa,Durham,2008,Total,870.0,a,Excellent,1.6,1289.0,85.2
3518013,Oshawa,Durham,2009,1 Bedroom,764.0,a,Excellent,-1.2,1127.0,86.8
3518013,Oshawa,Durham,2009,2 Bedroom,888.0,a,Excellent,1.1,1310.0,86.4
3518013,Oshawa,Durham,2009,3 Bedroom,1066.0,a,Excellent,0.8,1573.0,86.2
3518013,Oshawa,Durham,2009,Studio,611.0,a,Excellent,-2.7,901.0,84.5
3518013,Oshawa,Durham,2009,Total,875.0,a,Excellent,0.6,1291.0,85.7
3518013,Oshawa,Durham,2010,1 Bedroom,787.0,a,Excellent,3.0,1133.0,89.4
3518013,Oshawa,Durham,2010,2 Bedroom,892.0,a,Excellent,0.5,1284.0,86.8
3518013,Oshawa,Durham,2010,3 Bedroom,1075.0,a,Excellent,0.8,1547.0,87.0
3518013,Oshawa,Durham,2010,Studio,641.0,a,Excellent,4.9,923.0,88.7
3518013,Oshawa,Durham,2010,Total,886.0,a,Excellent,1.3,1275.0,86.8
3518013,Oshawa,Durham,2011,1 Bedroom,802.0,a,Excellent,1.9,1121.0,91.1
3518013,Oshawa,Durham,2011,2 Bedroom,924.0,a,Excellent,3.6,1291.0,89.9
3518013,Oshawa,Durham,2011,3 Bedroom,1110.0,a,Excellent,3.3,1551.0,89.8
3518013,Oshawa,Durham,2011,Studio,653.0,a,Excellent,1.9,912.0,90.3
3518013,Oshawa,Durham,2011,Total,912.0,a,Excellent,2.9,1274.0,89.3
3518013,Oshawa,Durham,2012,1 Bedroom,817.0,a,Excellent,1.9,1124.0,92.8
3518013,Oshawa,Durham,2012,2 Bedroom,926.0,a,Excellent,0.2,1274.0,90.1
3518013,Oshawa,Durham,2012,3 Bedroom,1112.0,a,Excellent,0.2,1530.0,90.0
3518013,Oshawa,Durham,2012,Studio,645.0,a,Excellent,-1.2,888.0,89.2
3518013,Oshawa,Durham,2012,Total,919.0,a,Excellent,0.8,1265.0,90.0
3518013,Oshawa,Durham,2013,1 Bedroom,857.0,a,Excellent,4.9,1166.0,97.4
3518013,Oshawa,Durham,2013,2 Bedroom,981.0,a,Excellent,5.9,1334.0,95.4
3518013,Oshawa,Durham,2013,3 Bedroom,1191.0,a,Excellent,7.1,1620.0,96.4
3518013,Oshawa,Durham,2013,Studio,680.0,a,Excellent,5.4,925.0,94.1
3518013,Oshawa,Durham,2013,Total,976.0,a,Excellent,6.2,1328.0,95.6
3518013,Oshawa,Durham,2014,1 Bedroom,858.0,a,Excellent,0.1,1138.0,97.5
3518013,Oshawa,Durham,2014,2 Bedroom,1002.0,a,Excellent,2.1,1329.0,97.5
3518013,Oshawa,Durham,2014,3 Bedroom,1212.0,a,Excellent,1.8,1608.0,98.1
3518013,Oshawa,Durham,2014,Studio,680.0,a,Excellent,0.0,902.0,94.1
3518013,Oshawa,Durham,2014,Total,994.0,a,Excellent,1.8,1319.0,97.4
3518013,Oshawa,Durham,2015,1 Bedroom,880.0,a,Excellent,2.6,1150.0,100.0
3518013,Oshawa,Durham,2015,2 Bedroom,1028.0,a,Excellent,2.6,1343.0,100.0
3518013,Oshawa,Durham,2015,3 Bedroom,1236.0,a,Excellent,2.0,1615.0,100.0
3518013,Oshawa,Durham,2015,Studio,723.0,a,Excellent,6.3,945.0,100.0
3518013,Oshawa,Durham,2015,Total,1021.0,a,Excellent,2.7,1334.0,100.0
3518013,Oshawa,Durham,2016,1 Bedroom,972.0,a,Excellent,10.5,1244.0,110.5
3518013,Oshawa,Durham,2016,2 Bedroom,1124.0,a,Excellent,9.3,1439.0,109.3
3518013,Oshawa,Durham,2016,3 Bedroom,1295.0,a,Excellent,4.8,1658.0,104.8
3518013,Oshawa,Durham,2016,Studio,752.0,a,Excellent,4.0,963.0,104.0
3518013,Oshawa,Durham,2016,Total,1104.0,a,Excellent,8.1,1413.0,108.1
3518013,Oshawa,Durham,2017,1 Bedroom,1048.0,a,Excellent,7.8,1314.0,119.1
3518013,Oshawa,Durham,2017,2 Bedroom,1190.0,a,Excellent,5.9,1493.0,115.8
3518013,Oshawa,Durham,2017,3 Bedroom,1331.0,a,Excellent,2.8,1669.0,107.7
3518013,Oshawa,Durham,2017,Studio,789.0,b,Very good,4.9,990.0,109.1
3518013,Oshawa,Durham,2017,Total,1164.0,a,Excellent,5.4,1460.0,114.0
3518013,Oshawa,Durham,2018,1 Bedroom,1204.0,b,Very good,14.9,1473.0,136.8
3518013,Oshawa,Durham,2018,2 Bedroom,1275.0,a,Excellent,7.1,1559.0,124.0
3518013,Oshawa,Durham,2018,3 Bedroom,1432.0,a,Excellent,7.6,1751.0,115.9
3518013,Oshawa,Durham,2018,Studio,827.0,a,Excellent,4.8,1011.0,114.4
3518013,Oshawa,Durham,2018,Total,1267.0,a,Excellent,8.8,1550.0,124.1
3518013,Oshawa,Durham,2019,1 Bedroom,1164.0,a,Excellent,-3.3,1395.0,132.3
3518013,Oshawa,Durham,2019,2 Bedroom,1268.0,a,Excellent,-0.5,1520.0,123.3
3518013,Oshawa,Durham,2019,3 Bedroom,1477.0,a,Excellent,3.1,1771.0,119.5
3518013,Oshawa,Durham,2019,Studio,838.0,a,Excellent,1.3,1005.0,115.9
3518013,Oshawa,Durham,2019,Total,1259.0,a,Excellent,-0.6,1509.0,123.3
3518013,Oshawa,Durham,2020,1 Bedroom,1162.0,a,Excellent,-0.2,1389.0,132.0
3518013,Oshawa,Durham,2020,2 Bedroom,1360.0,a,Excellent,7.3,1625.0,132.3
3518013,Oshawa,Durham,2020,3 Bedroom,1637.0,b,Very good,10.8,1956.0,132.4
3518013,Oshawa,Durham,2020,Studio,900.0,b,Very good,7.4,1075.0,124.5
3518013,Oshawa,Durham,2020,Total,1333.0,a,Excellent,5.9,1593.0,130.6
3518013,Oshawa,Durham,2021,1 Bedroom,1288.0,a,Excellent,10.8,1497.0,146.4
3518013,Oshawa,Durham,2021,2 Bedroom,1441.0,a,Excellent,6.0,1674.0,140.2
3518013,Oshawa,Durham,2021,3 Bedroom,1696.0,a,Excellent,3.6,1971.0,137.2
3518013,Oshawa,Durham,2021,Studio,1014.0,a,Excellent,12.7,1178.0,140.2
3518013,Oshawa,Durham,2021,Total,1431.0,a,Excellent,7.4,1663.0,140.2
3518013,Oshawa,Durham,2022,1 Bedroom,1290.0,b,Very good,0.2,1407.0,146.6
3518013,Oshawa,Durham,2022,2 Bedroom,1492.0,a,Excellent,3.5,1627.0,145.1
3518013,Oshawa,Durham,2022,3 Bedroom,1969.0,a,Excellent,16.1,2147.0,159.3
3518013,Oshawa,Durham,2022,Studio,1124.0,b,Very good,10.8,1226.0,155.5
3518013,Oshawa,Durham,2022,Total,1491.0,a,Excellent,4.2,1626.0,146.0
3518013,Oshawa,Durham,2023,1 Bedroom,1425.0,a,Excellent,10.5,1492.0,161.9
3518013,Oshawa,Durham,2023,2 Bedroom,1665.0,a,Excellent,11.6,1743.0,162.0
3518013,Oshawa,Durham,2023,3 Bedroom,2172.0,a,Excellent,10.3,2274.0,175.7
3518013,Oshawa,Durham,2023,Studio,1068.0,b,Very good,-5.0,1118.0,147.7
3518013,Oshawa,Durham,2023,Total,1678.0,a,Excellent,12.5,1757.0,164.3
3518013,Oshawa,Durham,2024,1 Bedroom,1636.0,b,Very good,14.8,1666.0,185.9
3518013,Oshawa,Durham,2024,2 Bedroom,1702.0,a,Excellent,2.2,1733.0,165.6
3518013,Oshawa,Durham,2024,3 Bedroom,2074.0,b,Very good,-4.5,2112.0,167.8
3518013,Oshawa,Durham,2024,Studio,1274.0,b,Very good,19.3,1297.0,176.2
3518013,Oshawa,Durham,2024,Total,1722.0,a,Excellent,2.6,1753.0,168.7
3518013,Oshawa,Durham,2025,1 Bedroom,1598.0,a,Excellent,-2.3,1598.0,181.6
3518013,Oshawa,Durham,2025,2 Bedroom,1780.0,a,Excellent,4.6,1780.0,173.2
3518013,Oshawa,Durham,2025,3 Bedroom,2228.0,b,Very good,7.4,2228.0,180.3
3518013,Oshawa,Durham,2025,Studio,1318.0,b,Very good,3.5,1318.0,182.3
3518013,Oshawa,Durham,2025,Total,1777.0,a,Excellent,3.2,1777.0,174.0
3518017,Clarington,Durham,1990,1 Bedroom,549.0,a,Excellent,,1166.0,59.5
3518017,Clarington,Durham,1990,2 Bedroom,623.0,a,Excellent,,1323.0,58.2
3518017,Clarington,Durham,1990,3 Bedroom,671.0,a,Excellent,,1425.0,44.7
3518017,Clarington,Durham,1990,Studio,400.0,a,Excellent,,850.0,
3518017,Clarington,Durham,1990,Total,603.0,a,Excellent,,1281.0,56.5
3518017,Clarington,Durham,1991,1 Bedroom,564.0,a,Excellent,2.7,1150.0,61.1
3518017,Clarington,Durham,1991,2 Bedroom,630.0,a,Excellent,1.1,1285.0,58.8
3518017,Clarington,Durham,1991,3 Bedroom,687.0,a,Excellent,2.4,1401.0,45.8
3518017,Clarington,Durham,1991,Total,613.0,a,Excellent,1.7,1250.0,57.4
3518017,Clarington,Durham,1992,1 Bedroom,584.0,a,Excellent,3.5,1180.0,63.3
3518017,Clarington,Durham,1992,2 Bedroom,651.0,a,Excellent,3.3,1316.0,60.8
3518017,Clarington,Durham,1992,3 Bedroom,712.0,a,Excellent,3.6,1439.0,47.4
3518017,Clarington,Durham,1992,Total,637.0,a,Excellent,3.9,1287.0,59.6
3518017,Clarington,Durham,1993,1 Bedroom,570.0,a,Excellent,-2.4,1134.0,61.8
3518017,Clarington,Durham,1993,2 Bedroom,644.0,a,Excellent,-1.1,1281.0,60.1
3518017,Clarington,Durham,1993,3 Bedroom,781.0,a,Excellent,9.7,1554.0,52.0
3518017,Clarington,Durham,1993,Total,634.0,a,Excellent,-0.5,1261.0,59.4
3518017,Clarington,Durham,1994,1 Bedroom,546.0,a,Excellent,-4.2,1085.0,59.2
3518017,Clarington,Durham,1994,2 Bedroom,627.0,a,Excellent,-2.6,1246.0,58.5
3518017,Clarington,Durham,1994,3 Bedroom,748.0,a,Excellent,-4.2,1486.0,49.8
3518017,Clarington,Durham,1994,Total,615.0,a,Excellent,-3.0,1222.0,57.6
3518017,Clarington,Durham,1995,1 Bedroom,585.0,a,Excellent,7.1,1134.0,63.4
3518017,Clarington,Durham,1995,2 Bedroom,662.0,a,Excellent,5.6,1284.0,61.8
3518017,Clarington,Durham,1995,3 Bedroom,782.0,a,Excellent,4.5,1517.0,52.1
3518017,Clarington,Durham,1995,Studio,449.0,a,Excellent,,871.0,
3518017,Clarington,Durham,1995,Total,650.0,a,Excellent,5.7,1261.0,60.9
3518017,Clarington,Durham,1996,1 Bedroom,603.0,a,Excellent,3.1,1150.0,65.3
3518017,Clarington,Durham,1996,2 Bedroom,672.0,a,Excellent,1.5,1282.0,62.7
3518017,Clarington,Durham,1996,3 Bedroom,811.0,a,Excellent,3.7,1547.0,54.0
3518017,Clarington,Durham,1996,Studio,462.0,a,Excellent,2.9,881.0,
3518017,Clarington,Durham,1996,Total,664.0,a,Excellent,2.2,1267.0,62.2
3518017,Clarington,Durham,1997,1 Bedroom,584.0,a,Excellent,-3.2,1094.0,63.3
3518017,Clarington,Durham,1997,2 Bedroom,685.0,a,Excellent,1.9,1283.0,64.0
3518017,Clarington,Durham,1997,Total,660.0,a,Excellent,-0.6,1237.0,61.8
3518017,Clarington,Durham,1998,1 Bedroom,606.0,a,Excellent,3.8,1124.0,65.7
3518017,Clarington,Durham,1998,2 Bedroom,702.0,a,Excellent,2.5,1302.0,65.5
3518017,Clarington,Durham,1998,3 Bedroom,824.0,a,Excellent,,1528.0,54.9
3518017,Clarington,Durham,1998,Studio,488.0,a,Excellent,,905.0,
3518017,Clarington,Durham,1998,Total,683.0,a,Excellent,3.5,1266.0,64.0
3518017,Clarington,Durham,1999,1 Bedroom,632.0,a,Excellent,4.3,1149.0,68.5
3518017,Clarington,Durham,1999,2 Bedroom,728.0,a,Excellent,3.7,1324.0,68.0
3518017,Clarington,Durham,1999,3 Bedroom,856.0,a,Excellent,3.9,1557.0,57.0
3518017,Clarington,Durham,1999,Total,703.0,a,Excellent,2.9,1278.0,65.8
3518017,Clarington,Durham,2000,1 Bedroom,640.0,a,Excellent,1.3,1129.0,69.3
3518017,Clarington,Durham,2000,2 Bedroom,768.0,a,Excellent,5.5,1355.0,71.7
3518017,Clarington,Durham,2000,3 Bedroom,863.0,a,Excellent,0.8,1523.0,57.5
3518017,Clarington,Durham,2000,Studio,513.0,a,Excellent,,905.0,
3518017,Clarington,Durham,2000,Total,737.0,a,Excellent,4.8,1301.0,69.0
3518017,Clarington,Durham,2001,1 Bedroom,689.0,a,Excellent,7.7,1179.0,74.6
3518017,Clarington,Durham,2001,2 Bedroom,808.0,a,Excellent,5.2,1383.0,75.4
3518017,Clarington,Durham,2001,3 Bedroom,927.0,a,Excellent,7.4,1587.0,61.8
3518017,Clarington,Durham,2001,Studio,518.0,a,Excellent,1.0,887.0,
3518017,Clarington,Durham,2001,Total,775.0,a,Excellent,5.2,1327.0,72.6
3518017,Clarington,Durham,2002,1 Bedroom,689.0,a,Excellent,0.0,1155.0,74.6
3518017,Clarington,Durham,2002,2 Bedroom,812.0,a,Excellent,0.5,1361.0,75.8
3518017,Clarington,Durham,2002,3 Bedroom,935.0,a,Excellent,0.9,1568.0,62.3
3518017,Clarington,Durham,2002,Studio,552.0,a,Excellent,6.6,926.0,
3518017,Clarington,Durham,2002,Total,776.0,a,Excellent,0.1,1301.0,72.7
3518017,Clarington,Durham,2003,1 Bedroom,692.0,a,Excellent,0.4,1126.0,75.0
3518017,Clarington,Durham,2003,2 Bedroom,819.0,a,Excellent,0.9,1333.0,76.5
3518017,Clarington,Durham,2003,3 Bedroom,960.0,a,Excellent,2.7,1562.0,64.0
3518017,Clarington,Durham,2003,Studio,527.0,b,Very good,-4.5,858.0,
3518017,Clarington,Durham,2003,Total,776.0,a,Excellent,0.0,1263.0,72.7
3518017,Clarington,Durham,2004,1 Bedroom,689.0,a,Excellent,-0.4,1103.0,74.6
3518017,Clarington,Durham,2004,2 Bedroom,838.0,a,Excellent,2.3,1342.0,78.2
3518017,Clarington,Durham,2004,3 Bedroom,1005.0,a,Excellent,4.7,1610.0,67.0
3518017,Clarington,Durham,2004,Studio,569.0,a,Excellent,8.0,911.0,
3518017,Clarington,Durham,2004,Total,799.0,a,Excellent,3.0,1280.0,74.8
3518017,Clarington,Durham,2005,1 Bedroom,724.0,a,Excellent,5.1,1138.0,78.4
3518017,Clarington,Durham,2005,2 Bedroom,847.0,a,Excellent,1.1,1332.0,79.1
3518017,Clarington,Durham,2005,3 Bedroom,981.0,a,Excellent,-2.4,1542.0,65.4
3518017,Clarington,Durham,2005,Studio,521.0,c,Good,-8.4,819.0,
3518017,Clarington,Durham,2005,Total,801.0,a,Excellent,0.3,1259.0,75.0
3518017,Clarington,Durham,2006,1 Bedroom,716.0,a,Excellent,-1.1,1108.0,77.6
3518017,Clarington,Durham,2006,2 Bedroom,849.0,a,Excellent,0.2,1313.0,79.3
3518017,Clarington,Durham,2006,3 Bedroom,1004.0,a,Excellent,2.3,1553.0,66.9
3518017,Clarington,Durham,2006,Total,809.0,a,Excellent,1.0,1252.0,75.7
3518017,Clarington,Durham,2007,1 Bedroom,709.0,a,Excellent,-1.0,1076.0,76.8
3518017,Clarington,Durham,2007,2 Bedroom,850.0,a,Excellent,0.1,1290.0,79.4
3518017,Clarington,Durham,2007,Total,832.0,a,Excellent,2.8,1263.0,77.9
3518017,Clarington,Durham,2008,1 Bedroom,759.0,a,Excellent,7.1,1125.0,82.2
3518017,Clarington,Durham,2008,2 Bedroom,884.0,a,Excellent,4.0,1310.0,82.5
3518017,Clarington,Durham,2008,3 Bedroom,1144.0,a,Excellent,,1696.0,76.2
3518017,Clarington,Durham,2008,Studio,642.0,b,Very good,,952.0,
3518017,Clarington,Durham,2008,Total,853.0,a,Excellent,2.5,1264.0,79.9
3518017,Clarington,Durham,2009,1 Bedroom,699.0,a,Excellent,-7.9,1031.0,75.7
3518017,Clarington,Durham,2009,2 Bedroom,877.0,a,Excellent,-0.8,1294.0,81.9
3518017,Clarington,Durham,2009,3 Bedroom,1096.0,a,Excellent,-4.2,1617.0,73.0
3518017,Clarington,Durham,2009,Studio,654.0,b,Very good,1.9,965.0,
3518017,Clarington,Durham,2009,Total,825.0,a,Excellent,-3.3,1217.0,77.2
3518017,Clarington,Durham,2010,1 Bedroom,767.0,a,Excellent,9.7,1104.0,83.1
3518017,Clarington,Durham,2010,2 Bedroom,881.0,a,Excellent,0.5,1268.0,82.3
3518017,Clarington,Durham,2010,3 Bedroom,1192.0,a,Excellent,8.8,1716.0,79.4
3518017,Clarington,Durham,2010,Total,855.0,a,Excellent,3.6,1231.0,80.1
3518017,Clarington,Durham,2011,1 Bedroom,751.0,a,Excellent,-2.1,1049.0,81.4
3518017,Clarington,Durham,2011,2 Bedroom,902.0,a,Excellent,2.4,1260.0,84.2
3518017,Clarington,Durham,2011,3 Bedroom,1103.0,a,Excellent,-7.5,1541.0,73.5
3518017,Clarington,Durham,2011,Studio,673.0,a,Excellent,,940.0,
3518017,Clarington,Durham,2011,Total,855.0,a,Excellent,0.0,1195.0,80.1
3518017,Clarington,Durham,2012,1 Bedroom,802.0,a,Excellent,6.8,1104.0,86.9
3518017,Clarington,Durham,2012,2 Bedroom,911.0,a,Excellent,1.0,1254.0,85.1
3518017,Clarington,Durham,2012,3 Bedroom,1462.0,a,Excellent,32.5,2012.0,97.4
3518017,Clarington,Durham,2012,Total,943.0,a,Excellent,10.3,1298.0,88.3
3518017,Clarington,Durham,2013,1 Bedroom,817.0,a,Excellent,1.9,1111.0,88.5
3518017,Clarington,Durham,2013,2 Bedroom,939.0,a,Excellent,3.1,1277.0,87.7
3518017,Clarington,Durham,2013,3 Bedroom,1207.0,b,Very good,-17.4,1642.0,80.4
3518017,Clarington,Durham,2013,Total,911.0,a,Excellent,-3.4,1239.0,85.3
3518017,Clarington,Durham,2014,1 Bedroom,916.0,a,Excellent,12.1,1215.0,99.2
3518017,Clarington,Durham,2014,2 Bedroom,1050.0,a,Excellent,11.8,1393.0,98.0
3518017,Clarington,Durham,2014,3 Bedroom,1447.0,b,Very good,19.9,1920.0,96.4
3518017,Clarington,Durham,2014,Studio,829.0,a,Excellent,,1100.0,
3518017,Clarington,Durham,2014,Total,1053.0,a,Excellent,15.6,1397.0,98.6
3518017,Clarington,Durham,2015,1 Bedroom,923.0,a,Excellent,0.8,1206.0,100.0
3518017,Clarington,Durham,2015,2 Bedroom,1071.0,a,Excellent,2.0,1399.0,100.0
3518017,Clarington,Durham,2015,3 Bedroom,1501.0,b,Very good,3.7,1961.0,100.0
3518017,Clarington,Durham,2015,Total,1068.0,a,Excellent,1.4,1395.0,100.0
3518017,Clarington,Durham,2016,1 Bedroom,866.0,c,Good,-6.2,1109.0,93.8
3518017,Clarington,Durham,2016,2 Bedroom,979.0,a,Excellent,-8.6,1253.0,91.4
3518017,Clarington,Durham,2016,3 Bedroom,1295.0,d,Poor - use with caution,-13.7,1658.0,86.3
3518017,Clarington,Durham,2016,Total,964.0,a,Excellent,-9.7,1234.0,90.3
3518017,Clarington,Durham,2017,1 Bedroom,964.0,a,Excellent,11.3,1209.0,104.4
3518017,Clarington,Durham,2017,2 Bedroom,1241.0,a,Excellent,26.8,1557.0,115.9
3518017,Clarington,Durham,2017,3 Bedroom,1501.0,b,Very good,15.9,1883.0,100.0
3518017,Clarington,Durham,2017,Total,1171.0,a,Excellent,21.5,1469.0,109.6
3518017,Clarington,Durham,2018,1 Bedroom,1050.0,a,Excellent,8.9,1284.0,113.8
3518017,Clarington,Durham,2018,2 Bedroom,1199.0,a,Excellent,-3.4,1466.0,112.0
3518017,Clarington,Durham,2018,3 Bedroom,1538.0,b,Very good,2.5,1881.0,102.5
3518017,Clarington,Durham,2018,Total,1189.0,a,Excellent,1.5,1454.0,111.3
3518017,Clarington,Durham,2019,1 Bedroom,1231.0,b,Very good,17.2,1476.0,133.4
3518017,Clarington,Durham,2019,2 Bedroom,1347.0,a,Excellent,12.3,1615.0,125.8
3518017,Clarington,Durham,2019,3 Bedroom,1660.0,a,Excellent,7.9,1990.0,110.6
3518017,Clarington,Durham,2019,Total,1344.0,a,Excellent,13.0,1611.0,125.8
3518017,Clarington,Durham,2020,1 Bedroom,1133.0,a,Excellent,-8.0,1354.0,122.8
3518017,Clarington,Durham,2020,2 Bedroom,1327.0,a,Excellent,-1.5,1586.0,123.9
3518017,Clarington,Durham,2020,3 Bedroom,1745.0,a,Excellent,5.1,2085.0,116.3
3518017,Clarington,Durham,2020,Total,1306.0,a,Excellent,-2.8,1561.0,122.3
3518017,Clarington,Durham,2021,1 Bedroom,1146.0,a,Excellent,1.1,1332.0,124.2
3518017,Clarington,Durham,2021,2 Bedroom,1359.0,a,Excellent,2.4,1579.0,126.9
3518017,Clarington,Durham,2021,3 Bedroom,1736.0,b,Very good,-0.5,2017.0,115.7
3518017,Clarington,Durham,2021,Total,1267.0,a,Excellent,-3.0,1472.0,118.6
3518017,Clarington,Durham,2022,1 Bedroom,1110.0,b,Very good,-3.1,1211.0,120.3
3518017,Clarington,Durham,2022,2 Bedroom,1318.0,b,Very good,-3.0,1437.0,123.1
3518017,Clarington,Durham,2022,3 Bedroom,1697.0,b,Very good,-2.2,1851.0,113.1
3518017,Clarington,Durham,2022,Total,1296.0,b,Very good,2.3,1413.0,121.3
3518017,Clarington,Durham,2023,1 Bedroom,1403.0,b,Very good,26.4,1469.0,152.0
3518017,Clarington,Durham,2023,2 Bedroom,1595.0,a,Excellent,21.0,1670.0,148.9
3518017,Clarington,Durham,2023,3 Bedroom,1894.0,c,Good,11.6,1983.0,126.2
3518017,Clarington,Durham,2023,Total,1556.0,b,Very good,20.1,1629.0,145.7
3518017,Clarington,Durham,2024,2 Bedroom,1650.0,d,Poor - use with caution,3.4,1680.0,154.1
3518017,Clarington,Durham,2024,3 Bedroom,1977.0,a,Excellent,4.4,2013.0,131.7
3518017,Clarington,Durham,2024,Total,1563.0,c,Good,0.4,1591.0,146.3
3518017,Clarington,Durham,2025,1 Bedroom,1608.0,b,Very good,,1608.0,174.2
3518017,Clarington,Durham,2025,2 Bedroom,1788.0,b,Very good,8.4,1788.0,166.9
3518017,Clarington,Durham,2025,3 Bedroom,1973.0,b,Very good,-0.2,1973.0,131.4
3518017,Clarington,Durham,2025,Total,1728.0,a,Excellent,10.6,1728.0,161.8
3518020,Scugog,Durham,2008,1 Bedroom,741.0,a,Excellent,,1098.0,97.2
3518020,Scugog,Durham,2008,2 Bedroom,869.0,a,Excellent,,1288.0,92.9
3518020,Scugog,Durham,2008,Total,894.0,a,Excellent,,1325.0,87.1
3518020,Scugog,Durham,2009,1 Bedroom,755.0,a,Excellent,1.9,1114.0,99.1
3518020,Scugog,Durham,2009,2 Bedroom,906.0,a,Excellent,4.3,1337.0,96.9
3518020,Scugog,Durham,2009,Total,813.0,a,Excellent,-9.1,1200.0,79.2
3518020,Scugog,Durham,2010,1 Bedroom,779.0,a,Excellent,3.2,1121.0,102.2
3518020,Scugog,Durham,2010,2 Bedroom,921.0,a,Excellent,1.7,1326.0,98.5
3518020,Scugog,Durham,2010,Total,964.0,a,Excellent,18.6,1388.0,94.0
3518020,Scugog,Durham,2011,1 Bedroom,750.0,b,Very good,-3.7,1048.0,98.4
3518020,Scugog,Durham,2011,2 Bedroom,882.0,a,Excellent,-4.2,1232.0,94.3
3518020,Scugog,Durham,2011,Total,959.0,a,Excellent,-0.5,1340.0,93.5
3518020,Scugog,Durham,2012,1 Bedroom,832.0,a,Excellent,10.9,1145.0,109.2
3518020,Scugog,Durham,2012,2 Bedroom,958.0,a,Excellent,8.6,1318.0,102.5
3518020,Scugog,Durham,2012,Total,1001.0,a,Excellent,4.4,1378.0,97.6
3518020,Scugog,Durham,2013,1 Bedroom,820.0,a,Excellent,-1.4,1115.0,107.6
3518020,Scugog,Durham,2013,2 Bedroom,973.0,a,Excellent,1.6,1323.0,104.1
3518020,Scugog,Durham,2013,Total,1016.0,a,Excellent,1.5,1382.0,99.0
3518020,Scugog,Durham,2014,1 Bedroom,751.0,a,Excellent,-8.4,996.0,98.6
3518020,Scugog,Durham,2014,2 Bedroom,888.0,a,Excellent,-8.7,1178.0,95.0
3518020,Scugog,Durham,2014,Total,975.0,a,Excellent,-4.0,1294.0,95.0
3518020,Scugog,Durham,2015,1 Bedroom,762.0,b,Very good,1.5,996.0,100.0
3518020,Scugog,Durham,2015,2 Bedroom,935.0,a,Excellent,5.3,1222.0,100.0
3518020,Scugog,Durham,2015,Total,1026.0,a,Excellent,5.2,1340.0,100.0
3518020,Scugog,Durham,2016,1 Bedroom,748.0,b,Very good,-1.8,958.0,98.2
3518020,Scugog,Durham,2016,2 Bedroom,922.0,a,Excellent,-1.4,1180.0,98.6
3518020,Scugog,Durham,2016,Total,1027.0,a,Excellent,0.1,1315.0,100.1
3518020,Scugog,Durham,2017,1 Bedroom,853.0,b,Very good,14.0,1070.0,111.9
3518020,Scugog,Durham,2017,2 Bedroom,871.0,a,Excellent,-5.5,1092.0,93.2
3518020,Scugog,Durham,2017,Total,865.0,a,Excellent,-15.8,1085.0,84.3
3518020,Scugog,Durham,2018,1 Bedroom,841.0,b,Very good,-1.4,1029.0,110.4
3518020,Scugog,Durham,2018,2 Bedroom,876.0,b,Very good,0.6,1071.0,93.7
3518020,Scugog,Durham,2018,Total,858.0,b,Very good,-0.8,1049.0,83.6
3518020,Scugog,Durham,2019,1 Bedroom,839.0,b,Very good,-0.2,1006.0,110.1
3518020,Scugog,Durham,2019,2 Bedroom,1002.0,a,Excellent,14.4,1201.0,107.2
3518020,Scugog,Durham,2019,Total,1098.0,a,Excellent,28.0,1316.0,107.0
3518020,Scugog,Durham,2020,1 Bedroom,868.0,c,Good,3.5,1037.0,113.9
3518020,Scugog,Durham,2020,2 Bedroom,1064.0,b,Very good,6.2,1271.0,113.8
3518020,Scugog,Durham,2020,Total,1111.0,a,Excellent,1.2,1328.0,108.3
3518020,Scugog,Durham,2021,1 Bedroom,959.0,b,Very good,10.5,1114.0,125.9
3518020,Scugog,Durham,2021,2 Bedroom,1198.0,a,Excellent,12.6,1392.0,128.1
3518020,Scugog,Durham,2021,Total,1310.0,a,Excellent,17.9,1522.0,127.7
3518020,Scugog,Durham,2022,1 Bedroom,1112.0,d,Poor - use with caution,16.0,1213.0,145.9
3518020,Scugog,Durham,2022,2 Bedroom,1265.0,c,Good,5.6,1380.0,135.3
3518020,Scugog,Durham,2022,Total,1193.0,c,Good,-8.9,1301.0,116.3
3518020,Scugog,Durham,2023,1 Bedroom,1129.0,c,Good,1.5,1182.0,148.2
3518020,Scugog,Durham,2023,2 Bedroom,1244.0,b,Very good,-1.7,1302.0,133.0
3518020,Scugog,Durham,2023,Total,1314.0,a,Excellent,10.1,1376.0,128.1
3518020,Scugog,Durham,2024,1 Bedroom,1078.0,d,Poor - use with caution,-4.5,1098.0,141.5
3518020,Scugog,Durham,2024,2 Bedroom,1327.0,d,Poor - use with caution,6.7,1351.0,141.9
3518020,Scugog,Durham,2024,Total,1226.0,c,Good,-6.7,1248.0,119.5
3518020,Scugog,Durham,2025,1 Bedroom,1117.0,c,Good,3.6,1117.0,146.6
3518020,Scugog,Durham,2025,2 Bedroom,1452.0,c,Good,9.4,1452.0,155.3
3518020,Scugog,Durham,2025,Total,1436.0,a,Excellent,17.1,1436.0,140.0
3518029,Uxbridge,Durham,1990,1 Bedroom,586.0,b,Very good,,1245.0,57.7
3518029,Uxbridge,Durham,1990,2 Bedroom,683.0,b,Very good,,1451.0,57.2
3518029,Uxbridge,Durham,1990,Total,643.0,b,Very good,,1366.0,57.6
3518029,Uxbridge,Durham,1991,1 Bedroom,567.0,b,Very good,-3.2,1156.0,55.8
3518029,Uxbridge,Durham,1991,2 Bedroom,747.0,d,Poor - use with caution,9.4,1523.0,62.5
3518029,Uxbridge,Durham,1991,Total,661.0,c,Good,2.8,1348.0,59.2
3518029,Uxbridge,Durham,1992,1 Bedroom,581.0,b,Very good,2.5,1174.0,57.2
3518029,Uxbridge,Durham,1992,2 Bedroom,742.0,b,Very good,-0.7,1499.0,62.1
3518029,Uxbridge,Durham,1992,Total,677.0,b,Very good,2.4,1368.0,60.6
3518029,Uxbridge,Durham,1993,1 Bedroom,596.0,b,Very good,2.6,1186.0,58.7
3518029,Uxbridge,Durham,1993,2 Bedroom,737.0,c,Good,-0.7,1466.0,61.7
3518029,Uxbridge,Durham,1993,Total,678.0,c,Good,0.1,1349.0,60.7
3518029,Uxbridge,Durham,1994,1 Bedroom,604.0,b,Very good,1.3,1200.0,59.4
3518029,Uxbridge,Durham,1994,2 Bedroom,755.0,c,Good,2.4,1500.0,63.2
3518029,Uxbridge,Durham,1994,Total,698.0,c,Good,2.9,1387.0,62.5
3518029,Uxbridge,Durham,1995,1 Bedroom,667.0,c,Good,10.4,1293.0,65.6
3518029,Uxbridge,Durham,1995,2 Bedroom,787.0,c,Good,4.2,1526.0,65.9
3518029,Uxbridge,Durham,1995,Total,743.0,c,Good,6.4,1441.0,66.5
3518029,Uxbridge,Durham,1996,1 Bedroom,639.0,b,Very good,-4.2,1219.0,62.9
3518029,Uxbridge,Durham,1996,2 Bedroom,767.0,b,Very good,-2.5,1463.0,64.2
3518029,Uxbridge,Durham,1996,Total,718.0,b,Very good,-3.4,1370.0,64.3
3518029,Uxbridge,Durham,1997,1 Bedroom,627.0,b,Very good,-1.9,1175.0,61.7
3518029,Uxbridge,Durham,1997,2 Bedroom,769.0,b,Very good,0.3,1441.0,64.4
3518029,Uxbridge,Durham,1997,Total,714.0,b,Very good,-0.6,1338.0,63.9
3518029,Uxbridge,Durham,1998,1 Bedroom,646.0,a,Excellent,3.0,1198.0,63.6
3518029,Uxbridge,Durham,1998,2 Bedroom,781.0,b,Very good,1.6,1448.0,65.4
3518029,Uxbridge,Durham,1998,Total,728.0,b,Very good,2.0,1350.0,65.2
3518029,Uxbridge,Durham,1999,1 Bedroom,689.0,b,Very good,6.7,1253.0,67.8
3518029,Uxbridge,Durham,1999,2 Bedroom,853.0,b,Very good,9.2,1551.0,71.4
3518029,Uxbridge,Durham,1999,Total,798.0,b,Very good,9.6,1451.0,71.4
3518029,Uxbridge,Durham,2000,1 Bedroom,743.0,c,Good,7.8,1311.0,73.1
3518029,Uxbridge,Durham,2000,2 Bedroom,1011.0,c,Good,18.5,1784.0,84.6
3518029,Uxbridge,Durham,2000,Total,918.0,c,Good,15.0,1620.0,82.2
3518029,Uxbridge,Durham,2001,1 Bedroom,743.0,a,Excellent,0.0,1272.0,73.1
3518029,Uxbridge,Durham,2001,2 Bedroom,969.0,b,Very good,-4.2,1659.0,81.1
3518029,Uxbridge,Durham,2001,Total,874.0,a,Excellent,-4.8,1496.0,78.2
3518029,Uxbridge,Durham,2002,1 Bedroom,758.0,a,Excellent,2.0,1271.0,74.6
3518029,Uxbridge,Durham,2002,2 Bedroom,1028.0,b,Very good,6.1,1724.0,86.0
3518029,Uxbridge,Durham,2002,Total,928.0,a,Excellent,6.2,1556.0,83.1
3518029,Uxbridge,Durham,2003,1 Bedroom,976.0,c,Good,28.8,1588.0,96.1
3518029,Uxbridge,Durham,2003,2 Bedroom,1196.0,d,Poor - use with caution,16.3,1946.0,100.1
3518029,Uxbridge,Durham,2003,Total,1127.0,d,Poor - use with caution,21.4,1834.0,100.9
3518029,Uxbridge,Durham,2004,1 Bedroom,774.0,b,Very good,-20.7,1240.0,76.2
3518029,Uxbridge,Durham,2004,2 Bedroom,1052.0,b,Very good,-12.0,1685.0,88.0
3518029,Uxbridge,Durham,2004,Total,963.0,b,Very good,-14.6,1542.0,86.2
3518029,Uxbridge,Durham,2005,1 Bedroom,768.0,b,Very good,-0.8,1207.0,75.6
3518029,Uxbridge,Durham,2005,2 Bedroom,1135.0,b,Very good,7.9,1784.0,95.0
3518029,Uxbridge,Durham,2005,Total,993.0,c,Good,3.1,1561.0,88.9
3518029,Uxbridge,Durham,2006,1 Bedroom,839.0,a,Excellent,9.2,1298.0,82.6
3518029,Uxbridge,Durham,2006,2 Bedroom,1078.0,d,Poor - use with caution,-5.0,1668.0,90.2
3518029,Uxbridge,Durham,2006,Total,984.0,c,Good,-0.9,1522.0,88.1
3518029,Uxbridge,Durham,2007,1 Bedroom,877.0,c,Good,4.5,1331.0,86.3
3518029,Uxbridge,Durham,2007,Total,986.0,d,Poor - use with caution,0.2,1497.0,88.3
3518029,Uxbridge,Durham,2008,1 Bedroom,850.0,c,Good,-3.1,1260.0,83.7
3518029,Uxbridge,Durham,2008,2 Bedroom,1024.0,c,Good,,1518.0,85.7
3518029,Uxbridge,Durham,2008,3 Bedroom,1136.0,a,Excellent,,1684.0,
3518029,Uxbridge,Durham,2008,Total,969.0,c,Good,-1.7,1436.0,86.8
3518029,Uxbridge,Durham,2009,1 Bedroom,889.0,b,Very good,4.6,1312.0,87.5
3518029,Uxbridge,Durham,2009,2 Bedroom,1148.0,d,Poor - use with caution,12.1,1694.0,96.1
3518029,Uxbridge,Durham,2009,Total,1046.0,c,Good,7.9,1543.0,93.6
3518029,Uxbridge,Durham,2010,1 Bedroom,866.0,a,Excellent,-2.6,1247.0,85.2
3518029,Uxbridge,Durham,2010,2 Bedroom,1084.0,d,Poor - use with caution,-5.6,1560.0,90.7
3518029,Uxbridge,Durham,2010,Total,990.0,c,Good,-5.4,1425.0,88.6
3518029,Uxbridge,Durham,2012,1 Bedroom,952.0,a,Excellent,,1310.0,93.7
3518029,Uxbridge,Durham,2012,2 Bedroom,1179.0,d,Poor - use with caution,,1623.0,98.7
3518029,Uxbridge,Durham,2012,Total,1090.0,c,Good,,1500.0,97.6
3518029,Uxbridge,Durham,2013,1 Bedroom,982.0,a,Excellent,3.2,1336.0,96.7
3518029,Uxbridge,Durham,2013,2 Bedroom,1440.0,c,Good,22.1,1959.0,120.5
3518029,Uxbridge,Durham,2013,3 Bedroom,1799.0,a,Excellent,,2447.0,
3518029,Uxbridge,Durham,2013,Total,1273.0,b,Very good,16.8,1732.0,114.0
3518029,Uxbridge,Durham,2014,1 Bedroom,981.0,b,Very good,-0.1,1302.0,96.6
3518029,Uxbridge,Durham,2014,2 Bedroom,1179.0,c,Good,-18.1,1564.0,98.7
3518029,Uxbridge,Durham,2014,Total,1094.0,b,Very good,-14.1,1451.0,97.9
3518029,Uxbridge,Durham,2015,1 Bedroom,1016.0,b,Very good,3.6,1327.0,100.0
3518029,Uxbridge,Durham,2015,2 Bedroom,1195.0,c,Good,1.4,1561.0,100.0
3518029,Uxbridge,Durham,2015,Total,1117.0,c,Good,2.1,1459.0,100.0
3518029,Uxbridge,Durham,2016,1 Bedroom,1049.0,c,Good,3.2,1343.0,103.2
3518029,Uxbridge,Durham,2016,2 Bedroom,1207.0,d,Poor - use with caution,1.0,1545.0,101.0
3518029,Uxbridge,Durham,2016,Total,1143.0,c,Good,2.3,1463.0,102.3
3518029,Uxbridge,Durham,2017,1 Bedroom,1086.0,c,Good,3.5,1362.0,106.9
3518029,Uxbridge,Durham,2017,2 Bedroom,1355.0,d,Poor - use with caution,12.3,1700.0,113.4
3518029,Uxbridge,Durham,2017,3 Bedroom,1302.0,c,Good,,1633.0,
3518029,Uxbridge,Durham,2017,Total,1227.0,d,Poor - use with caution,7.3,1539.0,109.8
3518029,Uxbridge,Durham,2019,1 Bedroom,1102.0,b,Very good,,1321.0,108.5
3518029,Uxbridge,Durham,2019,2 Bedroom,1505.0,d,Poor - use with caution,,1804.0,125.9
3518029,Uxbridge,Durham,2019,Total,1293.0,c,Good,,1550.0,115.8
3518029,Uxbridge,Durham,2020,1 Bedroom,1174.0,c,Good,6.5,1403.0,115.6
3518029,Uxbridge,Durham,2020,2 Bedroom,1398.0,d,Poor - use with caution,-7.1,1671.0,117.0
3518029,Uxbridge,Durham,2020,Total,1285.0,d,Poor - use with caution,-0.6,1536.0,115.0
3518029,Uxbridge,Durham,2021,1 Bedroom,1249.0,c,Good,6.4,1451.0,122.9
3518029,Uxbridge,Durham,2021,2 Bedroom,1501.0,d,Poor - use with caution,7.4,1744.0,125.6
3518029,Uxbridge,Durham,2021,Total,1394.0,d,Poor - use with caution,8.5,1620.0,124.8
3518029,Uxbridge,Durham,2022,1 Bedroom,1389.0,b,Very good,11.2,1515.0,136.7
3518029,Uxbridge,Durham,2022,2 Bedroom,1575.0,d,Poor - use with caution,4.9,1718.0,131.8
3518029,Uxbridge,Durham,2022,Total,1455.0,c,Good,4.4,1587.0,130.3
3518029,Uxbridge,Durham,2023,1 Bedroom,1320.0,b,Very good,-5.0,1382.0,129.9
3518029,Uxbridge,Durham,2023,2 Bedroom,1755.0,d,Poor - use with caution,11.4,1837.0,146.9
3518029,Uxbridge,Durham,2023,Total,1535.0,d,Poor - use with caution,5.5,1607.0,137.4
3518029,Uxbridge,Durham,2024,2 Bedroom,1933.0,d,Poor - use with caution,10.1,1968.0,161.8
3518039,Brock,Durham,2008,1 Bedroom,695.0,a,Excellent,,1030.0,95.9
3518039,Brock,Durham,2008,2 Bedroom,766.0,a,Excellent,,1135.0,92.7
3518039,Brock,Durham,2008,Total,750.0,a,Excellent,,1112.0,93.9
3518039,Brock,Durham,2009,1 Bedroom,647.0,b,Very good,-6.9,955.0,89.2
3518039,Brock,Durham,2009,2 Bedroom,760.0,a,Excellent,-0.8,1121.0,92.0
3518039,Brock,Durham,2009,3 Bedroom,850.0,c,Good,,1254.0,
3518039,Brock,Durham,2009,Total,743.0,a,Excellent,-0.9,1096.0,93.0
3518039,Brock,Durham,2010,1 Bedroom,618.0,a,Excellent,-4.5,890.0,85.2
3518039,Brock,Durham,2010,2 Bedroom,780.0,a,Excellent,2.6,1123.0,94.4
3518039,Brock,Durham,2010,Total,731.0,a,Excellent,-1.6,1052.0,91.5
3518039,Brock,Durham,2011,1 Bedroom,644.0,b,Very good,4.2,900.0,88.8
3518039,Brock,Durham,2011,2 Bedroom,777.0,a,Excellent,-0.4,1086.0,94.1
3518039,Brock,Durham,2011,Total,739.0,a,Excellent,1.1,1033.0,92.5
3518039,Brock,Durham,2012,1 Bedroom,677.0,a,Excellent,5.1,932.0,93.4
3518039,Brock,Durham,2012,2 Bedroom,747.0,a,Excellent,-3.9,1028.0,90.4
3518039,Brock,Durham,2012,Total,746.0,a,Excellent,0.9,1027.0,93.4
3518039,Brock,Durham,2013,1 Bedroom,697.0,a,Excellent,3.0,948.0,96.1
3518039,Brock,Durham,2013,2 Bedroom,804.0,a,Excellent,7.6,1094.0,97.3
3518039,Brock,Durham,2013,Total,775.0,a,Excellent,3.9,1054.0,97.0
3518039,Brock,Durham,2014,1 Bedroom,857.0,b,Very good,23.0,1137.0,118.2
3518039,Brock,Durham,2014,2 Bedroom,864.0,b,Very good,7.5,1146.0,104.6
3518039,Brock,Durham,2014,Total,872.0,a,Excellent,12.5,1157.0,109.1
3518039,Brock,Durham,2015,1 Bedroom,725.0,a,Excellent,-15.4,947.0,100.0
3518039,Brock,Durham,2015,2 Bedroom,826.0,a,Excellent,-4.4,1079.0,100.0
3518039,Brock,Durham,2015,Total,799.0,a,Excellent,-8.4,1044.0,100.0
3518039,Brock,Durham,2016,1 Bedroom,803.0,a,Excellent,10.8,1028.0,110.8
3518039,Brock,Durham,2016,2 Bedroom,886.0,a,Excellent,7.3,1134.0,107.3
3518039,Brock,Durham,2016,Total,863.0,a,Excellent,8.0,1105.0,108.0
3518039,Brock,Durham,2017,1 Bedroom,823.0,a,Excellent,2.5,1032.0,113.5
3518039,Brock,Durham,2017,2 Bedroom,930.0,a,Excellent,5.0,1166.0,112.6
3518039,Brock,Durham,2017,Total,900.0,a,Excellent,4.3,1129.0,112.6
3518039,Brock,Durham,2018,1 Bedroom,862.0,a,Excellent,4.7,1054.0,118.9
3518039,Brock,Durham,2018,2 Bedroom,927.0,a,Excellent,-0.3,1134.0,112.2
3518039,Brock,Durham,2018,Total,908.0,a,Excellent,0.9,1111.0,113.6
3518039,Brock,Durham,2019,1 Bedroom,871.0,a,Excellent,1.0,1044.0,120.1
3518039,Brock,Durham,2019,2 Bedroom,1009.0,a,Excellent,8.8,1210.0,122.2
3518039,Brock,Durham,2019,Total,938.0,a,Excellent,3.3,1125.0,117.4
3518039,Brock,Durham,2020,1 Bedroom,919.0,a,Excellent,5.5,1098.0,126.8
3518039,Brock,Durham,2020,2 Bedroom,1007.0,a,Excellent,-0.2,1203.0,121.9
3518039,Brock,Durham,2020,Total,983.0,a,Excellent,4.8,1175.0,123.0
3518039,Brock,Durham,2021,1 Bedroom,888.0,a,Excellent,-3.4,1032.0,122.5
3518039,Brock,Durham,2021,2 Bedroom,909.0,a,Excellent,-9.7,1056.0,110.0
3518039,Brock,Durham,2021,Total,901.0,a,Excellent,-8.3,1047.0,112.8
3518039,Brock,Durham,2022,1 Bedroom,1015.0,a,Excellent,14.3,1107.0,140.0
3518039,Brock,Durham,2022,2 Bedroom,876.0,a,Excellent,-3.6,955.0,106.1
3518039,Brock,Durham,2022,Total,905.0,a,Excellent,0.4,987.0,113.3
3518039,Brock,Durham,2023,1 Bedroom,1258.0,a,Excellent,23.9,1317.0,173.5
3518039,Brock,Durham,2023,2 Bedroom,1196.0,b,Very good,36.5,1252.0,144.8
3518039,Brock,Durham,2023,Total,1203.0,b,Very good,32.9,1259.0,150.6
3518039,Brock,Durham,2024,1 Bedroom,1069.0,b,Very good,-15.0,1088.0,147.4
3518039,Brock,Durham,2024,2 Bedroom,1050.0,b,Very good,-12.2,1069.0,127.1
3518039,Brock,Durham,2024,Total,1050.0,a,Excellent,-12.7,1069.0,131.4
3518039,Brock,Durham,2025,1 Bedroom,1030.0,b,Very good,-3.6,1030.0,142.1
3518039,Brock,Durham,2025,2 Bedroom,1296.0,a,Excellent,23.4,1296.0,156.9
3518039,Brock,Durham,2025,Total,1222.0,a,Excellent,16.4,1222.0,152.9
3519036,Markham,York,1990,1 Bedroom,497.0,a,Excellent,,1056.0,45.5
3519036,Markham,York,1990,2 Bedroom,529.0,a,Excellent,,1124.0,42.1
3519036,Markham,York,1990,3 Bedroom,610.0,a,Excellent,,1296.0,43.5
3519036,Markham,York,1990,Studio,422.0,a,Excellent,,896.0,
3519036,Markham,York,1990,Total,519.0,a,Excellent,,1103.0,43.4
3519036,Markham,York,1991,1 Bedroom,493.0,a,Excellent,-0.8,1005.0,45.1
3519036,Markham,York,1991,2 Bedroom,562.0,a,Excellent,6.2,1146.0,44.7
3519036,Markham,York,1991,3 Bedroom,668.0,a,Excellent,9.5,1362.0,47.7
3519036,Markham,York,1991,Studio,496.0,a,Excellent,17.5,1011.0,
3519036,Markham,York,1991,Total,540.0,a,Excellent,4.0,1101.0,45.1
3519036,Markham,York,1992,1 Bedroom,529.0,a,Excellent,7.3,1069.0,48.4
3519036,Markham,York,1992,2 Bedroom,594.0,a,Excellent,5.7,1200.0,47.3
3519036,Markham,York,1992,3 Bedroom,830.0,a,Excellent,24.3,1677.0,59.2
3519036,Markham,York,1992,Studio,445.0,a,Excellent,-10.3,899.0,
3519036,Markham,York,1992,Total,587.0,a,Excellent,8.7,1186.0,49.0
3519036,Markham,York,1993,1 Bedroom,555.0,a,Excellent,4.9,1104.0,50.8
3519036,Markham,York,1993,2 Bedroom,624.0,a,Excellent,5.1,1241.0,49.6
3519036,Markham,York,1993,3 Bedroom,849.0,a,Excellent,2.3,1689.0,60.6
3519036,Markham,York,1993,Studio,509.0,a,Excellent,14.4,1013.0,
3519036,Markham,York,1993,Total,615.0,a,Excellent,4.8,1223.0,51.4
3519036,Markham,York,1994,1 Bedroom,565.0,a,Excellent,1.8,1123.0,51.7
3519036,Markham,York,1994,2 Bedroom,650.0,a,Excellent,4.2,1292.0,51.7
3519036,Markham,York,1994,3 Bedroom,863.0,a,Excellent,1.6,1715.0,61.6
3519036,Markham,York,1994,Studio,486.0,a,Excellent,-4.5,966.0,
3519036,Markham,York,1994,Total,633.0,a,Excellent,2.9,1258.0,52.9
3519036,Markham,York,1995,1 Bedroom,600.0,a,Excellent,6.2,1164.0,54.9
3519036,Markham,York,1995,2 Bedroom,680.0,a,Excellent,4.6,1319.0,54.1
3519036,Markham,York,1995,3 Bedroom,878.0,a,Excellent,1.7,1703.0,62.7
3519036,Markham,York,1995,Studio,503.0,a,Excellent,3.5,975.0,
3519036,Markham,York,1995,Total,664.0,a,Excellent,4.9,1288.0,55.5
3519036,Markham,York,1996,1 Bedroom,621.0,a,Excellent,3.5,1185.0,56.9
3519036,Markham,York,1996,2 Bedroom,704.0,a,Excellent,3.5,1343.0,56.0
3519036,Markham,York,1996,3 Bedroom,1004.0,a,Excellent,14.4,1915.0,71.7
3519036,Markham,York,1996,Studio,542.0,a,Excellent,7.8,1034.0,
3519036,Markham,York,1996,Total,694.0,a,Excellent,4.5,1324.0,58.0
3519036,Markham,York,1997,1 Bedroom,624.0,a,Excellent,0.5,1169.0,57.1
3519036,Markham,York,1997,2 Bedroom,728.0,a,Excellent,3.4,1364.0,57.9
3519036,Markham,York,1997,3 Bedroom,896.0,a,Excellent,-10.8,1679.0,64.0
3519036,Markham,York,1997,Studio,532.0,a,Excellent,-1.8,997.0,
3519036,Markham,York,1997,Total,696.0,a,Excellent,0.3,1304.0,58.1
3519036,Markham,York,1998,1 Bedroom,657.0,a,Excellent,5.3,1218.0,60.2
3519036,Markham,York,1998,2 Bedroom,765.0,a,Excellent,5.1,1418.0,60.9
3519036,Markham,York,1998,3 Bedroom,957.0,a,Excellent,6.8,1774.0,68.3
3519036,Markham,York,1998,Studio,529.0,a,Excellent,-0.6,981.0,
3519036,Markham,York,1998,Total,733.0,a,Excellent,5.3,1359.0,61.2
3519036,Markham,York,1999,1 Bedroom,751.0,a,Excellent,14.3,1366.0,68.8
3519036,Markham,York,1999,2 Bedroom,836.0,a,Excellent,9.3,1520.0,66.5
3519036,Markham,York,1999,3 Bedroom,967.0,a,Excellent,1.0,1758.0,69.0
3519036,Markham,York,1999,Studio,562.0,a,Excellent,6.2,1022.0,
3519036,Markham,York,1999,Total,799.0,a,Excellent,9.0,1453.0,66.8
3519036,Markham,York,2000,1 Bedroom,729.0,a,Excellent,-2.9,1287.0,66.8
3519036,Markham,York,2000,2 Bedroom,855.0,a,Excellent,2.3,1509.0,68.0
3519036,Markham,York,2000,3 Bedroom,1069.0,a,Excellent,10.5,1887.0,76.3
3519036,Markham,York,2000,Studio,571.0,a,Excellent,1.6,1008.0,
3519036,Markham,York,2000,Total,818.0,a,Excellent,2.4,1444.0,68.3
3519036,Markham,York,2001,1 Bedroom,841.0,a,Excellent,15.4,1439.0,77.0
3519036,Markham,York,2001,2 Bedroom,962.0,a,Excellent,12.5,1647.0,76.5
3519036,Markham,York,2001,3 Bedroom,1131.0,a,Excellent,5.8,1936.0,80.7
3519036,Markham,York,2001,Studio,604.0,c,Good,5.8,1034.0,
3519036,Markham,York,2001,Total,929.0,a,Excellent,13.6,1590.0,77.6
3519036,Markham,York,2002,1 Bedroom,829.0,a,Excellent,-1.4,1390.0,75.9
3519036,Markham,York,2002,2 Bedroom,982.0,a,Excellent,2.1,1647.0,78.1
3519036,Markham,York,2002,3 Bedroom,1128.0,a,Excellent,-0.3,1891.0,80.5
3519036,Markham,York,2002,Studio,607.0,a,Excellent,0.5,1018.0,
3519036,Markham,York,2002,Total,928.0,a,Excellent,-0.1,1556.0,77.5
3519036,Markham,York,2003,1 Bedroom,886.0,a,Excellent,6.9,1442.0,81.1
3519036,Markham,York,2003,2 Bedroom,1025.0,a,Excellent,4.4,1668.0,81.5
3519036,Markham,York,2003,3 Bedroom,1184.0,a,Excellent,5.0,1927.0,84.5
3519036,Markham,York,2003,Studio,665.0,a,Excellent,9.6,1082.0,
3519036,Markham,York,2003,Total,976.0,a,Excellent,5.2,1588.0,81.5
3519036,Markham,York,2004,1 Bedroom,875.0,a,Excellent,-1.2,1401.0,80.1
3519036,Markham,York,2004,2 Bedroom,1028.0,a,Excellent,0.3,1646.0,81.8
3519036,Markham,York,2004,3 Bedroom,1257.0,a,Excellent,6.2,2013.0,89.7
3519036,Markham,York,2004,Studio,627.0,a,Excellent,-5.7,1004.0,
3519036,Markham,York,2004,Total,1004.0,a,Excellent,2.9,1608.0,83.9
3519036,Markham,York,2005,1 Bedroom,903.0,a,Excellent,3.2,1420.0,82.7
3519036,Markham,York,2005,2 Bedroom,1037.0,a,Excellent,0.9,1630.0,82.5
3519036,Markham,York,2005,3 Bedroom,1239.0,a,Excellent,-1.4,1948.0,88.4
3519036,Markham,York,2005,Studio,625.0,a,Excellent,-0.3,983.0,
3519036,Markham,York,2005,Total,995.0,a,Excellent,-0.9,1564.0,83.1
3519036,Markham,York,2006,1 Bedroom,924.0,a,Excellent,2.3,1429.0,84.6
3519036,Markham,York,2006,2 Bedroom,1083.0,a,Excellent,4.4,1675.0,86.2
3519036,Markham,York,2006,3 Bedroom,1249.0,a,Excellent,0.8,1932.0,89.2
3519036,Markham,York,2006,Studio,621.0,a,Excellent,-0.6,961.0,
3519036,Markham,York,2006,Total,1019.0,a,Excellent,2.4,1576.0,85.1
3519036,Markham,York,2007,1 Bedroom,909.0,a,Excellent,-1.6,1380.0,83.2
3519036,Markham,York,2007,2 Bedroom,1049.0,a,Excellent,-3.1,1592.0,83.5
3519036,Markham,York,2007,3 Bedroom,1177.0,b,Very good,-5.8,1787.0,84.0
3519036,Markham,York,2007,Total,998.0,a,Excellent,-2.1,1515.0,83.4
3519036,Markham,York,2008,1 Bedroom,944.0,a,Excellent,3.9,1399.0,86.4
3519036,Markham,York,2008,2 Bedroom,1103.0,a,Excellent,5.1,1635.0,87.7
3519036,Markham,York,2008,3 Bedroom,1296.0,a,Excellent,10.1,1921.0,92.5
3519036,Markham,York,2008,Total,1067.0,a,Excellent,6.9,1581.0,89.1
3519036,Markham,York,2009,1 Bedroom,931.0,b,Very good,-1.4,1374.0,85.3
3519036,Markham,York,2009,2 Bedroom,1056.0,b,Very good,-4.3,1558.0,84.0
3519036,Markham,York,2009,3 Bedroom,1220.0,b,Very good,-5.9,1800.0,87.1
3519036,Markham,York,2009,Total,997.0,b,Very good,-6.6,1471.0,83.3
3519036,Markham,York,2010,1 Bedroom,934.0,a,Excellent,0.3,1344.0,85.5
3519036,Markham,York,2010,2 Bedroom,1059.0,a,Excellent,0.3,1524.0,84.2
3519036,Markham,York,2010,3 Bedroom,1305.0,a,Excellent,7.0,1879.0,93.1
3519036,Markham,York,2010,Studio,701.0,a,Excellent,,1009.0,
3519036,Markham,York,2010,Total,1026.0,a,Excellent,2.9,1477.0,85.7
3519036,Markham,York,2011,1 Bedroom,985.0,a,Excellent,5.5,1376.0,90.2
3519036,Markham,York,2011,2 Bedroom,1124.0,a,Excellent,6.1,1571.0,89.4
3519036,Markham,York,2011,3 Bedroom,1416.0,a,Excellent,8.5,1979.0,101.1
3519036,Markham,York,2011,Total,1078.0,a,Excellent,5.1,1506.0,90.1
3519036,Markham,York,2012,1 Bedroom,986.0,a,Excellent,0.1,1357.0,90.3
3519036,Markham,York,2012,2 Bedroom,1149.0,a,Excellent,2.2,1581.0,91.4
3519036,Markham,York,2012,3 Bedroom,1518.0,a,Excellent,7.2,2089.0,108.4
3519036,Markham,York,2012,Studio,716.0,a,Excellent,,985.0,
3519036,Markham,York,2012,Total,1097.0,a,Excellent,1.8,1510.0,91.6
3519036,Markham,York,2013,1 Bedroom,1029.0,a,Excellent,4.4,1400.0,94.2
3519036,Markham,York,2013,2 Bedroom,1183.0,a,Excellent,3.0,1609.0,94.1
3519036,Markham,York,2013,3 Bedroom,1333.0,a,Excellent,-12.2,1813.0,95.1
3519036,Markham,York,2013,Studio,773.0,a,Excellent,8.0,1051.0,
3519036,Markham,York,2013,Total,1128.0,a,Excellent,2.8,1534.0,94.2
3519036,Markham,York,2014,1 Bedroom,1031.0,a,Excellent,0.2,1368.0,94.4
3519036,Markham,York,2014,2 Bedroom,1191.0,a,Excellent,0.7,1580.0,94.7
3519036,Markham,York,2014,3 Bedroom,1617.0,a,Excellent,21.3,2145.0,115.4
3519036,Markham,York,2014,Total,1145.0,a,Excellent,1.5,1519.0,95.7
3519036,Markham,York,2015,1 Bedroom,1092.0,a,Excellent,5.9,1427.0,100.0
3519036,Markham,York,2015,2 Bedroom,1257.0,a,Excellent,5.5,1642.0,100.0
3519036,Markham,York,2015,3 Bedroom,1401.0,a,Excellent,-13.4,1830.0,100.0
3519036,Markham,York,2015,Total,1197.0,a,Excellent,4.5,1564.0,100.0
3519036,Markham,York,2016,1 Bedroom,1149.0,a,Excellent,5.2,1471.0,105.2
3519036,Markham,York,2016,2 Bedroom,1271.0,a,Excellent,1.1,1627.0,101.1
3519036,Markham,York,2016,3 Bedroom,1362.0,a,Excellent,-2.8,1744.0,97.2
3519036,Markham,York,2016,Total,1228.0,a,Excellent,2.6,1572.0,102.6
3519036,Markham,York,2017,1 Bedroom,1234.0,a,Excellent,7.4,1548.0,113.0
3519036,Markham,York,2017,2 Bedroom,1394.0,a,Excellent,9.7,1748.0,110.9
3519036,Markham,York,2017,3 Bedroom,1544.0,a,Excellent,13.4,1937.0,110.2
3519036,Markham,York,2017,Total,1339.0,a,Excellent,9.0,1679.0,111.9
3519036,Markham,York,2018,1 Bedroom,1213.0,a,Excellent,-1.7,1484.0,111.1
3519036,Markham,York,2018,2 Bedroom,1408.0,a,Excellent,1.0,1722.0,112.0
3519036,Markham,York,2018,3 Bedroom,1538.0,a,Excellent,-0.4,1881.0,109.8
3519036,Markham,York,2018,Total,1337.0,a,Excellent,-0.1,1635.0,111.7
3519036,Markham,York,2019,1 Bedroom,1373.0,a,Excellent,13.2,1646.0,125.7
3519036,Markham,York,2019,2 Bedroom,1544.0,a,Excellent,9.7,1851.0,122.8
3519036,Markham,York,2019,3 Bedroom,1639.0,a,Excellent,6.6,1965.0,117.0
3519036,Markham,York,2019,Studio,1029.0,b,Very good,,1234.0,
3519036,Markham,York,2019,Total,1483.0,a,Excellent,10.9,1778.0,123.9
3519036,Markham,York,2020,1 Bedroom,1439.0,a,Excellent,4.8,1720.0,131.8
3519036,Markham,York,2020,2 Bedroom,1600.0,a,Excellent,3.6,1912.0,127.3
3519036,Markham,York,2020,3 Bedroom,1668.0,a,Excellent,1.8,1993.0,119.1
3519036,Markham,York,2020,Total,1541.0,a,Excellent,3.9,1841.0,128.7
3519036,Markham,York,2021,1 Bedroom,1421.0,a,Excellent,-1.3,1651.0,130.1
3519036,Markham,York,2021,2 Bedroom,1547.0,a,Excellent,-3.3,1798.0,123.1
3519036,Markham,York,2021,3 Bedroom,1727.0,a,Excellent,3.5,2007.0,123.3
3519036,Markham,York,2021,Total,1503.0,a,Excellent,-2.5,1747.0,125.6
3519036,Markham,York,2022,1 Bedroom,1431.0,a,Excellent,0.7,1561.0,131.0
3519036,Markham,York,2022,2 Bedroom,1593.0,a,Excellent,3.0,1737.0,126.7
3519036,Markham,York,2022,3 Bedroom,1995.0,a,Excellent,15.5,2176.0,142.4
3519036,Markham,York,2022,Total,1554.0,a,Excellent,3.4,1695.0,129.8
3519036,Markham,York,2023,1 Bedroom,1541.0,a,Excellent,7.7,1613.0,141.1
3519036,Markham,York,2023,2 Bedroom,1677.0,a,Excellent,5.3,1756.0,133.4
3519036,Markham,York,2023,3 Bedroom,1880.0,a,Excellent,-5.8,1968.0,134.2
3519036,Markham,York,2023,Total,1630.0,a,Excellent,4.9,1707.0,136.2
3519036,Markham,York,2024,1 Bedroom,1742.0,a,Excellent,13.0,1774.0,159.5
3519036,Markham,York,2024,2 Bedroom,1893.0,a,Excellent,12.9,1927.0,150.6
3519036,Markham,York,2024,3 Bedroom,1984.0,a,Excellent,5.5,2020.0,141.6
3519036,Markham,York,2024,Total,1831.0,a,Excellent,12.3,1864.0,153.0
3519036,Markham,York,2025,1 Bedroom,1885.0,b,Very good,8.2,1885.0,172.6
3519036,Markham,York,2025,2 Bedroom,1996.0,c,Good,5.4,1996.0,158.8
3519036,Markham,York,2025,3 Bedroom,1969.0,a,Excellent,-0.8,1969.0,140.5
3519036,Markham,York,2025,Total,1942.0,b,Very good,6.1,1942.0,162.2
3519038,Richmond Hill,York,1990,1 Bedroom,543.0,a,Excellent,,1153.0,47.2
3519038,Richmond Hill,York,1990,2 Bedroom,636.0,a,Excellent,,1351.0,47.1
3519038,Richmond Hill,York,1990,3 Bedroom,799.0,a,Excellent,,1697.0,52.0
3519038,Richmond Hill,York,1990,Studio,456.0,a,Excellent,,969.0,50.7
3519038,Richmond Hill,York,1990,Total,601.0,a,Excellent,,1277.0,47.5
3519038,Richmond Hill,York,1991,1 Bedroom,551.0,b,Very good,1.5,1124.0,47.9
3519038,Richmond Hill,York,1991,2 Bedroom,641.0,a,Excellent,0.8,1307.0,47.5
3519038,Richmond Hill,York,1991,3 Bedroom,833.0,c,Good,4.3,1699.0,54.2
3519038,Richmond Hill,York,1991,Studio,480.0,c,Good,5.3,979.0,53.3
3519038,Richmond Hill,York,1991,Total,610.0,a,Excellent,1.5,1244.0,48.2
3519038,Richmond Hill,York,1992,1 Bedroom,579.0,a,Excellent,5.1,1170.0,50.3
3519038,Richmond Hill,York,1992,2 Bedroom,686.0,a,Excellent,7.0,1386.0,50.9
3519038,Richmond Hill,York,1992,3 Bedroom,868.0,a,Excellent,4.2,1754.0,56.4
3519038,Richmond Hill,York,1992,Studio,517.0,a,Excellent,7.7,1045.0,57.4
3519038,Richmond Hill,York,1992,Total,648.0,a,Excellent,6.2,1310.0,51.2
3519038,Richmond Hill,York,1993,1 Bedroom,613.0,a,Excellent,5.9,1219.0,53.3
3519038,Richmond Hill,York,1993,2 Bedroom,707.0,a,Excellent,3.1,1406.0,52.4
3519038,Richmond Hill,York,1993,3 Bedroom,865.0,a,Excellent,-0.3,1721.0,56.2
3519038,Richmond Hill,York,1993,Studio,528.0,a,Excellent,2.1,1050.0,58.7
3519038,Richmond Hill,York,1993,Total,670.0,a,Excellent,3.4,1333.0,53.0
3519038,Richmond Hill,York,1994,1 Bedroom,641.0,a,Excellent,4.6,1274.0,55.7
3519038,Richmond Hill,York,1994,2 Bedroom,731.0,a,Excellent,3.4,1453.0,54.2
3519038,Richmond Hill,York,1994,3 Bedroom,906.0,a,Excellent,4.7,1800.0,58.9
3519038,Richmond Hill,York,1994,Studio,545.0,a,Excellent,3.2,1083.0,60.6
3519038,Richmond Hill,York,1994,Total,697.0,a,Excellent,4.0,1385.0,55.1
3519038,Richmond Hill,York,1995,1 Bedroom,651.0,a,Excellent,1.6,1262.0,56.6
3519038,Richmond Hill,York,1995,2 Bedroom,749.0,a,Excellent,2.5,1453.0,55.5
3519038,Richmond Hill,York,1995,3 Bedroom,937.0,a,Excellent,3.4,1817.0,60.9
3519038,Richmond Hill,York,1995,Studio,545.0,a,Excellent,0.0,1057.0,60.6
3519038,Richmond Hill,York,1995,Total,712.0,a,Excellent,2.2,1381.0,56.3
3519038,Richmond Hill,York,1996,1 Bedroom,676.0,a,Excellent,3.8,1289.0,58.8
3519038,Richmond Hill,York,1996,2 Bedroom,772.0,a,Excellent,3.1,1473.0,57.2
3519038,Richmond Hill,York,1996,3 Bedroom,967.0,a,Excellent,3.2,1845.0,62.9
3519038,Richmond Hill,York,1996,Studio,551.0,a,Excellent,1.1,1051.0,61.2
3519038,Richmond Hill,York,1996,Total,735.0,a,Excellent,3.2,1402.0,58.1
3519038,Richmond Hill,York,1997,1 Bedroom,679.0,a,Excellent,0.4,1272.0,59.0
3519038,Richmond Hill,York,1997,2 Bedroom,787.0,a,Excellent,1.9,1475.0,58.3
3519038,Richmond Hill,York,1997,3 Bedroom,980.0,a,Excellent,1.3,1836.0,63.7
3519038,Richmond Hill,York,1997,Studio,580.0,a,Excellent,5.3,1087.0,64.4
3519038,Richmond Hill,York,1997,Total,746.0,a,Excellent,1.5,1398.0,59.0
3519038,Richmond Hill,York,1998,1 Bedroom,708.0,a,Excellent,4.3,1313.0,61.6
3519038,Richmond Hill,York,1998,2 Bedroom,829.0,a,Excellent,5.3,1537.0,61.5
3519038,Richmond Hill,York,1998,3 Bedroom,1026.0,a,Excellent,4.7,1902.0,66.7
3519038,Richmond Hill,York,1998,Studio,589.0,a,Excellent,1.6,1092.0,65.4
3519038,Richmond Hill,York,1998,Total,782.0,a,Excellent,4.8,1450.0,61.8
3519038,Richmond Hill,York,1999,1 Bedroom,735.0,a,Excellent,3.8,1336.0,63.9
3519038,Richmond Hill,York,1999,2 Bedroom,850.0,a,Excellent,2.5,1546.0,63.0
3519038,Richmond Hill,York,1999,3 Bedroom,1053.0,a,Excellent,2.6,1915.0,68.5
3519038,Richmond Hill,York,1999,Studio,621.0,a,Excellent,5.4,1129.0,69.0
3519038,Richmond Hill,York,1999,Total,806.0,a,Excellent,3.1,1466.0,63.7
3519038,Richmond Hill,York,2000,1 Bedroom,794.0,a,Excellent,8.0,1401.0,69.0
3519038,Richmond Hill,York,2000,2 Bedroom,923.0,a,Excellent,8.6,1629.0,68.4
3519038,Richmond Hill,York,2000,3 Bedroom,1143.0,a,Excellent,8.5,2017.0,74.3
3519038,Richmond Hill,York,2000,Studio,706.0,a,Excellent,13.7,1246.0,78.4
3519038,Richmond Hill,York,2000,Total,882.0,a,Excellent,9.4,1557.0,69.7
3519038,Richmond Hill,York,2001,1 Bedroom,813.0,a,Excellent,2.4,1392.0,70.7
3519038,Richmond Hill,York,2001,2 Bedroom,958.0,a,Excellent,3.8,1640.0,71.0
3519038,Richmond Hill,York,2001,3 Bedroom,1187.0,b,Very good,3.8,2032.0,77.2
3519038,Richmond Hill,York,2001,Studio,703.0,a,Excellent,-0.4,1203.0,78.1
3519038,Richmond Hill,York,2001,Total,894.0,a,Excellent,1.4,1530.0,70.7
3519038,Richmond Hill,York,2002,1 Bedroom,862.0,a,Excellent,6.0,1445.0,75.0
3519038,Richmond Hill,York,2002,2 Bedroom,1010.0,a,Excellent,5.4,1693.0,74.9
3519038,Richmond Hill,York,2002,3 Bedroom,1290.0,b,Very good,8.7,2163.0,83.9
3519038,Richmond Hill,York,2002,Studio,723.0,b,Very good,2.8,1212.0,80.3
3519038,Richmond Hill,York,2002,Total,946.0,a,Excellent,5.8,1586.0,74.8
3519038,Richmond Hill,York,2003,1 Bedroom,835.0,a,Excellent,-3.1,1359.0,72.6
3519038,Richmond Hill,York,2003,2 Bedroom,943.0,a,Excellent,-6.6,1534.0,69.9
3519038,Richmond Hill,York,2003,3 Bedroom,1077.0,b,Very good,-16.5,1753.0,70.0
3519038,Richmond Hill,York,2003,Studio,710.0,b,Very good,-1.8,1155.0,78.9
3519038,Richmond Hill,York,2003,Total,889.0,a,Excellent,-6.0,1447.0,70.3
3519038,Richmond Hill,York,2004,1 Bedroom,899.0,a,Excellent,7.7,1440.0,78.2
3519038,Richmond Hill,York,2004,2 Bedroom,1073.0,a,Excellent,13.8,1719.0,79.5
3519038,Richmond Hill,York,2004,3 Bedroom,1359.0,a,Excellent,26.2,2177.0,88.4
3519038,Richmond Hill,York,2004,Studio,785.0,a,Excellent,10.6,1257.0,87.2
3519038,Richmond Hill,York,2004,Total,1011.0,a,Excellent,13.7,1619.0,79.9
3519038,Richmond Hill,York,2005,1 Bedroom,884.0,a,Excellent,-1.7,1390.0,76.9
3519038,Richmond Hill,York,2005,2 Bedroom,1055.0,a,Excellent,-1.7,1659.0,78.2
3519038,Richmond Hill,York,2005,3 Bedroom,1287.0,a,Excellent,-5.3,2023.0,83.7
3519038,Richmond Hill,York,2005,Studio,782.0,a,Excellent,-0.4,1229.0,86.9
3519038,Richmond Hill,York,2005,Total,989.0,a,Excellent,-2.2,1555.0,78.2
3519038,Richmond Hill,York,2006,1 Bedroom,916.0,a,Excellent,3.6,1417.0,79.7
3519038,Richmond Hill,York,2006,2 Bedroom,1105.0,a,Excellent,4.7,1709.0,81.9
3519038,Richmond Hill,York,2006,3 Bedroom,1328.0,a,Excellent,3.2,2054.0,86.3
3519038,Richmond Hill,York,2006,Studio,793.0,a,Excellent,1.4,1227.0,88.1
3519038,Richmond Hill,York,2006,Total,1030.0,a,Excellent,4.1,1593.0,81.4
3519038,Richmond Hill,York,2007,1 Bedroom,910.0,a,Excellent,-0.7,1381.0,79.1
3519038,Richmond Hill,York,2007,2 Bedroom,1097.0,a,Excellent,-0.7,1665.0,81.3
3519038,Richmond Hill,York,2007,3 Bedroom,1368.0,a,Excellent,3.0,2077.0,88.9
3519038,Richmond Hill,York,2007,Studio,792.0,a,Excellent,-0.1,1202.0,88.0
3519038,Richmond Hill,York,2007,Total,1022.0,a,Excellent,-0.8,1551.0,80.8
3519038,Richmond Hill,York,2008,1 Bedroom,930.0,a,Excellent,2.2,1378.0,80.9
3519038,Richmond Hill,York,2008,2 Bedroom,1138.0,a,Excellent,3.7,1687.0,84.4
3519038,Richmond Hill,York,2008,3 Bedroom,1359.0,a,Excellent,-0.7,2014.0,88.4
3519038,Richmond Hill,York,2008,Studio,807.0,a,Excellent,1.9,1196.0,89.7
3519038,Richmond Hill,York,2008,Total,1060.0,a,Excellent,3.7,1571.0,83.8
3519038,Richmond Hill,York,2009,1 Bedroom,957.0,a,Excellent,2.9,1412.0,83.2
3519038,Richmond Hill,York,2009,2 Bedroom,1132.0,a,Excellent,-0.5,1670.0,83.9
3519038,Richmond Hill,York,2009,3 Bedroom,1372.0,a,Excellent,1.0,2024.0,89.2
3519038,Richmond Hill,York,2009,Studio,843.0,a,Excellent,4.5,1244.0,93.7
3519038,Richmond Hill,York,2009,Total,1072.0,a,Excellent,1.1,1582.0,84.7
3519038,Richmond Hill,York,2010,1 Bedroom,971.0,a,Excellent,1.5,1398.0,84.4
3519038,Richmond Hill,York,2010,2 Bedroom,1147.0,a,Excellent,1.3,1651.0,85.0
3519038,Richmond Hill,York,2010,3 Bedroom,1405.0,a,Excellent,2.4,2022.0,91.4
3519038,Richmond Hill,York,2010,Studio,829.0,a,Excellent,-1.7,1193.0,92.1
3519038,Richmond Hill,York,2010,Total,1072.0,a,Excellent,0.0,1543.0,84.7
3519038,Richmond Hill,York,2011,1 Bedroom,1015.0,a,Excellent,4.5,1418.0,88.3
3519038,Richmond Hill,York,2011,2 Bedroom,1210.0,a,Excellent,5.5,1691.0,89.7
3519038,Richmond Hill,York,2011,3 Bedroom,1476.0,a,Excellent,5.1,2063.0,96.0
3519038,Richmond Hill,York,2011,Studio,842.0,a,Excellent,1.6,1177.0,93.6
3519038,Richmond Hill,York,2011,Total,1132.0,a,Excellent,5.6,1582.0,89.5
3519038,Richmond Hill,York,2012,1 Bedroom,1020.0,a,Excellent,0.5,1404.0,88.7
3519038,Richmond Hill,York,2012,2 Bedroom,1240.0,a,Excellent,2.5,1707.0,91.9
3519038,Richmond Hill,York,2012,3 Bedroom,1453.0,a,Excellent,-1.6,2000.0,94.5
3519038,Richmond Hill,York,2012,Studio,827.0,a,Excellent,-1.8,1138.0,91.9
3519038,Richmond Hill,York,2012,Total,1147.0,a,Excellent,1.3,1579.0,90.7
3519038,Richmond Hill,York,2013,1 Bedroom,1047.0,a,Excellent,2.6,1424.0,91.0
3519038,Richmond Hill,York,2013,2 Bedroom,1239.0,a,Excellent,-0.1,1685.0,91.8
3519038,Richmond Hill,York,2013,3 Bedroom,1463.0,a,Excellent,0.7,1990.0,95.1
3519038,Richmond Hill,York,2013,Studio,870.0,a,Excellent,5.2,1183.0,96.7
3519038,Richmond Hill,York,2013,Total,1162.0,a,Excellent,1.3,1581.0,91.9
3519038,Richmond Hill,York,2014,1 Bedroom,1082.0,a,Excellent,3.3,1436.0,94.1
3519038,Richmond Hill,York,2014,2 Bedroom,1299.0,a,Excellent,4.8,1723.0,96.3
3519038,Richmond Hill,York,2014,3 Bedroom,1521.0,a,Excellent,4.0,2018.0,98.9
3519038,Richmond Hill,York,2014,Studio,877.0,a,Excellent,0.8,1164.0,97.4
3519038,Richmond Hill,York,2014,Total,1207.0,a,Excellent,3.9,1601.0,95.4
3519038,Richmond Hill,York,2015,1 Bedroom,1150.0,a,Excellent,6.3,1502.0,100.0
3519038,Richmond Hill,York,2015,2 Bedroom,1349.0,a,Excellent,3.8,1762.0,100.0
3519038,Richmond Hill,York,2015,3 Bedroom,1538.0,a,Excellent,1.1,2009.0,100.0
3519038,Richmond Hill,York,2015,Studio,900.0,a,Excellent,2.6,1176.0,100.0
3519038,Richmond Hill,York,2015,Total,1265.0,a,Excellent,4.8,1653.0,100.0
3519038,Richmond Hill,York,2016,1 Bedroom,1136.0,a,Excellent,-1.2,1454.0,98.8
3519038,Richmond Hill,York,2016,2 Bedroom,1327.0,a,Excellent,-1.6,1699.0,98.4
3519038,Richmond Hill,York,2016,3 Bedroom,1488.0,a,Excellent,-3.3,1905.0,96.7
3519038,Richmond Hill,York,2016,Studio,909.0,b,Very good,1.0,1164.0,101.0
3519038,Richmond Hill,York,2016,Total,1246.0,a,Excellent,-1.5,1595.0,98.5
3519038,Richmond Hill,York,2017,1 Bedroom,1154.0,a,Excellent,1.6,1447.0,100.3
3519038,Richmond Hill,York,2017,2 Bedroom,1393.0,a,Excellent,5.0,1747.0,103.3
3519038,Richmond Hill,York,2017,3 Bedroom,1631.0,a,Excellent,9.6,2046.0,106.0
3519038,Richmond Hill,York,2017,Studio,939.0,a,Excellent,3.3,1178.0,104.3
3519038,Richmond Hill,York,2017,Total,1292.0,a,Excellent,3.7,1621.0,102.1
3519038,Richmond Hill,York,2018,1 Bedroom,1146.0,a,Excellent,-0.7,1402.0,99.7
3519038,Richmond Hill,York,2018,2 Bedroom,1363.0,a,Excellent,-2.2,1667.0,101.0
3519038,Richmond Hill,York,2018,3 Bedroom,1591.0,b,Very good,-2.5,1946.0,103.4
3519038,Richmond Hill,York,2018,Studio,1020.0,b,Very good,8.6,1248.0,113.3
3519038,Richmond Hill,York,2018,Total,1282.0,a,Excellent,-0.8,1568.0,101.3
3519038,Richmond Hill,York,2019,1 Bedroom,1213.0,a,Excellent,5.8,1454.0,105.5
3519038,Richmond Hill,York,2019,2 Bedroom,1394.0,a,Excellent,2.3,1671.0,103.3
3519038,Richmond Hill,York,2019,3 Bedroom,1617.0,b,Very good,1.6,1939.0,105.1
3519038,Richmond Hill,York,2019,Studio,1011.0,b,Very good,-0.9,1212.0,112.3
3519038,Richmond Hill,York,2019,Total,1320.0,a,Excellent,3.0,1582.0,104.3
3519038,Richmond Hill,York,2020,1 Bedroom,1385.0,a,Excellent,14.2,1655.0,120.4
3519038,Richmond Hill,York,2020,2 Bedroom,1597.0,b,Very good,14.6,1908.0,118.4
3519038,Richmond Hill,York,2020,3 Bedroom,1842.0,b,Very good,13.9,2201.0,119.8
3519038,Richmond Hill,York,2020,Studio,1109.0,b,Very good,9.7,1325.0,123.2
3519038,Richmond Hill,York,2020,Total,1503.0,a,Excellent,13.9,1796.0,118.8
3519038,Richmond Hill,York,2021,1 Bedroom,1342.0,a,Excellent,-3.1,1559.0,116.7
3519038,Richmond Hill,York,2021,2 Bedroom,1539.0,a,Excellent,-3.6,1788.0,114.1
3519038,Richmond Hill,York,2021,3 Bedroom,1960.0,b,Very good,6.4,2278.0,127.4
3519038,Richmond Hill,York,2021,Studio,1180.0,c,Good,6.4,1371.0,131.1
3519038,Richmond Hill,York,2021,Total,1473.0,a,Excellent,-2.0,1712.0,116.4
3519038,Richmond Hill,York,2022,1 Bedroom,1348.0,a,Excellent,0.4,1470.0,117.2
3519038,Richmond Hill,York,2022,2 Bedroom,1579.0,a,Excellent,2.6,1722.0,117.0
3519038,Richmond Hill,York,2022,3 Bedroom,2031.0,b,Very good,3.6,2215.0,132.1
3519038,Richmond Hill,York,2022,Studio,1315.0,b,Very good,11.4,1434.0,146.1
3519038,Richmond Hill,York,2022,Total,1522.0,a,Excellent,3.3,1660.0,120.3
3519038,Richmond Hill,York,2023,1 Bedroom,1479.0,b,Very good,9.7,1548.0,128.6
3519038,Richmond Hill,York,2023,2 Bedroom,1877.0,b,Very good,18.9,1965.0,139.1
3519038,Richmond Hill,York,2023,3 Bedroom,2019.0,b,Very good,-0.6,2114.0,131.3
3519038,Richmond Hill,York,2023,Studio,1233.0,d,Poor - use with caution,-6.2,1291.0,137.0
3519038,Richmond Hill,York,2023,Total,1713.0,b,Very good,12.5,1793.0,135.4
3519038,Richmond Hill,York,2024,1 Bedroom,1534.0,a,Excellent,3.7,1562.0,133.4
3519038,Richmond Hill,York,2024,2 Bedroom,1931.0,a,Excellent,2.9,1966.0,143.1
3519038,Richmond Hill,York,2024,3 Bedroom,2233.0,a,Excellent,10.6,2273.0,145.2
3519038,Richmond Hill,York,2024,Studio,1199.0,c,Good,-2.8,1221.0,133.2
3519038,Richmond Hill,York,2024,Total,1761.0,a,Excellent,2.8,1793.0,139.2
3519038,Richmond Hill,York,2025,1 Bedroom,1583.0,a,Excellent,3.2,1583.0,137.7
3519038,Richmond Hill,York,2025,2 Bedroom,1827.0,a,Excellent,-5.4,1827.0,135.4
3519038,Richmond Hill,York,2025,3 Bedroom,2332.0,c,Good,4.4,2332.0,151.6
3519038,Richmond Hill,York,2025,Studio,1328.0,c,Good,10.8,1328.0,147.6
3519038,Richmond Hill,York,2025,Total,1726.0,a,Excellent,-2.0,1726.0,136.4
3519044,Whitchurch-Stouffville,York,1990,1 Bedroom,520.0,a,Excellent,,1105.0,48.1
3519044,Whitchurch-Stouffville,York,1990,2 Bedroom,605.0,a,Excellent,,1285.0,54.7
3519044,Whitchurch-Stouffville,York,1990,Total,573.0,a,Excellent,,1217.0,52.2
3519044,Whitchurch-Stouffville,York,1991,1 Bedroom,544.0,a,Excellent,4.6,1109.0,50.4
3519044,Whitchurch-Stouffville,York,1991,2 Bedroom,653.0,a,Excellent,7.9,1331.0,59.0
3519044,Whitchurch-Stouffville,York,1991,Total,613.0,a,Excellent,7.0,1250.0,55.8
3519044,Whitchurch-Stouffville,York,1992,1 Bedroom,566.0,a,Excellent,4.0,1144.0,52.4
3519044,Whitchurch-Stouffville,York,1992,2 Bedroom,657.0,a,Excellent,0.6,1328.0,59.3
3519044,Whitchurch-Stouffville,York,1992,Total,622.0,a,Excellent,1.5,1257.0,56.6
3519044,Whitchurch-Stouffville,York,1993,1 Bedroom,578.0,a,Excellent,2.1,1150.0,53.5
3519044,Whitchurch-Stouffville,York,1993,2 Bedroom,708.0,a,Excellent,7.8,1408.0,64.0
3519044,Whitchurch-Stouffville,York,1993,Total,661.0,a,Excellent,6.3,1315.0,60.2
3519044,Whitchurch-Stouffville,York,1994,1 Bedroom,569.0,a,Excellent,-1.6,1131.0,52.7
3519044,Whitchurch-Stouffville,York,1994,2 Bedroom,695.0,a,Excellent,-1.8,1381.0,62.8
3519044,Whitchurch-Stouffville,York,1994,Total,651.0,a,Excellent,-1.5,1294.0,59.3
3519044,Whitchurch-Stouffville,York,1995,1 Bedroom,652.0,a,Excellent,14.6,1264.0,60.4
3519044,Whitchurch-Stouffville,York,1995,2 Bedroom,751.0,a,Excellent,8.1,1456.0,67.8
3519044,Whitchurch-Stouffville,York,1995,Total,712.0,a,Excellent,9.4,1381.0,64.8
3519044,Whitchurch-Stouffville,York,1996,1 Bedroom,689.0,b,Very good,5.7,1314.0,63.8
3519044,Whitchurch-Stouffville,York,1996,2 Bedroom,777.0,a,Excellent,3.5,1482.0,70.2
3519044,Whitchurch-Stouffville,York,1996,Total,748.0,a,Excellent,5.1,1427.0,68.1
3519044,Whitchurch-Stouffville,York,1997,1 Bedroom,698.0,a,Excellent,1.3,1308.0,64.6
3519044,Whitchurch-Stouffville,York,1997,2 Bedroom,757.0,a,Excellent,-2.6,1418.0,68.4
3519044,Whitchurch-Stouffville,York,1997,Total,739.0,a,Excellent,-1.2,1385.0,67.3
3519044,Whitchurch-Stouffville,York,1998,2 Bedroom,795.0,b,Very good,5.0,1474.0,71.8
3519044,Whitchurch-Stouffville,York,1998,Total,749.0,a,Excellent,1.4,1389.0,68.2
3519044,Whitchurch-Stouffville,York,1999,1 Bedroom,742.0,a,Excellent,,1349.0,68.7
3519044,Whitchurch-Stouffville,York,1999,2 Bedroom,812.0,a,Excellent,2.1,1476.0,73.4
3519044,Whitchurch-Stouffville,York,1999,Total,786.0,a,Excellent,4.9,1429.0,71.6
3519044,Whitchurch-Stouffville,York,2004,1 Bedroom,857.0,a,Excellent,,1373.0,79.4
3519044,Whitchurch-Stouffville,York,2004,2 Bedroom,914.0,a,Excellent,,1464.0,82.6
3519044,Whitchurch-Stouffville,York,2004,Total,891.0,a,Excellent,,1427.0,81.1
3519044,Whitchurch-Stouffville,York,2005,1 Bedroom,818.0,a,Excellent,-4.6,1286.0,75.7
3519044,Whitchurch-Stouffville,York,2005,2 Bedroom,909.0,a,Excellent,-0.5,1429.0,82.1
3519044,Whitchurch-Stouffville,York,2005,Total,873.0,a,Excellent,-2.0,1372.0,79.5
3519044,Whitchurch-Stouffville,York,2006,1 Bedroom,860.0,a,Excellent,5.1,1330.0,79.6
3519044,Whitchurch-Stouffville,York,2006,2 Bedroom,940.0,a,Excellent,3.4,1454.0,84.9
3519044,Whitchurch-Stouffville,York,2006,Total,905.0,a,Excellent,3.7,1400.0,82.4
3519044,Whitchurch-Stouffville,York,2007,2 Bedroom,1035.0,b,Very good,10.1,1571.0,93.5
3519044,Whitchurch-Stouffville,York,2007,Total,965.0,b,Very good,6.6,1465.0,87.9
3519044,Whitchurch-Stouffville,York,2008,2 Bedroom,1001.0,b,Very good,-3.3,1484.0,90.4
3519044,Whitchurch-Stouffville,York,2008,Total,938.0,b,Very good,-2.8,1390.0,85.4
3519044,Whitchurch-Stouffville,York,2010,1 Bedroom,907.0,a,Excellent,,1306.0,84.0
3519044,Whitchurch-Stouffville,York,2010,2 Bedroom,950.0,a,Excellent,,1368.0,85.8
3519044,Whitchurch-Stouffville,York,2010,Total,934.0,a,Excellent,,1344.0,85.1
3519044,Whitchurch-Stouffville,York,2011,1 Bedroom,929.0,a,Excellent,2.4,1298.0,86.0
3519044,Whitchurch-Stouffville,York,2011,2 Bedroom,1001.0,a,Excellent,5.4,1399.0,90.4
3519044,Whitchurch-Stouffville,York,2011,Total,970.0,a,Excellent,3.9,1355.0,88.3
3519044,Whitchurch-Stouffville,York,2012,1 Bedroom,959.0,a,Excellent,3.2,1320.0,88.8
3519044,Whitchurch-Stouffville,York,2012,2 Bedroom,1025.0,a,Excellent,2.4,1411.0,92.6
3519044,Whitchurch-Stouffville,York,2012,Total,997.0,a,Excellent,2.8,1372.0,90.8
3519044,Whitchurch-Stouffville,York,2013,1 Bedroom,1002.0,a,Excellent,4.5,1363.0,92.8
3519044,Whitchurch-Stouffville,York,2013,2 Bedroom,1050.0,a,Excellent,2.4,1428.0,94.9
3519044,Whitchurch-Stouffville,York,2013,Total,1030.0,a,Excellent,3.3,1401.0,93.8
3519044,Whitchurch-Stouffville,York,2014,1 Bedroom,1050.0,a,Excellent,4.8,1393.0,97.2
3519044,Whitchurch-Stouffville,York,2014,2 Bedroom,1101.0,a,Excellent,4.9,1461.0,99.5
3519044,Whitchurch-Stouffville,York,2014,Total,1080.0,a,Excellent,4.9,1433.0,98.4
3519044,Whitchurch-Stouffville,York,2015,1 Bedroom,1080.0,c,Good,2.9,1411.0,100.0
3519044,Whitchurch-Stouffville,York,2015,2 Bedroom,1107.0,b,Very good,0.5,1446.0,100.0
3519044,Whitchurch-Stouffville,York,2015,Total,1098.0,b,Very good,1.7,1434.0,100.0
3519044,Whitchurch-Stouffville,York,2016,1 Bedroom,1112.0,a,Excellent,3.0,1424.0,103.0
3519044,Whitchurch-Stouffville,York,2016,2 Bedroom,1179.0,a,Excellent,6.5,1509.0,106.5
3519044,Whitchurch-Stouffville,York,2016,Total,1153.0,a,Excellent,5.0,1476.0,105.0
3519044,Whitchurch-Stouffville,York,2017,1 Bedroom,1116.0,c,Good,0.4,1400.0,103.3
3519044,Whitchurch-Stouffville,York,2017,2 Bedroom,1167.0,b,Very good,-1.0,1464.0,105.4
3519044,Whitchurch-Stouffville,York,2017,Total,1153.0,b,Very good,0.0,1446.0,105.0
3519044,Whitchurch-Stouffville,York,2019,2 Bedroom,1222.0,b,Very good,,1465.0,110.4
3519044,Whitchurch-Stouffville,York,2019,Total,1197.0,b,Very good,,1435.0,109.0
3519046,Aurora,York,1990,1 Bedroom,538.0,a,Excellent,,1143.0,48.4
3519046,Aurora,York,1990,2 Bedroom,639.0,a,Excellent,,1357.0,49.2
3519046,Aurora,York,1990,Studio,457.0,c,Good,,971.0,
3519046,Aurora,York,1990,Total,586.0,a,Excellent,,1245.0,48.2
3519046,Aurora,York,1991,1 Bedroom,573.0,a,Excellent,6.5,1168.0,51.5
3519046,Aurora,York,1991,2 Bedroom,678.0,b,Very good,6.1,1382.0,52.2
3519046,Aurora,York,1991,Total,619.0,a,Excellent,5.6,1262.0,50.9
3519046,Aurora,York,1992,1 Bedroom,589.0,a,Excellent,2.8,1190.0,53.0
3519046,Aurora,York,1992,2 Bedroom,693.0,b,Very good,2.2,1400.0,53.3
3519046,Aurora,York,1992,Studio,454.0,a,Excellent,,917.0,
3519046,Aurora,York,1992,Total,632.0,a,Excellent,2.1,1277.0,52.0
3519046,Aurora,York,1993,1 Bedroom,617.0,a,Excellent,4.8,1227.0,55.5
3519046,Aurora,York,1993,2 Bedroom,708.0,b,Very good,2.2,1408.0,54.5
3519046,Aurora,York,1993,Total,657.0,b,Very good,4.0,1307.0,54.1
3519046,Aurora,York,1994,1 Bedroom,633.0,a,Excellent,2.6,1258.0,56.9
3519046,Aurora,York,1994,2 Bedroom,728.0,b,Very good,2.8,1447.0,56.0
3519046,Aurora,York,1994,Total,744.0,b,Very good,13.2,1478.0,61.2
3519046,Aurora,York,1995,1 Bedroom,666.0,a,Excellent,5.2,1292.0,59.9
3519046,Aurora,York,1995,2 Bedroom,809.0,a,Excellent,11.1,1569.0,62.3
3519046,Aurora,York,1995,Total,738.0,b,Very good,-0.8,1431.0,60.7
3519046,Aurora,York,1996,1 Bedroom,672.0,a,Excellent,0.9,1282.0,60.4
3519046,Aurora,York,1996,2 Bedroom,811.0,a,Excellent,0.2,1547.0,62.4
3519046,Aurora,York,1996,3 Bedroom,916.0,a,Excellent,,1747.0,
3519046,Aurora,York,1996,Total,798.0,a,Excellent,8.1,1522.0,65.7
3519046,Aurora,York,1997,1 Bedroom,677.0,a,Excellent,0.7,1268.0,60.9
3519046,Aurora,York,1997,2 Bedroom,825.0,a,Excellent,1.7,1546.0,63.5
3519046,Aurora,York,1997,3 Bedroom,846.0,c,Good,-7.6,1585.0,
3519046,Aurora,York,1997,Studio,509.0,c,Good,,954.0,
3519046,Aurora,York,1997,Total,748.0,a,Excellent,-6.3,1401.0,61.6
3519046,Aurora,York,1998,1 Bedroom,689.0,a,Excellent,1.8,1278.0,62.0
3519046,Aurora,York,1998,2 Bedroom,823.0,a,Excellent,-0.2,1526.0,63.4
3519046,Aurora,York,1998,Total,762.0,a,Excellent,1.9,1413.0,62.7
3519046,Aurora,York,1999,1 Bedroom,716.0,a,Excellent,3.9,1302.0,64.4
3519046,Aurora,York,1999,2 Bedroom,809.0,b,Very good,-1.7,1471.0,62.3
3519046,Aurora,York,1999,3 Bedroom,820.0,c,Good,,1491.0,
3519046,Aurora,York,1999,Studio,505.0,a,Excellent,,918.0,
3519046,Aurora,York,1999,Total,751.0,a,Excellent,-1.4,1366.0,61.8
3519046,Aurora,York,2000,1 Bedroom,754.0,a,Excellent,5.3,1331.0,67.8
3519046,Aurora,York,2000,2 Bedroom,892.0,a,Excellent,10.3,1574.0,68.7
3519046,Aurora,York,2000,Studio,528.0,b,Very good,4.6,932.0,
3519046,Aurora,York,2000,Total,816.0,a,Excellent,8.7,1440.0,67.2
3519046,Aurora,York,2001,1 Bedroom,760.0,a,Excellent,0.8,1301.0,68.3
3519046,Aurora,York,2001,2 Bedroom,871.0,a,Excellent,-2.4,1491.0,67.1
3519046,Aurora,York,2001,3 Bedroom,959.0,d,Poor - use with caution,,1641.0,
3519046,Aurora,York,2001,Total,818.0,a,Excellent,0.2,1400.0,67.3
3519046,Aurora,York,2002,1 Bedroom,780.0,a,Excellent,2.6,1308.0,70.1
3519046,Aurora,York,2002,2 Bedroom,925.0,a,Excellent,6.2,1551.0,71.2
3519046,Aurora,York,2002,3 Bedroom,849.0,b,Very good,-11.5,1424.0,
3519046,Aurora,York,2002,Studio,539.0,b,Very good,,904.0,
3519046,Aurora,York,2002,Total,845.0,a,Excellent,3.3,1417.0,69.5
3519046,Aurora,York,2003,1 Bedroom,810.0,a,Excellent,3.8,1318.0,72.8
3519046,Aurora,York,2003,2 Bedroom,979.0,a,Excellent,5.8,1593.0,75.4
3519046,Aurora,York,2003,Total,892.0,a,Excellent,5.6,1451.0,73.4
3519046,Aurora,York,2004,1 Bedroom,816.0,a,Excellent,0.7,1307.0,73.4
3519046,Aurora,York,2004,2 Bedroom,955.0,a,Excellent,-2.5,1530.0,73.5
3519046,Aurora,York,2004,Studio,612.0,a,Excellent,,980.0,
3519046,Aurora,York,2004,Total,884.0,a,Excellent,-0.9,1416.0,72.8
3519046,Aurora,York,2005,1 Bedroom,794.0,a,Excellent,-2.7,1248.0,71.4
3519046,Aurora,York,2005,2 Bedroom,929.0,a,Excellent,-2.7,1461.0,71.5
3519046,Aurora,York,2005,Studio,587.0,b,Very good,-4.1,923.0,
3519046,Aurora,York,2005,Total,851.0,a,Excellent,-3.7,1338.0,70.0
3519046,Aurora,York,2006,1 Bedroom,848.0,b,Very good,6.8,1312.0,76.3
3519046,Aurora,York,2006,3 Bedroom,1251.0,b,Very good,,1935.0,
3519046,Aurora,York,2006,Total,1102.0,d,Poor - use with caution,29.5,1705.0,90.7
3519046,Aurora,York,2007,1 Bedroom,867.0,a,Excellent,2.2,1316.0,78.0
3519046,Aurora,York,2007,2 Bedroom,1029.0,a,Excellent,,1562.0,79.2
3519046,Aurora,York,2007,3 Bedroom,1221.0,a,Excellent,-2.4,1854.0,
3519046,Aurora,York,2007,Total,1048.0,a,Excellent,-4.9,1591.0,86.3
3519046,Aurora,York,2008,1 Bedroom,902.0,a,Excellent,4.0,1337.0,81.1
3519046,Aurora,York,2008,2 Bedroom,1046.0,a,Excellent,1.7,1550.0,80.5
3519046,Aurora,York,2008,3 Bedroom,1279.0,a,Excellent,4.8,1896.0,
3519046,Aurora,York,2008,Total,1073.0,a,Excellent,2.4,1590.0,88.3
3519046,Aurora,York,2009,1 Bedroom,908.0,b,Very good,0.7,1340.0,81.7
3519046,Aurora,York,2009,2 Bedroom,1024.0,b,Very good,-2.1,1511.0,78.8
3519046,Aurora,York,2009,Total,1122.0,c,Good,4.6,1655.0,92.3
3519046,Aurora,York,2010,1 Bedroom,912.0,a,Excellent,0.4,1313.0,82.0
3519046,Aurora,York,2010,2 Bedroom,1083.0,a,Excellent,5.8,1559.0,83.4
3519046,Aurora,York,2010,3 Bedroom,1291.0,a,Excellent,,1858.0,
3519046,Aurora,York,2010,Total,1119.0,a,Excellent,-0.3,1611.0,92.1
3519046,Aurora,York,2011,1 Bedroom,930.0,a,Excellent,2.0,1300.0,83.6
3519046,Aurora,York,2011,2 Bedroom,1094.0,c,Good,1.0,1529.0,84.2
3519046,Aurora,York,2011,Total,1078.0,b,Very good,-3.7,1506.0,88.7
3519046,Aurora,York,2012,1 Bedroom,989.0,b,Very good,6.3,1361.0,88.9
3519046,Aurora,York,2012,2 Bedroom,1156.0,b,Very good,5.7,1591.0,89.0
3519046,Aurora,York,2012,Total,1102.0,a,Excellent,2.2,1517.0,90.7
3519046,Aurora,York,2013,1 Bedroom,1002.0,a,Excellent,1.3,1363.0,90.1
3519046,Aurora,York,2013,2 Bedroom,1190.0,a,Excellent,2.9,1619.0,91.6
3519046,Aurora,York,2013,3 Bedroom,1329.0,b,Very good,,1808.0,
3519046,Aurora,York,2013,Total,1144.0,a,Excellent,3.8,1556.0,94.2
3519046,Aurora,York,2014,1 Bedroom,1036.0,b,Very good,3.4,1374.0,93.2
3519046,Aurora,York,2014,2 Bedroom,1228.0,a,Excellent,3.2,1629.0,94.5
3519046,Aurora,York,2014,Total,1214.0,a,Excellent,6.1,1611.0,99.9
3519046,Aurora,York,2015,1 Bedroom,1112.0,a,Excellent,7.3,1453.0,100.0
3519046,Aurora,York,2015,2 Bedroom,1299.0,a,Excellent,5.8,1697.0,100.0
3519046,Aurora,York,2015,Total,1215.0,a,Excellent,0.1,1587.0,100.0
3519046,Aurora,York,2016,1 Bedroom,1076.0,a,Excellent,-3.2,1378.0,96.8
3519046,Aurora,York,2016,2 Bedroom,1270.0,a,Excellent,-2.2,1626.0,97.8
3519046,Aurora,York,2016,Total,1286.0,a,Excellent,5.8,1646.0,105.8
3519046,Aurora,York,2017,1 Bedroom,1200.0,b,Very good,11.5,1505.0,107.9
3519046,Aurora,York,2017,2 Bedroom,1402.0,a,Excellent,10.4,1758.0,107.9
3519046,Aurora,York,2017,Total,1369.0,a,Excellent,6.5,1717.0,112.7
3519046,Aurora,York,2018,1 Bedroom,1127.0,a,Excellent,-6.1,1378.0,101.3
3519046,Aurora,York,2018,2 Bedroom,1347.0,a,Excellent,-3.9,1647.0,103.7
3519046,Aurora,York,2018,Total,1298.0,b,Very good,-5.2,1588.0,106.8
3519046,Aurora,York,2019,1 Bedroom,1171.0,a,Excellent,3.9,1404.0,105.3
3519046,Aurora,York,2019,2 Bedroom,1371.0,b,Very good,1.8,1644.0,105.5
3519046,Aurora,York,2019,Total,1338.0,b,Very good,3.1,1604.0,110.1
3519046,Aurora,York,2020,1 Bedroom,1296.0,a,Excellent,10.7,1549.0,116.5
3519046,Aurora,York,2020,2 Bedroom,1543.0,a,Excellent,12.5,1844.0,118.8
3519046,Aurora,York,2020,Total,1492.0,b,Very good,11.5,1783.0,122.8
3519046,Aurora,York,2021,1 Bedroom,1326.0,a,Excellent,2.3,1541.0,119.2
3519046,Aurora,York,2021,2 Bedroom,1668.0,a,Excellent,8.1,1938.0,128.4
3519046,Aurora,York,2021,Total,1586.0,b,Very good,6.3,1843.0,130.5
3519046,Aurora,York,2022,1 Bedroom,1259.0,b,Very good,-5.1,1373.0,113.2
3519046,Aurora,York,2022,2 Bedroom,1559.0,b,Very good,-6.5,1700.0,120.0
3519046,Aurora,York,2022,Total,1499.0,c,Good,-5.5,1635.0,123.4
3519046,Aurora,York,2023,1 Bedroom,1371.0,b,Very good,8.9,1435.0,123.3
3519046,Aurora,York,2023,2 Bedroom,1794.0,b,Very good,15.1,1878.0,138.1
3519046,Aurora,York,2023,3 Bedroom,2065.0,b,Very good,,2162.0,
3519046,Aurora,York,2023,Total,1695.0,b,Very good,13.1,1775.0,139.5
3519046,Aurora,York,2024,1 Bedroom,1895.0,b,Very good,38.2,1929.0,170.4
3519046,Aurora,York,2024,2 Bedroom,2072.0,a,Excellent,15.5,2109.0,159.5
3519046,Aurora,York,2024,3 Bedroom,2255.0,a,Excellent,9.2,2296.0,
3519046,Aurora,York,2024,Total,2035.0,a,Excellent,20.1,2072.0,167.5
3519046,Aurora,York,2025,1 Bedroom,1853.0,b,Very good,-2.2,1853.0,166.6
3519046,Aurora,York,2025,2 Bedroom,2187.0,a,Excellent,5.6,2187.0,168.4
3519046,Aurora,York,2025,3 Bedroom,2960.0,a,Excellent,31.3,2960.0,
3519046,Aurora,York,2025,Total,2191.0,b,Very good,7.7,2191.0,180.3
3519048,Newmarket,York,1990,1 Bedroom,546.0,a,Excellent,,1160.0,51.7
3519048,Newmarket,York,1990,2 Bedroom,630.0,a,Excellent,,1338.0,53.7
3519048,Newmarket,York,1990,3 Bedroom,814.0,a,Excellent,,1729.0,63.8
3519048,Newmarket,York,1990,Studio,376.0,a,Excellent,,799.0,54.0
3519048,Newmarket,York,1990,Total,593.0,a,Excellent,,1260.0,54.3
3519048,Newmarket,York,1991,1 Bedroom,562.0,a,Excellent,2.9,1146.0,53.2
3519048,Newmarket,York,1991,2 Bedroom,675.0,a,Excellent,7.1,1376.0,57.5
3519048,Newmarket,York,1991,3 Bedroom,882.0,a,Excellent,8.4,1798.0,69.1
3519048,Newmarket,York,1991,Studio,376.0,a,Excellent,0.0,767.0,54.0
3519048,Newmarket,York,1991,Total,629.0,a,Excellent,6.1,1283.0,57.6
3519048,Newmarket,York,1992,1 Bedroom,600.0,a,Excellent,6.8,1213.0,56.8
3519048,Newmarket,York,1992,2 Bedroom,840.0,b,Very good,24.4,1698.0,71.6
3519048,Newmarket,York,1992,3 Bedroom,868.0,a,Excellent,-1.6,1754.0,68.0
3519048,Newmarket,York,1992,Studio,444.0,b,Very good,18.1,897.0,63.8
3519048,Newmarket,York,1992,Total,740.0,b,Very good,17.6,1495.0,67.8
3519048,Newmarket,York,1993,1 Bedroom,589.0,a,Excellent,-1.8,1172.0,55.7
3519048,Newmarket,York,1993,2 Bedroom,834.0,b,Very good,-0.7,1659.0,71.1
3519048,Newmarket,York,1993,3 Bedroom,842.0,a,Excellent,-3.0,1675.0,66.0
3519048,Newmarket,York,1993,Studio,426.0,a,Excellent,-4.1,847.0,61.2
3519048,Newmarket,York,1993,Total,726.0,a,Excellent,-1.9,1444.0,66.5
3519048,Newmarket,York,1994,1 Bedroom,617.0,a,Excellent,4.8,1226.0,58.4
3519048,Newmarket,York,1994,2 Bedroom,803.0,a,Excellent,-3.7,1596.0,68.5
3519048,Newmarket,York,1994,3 Bedroom,860.0,a,Excellent,2.1,1709.0,67.4
3519048,Newmarket,York,1994,Studio,443.0,b,Very good,4.0,880.0,63.6
3519048,Newmarket,York,1994,Total,726.0,a,Excellent,0.0,1443.0,66.5
3519048,Newmarket,York,1995,1 Bedroom,641.0,a,Excellent,3.9,1243.0,60.6
3519048,Newmarket,York,1995,2 Bedroom,843.0,b,Very good,5.0,1635.0,71.9
3519048,Newmarket,York,1995,3 Bedroom,858.0,b,Very good,-0.2,1664.0,67.2
3519048,Newmarket,York,1995,Studio,431.0,a,Excellent,-2.7,836.0,61.9
3519048,Newmarket,York,1995,Total,766.0,b,Very good,5.5,1485.0,70.1
3519048,Newmarket,York,1996,1 Bedroom,642.0,a,Excellent,0.2,1225.0,60.7
3519048,Newmarket,York,1996,2 Bedroom,761.0,a,Excellent,-9.7,1452.0,64.9
3519048,Newmarket,York,1996,3 Bedroom,886.0,a,Excellent,3.3,1690.0,69.4
3519048,Newmarket,York,1996,Studio,471.0,a,Excellent,9.3,898.0,67.7
3519048,Newmarket,York,1996,Total,717.0,a,Excellent,-6.4,1368.0,65.7
3519048,Newmarket,York,1997,1 Bedroom,660.0,a,Excellent,2.8,1237.0,62.4
3519048,Newmarket,York,1997,2 Bedroom,761.0,a,Excellent,0.0,1426.0,64.9
3519048,Newmarket,York,1997,3 Bedroom,896.0,a,Excellent,1.1,1679.0,70.2
3519048,Newmarket,York,1997,Studio,467.0,b,Very good,-0.8,875.0,67.1
3519048,Newmarket,York,1997,Total,722.0,a,Excellent,0.7,1353.0,66.1
3519048,Newmarket,York,1998,1 Bedroom,665.0,a,Excellent,0.8,1233.0,62.9
3519048,Newmarket,York,1998,2 Bedroom,909.0,b,Very good,19.4,1685.0,77.5
3519048,Newmarket,York,1998,3 Bedroom,958.0,a,Excellent,6.9,1776.0,75.1
3519048,Newmarket,York,1998,Studio,533.0,a,Excellent,14.1,988.0,76.6
3519048,Newmarket,York,1998,Total,816.0,b,Very good,13.0,1513.0,74.7
3519048,Newmarket,York,1999,1 Bedroom,676.0,a,Excellent,1.7,1229.0,64.0
3519048,Newmarket,York,1999,2 Bedroom,806.0,a,Excellent,-11.3,1466.0,68.7
3519048,Newmarket,York,1999,3 Bedroom,925.0,a,Excellent,-3.4,1682.0,72.5
3519048,Newmarket,York,1999,Studio,493.0,b,Very good,-7.5,896.0,70.8
3519048,Newmarket,York,1999,Total,756.0,a,Excellent,-7.4,1375.0,69.2
3519048,Newmarket,York,2000,1 Bedroom,722.0,a,Excellent,6.8,1274.0,68.3
3519048,Newmarket,York,2000,2 Bedroom,826.0,a,Excellent,2.5,1458.0,70.4
3519048,Newmarket,York,2000,3 Bedroom,952.0,c,Good,2.9,1680.0,74.6
3519048,Newmarket,York,2000,Studio,521.0,b,Very good,5.7,919.0,74.9
3519048,Newmarket,York,2000,Total,764.0,a,Excellent,1.1,1348.0,70.0
3519048,Newmarket,York,2001,1 Bedroom,741.0,a,Excellent,2.6,1268.0,70.1
3519048,Newmarket,York,2001,2 Bedroom,844.0,a,Excellent,2.2,1445.0,72.0
3519048,Newmarket,York,2001,3 Bedroom,962.0,a,Excellent,1.1,1647.0,75.4
3519048,Newmarket,York,2001,Studio,540.0,b,Very good,3.6,924.0,77.6
3519048,Newmarket,York,2001,Total,804.0,a,Excellent,5.2,1376.0,73.6
3519048,Newmarket,York,2002,1 Bedroom,785.0,a,Excellent,5.9,1316.0,74.3
3519048,Newmarket,York,2002,2 Bedroom,884.0,a,Excellent,4.7,1482.0,75.4
3519048,Newmarket,York,2002,3 Bedroom,994.0,a,Excellent,3.3,1667.0,77.9
3519048,Newmarket,York,2002,Studio,562.0,a,Excellent,4.1,942.0,80.7
3519048,Newmarket,York,2002,Total,839.0,a,Excellent,4.4,1407.0,76.8
3519048,Newmarket,York,2003,1 Bedroom,772.0,a,Excellent,-1.7,1256.0,73.0
3519048,Newmarket,York,2003,2 Bedroom,887.0,a,Excellent,0.3,1443.0,75.6
3519048,Newmarket,York,2003,3 Bedroom,1003.0,a,Excellent,0.9,1632.0,78.6
3519048,Newmarket,York,2003,Studio,585.0,a,Excellent,4.1,952.0,84.1
3519048,Newmarket,York,2003,Total,835.0,a,Excellent,-0.5,1359.0,76.5
3519048,Newmarket,York,2004,1 Bedroom,811.0,a,Excellent,5.1,1299.0,76.7
3519048,Newmarket,York,2004,2 Bedroom,915.0,a,Excellent,3.2,1465.0,78.0
3519048,Newmarket,York,2004,3 Bedroom,1061.0,a,Excellent,5.8,1699.0,83.2
3519048,Newmarket,York,2004,Studio,567.0,b,Very good,-3.1,908.0,81.5
3519048,Newmarket,York,2004,Total,854.0,a,Excellent,2.3,1368.0,78.2
3519048,Newmarket,York,2005,1 Bedroom,802.0,a,Excellent,-1.1,1261.0,75.9
3519048,Newmarket,York,2005,2 Bedroom,878.0,a,Excellent,-4.0,1380.0,74.9
3519048,Newmarket,York,2005,3 Bedroom,865.0,d,Poor - use with caution,-18.5,1360.0,67.8
3519048,Newmarket,York,2005,Studio,543.0,b,Very good,-4.2,854.0,78.0
3519048,Newmarket,York,2005,Total,826.0,a,Excellent,-3.3,1299.0,75.6
3519048,Newmarket,York,2006,1 Bedroom,851.0,a,Excellent,6.1,1317.0,80.5
3519048,Newmarket,York,2006,2 Bedroom,940.0,a,Excellent,7.1,1454.0,80.1
3519048,Newmarket,York,2006,3 Bedroom,1031.0,a,Excellent,19.2,1595.0,80.8
3519048,Newmarket,York,2006,Studio,585.0,a,Excellent,7.7,905.0,84.1
3519048,Newmarket,York,2006,Total,890.0,a,Excellent,7.7,1377.0,81.5
3519048,Newmarket,York,2007,1 Bedroom,848.0,a,Excellent,-0.4,1287.0,80.2
3519048,Newmarket,York,2007,2 Bedroom,958.0,a,Excellent,1.9,1454.0,81.7
3519048,Newmarket,York,2007,3 Bedroom,1081.0,a,Excellent,4.8,1641.0,84.7
3519048,Newmarket,York,2007,Studio,622.0,a,Excellent,6.3,944.0,89.4
3519048,Newmarket,York,2007,Total,894.0,a,Excellent,0.4,1357.0,81.9
3519048,Newmarket,York,2008,1 Bedroom,860.0,a,Excellent,1.4,1275.0,81.4
3519048,Newmarket,York,2008,2 Bedroom,946.0,a,Excellent,-1.3,1402.0,80.6
3519048,Newmarket,York,2008,3 Bedroom,1141.0,a,Excellent,5.6,1691.0,89.4
3519048,Newmarket,York,2008,Studio,625.0,a,Excellent,0.5,926.0,89.8
3519048,Newmarket,York,2008,Total,910.0,a,Excellent,1.8,1349.0,83.3
3519048,Newmarket,York,2009,1 Bedroom,895.0,a,Excellent,4.1,1321.0,84.7
3519048,Newmarket,York,2009,2 Bedroom,963.0,a,Excellent,1.8,1421.0,82.1
3519048,Newmarket,York,2009,3 Bedroom,1185.0,a,Excellent,3.9,1748.0,92.9
3519048,Newmarket,York,2009,Studio,660.0,a,Excellent,5.6,974.0,94.8
3519048,Newmarket,York,2009,Total,932.0,a,Excellent,2.4,1375.0,85.3
3519048,Newmarket,York,2010,1 Bedroom,880.0,a,Excellent,-1.7,1267.0,83.3
3519048,Newmarket,York,2010,2 Bedroom,982.0,a,Excellent,2.0,1414.0,83.7
3519048,Newmarket,York,2010,3 Bedroom,1202.0,b,Very good,1.4,1730.0,94.2
3519048,Newmarket,York,2010,Studio,635.0,a,Excellent,-3.8,914.0,91.2
3519048,Newmarket,York,2010,Total,920.0,a,Excellent,-1.3,1324.0,84.2
3519048,Newmarket,York,2011,1 Bedroom,947.0,a,Excellent,7.6,1323.0,89.6
3519048,Newmarket,York,2011,2 Bedroom,1029.0,a,Excellent,4.8,1438.0,87.7
3519048,Newmarket,York,2011,3 Bedroom,1199.0,c,Good,-0.2,1675.0,94.0
3519048,Newmarket,York,2011,Studio,677.0,a,Excellent,6.6,946.0,97.3
3519048,Newmarket,York,2011,Total,975.0,a,Excellent,6.0,1362.0,89.3
3519048,Newmarket,York,2012,1 Bedroom,964.0,b,Very good,1.8,1327.0,91.2
3519048,Newmarket,York,2012,2 Bedroom,1043.0,a,Excellent,1.4,1435.0,88.9
3519048,Newmarket,York,2012,3 Bedroom,1276.0,b,Very good,6.4,1756.0,100.0
3519048,Newmarket,York,2012,Studio,615.0,a,Excellent,-9.2,846.0,88.4
3519048,Newmarket,York,2012,Total,991.0,a,Excellent,1.6,1364.0,90.8
3519048,Newmarket,York,2013,1 Bedroom,990.0,a,Excellent,2.7,1347.0,93.7
3519048,Newmarket,York,2013,2 Bedroom,1068.0,a,Excellent,2.4,1453.0,91.0
3519048,Newmarket,York,2013,3 Bedroom,1259.0,b,Very good,-1.3,1712.0,98.7
3519048,Newmarket,York,2013,Studio,741.0,b,Very good,20.5,1008.0,106.5
3519048,Newmarket,York,2013,Total,1022.0,a,Excellent,3.1,1390.0,93.6
3519048,Newmarket,York,2014,1 Bedroom,1042.0,b,Very good,5.3,1382.0,98.6
3519048,Newmarket,York,2014,2 Bedroom,1137.0,a,Excellent,6.5,1508.0,96.9
3519048,Newmarket,York,2014,3 Bedroom,1207.0,c,Good,-4.1,1601.0,94.6
3519048,Newmarket,York,2014,Studio,703.0,a,Excellent,-5.1,933.0,101.0
3519048,Newmarket,York,2014,Total,1067.0,b,Very good,4.4,1416.0,97.7
3519048,Newmarket,York,2015,1 Bedroom,1057.0,b,Very good,1.4,1381.0,100.0
3519048,Newmarket,York,2015,2 Bedroom,1173.0,a,Excellent,3.2,1532.0,100.0
3519048,Newmarket,York,2015,3 Bedroom,1276.0,b,Very good,5.7,1667.0,100.0
3519048,Newmarket,York,2015,Studio,696.0,a,Excellent,-1.0,909.0,100.0
3519048,Newmarket,York,2015,Total,1092.0,b,Very good,2.3,1427.0,100.0
3519048,Newmarket,York,2016,1 Bedroom,1069.0,b,Very good,1.1,1369.0,101.1
3519048,Newmarket,York,2016,2 Bedroom,1178.0,a,Excellent,0.4,1508.0,100.4
3519048,Newmarket,York,2016,Studio,738.0,b,Very good,6.0,945.0,106.0
3519048,Newmarket,York,2016,Total,1105.0,b,Very good,1.2,1415.0,101.2
3519048,Newmarket,York,2017,1 Bedroom,1181.0,b,Very good,10.5,1481.0,111.7
3519048,Newmarket,York,2017,2 Bedroom,1269.0,a,Excellent,7.7,1592.0,108.2
3519048,Newmarket,York,2017,Studio,763.0,c,Good,3.4,957.0,109.6
3519048,Newmarket,York,2017,Total,1210.0,a,Excellent,9.5,1518.0,110.8
3519048,Newmarket,York,2018,1 Bedroom,1161.0,b,Very good,-1.7,1420.0,109.8
3519048,Newmarket,York,2018,2 Bedroom,1308.0,a,Excellent,3.1,1600.0,111.5
3519048,Newmarket,York,2018,Studio,759.0,b,Very good,-0.5,928.0,109.1
3519048,Newmarket,York,2018,Total,1205.0,b,Very good,-0.4,1474.0,110.3
3519048,Newmarket,York,2019,1 Bedroom,1370.0,a,Excellent,18.0,1642.0,129.6
3519048,Newmarket,York,2019,2 Bedroom,1461.0,a,Excellent,11.7,1752.0,124.6
3519048,Newmarket,York,2019,Studio,798.0,a,Excellent,5.1,957.0,114.7
3519048,Newmarket,York,2019,Total,1387.0,a,Excellent,15.1,1663.0,127.0
3519048,Newmarket,York,2020,1 Bedroom,1416.0,a,Excellent,3.4,1692.0,134.0
3519048,Newmarket,York,2020,2 Bedroom,1527.0,a,Excellent,4.5,1825.0,130.2
3519048,Newmarket,York,2020,Studio,757.0,b,Very good,-5.1,905.0,108.8
3519048,Newmarket,York,2020,Total,1426.0,a,Excellent,2.8,1704.0,130.6
3519048,Newmarket,York,2021,1 Bedroom,1273.0,d,Poor - use with caution,-10.1,1479.0,120.4
3519048,Newmarket,York,2021,2 Bedroom,1411.0,b,Very good,-7.6,1640.0,120.3
3519048,Newmarket,York,2021,Studio,754.0,c,Good,-0.4,876.0,108.3
3519048,Newmarket,York,2021,Total,1283.0,c,Good,-10.0,1491.0,117.5
3519048,Newmarket,York,2022,1 Bedroom,1502.0,a,Excellent,18.0,1638.0,142.1
3519048,Newmarket,York,2022,2 Bedroom,1530.0,a,Excellent,8.4,1669.0,130.4
3519048,Newmarket,York,2022,Total,1480.0,a,Excellent,15.4,1614.0,135.5
3519048,Newmarket,York,2023,1 Bedroom,1702.0,b,Very good,13.3,1782.0,161.0
3519048,Newmarket,York,2023,2 Bedroom,1785.0,c,Good,16.7,1869.0,152.2
3519048,Newmarket,York,2023,Total,1692.0,c,Good,14.3,1771.0,154.9
3519048,Newmarket,York,2024,1 Bedroom,1590.0,a,Excellent,-6.6,1619.0,150.4
3519048,Newmarket,York,2024,2 Bedroom,2010.0,b,Very good,12.6,2046.0,171.4
3519048,Newmarket,York,2024,Total,1755.0,b,Very good,3.7,1787.0,160.7
3519048,Newmarket,York,2025,1 Bedroom,1951.0,b,Very good,22.7,1951.0,184.6
3519048,Newmarket,York,2025,2 Bedroom,2384.0,c,Good,18.6,2384.0,203.2
3519048,Newmarket,York,2025,Total,2128.0,b,Very good,21.3,2128.0,194.9
3519070,Georgina,York,1990,1 Bedroom,492.0,a,Excellent,,1045.0,64.7
3519070,Georgina,York,1990,2 Bedroom,618.0,a,Excellent,,1313.0,79.4
3519070,Georgina,York,1990,Total,632.0,b,Very good,,1343.0,81.4
3519070,Georgina,York,1991,1 Bedroom,532.0,a,Excellent,8.1,1085.0,70.0
3519070,Georgina,York,1991,2 Bedroom,683.0,a,Excellent,10.5,1393.0,87.8
3519070,Georgina,York,1991,Total,673.0,a,Excellent,6.5,1372.0,86.7
3519070,Georgina,York,1992,1 Bedroom,530.0,b,Very good,-0.4,1071.0,69.7
3519070,Georgina,York,1992,2 Bedroom,676.0,a,Excellent,-1.0,1366.0,86.9
3519070,Georgina,York,1992,Total,672.0,b,Very good,-0.1,1358.0,86.6
3519070,Georgina,York,1993,1 Bedroom,539.0,a,Excellent,1.7,1072.0,70.9
3519070,Georgina,York,1993,2 Bedroom,685.0,b,Very good,1.3,1363.0,88.0
3519070,Georgina,York,1993,Total,667.0,b,Very good,-0.7,1327.0,86.0
3519070,Georgina,York,1994,1 Bedroom,538.0,a,Excellent,-0.2,1069.0,70.8
3519070,Georgina,York,1994,2 Bedroom,695.0,a,Excellent,1.5,1381.0,89.3
3519070,Georgina,York,1994,Total,670.0,a,Excellent,0.4,1331.0,86.3
3519070,Georgina,York,1995,1 Bedroom,563.0,a,Excellent,4.6,1092.0,74.1
3519070,Georgina,York,1995,2 Bedroom,683.0,b,Very good,-1.7,1325.0,87.8
3519070,Georgina,York,1995,Total,669.0,b,Very good,-0.1,1297.0,86.2
3519070,Georgina,York,1996,1 Bedroom,585.0,c,Good,3.9,1116.0,77.0
3519070,Georgina,York,1996,2 Bedroom,649.0,b,Very good,-5.0,1238.0,83.4
3519070,Georgina,York,1996,Total,622.0,b,Very good,-7.0,1186.0,80.2
3519070,Georgina,York,1997,1 Bedroom,559.0,b,Very good,-4.4,1047.0,73.6
3519070,Georgina,York,1997,2 Bedroom,660.0,a,Excellent,1.7,1237.0,84.8
3519070,Georgina,York,1997,Total,673.0,b,Very good,8.2,1261.0,86.7
3519070,Georgina,York,1998,1 Bedroom,570.0,a,Excellent,2.0,1057.0,75.0
3519070,Georgina,York,1998,2 Bedroom,639.0,a,Excellent,-3.2,1185.0,82.1
3519070,Georgina,York,1998,3 Bedroom,748.0,c,Good,,1387.0,
3519070,Georgina,York,1998,Total,647.0,a,Excellent,-3.9,1200.0,83.4
3519070,Georgina,York,1999,1 Bedroom,581.0,a,Excellent,1.9,1056.0,76.4
3519070,Georgina,York,1999,2 Bedroom,668.0,a,Excellent,4.5,1215.0,85.9
3519070,Georgina,York,1999,Total,623.0,a,Excellent,-3.7,1133.0,80.3
3519070,Georgina,York,2000,1 Bedroom,625.0,a,Excellent,7.6,1103.0,82.2
3519070,Georgina,York,2000,2 Bedroom,740.0,a,Excellent,10.8,1306.0,95.1
3519070,Georgina,York,2000,3 Bedroom,921.0,c,Good,,1625.0,
3519070,Georgina,York,2000,Total,729.0,b,Very good,17.0,1287.0,93.9
3519070,Georgina,York,2001,1 Bedroom,598.0,a,Excellent,-4.3,1024.0,78.7
3519070,Georgina,York,2001,2 Bedroom,741.0,a,Excellent,0.1,1268.0,95.2
3519070,Georgina,York,2001,3 Bedroom,943.0,c,Good,2.4,1614.0,
3519070,Georgina,York,2001,Total,726.0,b,Very good,-0.4,1243.0,93.6
3519070,Georgina,York,2002,1 Bedroom,639.0,a,Excellent,6.9,1071.0,84.1
3519070,Georgina,York,2002,2 Bedroom,774.0,a,Excellent,4.5,1298.0,99.5
3519070,Georgina,York,2002,3 Bedroom,961.0,c,Good,1.9,1611.0,
3519070,Georgina,York,2002,Total,779.0,b,Very good,7.3,1306.0,100.4
3519070,Georgina,York,2003,1 Bedroom,657.0,a,Excellent,2.8,1069.0,86.4
3519070,Georgina,York,2003,2 Bedroom,800.0,a,Excellent,3.4,1302.0,102.8
3519070,Georgina,York,2003,3 Bedroom,999.0,c,Good,4.0,1626.0,
3519070,Georgina,York,2003,Total,807.0,b,Very good,3.6,1313.0,104.0
3519070,Georgina,York,2004,1 Bedroom,643.0,a,Excellent,-2.1,1030.0,84.6
3519070,Georgina,York,2004,2 Bedroom,779.0,a,Excellent,-2.6,1248.0,100.1
3519070,Georgina,York,2004,3 Bedroom,909.0,c,Good,-9.0,1456.0,
3519070,Georgina,York,2004,Total,760.0,a,Excellent,-5.8,1217.0,97.9
3519070,Georgina,York,2005,1 Bedroom,634.0,c,Good,-1.4,997.0,83.4
3519070,Georgina,York,2005,2 Bedroom,764.0,b,Very good,-1.9,1201.0,98.2
3519070,Georgina,York,2005,Total,782.0,c,Good,2.9,1229.0,100.8
3519070,Georgina,York,2006,1 Bedroom,663.0,a,Excellent,4.6,1026.0,87.2
3519070,Georgina,York,2006,2 Bedroom,801.0,a,Excellent,4.8,1239.0,103.0
3519070,Georgina,York,2006,Total,758.0,b,Very good,-3.1,1173.0,97.7
3519070,Georgina,York,2007,1 Bedroom,672.0,a,Excellent,1.4,1020.0,88.4
3519070,Georgina,York,2007,2 Bedroom,803.0,a,Excellent,0.2,1219.0,103.2
3519070,Georgina,York,2007,3 Bedroom,1002.0,c,Good,,1521.0,
3519070,Georgina,York,2007,Total,778.0,b,Very good,2.6,1181.0,100.3
3519070,Georgina,York,2008,1 Bedroom,676.0,a,Excellent,0.6,1002.0,88.9
3519070,Georgina,York,2008,2 Bedroom,798.0,a,Excellent,-0.6,1183.0,102.6
3519070,Georgina,York,2008,3 Bedroom,985.0,b,Very good,-1.7,1460.0,
3519070,Georgina,York,2008,Total,793.0,b,Very good,1.9,1175.0,102.2
3519070,Georgina,York,2009,1 Bedroom,664.0,a,Excellent,-1.8,980.0,87.4
3519070,Georgina,York,2009,2 Bedroom,804.0,a,Excellent,0.8,1186.0,103.3
3519070,Georgina,York,2009,3 Bedroom,1013.0,b,Very good,2.8,1495.0,
3519070,Georgina,York,2009,Total,803.0,a,Excellent,1.3,1185.0,103.5
3519070,Georgina,York,2010,1 Bedroom,731.0,a,Excellent,10.1,1052.0,96.2
3519070,Georgina,York,2010,2 Bedroom,846.0,a,Excellent,5.2,1218.0,108.7
3519070,Georgina,York,2010,Total,812.0,a,Excellent,1.1,1169.0,104.6
3519070,Georgina,York,2011,1 Bedroom,733.0,a,Excellent,0.3,1024.0,96.4
3519070,Georgina,York,2011,2 Bedroom,783.0,a,Excellent,-7.4,1094.0,100.6
3519070,Georgina,York,2011,3 Bedroom,879.0,a,Excellent,,1228.0,
3519070,Georgina,York,2011,Total,792.0,a,Excellent,-2.5,1107.0,102.1
3519070,Georgina,York,2012,1 Bedroom,726.0,a,Excellent,-1.0,999.0,95.5
3519070,Georgina,York,2012,2 Bedroom,856.0,a,Excellent,9.3,1178.0,110.0
3519070,Georgina,York,2012,Total,846.0,a,Excellent,6.8,1164.0,109.0
3519070,Georgina,York,2013,1 Bedroom,750.0,a,Excellent,3.3,1020.0,98.7
3519070,Georgina,York,2013,2 Bedroom,795.0,a,Excellent,-7.1,1081.0,102.2
3519070,Georgina,York,2013,Total,810.0,a,Excellent,-4.3,1102.0,104.4
3519070,Georgina,York,2014,1 Bedroom,786.0,a,Excellent,4.8,1043.0,103.4
3519070,Georgina,York,2014,2 Bedroom,931.0,a,Excellent,17.1,1235.0,119.7
3519070,Georgina,York,2014,Total,920.0,a,Excellent,13.6,1221.0,118.6
3519070,Georgina,York,2015,1 Bedroom,760.0,a,Excellent,-3.3,993.0,100.0
3519070,Georgina,York,2015,2 Bedroom,778.0,a,Excellent,-16.4,1016.0,100.0
3519070,Georgina,York,2015,Total,776.0,a,Excellent,-15.7,1014.0,100.0
3519070,Georgina,York,2016,1 Bedroom,805.0,a,Excellent,5.9,1031.0,105.9
3519070,Georgina,York,2016,2 Bedroom,959.0,b,Very good,23.3,1228.0,123.3
3519070,Georgina,York,2016,Total,952.0,b,Very good,22.7,1219.0,122.7
3519070,Georgina,York,2017,1 Bedroom,798.0,b,Very good,-0.9,1001.0,105.0
3519070,Georgina,York,2017,2 Bedroom,1001.0,b,Very good,4.4,1256.0,128.7
3519070,Georgina,York,2017,Total,958.0,b,Very good,0.6,1202.0,123.5
3519070,Georgina,York,2018,1 Bedroom,830.0,a,Excellent,4.0,1015.0,109.2
3519070,Georgina,York,2018,2 Bedroom,1008.0,b,Very good,0.7,1233.0,129.6
3519070,Georgina,York,2018,Total,969.0,b,Very good,1.1,1185.0,124.9
3519070,Georgina,York,2019,1 Bedroom,865.0,c,Good,4.2,1037.0,113.8
3519070,Georgina,York,2019,2 Bedroom,1164.0,b,Very good,15.5,1395.0,149.6
3519070,Georgina,York,2019,3 Bedroom,1369.0,a,Excellent,,1641.0,
3519070,Georgina,York,2019,Total,1181.0,b,Very good,21.9,1416.0,152.2
3519070,Georgina,York,2020,1 Bedroom,834.0,b,Very good,-3.6,997.0,109.7
3519070,Georgina,York,2020,2 Bedroom,1095.0,b,Very good,-5.9,1309.0,140.7
3519070,Georgina,York,2020,Total,1211.0,b,Very good,2.5,1447.0,156.1
3519070,Georgina,York,2022,1 Bedroom,1033.0,b,Very good,,1127.0,135.9
3519070,Georgina,York,2022,2 Bedroom,1140.0,c,Good,,1243.0,146.5
3519070,Georgina,York,2022,Total,1166.0,c,Good,,1272.0,150.3
3519070,Georgina,York,2023,1 Bedroom,934.0,b,Very good,-9.6,978.0,122.9
3519070,Georgina,York,2023,2 Bedroom,1431.0,c,Good,25.5,1498.0,183.9
3519070,Georgina,York,2023,Total,1245.0,c,Good,6.8,1303.0,160.4
3519070,Georgina,York,2024,3 Bedroom,1829.0,b,Very good,,1862.0,
3519070,Georgina,York,2024,Total,1533.0,d,Poor - use with caution,23.1,1561.0,197.6
3520005,Toronto,Toronto,1998,1 Bedroom,727.0,a,Excellent,,1348.0,65.5
3520005,Toronto,Toronto,1998,2 Bedroom,882.0,a,Excellent,,1635.0,67.8
3520005,Toronto,Toronto,1998,3 Bedroom,1069.0,a,Excellent,,1982.0,69.2
3520005,Toronto,Toronto,1998,Studio,588.0,a,Excellent,,1090.0,62.4
3520005,Toronto,Toronto,1998,Total,808.0,a,Excellent,,1498.0,66.7
3520005,Toronto,Toronto,1999,1 Bedroom,772.0,a,Excellent,6.2,1404.0,69.5
3520005,Toronto,Toronto,1999,2 Bedroom,925.0,a,Excellent,4.9,1682.0,71.1
3520005,Toronto,Toronto,1999,3 Bedroom,1105.0,a,Excellent,3.4,2009.0,71.6
3520005,Toronto,Toronto,1999,Studio,626.0,a,Excellent,6.5,1138.0,66.5
3520005,Toronto,Toronto,1999,Total,849.0,a,Excellent,5.1,1544.0,70.1
3520005,Toronto,Toronto,2000,1 Bedroom,833.0,a,Excellent,7.9,1470.0,75.0
3520005,Toronto,Toronto,2000,2 Bedroom,984.0,a,Excellent,6.4,1737.0,75.6
3520005,Toronto,Toronto,2000,3 Bedroom,1194.0,a,Excellent,8.1,2107.0,77.3
3520005,Toronto,Toronto,2000,Studio,685.0,a,Excellent,9.4,1209.0,72.7
3520005,Toronto,Toronto,2000,Total,912.0,a,Excellent,7.4,1609.0,75.3
3520005,Toronto,Toronto,2001,1 Bedroom,870.0,a,Excellent,4.4,1489.0,78.4
3520005,Toronto,Toronto,2001,2 Bedroom,1039.0,a,Excellent,5.6,1778.0,79.9
3520005,Toronto,Toronto,2001,3 Bedroom,1243.0,a,Excellent,4.1,2128.0,80.5
3520005,Toronto,Toronto,2001,Studio,698.0,a,Excellent,1.9,1195.0,74.1
3520005,Toronto,Toronto,2001,Total,955.0,a,Excellent,4.7,1635.0,78.9
3520005,Toronto,Toronto,2002,1 Bedroom,894.0,a,Excellent,2.8,1499.0,80.5
3520005,Toronto,Toronto,2002,2 Bedroom,1055.0,a,Excellent,1.5,1769.0,81.1
3520005,Toronto,Toronto,2002,3 Bedroom,1284.0,a,Excellent,3.3,2153.0,83.2
3520005,Toronto,Toronto,2002,Studio,733.0,a,Excellent,5.0,1229.0,77.8
3520005,Toronto,Toronto,2002,Total,981.0,a,Excellent,2.7,1645.0,81.0
3520005,Toronto,Toronto,2003,1 Bedroom,884.0,a,Excellent,-1.1,1438.0,79.6
3520005,Toronto,Toronto,2003,2 Bedroom,1045.0,a,Excellent,-0.9,1700.0,80.3
3520005,Toronto,Toronto,2003,3 Bedroom,1236.0,a,Excellent,-3.7,2011.0,80.1
3520005,Toronto,Toronto,2003,Studio,734.0,a,Excellent,0.1,1194.0,77.9
3520005,Toronto,Toronto,2003,Total,967.0,a,Excellent,-1.4,1574.0,79.9
3520005,Toronto,Toronto,2004,1 Bedroom,888.0,a,Excellent,0.5,1422.0,80.0
3520005,Toronto,Toronto,2004,2 Bedroom,1061.0,a,Excellent,1.5,1699.0,81.6
3520005,Toronto,Toronto,2004,3 Bedroom,1263.0,a,Excellent,2.2,2023.0,81.8
3520005,Toronto,Toronto,2004,Studio,730.0,a,Excellent,-0.5,1169.0,77.5
3520005,Toronto,Toronto,2004,Total,978.0,a,Excellent,1.1,1566.0,80.8
3520005,Toronto,Toronto,2005,1 Bedroom,889.0,a,Excellent,0.1,1398.0,80.1
3520005,Toronto,Toronto,2005,2 Bedroom,1060.0,a,Excellent,-0.1,1666.0,81.5
3520005,Toronto,Toronto,2005,3 Bedroom,1267.0,a,Excellent,0.3,1992.0,82.1
3520005,Toronto,Toronto,2005,Studio,726.0,a,Excellent,-0.5,1141.0,77.1
3520005,Toronto,Toronto,2005,Total,977.0,a,Excellent,-0.1,1536.0,80.7
3520005,Toronto,Toronto,2006,1 Bedroom,897.0,a,Excellent,0.9,1388.0,80.8
3520005,Toronto,Toronto,2006,2 Bedroom,1078.0,a,Excellent,1.7,1668.0,82.9
3520005,Toronto,Toronto,2006,3 Bedroom,1298.0,a,Excellent,2.4,2008.0,84.1
3520005,Toronto,Toronto,2006,Studio,743.0,a,Excellent,2.3,1149.0,78.9
3520005,Toronto,Toronto,2006,Total,995.0,a,Excellent,1.8,1539.0,82.2
3520005,Toronto,Toronto,2007,1 Bedroom,902.0,a,Excellent,0.6,1369.0,81.3
3520005,Toronto,Toronto,2007,2 Bedroom,1073.0,a,Excellent,-0.5,1629.0,82.5
3520005,Toronto,Toronto,2007,3 Bedroom,1282.0,a,Excellent,-1.2,1946.0,83.0
3520005,Toronto,Toronto,2007,Studio,742.0,a,Excellent,-0.1,1126.0,78.8
3520005,Toronto,Toronto,2007,Total,991.0,a,Excellent,-0.4,1504.0,81.8
3520005,Toronto,Toronto,2008,1 Bedroom,929.0,a,Excellent,3.0,1377.0,83.7
3520005,Toronto,Toronto,2008,2 Bedroom,1104.0,a,Excellent,2.9,1636.0,84.9
3520005,Toronto,Toronto,2008,3 Bedroom,1312.0,a,Excellent,2.3,1945.0,85.0
3520005,Toronto,Toronto,2008,Studio,767.0,a,Excellent,3.4,1137.0,81.4
3520005,Toronto,Toronto,2008,Total,1018.0,a,Excellent,2.7,1509.0,84.1
3520005,Toronto,Toronto,2009,1 Bedroom,927.0,a,Excellent,-0.2,1368.0,83.5
3520005,Toronto,Toronto,2009,2 Bedroom,1106.0,a,Excellent,0.2,1632.0,85.0
3520005,Toronto,Toronto,2009,3 Bedroom,1320.0,a,Excellent,0.6,1948.0,85.5
3520005,Toronto,Toronto,2009,Studio,759.0,a,Excellent,-1.0,1120.0,80.6
3520005,Toronto,Toronto,2009,Total,1014.0,a,Excellent,-0.4,1496.0,83.7
3520005,Toronto,Toronto,2010,1 Bedroom,950.0,a,Excellent,2.5,1368.0,85.6
3520005,Toronto,Toronto,2010,2 Bedroom,1135.0,a,Excellent,2.6,1634.0,87.2
3520005,Toronto,Toronto,2010,3 Bedroom,1354.0,a,Excellent,2.6,1949.0,87.7
3520005,Toronto,Toronto,2010,Studio,779.0,a,Excellent,2.6,1121.0,82.7
3520005,Toronto,Toronto,2010,Total,1046.0,a,Excellent,3.2,1506.0,86.4
3520005,Toronto,Toronto,2011,1 Bedroom,979.0,a,Excellent,3.1,1368.0,88.2
3520005,Toronto,Toronto,2011,2 Bedroom,1161.0,a,Excellent,2.3,1622.0,89.2
3520005,Toronto,Toronto,2011,3 Bedroom,1383.0,a,Excellent,2.1,1933.0,89.6
3520005,Toronto,Toronto,2011,Studio,822.0,a,Excellent,5.5,1149.0,87.3
3520005,Toronto,Toronto,2011,Total,1072.0,a,Excellent,2.5,1498.0,88.5
3520005,Toronto,Toronto,2012,1 Bedroom,1010.0,a,Excellent,3.2,1390.0,91.0
3520005,Toronto,Toronto,2012,2 Bedroom,1194.0,a,Excellent,2.8,1643.0,91.8
3520005,Toronto,Toronto,2012,3 Bedroom,1443.0,a,Excellent,4.3,1986.0,93.5
3520005,Toronto,Toronto,2012,Studio,840.0,a,Excellent,2.2,1156.0,89.2
3520005,Toronto,Toronto,2012,Total,1108.0,a,Excellent,3.4,1525.0,91.5
3520005,Toronto,Toronto,2013,1 Bedroom,1035.0,a,Excellent,2.5,1408.0,93.2
3520005,Toronto,Toronto,2013,2 Bedroom,1225.0,a,Excellent,2.6,1666.0,94.2
3520005,Toronto,Toronto,2013,3 Bedroom,1493.0,a,Excellent,3.5,2031.0,96.7
3520005,Toronto,Toronto,2013,Studio,876.0,a,Excellent,4.3,1192.0,93.0
3520005,Toronto,Toronto,2013,Total,1139.0,a,Excellent,2.8,1549.0,94.1
3520005,Toronto,Toronto,2014,1 Bedroom,1071.0,a,Excellent,3.5,1421.0,96.5
3520005,Toronto,Toronto,2014,2 Bedroom,1264.0,a,Excellent,3.2,1677.0,97.2
3520005,Toronto,Toronto,2014,3 Bedroom,1488.0,a,Excellent,-0.3,1974.0,96.4
3520005,Toronto,Toronto,2014,Studio,899.0,a,Excellent,2.6,1193.0,95.4
3520005,Toronto,Toronto,2014,Total,1170.0,a,Excellent,2.7,1552.0,96.6
3520005,Toronto,Toronto,2015,1 Bedroom,1110.0,a,Excellent,3.6,1450.0,100.0
3520005,Toronto,Toronto,2015,2 Bedroom,1301.0,a,Excellent,2.9,1700.0,100.0
3520005,Toronto,Toronto,2015,3 Bedroom,1544.0,a,Excellent,3.8,2017.0,100.0
3520005,Toronto,Toronto,2015,Studio,942.0,a,Excellent,4.8,1231.0,100.0
3520005,Toronto,Toronto,2015,Total,1211.0,a,Excellent,3.5,1582.0,100.0
3520005,Toronto,Toronto,2016,1 Bedroom,1137.0,a,Excellent,2.4,1456.0,102.4
3520005,Toronto,Toronto,2016,2 Bedroom,1341.0,a,Excellent,3.1,1717.0,103.1
3520005,Toronto,Toronto,2016,3 Bedroom,1549.0,a,Excellent,0.3,1983.0,100.3
3520005,Toronto,Toronto,2016,Studio,962.0,a,Excellent,2.1,1232.0,102.1
3520005,Toronto,Toronto,2016,Total,1241.0,a,Excellent,2.5,1589.0,102.5
3520005,Toronto,Toronto,2017,1 Bedroom,1202.0,a,Excellent,5.7,1508.0,108.3
3520005,Toronto,Toronto,2017,2 Bedroom,1426.0,a,Excellent,6.3,1789.0,109.6
3520005,Toronto,Toronto,2017,3 Bedroom,1610.0,a,Excellent,3.9,2019.0,104.3
3520005,Toronto,Toronto,2017,Studio,1019.0,a,Excellent,5.9,1278.0,108.2
3520005,Toronto,Toronto,2017,Total,1313.0,a,Excellent,5.8,1647.0,108.4
3520005,Toronto,Toronto,2018,1 Bedroom,1270.0,a,Excellent,5.7,1553.0,114.4
3520005,Toronto,Toronto,2018,2 Bedroom,1494.0,a,Excellent,4.8,1827.0,114.8
3520005,Toronto,Toronto,2018,3 Bedroom,1674.0,a,Excellent,4.0,2047.0,108.4
3520005,Toronto,Toronto,2018,Studio,1089.0,a,Excellent,6.9,1332.0,115.6
3520005,Toronto,Toronto,2018,Total,1378.0,a,Excellent,5.0,1685.0,113.8
3520005,Toronto,Toronto,2019,1 Bedroom,1374.0,a,Excellent,8.2,1647.0,123.8
3520005,Toronto,Toronto,2019,2 Bedroom,1592.0,a,Excellent,6.6,1909.0,122.4
3520005,Toronto,Toronto,2019,3 Bedroom,1764.0,a,Excellent,5.4,2115.0,114.2
3520005,Toronto,Toronto,2019,Studio,1148.0,a,Excellent,5.4,1376.0,121.9
3520005,Toronto,Toronto,2019,Total,1476.0,a,Excellent,7.1,1769.0,121.9
3520005,Toronto,Toronto,2020,1 Bedroom,1431.0,a,Excellent,4.1,1710.0,128.9
3520005,Toronto,Toronto,2020,2 Bedroom,1664.0,a,Excellent,4.5,1988.0,127.9
3520005,Toronto,Toronto,2020,3 Bedroom,1901.0,a,Excellent,7.8,2272.0,123.1
3520005,Toronto,Toronto,2020,Studio,1211.0,a,Excellent,5.5,1447.0,128.6
3520005,Toronto,Toronto,2020,Total,1545.0,a,Excellent,4.7,1846.0,127.6
3520005,Toronto,Toronto,2021,1 Bedroom,1447.0,a,Excellent,1.1,1681.0,130.4
3520005,Toronto,Toronto,2021,2 Bedroom,1705.0,a,Excellent,2.5,1981.0,131.1
3520005,Toronto,Toronto,2021,3 Bedroom,1970.0,a,Excellent,3.6,2289.0,127.6
3520005,Toronto,Toronto,2021,Studio,1225.0,a,Excellent,1.2,1423.0,130.0
3520005,Toronto,Toronto,2021,Total,1577.0,a,Excellent,2.1,1833.0,130.2
3520005,Toronto,Toronto,2022,1 Bedroom,1538.0,a,Excellent,6.3,1677.0,138.6
3520005,Toronto,Toronto,2022,2 Bedroom,1811.0,a,Excellent,6.2,1975.0,139.2
3520005,Toronto,Toronto,2022,3 Bedroom,2077.0,a,Excellent,5.4,2265.0,134.5
3520005,Toronto,Toronto,2022,Studio,1317.0,a,Excellent,7.5,1436.0,139.8
3520005,Toronto,Toronto,2022,Total,1678.0,a,Excellent,6.4,1830.0,138.6
3520005,Toronto,Toronto,2023,1 Bedroom,1708.0,a,Excellent,11.1,1788.0,153.9
3520005,Toronto,Toronto,2023,2 Bedroom,1990.0,a,Excellent,9.9,2083.0,153.0
3520005,Toronto,Toronto,2023,3 Bedroom,2222.0,a,Excellent,7.0,2326.0,143.9
3520005,Toronto,Toronto,2023,Studio,1427.0,a,Excellent,8.4,1494.0,151.5
3520005,Toronto,Toronto,2023,Total,1845.0,a,Excellent,10.0,1932.0,152.4
3520005,Toronto,Toronto,2024,1 Bedroom,1715.0,a,Excellent,0.4,1746.0,154.5
3520005,Toronto,Toronto,2024,2 Bedroom,1984.0,a,Excellent,-0.3,2020.0,152.5
3520005,Toronto,Toronto,2024,3 Bedroom,2232.0,a,Excellent,0.5,2272.0,144.6
3520005,Toronto,Toronto,2024,Studio,1456.0,a,Excellent,2.0,1482.0,154.6
3520005,Toronto,Toronto,2024,Total,1851.0,a,Excellent,0.3,1884.0,152.8
3520005,Toronto,Toronto,2025,1 Bedroom,1763.0,a,Excellent,2.8,1763.0,158.8
3520005,Toronto,Toronto,2025,2 Bedroom,2055.0,a,Excellent,3.6,2055.0,158.0
3520005,Toronto,Toronto,2025,3 Bedroom,2342.0,a,Excellent,4.9,2342.0,151.7
3520005,Toronto,Toronto,2025,Studio,1499.0,a,Excellent,3.0,1499.0,159.1
3520005,Toronto,Toronto,2025,Total,1916.0,a,Excellent,3.5,1916.0,158.2
3521005,Mississauga,Peel,1990,1 Bedroom,595.0,a,Excellent,,1264.0,55.8
3521005,Mississauga,Peel,1990,2 Bedroom,747.0,a,Excellent,,1587.0,60.1
3521005,Mississauga,Peel,1990,3 Bedroom,871.0,a,Excellent,,1850.0,60.4
3521005,Mississauga,Peel,1990,Studio,418.0,a,Excellent,,888.0,50.5
3521005,Mississauga,Peel,1990,Total,710.0,a,Excellent,,1508.0,58.9
3521005,Mississauga,Peel,1991,1 Bedroom,619.0,a,Excellent,4.0,1262.0,58.0
3521005,Mississauga,Peel,1991,2 Bedroom,778.0,a,Excellent,4.1,1586.0,62.6
3521005,Mississauga,Peel,1991,3 Bedroom,894.0,a,Excellent,2.6,1823.0,62.0
3521005,Mississauga,Peel,1991,Studio,502.0,a,Excellent,20.1,1024.0,60.7
3521005,Mississauga,Peel,1991,Total,736.0,a,Excellent,3.7,1501.0,61.1
3521005,Mississauga,Peel,1992,1 Bedroom,654.0,a,Excellent,5.7,1322.0,61.3
3521005,Mississauga,Peel,1992,2 Bedroom,802.0,a,Excellent,3.1,1621.0,64.5
3521005,Mississauga,Peel,1992,3 Bedroom,893.0,a,Excellent,-0.1,1805.0,61.9
3521005,Mississauga,Peel,1992,Studio,508.0,a,Excellent,1.2,1027.0,61.4
3521005,Mississauga,Peel,1992,Total,760.0,a,Excellent,3.3,1536.0,63.1
3521005,Mississauga,Peel,1993,1 Bedroom,660.0,a,Excellent,0.9,1313.0,61.9
3521005,Mississauga,Peel,1993,2 Bedroom,819.0,a,Excellent,2.1,1629.0,65.9
3521005,Mississauga,Peel,1993,3 Bedroom,903.0,a,Excellent,1.1,1796.0,62.6
3521005,Mississauga,Peel,1993,Studio,544.0,a,Excellent,7.1,1082.0,65.8
3521005,Mississauga,Peel,1993,Total,771.0,a,Excellent,1.4,1534.0,64.0
3521005,Mississauga,Peel,1994,1 Bedroom,676.0,a,Excellent,2.4,1343.0,63.4
3521005,Mississauga,Peel,1994,2 Bedroom,810.0,a,Excellent,-1.1,1610.0,65.2
3521005,Mississauga,Peel,1994,3 Bedroom,918.0,a,Excellent,1.7,1824.0,63.7
3521005,Mississauga,Peel,1994,Studio,551.0,a,Excellent,1.3,1095.0,66.6
3521005,Mississauga,Peel,1994,Total,772.0,a,Excellent,0.1,1534.0,64.1
3521005,Mississauga,Peel,1995,1 Bedroom,682.0,a,Excellent,0.9,1323.0,63.9
3521005,Mississauga,Peel,1995,2 Bedroom,833.0,a,Excellent,2.8,1615.0,67.0
3521005,Mississauga,Peel,1995,3 Bedroom,929.0,a,Excellent,1.2,1802.0,64.4
3521005,Mississauga,Peel,1995,Studio,562.0,a,Excellent,2.0,1090.0,68.0
3521005,Mississauga,Peel,1995,Total,787.0,a,Excellent,1.9,1526.0,65.3
3521005,Mississauga,Peel,1996,1 Bedroom,699.0,a,Excellent,2.5,1333.0,65.5
3521005,Mississauga,Peel,1996,2 Bedroom,847.0,a,Excellent,1.7,1616.0,68.1
3521005,Mississauga,Peel,1996,3 Bedroom,942.0,a,Excellent,1.4,1797.0,65.3
3521005,Mississauga,Peel,1996,Studio,578.0,a,Excellent,2.8,1103.0,69.9
3521005,Mississauga,Peel,1996,Total,801.0,a,Excellent,1.8,1528.0,66.5
3521005,Mississauga,Peel,1997,1 Bedroom,714.0,a,Excellent,2.1,1338.0,66.9
3521005,Mississauga,Peel,1997,2 Bedroom,845.0,a,Excellent,-0.2,1583.0,68.0
3521005,Mississauga,Peel,1997,3 Bedroom,942.0,a,Excellent,0.0,1765.0,65.3
3521005,Mississauga,Peel,1997,Studio,589.0,a,Excellent,1.9,1104.0,71.2
3521005,Mississauga,Peel,1997,Total,806.0,a,Excellent,0.6,1510.0,66.9
3521005,Mississauga,Peel,1998,1 Bedroom,758.0,a,Excellent,6.2,1405.0,71.0
3521005,Mississauga,Peel,1998,2 Bedroom,900.0,a,Excellent,6.5,1669.0,72.4
3521005,Mississauga,Peel,1998,3 Bedroom,1028.0,a,Excellent,9.1,1906.0,71.3
3521005,Mississauga,Peel,1998,Studio,639.0,a,Excellent,8.5,1185.0,77.3
3521005,Mississauga,Peel,1998,Total,860.0,a,Excellent,6.7,1595.0,71.4
3521005,Mississauga,Peel,1999,1 Bedroom,771.0,a,Excellent,1.7,1402.0,72.3
3521005,Mississauga,Peel,1999,2 Bedroom,897.0,a,Excellent,-0.3,1631.0,72.2
3521005,Mississauga,Peel,1999,3 Bedroom,1036.0,a,Excellent,0.8,1884.0,71.8
3521005,Mississauga,Peel,1999,Studio,695.0,a,Excellent,8.8,1264.0,84.0
3521005,Mississauga,Peel,1999,Total,865.0,a,Excellent,0.6,1573.0,71.8
3521005,Mississauga,Peel,2000,1 Bedroom,837.0,a,Excellent,8.6,1477.0,78.4
3521005,Mississauga,Peel,2000,2 Bedroom,991.0,a,Excellent,10.5,1749.0,79.7
3521005,Mississauga,Peel,2000,3 Bedroom,1125.0,a,Excellent,8.6,1985.0,78.0
3521005,Mississauga,Peel,2000,Studio,666.0,a,Excellent,-4.2,1175.0,80.5
3521005,Mississauga,Peel,2000,Total,945.0,a,Excellent,9.2,1668.0,78.4
3521005,Mississauga,Peel,2001,1 Bedroom,868.0,a,Excellent,3.7,1486.0,81.3
3521005,Mississauga,Peel,2001,2 Bedroom,1002.0,a,Excellent,1.1,1715.0,80.6
3521005,Mississauga,Peel,2001,3 Bedroom,1175.0,a,Excellent,4.4,2011.0,81.5
3521005,Mississauga,Peel,2001,Studio,668.0,a,Excellent,0.3,1143.0,80.8
3521005,Mississauga,Peel,2001,Total,970.0,a,Excellent,2.6,1660.0,80.5
3521005,Mississauga,Peel,2002,1 Bedroom,903.0,a,Excellent,4.0,1514.0,84.6
3521005,Mississauga,Peel,2002,2 Bedroom,1044.0,a,Excellent,4.2,1750.0,84.0
3521005,Mississauga,Peel,2002,3 Bedroom,1204.0,a,Excellent,2.5,2019.0,83.5
3521005,Mississauga,Peel,2002,Studio,690.0,a,Excellent,3.3,1157.0,83.4
3521005,Mississauga,Peel,2002,Total,1007.0,a,Excellent,3.8,1688.0,83.6
3521005,Mississauga,Peel,2003,1 Bedroom,897.0,a,Excellent,-0.7,1460.0,84.1
3521005,Mississauga,Peel,2003,2 Bedroom,1038.0,a,Excellent,-0.6,1689.0,83.5
3521005,Mississauga,Peel,2003,3 Bedroom,1205.0,a,Excellent,0.1,1961.0,83.6
3521005,Mississauga,Peel,2003,Studio,685.0,a,Excellent,-0.7,1115.0,82.8
3521005,Mississauga,Peel,2003,Total,1002.0,a,Excellent,-0.5,1630.0,83.2
3521005,Mississauga,Peel,2004,1 Bedroom,889.0,a,Excellent,-0.9,1424.0,83.3
3521005,Mississauga,Peel,2004,2 Bedroom,1027.0,a,Excellent,-1.1,1645.0,82.6
3521005,Mississauga,Peel,2004,3 Bedroom,1224.0,a,Excellent,1.6,1960.0,84.9
3521005,Mississauga,Peel,2004,Studio,694.0,a,Excellent,1.3,1112.0,83.9
3521005,Mississauga,Peel,2004,Total,1003.0,a,Excellent,0.1,1606.0,83.2
3521005,Mississauga,Peel,2005,1 Bedroom,903.0,a,Excellent,1.6,1420.0,84.6
3521005,Mississauga,Peel,2005,2 Bedroom,1035.0,a,Excellent,0.8,1627.0,83.3
3521005,Mississauga,Peel,2005,3 Bedroom,1217.0,a,Excellent,-0.6,1913.0,84.4
3521005,Mississauga,Peel,2005,Studio,702.0,a,Excellent,1.2,1104.0,84.9
3521005,Mississauga,Peel,2005,Total,1010.0,a,Excellent,0.7,1588.0,83.8
3521005,Mississauga,Peel,2006,1 Bedroom,898.0,a,Excellent,-0.6,1389.0,84.2
3521005,Mississauga,Peel,2006,2 Bedroom,1033.0,a,Excellent,-0.2,1598.0,83.1
3521005,Mississauga,Peel,2006,3 Bedroom,1194.0,a,Excellent,-1.9,1847.0,82.8
3521005,Mississauga,Peel,2006,Studio,696.0,a,Excellent,-0.9,1077.0,84.2
3521005,Mississauga,Peel,2006,Total,1001.0,a,Excellent,-0.9,1549.0,83.1
3521005,Mississauga,Peel,2007,1 Bedroom,891.0,a,Excellent,-0.8,1353.0,83.5
3521005,Mississauga,Peel,2007,2 Bedroom,1021.0,a,Excellent,-1.2,1550.0,82.1
3521005,Mississauga,Peel,2007,3 Bedroom,1232.0,a,Excellent,3.2,1870.0,85.4
3521005,Mississauga,Peel,2007,Studio,716.0,a,Excellent,2.9,1087.0,86.6
3521005,Mississauga,Peel,2007,Total,1002.0,a,Excellent,0.1,1521.0,83.2
3521005,Mississauga,Peel,2008,1 Bedroom,925.0,a,Excellent,3.8,1371.0,86.7
3521005,Mississauga,Peel,2008,2 Bedroom,1066.0,a,Excellent,4.4,1580.0,85.8
3521005,Mississauga,Peel,2008,3 Bedroom,1264.0,a,Excellent,2.6,1873.0,87.7
3521005,Mississauga,Peel,2008,Studio,715.0,a,Excellent,-0.1,1060.0,86.5
3521005,Mississauga,Peel,2008,Total,1042.0,a,Excellent,4.0,1544.0,86.5
3521005,Mississauga,Peel,2009,1 Bedroom,928.0,a,Excellent,0.3,1369.0,87.0
3521005,Mississauga,Peel,2009,2 Bedroom,1067.0,a,Excellent,0.1,1574.0,85.8
3521005,Mississauga,Peel,2009,3 Bedroom,1292.0,a,Excellent,2.2,1906.0,89.6
3521005,Mississauga,Peel,2009,Studio,725.0,a,Excellent,1.4,1070.0,87.7
3521005,Mississauga,Peel,2009,Total,1049.0,a,Excellent,0.7,1548.0,87.1
3521005,Mississauga,Peel,2010,1 Bedroom,949.0,a,Excellent,2.3,1366.0,88.9
3521005,Mississauga,Peel,2010,2 Bedroom,1090.0,a,Excellent,2.2,1569.0,87.7
3521005,Mississauga,Peel,2010,3 Bedroom,1281.0,a,Excellent,-0.9,1844.0,88.8
3521005,Mississauga,Peel,2010,Studio,723.0,a,Excellent,-0.3,1041.0,87.4
3521005,Mississauga,Peel,2010,Total,1064.0,a,Excellent,1.4,1532.0,88.3
3521005,Mississauga,Peel,2011,1 Bedroom,975.0,a,Excellent,2.7,1362.0,91.4
3521005,Mississauga,Peel,2011,2 Bedroom,1116.0,a,Excellent,2.4,1559.0,89.8
3521005,Mississauga,Peel,2011,3 Bedroom,1331.0,a,Excellent,3.9,1860.0,92.3
3521005,Mississauga,Peel,2011,Studio,757.0,a,Excellent,4.7,1058.0,91.5
3521005,Mississauga,Peel,2011,Total,1094.0,a,Excellent,2.8,1529.0,90.8
3521005,Mississauga,Peel,2012,1 Bedroom,995.0,a,Excellent,2.1,1369.0,93.3
3521005,Mississauga,Peel,2012,2 Bedroom,1145.0,a,Excellent,2.6,1576.0,92.1
3521005,Mississauga,Peel,2012,3 Bedroom,1361.0,a,Excellent,2.3,1873.0,94.4
3521005,Mississauga,Peel,2012,Studio,770.0,a,Excellent,1.7,1060.0,93.1
3521005,Mississauga,Peel,2012,Total,1121.0,a,Excellent,2.5,1543.0,93.0
3521005,Mississauga,Peel,2013,1 Bedroom,1013.0,a,Excellent,1.8,1378.0,94.9
3521005,Mississauga,Peel,2013,2 Bedroom,1170.0,a,Excellent,2.2,1591.0,94.1
3521005,Mississauga,Peel,2013,3 Bedroom,1384.0,a,Excellent,1.7,1882.0,96.0
3521005,Mississauga,Peel,2013,Studio,800.0,a,Excellent,3.9,1088.0,96.7
3521005,Mississauga,Peel,2013,Total,1146.0,a,Excellent,2.2,1559.0,95.1
3521005,Mississauga,Peel,2014,1 Bedroom,1050.0,a,Excellent,3.7,1393.0,98.4
3521005,Mississauga,Peel,2014,2 Bedroom,1210.0,a,Excellent,3.4,1605.0,97.3
3521005,Mississauga,Peel,2014,3 Bedroom,1417.0,a,Excellent,2.4,1880.0,98.3
3521005,Mississauga,Peel,2014,Studio,827.0,a,Excellent,3.4,1097.0,100.0
3521005,Mississauga,Peel,2014,Total,1177.0,a,Excellent,2.7,1562.0,97.7
3521005,Mississauga,Peel,2015,1 Bedroom,1067.0,a,Excellent,1.6,1394.0,100.0
3521005,Mississauga,Peel,2015,2 Bedroom,1243.0,a,Excellent,2.7,1624.0,100.0
3521005,Mississauga,Peel,2015,3 Bedroom,1442.0,a,Excellent,1.8,1884.0,100.0
3521005,Mississauga,Peel,2015,Studio,827.0,a,Excellent,0.0,1080.0,100.0
3521005,Mississauga,Peel,2015,Total,1205.0,a,Excellent,2.4,1574.0,100.0
3521005,Mississauga,Peel,2016,1 Bedroom,1109.0,a,Excellent,3.9,1420.0,103.9
3521005,Mississauga,Peel,2016,2 Bedroom,1276.0,a,Excellent,2.7,1634.0,102.7
3521005,Mississauga,Peel,2016,3 Bedroom,1501.0,a,Excellent,4.1,1922.0,104.1
3521005,Mississauga,Peel,2016,Studio,866.0,a,Excellent,4.7,1109.0,104.7
3521005,Mississauga,Peel,2016,Total,1244.0,a,Excellent,3.2,1593.0,103.2
3521005,Mississauga,Peel,2017,1 Bedroom,1151.0,a,Excellent,3.8,1444.0,107.9
3521005,Mississauga,Peel,2017,2 Bedroom,1330.0,a,Excellent,4.2,1668.0,107.0
3521005,Mississauga,Peel,2017,3 Bedroom,1563.0,a,Excellent,4.1,1960.0,108.4
3521005,Mississauga,Peel,2017,Studio,917.0,a,Excellent,5.9,1150.0,110.9
3521005,Mississauga,Peel,2017,Total,1293.0,a,Excellent,3.9,1622.0,107.3
3521005,Mississauga,Peel,2018,1 Bedroom,1233.0,a,Excellent,7.1,1508.0,115.6
3521005,Mississauga,Peel,2018,2 Bedroom,1396.0,a,Excellent,5.0,1707.0,112.3
3521005,Mississauga,Peel,2018,3 Bedroom,1590.0,a,Excellent,1.7,1945.0,110.3
3521005,Mississauga,Peel,2018,Studio,922.0,a,Excellent,0.5,1128.0,111.5
3521005,Mississauga,Peel,2018,Total,1363.0,a,Excellent,5.4,1667.0,113.1
3521005,Mississauga,Peel,2019,1 Bedroom,1297.0,a,Excellent,5.2,1555.0,121.6
3521005,Mississauga,Peel,2019,2 Bedroom,1462.0,a,Excellent,4.7,1753.0,117.6
3521005,Mississauga,Peel,2019,3 Bedroom,1652.0,a,Excellent,3.9,1980.0,114.6
3521005,Mississauga,Peel,2019,Studio,1007.0,a,Excellent,9.2,1207.0,121.8
3521005,Mississauga,Peel,2019,Total,1425.0,a,Excellent,4.5,1708.0,118.3
3521005,Mississauga,Peel,2020,1 Bedroom,1384.0,a,Excellent,6.7,1654.0,129.7
3521005,Mississauga,Peel,2020,2 Bedroom,1554.0,a,Excellent,6.3,1857.0,125.0
3521005,Mississauga,Peel,2020,3 Bedroom,1751.0,a,Excellent,6.0,2092.0,121.4
3521005,Mississauga,Peel,2020,Studio,1052.0,a,Excellent,4.5,1257.0,127.2
3521005,Mississauga,Peel,2020,Total,1515.0,a,Excellent,6.3,1810.0,125.7
3521005,Mississauga,Peel,2021,1 Bedroom,1434.0,a,Excellent,3.6,1666.0,134.4
3521005,Mississauga,Peel,2021,2 Bedroom,1609.0,a,Excellent,3.5,1870.0,129.4
3521005,Mississauga,Peel,2021,3 Bedroom,1802.0,a,Excellent,2.9,2094.0,125.0
3521005,Mississauga,Peel,2021,Studio,1099.0,a,Excellent,4.5,1277.0,132.9
3521005,Mississauga,Peel,2021,Total,1569.0,a,Excellent,3.6,1823.0,130.2
3521005,Mississauga,Peel,2022,1 Bedroom,1473.0,a,Excellent,2.7,1606.0,138.1
3521005,Mississauga,Peel,2022,2 Bedroom,1661.0,a,Excellent,3.2,1811.0,133.6
3521005,Mississauga,Peel,2022,3 Bedroom,1906.0,a,Excellent,5.8,2079.0,132.2
3521005,Mississauga,Peel,2022,Studio,1130.0,b,Very good,2.8,1232.0,136.6
3521005,Mississauga,Peel,2022,Total,1611.0,a,Excellent,2.7,1757.0,133.7
3521005,Mississauga,Peel,2023,1 Bedroom,1627.0,a,Excellent,10.5,1703.0,152.5
3521005,Mississauga,Peel,2023,2 Bedroom,1854.0,a,Excellent,11.6,1941.0,149.2
3521005,Mississauga,Peel,2023,3 Bedroom,2001.0,a,Excellent,5.0,2095.0,138.8
3521005,Mississauga,Peel,2023,Studio,1102.0,c,Good,-2.5,1154.0,133.3
3521005,Mississauga,Peel,2023,Total,1777.0,a,Excellent,10.3,1860.0,147.5
3521005,Mississauga,Peel,2024,1 Bedroom,1752.0,a,Excellent,7.7,1784.0,164.2
3521005,Mississauga,Peel,2024,2 Bedroom,1938.0,a,Excellent,4.5,1973.0,155.9
3521005,Mississauga,Peel,2024,3 Bedroom,2073.0,a,Excellent,3.6,2111.0,143.8
3521005,Mississauga,Peel,2024,Studio,1274.0,b,Very good,15.6,1297.0,154.1
3521005,Mississauga,Peel,2024,Total,1877.0,a,Excellent,5.6,1911.0,155.8
3521005,Mississauga,Peel,2025,1 Bedroom,1747.0,a,Excellent,-0.3,1747.0,163.7
3521005,Mississauga,Peel,2025,2 Bedroom,2001.0,a,Excellent,3.3,2001.0,161.0
3521005,Mississauga,Peel,2025,3 Bedroom,2176.0,a,Excellent,5.0,2176.0,150.9
3521005,Mississauga,Peel,2025,Studio,1262.0,b,Very good,-0.9,1262.0,152.6
3521005,Mississauga,Peel,2025,Total,1917.0,a,Excellent,2.1,1917.0,159.1
3521010,Brampton,Peel,1990,1 Bedroom,599.0,a,Excellent,,1272.0,57.1
3521010,Brampton,Peel,1990,2 Bedroom,709.0,a,Excellent,,1506.0,58.5
3521010,Brampton,Peel,1990,3 Bedroom,824.0,a,Excellent,,1750.0,59.8
3521010,Brampton,Peel,1990,Studio,409.0,a,Excellent,,869.0,53.2
3521010,Brampton,Peel,1990,Total,686.0,a,Excellent,,1457.0,58.6
3521010,Brampton,Peel,1991,1 Bedroom,633.0,a,Excellent,5.7,1291.0,60.3
3521010,Brampton,Peel,1991,2 Bedroom,760.0,a,Excellent,7.2,1550.0,62.8
3521010,Brampton,Peel,1991,3 Bedroom,894.0,a,Excellent,8.5,1823.0,64.8
3521010,Brampton,Peel,1991,Studio,456.0,a,Excellent,11.5,930.0,59.3
3521010,Brampton,Peel,1991,Total,736.0,a,Excellent,7.3,1501.0,62.9
3521010,Brampton,Peel,1992,1 Bedroom,639.0,a,Excellent,0.9,1291.0,60.9
3521010,Brampton,Peel,1992,2 Bedroom,802.0,a,Excellent,5.5,1621.0,66.2
3521010,Brampton,Peel,1992,3 Bedroom,908.0,a,Excellent,1.6,1835.0,65.8
3521010,Brampton,Peel,1992,Studio,510.0,a,Excellent,11.8,1031.0,66.3
3521010,Brampton,Peel,1992,Total,767.0,a,Excellent,4.2,1550.0,65.5
3521010,Brampton,Peel,1993,1 Bedroom,657.0,a,Excellent,2.8,1307.0,62.6
3521010,Brampton,Peel,1993,2 Bedroom,777.0,a,Excellent,-3.1,1546.0,64.2
3521010,Brampton,Peel,1993,3 Bedroom,928.0,a,Excellent,2.2,1846.0,67.3
3521010,Brampton,Peel,1993,Studio,510.0,a,Excellent,0.0,1014.0,66.3
3521010,Brampton,Peel,1993,Total,759.0,a,Excellent,-1.0,1510.0,64.8
3521010,Brampton,Peel,1994,1 Bedroom,663.0,a,Excellent,0.9,1317.0,63.2
3521010,Brampton,Peel,1994,2 Bedroom,803.0,a,Excellent,3.3,1596.0,66.3
3521010,Brampton,Peel,1994,3 Bedroom,917.0,a,Excellent,-1.2,1822.0,66.5
3521010,Brampton,Peel,1994,Studio,526.0,a,Excellent,3.1,1045.0,68.4
3521010,Brampton,Peel,1994,Total,773.0,a,Excellent,1.8,1536.0,66.0
3521010,Brampton,Peel,1995,1 Bedroom,677.0,a,Excellent,2.1,1313.0,64.5
3521010,Brampton,Peel,1995,2 Bedroom,813.0,a,Excellent,1.2,1577.0,67.1
3521010,Brampton,Peel,1995,3 Bedroom,929.0,a,Excellent,1.3,1802.0,67.4
3521010,Brampton,Peel,1995,Studio,525.0,a,Excellent,-0.2,1018.0,68.3
3521010,Brampton,Peel,1995,Total,782.0,a,Excellent,1.2,1517.0,66.8
3521010,Brampton,Peel,1996,1 Bedroom,691.0,a,Excellent,2.1,1318.0,65.9
3521010,Brampton,Peel,1996,2 Bedroom,832.0,a,Excellent,2.3,1587.0,68.7
3521010,Brampton,Peel,1996,3 Bedroom,953.0,a,Excellent,2.6,1818.0,69.1
3521010,Brampton,Peel,1996,Studio,515.0,a,Excellent,-1.9,982.0,67.0
3521010,Brampton,Peel,1996,Total,802.0,a,Excellent,2.6,1530.0,68.5
3521010,Brampton,Peel,1997,1 Bedroom,704.0,a,Excellent,1.9,1319.0,67.1
3521010,Brampton,Peel,1997,2 Bedroom,831.0,a,Excellent,-0.1,1557.0,68.6
3521010,Brampton,Peel,1997,3 Bedroom,939.0,a,Excellent,-1.5,1759.0,68.1
3521010,Brampton,Peel,1997,Studio,542.0,a,Excellent,5.2,1016.0,70.5
3521010,Brampton,Peel,1997,Total,802.0,a,Excellent,0.0,1503.0,68.5
3521010,Brampton,Peel,1998,1 Bedroom,743.0,a,Excellent,5.5,1378.0,70.8
3521010,Brampton,Peel,1998,2 Bedroom,874.0,a,Excellent,5.2,1621.0,72.2
3521010,Brampton,Peel,1998,3 Bedroom,984.0,a,Excellent,4.8,1824.0,71.4
3521010,Brampton,Peel,1998,Studio,548.0,a,Excellent,1.1,1016.0,71.3
3521010,Brampton,Peel,1998,Total,842.0,a,Excellent,5.0,1561.0,71.9
3521010,Brampton,Peel,1999,1 Bedroom,780.0,a,Excellent,5.0,1418.0,74.4
3521010,Brampton,Peel,1999,2 Bedroom,914.0,a,Excellent,4.6,1662.0,75.5
3521010,Brampton,Peel,1999,3 Bedroom,1034.0,a,Excellent,5.1,1880.0,75.0
3521010,Brampton,Peel,1999,Studio,579.0,b,Very good,5.7,1053.0,75.3
3521010,Brampton,Peel,1999,Total,883.0,a,Excellent,4.9,1606.0,75.4
3521010,Brampton,Peel,2000,1 Bedroom,805.0,a,Excellent,3.2,1421.0,76.7
3521010,Brampton,Peel,2000,2 Bedroom,960.0,a,Excellent,5.0,1694.0,79.3
3521010,Brampton,Peel,2000,3 Bedroom,1086.0,a,Excellent,5.0,1917.0,78.8
3521010,Brampton,Peel,2000,Studio,622.0,a,Excellent,7.4,1098.0,80.9
3521010,Brampton,Peel,2000,Total,923.0,a,Excellent,4.5,1629.0,78.8
3521010,Brampton,Peel,2001,1 Bedroom,864.0,a,Excellent,7.3,1479.0,82.4
3521010,Brampton,Peel,2001,2 Bedroom,1010.0,a,Excellent,5.2,1729.0,83.4
3521010,Brampton,Peel,2001,3 Bedroom,1119.0,a,Excellent,3.0,1915.0,81.1
3521010,Brampton,Peel,2001,Studio,644.0,a,Excellent,3.5,1102.0,83.7
3521010,Brampton,Peel,2001,Total,969.0,a,Excellent,5.0,1659.0,82.7
3521010,Brampton,Peel,2002,1 Bedroom,872.0,a,Excellent,0.9,1462.0,83.1
3521010,Brampton,Peel,2002,2 Bedroom,1027.0,a,Excellent,1.7,1722.0,84.8
3521010,Brampton,Peel,2002,3 Bedroom,1116.0,a,Excellent,-0.3,1871.0,80.9
3521010,Brampton,Peel,2002,Studio,674.0,a,Excellent,4.7,1130.0,87.6
3521010,Brampton,Peel,2002,Total,980.0,a,Excellent,1.1,1643.0,83.7
3521010,Brampton,Peel,2003,1 Bedroom,886.0,a,Excellent,1.6,1442.0,84.5
3521010,Brampton,Peel,2003,2 Bedroom,1022.0,a,Excellent,-0.5,1663.0,84.4
3521010,Brampton,Peel,2003,3 Bedroom,1142.0,a,Excellent,2.3,1858.0,82.8
3521010,Brampton,Peel,2003,Studio,665.0,a,Excellent,-1.3,1082.0,86.5
3521010,Brampton,Peel,2003,Total,983.0,a,Excellent,0.3,1600.0,83.9
3521010,Brampton,Peel,2004,1 Bedroom,887.0,a,Excellent,0.1,1421.0,84.6
3521010,Brampton,Peel,2004,2 Bedroom,1016.0,a,Excellent,-0.6,1627.0,83.9
3521010,Brampton,Peel,2004,3 Bedroom,1150.0,a,Excellent,0.7,1842.0,83.4
3521010,Brampton,Peel,2004,Studio,688.0,a,Excellent,3.5,1102.0,89.5
3521010,Brampton,Peel,2004,Total,988.0,a,Excellent,0.5,1582.0,84.4
3521010,Brampton,Peel,2005,1 Bedroom,893.0,a,Excellent,0.7,1404.0,85.1
3521010,Brampton,Peel,2005,2 Bedroom,1005.0,a,Excellent,-1.1,1580.0,83.0
3521010,Brampton,Peel,2005,3 Bedroom,1170.0,a,Excellent,1.7,1839.0,84.8
3521010,Brampton,Peel,2005,Studio,682.0,a,Excellent,-0.9,1072.0,88.7
3521010,Brampton,Peel,2005,Total,989.0,a,Excellent,0.1,1555.0,84.5
3521010,Brampton,Peel,2006,1 Bedroom,888.0,a,Excellent,-0.6,1374.0,84.7
3521010,Brampton,Peel,2006,2 Bedroom,1012.0,a,Excellent,0.7,1566.0,83.6
3521010,Brampton,Peel,2006,3 Bedroom,1156.0,a,Excellent,-1.2,1788.0,83.8
3521010,Brampton,Peel,2006,Studio,668.0,a,Excellent,-2.1,1033.0,86.9
3521010,Brampton,Peel,2006,Total,989.0,a,Excellent,0.0,1530.0,84.5
3521010,Brampton,Peel,2007,1 Bedroom,895.0,a,Excellent,0.8,1359.0,85.3
3521010,Brampton,Peel,2007,2 Bedroom,1022.0,a,Excellent,1.0,1551.0,84.4
3521010,Brampton,Peel,2007,3 Bedroom,1144.0,a,Excellent,-1.0,1737.0,83.0
3521010,Brampton,Peel,2007,Studio,703.0,a,Excellent,5.2,1067.0,91.4
3521010,Brampton,Peel,2007,Total,987.0,a,Excellent,-0.2,1498.0,84.3
3521010,Brampton,Peel,2008,1 Bedroom,931.0,a,Excellent,4.0,1380.0,88.8
3521010,Brampton,Peel,2008,2 Bedroom,1056.0,a,Excellent,3.3,1565.0,87.2
3521010,Brampton,Peel,2008,3 Bedroom,1217.0,a,Excellent,6.4,1804.0,88.3
3521010,Brampton,Peel,2008,Studio,704.0,a,Excellent,0.1,1043.0,91.5
3521010,Brampton,Peel,2008,Total,1033.0,a,Excellent,4.7,1531.0,88.2
3521010,Brampton,Peel,2009,1 Bedroom,930.0,a,Excellent,-0.1,1372.0,88.7
3521010,Brampton,Peel,2009,2 Bedroom,1071.0,a,Excellent,1.4,1580.0,88.4
3521010,Brampton,Peel,2009,3 Bedroom,1202.0,a,Excellent,-1.2,1773.0,87.2
3521010,Brampton,Peel,2009,Studio,718.0,a,Excellent,2.0,1059.0,93.4
3521010,Brampton,Peel,2009,Total,1044.0,a,Excellent,1.1,1540.0,89.2
3521010,Brampton,Peel,2010,1 Bedroom,937.0,a,Excellent,0.8,1349.0,89.3
3521010,Brampton,Peel,2010,2 Bedroom,1085.0,a,Excellent,1.3,1562.0,89.6
3521010,Brampton,Peel,2010,3 Bedroom,1234.0,a,Excellent,2.7,1776.0,89.5
3521010,Brampton,Peel,2010,Studio,737.0,a,Excellent,2.6,1061.0,95.8
3521010,Brampton,Peel,2010,Total,1050.0,a,Excellent,0.6,1511.0,89.7
3521010,Brampton,Peel,2011,1 Bedroom,953.0,a,Excellent,1.7,1332.0,90.8
3521010,Brampton,Peel,2011,2 Bedroom,1092.0,a,Excellent,0.6,1526.0,90.2
3521010,Brampton,Peel,2011,3 Bedroom,1226.0,a,Excellent,-0.6,1713.0,88.9
3521010,Brampton,Peel,2011,Studio,748.0,a,Excellent,1.5,1045.0,97.3
3521010,Brampton,Peel,2011,Total,1058.0,a,Excellent,0.8,1478.0,90.4
3521010,Brampton,Peel,2012,1 Bedroom,983.0,a,Excellent,3.1,1353.0,93.7
3521010,Brampton,Peel,2012,2 Bedroom,1127.0,a,Excellent,3.2,1551.0,93.1
3521010,Brampton,Peel,2012,3 Bedroom,1291.0,a,Excellent,5.3,1777.0,93.6
3521010,Brampton,Peel,2012,Studio,761.0,a,Excellent,1.7,1047.0,99.0
3521010,Brampton,Peel,2012,Total,1095.0,a,Excellent,3.5,1507.0,93.5
3521010,Brampton,Peel,2013,1 Bedroom,1003.0,a,Excellent,2.0,1364.0,95.6
3521010,Brampton,Peel,2013,2 Bedroom,1148.0,a,Excellent,1.9,1561.0,94.8
3521010,Brampton,Peel,2013,3 Bedroom,1339.0,a,Excellent,3.7,1821.0,97.1
3521010,Brampton,Peel,2013,Studio,755.0,a,Excellent,-0.8,1027.0,98.2
3521010,Brampton,Peel,2013,Total,1121.0,a,Excellent,2.4,1525.0,95.7
3521010,Brampton,Peel,2014,1 Bedroom,1032.0,a,Excellent,2.9,1369.0,98.4
3521010,Brampton,Peel,2014,2 Bedroom,1195.0,a,Excellent,4.1,1585.0,98.7
3521010,Brampton,Peel,2014,3 Bedroom,1374.0,a,Excellent,2.6,1823.0,99.6
3521010,Brampton,Peel,2014,Studio,794.0,b,Very good,5.2,1053.0,103.3
3521010,Brampton,Peel,2014,Total,1167.0,a,Excellent,4.1,1548.0,99.7
3521010,Brampton,Peel,2015,1 Bedroom,1049.0,a,Excellent,1.6,1370.0,100.0
3521010,Brampton,Peel,2015,2 Bedroom,1211.0,a,Excellent,1.3,1582.0,100.0
3521010,Brampton,Peel,2015,3 Bedroom,1379.0,a,Excellent,0.4,1802.0,100.0
3521010,Brampton,Peel,2015,Studio,769.0,a,Excellent,-3.1,1005.0,100.0
3521010,Brampton,Peel,2015,Total,1171.0,a,Excellent,0.3,1530.0,100.0
3521010,Brampton,Peel,2016,1 Bedroom,1076.0,a,Excellent,2.6,1378.0,102.6
3521010,Brampton,Peel,2016,2 Bedroom,1243.0,a,Excellent,2.6,1591.0,102.6
3521010,Brampton,Peel,2016,3 Bedroom,1404.0,a,Excellent,1.8,1798.0,101.8
3521010,Brampton,Peel,2016,Studio,788.0,a,Excellent,2.5,1009.0,102.5
3521010,Brampton,Peel,2016,Total,1200.0,a,Excellent,2.5,1536.0,102.5
3521010,Brampton,Peel,2017,1 Bedroom,1121.0,a,Excellent,4.2,1406.0,106.9
3521010,Brampton,Peel,2017,2 Bedroom,1285.0,a,Excellent,3.4,1612.0,106.1
3521010,Brampton,Peel,2017,3 Bedroom,1438.0,a,Excellent,2.4,1804.0,104.3
3521010,Brampton,Peel,2017,Studio,827.0,b,Very good,4.9,1037.0,107.5
3521010,Brampton,Peel,2017,Total,1250.0,a,Excellent,4.2,1568.0,106.7
3521010,Brampton,Peel,2018,1 Bedroom,1160.0,a,Excellent,3.5,1419.0,110.6
3521010,Brampton,Peel,2018,2 Bedroom,1334.0,a,Excellent,3.8,1632.0,110.2
3521010,Brampton,Peel,2018,3 Bedroom,1540.0,a,Excellent,7.1,1884.0,111.7
3521010,Brampton,Peel,2018,Studio,842.0,a,Excellent,1.8,1030.0,109.5
3521010,Brampton,Peel,2018,Total,1294.0,a,Excellent,3.5,1583.0,110.5
3521010,Brampton,Peel,2019,1 Bedroom,1274.0,a,Excellent,9.8,1527.0,121.4
3521010,Brampton,Peel,2019,2 Bedroom,1447.0,a,Excellent,8.5,1735.0,119.5
3521010,Brampton,Peel,2019,3 Bedroom,1583.0,a,Excellent,2.8,1898.0,114.8
3521010,Brampton,Peel,2019,Studio,917.0,b,Very good,8.9,1099.0,119.2
3521010,Brampton,Peel,2019,Total,1401.0,a,Excellent,8.3,1680.0,119.6
3521010,Brampton,Peel,2020,1 Bedroom,1333.0,a,Excellent,4.6,1593.0,127.1
3521010,Brampton,Peel,2020,2 Bedroom,1515.0,a,Excellent,4.7,1810.0,125.1
3521010,Brampton,Peel,2020,3 Bedroom,1649.0,a,Excellent,4.2,1971.0,119.6
3521010,Brampton,Peel,2020,Studio,983.0,b,Very good,7.2,1175.0,127.8
3521010,Brampton,Peel,2020,Total,1464.0,a,Excellent,4.5,1749.0,125.0
3521010,Brampton,Peel,2021,1 Bedroom,1381.0,a,Excellent,3.6,1605.0,131.6
3521010,Brampton,Peel,2021,2 Bedroom,1573.0,a,Excellent,3.8,1828.0,129.9
3521010,Brampton,Peel,2021,3 Bedroom,1731.0,a,Excellent,5.0,2011.0,125.5
3521010,Brampton,Peel,2021,Studio,963.0,b,Very good,-2.0,1119.0,125.2
3521010,Brampton,Peel,2021,Total,1513.0,a,Excellent,3.3,1758.0,129.2
3521010,Brampton,Peel,2022,1 Bedroom,1514.0,a,Excellent,9.6,1651.0,144.3
3521010,Brampton,Peel,2022,2 Bedroom,1689.0,a,Excellent,7.4,1842.0,139.5
3521010,Brampton,Peel,2022,3 Bedroom,1864.0,a,Excellent,7.7,2033.0,135.2
3521010,Brampton,Peel,2022,Studio,1230.0,b,Very good,27.7,1341.0,159.9
3521010,Brampton,Peel,2022,Total,1644.0,a,Excellent,8.7,1793.0,140.4
3521010,Brampton,Peel,2023,1 Bedroom,1622.0,a,Excellent,7.1,1698.0,154.6
3521010,Brampton,Peel,2023,2 Bedroom,1865.0,a,Excellent,10.4,1953.0,154.0
3521010,Brampton,Peel,2023,3 Bedroom,2048.0,a,Excellent,9.9,2144.0,148.5
3521010,Brampton,Peel,2023,Studio,1348.0,c,Good,9.6,1411.0,175.3
3521010,Brampton,Peel,2023,Total,1800.0,a,Excellent,9.5,1885.0,153.7
3521010,Brampton,Peel,2024,1 Bedroom,1693.0,a,Excellent,4.4,1724.0,161.4
3521010,Brampton,Peel,2024,2 Bedroom,1921.0,a,Excellent,3.0,1956.0,158.6
3521010,Brampton,Peel,2024,3 Bedroom,2033.0,a,Excellent,-0.7,2070.0,147.4
3521010,Brampton,Peel,2024,Studio,1348.0,b,Very good,0.0,1372.0,175.3
3521010,Brampton,Peel,2024,Total,1850.0,a,Excellent,2.8,1883.0,158.0
3521010,Brampton,Peel,2025,1 Bedroom,1778.0,a,Excellent,5.0,1778.0,169.5
3521010,Brampton,Peel,2025,2 Bedroom,2025.0,a,Excellent,5.4,2025.0,167.2
3521010,Brampton,Peel,2025,3 Bedroom,2056.0,a,Excellent,1.1,2056.0,149.1
3521010,Brampton,Peel,2025,Studio,1430.0,b,Very good,6.1,1430.0,186.0
3521010,Brampton,Peel,2025,Total,1935.0,a,Excellent,4.6,1935.0,165.2
3521024,Caledon,Peel,1991,2 Bedroom,580.0,a,Excellent,,1183.0,
3521024,Caledon,Peel,1991,Total,572.0,a,Excellent,,1166.0,
3521024,Caledon,Peel,1993,2 Bedroom,597.0,a,Excellent,,1188.0,
3521024,Caledon,Peel,1993,Total,562.0,a,Excellent,,1118.0,
3521024,Caledon,Peel,1994,1 Bedroom,559.0,a,Excellent,,1111.0,
3521024,Caledon,Peel,1994,2 Bedroom,652.0,a,Excellent,9.2,1296.0,
3521024,Caledon,Peel,1994,Total,612.0,a,Excellent,8.9,1216.0,
3521024,Caledon,Peel,1995,2 Bedroom,626.0,a,Excellent,-4.0,1214.0,
3521024,Caledon,Peel,1995,Total,627.0,a,Excellent,2.5,1216.0,
3521024,Caledon,Peel,1996,2 Bedroom,689.0,a,Excellent,10.1,1314.0,
3521024,Caledon,Peel,1996,Total,657.0,b,Very good,4.8,1253.0,
3521024,Caledon,Peel,1997,2 Bedroom,728.0,a,Excellent,5.7,1364.0,
3521024,Caledon,Peel,1997,Total,702.0,b,Very good,6.8,1315.0,
3521024,Caledon,Peel,1999,2 Bedroom,736.0,a,Excellent,,1338.0,
3521024,Caledon,Peel,1999,Total,674.0,a,Excellent,,1226.0,
3521024,Caledon,Peel,2001,2 Bedroom,780.0,a,Excellent,,1335.0,
3521024,Caledon,Peel,2001,Total,743.0,a,Excellent,,1272.0,
3521024,Caledon,Peel,2003,2 Bedroom,839.0,a,Excellent,,1365.0,
3521024,Caledon,Peel,2003,Total,811.0,a,Excellent,,1320.0,
3521024,Caledon,Peel,2004,2 Bedroom,856.0,a,Excellent,2.0,1371.0,
3521024,Caledon,Peel,2004,Total,820.0,a,Excellent,1.1,1313.0,
3521024,Caledon,Peel,2005,2 Bedroom,810.0,a,Excellent,-5.4,1273.0,
3521024,Caledon,Peel,2005,Total,783.0,a,Excellent,-4.5,1231.0,
3521024,Caledon,Peel,2006,2 Bedroom,879.0,a,Excellent,8.5,1360.0,
3521024,Caledon,Peel,2006,Total,850.0,a,Excellent,8.6,1315.0,
3521024,Caledon,Peel,2007,2 Bedroom,829.0,a,Excellent,-5.7,1258.0,
3521024,Caledon,Peel,2007,Total,845.0,a,Excellent,-0.6,1283.0,
3521024,Caledon,Peel,2009,2 Bedroom,890.0,a,Excellent,,1313.0,
3521024,Caledon,Peel,2009,Total,868.0,a,Excellent,,1281.0,
3521024,Caledon,Peel,2014,1 Bedroom,977.0,b,Very good,,1296.0,
3521024,Caledon,Peel,2014,2 Bedroom,1017.0,a,Excellent,,1349.0,
3521024,Caledon,Peel,2014,Total,1003.0,a,Excellent,,1331.0,
3524001,Oakville,Halton,1990,1 Bedroom,546.0,a,Excellent,,1160.0,47.2
3524001,Oakville,Halton,1990,2 Bedroom,649.0,a,Excellent,,1379.0,48.1
3524001,Oakville,Halton,1990,3 Bedroom,816.0,a,Excellent,,1733.0,52.7
3524001,Oakville,Halton,1990,Studio,432.0,a,Excellent,,918.0,46.5
3524001,Oakville,Halton,1990,Total,639.0,a,Excellent,,1357.0,49.1
3524001,Oakville,Halton,1991,1 Bedroom,592.0,a,Excellent,8.4,1207.0,51.2
3524001,Oakville,Halton,1991,2 Bedroom,728.0,a,Excellent,12.2,1484.0,53.9
3524001,Oakville,Halton,1991,3 Bedroom,913.0,a,Excellent,11.9,1862.0,59.0
3524001,Oakville,Halton,1991,Studio,464.0,a,Excellent,7.4,946.0,49.9
3524001,Oakville,Halton,1991,Total,713.0,a,Excellent,11.6,1454.0,54.8
3524001,Oakville,Halton,1992,1 Bedroom,603.0,a,Excellent,1.9,1219.0,52.1
3524001,Oakville,Halton,1992,2 Bedroom,722.0,a,Excellent,-0.8,1459.0,53.5
3524001,Oakville,Halton,1992,3 Bedroom,933.0,a,Excellent,2.2,1885.0,60.3
3524001,Oakville,Halton,1992,Studio,467.0,a,Excellent,0.6,944.0,50.2
3524001,Oakville,Halton,1992,Total,709.0,a,Excellent,-0.6,1433.0,54.5
3524001,Oakville,Halton,1993,1 Bedroom,617.0,a,Excellent,2.3,1227.0,53.3
3524001,Oakville,Halton,1993,2 Bedroom,755.0,a,Excellent,4.6,1502.0,55.9
3524001,Oakville,Halton,1993,3 Bedroom,924.0,a,Excellent,-1.0,1838.0,59.7
3524001,Oakville,Halton,1993,Studio,499.0,a,Excellent,6.9,993.0,53.7
3524001,Oakville,Halton,1993,Total,736.0,a,Excellent,3.8,1464.0,56.6
3524001,Oakville,Halton,1994,1 Bedroom,645.0,a,Excellent,4.5,1282.0,55.7
3524001,Oakville,Halton,1994,2 Bedroom,776.0,a,Excellent,2.8,1542.0,57.5
3524001,Oakville,Halton,1994,3 Bedroom,945.0,a,Excellent,2.3,1878.0,61.0
3524001,Oakville,Halton,1994,Studio,494.0,a,Excellent,-1.0,982.0,53.1
3524001,Oakville,Halton,1994,Total,755.0,a,Excellent,2.6,1500.0,58.0
3524001,Oakville,Halton,1995,1 Bedroom,664.0,a,Excellent,2.9,1288.0,57.4
3524001,Oakville,Halton,1995,2 Bedroom,814.0,a,Excellent,4.9,1579.0,60.3
3524001,Oakville,Halton,1995,3 Bedroom,990.0,a,Excellent,4.8,1920.0,64.0
3524001,Oakville,Halton,1995,Studio,498.0,b,Very good,0.8,966.0,53.5
3524001,Oakville,Halton,1995,Total,790.0,a,Excellent,4.6,1532.0,60.7
3524001,Oakville,Halton,1996,1 Bedroom,689.0,a,Excellent,3.8,1314.0,59.6
3524001,Oakville,Halton,1996,2 Bedroom,830.0,a,Excellent,2.0,1583.0,61.5
3524001,Oakville,Halton,1996,3 Bedroom,1025.0,a,Excellent,3.5,1955.0,66.2
3524001,Oakville,Halton,1996,Studio,543.0,a,Excellent,9.0,1036.0,58.4
3524001,Oakville,Halton,1996,Total,811.0,a,Excellent,2.7,1547.0,62.3
3524001,Oakville,Halton,1997,1 Bedroom,699.0,a,Excellent,1.5,1310.0,60.4
3524001,Oakville,Halton,1997,2 Bedroom,842.0,a,Excellent,1.4,1578.0,62.4
3524001,Oakville,Halton,1997,3 Bedroom,1023.0,a,Excellent,-0.2,1917.0,66.1
3524001,Oakville,Halton,1997,Studio,523.0,a,Excellent,-3.7,980.0,56.2
3524001,Oakville,Halton,1997,Total,816.0,a,Excellent,0.6,1529.0,62.7
3524001,Oakville,Halton,1998,1 Bedroom,765.0,a,Excellent,9.4,1418.0,66.1
3524001,Oakville,Halton,1998,2 Bedroom,919.0,a,Excellent,9.1,1704.0,68.1
3524001,Oakville,Halton,1998,3 Bedroom,1091.0,a,Excellent,6.6,2023.0,70.5
3524001,Oakville,Halton,1998,Studio,593.0,a,Excellent,13.4,1100.0,63.8
3524001,Oakville,Halton,1998,Total,886.0,a,Excellent,8.6,1643.0,68.1
3524001,Oakville,Halton,1999,1 Bedroom,806.0,a,Excellent,5.4,1466.0,69.7
3524001,Oakville,Halton,1999,2 Bedroom,916.0,a,Excellent,-0.3,1666.0,67.9
3524001,Oakville,Halton,1999,3 Bedroom,1121.0,c,Good,2.7,2038.0,72.4
3524001,Oakville,Halton,1999,Studio,622.0,a,Excellent,4.9,1131.0,66.9
3524001,Oakville,Halton,1999,Total,905.0,a,Excellent,2.1,1646.0,69.6
3524001,Oakville,Halton,2000,1 Bedroom,840.0,a,Excellent,4.2,1482.0,72.6
3524001,Oakville,Halton,2000,2 Bedroom,973.0,a,Excellent,6.2,1717.0,72.1
3524001,Oakville,Halton,2000,3 Bedroom,1145.0,a,Excellent,2.1,2021.0,74.0
3524001,Oakville,Halton,2000,Studio,653.0,a,Excellent,5.0,1152.0,70.2
3524001,Oakville,Halton,2000,Total,945.0,a,Excellent,4.4,1668.0,72.6
3524001,Oakville,Halton,2001,1 Bedroom,864.0,a,Excellent,2.9,1479.0,74.7
3524001,Oakville,Halton,2001,2 Bedroom,1032.0,a,Excellent,6.1,1766.0,76.4
3524001,Oakville,Halton,2001,3 Bedroom,1152.0,b,Very good,0.6,1972.0,74.4
3524001,Oakville,Halton,2001,Studio,666.0,a,Excellent,2.0,1140.0,71.6
3524001,Oakville,Halton,2001,Total,983.0,a,Excellent,4.0,1683.0,75.6
3524001,Oakville,Halton,2002,1 Bedroom,898.0,a,Excellent,3.9,1506.0,77.6
3524001,Oakville,Halton,2002,2 Bedroom,1043.0,a,Excellent,1.1,1749.0,77.3
3524001,Oakville,Halton,2002,3 Bedroom,1241.0,a,Excellent,7.7,2081.0,80.2
3524001,Oakville,Halton,2002,Studio,703.0,a,Excellent,5.6,1179.0,75.6
3524001,Oakville,Halton,2002,Total,1010.0,a,Excellent,2.7,1693.0,77.6
3524001,Oakville,Halton,2003,1 Bedroom,917.0,a,Excellent,2.1,1492.0,79.3
3524001,Oakville,Halton,2003,2 Bedroom,1058.0,a,Excellent,1.4,1722.0,78.4
3524001,Oakville,Halton,2003,3 Bedroom,1249.0,a,Excellent,0.6,2032.0,80.7
3524001,Oakville,Halton,2003,Studio,703.0,a,Excellent,0.0,1144.0,75.6
3524001,Oakville,Halton,2003,Total,1039.0,a,Excellent,2.9,1691.0,79.9
3524001,Oakville,Halton,2004,1 Bedroom,918.0,a,Excellent,0.1,1470.0,79.3
3524001,Oakville,Halton,2004,2 Bedroom,1073.0,a,Excellent,1.4,1719.0,79.5
3524001,Oakville,Halton,2004,3 Bedroom,1182.0,a,Excellent,-5.4,1893.0,76.4
3524001,Oakville,Halton,2004,Studio,724.0,a,Excellent,3.0,1160.0,77.8
3524001,Oakville,Halton,2004,Total,1032.0,a,Excellent,-0.7,1653.0,79.3
3524001,Oakville,Halton,2005,1 Bedroom,905.0,a,Excellent,-1.4,1423.0,78.2
3524001,Oakville,Halton,2005,2 Bedroom,1064.0,a,Excellent,-0.8,1673.0,78.8
3524001,Oakville,Halton,2005,3 Bedroom,1227.0,a,Excellent,3.8,1929.0,79.3
3524001,Oakville,Halton,2005,Studio,731.0,a,Excellent,1.0,1149.0,78.6
3524001,Oakville,Halton,2005,Total,1029.0,a,Excellent,-0.3,1618.0,79.1
3524001,Oakville,Halton,2006,1 Bedroom,924.0,a,Excellent,2.1,1429.0,79.9
3524001,Oakville,Halton,2006,2 Bedroom,1081.0,a,Excellent,1.6,1672.0,80.1
3524001,Oakville,Halton,2006,3 Bedroom,1212.0,a,Excellent,-1.2,1875.0,78.3
3524001,Oakville,Halton,2006,Studio,728.0,a,Excellent,-0.4,1126.0,78.3
3524001,Oakville,Halton,2006,Total,1053.0,a,Excellent,2.3,1629.0,80.9
3524001,Oakville,Halton,2007,1 Bedroom,951.0,a,Excellent,2.9,1444.0,82.2
3524001,Oakville,Halton,2007,2 Bedroom,1099.0,a,Excellent,1.7,1668.0,81.4
3524001,Oakville,Halton,2007,3 Bedroom,1243.0,a,Excellent,2.6,1887.0,80.3
3524001,Oakville,Halton,2007,Studio,755.0,a,Excellent,3.7,1146.0,81.2
3524001,Oakville,Halton,2007,Total,1057.0,a,Excellent,0.4,1605.0,81.2
3524001,Oakville,Halton,2008,1 Bedroom,953.0,a,Excellent,0.2,1412.0,82.4
3524001,Oakville,Halton,2008,2 Bedroom,1126.0,a,Excellent,2.5,1669.0,83.4
3524001,Oakville,Halton,2008,3 Bedroom,1240.0,a,Excellent,-0.2,1838.0,80.1
3524001,Oakville,Halton,2008,Studio,761.0,a,Excellent,0.8,1128.0,81.8
3524001,Oakville,Halton,2008,Total,1082.0,a,Excellent,2.4,1604.0,83.2
3524001,Oakville,Halton,2009,1 Bedroom,979.0,a,Excellent,2.7,1444.0,84.6
3524001,Oakville,Halton,2009,2 Bedroom,1136.0,a,Excellent,0.9,1676.0,84.1
3524001,Oakville,Halton,2009,3 Bedroom,1292.0,a,Excellent,4.2,1906.0,83.5
3524001,Oakville,Halton,2009,Studio,769.0,a,Excellent,1.1,1135.0,82.7
3524001,Oakville,Halton,2009,Total,1102.0,a,Excellent,1.8,1626.0,84.7
3524001,Oakville,Halton,2010,1 Bedroom,980.0,a,Excellent,0.1,1411.0,84.7
3524001,Oakville,Halton,2010,2 Bedroom,1147.0,a,Excellent,1.0,1651.0,85.0
3524001,Oakville,Halton,2010,3 Bedroom,1298.0,a,Excellent,0.5,1868.0,83.9
3524001,Oakville,Halton,2010,Studio,790.0,a,Excellent,2.7,1137.0,84.9
3524001,Oakville,Halton,2010,Total,1104.0,a,Excellent,0.2,1589.0,84.9
3524001,Oakville,Halton,2011,1 Bedroom,997.0,a,Excellent,1.7,1393.0,86.2
3524001,Oakville,Halton,2011,2 Bedroom,1177.0,a,Excellent,2.6,1645.0,87.2
3524001,Oakville,Halton,2011,3 Bedroom,1345.0,a,Excellent,3.6,1879.0,86.9
3524001,Oakville,Halton,2011,Studio,775.0,a,Excellent,-1.9,1083.0,83.3
3524001,Oakville,Halton,2011,Total,1133.0,a,Excellent,2.6,1583.0,87.1
3524001,Oakville,Halton,2012,1 Bedroom,1081.0,a,Excellent,8.4,1488.0,93.4
3524001,Oakville,Halton,2012,2 Bedroom,1250.0,a,Excellent,6.2,1720.0,92.6
3524001,Oakville,Halton,2012,3 Bedroom,1406.0,a,Excellent,4.5,1935.0,90.8
3524001,Oakville,Halton,2012,Studio,855.0,a,Excellent,10.3,1177.0,91.9
3524001,Oakville,Halton,2012,Total,1207.0,a,Excellent,6.5,1661.0,92.8
3524001,Oakville,Halton,2013,1 Bedroom,1099.0,a,Excellent,1.7,1495.0,95.0
3524001,Oakville,Halton,2013,2 Bedroom,1275.0,a,Excellent,2.0,1734.0,94.4
3524001,Oakville,Halton,2013,3 Bedroom,1432.0,b,Very good,1.8,1948.0,92.5
3524001,Oakville,Halton,2013,Studio,886.0,a,Excellent,3.6,1205.0,95.3
3524001,Oakville,Halton,2013,Total,1224.0,a,Excellent,1.4,1665.0,94.1
3524001,Oakville,Halton,2014,1 Bedroom,1131.0,a,Excellent,2.9,1501.0,97.8
3524001,Oakville,Halton,2014,2 Bedroom,1312.0,a,Excellent,2.9,1741.0,97.2
3524001,Oakville,Halton,2014,3 Bedroom,1496.0,a,Excellent,4.5,1985.0,96.6
3524001,Oakville,Halton,2014,Studio,912.0,a,Excellent,2.9,1210.0,98.1
3524001,Oakville,Halton,2014,Total,1269.0,a,Excellent,3.7,1684.0,97.5
3524001,Oakville,Halton,2015,1 Bedroom,1157.0,a,Excellent,2.3,1512.0,100.0
3524001,Oakville,Halton,2015,2 Bedroom,1350.0,a,Excellent,2.9,1764.0,100.0
3524001,Oakville,Halton,2015,3 Bedroom,1548.0,b,Very good,3.5,2022.0,100.0
3524001,Oakville,Halton,2015,Studio,930.0,a,Excellent,2.0,1215.0,100.0
3524001,Oakville,Halton,2015,Total,1301.0,a,Excellent,2.5,1700.0,100.0
3524001,Oakville,Halton,2016,1 Bedroom,1214.0,a,Excellent,4.9,1554.0,104.9
3524001,Oakville,Halton,2016,2 Bedroom,1412.0,a,Excellent,4.6,1808.0,104.6
3524001,Oakville,Halton,2016,3 Bedroom,1632.0,b,Very good,5.4,2089.0,105.4
3524001,Oakville,Halton,2016,Studio,977.0,b,Very good,5.1,1251.0,105.1
3524001,Oakville,Halton,2016,Total,1372.0,a,Excellent,5.5,1757.0,105.5
3524001,Oakville,Halton,2017,1 Bedroom,1257.0,a,Excellent,3.5,1577.0,108.6
3524001,Oakville,Halton,2017,2 Bedroom,1456.0,a,Excellent,3.1,1826.0,107.9
3524001,Oakville,Halton,2017,3 Bedroom,1764.0,b,Very good,8.1,2213.0,114.0
3524001,Oakville,Halton,2017,Studio,984.0,a,Excellent,0.7,1234.0,105.8
3524001,Oakville,Halton,2017,Total,1421.0,a,Excellent,3.6,1782.0,109.2
3524001,Oakville,Halton,2018,1 Bedroom,1310.0,a,Excellent,4.2,1602.0,113.2
3524001,Oakville,Halton,2018,2 Bedroom,1498.0,a,Excellent,2.9,1832.0,111.0
3524001,Oakville,Halton,2018,3 Bedroom,1719.0,b,Very good,-2.6,2102.0,111.0
3524001,Oakville,Halton,2018,Studio,1047.0,a,Excellent,6.4,1281.0,112.6
3524001,Oakville,Halton,2018,Total,1454.0,a,Excellent,2.3,1778.0,111.8
3524001,Oakville,Halton,2019,1 Bedroom,1387.0,a,Excellent,5.9,1663.0,119.9
3524001,Oakville,Halton,2019,2 Bedroom,1592.0,a,Excellent,6.3,1909.0,117.9
3524001,Oakville,Halton,2019,3 Bedroom,1972.0,a,Excellent,14.7,2364.0,127.4
3524001,Oakville,Halton,2019,Studio,1123.0,a,Excellent,7.3,1346.0,120.8
3524001,Oakville,Halton,2019,Total,1562.0,a,Excellent,7.4,1873.0,120.1
3524001,Oakville,Halton,2020,1 Bedroom,1472.0,a,Excellent,6.1,1759.0,127.2
3524001,Oakville,Halton,2020,2 Bedroom,1746.0,a,Excellent,9.7,2086.0,129.3
3524001,Oakville,Halton,2020,3 Bedroom,2062.0,a,Excellent,4.6,2464.0,133.2
3524001,Oakville,Halton,2020,Studio,1172.0,a,Excellent,4.4,1401.0,126.0
3524001,Oakville,Halton,2020,Total,1694.0,a,Excellent,8.5,2024.0,130.2
3524001,Oakville,Halton,2021,1 Bedroom,1489.0,a,Excellent,1.2,1730.0,128.7
3524001,Oakville,Halton,2021,2 Bedroom,1801.0,a,Excellent,3.2,2093.0,133.4
3524001,Oakville,Halton,2021,3 Bedroom,1959.0,a,Excellent,-5.0,2276.0,126.6
3524001,Oakville,Halton,2021,Studio,1230.0,a,Excellent,4.9,1429.0,132.3
3524001,Oakville,Halton,2021,Total,1713.0,a,Excellent,1.1,1991.0,131.7
3524001,Oakville,Halton,2022,1 Bedroom,1542.0,a,Excellent,3.6,1682.0,133.3
3524001,Oakville,Halton,2022,2 Bedroom,1896.0,a,Excellent,5.3,2068.0,140.4
3524001,Oakville,Halton,2022,3 Bedroom,1939.0,a,Excellent,-1.0,2115.0,125.3
3524001,Oakville,Halton,2022,Studio,1161.0,b,Very good,-5.6,1266.0,124.8
3524001,Oakville,Halton,2022,Total,1783.0,a,Excellent,4.1,1945.0,137.0
3524001,Oakville,Halton,2023,1 Bedroom,1680.0,a,Excellent,8.9,1759.0,145.2
3524001,Oakville,Halton,2023,2 Bedroom,1980.0,a,Excellent,4.4,2073.0,146.7
3524001,Oakville,Halton,2023,3 Bedroom,2386.0,b,Very good,23.1,2498.0,154.1
3524001,Oakville,Halton,2023,Studio,1299.0,c,Good,11.9,1360.0,139.7
3524001,Oakville,Halton,2023,Total,1925.0,a,Excellent,8.0,2015.0,148.0
3524001,Oakville,Halton,2024,1 Bedroom,1888.0,a,Excellent,12.4,1922.0,163.2
3524001,Oakville,Halton,2024,2 Bedroom,2226.0,a,Excellent,12.4,2266.0,164.9
3524001,Oakville,Halton,2024,3 Bedroom,2297.0,b,Very good,-3.7,2339.0,148.4
3524001,Oakville,Halton,2024,Studio,1317.0,a,Excellent,1.4,1341.0,141.6
3524001,Oakville,Halton,2024,Total,2116.0,a,Excellent,9.9,2154.0,162.6
3524001,Oakville,Halton,2025,1 Bedroom,1915.0,a,Excellent,1.4,1915.0,165.5
3524001,Oakville,Halton,2025,2 Bedroom,2309.0,b,Very good,3.7,2309.0,171.0
3524001,Oakville,Halton,2025,3 Bedroom,2385.0,b,Very good,3.8,2385.0,154.1
3524001,Oakville,Halton,2025,Studio,1477.0,a,Excellent,12.1,1477.0,158.8
3524001,Oakville,Halton,2025,Total,2192.0,b,Very good,3.6,2192.0,168.5
3524002,Burlington,Halton,1990,1 Bedroom,542.0,a,Excellent,,1151.0,48.3
3524002,Burlington,Halton,1990,2 Bedroom,597.0,a,Excellent,,1268.0,47.2
3524002,Burlington,Halton,1990,3 Bedroom,716.0,a,Excellent,,1521.0,50.4
3524002,Burlington,Halton,1990,Studio,362.0,b,Very good,,769.0,42.1
3524002,Burlington,Halton,1990,Total,602.0,a,Excellent,,1279.0,48.2
3524002,Burlington,Halton,1991,1 Bedroom,557.0,a,Excellent,2.8,1136.0,49.6
3524002,Burlington,Halton,1991,2 Bedroom,628.0,a,Excellent,5.2,1281.0,49.6
3524002,Burlington,Halton,1991,3 Bedroom,769.0,a,Excellent,7.4,1568.0,54.1
3524002,Burlington,Halton,1991,Studio,423.0,c,Good,16.9,863.0,49.2
3524002,Burlington,Halton,1991,Total,634.0,a,Excellent,5.3,1293.0,50.8
3524002,Burlington,Halton,1992,1 Bedroom,565.0,a,Excellent,1.4,1142.0,50.3
3524002,Burlington,Halton,1992,2 Bedroom,640.0,a,Excellent,1.9,1293.0,50.6
3524002,Burlington,Halton,1992,3 Bedroom,781.0,a,Excellent,1.6,1578.0,54.9
3524002,Burlington,Halton,1992,Studio,421.0,b,Very good,-0.5,851.0,49.0
3524002,Burlington,Halton,1992,Total,643.0,a,Excellent,1.4,1299.0,51.5
3524002,Burlington,Halton,1993,1 Bedroom,596.0,a,Excellent,5.5,1186.0,53.1
3524002,Burlington,Halton,1993,2 Bedroom,686.0,a,Excellent,7.2,1365.0,54.2
3524002,Burlington,Halton,1993,3 Bedroom,837.0,a,Excellent,7.2,1665.0,58.9
3524002,Burlington,Halton,1993,Studio,501.0,b,Very good,19.0,997.0,58.3
3524002,Burlington,Halton,1993,Total,688.0,a,Excellent,7.0,1369.0,55.1
3524002,Burlington,Halton,1994,1 Bedroom,620.0,a,Excellent,4.0,1232.0,55.2
3524002,Burlington,Halton,1994,2 Bedroom,691.0,a,Excellent,0.7,1373.0,54.6
3524002,Burlington,Halton,1994,3 Bedroom,832.0,a,Excellent,-0.6,1653.0,58.5
3524002,Burlington,Halton,1994,Studio,537.0,c,Good,7.2,1067.0,62.5
3524002,Burlington,Halton,1994,Total,698.0,a,Excellent,1.5,1387.0,55.9
3524002,Burlington,Halton,1995,1 Bedroom,641.0,a,Excellent,3.4,1243.0,57.1
3524002,Burlington,Halton,1995,2 Bedroom,711.0,a,Excellent,2.9,1379.0,56.2
3524002,Burlington,Halton,1995,3 Bedroom,849.0,a,Excellent,2.0,1646.0,59.7
3524002,Burlington,Halton,1995,Studio,505.0,b,Very good,-6.0,979.0,58.8
3524002,Burlington,Halton,1995,Total,719.0,a,Excellent,3.0,1394.0,57.6
3524002,Burlington,Halton,1996,1 Bedroom,651.0,a,Excellent,1.6,1242.0,58.0
3524002,Burlington,Halton,1996,2 Bedroom,736.0,a,Excellent,3.5,1404.0,58.1
3524002,Burlington,Halton,1996,3 Bedroom,882.0,a,Excellent,3.9,1682.0,62.0
3524002,Burlington,Halton,1996,Studio,531.0,b,Very good,5.1,1013.0,61.8
3524002,Burlington,Halton,1996,Total,737.0,a,Excellent,2.5,1406.0,59.0
3524002,Burlington,Halton,1997,1 Bedroom,665.0,a,Excellent,2.2,1246.0,59.2
3524002,Burlington,Halton,1997,2 Bedroom,751.0,a,Excellent,2.0,1407.0,59.3
3524002,Burlington,Halton,1997,3 Bedroom,905.0,a,Excellent,2.6,1696.0,63.6
3524002,Burlington,Halton,1997,Studio,580.0,b,Very good,9.2,1087.0,67.5
3524002,Burlington,Halton,1997,Total,756.0,a,Excellent,2.6,1416.0,60.5
3524002,Burlington,Halton,1998,1 Bedroom,722.0,a,Excellent,8.6,1339.0,64.3
3524002,Burlington,Halton,1998,2 Bedroom,802.0,a,Excellent,6.8,1487.0,63.3
3524002,Burlington,Halton,1998,3 Bedroom,930.0,a,Excellent,2.8,1724.0,65.4
3524002,Burlington,Halton,1998,Studio,583.0,b,Very good,0.5,1081.0,67.9
3524002,Burlington,Halton,1998,Total,801.0,a,Excellent,6.0,1485.0,64.1
3524002,Burlington,Halton,1999,1 Bedroom,750.0,a,Excellent,3.9,1364.0,66.8
3524002,Burlington,Halton,1999,2 Bedroom,838.0,a,Excellent,4.5,1524.0,66.2
3524002,Burlington,Halton,1999,3 Bedroom,978.0,a,Excellent,5.2,1778.0,68.8
3524002,Burlington,Halton,1999,Studio,571.0,b,Very good,-2.1,1038.0,66.5
3524002,Burlington,Halton,1999,Total,835.0,a,Excellent,4.2,1518.0,66.9
3524002,Burlington,Halton,2000,1 Bedroom,768.0,a,Excellent,2.4,1355.0,68.4
3524002,Burlington,Halton,2000,2 Bedroom,876.0,a,Excellent,4.5,1546.0,69.2
3524002,Burlington,Halton,2000,3 Bedroom,1010.0,a,Excellent,3.3,1782.0,71.0
3524002,Burlington,Halton,2000,Studio,617.0,b,Very good,8.1,1089.0,71.8
3524002,Burlington,Halton,2000,Total,868.0,a,Excellent,4.0,1532.0,69.5
3524002,Burlington,Halton,2001,1 Bedroom,790.0,a,Excellent,2.9,1352.0,70.3
3524002,Burlington,Halton,2001,2 Bedroom,878.0,a,Excellent,0.2,1503.0,69.4
3524002,Burlington,Halton,2001,3 Bedroom,1028.0,a,Excellent,1.8,1760.0,72.3
3524002,Burlington,Halton,2001,Studio,595.0,b,Very good,-3.6,1018.0,69.3
3524002,Burlington,Halton,2001,Total,878.0,a,Excellent,1.2,1503.0,70.3
3524002,Burlington,Halton,2002,1 Bedroom,823.0,a,Excellent,4.2,1380.0,73.3
3524002,Burlington,Halton,2002,2 Bedroom,935.0,a,Excellent,6.5,1568.0,73.9
3524002,Burlington,Halton,2002,3 Bedroom,1077.0,a,Excellent,4.8,1806.0,75.7
3524002,Burlington,Halton,2002,Studio,673.0,b,Very good,13.1,1128.0,78.3
3524002,Burlington,Halton,2002,Total,927.0,a,Excellent,5.6,1554.0,74.2
3524002,Burlington,Halton,2003,1 Bedroom,821.0,a,Excellent,-0.2,1336.0,73.1
3524002,Burlington,Halton,2003,2 Bedroom,931.0,a,Excellent,-0.4,1515.0,73.5
3524002,Burlington,Halton,2003,3 Bedroom,1081.0,a,Excellent,0.4,1759.0,76.0
3524002,Burlington,Halton,2003,Studio,662.0,a,Excellent,-1.6,1077.0,77.1
3524002,Burlington,Halton,2003,Total,927.0,a,Excellent,0.0,1508.0,74.2
3524002,Burlington,Halton,2004,1 Bedroom,819.0,a,Excellent,-0.2,1312.0,72.9
3524002,Burlington,Halton,2004,2 Bedroom,947.0,a,Excellent,1.7,1517.0,74.8
3524002,Burlington,Halton,2004,3 Bedroom,1111.0,a,Excellent,2.8,1779.0,78.1
3524002,Burlington,Halton,2004,Studio,660.0,a,Excellent,-0.3,1057.0,76.8
3524002,Burlington,Halton,2004,Total,938.0,a,Excellent,1.2,1502.0,75.1
3524002,Burlington,Halton,2005,1 Bedroom,835.0,a,Excellent,2.0,1313.0,74.4
3524002,Burlington,Halton,2005,2 Bedroom,938.0,a,Excellent,-1.0,1475.0,74.1
3524002,Burlington,Halton,2005,3 Bedroom,1082.0,a,Excellent,-2.6,1701.0,76.1
3524002,Burlington,Halton,2005,Studio,665.0,b,Very good,0.8,1045.0,77.4
3524002,Burlington,Halton,2005,Total,932.0,a,Excellent,-0.6,1465.0,74.6
3524002,Burlington,Halton,2006,1 Bedroom,849.0,a,Excellent,1.7,1313.0,75.6
3524002,Burlington,Halton,2006,2 Bedroom,958.0,a,Excellent,2.1,1482.0,75.7
3524002,Burlington,Halton,2006,3 Bedroom,1066.0,a,Excellent,-1.5,1649.0,75.0
3524002,Burlington,Halton,2006,Studio,721.0,b,Very good,8.4,1115.0,83.9
3524002,Burlington,Halton,2006,Total,940.0,a,Excellent,0.9,1454.0,75.3
3524002,Burlington,Halton,2007,1 Bedroom,877.0,a,Excellent,3.3,1331.0,78.1
3524002,Burlington,Halton,2007,2 Bedroom,1002.0,a,Excellent,4.6,1521.0,79.1
3524002,Burlington,Halton,2007,3 Bedroom,1113.0,a,Excellent,4.4,1690.0,78.3
3524002,Burlington,Halton,2007,Studio,704.0,b,Very good,-2.4,1069.0,82.0
3524002,Burlington,Halton,2007,Total,983.0,a,Excellent,4.6,1492.0,78.7
3524002,Burlington,Halton,2008,1 Bedroom,889.0,a,Excellent,1.4,1318.0,79.2
3524002,Burlington,Halton,2008,2 Bedroom,993.0,a,Excellent,-0.9,1472.0,78.4
3524002,Burlington,Halton,2008,3 Bedroom,1171.0,a,Excellent,5.2,1736.0,82.3
3524002,Burlington,Halton,2008,Studio,833.0,a,Excellent,18.3,1235.0,97.0
3524002,Burlington,Halton,2008,Total,989.0,a,Excellent,0.6,1466.0,79.2
3524002,Burlington,Halton,2009,1 Bedroom,878.0,a,Excellent,-1.2,1295.0,78.2
3524002,Burlington,Halton,2009,2 Bedroom,989.0,a,Excellent,-0.4,1459.0,78.1
3524002,Burlington,Halton,2009,3 Bedroom,1172.0,a,Excellent,0.1,1729.0,82.4
3524002,Burlington,Halton,2009,Studio,721.0,b,Very good,-13.4,1064.0,83.9
3524002,Burlington,Halton,2009,Total,990.0,a,Excellent,0.1,1461.0,79.3
3524002,Burlington,Halton,2010,1 Bedroom,929.0,a,Excellent,5.8,1337.0,82.7
3524002,Burlington,Halton,2010,2 Bedroom,1060.0,a,Excellent,7.2,1526.0,83.7
3524002,Burlington,Halton,2010,3 Bedroom,1223.0,a,Excellent,4.4,1760.0,86.0
3524002,Burlington,Halton,2010,Studio,848.0,b,Very good,17.6,1221.0,98.7
3524002,Burlington,Halton,2010,Total,1050.0,a,Excellent,6.1,1511.0,84.1
3524002,Burlington,Halton,2011,1 Bedroom,967.0,a,Excellent,4.1,1351.0,86.1
3524002,Burlington,Halton,2011,2 Bedroom,1097.0,a,Excellent,3.5,1533.0,86.7
3524002,Burlington,Halton,2011,3 Bedroom,1261.0,a,Excellent,3.1,1762.0,88.7
3524002,Burlington,Halton,2011,Studio,868.0,b,Very good,2.4,1213.0,101.0
3524002,Burlington,Halton,2011,Total,1088.0,a,Excellent,3.6,1520.0,87.1
3524002,Burlington,Halton,2012,1 Bedroom,986.0,a,Excellent,2.0,1357.0,87.8
3524002,Burlington,Halton,2012,2 Bedroom,1123.0,a,Excellent,2.4,1546.0,88.7
3524002,Burlington,Halton,2012,3 Bedroom,1286.0,a,Excellent,2.0,1770.0,90.4
3524002,Burlington,Halton,2012,Studio,897.0,b,Very good,3.3,1235.0,104.4
3524002,Burlington,Halton,2012,Total,1107.0,a,Excellent,1.7,1524.0,88.6
3524002,Burlington,Halton,2013,1 Bedroom,1020.0,a,Excellent,3.4,1387.0,90.8
3524002,Burlington,Halton,2013,2 Bedroom,1154.0,a,Excellent,2.8,1570.0,91.2
3524002,Burlington,Halton,2013,3 Bedroom,1333.0,a,Excellent,3.7,1813.0,93.7
3524002,Burlington,Halton,2013,Studio,930.0,b,Very good,3.7,1265.0,108.3
3524002,Burlington,Halton,2013,Total,1140.0,a,Excellent,3.0,1551.0,91.3
3524002,Burlington,Halton,2014,1 Bedroom,1077.0,a,Excellent,5.6,1429.0,95.9
3524002,Burlington,Halton,2014,2 Bedroom,1203.0,a,Excellent,4.2,1596.0,95.0
3524002,Burlington,Halton,2014,3 Bedroom,1371.0,a,Excellent,2.9,1819.0,96.4
3524002,Burlington,Halton,2014,Studio,933.0,b,Very good,0.3,1238.0,108.6
3524002,Burlington,Halton,2014,Total,1190.0,a,Excellent,4.4,1579.0,95.3
3524002,Burlington,Halton,2015,1 Bedroom,1123.0,a,Excellent,4.3,1467.0,100.0
3524002,Burlington,Halton,2015,2 Bedroom,1266.0,a,Excellent,5.2,1654.0,100.0
3524002,Burlington,Halton,2015,3 Bedroom,1422.0,a,Excellent,3.7,1858.0,100.0
3524002,Burlington,Halton,2015,Studio,859.0,b,Very good,-7.9,1122.0,100.0
3524002,Burlington,Halton,2015,Total,1249.0,a,Excellent,5.0,1632.0,100.0
3524002,Burlington,Halton,2016,1 Bedroom,1158.0,a,Excellent,3.1,1483.0,103.1
3524002,Burlington,Halton,2016,2 Bedroom,1290.0,a,Excellent,1.9,1652.0,101.9
3524002,Burlington,Halton,2016,3 Bedroom,1476.0,a,Excellent,3.8,1890.0,103.8
3524002,Burlington,Halton,2016,Studio,909.0,a,Excellent,5.8,1164.0,105.8
3524002,Burlington,Halton,2016,Total,1275.0,a,Excellent,2.1,1632.0,102.1
3524002,Burlington,Halton,2017,1 Bedroom,1240.0,a,Excellent,7.1,1555.0,110.4
3524002,Burlington,Halton,2017,2 Bedroom,1365.0,a,Excellent,5.8,1712.0,107.8
3524002,Burlington,Halton,2017,3 Bedroom,1552.0,a,Excellent,5.1,1947.0,109.1
3524002,Burlington,Halton,2017,Studio,897.0,b,Very good,-1.3,1125.0,104.4
3524002,Burlington,Halton,2017,Total,1357.0,a,Excellent,6.4,1702.0,108.6
3524002,Burlington,Halton,2018,1 Bedroom,1282.0,a,Excellent,3.4,1568.0,114.2
3524002,Burlington,Halton,2018,2 Bedroom,1405.0,a,Excellent,2.9,1718.0,111.0
3524002,Burlington,Halton,2018,3 Bedroom,1545.0,a,Excellent,-0.5,1890.0,108.6
3524002,Burlington,Halton,2018,Studio,1456.0,d,Poor - use with caution,62.3,1781.0,169.5
3524002,Burlington,Halton,2018,Total,1394.0,a,Excellent,2.7,1705.0,111.6
3524002,Burlington,Halton,2019,1 Bedroom,1350.0,a,Excellent,5.3,1618.0,120.2
3524002,Burlington,Halton,2019,2 Bedroom,1511.0,a,Excellent,7.5,1811.0,119.4
3524002,Burlington,Halton,2019,3 Bedroom,1606.0,a,Excellent,3.9,1925.0,112.9
3524002,Burlington,Halton,2019,Studio,1047.0,b,Very good,-28.1,1255.0,121.9
3524002,Burlington,Halton,2019,Total,1475.0,a,Excellent,5.8,1768.0,118.1
3524002,Burlington,Halton,2020,1 Bedroom,1461.0,a,Excellent,8.2,1746.0,130.1
3524002,Burlington,Halton,2020,2 Bedroom,1623.0,a,Excellent,7.4,1939.0,128.2
3524002,Burlington,Halton,2020,3 Bedroom,1640.0,a,Excellent,2.1,1960.0,115.3
3524002,Burlington,Halton,2020,Studio,1216.0,b,Very good,16.1,1453.0,141.6
3524002,Burlington,Halton,2020,Total,1573.0,a,Excellent,6.6,1880.0,125.9
3524002,Burlington,Halton,2021,1 Bedroom,1441.0,a,Excellent,-1.4,1674.0,128.3
3524002,Burlington,Halton,2021,2 Bedroom,1631.0,a,Excellent,0.5,1895.0,128.8
3524002,Burlington,Halton,2021,3 Bedroom,1691.0,a,Excellent,3.1,1965.0,118.9
3524002,Burlington,Halton,2021,Studio,1237.0,b,Very good,1.7,1437.0,144.0
3524002,Burlington,Halton,2021,Total,1584.0,a,Excellent,0.7,1841.0,126.8
3524002,Burlington,Halton,2022,1 Bedroom,1533.0,a,Excellent,6.4,1672.0,136.5
3524002,Burlington,Halton,2022,2 Bedroom,1757.0,a,Excellent,7.7,1916.0,138.8
3524002,Burlington,Halton,2022,3 Bedroom,1772.0,a,Excellent,4.8,1933.0,124.6
3524002,Burlington,Halton,2022,Studio,1185.0,b,Very good,-4.2,1292.0,138.0
3524002,Burlington,Halton,2022,Total,1688.0,a,Excellent,6.6,1841.0,135.1
3524002,Burlington,Halton,2023,1 Bedroom,1613.0,a,Excellent,5.2,1689.0,143.6
3524002,Burlington,Halton,2023,2 Bedroom,1823.0,a,Excellent,3.8,1909.0,144.0
3524002,Burlington,Halton,2023,3 Bedroom,1804.0,a,Excellent,1.8,1889.0,126.9
3524002,Burlington,Halton,2023,Studio,1196.0,b,Very good,0.9,1252.0,139.2
3524002,Burlington,Halton,2023,Total,1761.0,a,Excellent,4.3,1844.0,141.0
3524002,Burlington,Halton,2024,1 Bedroom,1726.0,a,Excellent,7.0,1757.0,153.7
3524002,Burlington,Halton,2024,2 Bedroom,1993.0,a,Excellent,9.3,2029.0,157.4
3524002,Burlington,Halton,2024,3 Bedroom,2112.0,a,Excellent,17.1,2150.0,148.5
3524002,Burlington,Halton,2024,Studio,1441.0,b,Very good,20.5,1467.0,167.8
3524002,Burlington,Halton,2024,Total,1929.0,a,Excellent,9.5,1964.0,154.4
3524002,Burlington,Halton,2025,1 Bedroom,1744.0,a,Excellent,1.0,1744.0,155.3
3524002,Burlington,Halton,2025,2 Bedroom,2050.0,a,Excellent,2.9,2050.0,161.9
3524002,Burlington,Halton,2025,3 Bedroom,2196.0,a,Excellent,4.0,2196.0,154.4
3524002,Burlington,Halton,2025,Studio,1539.0,c,Good,6.8,1539.0,179.2
3524002,Burlington,Halton,2025,Total,1977.0,a,Excellent,2.5,1977.0,158.3
3524009,Milton,Halton,1990,1 Bedroom,499.0,a,Excellent,,1060.0,46.7
3524009,Milton,Halton,1990,2 Bedroom,602.0,b,Very good,,1279.0,50.8
3524009,Milton,Halton,1990,3 Bedroom,655.0,a,Excellent,,1391.0,
3524009,Milton,Halton,1990,Studio,349.0,b,Very good,,741.0,45.4
3524009,Milton,Halton,1990,Total,552.0,a,Excellent,,1173.0,48.8
3524009,Milton,Halton,1991,1 Bedroom,536.0,a,Excellent,7.4,1093.0,50.1
3524009,Milton,Halton,1991,2 Bedroom,628.0,b,Very good,4.3,1281.0,53.0
3524009,Milton,Halton,1991,3 Bedroom,674.0,a,Excellent,2.9,1374.0,
3524009,Milton,Halton,1991,Studio,376.0,b,Very good,7.7,767.0,49.0
3524009,Milton,Halton,1991,Total,584.0,a,Excellent,5.8,1191.0,51.7
3524009,Milton,Halton,1992,1 Bedroom,551.0,b,Very good,2.8,1113.0,51.5
3524009,Milton,Halton,1992,2 Bedroom,635.0,b,Very good,1.1,1283.0,53.6
3524009,Milton,Halton,1992,Studio,406.0,b,Very good,8.0,820.0,52.9
3524009,Milton,Halton,1992,Total,591.0,b,Very good,1.2,1194.0,52.3
3524009,Milton,Halton,1993,1 Bedroom,578.0,a,Excellent,4.9,1150.0,54.1
3524009,Milton,Halton,1993,2 Bedroom,676.0,b,Very good,6.5,1345.0,57.0
3524009,Milton,Halton,1993,3 Bedroom,686.0,a,Excellent,,1365.0,
3524009,Milton,Halton,1993,Studio,451.0,a,Excellent,11.1,897.0,58.7
3524009,Milton,Halton,1993,Total,625.0,a,Excellent,5.8,1243.0,55.3
3524009,Milton,Halton,1994,1 Bedroom,608.0,a,Excellent,5.2,1208.0,56.9
3524009,Milton,Halton,1994,2 Bedroom,723.0,b,Very good,7.0,1437.0,61.0
3524009,Milton,Halton,1994,3 Bedroom,783.0,b,Very good,14.1,1556.0,
3524009,Milton,Halton,1994,Studio,468.0,a,Excellent,3.8,930.0,60.9
3524009,Milton,Halton,1994,Total,666.0,b,Very good,6.6,1323.0,58.9
3524009,Milton,Halton,1995,1 Bedroom,623.0,a,Excellent,2.5,1208.0,58.3
3524009,Milton,Halton,1995,2 Bedroom,728.0,b,Very good,0.7,1412.0,61.4
3524009,Milton,Halton,1995,Studio,439.0,b,Very good,-6.2,851.0,57.2
3524009,Milton,Halton,1995,Total,674.0,a,Excellent,1.2,1307.0,59.6
3524009,Milton,Halton,1996,1 Bedroom,652.0,a,Excellent,4.7,1244.0,61.0
3524009,Milton,Halton,1996,2 Bedroom,749.0,b,Very good,2.9,1429.0,63.2
3524009,Milton,Halton,1996,Studio,450.0,a,Excellent,2.5,858.0,58.6
3524009,Milton,Halton,1996,Total,699.0,a,Excellent,3.7,1333.0,61.9
3524009,Milton,Halton,1997,1 Bedroom,646.0,a,Excellent,-0.9,1210.0,60.4
3524009,Milton,Halton,1997,2 Bedroom,740.0,b,Very good,-1.2,1386.0,62.4
3524009,Milton,Halton,1997,Studio,468.0,a,Excellent,4.0,877.0,60.9
3524009,Milton,Halton,1997,Total,691.0,b,Very good,-1.1,1295.0,61.2
3524009,Milton,Halton,1998,1 Bedroom,680.0,b,Very good,5.3,1261.0,63.6
3524009,Milton,Halton,1998,2 Bedroom,798.0,b,Very good,7.8,1480.0,67.3
3524009,Milton,Halton,1998,Studio,463.0,a,Excellent,-1.1,858.0,60.3
3524009,Milton,Halton,1998,Total,738.0,b,Very good,6.8,1368.0,65.3
3524009,Milton,Halton,1999,1 Bedroom,746.0,b,Very good,9.7,1356.0,69.8
3524009,Milton,Halton,1999,2 Bedroom,868.0,b,Very good,8.8,1578.0,73.2
3524009,Milton,Halton,1999,Studio,477.0,a,Excellent,3.0,867.0,62.1
3524009,Milton,Halton,1999,Total,805.0,b,Very good,9.1,1464.0,71.2
3524009,Milton,Halton,2000,1 Bedroom,797.0,a,Excellent,6.8,1407.0,74.6
3524009,Milton,Halton,2000,2 Bedroom,904.0,a,Excellent,4.1,1595.0,76.3
3524009,Milton,Halton,2000,Studio,531.0,a,Excellent,11.3,937.0,69.1
3524009,Milton,Halton,2000,Total,848.0,a,Excellent,5.3,1497.0,75.0
3524009,Milton,Halton,2001,1 Bedroom,723.0,b,Very good,-9.3,1237.0,67.6
3524009,Milton,Halton,2001,2 Bedroom,822.0,b,Very good,-9.1,1407.0,69.4
3524009,Milton,Halton,2001,Studio,494.0,a,Excellent,-7.0,846.0,64.3
3524009,Milton,Halton,2001,Total,772.0,b,Very good,-9.0,1321.0,68.3
3524009,Milton,Halton,2002,1 Bedroom,825.0,a,Excellent,14.1,1383.0,77.2
3524009,Milton,Halton,2002,2 Bedroom,913.0,a,Excellent,11.1,1531.0,77.0
3524009,Milton,Halton,2002,Studio,564.0,b,Very good,14.2,946.0,73.4
3524009,Milton,Halton,2002,Total,866.0,a,Excellent,12.2,1452.0,76.6
3524009,Milton,Halton,2003,1 Bedroom,825.0,a,Excellent,0.0,1342.0,77.2
3524009,Milton,Halton,2003,2 Bedroom,919.0,b,Very good,0.7,1495.0,77.6
3524009,Milton,Halton,2003,Studio,581.0,a,Excellent,3.0,945.0,75.7
3524009,Milton,Halton,2003,Total,867.0,a,Excellent,0.1,1411.0,76.7
3524009,Milton,Halton,2004,1 Bedroom,846.0,a,Excellent,2.5,1355.0,79.1
3524009,Milton,Halton,2004,2 Bedroom,953.0,a,Excellent,3.7,1526.0,80.4
3524009,Milton,Halton,2004,Studio,640.0,b,Very good,10.2,1025.0,83.3
3524009,Milton,Halton,2004,Total,899.0,a,Excellent,3.7,1440.0,79.6
3524009,Milton,Halton,2005,1 Bedroom,847.0,a,Excellent,0.1,1332.0,79.2
3524009,Milton,Halton,2005,2 Bedroom,959.0,a,Excellent,0.6,1508.0,80.9
3524009,Milton,Halton,2005,Studio,635.0,a,Excellent,-0.8,998.0,82.7
3524009,Milton,Halton,2005,Total,909.0,a,Excellent,1.1,1429.0,80.4
3524009,Milton,Halton,2006,1 Bedroom,887.0,a,Excellent,4.7,1372.0,83.0
3524009,Milton,Halton,2006,2 Bedroom,1010.0,b,Very good,5.3,1563.0,85.2
3524009,Milton,Halton,2006,Studio,659.0,a,Excellent,3.8,1020.0,85.8
3524009,Milton,Halton,2006,Total,955.0,b,Very good,5.1,1477.0,84.5
3524009,Milton,Halton,2007,1 Bedroom,901.0,a,Excellent,1.6,1368.0,84.3
3524009,Milton,Halton,2007,2 Bedroom,1012.0,a,Excellent,0.2,1536.0,85.4
3524009,Milton,Halton,2007,Studio,596.0,a,Excellent,-9.6,905.0,77.6
3524009,Milton,Halton,2007,Total,967.0,a,Excellent,1.3,1468.0,85.6
3524009,Milton,Halton,2008,1 Bedroom,901.0,a,Excellent,0.0,1335.0,84.3
3524009,Milton,Halton,2008,2 Bedroom,1003.0,a,Excellent,-0.9,1487.0,84.6
3524009,Milton,Halton,2008,Studio,652.0,b,Very good,9.4,966.0,84.9
3524009,Milton,Halton,2008,Total,956.0,a,Excellent,-1.1,1417.0,84.6
3524009,Milton,Halton,2009,1 Bedroom,940.0,a,Excellent,4.3,1387.0,87.9
3524009,Milton,Halton,2009,2 Bedroom,1096.0,a,Excellent,9.3,1617.0,92.5
3524009,Milton,Halton,2009,Total,1017.0,a,Excellent,6.4,1501.0,90.0
3524009,Milton,Halton,2010,1 Bedroom,968.0,a,Excellent,3.0,1393.0,90.6
3524009,Milton,Halton,2010,2 Bedroom,1106.0,a,Excellent,0.9,1592.0,93.3
3524009,Milton,Halton,2010,Total,1039.0,a,Excellent,2.2,1496.0,91.9
3524009,Milton,Halton,2011,1 Bedroom,977.0,a,Excellent,0.9,1365.0,91.4
3524009,Milton,Halton,2011,2 Bedroom,1108.0,a,Excellent,0.2,1548.0,93.5
3524009,Milton,Halton,2011,Total,1050.0,a,Excellent,1.1,1467.0,92.9
3524009,Milton,Halton,2012,1 Bedroom,997.0,a,Excellent,2.0,1372.0,93.3
3524009,Milton,Halton,2012,2 Bedroom,1144.0,a,Excellent,3.2,1574.0,96.5
3524009,Milton,Halton,2012,Total,1072.0,a,Excellent,2.1,1475.0,94.9
3524009,Milton,Halton,2013,1 Bedroom,1019.0,a,Excellent,2.2,1386.0,95.3
3524009,Milton,Halton,2013,2 Bedroom,1141.0,a,Excellent,-0.3,1552.0,96.3
3524009,Milton,Halton,2013,Total,1082.0,a,Excellent,0.9,1472.0,95.8
3524009,Milton,Halton,2014,1 Bedroom,1032.0,a,Excellent,1.3,1369.0,96.5
3524009,Milton,Halton,2014,2 Bedroom,1148.0,a,Excellent,0.6,1523.0,96.9
3524009,Milton,Halton,2014,Studio,752.0,b,Very good,,998.0,97.9
3524009,Milton,Halton,2014,Total,1090.0,a,Excellent,0.7,1446.0,96.5
3524009,Milton,Halton,2015,1 Bedroom,1069.0,a,Excellent,3.6,1397.0,100.0
3524009,Milton,Halton,2015,2 Bedroom,1185.0,a,Excellent,3.2,1548.0,100.0
3524009,Milton,Halton,2015,Studio,768.0,a,Excellent,2.1,1003.0,100.0
3524009,Milton,Halton,2015,Total,1130.0,a,Excellent,3.7,1476.0,100.0
3524009,Milton,Halton,2016,1 Bedroom,1103.0,a,Excellent,3.2,1412.0,103.2
3524009,Milton,Halton,2016,2 Bedroom,1254.0,a,Excellent,5.8,1606.0,105.8
3524009,Milton,Halton,2016,Total,1182.0,a,Excellent,4.6,1513.0,104.6
3524009,Milton,Halton,2017,1 Bedroom,1151.0,b,Very good,4.4,1444.0,107.7
3524009,Milton,Halton,2017,2 Bedroom,1249.0,b,Very good,-0.4,1567.0,105.4
3524009,Milton,Halton,2017,Total,1206.0,b,Very good,2.0,1513.0,106.7
3524009,Milton,Halton,2018,1 Bedroom,1181.0,b,Very good,2.6,1444.0,110.5
3524009,Milton,Halton,2018,2 Bedroom,1273.0,b,Very good,1.9,1557.0,107.4
3524009,Milton,Halton,2018,Total,1234.0,b,Very good,2.3,1509.0,109.2
3524009,Milton,Halton,2019,1 Bedroom,1210.0,b,Very good,2.5,1451.0,113.2
3524009,Milton,Halton,2019,2 Bedroom,1340.0,b,Very good,5.3,1606.0,113.1
3524009,Milton,Halton,2019,Total,1285.0,b,Very good,4.1,1541.0,113.7
3524009,Milton,Halton,2020,1 Bedroom,1273.0,b,Very good,5.2,1521.0,119.1
3524009,Milton,Halton,2020,2 Bedroom,1402.0,b,Very good,4.6,1675.0,118.3
3524009,Milton,Halton,2020,Total,1345.0,b,Very good,4.7,1607.0,119.0
3524009,Milton,Halton,2021,1 Bedroom,1283.0,a,Excellent,0.8,1491.0,120.0
3524009,Milton,Halton,2021,2 Bedroom,1440.0,a,Excellent,2.7,1673.0,121.5
3524009,Milton,Halton,2021,Total,1362.0,a,Excellent,1.3,1583.0,120.5
3524009,Milton,Halton,2022,1 Bedroom,1378.0,a,Excellent,7.4,1503.0,128.9
3524009,Milton,Halton,2022,2 Bedroom,1646.0,a,Excellent,14.3,1795.0,138.9
3524009,Milton,Halton,2022,3 Bedroom,1508.0,a,Excellent,,1645.0,
3524009,Milton,Halton,2022,Total,1512.0,a,Excellent,11.0,1649.0,133.8
3524009,Milton,Halton,2023,1 Bedroom,1451.0,b,Very good,5.3,1519.0,135.7
3524009,Milton,Halton,2023,2 Bedroom,1626.0,b,Very good,-1.2,1702.0,137.2
3524009,Milton,Halton,2023,Total,1531.0,b,Very good,1.3,1603.0,135.5
3524009,Milton,Halton,2024,1 Bedroom,1655.0,b,Very good,14.1,1685.0,154.8
3524009,Milton,Halton,2024,2 Bedroom,1762.0,b,Very good,8.4,1794.0,148.7
3524009,Milton,Halton,2024,Total,1703.0,b,Very good,11.2,1734.0,150.7
3524009,Milton,Halton,2025,1 Bedroom,1670.0,b,Very good,0.9,1670.0,156.2
3524009,Milton,Halton,2025,2 Bedroom,1801.0,b,Very good,2.2,1801.0,152.0
3524009,Milton,Halton,2025,Total,1735.0,b,Very good,1.9,1735.0,153.5
3524015,Halton Hills,Halton,1990,1 Bedroom,468.0,a,Excellent,,994.0,51.7
3524015,Halton Hills,Halton,1990,2 Bedroom,622.0,a,Excellent,,1321.0,55.5
3524015,Halton Hills,Halton,1990,3 Bedroom,822.0,a,Excellent,,1746.0,56.9
3524015,Halton Hills,Halton,1990,Studio,384.0,b,Very good,,816.0,
3524015,Halton Hills,Halton,1990,Total,581.0,a,Excellent,,1234.0,54.7
3524015,Halton Hills,Halton,1991,1 Bedroom,489.0,a,Excellent,4.5,997.0,54.0
3524015,Halton Hills,Halton,1991,2 Bedroom,641.0,a,Excellent,3.1,1307.0,57.2
3524015,Halton Hills,Halton,1991,3 Bedroom,931.0,a,Excellent,13.3,1898.0,64.5
3524015,Halton Hills,Halton,1991,Studio,383.0,b,Very good,-0.3,781.0,
3524015,Halton Hills,Halton,1991,Total,614.0,a,Excellent,5.7,1252.0,57.8
3524015,Halton Hills,Halton,1992,1 Bedroom,534.0,a,Excellent,9.2,1079.0,58.9
3524015,Halton Hills,Halton,1992,2 Bedroom,681.0,a,Excellent,6.2,1376.0,60.7
3524015,Halton Hills,Halton,1992,3 Bedroom,866.0,a,Excellent,-7.0,1750.0,60.0
3524015,Halton Hills,Halton,1992,Studio,408.0,b,Very good,6.5,825.0,
3524015,Halton Hills,Halton,1992,Total,649.0,a,Excellent,5.7,1312.0,61.1
3524015,Halton Hills,Halton,1993,1 Bedroom,529.0,a,Excellent,-0.9,1052.0,58.4
3524015,Halton Hills,Halton,1993,2 Bedroom,678.0,a,Excellent,-0.4,1349.0,60.5
3524015,Halton Hills,Halton,1993,3 Bedroom,864.0,a,Excellent,-0.2,1719.0,59.8
3524015,Halton Hills,Halton,1993,Total,651.0,a,Excellent,0.3,1295.0,61.3
3524015,Halton Hills,Halton,1994,1 Bedroom,563.0,a,Excellent,6.4,1119.0,62.1
3524015,Halton Hills,Halton,1994,2 Bedroom,709.0,a,Excellent,4.6,1409.0,63.2
3524015,Halton Hills,Halton,1994,3 Bedroom,910.0,a,Excellent,5.3,1808.0,63.0
3524015,Halton Hills,Halton,1994,Studio,446.0,b,Very good,,886.0,
3524015,Halton Hills,Halton,1994,Total,685.0,a,Excellent,5.2,1361.0,64.5
3524015,Halton Hills,Halton,1995,1 Bedroom,562.0,a,Excellent,-0.2,1090.0,62.0
3524015,Halton Hills,Halton,1995,2 Bedroom,713.0,a,Excellent,0.6,1383.0,63.6
3524015,Halton Hills,Halton,1995,3 Bedroom,916.0,a,Excellent,0.7,1776.0,63.4
3524015,Halton Hills,Halton,1995,Studio,463.0,c,Good,3.8,898.0,
3524015,Halton Hills,Halton,1995,Total,688.0,a,Excellent,0.4,1334.0,64.8
3524015,Halton Hills,Halton,1996,1 Bedroom,595.0,a,Excellent,5.9,1135.0,65.7
3524015,Halton Hills,Halton,1996,2 Bedroom,730.0,a,Excellent,2.4,1392.0,65.1
3524015,Halton Hills,Halton,1996,3 Bedroom,896.0,a,Excellent,-2.2,1709.0,62.0
3524015,Halton Hills,Halton,1996,Studio,534.0,b,Very good,15.3,1019.0,
3524015,Halton Hills,Halton,1996,Total,704.0,a,Excellent,2.3,1343.0,66.3
3524015,Halton Hills,Halton,1997,1 Bedroom,609.0,a,Excellent,2.4,1141.0,67.2
3524015,Halton Hills,Halton,1997,2 Bedroom,725.0,a,Excellent,-0.7,1358.0,64.7
3524015,Halton Hills,Halton,1997,3 Bedroom,914.0,a,Excellent,2.0,1712.0,63.3
3524015,Halton Hills,Halton,1997,Studio,538.0,b,Very good,0.7,1008.0,
3524015,Halton Hills,Halton,1997,Total,709.0,a,Excellent,0.7,1328.0,66.8
3524015,Halton Hills,Halton,1998,1 Bedroom,621.0,a,Excellent,2.0,1151.0,68.5
3524015,Halton Hills,Halton,1998,2 Bedroom,757.0,a,Excellent,4.4,1404.0,67.5
3524015,Halton Hills,Halton,1998,3 Bedroom,918.0,a,Excellent,0.4,1702.0,63.6
3524015,Halton Hills,Halton,1998,Studio,484.0,b,Very good,-10.0,897.0,
3524015,Halton Hills,Halton,1998,Total,724.0,a,Excellent,2.1,1342.0,68.2
3524015,Halton Hills,Halton,1999,1 Bedroom,625.0,a,Excellent,0.6,1136.0,69.0
3524015,Halton Hills,Halton,1999,2 Bedroom,802.0,a,Excellent,5.9,1458.0,71.5
3524015,Halton Hills,Halton,1999,3 Bedroom,962.0,a,Excellent,4.8,1749.0,66.6
3524015,Halton Hills,Halton,1999,Studio,536.0,d,Poor - use with caution,10.7,975.0,
3524015,Halton Hills,Halton,1999,Total,766.0,a,Excellent,5.8,1393.0,72.1
3524015,Halton Hills,Halton,2000,1 Bedroom,672.0,a,Excellent,7.5,1186.0,74.2
3524015,Halton Hills,Halton,2000,2 Bedroom,813.0,a,Excellent,1.4,1435.0,72.5
3524015,Halton Hills,Halton,2000,3 Bedroom,959.0,a,Excellent,-0.3,1692.0,66.4
3524015,Halton Hills,Halton,2000,Studio,556.0,b,Very good,3.7,981.0,
3524015,Halton Hills,Halton,2000,Total,782.0,a,Excellent,2.1,1380.0,73.6
3524015,Halton Hills,Halton,2001,1 Bedroom,741.0,a,Excellent,10.3,1268.0,81.8
3524015,Halton Hills,Halton,2001,2 Bedroom,850.0,a,Excellent,4.6,1455.0,75.8
3524015,Halton Hills,Halton,2001,3 Bedroom,1070.0,a,Excellent,11.6,1831.0,74.1
3524015,Halton Hills,Halton,2001,Studio,538.0,a,Excellent,-3.2,921.0,
3524015,Halton Hills,Halton,2001,Total,834.0,a,Excellent,6.6,1427.0,78.5
3524015,Halton Hills,Halton,2002,1 Bedroom,749.0,a,Excellent,1.1,1256.0,82.7
3524015,Halton Hills,Halton,2002,2 Bedroom,876.0,a,Excellent,3.1,1469.0,78.1
3524015,Halton Hills,Halton,2002,3 Bedroom,1038.0,a,Excellent,-3.0,1740.0,71.9
3524015,Halton Hills,Halton,2002,Studio,527.0,a,Excellent,-2.0,884.0,
3524015,Halton Hills,Halton,2002,Total,842.0,a,Excellent,1.0,1412.0,79.3
3524015,Halton Hills,Halton,2003,1 Bedroom,741.0,a,Excellent,-1.1,1206.0,81.8
3524015,Halton Hills,Halton,2003,2 Bedroom,982.0,a,Excellent,12.1,1598.0,87.6
3524015,Halton Hills,Halton,2003,3 Bedroom,1127.0,a,Excellent,8.6,1834.0,78.0
3524015,Halton Hills,Halton,2003,Studio,550.0,a,Excellent,4.4,895.0,
3524015,Halton Hills,Halton,2003,Total,920.0,a,Excellent,9.3,1497.0,86.6
3524015,Halton Hills,Halton,2004,1 Bedroom,758.0,a,Excellent,2.3,1214.0,83.7
3524015,Halton Hills,Halton,2004,2 Bedroom,914.0,a,Excellent,-6.9,1464.0,81.5
3524015,Halton Hills,Halton,2004,3 Bedroom,1060.0,a,Excellent,-5.9,1698.0,73.4
3524015,Halton Hills,Halton,2004,Studio,599.0,a,Excellent,8.9,959.0,
3524015,Halton Hills,Halton,2004,Total,874.0,a,Excellent,-5.0,1400.0,82.3
3524015,Halton Hills,Halton,2005,1 Bedroom,739.0,a,Excellent,-2.5,1162.0,81.6
3524015,Halton Hills,Halton,2005,2 Bedroom,935.0,a,Excellent,2.3,1470.0,83.4
3524015,Halton Hills,Halton,2005,3 Bedroom,1135.0,a,Excellent,7.1,1784.0,78.6
3524015,Halton Hills,Halton,2005,Studio,604.0,b,Very good,0.8,950.0,
3524015,Halton Hills,Halton,2005,Total,892.0,a,Excellent,2.1,1402.0,84.0
3524015,Halton Hills,Halton,2006,1 Bedroom,767.0,a,Excellent,3.8,1187.0,84.7
3524015,Halton Hills,Halton,2006,2 Bedroom,935.0,a,Excellent,0.0,1446.0,83.4
3524015,Halton Hills,Halton,2006,3 Bedroom,1101.0,a,Excellent,-3.0,1703.0,76.2
3524015,Halton Hills,Halton,2006,Studio,587.0,a,Excellent,-2.8,908.0,
3524015,Halton Hills,Halton,2006,Total,908.0,a,Excellent,1.8,1405.0,85.5
3524015,Halton Hills,Halton,2007,1 Bedroom,786.0,a,Excellent,2.5,1193.0,86.8
3524015,Halton Hills,Halton,2007,2 Bedroom,964.0,a,Excellent,3.1,1463.0,86.0
3524015,Halton Hills,Halton,2007,3 Bedroom,1205.0,a,Excellent,9.4,1829.0,83.4
3524015,Halton Hills,Halton,2007,Studio,645.0,b,Very good,9.9,979.0,
3524015,Halton Hills,Halton,2007,Total,917.0,a,Excellent,1.0,1392.0,86.3
3524015,Halton Hills,Halton,2008,1 Bedroom,793.0,a,Excellent,0.9,1175.0,87.5
3524015,Halton Hills,Halton,2008,2 Bedroom,960.0,a,Excellent,-0.4,1423.0,85.6
3524015,Halton Hills,Halton,2008,3 Bedroom,1221.0,a,Excellent,1.3,1810.0,84.6
3524015,Halton Hills,Halton,2008,Studio,627.0,a,Excellent,-2.8,929.0,
3524015,Halton Hills,Halton,2008,Total,908.0,a,Excellent,-1.0,1346.0,85.5
3524015,Halton Hills,Halton,2009,1 Bedroom,815.0,a,Excellent,2.8,1202.0,90.0
3524015,Halton Hills,Halton,2009,2 Bedroom,964.0,a,Excellent,0.4,1422.0,86.0
3524015,Halton Hills,Halton,2009,3 Bedroom,1227.0,a,Excellent,0.5,1810.0,85.0
3524015,Halton Hills,Halton,2009,Studio,654.0,a,Excellent,4.3,965.0,
3524015,Halton Hills,Halton,2009,Total,919.0,a,Excellent,1.2,1356.0,86.5
3524015,Halton Hills,Halton,2010,1 Bedroom,816.0,a,Excellent,0.1,1175.0,90.1
3524015,Halton Hills,Halton,2010,2 Bedroom,986.0,a,Excellent,2.3,1419.0,88.0
3524015,Halton Hills,Halton,2010,3 Bedroom,1246.0,a,Excellent,1.5,1794.0,86.3
3524015,Halton Hills,Halton,2010,Studio,657.0,a,Excellent,0.5,946.0,
3524015,Halton Hills,Halton,2010,Total,941.0,a,Excellent,2.4,1355.0,88.6
3524015,Halton Hills,Halton,2011,1 Bedroom,840.0,a,Excellent,2.9,1174.0,92.7
3524015,Halton Hills,Halton,2011,2 Bedroom,1009.0,a,Excellent,2.3,1410.0,90.0
3524015,Halton Hills,Halton,2011,3 Bedroom,1290.0,a,Excellent,3.5,1803.0,89.3
3524015,Halton Hills,Halton,2011,Studio,680.0,a,Excellent,3.5,950.0,
3524015,Halton Hills,Halton,2011,Total,969.0,a,Excellent,3.0,1354.0,91.2
3524015,Halton Hills,Halton,2012,1 Bedroom,827.0,a,Excellent,-1.5,1138.0,91.3
3524015,Halton Hills,Halton,2012,2 Bedroom,1024.0,a,Excellent,1.5,1409.0,91.3
3524015,Halton Hills,Halton,2012,3 Bedroom,1329.0,a,Excellent,3.0,1829.0,92.0
3524015,Halton Hills,Halton,2012,Total,976.0,a,Excellent,0.7,1343.0,91.9
3524015,Halton Hills,Halton,2013,1 Bedroom,845.0,a,Excellent,2.2,1149.0,93.3
3524015,Halton Hills,Halton,2013,2 Bedroom,1059.0,a,Excellent,3.4,1440.0,94.5
3524015,Halton Hills,Halton,2013,3 Bedroom,1377.0,a,Excellent,3.6,1873.0,95.4
3524015,Halton Hills,Halton,2013,Studio,686.0,a,Excellent,,933.0,
3524015,Halton Hills,Halton,2013,Total,995.0,a,Excellent,1.9,1353.0,93.7
3524015,Halton Hills,Halton,2014,1 Bedroom,867.0,a,Excellent,2.6,1150.0,95.7
3524015,Halton Hills,Halton,2014,2 Bedroom,1097.0,a,Excellent,3.6,1455.0,97.9
3524015,Halton Hills,Halton,2014,3 Bedroom,1426.0,a,Excellent,3.6,1892.0,98.8
3524015,Halton Hills,Halton,2014,Studio,695.0,b,Very good,1.3,922.0,
3524015,Halton Hills,Halton,2014,Total,1035.0,a,Excellent,4.0,1373.0,97.5
3524015,Halton Hills,Halton,2015,1 Bedroom,906.0,a,Excellent,4.5,1184.0,100.0
3524015,Halton Hills,Halton,2015,2 Bedroom,1121.0,a,Excellent,2.2,1465.0,100.0
3524015,Halton Hills,Halton,2015,3 Bedroom,1444.0,b,Very good,1.3,1887.0,100.0
3524015,Halton Hills,Halton,2015,Total,1062.0,a,Excellent,2.6,1387.0,100.0
3524015,Halton Hills,Halton,2016,1 Bedroom,917.0,a,Excellent,1.2,1174.0,101.2
3524015,Halton Hills,Halton,2016,2 Bedroom,1140.0,a,Excellent,1.7,1460.0,101.7
3524015,Halton Hills,Halton,2016,3 Bedroom,1528.0,a,Excellent,5.8,1956.0,105.8
3524015,Halton Hills,Halton,2016,Studio,697.0,a,Excellent,,892.0,
3524015,Halton Hills,Halton,2016,Total,1079.0,a,Excellent,1.6,1381.0,101.6
3524015,Halton Hills,Halton,2017,1 Bedroom,936.0,b,Very good,2.1,1174.0,103.3
3524015,Halton Hills,Halton,2017,2 Bedroom,1172.0,a,Excellent,2.8,1470.0,104.5
3524015,Halton Hills,Halton,2017,3 Bedroom,1603.0,a,Excellent,4.9,2011.0,111.0
3524015,Halton Hills,Halton,2017,Studio,690.0,a,Excellent,-1.0,865.0,
3524015,Halton Hills,Halton,2017,Total,1095.0,a,Excellent,1.5,1373.0,103.1
3524015,Halton Hills,Halton,2018,1 Bedroom,985.0,b,Very good,5.2,1205.0,108.7
3524015,Halton Hills,Halton,2018,2 Bedroom,1197.0,a,Excellent,2.1,1464.0,106.8
3524015,Halton Hills,Halton,2018,3 Bedroom,1672.0,a,Excellent,4.3,2045.0,115.8
3524015,Halton Hills,Halton,2018,Studio,759.0,a,Excellent,10.0,928.0,
3524015,Halton Hills,Halton,2018,Total,1141.0,a,Excellent,4.2,1396.0,107.4
3524015,Halton Hills,Halton,2019,1 Bedroom,1024.0,b,Very good,4.0,1228.0,113.0
3524015,Halton Hills,Halton,2019,2 Bedroom,1261.0,a,Excellent,5.3,1512.0,112.5
3524015,Halton Hills,Halton,2019,3 Bedroom,1700.0,a,Excellent,1.7,2038.0,117.7
3524015,Halton Hills,Halton,2019,Total,1205.0,a,Excellent,5.6,1445.0,113.5
3524015,Halton Hills,Halton,2020,1 Bedroom,1068.0,b,Very good,4.3,1276.0,117.9
3524015,Halton Hills,Halton,2020,2 Bedroom,1303.0,a,Excellent,3.3,1557.0,116.2
3524015,Halton Hills,Halton,2020,3 Bedroom,1661.0,a,Excellent,-2.3,1985.0,115.0
3524015,Halton Hills,Halton,2020,Total,1245.0,a,Excellent,3.3,1488.0,117.2
3524015,Halton Hills,Halton,2021,1 Bedroom,1048.0,b,Very good,-1.9,1218.0,115.7
3524015,Halton Hills,Halton,2021,2 Bedroom,1331.0,c,Good,2.1,1547.0,118.7
3524015,Halton Hills,Halton,2021,Total,1280.0,c,Good,2.8,1487.0,120.5
3524015,Halton Hills,Halton,2022,1 Bedroom,1215.0,b,Very good,15.9,1325.0,134.1
3524015,Halton Hills,Halton,2022,2 Bedroom,1437.0,a,Excellent,8.0,1567.0,128.2
3524015,Halton Hills,Halton,2022,Total,1385.0,b,Very good,8.2,1510.0,130.4
3524015,Halton Hills,Halton,2023,2 Bedroom,1176.0,a,Excellent,-18.2,1231.0,104.9
3524015,Halton Hills,Halton,2023,Total,1155.0,a,Excellent,-16.6,1209.0,108.8
3524015,Halton Hills,Halton,2024,1 Bedroom,1188.0,b,Very good,,1209.0,131.1
3524015,Halton Hills,Halton,2024,2 Bedroom,1371.0,a,Excellent,16.6,1396.0,122.3
3524015,Halton Hills,Halton,2024,Total,1313.0,b,Very good,13.7,1337.0,123.6
3524015,Halton Hills,Halton,2025,1 Bedroom,1214.0,b,Very good,2.2,1214.0,134.0
3524015,Halton Hills,Halton,2025,2 Bedroom,1531.0,a,Excellent,11.7,1531.0,136.6
3524015,Halton Hills,Halton,2025,Total,1433.0,b,Very good,9.1,1433.0,134.9
