csd_code,municipality,region,year,survey_month,bedroom_type,vacancy_rate_pct,quality_flag,quality_level
3518001,Pickering,Durham,1990,October,1 Bedroom,0.0,a,Excellent
3518001,Pickering,Durham,1990,October,2 Bedroom,4.7,a,Excellent
3518001,Pickering,Durham,1990,October,3 Bedroom,15.2,a,Excellent
3518001,Pickering,Durham,1990,October,Total,14.2,a,Excellent
3518001,Pickering,Durham,1991,October,1 Bedroom,8.3,a,Excellent
3518001,Pickering,Durham,1991,October,2 Bedroom,10.5,a,Excellent
3518001,Pickering,Durham,1991,October,3 Bedroom,26.2,a,Excellent
3518001,Pickering,Durham,1991,October,Studio,20.0,a,Excellent
3518001,Pickering,Durham,1991,October,Total,21.3,a,Excellent
3518001,Pickering,Durham,1992,October,1 Bedroom,0.7,a,Excellent
3518001,Pickering,Durham,1992,October,2 Bedroom,7.4,a,Excellent
3518001,Pickering,Durham,1992,October,3 Bedroom,22.5,a,Excellent
3518001,Pickering,Durham,1992,October,Total,17.4,a,Excellent
3518001,Pickering,Durham,1993,October,1 Bedroom,2.4,a,Excellent
3518001,Pickering,Durham,1993,October,2 Bedroom,2.1,a,Excellent
3518001,Pickering,Durham,1993,October,3 Bedroom,25.6,a,Excellent
3518001,Pickering,Durham,1993,October,Studio,0.0,a,Excellent
3518001,Pickering,Durham,1993,October,Total,19.4,a,Excellent
3518001,Pickering,Durham,1994,October,1 Bedroom,0.0,a,Excellent
3518001,Pickering,Durham,1994,October,2 Bedroom,0.0,a,Excellent
3518001,Pickering,Durham,1994,October,3 Bedroom,18.0,a,Excellent
3518001,Pickering,Durham,1994,October,Total,11.9,a,Excellent
3518001,Pickering,Durham,1995,October,3 Bedroom,1.3,a,Excellent
3518001,Pickering,Durham,1995,October,Total,0.8,a,Excellent
3518001,Pickering,Durham,1996,October,3 Bedroom,4.2,a,Excellent
3518001,Pickering,Durham,1996,October,Total,2.6,a,Excellent
3518001,Pickering,Durham,1997,October,3 Bedroom,0.3,a,Excellent
3518001,Pickering,Durham,1997,October,Total,0.2,a,Excellent
3518001,Pickering,Durham,1998,October,3 Bedroom,0.5,a,Excellent
3518001,Pickering,Durham,1998,October,Total,0.9,a,Excellent
3518001,Pickering,Durham,2000,October,3 Bedroom,0.0,a,Excellent
3518001,Pickering,Durham,2000,October,Total,0.0,c,Good
3518001,Pickering,Durham,2001,October,1 Bedroom,0.0,a,Excellent
3518001,Pickering,Durham,2001,October,3 Bedroom,0.3,a,Excellent
3518001,Pickering,Durham,2001,October,Total,0.3,a,Excellent
3518001,Pickering,Durham,2002,October,3 Bedroom,0.2,b,Very good
3518001,Pickering,Durham,2002,October,Total,0.2,b,Very good
3518001,Pickering,Durham,2003,October,3 Bedroom,0.2,b,Very good
3518001,Pickering,Durham,2003,October,Total,0.2,b,Very good
3518001,Pickering,Durham,2004,October,3 Bedroom,0.3,b,Very good
3518001,Pickering,Durham,2004,October,Total,0.6,b,Very good
3518001,Pickering,Durham,2009,October,3 Bedroom,0.8,a,Excellent
3518001,Pickering,Durham,2009,October,Total,0.7,a,Excellent
3518001,Pickering,Durham,2010,October,3 Bedroom,0.0,a,Excellent
3518001,Pickering,Durham,2011,October,3 Bedroom,2.6,a,Excellent
3518001,Pickering,Durham,2011,October,Total,2.6,a,Excellent
3518001,Pickering,Durham,2012,October,3 Bedroom,0.0,a,Excellent
3518001,Pickering,Durham,2013,October,3 Bedroom,0.2,a,Excellent
3518001,Pickering,Durham,2013,October,Total,0.2,a,Excellent
3518001,Pickering,Durham,2014,October,3 Bedroom,0.3,a,Excellent
3518001,Pickering,Durham,2014,October,Total,0.3,a,Excellent
3518001,Pickering,Durham,2015,October,3 Bedroom,0.0,a,Excellent
3518001,Pickering,Durham,2016,October,3 Bedroom,0.2,a,Excellent
3518001,Pickering,Durham,2016,October,Total,0.2,a,Excellent
3518001,Pickering,Durham,2017,October,3 Bedroom,0.5,a,Excellent
3518001,Pickering,Durham,2017,October,Total,0.5,a,Excellent
3518001,Pickering,Durham,2018,October,3 Bedroom,1.2,a,Excellent
3518001,Pickering,Durham,2018,October,Total,1.1,a,Excellent
3518001,Pickering,Durham,2019,October,3 Bedroom,1.7,a,Excellent
3518001,Pickering,Durham,2019,October,Total,1.6,a,Excellent
3518001,Pickering,Durham,2020,October,3 Bedroom,1.1,a,Excellent
3518001,Pickering,Durham,2020,October,Total,1.0,a,Excellent
3518001,Pickering,Durham,2021,October,3 Bedroom,0.3,a,Excellent
3518001,Pickering,Durham,2021,October,Total,0.3,a,Excellent
3518001,Pickering,Durham,2022,October,3 Bedroom,0.5,a,Excellent
3518001,Pickering,Durham,2022,October,Total,0.5,a,Excellent
3518001,Pickering,Durham,2023,October,3 Bedroom,0.5,a,Excellent
3518001,Pickering,Durham,2023,October,Total,0.5,a,Excellent
3518001,Pickering,Durham,2024,October,3 Bedroom,0.5,a,Excellent
3518001,Pickering,Durham,2024,October,Total,0.5,b,Very good
3518001,Pickering,Durham,2025,October,3 Bedroom,1.5,c,Good
3518005,Ajax,Durham,1990,October,1 Bedroom,0.8,a,Excellent
3518005,Ajax,Durham,1990,October,2 Bedroom,2.6,a,Excellent
3518005,Ajax,Durham,1990,October,3 Bedroom,7.0,a,Excellent
3518005,Ajax,Durham,1990,October,Total,3.4,a,Excellent
3518005,Ajax,Durham,1991,October,1 Bedroom,0.8,a,Excellent
3518005,Ajax,Durham,1991,October,2 Bedroom,1.6,a,Excellent
3518005,Ajax,Durham,1991,October,3 Bedroom,2.8,a,Excellent
3518005,Ajax,Durham,1991,October,Total,1.8,a,Excellent
3518005,Ajax,Durham,1992,October,1 Bedroom,1.8,a,Excellent
3518005,Ajax,Durham,1992,October,2 Bedroom,1.6,a,Excellent
3518005,Ajax,Durham,1992,October,3 Bedroom,1.9,a,Excellent
3518005,Ajax,Durham,1992,October,Total,1.7,a,Excellent
3518005,Ajax,Durham,1993,October,1 Bedroom,0.0,c,Good
3518005,Ajax,Durham,1993,October,2 Bedroom,2.3,a,Excellent
3518005,Ajax,Durham,1993,October,3 Bedroom,0.6,a,Excellent
3518005,Ajax,Durham,1993,October,Total,1.7,a,Excellent
3518005,Ajax,Durham,1994,October,1 Bedroom,1.5,a,Excellent
3518005,Ajax,Durham,1994,October,2 Bedroom,0.3,a,Excellent
3518005,Ajax,Durham,1994,October,3 Bedroom,0.3,a,Excellent
3518005,Ajax,Durham,1994,October,Total,0.4,a,Excellent
3518005,Ajax,Durham,1995,October,1 Bedroom,2.0,c,Good
3518005,Ajax,Durham,1995,October,2 Bedroom,0.4,a,Excellent
3518005,Ajax,Durham,1995,October,3 Bedroom,0.0,c,Good
3518005,Ajax,Durham,1995,October,Total,0.4,a,Excellent
3518005,Ajax,Durham,1996,October,1 Bedroom,0.9,a,Excellent
3518005,Ajax,Durham,1996,October,2 Bedroom,1.2,a,Excellent
3518005,Ajax,Durham,1996,October,3 Bedroom,0.9,a,Excellent
3518005,Ajax,Durham,1996,October,Total,1.1,a,Excellent
3518005,Ajax,Durham,1997,October,1 Bedroom,1.0,a,Excellent
3518005,Ajax,Durham,1997,October,2 Bedroom,0.7,a,Excellent
3518005,Ajax,Durham,1997,October,3 Bedroom,1.5,a,Excellent
3518005,Ajax,Durham,1997,October,Total,0.9,a,Excellent
3518005,Ajax,Durham,1998,October,1 Bedroom,0.0,a,Excellent
3518005,Ajax,Durham,1998,October,2 Bedroom,0.0,c,Good
3518005,Ajax,Durham,1998,October,3 Bedroom,0.0,c,Good
3518005,Ajax,Durham,1998,October,Total,0.0,b,Very good
3518005,Ajax,Durham,1999,October,1 Bedroom,1.5,c,Good
3518005,Ajax,Durham,1999,October,2 Bedroom,0.9,d,Poor (use with caution)
3518005,Ajax,Durham,1999,October,Total,1.0,a,Excellent
3518005,Ajax,Durham,2000,October,1 Bedroom,2.0,b,Very good
3518005,Ajax,Durham,2000,October,2 Bedroom,1.0,a,Excellent
3518005,Ajax,Durham,2000,October,3 Bedroom,0.3,a,Excellent
3518005,Ajax,Durham,2000,October,Total,0.9,a,Excellent
3518005,Ajax,Durham,2001,October,1 Bedroom,0.0,c,Good
3518005,Ajax,Durham,2001,October,2 Bedroom,1.0,a,Excellent
3518005,Ajax,Durham,2001,October,3 Bedroom,0.7,a,Excellent
3518005,Ajax,Durham,2001,October,Total,0.8,a,Excellent
3518005,Ajax,Durham,2002,October,1 Bedroom,4.5,d,Poor (use with caution)
3518005,Ajax,Durham,2002,October,2 Bedroom,2.3,b,Very good
3518005,Ajax,Durham,2002,October,3 Bedroom,1.7,c,Good
3518005,Ajax,Durham,2002,October,Total,2.4,b,Very good
3518005,Ajax,Durham,2003,October,1 Bedroom,0.0,d,Poor (use with caution)
3518005,Ajax,Durham,2003,October,2 Bedroom,3.5,b,Very good
3518005,Ajax,Durham,2003,October,3 Bedroom,7.9,c,Good
3518005,Ajax,Durham,2003,October,Total,3.9,c,Good
3518005,Ajax,Durham,2004,October,1 Bedroom,0.0,c,Good
3518005,Ajax,Durham,2004,October,2 Bedroom,6.3,b,Very good
3518005,Ajax,Durham,2004,October,3 Bedroom,5.4,c,Good
3518005,Ajax,Durham,2004,October,Total,5.7,b,Very good
3518005,Ajax,Durham,2005,October,1 Bedroom,0.0,a,Excellent
3518005,Ajax,Durham,2005,October,2 Bedroom,3.1,a,Excellent
3518005,Ajax,Durham,2005,October,3 Bedroom,2.3,a,Excellent
3518005,Ajax,Durham,2005,October,Total,2.7,a,Excellent
3518005,Ajax,Durham,2006,October,1 Bedroom,6.0,b,Very good
3518005,Ajax,Durham,2006,October,2 Bedroom,4.3,b,Very good
3518005,Ajax,Durham,2006,October,3 Bedroom,3.3,d,Poor (use with caution)
3518005,Ajax,Durham,2006,October,Total,4.3,b,Very good
3518005,Ajax,Durham,2007,October,1 Bedroom,5.6,c,Good
3518005,Ajax,Durham,2007,October,2 Bedroom,2.6,b,Very good
3518005,Ajax,Durham,2007,October,3 Bedroom,2.5,b,Very good
3518005,Ajax,Durham,2007,October,Total,2.8,b,Very good
3518005,Ajax,Durham,2008,October,1 Bedroom,1.1,a,Excellent
3518005,Ajax,Durham,2008,October,2 Bedroom,1.8,b,Very good
3518005,Ajax,Durham,2008,October,3 Bedroom,3.1,a,Excellent
3518005,Ajax,Durham,2008,October,Total,2.0,a,Excellent
3518005,Ajax,Durham,2009,October,1 Bedroom,0.0,d,Poor (use with caution)
3518005,Ajax,Durham,2009,October,2 Bedroom,1.1,a,Excellent
3518005,Ajax,Durham,2009,October,3 Bedroom,3.4,d,Poor (use with caution)
3518005,Ajax,Durham,2009,October,Total,1.5,b,Very good
3518005,Ajax,Durham,2010,October,1 Bedroom,0.0,c,Good
3518005,Ajax,Durham,2010,October,2 Bedroom,0.3,a,Excellent
3518005,Ajax,Durham,2010,October,3 Bedroom,1.6,a,Excellent
3518005,Ajax,Durham,2010,October,Total,0.6,a,Excellent
3518005,Ajax,Durham,2011,October,2 Bedroom,3.3,c,Good
3518005,Ajax,Durham,2011,October,Total,3.1,d,Poor (use with caution)
3518005,Ajax,Durham,2012,October,2 Bedroom,2.7,b,Very good
3518005,Ajax,Durham,2012,October,3 Bedroom,2.4,a,Excellent
3518005,Ajax,Durham,2012,October,Total,2.5,a,Excellent
3518005,Ajax,Durham,2013,October,1 Bedroom,1.4,d,Poor (use with caution)
3518005,Ajax,Durham,2013,October,2 Bedroom,1.2,a,Excellent
3518005,Ajax,Durham,2013,October,3 Bedroom,1.9,b,Very good
3518005,Ajax,Durham,2013,October,Total,1.4,a,Excellent
3518005,Ajax,Durham,2014,October,1 Bedroom,0.0,c,Good
3518005,Ajax,Durham,2014,October,2 Bedroom,1.3,a,Excellent
3518005,Ajax,Durham,2014,October,3 Bedroom,1.5,a,Excellent
3518005,Ajax,Durham,2014,October,Total,1.3,a,Excellent
3518005,Ajax,Durham,2015,October,1 Bedroom,0.0,a,Excellent
3518005,Ajax,Durham,2015,October,2 Bedroom,1.1,a,Excellent
3518005,Ajax,Durham,2015,October,3 Bedroom,1.0,a,Excellent
3518005,Ajax,Durham,2015,October,Total,1.0,a,Excellent
3518005,Ajax,Durham,2016,October,1 Bedroom,0.0,d,Poor (use with caution)
3518005,Ajax,Durham,2016,October,2 Bedroom,6.7,b,Very good
3518005,Ajax,Durham,2016,October,3 Bedroom,4.5,b,Very good
3518005,Ajax,Durham,2016,October,Total,5.9,b,Very good
3518005,Ajax,Durham,2017,October,1 Bedroom,0.0,d,Poor (use with caution)
3518005,Ajax,Durham,2017,October,2 Bedroom,1.7,b,Very good
3518005,Ajax,Durham,2017,October,3 Bedroom,0.9,a,Excellent
3518005,Ajax,Durham,2017,October,Total,1.3,a,Excellent
3518005,Ajax,Durham,2018,October,1 Bedroom,0.0,a,Excellent
3518005,Ajax,Durham,2018,October,2 Bedroom,0.5,a,Excellent
3518005,Ajax,Durham,2018,October,3 Bedroom,1.0,a,Excellent
3518005,Ajax,Durham,2018,October,Total,0.6,a,Excellent
3518005,Ajax,Durham,2019,October,1 Bedroom,2.7,a,Excellent
3518005,Ajax,Durham,2019,October,2 Bedroom,2.3,c,Good
3518005,Ajax,Durham,2019,October,Total,2.0,c,Good
3518005,Ajax,Durham,2020,October,2 Bedroom,2.0,c,Good
3518005,Ajax,Durham,2020,October,3 Bedroom,0.8,a,Excellent
3518005,Ajax,Durham,2020,October,Total,1.7,c,Good
3518005,Ajax,Durham,2021,October,Total,1.9,c,Good
3518005,Ajax,Durham,2022,October,2 Bedroom,0.3,b,Very good
3518005,Ajax,Durham,2022,October,3 Bedroom,0.0,d,Poor (use with caution)
3518005,Ajax,Durham,2022,October,Total,0.2,b,Very good
3518005,Ajax,Durham,2023,October,1 Bedroom,2.0,c,Good
3518005,Ajax,Durham,2023,October,2 Bedroom,0.7,a,Excellent
3518005,Ajax,Durham,2023,October,3 Bedroom,0.5,a,Excellent
3518005,Ajax,Durham,2023,October,Total,0.7,a,Excellent
3518005,Ajax,Durham,2024,October,2 Bedroom,1.5,a,Excellent
3518005,Ajax,Durham,2024,October,3 Bedroom,0.3,b,Very good
3518005,Ajax,Durham,2024,October,Total,1.2,a,Excellent
3518005,Ajax,Durham,2025,October,1 Bedroom,0.0,d,Poor (use with caution)
3518005,Ajax,Durham,2025,October,2 Bedroom,2.4,c,Good
3518005,Ajax,Durham,2025,October,3 Bedroom,0.9,a,Excellent
3518005,Ajax,Durham,2025,October,Total,2.0,c,Good
3518009,Whitby,Durham,1990,October,1 Bedroom,2.5,b,Very good
3518009,Whitby,Durham,1990,October,2 Bedroom,1.4,a,Excellent
3518009,Whitby,Durham,1990,October,3 Bedroom,0.0,c,Good
3518009,Whitby,Durham,1990,October,Studio,5.1,b,Very good
3518009,Whitby,Durham,1990,October,Total,1.8,b,Very good
3518009,Whitby,Durham,1991,October,1 Bedroom,3.5,c,Good
3518009,Whitby,Durham,1991,October,2 Bedroom,3.3,b,Very good
3518009,Whitby,Durham,1991,October,3 Bedroom,0.2,a,Excellent
3518009,Whitby,Durham,1991,October,Studio,10.7,d,Poor (use with caution)
3518009,Whitby,Durham,1991,October,Total,3.3,b,Very good
3518009,Whitby,Durham,1992,October,1 Bedroom,8.0,b,Very good
3518009,Whitby,Durham,1992,October,2 Bedroom,13.2,c,Good
3518009,Whitby,Durham,1992,October,3 Bedroom,16.3,d,Poor (use with caution)
3518009,Whitby,Durham,1992,October,Total,11.6,c,Good
3518009,Whitby,Durham,1993,October,1 Bedroom,4.5,c,Good
3518009,Whitby,Durham,1993,October,2 Bedroom,5.1,c,Good
3518009,Whitby,Durham,1993,October,3 Bedroom,17.5,d,Poor (use with caution)
3518009,Whitby,Durham,1993,October,Studio,9.3,c,Good
3518009,Whitby,Durham,1993,October,Total,7.1,c,Good
3518009,Whitby,Durham,1994,October,1 Bedroom,1.7,c,Good
3518009,Whitby,Durham,1994,October,2 Bedroom,2.5,b,Very good
3518009,Whitby,Durham,1994,October,3 Bedroom,14.8,d,Poor (use with caution)
3518009,Whitby,Durham,1994,October,Studio,3.2,d,Poor (use with caution)
3518009,Whitby,Durham,1994,October,Total,4.1,c,Good
3518009,Whitby,Durham,1995,October,1 Bedroom,2.0,b,Very good
3518009,Whitby,Durham,1995,October,2 Bedroom,1.4,a,Excellent
3518009,Whitby,Durham,1995,October,Studio,6.1,c,Good
3518009,Whitby,Durham,1995,October,Total,1.8,b,Very good
3518009,Whitby,Durham,1996,October,1 Bedroom,2.1,c,Good
3518009,Whitby,Durham,1996,October,2 Bedroom,3.1,c,Good
3518009,Whitby,Durham,1996,October,3 Bedroom,5.4,c,Good
3518009,Whitby,Durham,1996,October,Studio,4.3,c,Good
3518009,Whitby,Durham,1996,October,Total,3.2,b,Very good
3518009,Whitby,Durham,1997,October,1 Bedroom,2.2,b,Very good
3518009,Whitby,Durham,1997,October,2 Bedroom,1.1,a,Excellent
3518009,Whitby,Durham,1997,October,3 Bedroom,3.2,b,Very good
3518009,Whitby,Durham,1997,October,Studio,1.5,a,Excellent
3518009,Whitby,Durham,1997,October,Total,1.8,a,Excellent
3518009,Whitby,Durham,1998,October,1 Bedroom,1.5,a,Excellent
3518009,Whitby,Durham,1998,October,2 Bedroom,0.9,a,Excellent
3518009,Whitby,Durham,1998,October,3 Bedroom,1.7,b,Very good
3518009,Whitby,Durham,1998,October,Total,1.3,a,Excellent
3518009,Whitby,Durham,1999,October,1 Bedroom,1.1,a,Excellent
3518009,Whitby,Durham,1999,October,2 Bedroom,0.5,a,Excellent
3518009,Whitby,Durham,1999,October,3 Bedroom,0.0,c,Good
3518009,Whitby,Durham,1999,October,Studio,1.7,c,Good
3518009,Whitby,Durham,1999,October,Total,0.7,a,Excellent
3518009,Whitby,Durham,2000,October,1 Bedroom,0.3,b,Very good
3518009,Whitby,Durham,2000,October,2 Bedroom,0.8,a,Excellent
3518009,Whitby,Durham,2000,October,3 Bedroom,4.9,b,Very good
3518009,Whitby,Durham,2000,October,Total,1.2,a,Excellent
3518009,Whitby,Durham,2001,October,1 Bedroom,0.1,b,Very good
3518009,Whitby,Durham,2001,October,2 Bedroom,0.2,a,Excellent
3518009,Whitby,Durham,2001,October,3 Bedroom,0.0,c,Good
3518009,Whitby,Durham,2001,October,Studio,0.0,c,Good
3518009,Whitby,Durham,2001,October,Total,0.1,a,Excellent
3518009,Whitby,Durham,2002,October,1 Bedroom,0.6,a,Excellent
3518009,Whitby,Durham,2002,October,2 Bedroom,1.7,c,Good
3518009,Whitby,Durham,2002,October,3 Bedroom,2.5,b,Very good
3518009,Whitby,Durham,2002,October,Studio,0.0,d,Poor (use with caution)
3518009,Whitby,Durham,2002,October,Total,1.3,a,Excellent
3518009,Whitby,Durham,2003,October,2 Bedroom,4.9,c,Good
3518009,Whitby,Durham,2003,October,Studio,0.0,d,Poor (use with caution)
3518009,Whitby,Durham,2003,October,Total,4.1,c,Good
3518009,Whitby,Durham,2004,October,1 Bedroom,2.9,c,Good
3518009,Whitby,Durham,2004,October,2 Bedroom,1.9,b,Very good
3518009,Whitby,Durham,2004,October,3 Bedroom,2.1,c,Good
3518009,Whitby,Durham,2004,October,Studio,0.0,d,Poor (use with caution)
3518009,Whitby,Durham,2004,October,Total,2.2,b,Very good
3518009,Whitby,Durham,2005,October,1 Bedroom,2.8,b,Very good
3518009,Whitby,Durham,2005,October,2 Bedroom,3.3,c,Good
3518009,Whitby,Durham,2005,October,3 Bedroom,2.3,b,Very good
3518009,Whitby,Durham,2005,October,Studio,0.0,d,Poor (use with caution)
3518009,Whitby,Durham,2005,October,Total,2.9,a,Excellent
3518009,Whitby,Durham,2006,October,1 Bedroom,4.5,c,Good
3518009,Whitby,Durham,2006,October,2 Bedroom,2.4,c,Good
3518009,Whitby,Durham,2006,October,3 Bedroom,2.4,c,Good
3518009,Whitby,Durham,2006,October,Total,3.2,c,Good
3518009,Whitby,Durham,2007,October,1 Bedroom,2.9,a,Excellent
3518009,Whitby,Durham,2007,October,2 Bedroom,4.2,b,Very good
3518009,Whitby,Durham,2007,October,3 Bedroom,6.4,b,Very good
3518009,Whitby,Durham,2007,October,Studio,0.0,c,Good
3518009,Whitby,Durham,2007,October,Total,3.8,b,Very good
3518009,Whitby,Durham,2008,October,1 Bedroom,1.5,a,Excellent
3518009,Whitby,Durham,2008,October,2 Bedroom,4.0,a,Excellent
3518009,Whitby,Durham,2008,October,3 Bedroom,0.0,c,Good
3518009,Whitby,Durham,2008,October,Studio,0.0,d,Poor (use with caution)
3518009,Whitby,Durham,2008,October,Total,2.5,a,Excellent
3518009,Whitby,Durham,2009,October,1 Bedroom,2.5,b,Very good
3518009,Whitby,Durham,2009,October,2 Bedroom,1.3,a,Excellent
3518009,Whitby,Durham,2009,October,3 Bedroom,2.4,b,Very good
3518009,Whitby,Durham,2009,October,Total,1.9,b,Very good
3518009,Whitby,Durham,2010,October,1 Bedroom,3.1,c,Good
3518009,Whitby,Durham,2010,October,2 Bedroom,0.6,a,Excellent
3518009,Whitby,Durham,2010,October,3 Bedroom,1.1,a,Excellent
3518009,Whitby,Durham,2010,October,Studio,0.0,c,Good
3518009,Whitby,Durham,2010,October,Total,1.5,a,Excellent
3518009,Whitby,Durham,2011,October,1 Bedroom,0.7,b,Very good
3518009,Whitby,Durham,2011,October,2 Bedroom,1.0,a,Excellent
3518009,Whitby,Durham,2011,October,3 Bedroom,0.7,a,Excellent
3518009,Whitby,Durham,2011,October,Studio,0.0,d,Poor (use with caution)
3518009,Whitby,Durham,2011,October,Total,0.8,a,Excellent
3518009,Whitby,Durham,2012,October,1 Bedroom,0.6,a,Excellent
3518009,Whitby,Durham,2012,October,2 Bedroom,0.6,a,Excellent
3518009,Whitby,Durham,2012,October,3 Bedroom,2.3,c,Good
3518009,Whitby,Durham,2012,October,Total,0.8,a,Excellent
3518009,Whitby,Durham,2013,October,1 Bedroom,2.6,b,Very good
3518009,Whitby,Durham,2013,October,2 Bedroom,1.7,b,Very good
3518009,Whitby,Durham,2013,October,3 Bedroom,1.6,c,Good
3518009,Whitby,Durham,2013,October,Total,2.0,a,Excellent
3518009,Whitby,Durham,2014,October,1 Bedroom,1.2,a,Excellent
3518009,Whitby,Durham,2014,October,2 Bedroom,1.7,b,Very good
3518009,Whitby,Durham,2014,October,3 Bedroom,1.8,c,Good
3518009,Whitby,Durham,2014,October,Studio,0.0,c,Good
3518009,Whitby,Durham,2014,October,Total,1.5,a,Excellent
3518009,Whitby,Durham,2015,October,1 Bedroom,0.8,a,Excellent
3518009,Whitby,Durham,2015,October,2 Bedroom,1.9,b,Very good
3518009,Whitby,Durham,2015,October,3 Bedroom,0.4,a,Excellent
3518009,Whitby,Durham,2015,October,Studio,1.8,c,Good
3518009,Whitby,Durham,2015,October,Total,1.4,a,Excellent
3518009,Whitby,Durham,2016,October,1 Bedroom,0.8,d,Poor (use with caution)
3518009,Whitby,Durham,2016,October,2 Bedroom,1.2,d,Poor (use with caution)
3518009,Whitby,Durham,2016,October,Total,1.1,a,Excellent
3518009,Whitby,Durham,2017,October,1 Bedroom,1.3,a,Excellent
3518009,Whitby,Durham,2017,October,2 Bedroom,1.3,a,Excellent
3518009,Whitby,Durham,2017,October,3 Bedroom,1.6,c,Good
3518009,Whitby,Durham,2017,October,Studio,0.0,d,Poor (use with caution)
3518009,Whitby,Durham,2017,October,Total,1.3,a,Excellent
3518009,Whitby,Durham,2018,October,1 Bedroom,2.1,c,Good
3518009,Whitby,Durham,2018,October,2 Bedroom,1.1,a,Excellent
3518009,Whitby,Durham,2018,October,3 Bedroom,1.1,a,Excellent
3518009,Whitby,Durham,2018,October,Studio,0.0,d,Poor (use with caution)
3518009,Whitby,Durham,2018,October,Total,1.4,a,Excellent
3518009,Whitby,Durham,2019,October,1 Bedroom,2.4,c,Good
3518009,Whitby,Durham,2019,October,2 Bedroom,1.0,a,Excellent
3518009,Whitby,Durham,2019,October,3 Bedroom,0.4,a,Excellent
3518009,Whitby,Durham,2019,October,Studio,0.0,d,Poor (use with caution)
3518009,Whitby,Durham,2019,October,Total,1.4,a,Excellent
3518009,Whitby,Durham,2020,October,1 Bedroom,1.3,a,Excellent
3518009,Whitby,Durham,2020,October,2 Bedroom,1.8,b,Very good
3518009,Whitby,Durham,2020,October,Total,1.8,b,Very good
3518009,Whitby,Durham,2021,October,1 Bedroom,1.9,c,Good
3518009,Whitby,Durham,2021,October,3 Bedroom,1.1,a,Excellent
3518009,Whitby,Durham,2021,October,Studio,0.0,d,Poor (use with caution)
3518009,Whitby,Durham,2021,October,Total,1.8,c,Good
3518009,Whitby,Durham,2022,October,1 Bedroom,1.5,a,Excellent
3518009,Whitby,Durham,2022,October,2 Bedroom,1.1,a,Excellent
3518009,Whitby,Durham,2022,October,3 Bedroom,0.9,a,Excellent
3518009,Whitby,Durham,2022,October,Studio,0.0,d,Poor (use with caution)
3518009,Whitby,Durham,2022,October,Total,1.2,a,Excellent
3518009,Whitby,Durham,2023,October,1 Bedroom,2.9,c,Good
3518009,Whitby,Durham,2023,October,2 Bedroom,1.5,a,Excellent
3518009,Whitby,Durham,2023,October,3 Bedroom,0.4,a,Excellent
3518009,Whitby,Durham,2023,October,Total,1.7,c,Good
3518009,Whitby,Durham,2024,October,2 Bedroom,3.7,d,Poor (use with caution)
3518009,Whitby,Durham,2024,October,3 Bedroom,3.1,d,Poor (use with caution)
3518009,Whitby,Durham,2024,October,Total,3.6,d,Poor (use with caution)
3518009,Whitby,Durham,2025,October,1 Bedroom,3.8,d,Poor (use with caution)
3518009,Whitby,Durham,2025,October,2 Bedroom,2.4,c,Good
3518009,Whitby,Durham,2025,October,3 Bedroom,1.5,d,Poor (use with caution)
3518009,Whitby,Durham,2025,October,Studio,0.0,d,Poor (use with caution)
3518009,Whitby,Durham,2025,October,Total,2.5,c,Good
3518013,Oshawa,Durham,1990,October,1 Bedroom,2.3,a,Excellent
3518013,Oshawa,Durham,1990,October,2 Bedroom,1.4,a,Excellent
3518013,Oshawa,Durham,1990,October,3 Bedroom,3.7,a,Excellent
3518013,Oshawa,Durham,1990,October,Studio,6.7,c,Good
3518013,Oshawa,Durham,1990,October,Total,2.3,a,Excellent
3518013,Oshawa,Durham,1991,October,1 Bedroom,3.0,a,Excellent
3518013,Oshawa,Durham,1991,October,2 Bedroom,3.4,b,Very good
3518013,Oshawa,Durham,1991,October,3 Bedroom,3.0,a,Excellent
3518013,Oshawa,Durham,1991,October,Total,3.3,a,Excellent
3518013,Oshawa,Durham,1992,October,1 Bedroom,6.5,b,Very good
3518013,Oshawa,Durham,1992,October,2 Bedroom,3.9,b,Very good
3518013,Oshawa,Durham,1992,October,3 Bedroom,3.1,a,Excellent
3518013,Oshawa,Durham,1992,October,Total,4.5,a,Excellent
3518013,Oshawa,Durham,1993,October,1 Bedroom,4.0,b,Very good
3518013,Oshawa,Durham,1993,October,2 Bedroom,3.8,b,Very good
3518013,Oshawa,Durham,1993,October,3 Bedroom,3.2,a,Excellent
3518013,Oshawa,Durham,1993,October,Studio,6.4,c,Good
3518013,Oshawa,Durham,1993,October,Total,3.8,a,Excellent
3518013,Oshawa,Durham,1994,October,1 Bedroom,3.7,b,Very good
3518013,Oshawa,Durham,1994,October,2 Bedroom,2.9,a,Excellent
3518013,Oshawa,Durham,1994,October,3 Bedroom,2.4,a,Excellent
3518013,Oshawa,Durham,1994,October,Studio,8.0,c,Good
3518013,Oshawa,Durham,1994,October,Total,3.1,b,Very good
3518013,Oshawa,Durham,1995,October,1 Bedroom,3.0,b,Very good
3518013,Oshawa,Durham,1995,October,2 Bedroom,2.7,a,Excellent
3518013,Oshawa,Durham,1995,October,3 Bedroom,2.7,a,Excellent
3518013,Oshawa,Durham,1995,October,Studio,8.7,c,Good
3518013,Oshawa,Durham,1995,October,Total,2.9,a,Excellent
3518013,Oshawa,Durham,1996,October,1 Bedroom,4.1,b,Very good
3518013,Oshawa,Durham,1996,October,2 Bedroom,3.7,b,Very good
3518013,Oshawa,Durham,1996,October,3 Bedroom,6.1,c,Good
3518013,Oshawa,Durham,1996,October,Studio,12.6,d,Poor (use with caution)
3518013,Oshawa,Durham,1996,October,Total,4.5,b,Very good
3518013,Oshawa,Durham,1997,October,1 Bedroom,2.5,b,Very good
3518013,Oshawa,Durham,1997,October,2 Bedroom,2.1,a,Excellent
3518013,Oshawa,Durham,1997,October,3 Bedroom,3.7,b,Very good
3518013,Oshawa,Durham,1997,October,Total,2.6,a,Excellent
3518013,Oshawa,Durham,1998,October,1 Bedroom,2.9,a,Excellent
3518013,Oshawa,Durham,1998,October,2 Bedroom,1.6,a,Excellent
3518013,Oshawa,Durham,1998,October,3 Bedroom,1.8,a,Excellent
3518013,Oshawa,Durham,1998,October,Studio,6.6,c,Good
3518013,Oshawa,Durham,1998,October,Total,2.1,a,Excellent
3518013,Oshawa,Durham,1999,October,1 Bedroom,2.3,b,Very good
3518013,Oshawa,Durham,1999,October,2 Bedroom,1.9,a,Excellent
3518013,Oshawa,Durham,1999,October,3 Bedroom,1.5,a,Excellent
3518013,Oshawa,Durham,1999,October,Total,1.9,a,Excellent
3518013,Oshawa,Durham,2000,October,1 Bedroom,1.9,b,Very good
3518013,Oshawa,Durham,2000,October,2 Bedroom,1.8,a,Excellent
3518013,Oshawa,Durham,2000,October,3 Bedroom,1.3,a,Excellent
3518013,Oshawa,Durham,2000,October,Studio,5.1,d,Poor (use with caution)
3518013,Oshawa,Durham,2000,October,Total,1.8,a,Excellent
3518013,Oshawa,Durham,2001,October,1 Bedroom,1.5,b,Very good
3518013,Oshawa,Durham,2001,October,2 Bedroom,1.7,a,Excellent
3518013,Oshawa,Durham,2001,October,3 Bedroom,1.3,a,Excellent
3518013,Oshawa,Durham,2001,October,Studio,3.2,d,Poor (use with caution)
3518013,Oshawa,Durham,2001,October,Total,1.6,a,Excellent
3518013,Oshawa,Durham,2002,October,1 Bedroom,2.2,b,Very good
3518013,Oshawa,Durham,2002,October,2 Bedroom,2.3,a,Excellent
3518013,Oshawa,Durham,2002,October,3 Bedroom,3.8,b,Very good
3518013,Oshawa,Durham,2002,October,Studio,5.3,d,Poor (use with caution)
3518013,Oshawa,Durham,2002,October,Total,2.6,a,Excellent
3518013,Oshawa,Durham,2003,October,1 Bedroom,3.8,c,Good
3518013,Oshawa,Durham,2003,October,2 Bedroom,2.4,b,Very good
3518013,Oshawa,Durham,2003,October,3 Bedroom,2.6,c,Good
3518013,Oshawa,Durham,2003,October,Studio,2.4,c,Good
3518013,Oshawa,Durham,2003,October,Total,2.8,a,Excellent
3518013,Oshawa,Durham,2004,October,1 Bedroom,3.3,c,Good
3518013,Oshawa,Durham,2004,October,2 Bedroom,4.2,c,Good
3518013,Oshawa,Durham,2004,October,3 Bedroom,4.1,c,Good
3518013,Oshawa,Durham,2004,October,Total,4.0,b,Very good
3518013,Oshawa,Durham,2005,October,1 Bedroom,2.8,b,Very good
3518013,Oshawa,Durham,2005,October,2 Bedroom,3.6,b,Very good
3518013,Oshawa,Durham,2005,October,3 Bedroom,3.2,b,Very good
3518013,Oshawa,Durham,2005,October,Studio,3.1,d,Poor (use with caution)
3518013,Oshawa,Durham,2005,October,Total,3.3,b,Very good
3518013,Oshawa,Durham,2006,October,1 Bedroom,4.0,c,Good
3518013,Oshawa,Durham,2006,October,2 Bedroom,4.7,b,Very good
3518013,Oshawa,Durham,2006,October,3 Bedroom,4.4,c,Good
3518013,Oshawa,Durham,2006,October,Studio,4.1,d,Poor (use with caution)
3518013,Oshawa,Durham,2006,October,Total,4.5,b,Very good
3518013,Oshawa,Durham,2007,October,1 Bedroom,4.9,c,Good
3518013,Oshawa,Durham,2007,October,2 Bedroom,3.5,b,Very good
3518013,Oshawa,Durham,2007,October,3 Bedroom,3.3,c,Good
3518013,Oshawa,Durham,2007,October,Studio,2.4,c,Good
3518013,Oshawa,Durham,2007,October,Total,3.8,b,Very good
3518013,Oshawa,Durham,2008,October,1 Bedroom,5.1,b,Very good
3518013,Oshawa,Durham,2008,October,2 Bedroom,3.9,b,Very good
3518013,Oshawa,Durham,2008,October,3 Bedroom,6.2,c,Good
3518013,Oshawa,Durham,2008,October,Studio,4.6,c,Good
3518013,Oshawa,Durham,2008,October,Total,4.6,b,Very good
3518013,Oshawa,Durham,2009,October,1 Bedroom,4.2,b,Very good
3518013,Oshawa,Durham,2009,October,2 Bedroom,5.1,b,Very good
3518013,Oshawa,Durham,2009,October,3 Bedroom,4.2,b,Very good
3518013,Oshawa,Durham,2009,October,Total,4.8,a,Excellent
3518013,Oshawa,Durham,2010,October,1 Bedroom,3.6,a,Excellent
3518013,Oshawa,Durham,2010,October,2 Bedroom,3.4,a,Excellent
3518013,Oshawa,Durham,2010,October,3 Bedroom,3.3,b,Very good
3518013,Oshawa,Durham,2010,October,Studio,3.5,d,Poor (use with caution)
3518013,Oshawa,Durham,2010,October,Total,3.4,a,Excellent
3518013,Oshawa,Durham,2011,October,1 Bedroom,3.1,b,Very good
3518013,Oshawa,Durham,2011,October,2 Bedroom,1.7,a,Excellent
3518013,Oshawa,Durham,2011,October,3 Bedroom,1.3,a,Excellent
3518013,Oshawa,Durham,2011,October,Studio,1.8,c,Good
3518013,Oshawa,Durham,2011,October,Total,2.0,a,Excellent
3518013,Oshawa,Durham,2012,October,1 Bedroom,2.8,b,Very good
3518013,Oshawa,Durham,2012,October,2 Bedroom,2.5,a,Excellent
3518013,Oshawa,Durham,2012,October,3 Bedroom,2.2,a,Excellent
3518013,Oshawa,Durham,2012,October,Total,2.5,a,Excellent
3518013,Oshawa,Durham,2013,October,1 Bedroom,2.6,a,Excellent
3518013,Oshawa,Durham,2013,October,2 Bedroom,2.0,a,Excellent
3518013,Oshawa,Durham,2013,October,3 Bedroom,1.7,c,Good
3518013,Oshawa,Durham,2013,October,Studio,1.2,d,Poor (use with caution)
3518013,Oshawa,Durham,2013,October,Total,2.0,a,Excellent
3518013,Oshawa,Durham,2014,October,1 Bedroom,1.7,b,Very good
3518013,Oshawa,Durham,2014,October,2 Bedroom,2.0,a,Excellent
3518013,Oshawa,Durham,2014,October,3 Bedroom,2.0,a,Excellent
3518013,Oshawa,Durham,2014,October,Studio,4.2,d,Poor (use with caution)
3518013,Oshawa,Durham,2014,October,Total,2.0,a,Excellent
3518013,Oshawa,Durham,2015,October,1 Bedroom,1.8,b,Very good
3518013,Oshawa,Durham,2015,October,2 Bedroom,2.2,b,Very good
3518013,Oshawa,Durham,2015,October,3 Bedroom,1.6,a,Excellent
3518013,Oshawa,Durham,2015,October,Studio,0.0,c,Good
3518013,Oshawa,Durham,2015,October,Total,1.9,a,Excellent
3518013,Oshawa,Durham,2016,October,1 Bedroom,1.9,b,Very good
3518013,Oshawa,Durham,2016,October,2 Bedroom,1.9,b,Very good
3518013,Oshawa,Durham,2016,October,3 Bedroom,1.5,b,Very good
3518013,Oshawa,Durham,2016,October,Total,1.9,a,Excellent
3518013,Oshawa,Durham,2017,October,1 Bedroom,3.8,b,Very good
3518013,Oshawa,Durham,2017,October,2 Bedroom,2.2,a,Excellent
3518013,Oshawa,Durham,2017,October,3 Bedroom,0.7,a,Excellent
3518013,Oshawa,Durham,2017,October,Studio,0.5,b,Very good
3518013,Oshawa,Durham,2017,October,Total,2.4,a,Excellent
3518013,Oshawa,Durham,2018,October,1 Bedroom,4.6,d,Poor (use with caution)
3518013,Oshawa,Durham,2018,October,2 Bedroom,2.6,a,Excellent
3518013,Oshawa,Durham,2018,October,3 Bedroom,2.0,b,Very good
3518013,Oshawa,Durham,2018,October,Studio,0.0,c,Good
3518013,Oshawa,Durham,2018,October,Total,3.0,c,Good
3518013,Oshawa,Durham,2019,October,1 Bedroom,3.2,d,Poor (use with caution)
3518013,Oshawa,Durham,2019,October,2 Bedroom,2.3,b,Very good
3518013,Oshawa,Durham,2019,October,3 Bedroom,1.8,b,Very good
3518013,Oshawa,Durham,2019,October,Total,2.6,b,Very good
3518013,Oshawa,Durham,2020,October,1 Bedroom,3.9,d,Poor (use with caution)
3518013,Oshawa,Durham,2020,October,2 Bedroom,2.0,b,Very good
3518013,Oshawa,Durham,2020,October,3 Bedroom,0.7,a,Excellent
3518013,Oshawa,Durham,2020,October,Studio,0.0,c,Good
3518013,Oshawa,Durham,2020,October,Total,2.4,b,Very good
3518013,Oshawa,Durham,2021,October,1 Bedroom,3.0,b,Very good
3518013,Oshawa,Durham,2021,October,2 Bedroom,2.4,a,Excellent
3518013,Oshawa,Durham,2021,October,3 Bedroom,1.3,a,Excellent
3518013,Oshawa,Durham,2021,October,Total,2.4,a,Excellent
3518013,Oshawa,Durham,2022,October,1 Bedroom,3.5,c,Good
3518013,Oshawa,Durham,2022,October,2 Bedroom,3.1,c,Good
3518013,Oshawa,Durham,2022,October,3 Bedroom,0.8,a,Excellent
3518013,Oshawa,Durham,2022,October,Total,3.0,b,Very good
3518013,Oshawa,Durham,2023,October,1 Bedroom,3.0,d,Poor (use with caution)
3518013,Oshawa,Durham,2023,October,2 Bedroom,1.0,a,Excellent
3518013,Oshawa,Durham,2023,October,3 Bedroom,1.3,a,Excellent
3518013,Oshawa,Durham,2023,October,Studio,0.0,c,Good
3518013,Oshawa,Durham,2023,October,Total,1.5,b,Very good
3518013,Oshawa,Durham,2024,October,1 Bedroom,5.2,c,Good
3518013,Oshawa,Durham,2024,October,2 Bedroom,2.8,b,Very good
3518013,Oshawa,Durham,2024,October,3 Bedroom,3.2,c,Good
3518013,Oshawa,Durham,2024,October,Studio,1.0,d,Poor (use with caution)
3518013,Oshawa,Durham,2024,October,Total,3.5,c,Good
3518013,Oshawa,Durham,2025,October,1 Bedroom,6.6,b,Very good
3518013,Oshawa,Durham,2025,October,2 Bedroom,3.1,c,Good
3518013,Oshawa,Durham,2025,October,3 Bedroom,2.1,c,Good
3518013,Oshawa,Durham,2025,October,Studio,5.0,d,Poor (use with caution)
3518013,Oshawa,Durham,2025,October,Total,4.0,b,Very good
3518017,Clarington,Durham,1990,October,1 Bedroom,9.3,a,Excellent
3518017,Clarington,Durham,1990,October,2 Bedroom,2.4,a,Excellent
3518017,Clarington,Durham,1990,October,3 Bedroom,5.4,a,Excellent
3518017,Clarington,Durham,1990,October,Studio,0.0,a,Excellent
3518017,Clarington,Durham,1990,October,Total,4.7,a,Excellent
3518017,Clarington,Durham,1991,October,1 Bedroom,5.1,b,Very good
3518017,Clarington,Durham,1991,October,2 Bedroom,7.7,a,Excellent
3518017,Clarington,Durham,1991,October,3 Bedroom,1.8,a,Excellent
3518017,Clarington,Durham,1991,October,Studio,0.0,a,Excellent
3518017,Clarington,Durham,1991,October,Total,6.2,a,Excellent
3518017,Clarington,Durham,1992,October,1 Bedroom,4.2,c,Good
3518017,Clarington,Durham,1992,October,2 Bedroom,3.6,b,Very good
3518017,Clarington,Durham,1992,October,Studio,11.1,a,Excellent
3518017,Clarington,Durham,1992,October,Total,3.5,b,Very good
3518017,Clarington,Durham,1993,October,1 Bedroom,7.5,c,Good
3518017,Clarington,Durham,1993,October,2 Bedroom,7.0,a,Excellent
3518017,Clarington,Durham,1993,October,3 Bedroom,7.1,b,Very good
3518017,Clarington,Durham,1993,October,Studio,0.0,a,Excellent
3518017,Clarington,Durham,1993,October,Total,7.0,a,Excellent
3518017,Clarington,Durham,1994,October,1 Bedroom,2.8,c,Good
3518017,Clarington,Durham,1994,October,2 Bedroom,1.8,c,Good
3518017,Clarington,Durham,1994,October,Studio,0.0,a,Excellent
3518017,Clarington,Durham,1994,October,Total,1.9,b,Very good
3518017,Clarington,Durham,1995,October,1 Bedroom,6.5,b,Very good
3518017,Clarington,Durham,1995,October,2 Bedroom,2.5,a,Excellent
3518017,Clarington,Durham,1995,October,3 Bedroom,0.0,a,Excellent
3518017,Clarington,Durham,1995,October,Studio,0.0,a,Excellent
3518017,Clarington,Durham,1995,October,Total,3.3,a,Excellent
3518017,Clarington,Durham,1996,October,1 Bedroom,2.7,b,Very good
3518017,Clarington,Durham,1996,October,2 Bedroom,1.8,a,Excellent
3518017,Clarington,Durham,1996,October,3 Bedroom,0.0,a,Excellent
3518017,Clarington,Durham,1996,October,Studio,0.0,a,Excellent
3518017,Clarington,Durham,1996,October,Total,1.9,a,Excellent
3518017,Clarington,Durham,1997,October,1 Bedroom,5.9,a,Excellent
3518017,Clarington,Durham,1997,October,2 Bedroom,2.1,a,Excellent
3518017,Clarington,Durham,1997,October,3 Bedroom,5.5,a,Excellent
3518017,Clarington,Durham,1997,October,Studio,0.0,a,Excellent
3518017,Clarington,Durham,1997,October,Total,3.5,a,Excellent
3518017,Clarington,Durham,1998,October,1 Bedroom,4.3,a,Excellent
3518017,Clarington,Durham,1998,October,2 Bedroom,3.9,a,Excellent
3518017,Clarington,Durham,1998,October,3 Bedroom,5.6,a,Excellent
3518017,Clarington,Durham,1998,October,Studio,0.0,a,Excellent
3518017,Clarington,Durham,1998,October,Total,4.1,a,Excellent
3518017,Clarington,Durham,1999,October,1 Bedroom,0.5,a,Excellent
3518017,Clarington,Durham,1999,October,2 Bedroom,1.3,a,Excellent
3518017,Clarington,Durham,1999,October,Studio,0.0,a,Excellent
3518017,Clarington,Durham,1999,October,Total,0.9,a,Excellent
3518017,Clarington,Durham,2000,October,1 Bedroom,0.5,a,Excellent
3518017,Clarington,Durham,2000,October,2 Bedroom,0.9,a,Excellent
3518017,Clarington,Durham,2000,October,3 Bedroom,0.0,a,Excellent
3518017,Clarington,Durham,2000,October,Studio,0.0,a,Excellent
3518017,Clarington,Durham,2000,October,Total,0.7,a,Excellent
3518017,Clarington,Durham,2001,October,1 Bedroom,2.5,a,Excellent
3518017,Clarington,Durham,2001,October,2 Bedroom,0.8,a,Excellent
3518017,Clarington,Durham,2001,October,3 Bedroom,2.3,a,Excellent
3518017,Clarington,Durham,2001,October,Studio,11.1,a,Excellent
3518017,Clarington,Durham,2001,October,Total,1.5,a,Excellent
3518017,Clarington,Durham,2002,October,1 Bedroom,2.8,a,Excellent
3518017,Clarington,Durham,2002,October,2 Bedroom,1.0,a,Excellent
3518017,Clarington,Durham,2002,October,3 Bedroom,0.0,a,Excellent
3518017,Clarington,Durham,2002,October,Studio,0.0,a,Excellent
3518017,Clarington,Durham,2002,October,Total,1.5,a,Excellent
3518017,Clarington,Durham,2003,October,1 Bedroom,1.1,a,Excellent
3518017,Clarington,Durham,2003,October,2 Bedroom,2.2,c,Good
3518017,Clarington,Durham,2003,October,Total,1.6,b,Very good
3518017,Clarington,Durham,2004,October,1 Bedroom,1.9,a,Excellent
3518017,Clarington,Durham,2004,October,2 Bedroom,1.2,a,Excellent
3518017,Clarington,Durham,2004,October,3 Bedroom,2.4,b,Very good
3518017,Clarington,Durham,2004,October,Total,1.5,a,Excellent
3518017,Clarington,Durham,2005,October,1 Bedroom,0.7,b,Very good
3518017,Clarington,Durham,2005,October,2 Bedroom,2.4,b,Very good
3518017,Clarington,Durham,2005,October,3 Bedroom,2.0,c,Good
3518017,Clarington,Durham,2005,October,Total,1.6,b,Very good
3518017,Clarington,Durham,2006,October,1 Bedroom,1.6,b,Very good
3518017,Clarington,Durham,2006,October,2 Bedroom,2.8,a,Excellent
3518017,Clarington,Durham,2006,October,Total,2.1,a,Excellent
3518017,Clarington,Durham,2007,October,1 Bedroom,4.6,c,Good
3518017,Clarington,Durham,2007,October,2 Bedroom,2.5,a,Excellent
3518017,Clarington,Durham,2007,October,3 Bedroom,12.8,d,Poor (use with caution)
3518017,Clarington,Durham,2007,October,Total,3.8,b,Very good
3518017,Clarington,Durham,2008,October,1 Bedroom,2.4,b,Very good
3518017,Clarington,Durham,2008,October,2 Bedroom,4.7,a,Excellent
3518017,Clarington,Durham,2008,October,Total,3.6,b,Very good
3518017,Clarington,Durham,2009,October,1 Bedroom,3.4,b,Very good
3518017,Clarington,Durham,2009,October,2 Bedroom,3.8,a,Excellent
3518017,Clarington,Durham,2009,October,3 Bedroom,2.4,b,Very good
3518017,Clarington,Durham,2009,October,Total,3.5,a,Excellent
3518017,Clarington,Durham,2010,October,1 Bedroom,4.5,c,Good
3518017,Clarington,Durham,2010,October,2 Bedroom,2.8,b,Very good
3518017,Clarington,Durham,2010,October,3 Bedroom,5.1,d,Poor (use with caution)
3518017,Clarington,Durham,2010,October,Total,3.5,b,Very good
3518017,Clarington,Durham,2011,October,1 Bedroom,0.5,a,Excellent
3518017,Clarington,Durham,2011,October,2 Bedroom,1.2,a,Excellent
3518017,Clarington,Durham,2011,October,Total,0.8,a,Excellent
3518017,Clarington,Durham,2012,October,1 Bedroom,4.0,c,Good
3518017,Clarington,Durham,2012,October,2 Bedroom,1.7,b,Very good
3518017,Clarington,Durham,2012,October,3 Bedroom,0.0,d,Poor (use with caution)
3518017,Clarington,Durham,2012,October,Total,2.2,b,Very good
3518017,Clarington,Durham,2013,October,1 Bedroom,0.0,d,Poor (use with caution)
3518017,Clarington,Durham,2013,October,2 Bedroom,2.0,c,Good
3518017,Clarington,Durham,2013,October,Total,1.3,a,Excellent
3518017,Clarington,Durham,2014,October,1 Bedroom,0.0,c,Good
3518017,Clarington,Durham,2014,October,2 Bedroom,1.0,a,Excellent
3518017,Clarington,Durham,2014,October,3 Bedroom,2.3,b,Very good
3518017,Clarington,Durham,2014,October,Total,1.0,a,Excellent
3518017,Clarington,Durham,2015,October,1 Bedroom,0.0,d,Poor (use with caution)
3518017,Clarington,Durham,2015,October,2 Bedroom,0.0,d,Poor (use with caution)
3518017,Clarington,Durham,2015,October,3 Bedroom,1.2,a,Excellent
3518017,Clarington,Durham,2015,October,Total,0.1,b,Very good
3518017,Clarington,Durham,2016,October,1 Bedroom,0.0,d,Poor (use with caution)
3518017,Clarington,Durham,2016,October,2 Bedroom,0.3,b,Very good
3518017,Clarington,Durham,2016,October,3 Bedroom,0.0,d,Poor (use with caution)
3518017,Clarington,Durham,2016,October,Total,0.2,b,Very good
3518017,Clarington,Durham,2017,October,1 Bedroom,0.5,b,Very good
3518017,Clarington,Durham,2017,October,2 Bedroom,0.3,b,Very good
3518017,Clarington,Durham,2017,October,Total,0.5,b,Very good
3518017,Clarington,Durham,2018,October,1 Bedroom,0.9,d,Poor (use with caution)
3518017,Clarington,Durham,2018,October,2 Bedroom,1.2,d,Poor (use with caution)
3518017,Clarington,Durham,2018,October,3 Bedroom,2.5,c,Good
3518017,Clarington,Durham,2018,October,Total,1.3,a,Excellent
3518017,Clarington,Durham,2019,October,1 Bedroom,0.4,b,Very good
3518017,Clarington,Durham,2019,October,2 Bedroom,0.7,b,Very good
3518017,Clarington,Durham,2019,October,3 Bedroom,1.2,a,Excellent
3518017,Clarington,Durham,2019,October,Total,0.7,a,Excellent
3518017,Clarington,Durham,2020,October,1 Bedroom,0.9,d,Poor (use with caution)
3518017,Clarington,Durham,2020,October,2 Bedroom,0.6,a,Excellent
3518017,Clarington,Durham,2020,October,3 Bedroom,0.0,d,Poor (use with caution)
3518017,Clarington,Durham,2020,October,Total,0.6,a,Excellent
3518017,Clarington,Durham,2021,October,1 Bedroom,0.0,d,Poor (use with caution)
3518017,Clarington,Durham,2021,October,2 Bedroom,0.0,d,Poor (use with caution)
3518017,Clarington,Durham,2021,October,3 Bedroom,0.0,d,Poor (use with caution)
3518017,Clarington,Durham,2021,October,Total,0.0,d,Poor (use with caution)
3518017,Clarington,Durham,2022,October,1 Bedroom,0.4,b,Very good
3518017,Clarington,Durham,2022,October,3 Bedroom,0.0,d,Poor (use with caution)
3518017,Clarington,Durham,2022,October,Total,0.6,b,Very good
3518017,Clarington,Durham,2023,October,1 Bedroom,0.0,d,Poor (use with caution)
3518017,Clarington,Durham,2023,October,2 Bedroom,0.3,b,Very good
3518017,Clarington,Durham,2023,October,3 Bedroom,0.0,d,Poor (use with caution)
3518017,Clarington,Durham,2023,October,Total,0.2,b,Very good
3518017,Clarington,Durham,2024,October,3 Bedroom,0.0,d,Poor (use with caution)
3518017,Clarington,Durham,2025,October,1 Bedroom,1.5,d,Poor (use with caution)
3518017,Clarington,Durham,2025,October,3 Bedroom,0.0,d,Poor (use with caution)
3518017,Clarington,Durham,2025,October,Total,1.6,c,Good
3518020,Scugog,Durham,2008,October,1 Bedroom,4.3,c,Good
3518020,Scugog,Durham,2008,October,2 Bedroom,0.0,c,Good
3518020,Scugog,Durham,2008,October,Total,1.8,b,Very good
3518020,Scugog,Durham,2009,October,1 Bedroom,0.0,d,Poor (use with caution)
3518020,Scugog,Durham,2009,October,2 Bedroom,0.0,c,Good
3518020,Scugog,Durham,2009,October,Total,0.0,c,Good
3518020,Scugog,Durham,2010,October,1 Bedroom,4.6,d,Poor (use with caution)
3518020,Scugog,Durham,2010,October,2 Bedroom,0.0,d,Poor (use with caution)
3518020,Scugog,Durham,2010,October,Total,1.8,b,Very good
3518020,Scugog,Durham,2011,October,2 Bedroom,0.0,d,Poor (use with caution)
3518020,Scugog,Durham,2012,October,1 Bedroom,0.0,d,Poor (use with caution)
3518020,Scugog,Durham,2012,October,2 Bedroom,0.0,d,Poor (use with caution)
3518020,Scugog,Durham,2012,October,Total,0.0,d,Poor (use with caution)
3518020,Scugog,Durham,2013,October,1 Bedroom,0.0,d,Poor (use with caution)
3518020,Scugog,Durham,2013,October,2 Bedroom,0.0,d,Poor (use with caution)
3518020,Scugog,Durham,2013,October,Total,0.0,d,Poor (use with caution)
3518020,Scugog,Durham,2014,October,1 Bedroom,0.0,d,Poor (use with caution)
3518020,Scugog,Durham,2014,October,2 Bedroom,0.0,d,Poor (use with caution)
3518020,Scugog,Durham,2014,October,Total,0.0,d,Poor (use with caution)
3518020,Scugog,Durham,2015,October,Total,4.5,b,Very good
3518020,Scugog,Durham,2016,October,1 Bedroom,0.0,d,Poor (use with caution)
3518020,Scugog,Durham,2016,October,2 Bedroom,0.0,d,Poor (use with caution)
3518020,Scugog,Durham,2016,October,Total,0.0,d,Poor (use with caution)
3518020,Scugog,Durham,2017,October,1 Bedroom,0.0,d,Poor (use with caution)
3518020,Scugog,Durham,2017,October,2 Bedroom,8.5,b,Very good
3518020,Scugog,Durham,2017,October,Total,5.7,a,Excellent
3518020,Scugog,Durham,2018,October,1 Bedroom,0.0,d,Poor (use with caution)
3518020,Scugog,Durham,2019,October,1 Bedroom,0.0,d,Poor (use with caution)
3518020,Scugog,Durham,2020,October,1 Bedroom,0.0,d,Poor (use with caution)
3518020,Scugog,Durham,2020,October,2 Bedroom,0.0,d,Poor (use with caution)
3518020,Scugog,Durham,2020,October,Total,0.0,d,Poor (use with caution)
3518020,Scugog,Durham,2021,October,1 Bedroom,0.0,d,Poor (use with caution)
3518020,Scugog,Durham,2021,October,2 Bedroom,0.0,d,Poor (use with caution)
3518020,Scugog,Durham,2021,October,Total,0.0,d,Poor (use with caution)
3518020,Scugog,Durham,2022,October,2 Bedroom,0.0,d,Poor (use with caution)
3518020,Scugog,Durham,2023,October,1 Bedroom,0.0,d,Poor (use with caution)
3518020,Scugog,Durham,2023,October,2 Bedroom,0.0,d,Poor (use with caution)
3518020,Scugog,Durham,2023,October,Total,0.0,d,Poor (use with caution)
3518020,Scugog,Durham,2024,October,1 Bedroom,0.0,d,Poor (use with caution)
3518020,Scugog,Durham,2024,October,2 Bedroom,0.0,d,Poor (use with caution)
3518020,Scugog,Durham,2024,October,Total,0.0,d,Poor (use with caution)
3518020,Scugog,Durham,2025,October,1 Bedroom,0.0,d,Poor (use with caution)
3518029,Uxbridge,Durham,1990,October,1 Bedroom,7.9,a,Excellent
3518029,Uxbridge,Durham,1990,October,2 Bedroom,6.5,a,Excellent
3518029,Uxbridge,Durham,1990,October,Total,6.6,a,Excellent
3518029,Uxbridge,Durham,1991,October,1 Bedroom,13.2,a,Excellent
3518029,Uxbridge,Durham,1991,October,2 Bedroom,6.6,a,Excellent
3518029,Uxbridge,Durham,1991,October,Total,8.4,a,Excellent
3518029,Uxbridge,Durham,1992,October,1 Bedroom,3.0,d,Poor (use with caution)
3518029,Uxbridge,Durham,1992,October,2 Bedroom,3.5,c,Good
3518029,Uxbridge,Durham,1992,October,Total,3.2,b,Very good
3518029,Uxbridge,Durham,1993,October,1 Bedroom,3.9,a,Excellent
3518029,Uxbridge,Durham,1993,October,2 Bedroom,2.8,b,Very good
3518029,Uxbridge,Durham,1993,October,Total,3.0,b,Very good
3518029,Uxbridge,Durham,1994,October,1 Bedroom,0.0,c,Good
3518029,Uxbridge,Durham,1994,October,2 Bedroom,0.0,c,Good
3518029,Uxbridge,Durham,1994,October,Total,0.0,c,Good
3518029,Uxbridge,Durham,1995,October,1 Bedroom,0.0,c,Good
3518029,Uxbridge,Durham,1995,October,2 Bedroom,0.0,c,Good
3518029,Uxbridge,Durham,1995,October,3 Bedroom,0.0,a,Excellent
3518029,Uxbridge,Durham,1995,October,Total,0.0,c,Good
3518029,Uxbridge,Durham,1996,October,1 Bedroom,4.0,b,Very good
3518029,Uxbridge,Durham,1996,October,2 Bedroom,1.0,a,Excellent
3518029,Uxbridge,Durham,1996,October,Total,2.0,b,Very good
3518029,Uxbridge,Durham,1998,October,1 Bedroom,2.9,a,Excellent
3518029,Uxbridge,Durham,1998,October,2 Bedroom,0.0,c,Good
3518029,Uxbridge,Durham,1998,October,Total,1.5,a,Excellent
3518029,Uxbridge,Durham,1999,October,1 Bedroom,0.0,a,Excellent
3518029,Uxbridge,Durham,1999,October,2 Bedroom,0.0,a,Excellent
3518029,Uxbridge,Durham,1999,October,Total,0.0,a,Excellent
3518029,Uxbridge,Durham,2000,October,1 Bedroom,4.3,c,Good
3518029,Uxbridge,Durham,2000,October,2 Bedroom,0.0,c,Good
3518029,Uxbridge,Durham,2000,October,Total,1.9,b,Very good
3518029,Uxbridge,Durham,2001,October,1 Bedroom,3.6,a,Excellent
3518029,Uxbridge,Durham,2001,October,2 Bedroom,1.5,a,Excellent
3518029,Uxbridge,Durham,2001,October,Total,2.2,a,Excellent
3518029,Uxbridge,Durham,2002,October,1 Bedroom,1.2,a,Excellent
3518029,Uxbridge,Durham,2002,October,2 Bedroom,0.0,a,Excellent
3518029,Uxbridge,Durham,2002,October,Total,0.4,a,Excellent
3518029,Uxbridge,Durham,2003,October,1 Bedroom,0.0,d,Poor (use with caution)
3518029,Uxbridge,Durham,2003,October,2 Bedroom,0.7,b,Very good
3518029,Uxbridge,Durham,2003,October,Total,0.4,b,Very good
3518029,Uxbridge,Durham,2004,October,1 Bedroom,1.1,d,Poor (use with caution)
3518029,Uxbridge,Durham,2004,October,2 Bedroom,1.6,c,Good
3518029,Uxbridge,Durham,2004,October,Total,1.3,a,Excellent
3518029,Uxbridge,Durham,2005,October,1 Bedroom,1.4,d,Poor (use with caution)
3518029,Uxbridge,Durham,2005,October,2 Bedroom,2.0,c,Good
3518029,Uxbridge,Durham,2005,October,Total,1.7,c,Good
3518029,Uxbridge,Durham,2006,October,1 Bedroom,0.0,c,Good
3518029,Uxbridge,Durham,2006,October,2 Bedroom,0.7,b,Very good
3518029,Uxbridge,Durham,2006,October,Total,0.4,b,Very good
3518029,Uxbridge,Durham,2007,October,1 Bedroom,0.0,d,Poor (use with caution)
3518029,Uxbridge,Durham,2007,October,2 Bedroom,0.0,d,Poor (use with caution)
3518029,Uxbridge,Durham,2007,October,Total,0.0,d,Poor (use with caution)
3518029,Uxbridge,Durham,2008,October,2 Bedroom,1.8,c,Good
3518029,Uxbridge,Durham,2008,October,3 Bedroom,0.0,a,Excellent
3518029,Uxbridge,Durham,2009,October,1 Bedroom,0.0,d,Poor (use with caution)
3518029,Uxbridge,Durham,2009,October,2 Bedroom,0.0,d,Poor (use with caution)
3518029,Uxbridge,Durham,2009,October,Total,0.4,b,Very good
3518029,Uxbridge,Durham,2010,October,1 Bedroom,2.2,c,Good
3518029,Uxbridge,Durham,2010,October,Total,1.3,d,Poor (use with caution)
3518029,Uxbridge,Durham,2012,October,1 Bedroom,6.6,c,Good
3518029,Uxbridge,Durham,2012,October,2 Bedroom,1.2,a,Excellent
3518029,Uxbridge,Durham,2012,October,Total,4.4,c,Good
3518029,Uxbridge,Durham,2013,October,1 Bedroom,7.4,c,Good
3518029,Uxbridge,Durham,2013,October,2 Bedroom,0.9,a,Excellent
3518029,Uxbridge,Durham,2013,October,3 Bedroom,0.0,a,Excellent
3518029,Uxbridge,Durham,2013,October,Total,4.4,c,Good
3518029,Uxbridge,Durham,2014,October,Total,2.9,c,Good
3518029,Uxbridge,Durham,2015,October,Total,2.7,c,Good
3518029,Uxbridge,Durham,2016,October,2 Bedroom,0.0,d,Poor (use with caution)
3518029,Uxbridge,Durham,2016,October,Total,0.7,b,Very good
3518029,Uxbridge,Durham,2017,October,2 Bedroom,0.0,d,Poor (use with caution)
3518029,Uxbridge,Durham,2017,October,Total,1.4,d,Poor (use with caution)
3518029,Uxbridge,Durham,2018,October,2 Bedroom,0.0,d,Poor (use with caution)
3518029,Uxbridge,Durham,2019,October,Total,4.8,d,Poor (use with caution)
3518029,Uxbridge,Durham,2020,October,1 Bedroom,5.5,d,Poor (use with caution)
3518029,Uxbridge,Durham,2020,October,2 Bedroom,0.9,a,Excellent
3518029,Uxbridge,Durham,2020,October,Total,2.4,c,Good
3518029,Uxbridge,Durham,2022,October,Total,2.0,c,Good
3518029,Uxbridge,Durham,2023,October,2 Bedroom,2.7,c,Good
3518029,Uxbridge,Durham,2024,October,1 Bedroom,0.0,d,Poor (use with caution)
3518029,Uxbridge,Durham,2024,October,2 Bedroom,0.0,d,Poor (use with caution)
3518029,Uxbridge,Durham,2024,October,Total,0.0,d,Poor (use with caution)
3518039,Brock,Durham,2008,October,2 Bedroom,4.9,d,Poor (use with caution)
3518039,Brock,Durham,2008,October,Total,5.4,d,Poor (use with caution)
3518039,Brock,Durham,2009,October,3 Bedroom,0.0,a,Excellent
3518039,Brock,Durham,2009,October,Total,3.1,d,Poor (use with caution)
3518039,Brock,Durham,2010,October,Total,10.4,d,Poor (use with caution)
3518039,Brock,Durham,2011,October,2 Bedroom,10.1,d,Poor (use with caution)
3518039,Brock,Durham,2011,October,Total,8.6,c,Good
3518039,Brock,Durham,2012,October,1 Bedroom,0.0,d,Poor (use with caution)
3518039,Brock,Durham,2012,October,2 Bedroom,2.6,c,Good
3518039,Brock,Durham,2012,October,Total,1.9,c,Good
3518039,Brock,Durham,2013,October,Total,2.9,c,Good
3518039,Brock,Durham,2014,October,2 Bedroom,0.0,d,Poor (use with caution)
3518039,Brock,Durham,2014,October,Total,1.0,a,Excellent
3518039,Brock,Durham,2015,October,2 Bedroom,0.0,d,Poor (use with caution)
3518039,Brock,Durham,2016,October,1 Bedroom,0.0,d,Poor (use with caution)
3518039,Brock,Durham,2016,October,2 Bedroom,0.0,d,Poor (use with caution)
3518039,Brock,Durham,2016,October,Total,0.0,d,Poor (use with caution)
3518039,Brock,Durham,2017,October,1 Bedroom,0.0,d,Poor (use with caution)
3518039,Brock,Durham,2018,October,1 Bedroom,0.0,d,Poor (use with caution)
3518039,Brock,Durham,2018,October,2 Bedroom,0.0,d,Poor (use with caution)
3518039,Brock,Durham,2018,October,Total,0.0,d,Poor (use with caution)
3518039,Brock,Durham,2019,October,1 Bedroom,18.3,a,Excellent
3518039,Brock,Durham,2019,October,Total,10.0,b,Very good
3518039,Brock,Durham,2020,October,1 Bedroom,0.0,d,Poor (use with caution)
3518039,Brock,Durham,2020,October,2 Bedroom,0.0,d,Poor (use with caution)
3518039,Brock,Durham,2020,October,Total,0.0,d,Poor (use with caution)
3518039,Brock,Durham,2021,October,1 Bedroom,0.0,d,Poor (use with caution)
3518039,Brock,Durham,2022,October,1 Bedroom,0.0,d,Poor (use with caution)
3518039,Brock,Durham,2022,October,2 Bedroom,0.0,d,Poor (use with caution)
3518039,Brock,Durham,2022,October,Total,0.0,d,Poor (use with caution)
3518039,Brock,Durham,2023,October,1 Bedroom,0.0,d,Poor (use with caution)
3518039,Brock,Durham,2023,October,2 Bedroom,0.0,d,Poor (use with caution)
3518039,Brock,Durham,2023,October,Total,0.0,d,Poor (use with caution)
3518039,Brock,Durham,2024,October,1 Bedroom,0.0,d,Poor (use with caution)
3518039,Brock,Durham,2024,October,2 Bedroom,0.0,d,Poor (use with caution)
3518039,Brock,Durham,2024,October,Total,0.0,d,Poor (use with caution)
3518039,Brock,Durham,2025,October,1 Bedroom,0.0,d,Poor (use with caution)
3518039,Brock,Durham,2025,October,2 Bedroom,0.0,d,Poor (use with caution)
3518039,Brock,Durham,2025,October,Total,0.0,d,Poor (use with caution)
3519036,Markham,York,1990,October,1 Bedroom,0.6,a,Excellent
3519036,Markham,York,1990,October,2 Bedroom,0.2,a,Excellent
3519036,Markham,York,1990,October,3 Bedroom,0.0,a,Excellent
3519036,Markham,York,1990,October,Studio,0.0,a,Excellent
3519036,Markham,York,1990,October,Total,0.3,a,Excellent
3519036,Markham,York,1991,October,1 Bedroom,0.0,a,Excellent
3519036,Markham,York,1991,October,2 Bedroom,0.2,a,Excellent
3519036,Markham,York,1991,October,3 Bedroom,0.0,a,Excellent
3519036,Markham,York,1991,October,Studio,0.0,a,Excellent
3519036,Markham,York,1991,October,Total,0.1,a,Excellent
3519036,Markham,York,1992,October,1 Bedroom,0.2,a,Excellent
3519036,Markham,York,1992,October,2 Bedroom,0.2,a,Excellent
3519036,Markham,York,1992,October,3 Bedroom,0.0,a,Excellent
3519036,Markham,York,1992,October,Studio,8.3,a,Excellent
3519036,Markham,York,1992,October,Total,0.3,a,Excellent
3519036,Markham,York,1993,October,1 Bedroom,0.0,a,Excellent
3519036,Markham,York,1993,October,2 Bedroom,0.0,a,Excellent
3519036,Markham,York,1993,October,3 Bedroom,0.0,a,Excellent
3519036,Markham,York,1993,October,Studio,0.0,a,Excellent
3519036,Markham,York,1993,October,Total,0.0,a,Excellent
3519036,Markham,York,1994,October,1 Bedroom,0.7,a,Excellent
3519036,Markham,York,1994,October,2 Bedroom,0.0,a,Excellent
3519036,Markham,York,1994,October,3 Bedroom,0.0,a,Excellent
3519036,Markham,York,1994,October,Studio,0.0,a,Excellent
3519036,Markham,York,1994,October,Total,0.3,a,Excellent
3519036,Markham,York,1995,October,1 Bedroom,0.5,a,Excellent
3519036,Markham,York,1995,October,2 Bedroom,0.2,a,Excellent
3519036,Markham,York,1995,October,3 Bedroom,0.0,a,Excellent
3519036,Markham,York,1995,October,Studio,0.0,a,Excellent
3519036,Markham,York,1995,October,Total,0.3,a,Excellent
3519036,Markham,York,1996,October,1 Bedroom,0.4,a,Excellent
3519036,Markham,York,1996,October,2 Bedroom,0.2,a,Excellent
3519036,Markham,York,1996,October,3 Bedroom,0.0,a,Excellent
3519036,Markham,York,1996,October,Studio,0.0,a,Excellent
3519036,Markham,York,1996,October,Total,0.3,a,Excellent
3519036,Markham,York,1997,October,1 Bedroom,0.7,a,Excellent
3519036,Markham,York,1997,October,2 Bedroom,0.6,a,Excellent
3519036,Markham,York,1997,October,3 Bedroom,1.0,a,Excellent
3519036,Markham,York,1997,October,Studio,0.0,a,Excellent
3519036,Markham,York,1997,October,Total,0.7,a,Excellent
3519036,Markham,York,1998,October,1 Bedroom,0.0,c,Good
3519036,Markham,York,1998,October,2 Bedroom,0.5,a,Excellent
3519036,Markham,York,1998,October,Studio,0.0,a,Excellent
3519036,Markham,York,1998,October,Total,0.2,a,Excellent
3519036,Markham,York,1999,October,1 Bedroom,0.0,d,Poor (use with caution)
3519036,Markham,York,1999,October,2 Bedroom,0.0,d,Poor (use with caution)
3519036,Markham,York,1999,October,3 Bedroom,1.2,d,Poor (use with caution)
3519036,Markham,York,1999,October,Studio,0.0,a,Excellent
3519036,Markham,York,1999,October,Total,0.1,b,Very good
3519036,Markham,York,2000,October,1 Bedroom,0.6,a,Excellent
3519036,Markham,York,2000,October,2 Bedroom,0.8,a,Excellent
3519036,Markham,York,2000,October,3 Bedroom,0.0,a,Excellent
3519036,Markham,York,2000,October,Studio,0.0,a,Excellent
3519036,Markham,York,2000,October,Total,0.6,a,Excellent
3519036,Markham,York,2001,October,1 Bedroom,0.4,a,Excellent
3519036,Markham,York,2001,October,2 Bedroom,0.0,c,Good
3519036,Markham,York,2001,October,3 Bedroom,1.0,a,Excellent
3519036,Markham,York,2001,October,Studio,0.0,a,Excellent
3519036,Markham,York,2001,October,Total,0.2,a,Excellent
3519036,Markham,York,2002,October,1 Bedroom,0.6,a,Excellent
3519036,Markham,York,2002,October,2 Bedroom,1.0,a,Excellent
3519036,Markham,York,2002,October,3 Bedroom,2.0,a,Excellent
3519036,Markham,York,2002,October,Studio,0.0,a,Excellent
3519036,Markham,York,2002,October,Total,0.9,a,Excellent
3519036,Markham,York,2003,October,1 Bedroom,1.2,a,Excellent
3519036,Markham,York,2003,October,2 Bedroom,1.3,a,Excellent
3519036,Markham,York,2003,October,3 Bedroom,3.8,a,Excellent
3519036,Markham,York,2003,October,Studio,0.0,a,Excellent
3519036,Markham,York,2003,October,Total,1.4,a,Excellent
3519036,Markham,York,2004,October,1 Bedroom,0.2,a,Excellent
3519036,Markham,York,2004,October,2 Bedroom,0.9,a,Excellent
3519036,Markham,York,2004,October,3 Bedroom,1.0,a,Excellent
3519036,Markham,York,2004,October,Studio,8.3,a,Excellent
3519036,Markham,York,2004,October,Total,0.7,a,Excellent
3519036,Markham,York,2005,October,1 Bedroom,2.6,a,Excellent
3519036,Markham,York,2005,October,2 Bedroom,2.4,a,Excellent
3519036,Markham,York,2005,October,3 Bedroom,1.0,a,Excellent
3519036,Markham,York,2005,October,Studio,0.0,a,Excellent
3519036,Markham,York,2005,October,Total,2.3,a,Excellent
3519036,Markham,York,2006,October,1 Bedroom,1.5,c,Good
3519036,Markham,York,2006,October,2 Bedroom,0.8,a,Excellent
3519036,Markham,York,2006,October,Total,1.1,a,Excellent
3519036,Markham,York,2007,October,1 Bedroom,0.5,a,Excellent
3519036,Markham,York,2007,October,2 Bedroom,0.1,a,Excellent
3519036,Markham,York,2007,October,3 Bedroom,0.0,d,Poor (use with caution)
3519036,Markham,York,2007,October,Total,0.3,a,Excellent
3519036,Markham,York,2008,October,1 Bedroom,1.3,a,Excellent
3519036,Markham,York,2008,October,2 Bedroom,1.0,a,Excellent
3519036,Markham,York,2008,October,3 Bedroom,1.6,b,Very good
3519036,Markham,York,2008,October,Total,1.1,a,Excellent
3519036,Markham,York,2009,October,1 Bedroom,3.0,c,Good
3519036,Markham,York,2009,October,2 Bedroom,0.5,b,Very good
3519036,Markham,York,2009,October,3 Bedroom,0.0,d,Poor (use with caution)
3519036,Markham,York,2009,October,Total,1.6,c,Good
3519036,Markham,York,2010,October,1 Bedroom,1.5,a,Excellent
3519036,Markham,York,2010,October,2 Bedroom,1.4,a,Excellent
3519036,Markham,York,2010,October,3 Bedroom,0.0,c,Good
3519036,Markham,York,2010,October,Total,1.3,a,Excellent
3519036,Markham,York,2011,October,1 Bedroom,0.3,a,Excellent
3519036,Markham,York,2011,October,2 Bedroom,0.3,b,Very good
3519036,Markham,York,2011,October,3 Bedroom,0.0,d,Poor (use with caution)
3519036,Markham,York,2011,October,Total,0.3,a,Excellent
3519036,Markham,York,2012,October,1 Bedroom,1.5,a,Excellent
3519036,Markham,York,2012,October,2 Bedroom,1.9,c,Good
3519036,Markham,York,2012,October,3 Bedroom,1.1,d,Poor (use with caution)
3519036,Markham,York,2012,October,Total,1.6,c,Good
3519036,Markham,York,2013,October,1 Bedroom,1.7,b,Very good
3519036,Markham,York,2013,October,2 Bedroom,0.5,a,Excellent
3519036,Markham,York,2013,October,3 Bedroom,0.0,d,Poor (use with caution)
3519036,Markham,York,2013,October,Total,0.9,a,Excellent
3519036,Markham,York,2014,October,1 Bedroom,2.1,c,Good
3519036,Markham,York,2014,October,2 Bedroom,1.4,a,Excellent
3519036,Markham,York,2014,October,3 Bedroom,0.0,d,Poor (use with caution)
3519036,Markham,York,2014,October,Total,1.6,c,Good
3519036,Markham,York,2015,October,1 Bedroom,1.3,a,Excellent
3519036,Markham,York,2015,October,2 Bedroom,3.3,a,Excellent
3519036,Markham,York,2015,October,Total,2.5,a,Excellent
3519036,Markham,York,2016,October,1 Bedroom,1.2,a,Excellent
3519036,Markham,York,2016,October,2 Bedroom,1.3,d,Poor (use with caution)
3519036,Markham,York,2016,October,Total,1.4,a,Excellent
3519036,Markham,York,2017,October,1 Bedroom,1.2,a,Excellent
3519036,Markham,York,2017,October,2 Bedroom,0.6,a,Excellent
3519036,Markham,York,2017,October,Total,0.9,a,Excellent
3519036,Markham,York,2018,October,1 Bedroom,1.7,b,Very good
3519036,Markham,York,2018,October,2 Bedroom,1.1,a,Excellent
3519036,Markham,York,2018,October,Total,1.5,a,Excellent
3519036,Markham,York,2019,October,1 Bedroom,1.2,a,Excellent
3519036,Markham,York,2019,October,2 Bedroom,1.3,a,Excellent
3519036,Markham,York,2019,October,3 Bedroom,0.0,c,Good
3519036,Markham,York,2019,October,Total,1.2,a,Excellent
3519036,Markham,York,2020,October,1 Bedroom,2.7,a,Excellent
3519036,Markham,York,2020,October,2 Bedroom,3.7,c,Good
3519036,Markham,York,2020,October,Total,3.1,b,Very good
3519036,Markham,York,2021,October,1 Bedroom,3.3,d,Poor (use with caution)
3519036,Markham,York,2021,October,2 Bedroom,1.4,a,Excellent
3519036,Markham,York,2021,October,3 Bedroom,0.0,d,Poor (use with caution)
3519036,Markham,York,2021,October,Total,2.1,b,Very good
3519036,Markham,York,2022,October,1 Bedroom,1.2,a,Excellent
3519036,Markham,York,2022,October,2 Bedroom,0.4,a,Excellent
3519036,Markham,York,2022,October,3 Bedroom,0.9,a,Excellent
3519036,Markham,York,2022,October,Total,0.8,a,Excellent
3519036,Markham,York,2023,October,1 Bedroom,0.6,a,Excellent
3519036,Markham,York,2023,October,2 Bedroom,0.3,a,Excellent
3519036,Markham,York,2023,October,3 Bedroom,0.0,d,Poor (use with caution)
3519036,Markham,York,2023,October,Total,0.4,a,Excellent
3519036,Markham,York,2024,October,1 Bedroom,2.2,a,Excellent
3519036,Markham,York,2024,October,2 Bedroom,1.8,a,Excellent
3519036,Markham,York,2024,October,3 Bedroom,0.0,d,Poor (use with caution)
3519036,Markham,York,2024,October,Total,2.0,a,Excellent
3519036,Markham,York,2025,October,1 Bedroom,3.2,d,Poor (use with caution)
3519036,Markham,York,2025,October,2 Bedroom,0.3,b,Very good
3519038,Richmond Hill,York,1990,October,1 Bedroom,0.5,a,Excellent
3519038,Richmond Hill,York,1990,October,2 Bedroom,0.2,a,Excellent
3519038,Richmond Hill,York,1990,October,3 Bedroom,0.0,c,Good
3519038,Richmond Hill,York,1990,October,Studio,1.1,a,Excellent
3519038,Richmond Hill,York,1990,October,Total,0.4,a,Excellent
3519038,Richmond Hill,York,1991,October,1 Bedroom,0.2,a,Excellent
3519038,Richmond Hill,York,1991,October,2 Bedroom,0.5,a,Excellent
3519038,Richmond Hill,York,1991,October,3 Bedroom,1.1,a,Excellent
3519038,Richmond Hill,York,1991,October,Studio,0.0,c,Good
3519038,Richmond Hill,York,1991,October,Total,0.4,a,Excellent
3519038,Richmond Hill,York,1992,October,1 Bedroom,0.2,a,Excellent
3519038,Richmond Hill,York,1992,October,2 Bedroom,0.2,a,Excellent
3519038,Richmond Hill,York,1992,October,3 Bedroom,0.0,c,Good
3519038,Richmond Hill,York,1992,October,Studio,0.0,c,Good
3519038,Richmond Hill,York,1992,October,Total,0.2,a,Excellent
3519038,Richmond Hill,York,1993,October,1 Bedroom,0.2,a,Excellent
3519038,Richmond Hill,York,1993,October,2 Bedroom,0.2,a,Excellent
3519038,Richmond Hill,York,1993,October,3 Bedroom,0.0,c,Good
3519038,Richmond Hill,York,1993,October,Studio,0.0,c,Good
3519038,Richmond Hill,York,1993,October,Total,0.2,a,Excellent
3519038,Richmond Hill,York,1994,October,1 Bedroom,0.0,b,Very good
3519038,Richmond Hill,York,1994,October,2 Bedroom,0.3,a,Excellent
3519038,Richmond Hill,York,1994,October,3 Bedroom,0.0,c,Good
3519038,Richmond Hill,York,1994,October,Studio,1.3,a,Excellent
3519038,Richmond Hill,York,1994,October,Total,0.2,a,Excellent
3519038,Richmond Hill,York,1995,October,1 Bedroom,0.0,a,Excellent
3519038,Richmond Hill,York,1995,October,2 Bedroom,0.0,a,Excellent
3519038,Richmond Hill,York,1995,October,3 Bedroom,0.0,c,Good
3519038,Richmond Hill,York,1995,October,Studio,0.0,a,Excellent
3519038,Richmond Hill,York,1995,October,Total,0.0,b,Very good
3519038,Richmond Hill,York,1996,October,1 Bedroom,0.3,a,Excellent
3519038,Richmond Hill,York,1996,October,2 Bedroom,0.4,a,Excellent
3519038,Richmond Hill,York,1996,October,3 Bedroom,1.2,a,Excellent
3519038,Richmond Hill,York,1996,October,Studio,1.2,a,Excellent
3519038,Richmond Hill,York,1996,October,Total,0.5,a,Excellent
3519038,Richmond Hill,York,1997,October,1 Bedroom,0.2,a,Excellent
3519038,Richmond Hill,York,1997,October,2 Bedroom,0.1,a,Excellent
3519038,Richmond Hill,York,1997,October,3 Bedroom,1.0,a,Excellent
3519038,Richmond Hill,York,1997,October,Studio,0.0,a,Excellent
3519038,Richmond Hill,York,1997,October,Total,0.2,a,Excellent
3519038,Richmond Hill,York,1998,October,1 Bedroom,0.7,a,Excellent
3519038,Richmond Hill,York,1998,October,2 Bedroom,0.5,a,Excellent
3519038,Richmond Hill,York,1998,October,3 Bedroom,0.0,c,Good
3519038,Richmond Hill,York,1998,October,Studio,0.0,b,Very good
3519038,Richmond Hill,York,1998,October,Total,0.5,a,Excellent
3519038,Richmond Hill,York,1999,October,1 Bedroom,0.0,b,Very good
3519038,Richmond Hill,York,1999,October,2 Bedroom,0.2,a,Excellent
3519038,Richmond Hill,York,1999,October,3 Bedroom,3.2,c,Good
3519038,Richmond Hill,York,1999,October,Studio,0.0,b,Very good
3519038,Richmond Hill,York,1999,October,Total,0.3,a,Excellent
3519038,Richmond Hill,York,2000,October,1 Bedroom,0.0,b,Very good
3519038,Richmond Hill,York,2000,October,2 Bedroom,0.8,a,Excellent
3519038,Richmond Hill,York,2000,October,3 Bedroom,0.0,c,Good
3519038,Richmond Hill,York,2000,October,Studio,3.1,c,Good
3519038,Richmond Hill,York,2000,October,Total,0.6,a,Excellent
3519038,Richmond Hill,York,2001,October,1 Bedroom,0.2,a,Excellent
3519038,Richmond Hill,York,2001,October,2 Bedroom,1.8,b,Very good
3519038,Richmond Hill,York,2001,October,3 Bedroom,0.0,c,Good
3519038,Richmond Hill,York,2001,October,Studio,0.0,c,Good
3519038,Richmond Hill,York,2001,October,Total,1.0,a,Excellent
3519038,Richmond Hill,York,2002,October,1 Bedroom,1.4,a,Excellent
3519038,Richmond Hill,York,2002,October,2 Bedroom,0.8,a,Excellent
3519038,Richmond Hill,York,2002,October,3 Bedroom,2.6,c,Good
3519038,Richmond Hill,York,2002,October,Studio,0.0,d,Poor (use with caution)
3519038,Richmond Hill,York,2002,October,Total,1.1,a,Excellent
3519038,Richmond Hill,York,2003,October,1 Bedroom,0.6,a,Excellent
3519038,Richmond Hill,York,2003,October,2 Bedroom,0.6,a,Excellent
3519038,Richmond Hill,York,2003,October,Total,0.7,a,Excellent
3519038,Richmond Hill,York,2004,October,1 Bedroom,1.1,a,Excellent
3519038,Richmond Hill,York,2004,October,2 Bedroom,2.0,a,Excellent
3519038,Richmond Hill,York,2004,October,3 Bedroom,3.8,b,Very good
3519038,Richmond Hill,York,2004,October,Studio,0.0,c,Good
3519038,Richmond Hill,York,2004,October,Total,1.7,a,Excellent
3519038,Richmond Hill,York,2005,October,1 Bedroom,1.2,a,Excellent
3519038,Richmond Hill,York,2005,October,2 Bedroom,1.8,a,Excellent
3519038,Richmond Hill,York,2005,October,3 Bedroom,0.0,d,Poor (use with caution)
3519038,Richmond Hill,York,2005,October,Studio,3.8,a,Excellent
3519038,Richmond Hill,York,2005,October,Total,1.6,a,Excellent
3519038,Richmond Hill,York,2006,October,1 Bedroom,0.7,a,Excellent
3519038,Richmond Hill,York,2006,October,2 Bedroom,1.5,a,Excellent
3519038,Richmond Hill,York,2006,October,3 Bedroom,1.3,d,Poor (use with caution)
3519038,Richmond Hill,York,2006,October,Studio,0.0,c,Good
3519038,Richmond Hill,York,2006,October,Total,1.1,a,Excellent
3519038,Richmond Hill,York,2007,October,1 Bedroom,1.0,a,Excellent
3519038,Richmond Hill,York,2007,October,2 Bedroom,1.4,a,Excellent
3519038,Richmond Hill,York,2007,October,3 Bedroom,1.4,d,Poor (use with caution)
3519038,Richmond Hill,York,2007,October,Studio,2.3,a,Excellent
3519038,Richmond Hill,York,2007,October,Total,1.3,a,Excellent
3519038,Richmond Hill,York,2008,October,1 Bedroom,1.3,a,Excellent
3519038,Richmond Hill,York,2008,October,2 Bedroom,0.8,a,Excellent
3519038,Richmond Hill,York,2008,October,3 Bedroom,1.2,d,Poor (use with caution)
3519038,Richmond Hill,York,2008,October,Studio,1.1,a,Excellent
3519038,Richmond Hill,York,2008,October,Total,1.0,a,Excellent
3519038,Richmond Hill,York,2009,October,1 Bedroom,2.6,b,Very good
3519038,Richmond Hill,York,2009,October,2 Bedroom,1.7,b,Very good
3519038,Richmond Hill,York,2009,October,3 Bedroom,3.9,d,Poor (use with caution)
3519038,Richmond Hill,York,2009,October,Studio,1.2,a,Excellent
3519038,Richmond Hill,York,2009,October,Total,2.1,a,Excellent
3519038,Richmond Hill,York,2010,October,1 Bedroom,2.4,a,Excellent
3519038,Richmond Hill,York,2010,October,2 Bedroom,0.9,a,Excellent
3519038,Richmond Hill,York,2010,October,3 Bedroom,1.3,d,Poor (use with caution)
3519038,Richmond Hill,York,2010,October,Studio,6.2,b,Very good
3519038,Richmond Hill,York,2010,October,Total,1.8,a,Excellent
3519038,Richmond Hill,York,2011,October,1 Bedroom,1.0,a,Excellent
3519038,Richmond Hill,York,2011,October,2 Bedroom,0.3,a,Excellent
3519038,Richmond Hill,York,2011,October,Studio,2.7,c,Good
3519038,Richmond Hill,York,2011,October,Total,0.7,a,Excellent
3519038,Richmond Hill,York,2012,October,1 Bedroom,2.2,c,Good
3519038,Richmond Hill,York,2012,October,2 Bedroom,1.5,a,Excellent
3519038,Richmond Hill,York,2012,October,3 Bedroom,0.0,d,Poor (use with caution)
3519038,Richmond Hill,York,2012,October,Studio,1.3,a,Excellent
3519038,Richmond Hill,York,2012,October,Total,1.7,b,Very good
3519038,Richmond Hill,York,2013,October,1 Bedroom,0.5,a,Excellent
3519038,Richmond Hill,York,2013,October,2 Bedroom,1.0,a,Excellent
3519038,Richmond Hill,York,2013,October,Studio,9.9,c,Good
3519038,Richmond Hill,York,2013,October,Total,1.4,a,Excellent
3519038,Richmond Hill,York,2014,October,1 Bedroom,1.2,a,Excellent
3519038,Richmond Hill,York,2014,October,2 Bedroom,0.9,a,Excellent
3519038,Richmond Hill,York,2014,October,3 Bedroom,1.3,d,Poor (use with caution)
3519038,Richmond Hill,York,2014,October,Studio,1.1,a,Excellent
3519038,Richmond Hill,York,2014,October,Total,1.0,a,Excellent
3519038,Richmond Hill,York,2015,October,1 Bedroom,1.1,a,Excellent
3519038,Richmond Hill,York,2015,October,2 Bedroom,0.6,a,Excellent
3519038,Richmond Hill,York,2015,October,Studio,1.1,a,Excellent
3519038,Richmond Hill,York,2015,October,Total,1.2,a,Excellent
3519038,Richmond Hill,York,2016,October,1 Bedroom,0.6,a,Excellent
3519038,Richmond Hill,York,2016,October,2 Bedroom,1.0,a,Excellent
3519038,Richmond Hill,York,2016,October,3 Bedroom,0.0,d,Poor (use with caution)
3519038,Richmond Hill,York,2016,October,Studio,0.0,d,Poor (use with caution)
3519038,Richmond Hill,York,2016,October,Total,0.7,a,Excellent
3519038,Richmond Hill,York,2017,October,1 Bedroom,0.4,a,Excellent
3519038,Richmond Hill,York,2017,October,2 Bedroom,1.1,a,Excellent
3519038,Richmond Hill,York,2017,October,3 Bedroom,1.2,d,Poor (use with caution)
3519038,Richmond Hill,York,2017,October,Studio,2.5,c,Good
3519038,Richmond Hill,York,2017,October,Total,0.9,a,Excellent
3519038,Richmond Hill,York,2018,October,1 Bedroom,1.4,d,Poor (use with caution)
3519038,Richmond Hill,York,2018,October,2 Bedroom,1.1,a,Excellent
3519038,Richmond Hill,York,2018,October,3 Bedroom,2.8,c,Good
3519038,Richmond Hill,York,2018,October,Total,1.3,a,Excellent
3519038,Richmond Hill,York,2019,October,1 Bedroom,1.8,c,Good
3519038,Richmond Hill,York,2019,October,2 Bedroom,0.7,a,Excellent
3519038,Richmond Hill,York,2019,October,3 Bedroom,2.1,c,Good
3519038,Richmond Hill,York,2019,October,Studio,0.0,d,Poor (use with caution)
3519038,Richmond Hill,York,2019,October,Total,1.2,a,Excellent
3519038,Richmond Hill,York,2020,October,1 Bedroom,1.5,a,Excellent
3519038,Richmond Hill,York,2020,October,2 Bedroom,3.0,c,Good
3519038,Richmond Hill,York,2020,October,3 Bedroom,0.0,d,Poor (use with caution)
3519038,Richmond Hill,York,2020,October,Studio,0.0,d,Poor (use with caution)
3519038,Richmond Hill,York,2020,October,Total,2.0,b,Very good
3519038,Richmond Hill,York,2021,October,1 Bedroom,2.5,c,Good
3519038,Richmond Hill,York,2021,October,2 Bedroom,2.5,b,Very good
3519038,Richmond Hill,York,2021,October,3 Bedroom,1.4,d,Poor (use with caution)
3519038,Richmond Hill,York,2021,October,Total,2.5,c,Good
3519038,Richmond Hill,York,2022,October,1 Bedroom,0.8,a,Excellent
3519038,Richmond Hill,York,2022,October,2 Bedroom,1.0,a,Excellent
3519038,Richmond Hill,York,2022,October,3 Bedroom,0.0,d,Poor (use with caution)
3519038,Richmond Hill,York,2022,October,Total,0.9,a,Excellent
3519038,Richmond Hill,York,2023,October,1 Bedroom,1.5,c,Good
3519038,Richmond Hill,York,2023,October,2 Bedroom,0.8,a,Excellent
3519038,Richmond Hill,York,2023,October,3 Bedroom,0.0,d,Poor (use with caution)
3519038,Richmond Hill,York,2023,October,Studio,0.0,d,Poor (use with caution)
3519038,Richmond Hill,York,2023,October,Total,1.0,a,Excellent
3519038,Richmond Hill,York,2024,October,1 Bedroom,2.6,b,Very good
3519038,Richmond Hill,York,2024,October,2 Bedroom,2.1,b,Very good
3519038,Richmond Hill,York,2024,October,3 Bedroom,1.1,d,Poor (use with caution)
3519038,Richmond Hill,York,2024,October,Total,2.2,a,Excellent
3519038,Richmond Hill,York,2025,October,1 Bedroom,3.1,c,Good
3519038,Richmond Hill,York,2025,October,2 Bedroom,2.1,b,Very good
3519038,Richmond Hill,York,2025,October,Studio,0.0,d,Poor (use with caution)
3519038,Richmond Hill,York,2025,October,Total,2.4,a,Excellent
3519044,Whitchurch-Stouffville,York,1990,October,1 Bedroom,3.7,a,Excellent
3519044,Whitchurch-Stouffville,York,1990,October,2 Bedroom,0.0,c,Good
3519044,Whitchurch-Stouffville,York,1990,October,Total,1.4,a,Excellent
3519044,Whitchurch-Stouffville,York,1991,October,2 Bedroom,0.0,c,Good
3519044,Whitchurch-Stouffville,York,1991,October,Total,0.0,c,Good
3519044,Whitchurch-Stouffville,York,1992,October,2 Bedroom,1.4,a,Excellent
3519044,Whitchurch-Stouffville,York,1992,October,Total,0.9,a,Excellent
3519044,Whitchurch-Stouffville,York,1993,October,2 Bedroom,0.0,c,Good
3519044,Whitchurch-Stouffville,York,1993,October,Total,0.0,c,Good
3519044,Whitchurch-Stouffville,York,1994,October,2 Bedroom,0.0,c,Good
3519044,Whitchurch-Stouffville,York,1994,October,Total,0.0,c,Good
3519044,Whitchurch-Stouffville,York,1995,October,1 Bedroom,0.0,c,Good
3519044,Whitchurch-Stouffville,York,1995,October,2 Bedroom,0.0,c,Good
3519044,Whitchurch-Stouffville,York,1995,October,Total,0.0,c,Good
3519044,Whitchurch-Stouffville,York,1996,October,1 Bedroom,0.0,c,Good
3519044,Whitchurch-Stouffville,York,1996,October,2 Bedroom,0.0,c,Good
3519044,Whitchurch-Stouffville,York,1996,October,Total,0.0,c,Good
3519044,Whitchurch-Stouffville,York,1997,October,1 Bedroom,1.2,a,Excellent
3519044,Whitchurch-Stouffville,York,1997,October,2 Bedroom,0.9,a,Excellent
3519044,Whitchurch-Stouffville,York,1997,October,Total,1.0,a,Excellent
3519044,Whitchurch-Stouffville,York,1998,October,2 Bedroom,0.0,d,Poor (use with caution)
3519044,Whitchurch-Stouffville,York,1998,October,Total,0.0,d,Poor (use with caution)
3519044,Whitchurch-Stouffville,York,1999,October,1 Bedroom,0.0,c,Good
3519044,Whitchurch-Stouffville,York,1999,October,2 Bedroom,1.1,a,Excellent
3519044,Whitchurch-Stouffville,York,1999,October,Total,0.7,b,Very good
3519044,Whitchurch-Stouffville,York,2000,October,1 Bedroom,0.0,d,Poor (use with caution)
3519044,Whitchurch-Stouffville,York,2000,October,2 Bedroom,0.0,d,Poor (use with caution)
3519044,Whitchurch-Stouffville,York,2000,October,Total,0.0,d,Poor (use with caution)
3519044,Whitchurch-Stouffville,York,2004,October,2 Bedroom,3.4,c,Good
3519044,Whitchurch-Stouffville,York,2004,October,Total,2.7,b,Very good
3519044,Whitchurch-Stouffville,York,2005,October,1 Bedroom,0.0,c,Good
3519044,Whitchurch-Stouffville,York,2005,October,2 Bedroom,2.3,b,Very good
3519044,Whitchurch-Stouffville,York,2005,October,Total,1.4,a,Excellent
3519044,Whitchurch-Stouffville,York,2006,October,1 Bedroom,0.0,c,Good
3519044,Whitchurch-Stouffville,York,2006,October,2 Bedroom,0.9,a,Excellent
3519044,Whitchurch-Stouffville,York,2006,October,Total,0.5,a,Excellent
3519044,Whitchurch-Stouffville,York,2008,October,2 Bedroom,5.8,d,Poor (use with caution)
3519044,Whitchurch-Stouffville,York,2008,October,Total,4.6,d,Poor (use with caution)
3519044,Whitchurch-Stouffville,York,2009,October,Total,0.8,d,Poor (use with caution)
3519044,Whitchurch-Stouffville,York,2010,October,1 Bedroom,0.0,c,Good
3519044,Whitchurch-Stouffville,York,2010,October,2 Bedroom,5.9,c,Good
3519044,Whitchurch-Stouffville,York,2010,October,Total,3.7,d,Poor (use with caution)
3519044,Whitchurch-Stouffville,York,2011,October,1 Bedroom,0.0,c,Good
3519044,Whitchurch-Stouffville,York,2011,October,2 Bedroom,2.5,c,Good
3519044,Whitchurch-Stouffville,York,2011,October,Total,1.4,a,Excellent
3519044,Whitchurch-Stouffville,York,2012,October,1 Bedroom,1.8,c,Good
3519044,Whitchurch-Stouffville,York,2012,October,2 Bedroom,0.0,c,Good
3519044,Whitchurch-Stouffville,York,2012,October,Total,0.8,a,Excellent
3519044,Whitchurch-Stouffville,York,2013,October,1 Bedroom,0.0,c,Good
3519044,Whitchurch-Stouffville,York,2013,October,2 Bedroom,1.1,a,Excellent
3519044,Whitchurch-Stouffville,York,2013,October,Total,0.7,a,Excellent
3519044,Whitchurch-Stouffville,York,2014,October,1 Bedroom,1.5,c,Good
3519044,Whitchurch-Stouffville,York,2014,October,2 Bedroom,8.1,c,Good
3519044,Whitchurch-Stouffville,York,2014,October,Total,5.4,d,Poor (use with caution)
3519044,Whitchurch-Stouffville,York,2016,October,1 Bedroom,0.0,c,Good
3519044,Whitchurch-Stouffville,York,2016,October,2 Bedroom,2.6,c,Good
3519044,Whitchurch-Stouffville,York,2016,October,Total,1.6,c,Good
3519044,Whitchurch-Stouffville,York,2017,October,1 Bedroom,0.0,d,Poor (use with caution)
3519044,Whitchurch-Stouffville,York,2019,October,2 Bedroom,0.0,d,Poor (use with caution)
3519044,Whitchurch-Stouffville,York,2019,October,Total,0.0,d,Poor (use with caution)
3519046,Aurora,York,1990,October,1 Bedroom,0.5,a,Excellent
3519046,Aurora,York,1990,October,2 Bedroom,1.8,c,Good
3519046,Aurora,York,1990,October,Total,1.1,a,Excellent
3519046,Aurora,York,1991,October,1 Bedroom,0.5,a,Excellent
3519046,Aurora,York,1991,October,2 Bedroom,1.2,a,Excellent
3519046,Aurora,York,1991,October,Total,1.0,a,Excellent
3519046,Aurora,York,1992,October,1 Bedroom,0.0,c,Good
3519046,Aurora,York,1992,October,2 Bedroom,1.8,c,Good
3519046,Aurora,York,1992,October,Studio,14.3,a,Excellent
3519046,Aurora,York,1992,October,Total,1.2,a,Excellent
3519046,Aurora,York,1993,October,1 Bedroom,0.5,a,Excellent
3519046,Aurora,York,1993,October,2 Bedroom,1.3,a,Excellent
3519046,Aurora,York,1993,October,Total,0.8,a,Excellent
3519046,Aurora,York,1994,October,1 Bedroom,0.0,d,Poor (use with caution)
3519046,Aurora,York,1994,October,2 Bedroom,0.7,b,Very good
3519046,Aurora,York,1994,October,3 Bedroom,13.1,c,Good
3519046,Aurora,York,1994,October,Total,5.1,d,Poor (use with caution)
3519046,Aurora,York,1995,October,1 Bedroom,0.4,a,Excellent
3519046,Aurora,York,1995,October,2 Bedroom,1.8,b,Very good
3519046,Aurora,York,1995,October,3 Bedroom,4.7,b,Very good
3519046,Aurora,York,1995,October,Total,2.3,a,Excellent
3519046,Aurora,York,1996,October,1 Bedroom,0.0,c,Good
3519046,Aurora,York,1996,October,2 Bedroom,0.0,c,Good
3519046,Aurora,York,1996,October,3 Bedroom,10.8,a,Excellent
3519046,Aurora,York,1996,October,Total,3.5,b,Very good
3519046,Aurora,York,1997,October,1 Bedroom,0.4,a,Excellent
3519046,Aurora,York,1997,October,2 Bedroom,0.5,a,Excellent
3519046,Aurora,York,1997,October,Studio,8.7,a,Excellent
3519046,Aurora,York,1997,October,Total,0.7,a,Excellent
3519046,Aurora,York,1998,October,1 Bedroom,1.0,a,Excellent
3519046,Aurora,York,1998,October,2 Bedroom,0.0,d,Poor (use with caution)
3519046,Aurora,York,1998,October,Total,0.5,a,Excellent
3519046,Aurora,York,1999,October,1 Bedroom,1.1,a,Excellent
3519046,Aurora,York,1999,October,2 Bedroom,2.8,c,Good
3519046,Aurora,York,1999,October,Studio,0.0,a,Excellent
3519046,Aurora,York,1999,October,Total,1.7,c,Good
3519046,Aurora,York,2000,October,1 Bedroom,0.5,a,Excellent
3519046,Aurora,York,2000,October,2 Bedroom,0.5,a,Excellent
3519046,Aurora,York,2000,October,Total,0.7,a,Excellent
3519046,Aurora,York,2001,October,1 Bedroom,0.0,c,Good
3519046,Aurora,York,2001,October,2 Bedroom,0.7,a,Excellent
3519046,Aurora,York,2001,October,Total,0.3,a,Excellent
3519046,Aurora,York,2002,October,1 Bedroom,0.5,a,Excellent
3519046,Aurora,York,2002,October,2 Bedroom,0.9,a,Excellent
3519046,Aurora,York,2002,October,3 Bedroom,0.0,a,Excellent
3519046,Aurora,York,2002,October,Studio,0.0,a,Excellent
3519046,Aurora,York,2002,October,Total,0.7,a,Excellent
3519046,Aurora,York,2003,October,1 Bedroom,0.0,c,Good
3519046,Aurora,York,2003,October,2 Bedroom,2.6,c,Good
3519046,Aurora,York,2003,October,Total,1.2,a,Excellent
3519046,Aurora,York,2004,October,1 Bedroom,1.6,b,Very good
3519046,Aurora,York,2004,October,2 Bedroom,1.5,a,Excellent
3519046,Aurora,York,2004,October,Total,1.5,a,Excellent
3519046,Aurora,York,2005,October,1 Bedroom,0.7,b,Very good
3519046,Aurora,York,2005,October,2 Bedroom,0.0,d,Poor (use with caution)
3519046,Aurora,York,2005,October,Total,0.4,b,Very good
3519046,Aurora,York,2006,October,Total,0.7,b,Very good
3519046,Aurora,York,2007,October,1 Bedroom,0.0,d,Poor (use with caution)
3519046,Aurora,York,2007,October,2 Bedroom,0.2,a,Excellent
3519046,Aurora,York,2007,October,3 Bedroom,1.2,a,Excellent
3519046,Aurora,York,2007,October,Total,0.4,a,Excellent
3519046,Aurora,York,2008,October,2 Bedroom,0.9,a,Excellent
3519046,Aurora,York,2008,October,3 Bedroom,0.8,a,Excellent
3519046,Aurora,York,2008,October,Total,1.2,a,Excellent
3519046,Aurora,York,2010,October,1 Bedroom,1.1,a,Excellent
3519046,Aurora,York,2010,October,2 Bedroom,1.2,a,Excellent
3519046,Aurora,York,2010,October,3 Bedroom,3.8,c,Good
3519046,Aurora,York,2010,October,Total,1.9,b,Very good
3519046,Aurora,York,2011,October,2 Bedroom,0.0,d,Poor (use with caution)
3519046,Aurora,York,2012,October,1 Bedroom,0.0,d,Poor (use with caution)
3519046,Aurora,York,2012,October,2 Bedroom,0.0,d,Poor (use with caution)
3519046,Aurora,York,2012,October,Total,0.0,d,Poor (use with caution)
3519046,Aurora,York,2013,October,1 Bedroom,0.0,d,Poor (use with caution)
3519046,Aurora,York,2013,October,2 Bedroom,1.2,d,Poor (use with caution)
3519046,Aurora,York,2014,October,2 Bedroom,0.0,d,Poor (use with caution)
3519046,Aurora,York,2014,October,Total,0.6,b,Very good
3519046,Aurora,York,2015,October,1 Bedroom,0.0,d,Poor (use with caution)
3519046,Aurora,York,2015,October,Total,0.8,a,Excellent
3519046,Aurora,York,2016,October,1 Bedroom,0.0,d,Poor (use with caution)
3519046,Aurora,York,2016,October,2 Bedroom,4.2,d,Poor (use with caution)
3519046,Aurora,York,2016,October,3 Bedroom,2.0,c,Good
3519046,Aurora,York,2016,October,Total,2.3,c,Good
3519046,Aurora,York,2017,October,2 Bedroom,0.8,d,Poor (use with caution)
3519046,Aurora,York,2017,October,Total,2.2,c,Good
3519046,Aurora,York,2018,October,1 Bedroom,0.6,b,Very good
3519046,Aurora,York,2018,October,2 Bedroom,2.2,c,Good
3519046,Aurora,York,2019,October,1 Bedroom,0.0,d,Poor (use with caution)
3519046,Aurora,York,2019,October,2 Bedroom,1.3,d,Poor (use with caution)
3519046,Aurora,York,2019,October,Total,0.6,b,Very good
3519046,Aurora,York,2020,October,1 Bedroom,1.7,c,Good
3519046,Aurora,York,2020,October,2 Bedroom,0.7,a,Excellent
3519046,Aurora,York,2020,October,Total,0.9,a,Excellent
3519046,Aurora,York,2021,October,1 Bedroom,1.7,c,Good
3519046,Aurora,York,2021,October,2 Bedroom,0.7,a,Excellent
3519046,Aurora,York,2021,October,Total,1.0,a,Excellent
3519046,Aurora,York,2022,October,1 Bedroom,2.7,c,Good
3519046,Aurora,York,2022,October,2 Bedroom,3.7,d,Poor (use with caution)
3519046,Aurora,York,2022,October,Total,2.7,c,Good
3519046,Aurora,York,2023,October,1 Bedroom,2.4,c,Good
3519046,Aurora,York,2023,October,2 Bedroom,0.4,b,Very good
3519046,Aurora,York,2023,October,Total,1.4,a,Excellent
3519046,Aurora,York,2024,October,1 Bedroom,1.8,b,Very good
3519046,Aurora,York,2024,October,2 Bedroom,2.0,b,Very good
3519046,Aurora,York,2024,October,3 Bedroom,6.0,b,Very good
3519046,Aurora,York,2024,October,Total,2.5,b,Very good
3519046,Aurora,York,2025,October,1 Bedroom,3.6,d,Poor (use with caution)
3519046,Aurora,York,2025,October,2 Bedroom,2.8,a,Excellent
3519046,Aurora,York,2025,October,Total,2.7,a,Excellent
3519048,Newmarket,York,1990,October,1 Bedroom,1.3,a,Excellent
3519048,Newmarket,York,1990,October,2 Bedroom,0.7,a,Excellent
3519048,Newmarket,York,1990,October,3 Bedroom,0.0,d,Poor (use with caution)
3519048,Newmarket,York,1990,October,Total,1.1,a,Excellent
3519048,Newmarket,York,1991,October,1 Bedroom,2.0,c,Good
3519048,Newmarket,York,1991,October,2 Bedroom,0.7,a,Excellent
3519048,Newmarket,York,1991,October,3 Bedroom,0.0,d,Poor (use with caution)
3519048,Newmarket,York,1991,October,Studio,0.0,b,Very good
3519048,Newmarket,York,1991,October,Total,1.1,a,Excellent
3519048,Newmarket,York,1992,October,1 Bedroom,1.3,a,Excellent
3519048,Newmarket,York,1992,October,2 Bedroom,1.0,a,Excellent
3519048,Newmarket,York,1992,October,3 Bedroom,2.8,c,Good
3519048,Newmarket,York,1992,October,Total,1.3,a,Excellent
3519048,Newmarket,York,1993,October,1 Bedroom,2.7,c,Good
3519048,Newmarket,York,1993,October,2 Bedroom,2.7,b,Very good
3519048,Newmarket,York,1993,October,3 Bedroom,2.6,a,Excellent
3519048,Newmarket,York,1993,October,Studio,4.0,d,Poor (use with caution)
3519048,Newmarket,York,1993,October,Total,2.8,a,Excellent
3519048,Newmarket,York,1994,October,1 Bedroom,0.0,c,Good
3519048,Newmarket,York,1994,October,2 Bedroom,0.5,a,Excellent
3519048,Newmarket,York,1994,October,3 Bedroom,1.2,a,Excellent
3519048,Newmarket,York,1994,October,Total,0.5,a,Excellent
3519048,Newmarket,York,1995,October,1 Bedroom,1.9,c,Good
3519048,Newmarket,York,1995,October,2 Bedroom,0.4,a,Excellent
3519048,Newmarket,York,1995,October,3 Bedroom,0.0,c,Good
3519048,Newmarket,York,1995,October,Total,1.4,a,Excellent
3519048,Newmarket,York,1996,October,1 Bedroom,0.8,a,Excellent
3519048,Newmarket,York,1996,October,2 Bedroom,1.2,a,Excellent
3519048,Newmarket,York,1996,October,3 Bedroom,0.0,c,Good
3519048,Newmarket,York,1996,October,Total,1.5,a,Excellent
3519048,Newmarket,York,1997,October,1 Bedroom,2.9,c,Good
3519048,Newmarket,York,1997,October,2 Bedroom,1.2,a,Excellent
3519048,Newmarket,York,1997,October,3 Bedroom,1.3,a,Excellent
3519048,Newmarket,York,1997,October,Total,1.9,b,Very good
3519048,Newmarket,York,1998,October,1 Bedroom,2.0,c,Good
3519048,Newmarket,York,1998,October,2 Bedroom,0.5,a,Excellent
3519048,Newmarket,York,1998,October,3 Bedroom,0.0,c,Good
3519048,Newmarket,York,1998,October,Studio,0.0,c,Good
3519048,Newmarket,York,1998,October,Total,1.0,a,Excellent
3519048,Newmarket,York,1999,October,1 Bedroom,3.0,c,Good
3519048,Newmarket,York,1999,October,2 Bedroom,0.5,a,Excellent
3519048,Newmarket,York,1999,October,3 Bedroom,0.0,d,Poor (use with caution)
3519048,Newmarket,York,1999,October,Total,1.6,c,Good
3519048,Newmarket,York,2000,October,1 Bedroom,0.4,b,Very good
3519048,Newmarket,York,2000,October,2 Bedroom,1.2,d,Poor (use with caution)
3519048,Newmarket,York,2000,October,3 Bedroom,2.0,c,Good
3519048,Newmarket,York,2000,October,Studio,0.0,d,Poor (use with caution)
3519048,Newmarket,York,2000,October,Total,0.8,a,Excellent
3519048,Newmarket,York,2001,October,1 Bedroom,1.1,a,Excellent
3519048,Newmarket,York,2001,October,2 Bedroom,0.0,c,Good
3519048,Newmarket,York,2001,October,Studio,0.0,c,Good
3519048,Newmarket,York,2001,October,Total,0.4,a,Excellent
3519048,Newmarket,York,2002,October,1 Bedroom,1.7,c,Good
3519048,Newmarket,York,2002,October,2 Bedroom,0.6,a,Excellent
3519048,Newmarket,York,2002,October,Total,1.2,a,Excellent
3519048,Newmarket,York,2003,October,1 Bedroom,0.9,a,Excellent
3519048,Newmarket,York,2003,October,2 Bedroom,2.1,a,Excellent
3519048,Newmarket,York,2003,October,Total,1.5,a,Excellent
3519048,Newmarket,York,2004,October,1 Bedroom,1.7,b,Very good
3519048,Newmarket,York,2004,October,2 Bedroom,2.4,b,Very good
3519048,Newmarket,York,2004,October,3 Bedroom,6.4,a,Excellent
3519048,Newmarket,York,2004,October,Studio,4.5,d,Poor (use with caution)
3519048,Newmarket,York,2004,October,Total,2.6,a,Excellent
3519048,Newmarket,York,2005,October,1 Bedroom,1.5,a,Excellent
3519048,Newmarket,York,2005,October,2 Bedroom,1.1,d,Poor (use with caution)
3519048,Newmarket,York,2005,October,Studio,0.0,d,Poor (use with caution)
3519048,Newmarket,York,2005,October,Total,1.2,a,Excellent
3519048,Newmarket,York,2006,October,1 Bedroom,2.2,c,Good
3519048,Newmarket,York,2006,October,2 Bedroom,0.5,b,Very good
3519048,Newmarket,York,2006,October,Total,1.3,a,Excellent
3519048,Newmarket,York,2007,October,1 Bedroom,1.3,a,Excellent
3519048,Newmarket,York,2007,October,2 Bedroom,2.8,c,Good
3519048,Newmarket,York,2007,October,3 Bedroom,8.1,c,Good
3519048,Newmarket,York,2007,October,Studio,5.8,d,Poor (use with caution)
3519048,Newmarket,York,2007,October,Total,2.7,b,Very good
3519048,Newmarket,York,2008,October,1 Bedroom,2.7,b,Very good
3519048,Newmarket,York,2008,October,2 Bedroom,0.7,a,Excellent
3519048,Newmarket,York,2008,October,Total,1.6,b,Very good
3519048,Newmarket,York,2009,October,1 Bedroom,1.4,a,Excellent
3519048,Newmarket,York,2009,October,2 Bedroom,1.0,a,Excellent
3519048,Newmarket,York,2009,October,3 Bedroom,5.0,b,Very good
3519048,Newmarket,York,2009,October,Total,1.5,a,Excellent
3519048,Newmarket,York,2010,October,1 Bedroom,2.5,c,Good
3519048,Newmarket,York,2010,October,2 Bedroom,1.6,b,Very good
3519048,Newmarket,York,2010,October,Total,2.0,b,Very good
3519048,Newmarket,York,2011,October,1 Bedroom,0.9,a,Excellent
3519048,Newmarket,York,2011,October,2 Bedroom,0.5,b,Very good
3519048,Newmarket,York,2011,October,Studio,4.7,d,Poor (use with caution)
3519048,Newmarket,York,2011,October,Total,0.8,a,Excellent
3519048,Newmarket,York,2012,October,1 Bedroom,2.7,c,Good
3519048,Newmarket,York,2012,October,2 Bedroom,2.1,c,Good
3519048,Newmarket,York,2012,October,3 Bedroom,2.2,c,Good
3519048,Newmarket,York,2012,October,Studio,0.0,d,Poor (use with caution)
3519048,Newmarket,York,2012,October,Total,2.2,b,Very good
3519048,Newmarket,York,2013,October,1 Bedroom,3.1,d,Poor (use with caution)
3519048,Newmarket,York,2013,October,2 Bedroom,1.9,b,Very good
3519048,Newmarket,York,2013,October,3 Bedroom,2.1,b,Very good
3519048,Newmarket,York,2013,October,Total,3.1,c,Good
3519048,Newmarket,York,2014,October,1 Bedroom,1.1,d,Poor (use with caution)
3519048,Newmarket,York,2014,October,2 Bedroom,1.8,c,Good
3519048,Newmarket,York,2014,October,Studio,5.6,d,Poor (use with caution)
3519048,Newmarket,York,2014,October,Total,1.6,c,Good
3519048,Newmarket,York,2015,October,1 Bedroom,0.4,b,Very good
3519048,Newmarket,York,2015,October,2 Bedroom,0.3,b,Very good
3519048,Newmarket,York,2015,October,Total,0.5,b,Very good
3519048,Newmarket,York,2016,October,1 Bedroom,2.8,c,Good
3519048,Newmarket,York,2016,October,2 Bedroom,0.7,b,Very good
3519048,Newmarket,York,2016,October,Studio,0.0,d,Poor (use with caution)
3519048,Newmarket,York,2016,October,Total,1.6,c,Good
3519048,Newmarket,York,2017,October,1 Bedroom,2.5,b,Very good
3519048,Newmarket,York,2017,October,2 Bedroom,1.0,a,Excellent
3519048,Newmarket,York,2017,October,Studio,0.0,d,Poor (use with caution)
3519048,Newmarket,York,2017,October,Total,1.5,a,Excellent
3519048,Newmarket,York,2018,October,1 Bedroom,2.3,c,Good
3519048,Newmarket,York,2018,October,2 Bedroom,2.4,c,Good
3519048,Newmarket,York,2018,October,3 Bedroom,2.3,a,Excellent
3519048,Newmarket,York,2018,October,Studio,0.0,d,Poor (use with caution)
3519048,Newmarket,York,2018,October,Total,2.2,c,Good
3519048,Newmarket,York,2019,October,1 Bedroom,2.2,c,Good
3519048,Newmarket,York,2019,October,2 Bedroom,1.1,a,Excellent
3519048,Newmarket,York,2019,October,3 Bedroom,0.0,d,Poor (use with caution)
3519048,Newmarket,York,2019,October,Total,1.9,c,Good
3519048,Newmarket,York,2020,October,1 Bedroom,1.1,a,Excellent
3519048,Newmarket,York,2020,October,2 Bedroom,0.0,d,Poor (use with caution)
3519048,Newmarket,York,2020,October,Studio,0.0,d,Poor (use with caution)
3519048,Newmarket,York,2020,October,Total,0.6,a,Excellent
3519048,Newmarket,York,2021,October,2 Bedroom,0.0,d,Poor (use with caution)
3519048,Newmarket,York,2021,October,Studio,0.0,d,Poor (use with caution)
3519048,Newmarket,York,2021,October,Total,0.9,d,Poor (use with caution)
3519048,Newmarket,York,2022,October,1 Bedroom,0.5,b,Very good
3519048,Newmarket,York,2022,October,2 Bedroom,0.3,b,Very good
3519048,Newmarket,York,2022,October,Total,0.3,b,Very good
3519048,Newmarket,York,2024,October,1 Bedroom,3.4,d,Poor (use with caution)
3519048,Newmarket,York,2024,October,Total,2.8,c,Good
3519048,Newmarket,York,2025,October,1 Bedroom,5.0,d,Poor (use with caution)
3519070,Georgina,York,1990,October,2 Bedroom,6.4,b,Very good
3519070,Georgina,York,1990,October,Total,4.2,b,Very good
3519070,Georgina,York,1991,October,1 Bedroom,13.3,d,Poor (use with caution)
3519070,Georgina,York,1991,October,2 Bedroom,8.8,b,Very good
3519070,Georgina,York,1991,October,Total,9.1,b,Very good
3519070,Georgina,York,1992,October,1 Bedroom,0.0,d,Poor (use with caution)
3519070,Georgina,York,1993,October,1 Bedroom,4.5,d,Poor (use with caution)
3519070,Georgina,York,1993,October,2 Bedroom,6.5,c,Good
3519070,Georgina,York,1993,October,Total,6.0,c,Good
3519070,Georgina,York,1994,October,1 Bedroom,2.7,c,Good
3519070,Georgina,York,1994,October,2 Bedroom,3.7,c,Good
3519070,Georgina,York,1994,October,3 Bedroom,4.3,a,Excellent
3519070,Georgina,York,1994,October,Studio,8.7,a,Excellent
3519070,Georgina,York,1994,October,Total,3.7,b,Very good
3519070,Georgina,York,1995,October,3 Bedroom,19.9,d,Poor (use with caution)
3519070,Georgina,York,1996,October,2 Bedroom,0.0,d,Poor (use with caution)
3519070,Georgina,York,1996,October,Total,0.7,b,Very good
3519070,Georgina,York,1997,October,3 Bedroom,9.5,c,Good
3519070,Georgina,York,1997,October,Total,7.3,c,Good
3519070,Georgina,York,1998,October,Total,4.2,d,Poor (use with caution)
3519070,Georgina,York,1999,October,1 Bedroom,0.0,d,Poor (use with caution)
3519070,Georgina,York,1999,October,Total,1.6,c,Good
3519070,Georgina,York,2000,October,1 Bedroom,1.4,d,Poor (use with caution)
3519070,Georgina,York,2001,October,1 Bedroom,5.0,d,Poor (use with caution)
3519070,Georgina,York,2004,October,1 Bedroom,2.7,c,Good
3519070,Georgina,York,2004,October,2 Bedroom,5.6,c,Good
3519070,Georgina,York,2004,October,3 Bedroom,2.6,a,Excellent
3519070,Georgina,York,2004,October,Total,4.1,c,Good
3519070,Georgina,York,2005,October,1 Bedroom,0.0,d,Poor (use with caution)
3519070,Georgina,York,2005,October,3 Bedroom,0.8,a,Excellent
3519070,Georgina,York,2005,October,Total,1.2,a,Excellent
3519070,Georgina,York,2007,October,1 Bedroom,0.0,d,Poor (use with caution)
3519070,Georgina,York,2007,October,Total,0.7,b,Very good
3519070,Georgina,York,2008,October,1 Bedroom,0.0,d,Poor (use with caution)
3519070,Georgina,York,2009,October,1 Bedroom,3.2,d,Poor (use with caution)
3519070,Georgina,York,2009,October,2 Bedroom,0.6,a,Excellent
3519070,Georgina,York,2009,October,3 Bedroom,3.3,c,Good
3519070,Georgina,York,2009,October,Total,1.9,b,Very good
3519070,Georgina,York,2010,October,1 Bedroom,3.0,d,Poor (use with caution)
3519070,Georgina,York,2011,October,1 Bedroom,0.0,c,Good
3519070,Georgina,York,2011,October,2 Bedroom,0.9,a,Excellent
3519070,Georgina,York,2011,October,Total,0.5,a,Excellent
3519070,Georgina,York,2012,October,1 Bedroom,0.0,d,Poor (use with caution)
3519070,Georgina,York,2012,October,2 Bedroom,0.6,b,Very good
3519070,Georgina,York,2012,October,Total,0.9,a,Excellent
3519070,Georgina,York,2013,October,2 Bedroom,0.5,a,Excellent
3519070,Georgina,York,2013,October,Total,2.1,c,Good
3519070,Georgina,York,2014,October,1 Bedroom,0.0,d,Poor (use with caution)
3519070,Georgina,York,2014,October,2 Bedroom,0.5,b,Very good
3519070,Georgina,York,2014,October,Total,0.3,b,Very good
3519070,Georgina,York,2015,October,1 Bedroom,0.0,d,Poor (use with caution)
3519070,Georgina,York,2016,October,3 Bedroom,1.3,a,Excellent
3519070,Georgina,York,2017,October,1 Bedroom,0.0,d,Poor (use with caution)
3519070,Georgina,York,2018,October,1 Bedroom,1.4,d,Poor (use with caution)
3519070,Georgina,York,2019,October,1 Bedroom,0.0,d,Poor (use with caution)
3519070,Georgina,York,2019,October,2 Bedroom,0.0,d,Poor (use with caution)
3519070,Georgina,York,2019,October,Total,0.0,d,Poor (use with caution)
3519070,Georgina,York,2020,October,1 Bedroom,0.0,d,Poor (use with caution)
3519070,Georgina,York,2020,October,2 Bedroom,0.0,d,Poor (use with caution)
3519070,Georgina,York,2020,October,Total,0.0,d,Poor (use with caution)
3519070,Georgina,York,2022,October,Total,1.4,d,Poor (use with caution)
3519070,Georgina,York,2023,October,1 Bedroom,0.0,d,Poor (use with caution)
3519070,Georgina,York,2023,October,2 Bedroom,1.1,d,Poor (use with caution)
3519070,Georgina,York,2023,October,Total,0.8,d,Poor (use with caution)
3519070,Georgina,York,2024,October,2 Bedroom,0.0,d,Poor (use with caution)
3519070,Georgina,York,2024,October,3 Bedroom,1.1,a,Excellent
3519070,Georgina,York,2024,October,Total,0.4,b,Very good
3520005,Toronto,Toronto,1998,October,1 Bedroom,0.8,a,Excellent
3520005,Toronto,Toronto,1998,October,2 Bedroom,0.7,a,Excellent
3520005,Toronto,Toronto,1998,October,3 Bedroom,1.2,a,Excellent
3520005,Toronto,Toronto,1998,October,Studio,1.2,a,Excellent
3520005,Toronto,Toronto,1998,October,Total,0.9,a,Excellent
3520005,Toronto,Toronto,1999,October,1 Bedroom,0.8,a,Excellent
3520005,Toronto,Toronto,1999,October,2 Bedroom,0.9,a,Excellent
3520005,Toronto,Toronto,1999,October,3 Bedroom,1.5,a,Excellent
3520005,Toronto,Toronto,1999,October,Studio,0.9,a,Excellent
3520005,Toronto,Toronto,1999,October,Total,0.9,a,Excellent
3520005,Toronto,Toronto,2000,October,1 Bedroom,0.6,a,Excellent
3520005,Toronto,Toronto,2000,October,2 Bedroom,0.6,a,Excellent
3520005,Toronto,Toronto,2000,October,3 Bedroom,0.8,a,Excellent
3520005,Toronto,Toronto,2000,October,Studio,0.7,a,Excellent
3520005,Toronto,Toronto,2000,October,Total,0.6,a,Excellent
3520005,Toronto,Toronto,2001,October,1 Bedroom,0.9,a,Excellent
3520005,Toronto,Toronto,2001,October,2 Bedroom,0.7,a,Excellent
3520005,Toronto,Toronto,2001,October,3 Bedroom,0.8,a,Excellent
3520005,Toronto,Toronto,2001,October,Studio,1.2,a,Excellent
3520005,Toronto,Toronto,2001,October,Total,0.9,a,Excellent
3520005,Toronto,Toronto,2002,October,1 Bedroom,2.6,a,Excellent
3520005,Toronto,Toronto,2002,October,2 Bedroom,2.2,a,Excellent
3520005,Toronto,Toronto,2002,October,3 Bedroom,2.5,a,Excellent
3520005,Toronto,Toronto,2002,October,Studio,2.8,a,Excellent
3520005,Toronto,Toronto,2002,October,Total,2.5,a,Excellent
3520005,Toronto,Toronto,2003,October,1 Bedroom,4.0,a,Excellent
3520005,Toronto,Toronto,2003,October,2 Bedroom,3.7,a,Excellent
3520005,Toronto,Toronto,2003,October,3 Bedroom,4.0,a,Excellent
3520005,Toronto,Toronto,2003,October,Studio,4.2,b,Very good
3520005,Toronto,Toronto,2003,October,Total,3.9,a,Excellent
3520005,Toronto,Toronto,2004,October,1 Bedroom,4.3,a,Excellent
3520005,Toronto,Toronto,2004,October,2 Bedroom,4.4,a,Excellent
3520005,Toronto,Toronto,2004,October,3 Bedroom,4.5,a,Excellent
3520005,Toronto,Toronto,2004,October,Studio,4.1,a,Excellent
3520005,Toronto,Toronto,2004,October,Total,4.4,a,Excellent
3520005,Toronto,Toronto,2005,October,1 Bedroom,3.8,a,Excellent
3520005,Toronto,Toronto,2005,October,2 Bedroom,3.6,a,Excellent
3520005,Toronto,Toronto,2005,October,3 Bedroom,4.1,a,Excellent
3520005,Toronto,Toronto,2005,October,Studio,4.3,b,Very good
3520005,Toronto,Toronto,2005,October,Total,3.8,a,Excellent
3520005,Toronto,Toronto,2006,October,1 Bedroom,3.6,a,Excellent
3520005,Toronto,Toronto,2006,October,2 Bedroom,3.1,a,Excellent
3520005,Toronto,Toronto,2006,October,3 Bedroom,3.6,b,Very good
3520005,Toronto,Toronto,2006,October,Studio,3.5,a,Excellent
3520005,Toronto,Toronto,2006,October,Total,3.4,a,Excellent
3520005,Toronto,Toronto,2007,October,1 Bedroom,3.2,a,Excellent
3520005,Toronto,Toronto,2007,October,2 Bedroom,3.4,a,Excellent
3520005,Toronto,Toronto,2007,October,3 Bedroom,4.7,a,Excellent
3520005,Toronto,Toronto,2007,October,Studio,2.8,a,Excellent
3520005,Toronto,Toronto,2007,October,Total,3.4,a,Excellent
3520005,Toronto,Toronto,2008,October,1 Bedroom,2.0,a,Excellent
3520005,Toronto,Toronto,2008,October,2 Bedroom,1.9,a,Excellent
3520005,Toronto,Toronto,2008,October,3 Bedroom,2.2,a,Excellent
3520005,Toronto,Toronto,2008,October,Studio,2.1,a,Excellent
3520005,Toronto,Toronto,2008,October,Total,2.0,a,Excellent
3520005,Toronto,Toronto,2009,October,1 Bedroom,3.0,a,Excellent
3520005,Toronto,Toronto,2009,October,2 Bedroom,2.9,a,Excellent
3520005,Toronto,Toronto,2009,October,3 Bedroom,2.8,a,Excellent
3520005,Toronto,Toronto,2009,October,Studio,5.0,a,Excellent
3520005,Toronto,Toronto,2009,October,Total,3.1,a,Excellent
3520005,Toronto,Toronto,2010,October,1 Bedroom,2.4,a,Excellent
3520005,Toronto,Toronto,2010,October,2 Bedroom,2.0,a,Excellent
3520005,Toronto,Toronto,2010,October,3 Bedroom,1.8,a,Excellent
3520005,Toronto,Toronto,2010,October,Studio,2.3,a,Excellent
3520005,Toronto,Toronto,2010,October,Total,2.2,a,Excellent
3520005,Toronto,Toronto,2011,October,1 Bedroom,1.5,a,Excellent
3520005,Toronto,Toronto,2011,October,2 Bedroom,1.3,a,Excellent
3520005,Toronto,Toronto,2011,October,3 Bedroom,1.7,a,Excellent
3520005,Toronto,Toronto,2011,October,Studio,1.5,a,Excellent
3520005,Toronto,Toronto,2011,October,Total,1.4,a,Excellent
3520005,Toronto,Toronto,2012,October,1 Bedroom,1.8,a,Excellent
3520005,Toronto,Toronto,2012,October,2 Bedroom,1.7,a,Excellent
3520005,Toronto,Toronto,2012,October,3 Bedroom,1.8,a,Excellent
3520005,Toronto,Toronto,2012,October,Studio,1.5,a,Excellent
3520005,Toronto,Toronto,2012,October,Total,1.7,a,Excellent
3520005,Toronto,Toronto,2013,October,1 Bedroom,1.7,a,Excellent
3520005,Toronto,Toronto,2013,October,2 Bedroom,1.4,a,Excellent
3520005,Toronto,Toronto,2013,October,3 Bedroom,1.7,a,Excellent
3520005,Toronto,Toronto,2013,October,Studio,1.9,a,Excellent
3520005,Toronto,Toronto,2013,October,Total,1.6,a,Excellent
3520005,Toronto,Toronto,2014,October,1 Bedroom,1.8,a,Excellent
3520005,Toronto,Toronto,2014,October,2 Bedroom,1.4,a,Excellent
3520005,Toronto,Toronto,2014,October,3 Bedroom,1.3,a,Excellent
3520005,Toronto,Toronto,2014,October,Studio,1.5,a,Excellent
3520005,Toronto,Toronto,2014,October,Total,1.6,a,Excellent
3520005,Toronto,Toronto,2015,October,1 Bedroom,1.7,a,Excellent
3520005,Toronto,Toronto,2015,October,2 Bedroom,1.5,a,Excellent
3520005,Toronto,Toronto,2015,October,3 Bedroom,1.5,a,Excellent
3520005,Toronto,Toronto,2015,October,Studio,1.9,a,Excellent
3520005,Toronto,Toronto,2015,October,Total,1.6,a,Excellent
3520005,Toronto,Toronto,2016,October,1 Bedroom,1.3,a,Excellent
3520005,Toronto,Toronto,2016,October,2 Bedroom,1.2,a,Excellent
3520005,Toronto,Toronto,2016,October,3 Bedroom,1.9,a,Excellent
3520005,Toronto,Toronto,2016,October,Studio,1.5,a,Excellent
3520005,Toronto,Toronto,2016,October,Total,1.3,a,Excellent
3520005,Toronto,Toronto,2017,October,1 Bedroom,1.1,a,Excellent
3520005,Toronto,Toronto,2017,October,2 Bedroom,0.9,a,Excellent
3520005,Toronto,Toronto,2017,October,3 Bedroom,1.2,a,Excellent
3520005,Toronto,Toronto,2017,October,Studio,1.2,a,Excellent
3520005,Toronto,Toronto,2017,October,Total,1.1,a,Excellent
3520005,Toronto,Toronto,2018,October,1 Bedroom,1.2,a,Excellent
3520005,Toronto,Toronto,2018,October,2 Bedroom,0.9,a,Excellent
3520005,Toronto,Toronto,2018,October,3 Bedroom,1.0,d,Poor (use with caution)
3520005,Toronto,Toronto,2018,October,Studio,1.6,a,Excellent
3520005,Toronto,Toronto,2018,October,Total,1.1,a,Excellent
3520005,Toronto,Toronto,2019,October,1 Bedroom,1.7,a,Excellent
3520005,Toronto,Toronto,2019,October,2 Bedroom,1.3,a,Excellent
3520005,Toronto,Toronto,2019,October,3 Bedroom,0.9,a,Excellent
3520005,Toronto,Toronto,2019,October,Studio,2.1,a,Excellent
3520005,Toronto,Toronto,2019,October,Total,1.5,a,Excellent
3520005,Toronto,Toronto,2020,October,1 Bedroom,4.3,a,Excellent
3520005,Toronto,Toronto,2020,October,2 Bedroom,2.8,a,Excellent
3520005,Toronto,Toronto,2020,October,3 Bedroom,2.3,a,Excellent
3520005,Toronto,Toronto,2020,October,Studio,5.7,a,Excellent
3520005,Toronto,Toronto,2020,October,Total,3.6,a,Excellent
3520005,Toronto,Toronto,2021,October,1 Bedroom,6.1,a,Excellent
3520005,Toronto,Toronto,2021,October,2 Bedroom,3.4,a,Excellent
3520005,Toronto,Toronto,2021,October,3 Bedroom,2.3,a,Excellent
3520005,Toronto,Toronto,2021,October,Studio,8.2,b,Very good
3520005,Toronto,Toronto,2021,October,Total,4.9,a,Excellent
3520005,Toronto,Toronto,2022,October,1 Bedroom,1.9,a,Excellent
3520005,Toronto,Toronto,2022,October,2 Bedroom,1.3,a,Excellent
3520005,Toronto,Toronto,2022,October,3 Bedroom,1.2,a,Excellent
3520005,Toronto,Toronto,2022,October,Studio,2.7,a,Excellent
3520005,Toronto,Toronto,2022,October,Total,1.7,a,Excellent
3520005,Toronto,Toronto,2023,October,1 Bedroom,1.7,a,Excellent
3520005,Toronto,Toronto,2023,October,2 Bedroom,1.0,a,Excellent
3520005,Toronto,Toronto,2023,October,3 Bedroom,1.0,a,Excellent
3520005,Toronto,Toronto,2023,October,Studio,1.7,a,Excellent
3520005,Toronto,Toronto,2023,October,Total,1.4,a,Excellent
3520005,Toronto,Toronto,2024,October,1 Bedroom,2.7,a,Excellent
3520005,Toronto,Toronto,2024,October,2 Bedroom,1.7,a,Excellent
3520005,Toronto,Toronto,2024,October,3 Bedroom,1.3,a,Excellent
3520005,Toronto,Toronto,2024,October,Studio,4.5,b,Very good
3520005,Toronto,Toronto,2024,October,Total,2.3,a,Excellent
3520005,Toronto,Toronto,2025,October,1 Bedroom,3.5,a,Excellent
3520005,Toronto,Toronto,2025,October,2 Bedroom,2.1,a,Excellent
3520005,Toronto,Toronto,2025,October,3 Bedroom,1.7,b,Very good
3520005,Toronto,Toronto,2025,October,Studio,4.2,a,Excellent
3520005,Toronto,Toronto,2025,October,Total,2.8,a,Excellent
3521005,Mississauga,Peel,1990,October,1 Bedroom,2.1,a,Excellent
3521005,Mississauga,Peel,1990,October,2 Bedroom,2.3,a,Excellent
3521005,Mississauga,Peel,1990,October,3 Bedroom,3.0,a,Excellent
3521005,Mississauga,Peel,1990,October,Studio,0.0,b,Very good
3521005,Mississauga,Peel,1990,October,Total,2.3,a,Excellent
3521005,Mississauga,Peel,1991,October,1 Bedroom,1.5,a,Excellent
3521005,Mississauga,Peel,1991,October,2 Bedroom,3.7,a,Excellent
3521005,Mississauga,Peel,1991,October,3 Bedroom,2.4,a,Excellent
3521005,Mississauga,Peel,1991,October,Studio,2.4,b,Very good
3521005,Mississauga,Peel,1991,October,Total,2.8,a,Excellent
3521005,Mississauga,Peel,1992,October,1 Bedroom,2.0,a,Excellent
3521005,Mississauga,Peel,1992,October,2 Bedroom,3.6,a,Excellent
3521005,Mississauga,Peel,1992,October,3 Bedroom,3.3,a,Excellent
3521005,Mississauga,Peel,1992,October,Studio,2.6,b,Very good
3521005,Mississauga,Peel,1992,October,Total,3.0,a,Excellent
3521005,Mississauga,Peel,1993,October,1 Bedroom,2.3,a,Excellent
3521005,Mississauga,Peel,1993,October,2 Bedroom,1.9,a,Excellent
3521005,Mississauga,Peel,1993,October,3 Bedroom,2.6,a,Excellent
3521005,Mississauga,Peel,1993,October,Studio,2.9,b,Very good
3521005,Mississauga,Peel,1993,October,Total,2.2,a,Excellent
3521005,Mississauga,Peel,1994,October,1 Bedroom,1.4,a,Excellent
3521005,Mississauga,Peel,1994,October,2 Bedroom,1.3,a,Excellent
3521005,Mississauga,Peel,1994,October,3 Bedroom,1.8,a,Excellent
3521005,Mississauga,Peel,1994,October,Studio,1.2,a,Excellent
3521005,Mississauga,Peel,1994,October,Total,1.4,a,Excellent
3521005,Mississauga,Peel,1995,October,1 Bedroom,0.6,a,Excellent
3521005,Mississauga,Peel,1995,October,2 Bedroom,0.6,a,Excellent
3521005,Mississauga,Peel,1995,October,3 Bedroom,1.2,a,Excellent
3521005,Mississauga,Peel,1995,October,Studio,1.1,a,Excellent
3521005,Mississauga,Peel,1995,October,Total,0.7,a,Excellent
3521005,Mississauga,Peel,1996,October,1 Bedroom,1.4,a,Excellent
3521005,Mississauga,Peel,1996,October,2 Bedroom,1.8,a,Excellent
3521005,Mississauga,Peel,1996,October,3 Bedroom,2.0,a,Excellent
3521005,Mississauga,Peel,1996,October,Studio,2.3,a,Excellent
3521005,Mississauga,Peel,1996,October,Total,1.7,a,Excellent
3521005,Mississauga,Peel,1997,October,1 Bedroom,1.0,a,Excellent
3521005,Mississauga,Peel,1997,October,2 Bedroom,0.9,a,Excellent
3521005,Mississauga,Peel,1997,October,3 Bedroom,0.9,a,Excellent
3521005,Mississauga,Peel,1997,October,Studio,0.8,a,Excellent
3521005,Mississauga,Peel,1997,October,Total,0.9,a,Excellent
3521005,Mississauga,Peel,1998,October,1 Bedroom,0.7,a,Excellent
3521005,Mississauga,Peel,1998,October,2 Bedroom,0.6,a,Excellent
3521005,Mississauga,Peel,1998,October,3 Bedroom,0.9,a,Excellent
3521005,Mississauga,Peel,1998,October,Studio,0.7,a,Excellent
3521005,Mississauga,Peel,1998,October,Total,0.7,a,Excellent
3521005,Mississauga,Peel,1999,October,1 Bedroom,0.9,a,Excellent
3521005,Mississauga,Peel,1999,October,2 Bedroom,0.8,a,Excellent
3521005,Mississauga,Peel,1999,October,3 Bedroom,1.3,a,Excellent
3521005,Mississauga,Peel,1999,October,Studio,0.9,a,Excellent
3521005,Mississauga,Peel,1999,October,Total,0.9,a,Excellent
3521005,Mississauga,Peel,2000,October,1 Bedroom,0.5,a,Excellent
3521005,Mississauga,Peel,2000,October,2 Bedroom,0.4,a,Excellent
3521005,Mississauga,Peel,2000,October,3 Bedroom,0.6,a,Excellent
3521005,Mississauga,Peel,2000,October,Studio,0.4,a,Excellent
3521005,Mississauga,Peel,2000,October,Total,0.5,a,Excellent
3521005,Mississauga,Peel,2001,October,1 Bedroom,1.2,a,Excellent
3521005,Mississauga,Peel,2001,October,2 Bedroom,1.0,a,Excellent
3521005,Mississauga,Peel,2001,October,3 Bedroom,1.1,a,Excellent
3521005,Mississauga,Peel,2001,October,Studio,0.3,a,Excellent
3521005,Mississauga,Peel,2001,October,Total,1.0,a,Excellent
3521005,Mississauga,Peel,2002,October,1 Bedroom,3.7,b,Very good
3521005,Mississauga,Peel,2002,October,2 Bedroom,3.3,a,Excellent
3521005,Mississauga,Peel,2002,October,3 Bedroom,2.4,a,Excellent
3521005,Mississauga,Peel,2002,October,Studio,3.5,b,Very good
3521005,Mississauga,Peel,2002,October,Total,3.3,a,Excellent
3521005,Mississauga,Peel,2003,October,1 Bedroom,4.4,b,Very good
3521005,Mississauga,Peel,2003,October,2 Bedroom,4.4,b,Very good
3521005,Mississauga,Peel,2003,October,3 Bedroom,3.7,c,Good
3521005,Mississauga,Peel,2003,October,Studio,3.1,d,Poor (use with caution)
3521005,Mississauga,Peel,2003,October,Total,4.2,a,Excellent
3521005,Mississauga,Peel,2004,October,1 Bedroom,5.0,a,Excellent
3521005,Mississauga,Peel,2004,October,2 Bedroom,5.6,a,Excellent
3521005,Mississauga,Peel,2004,October,3 Bedroom,4.3,a,Excellent
3521005,Mississauga,Peel,2004,October,Studio,3.4,c,Good
3521005,Mississauga,Peel,2004,October,Total,5.1,a,Excellent
3521005,Mississauga,Peel,2005,October,1 Bedroom,4.4,b,Very good
3521005,Mississauga,Peel,2005,October,2 Bedroom,4.4,a,Excellent
3521005,Mississauga,Peel,2005,October,3 Bedroom,5.1,a,Excellent
3521005,Mississauga,Peel,2005,October,Studio,4.0,c,Good
3521005,Mississauga,Peel,2005,October,Total,4.5,a,Excellent
3521005,Mississauga,Peel,2006,October,1 Bedroom,3.3,b,Very good
3521005,Mississauga,Peel,2006,October,2 Bedroom,2.6,a,Excellent
3521005,Mississauga,Peel,2006,October,3 Bedroom,2.4,a,Excellent
3521005,Mississauga,Peel,2006,October,Studio,2.7,c,Good
3521005,Mississauga,Peel,2006,October,Total,2.8,a,Excellent
3521005,Mississauga,Peel,2007,October,1 Bedroom,2.7,a,Excellent
3521005,Mississauga,Peel,2007,October,2 Bedroom,2.7,a,Excellent
3521005,Mississauga,Peel,2007,October,3 Bedroom,3.3,b,Very good
3521005,Mississauga,Peel,2007,October,Studio,2.6,c,Good
3521005,Mississauga,Peel,2007,October,Total,2.8,a,Excellent
3521005,Mississauga,Peel,2008,October,1 Bedroom,2.4,a,Excellent
3521005,Mississauga,Peel,2008,October,2 Bedroom,1.9,a,Excellent
3521005,Mississauga,Peel,2008,October,3 Bedroom,2.0,a,Excellent
3521005,Mississauga,Peel,2008,October,Studio,3.0,c,Good
3521005,Mississauga,Peel,2008,October,Total,2.1,a,Excellent
3521005,Mississauga,Peel,2009,October,1 Bedroom,3.4,a,Excellent
3521005,Mississauga,Peel,2009,October,2 Bedroom,2.8,a,Excellent
3521005,Mississauga,Peel,2009,October,3 Bedroom,2.5,a,Excellent
3521005,Mississauga,Peel,2009,October,Studio,3.1,d,Poor (use with caution)
3521005,Mississauga,Peel,2009,October,Total,3.0,a,Excellent
3521005,Mississauga,Peel,2010,October,1 Bedroom,2.1,a,Excellent
3521005,Mississauga,Peel,2010,October,2 Bedroom,1.6,a,Excellent
3521005,Mississauga,Peel,2010,October,3 Bedroom,1.3,a,Excellent
3521005,Mississauga,Peel,2010,October,Studio,1.6,c,Good
3521005,Mississauga,Peel,2010,October,Total,1.8,a,Excellent
3521005,Mississauga,Peel,2011,October,1 Bedroom,1.0,a,Excellent
3521005,Mississauga,Peel,2011,October,2 Bedroom,1.4,a,Excellent
3521005,Mississauga,Peel,2011,October,3 Bedroom,1.5,a,Excellent
3521005,Mississauga,Peel,2011,October,Studio,3.9,c,Good
3521005,Mississauga,Peel,2011,October,Total,1.4,a,Excellent
3521005,Mississauga,Peel,2012,October,1 Bedroom,1.7,a,Excellent
3521005,Mississauga,Peel,2012,October,2 Bedroom,1.9,a,Excellent
3521005,Mississauga,Peel,2012,October,3 Bedroom,1.4,a,Excellent
3521005,Mississauga,Peel,2012,October,Studio,2.2,c,Good
3521005,Mississauga,Peel,2012,October,Total,1.7,a,Excellent
3521005,Mississauga,Peel,2013,October,1 Bedroom,2.3,a,Excellent
3521005,Mississauga,Peel,2013,October,2 Bedroom,2.2,a,Excellent
3521005,Mississauga,Peel,2013,October,3 Bedroom,2.3,a,Excellent
3521005,Mississauga,Peel,2013,October,Studio,2.6,c,Good
3521005,Mississauga,Peel,2013,October,Total,2.3,a,Excellent
3521005,Mississauga,Peel,2014,October,1 Bedroom,1.5,a,Excellent
3521005,Mississauga,Peel,2014,October,2 Bedroom,1.6,a,Excellent
3521005,Mississauga,Peel,2014,October,3 Bedroom,2.8,a,Excellent
3521005,Mississauga,Peel,2014,October,Studio,2.7,c,Good
3521005,Mississauga,Peel,2014,October,Total,1.8,a,Excellent
3521005,Mississauga,Peel,2015,October,1 Bedroom,1.5,a,Excellent
3521005,Mississauga,Peel,2015,October,2 Bedroom,1.8,a,Excellent
3521005,Mississauga,Peel,2015,October,3 Bedroom,1.2,a,Excellent
3521005,Mississauga,Peel,2015,October,Studio,2.9,c,Good
3521005,Mississauga,Peel,2015,October,Total,1.6,a,Excellent
3521005,Mississauga,Peel,2016,October,1 Bedroom,1.4,a,Excellent
3521005,Mississauga,Peel,2016,October,2 Bedroom,1.5,a,Excellent
3521005,Mississauga,Peel,2016,October,3 Bedroom,1.6,a,Excellent
3521005,Mississauga,Peel,2016,October,Studio,0.7,a,Excellent
3521005,Mississauga,Peel,2016,October,Total,1.4,a,Excellent
3521005,Mississauga,Peel,2017,October,1 Bedroom,0.8,a,Excellent
3521005,Mississauga,Peel,2017,October,2 Bedroom,0.9,a,Excellent
3521005,Mississauga,Peel,2017,October,3 Bedroom,1.1,a,Excellent
3521005,Mississauga,Peel,2017,October,Studio,2.3,c,Good
3521005,Mississauga,Peel,2017,October,Total,0.9,a,Excellent
3521005,Mississauga,Peel,2018,October,1 Bedroom,0.7,a,Excellent
3521005,Mississauga,Peel,2018,October,2 Bedroom,0.8,a,Excellent
3521005,Mississauga,Peel,2018,October,3 Bedroom,0.7,a,Excellent
3521005,Mississauga,Peel,2018,October,Studio,0.6,b,Very good
3521005,Mississauga,Peel,2018,October,Total,0.8,a,Excellent
3521005,Mississauga,Peel,2019,October,1 Bedroom,1.2,a,Excellent
3521005,Mississauga,Peel,2019,October,2 Bedroom,1.2,a,Excellent
3521005,Mississauga,Peel,2019,October,3 Bedroom,1.2,a,Excellent
3521005,Mississauga,Peel,2019,October,Studio,2.1,c,Good
3521005,Mississauga,Peel,2019,October,Total,1.2,a,Excellent
3521005,Mississauga,Peel,2020,October,1 Bedroom,3.1,a,Excellent
3521005,Mississauga,Peel,2020,October,2 Bedroom,2.0,a,Excellent
3521005,Mississauga,Peel,2020,October,3 Bedroom,1.7,a,Excellent
3521005,Mississauga,Peel,2020,October,Studio,2.9,c,Good
3521005,Mississauga,Peel,2020,October,Total,2.4,a,Excellent
3521005,Mississauga,Peel,2021,October,1 Bedroom,4.6,b,Very good
3521005,Mississauga,Peel,2021,October,2 Bedroom,3.2,a,Excellent
3521005,Mississauga,Peel,2021,October,3 Bedroom,2.2,a,Excellent
3521005,Mississauga,Peel,2021,October,Studio,2.7,c,Good
3521005,Mississauga,Peel,2021,October,Total,3.5,a,Excellent
3521005,Mississauga,Peel,2022,October,1 Bedroom,1.7,a,Excellent
3521005,Mississauga,Peel,2022,October,2 Bedroom,1.4,a,Excellent
3521005,Mississauga,Peel,2022,October,3 Bedroom,1.2,a,Excellent
3521005,Mississauga,Peel,2022,October,Studio,1.2,a,Excellent
3521005,Mississauga,Peel,2022,October,Total,1.5,a,Excellent
3521005,Mississauga,Peel,2023,October,1 Bedroom,1.9,a,Excellent
3521005,Mississauga,Peel,2023,October,2 Bedroom,1.6,a,Excellent
3521005,Mississauga,Peel,2023,October,Total,1.8,a,Excellent
3521005,Mississauga,Peel,2024,October,1 Bedroom,5.9,c,Good
3521005,Mississauga,Peel,2024,October,2 Bedroom,3.2,b,Very good
3521005,Mississauga,Peel,2024,October,3 Bedroom,1.1,a,Excellent
3521005,Mississauga,Peel,2024,October,Studio,1.4,a,Excellent
3521005,Mississauga,Peel,2024,October,Total,3.9,b,Very good
3521005,Mississauga,Peel,2025,October,1 Bedroom,4.6,b,Very good
3521005,Mississauga,Peel,2025,October,2 Bedroom,3.4,b,Very good
3521005,Mississauga,Peel,2025,October,3 Bedroom,2.5,a,Excellent
3521005,Mississauga,Peel,2025,October,Studio,5.8,d,Poor (use with caution)
3521005,Mississauga,Peel,2025,October,Total,3.8,a,Excellent
3521010,Brampton,Peel,1990,October,1 Bedroom,1.1,a,Excellent
3521010,Brampton,Peel,1990,October,2 Bedroom,1.1,a,Excellent
3521010,Brampton,Peel,1990,October,3 Bedroom,1.5,a,Excellent
3521010,Brampton,Peel,1990,October,Studio,0.0,b,Very good
3521010,Brampton,Peel,1990,October,Total,1.1,a,Excellent
3521010,Brampton,Peel,1991,October,1 Bedroom,5.3,a,Excellent
3521010,Brampton,Peel,1991,October,2 Bedroom,3.4,c,Good
3521010,Brampton,Peel,1991,October,3 Bedroom,3.1,a,Excellent
3521010,Brampton,Peel,1991,October,Studio,1.9,b,Very good
3521010,Brampton,Peel,1991,October,Total,3.9,a,Excellent
3521010,Brampton,Peel,1992,October,1 Bedroom,3.3,a,Excellent
3521010,Brampton,Peel,1992,October,2 Bedroom,4.4,a,Excellent
3521010,Brampton,Peel,1992,October,3 Bedroom,2.6,a,Excellent
3521010,Brampton,Peel,1992,October,Studio,7.8,c,Good
3521010,Brampton,Peel,1992,October,Total,3.8,a,Excellent
3521010,Brampton,Peel,1993,October,1 Bedroom,0.8,a,Excellent
3521010,Brampton,Peel,1993,October,2 Bedroom,1.5,a,Excellent
3521010,Brampton,Peel,1993,October,3 Bedroom,2.2,a,Excellent
3521010,Brampton,Peel,1993,October,Studio,3.4,d,Poor (use with caution)
3521010,Brampton,Peel,1993,October,Total,1.4,a,Excellent
3521010,Brampton,Peel,1994,October,1 Bedroom,0.8,a,Excellent
3521010,Brampton,Peel,1994,October,2 Bedroom,1.3,a,Excellent
3521010,Brampton,Peel,1994,October,3 Bedroom,1.4,a,Excellent
3521010,Brampton,Peel,1994,October,Studio,2.5,b,Very good
3521010,Brampton,Peel,1994,October,Total,1.2,a,Excellent
3521010,Brampton,Peel,1995,October,1 Bedroom,1.0,a,Excellent
3521010,Brampton,Peel,1995,October,2 Bedroom,1.1,a,Excellent
3521010,Brampton,Peel,1995,October,3 Bedroom,1.1,a,Excellent
3521010,Brampton,Peel,1995,October,Studio,0.4,b,Very good
3521010,Brampton,Peel,1995,October,Total,1.0,a,Excellent
3521010,Brampton,Peel,1996,October,1 Bedroom,0.8,a,Excellent
3521010,Brampton,Peel,1996,October,2 Bedroom,1.9,a,Excellent
3521010,Brampton,Peel,1996,October,3 Bedroom,1.8,a,Excellent
3521010,Brampton,Peel,1996,October,Studio,0.6,b,Very good
3521010,Brampton,Peel,1996,October,Total,1.6,a,Excellent
3521010,Brampton,Peel,1997,October,1 Bedroom,0.3,a,Excellent
3521010,Brampton,Peel,1997,October,2 Bedroom,1.2,a,Excellent
3521010,Brampton,Peel,1997,October,3 Bedroom,0.8,a,Excellent
3521010,Brampton,Peel,1997,October,Studio,0.9,a,Excellent
3521010,Brampton,Peel,1997,October,Total,0.9,a,Excellent
3521010,Brampton,Peel,1998,October,1 Bedroom,0.4,a,Excellent
3521010,Brampton,Peel,1998,October,2 Bedroom,0.3,a,Excellent
3521010,Brampton,Peel,1998,October,3 Bedroom,0.6,a,Excellent
3521010,Brampton,Peel,1998,October,Studio,0.7,a,Excellent
3521010,Brampton,Peel,1998,October,Total,0.4,a,Excellent
3521010,Brampton,Peel,1999,October,1 Bedroom,0.6,a,Excellent
3521010,Brampton,Peel,1999,October,2 Bedroom,0.8,a,Excellent
3521010,Brampton,Peel,1999,October,3 Bedroom,0.4,a,Excellent
3521010,Brampton,Peel,1999,October,Studio,0.5,a,Excellent
3521010,Brampton,Peel,1999,October,Total,0.7,a,Excellent
3521010,Brampton,Peel,2000,October,1 Bedroom,0.8,a,Excellent
3521010,Brampton,Peel,2000,October,2 Bedroom,0.7,a,Excellent
3521010,Brampton,Peel,2000,October,3 Bedroom,0.4,a,Excellent
3521010,Brampton,Peel,2000,October,Studio,0.5,b,Very good
3521010,Brampton,Peel,2000,October,Total,0.7,a,Excellent
3521010,Brampton,Peel,2001,October,1 Bedroom,1.0,a,Excellent
3521010,Brampton,Peel,2001,October,2 Bedroom,0.8,a,Excellent
3521010,Brampton,Peel,2001,October,3 Bedroom,0.5,a,Excellent
3521010,Brampton,Peel,2001,October,Studio,4.2,d,Poor (use with caution)
3521010,Brampton,Peel,2001,October,Total,0.9,a,Excellent
3521010,Brampton,Peel,2002,October,1 Bedroom,2.5,a,Excellent
3521010,Brampton,Peel,2002,October,2 Bedroom,3.3,b,Very good
3521010,Brampton,Peel,2002,October,3 Bedroom,5.2,d,Poor (use with caution)
3521010,Brampton,Peel,2002,October,Studio,3.4,d,Poor (use with caution)
3521010,Brampton,Peel,2002,October,Total,3.3,b,Very good
3521010,Brampton,Peel,2003,October,1 Bedroom,2.5,b,Very good
3521010,Brampton,Peel,2003,October,2 Bedroom,3.1,c,Good
3521010,Brampton,Peel,2003,October,3 Bedroom,2.2,c,Good
3521010,Brampton,Peel,2003,October,Studio,2.8,c,Good
3521010,Brampton,Peel,2003,October,Total,2.8,a,Excellent
3521010,Brampton,Peel,2004,October,1 Bedroom,3.6,b,Very good
3521010,Brampton,Peel,2004,October,2 Bedroom,5.0,a,Excellent
3521010,Brampton,Peel,2004,October,3 Bedroom,3.3,a,Excellent
3521010,Brampton,Peel,2004,October,Studio,5.1,b,Very good
3521010,Brampton,Peel,2004,October,Total,4.3,a,Excellent
3521010,Brampton,Peel,2005,October,1 Bedroom,3.2,b,Very good
3521010,Brampton,Peel,2005,October,2 Bedroom,2.4,a,Excellent
3521010,Brampton,Peel,2005,October,3 Bedroom,5.3,b,Very good
3521010,Brampton,Peel,2005,October,Studio,5.1,c,Good
3521010,Brampton,Peel,2005,October,Total,3.2,a,Excellent
3521010,Brampton,Peel,2006,October,1 Bedroom,2.3,a,Excellent
3521010,Brampton,Peel,2006,October,2 Bedroom,2.7,a,Excellent
3521010,Brampton,Peel,2006,October,3 Bedroom,2.7,b,Very good
3521010,Brampton,Peel,2006,October,Studio,4.7,d,Poor (use with caution)
3521010,Brampton,Peel,2006,October,Total,2.6,a,Excellent
3521010,Brampton,Peel,2007,October,1 Bedroom,1.8,a,Excellent
3521010,Brampton,Peel,2007,October,2 Bedroom,1.9,a,Excellent
3521010,Brampton,Peel,2007,October,3 Bedroom,3.9,c,Good
3521010,Brampton,Peel,2007,October,Studio,1.2,d,Poor (use with caution)
3521010,Brampton,Peel,2007,October,Total,2.1,a,Excellent
3521010,Brampton,Peel,2008,October,1 Bedroom,4.4,b,Very good
3521010,Brampton,Peel,2008,October,2 Bedroom,2.0,a,Excellent
3521010,Brampton,Peel,2008,October,3 Bedroom,4.3,b,Very good
3521010,Brampton,Peel,2008,October,Studio,3.0,d,Poor (use with caution)
3521010,Brampton,Peel,2008,October,Total,3.2,a,Excellent
3521010,Brampton,Peel,2009,October,1 Bedroom,2.7,a,Excellent
3521010,Brampton,Peel,2009,October,2 Bedroom,3.5,b,Very good
3521010,Brampton,Peel,2009,October,3 Bedroom,5.4,b,Very good
3521010,Brampton,Peel,2009,October,Studio,9.1,b,Very good
3521010,Brampton,Peel,2009,October,Total,3.7,a,Excellent
3521010,Brampton,Peel,2010,October,1 Bedroom,2.2,a,Excellent
3521010,Brampton,Peel,2010,October,2 Bedroom,1.5,a,Excellent
3521010,Brampton,Peel,2010,October,3 Bedroom,2.5,b,Very good
3521010,Brampton,Peel,2010,October,Studio,4.3,c,Good
3521010,Brampton,Peel,2010,October,Total,2.0,a,Excellent
3521010,Brampton,Peel,2011,October,1 Bedroom,1.9,a,Excellent
3521010,Brampton,Peel,2011,October,2 Bedroom,0.9,a,Excellent
3521010,Brampton,Peel,2011,October,3 Bedroom,2.2,a,Excellent
3521010,Brampton,Peel,2011,October,Studio,3.0,d,Poor (use with caution)
3521010,Brampton,Peel,2011,October,Total,1.5,a,Excellent
3521010,Brampton,Peel,2012,October,1 Bedroom,2.4,a,Excellent
3521010,Brampton,Peel,2012,October,2 Bedroom,1.5,a,Excellent
3521010,Brampton,Peel,2012,October,3 Bedroom,3.3,d,Poor (use with caution)
3521010,Brampton,Peel,2012,October,Studio,8.3,c,Good
3521010,Brampton,Peel,2012,October,Total,2.2,a,Excellent
3521010,Brampton,Peel,2013,October,1 Bedroom,2.5,a,Excellent
3521010,Brampton,Peel,2013,October,2 Bedroom,2.0,a,Excellent
3521010,Brampton,Peel,2013,October,3 Bedroom,3.8,c,Good
3521010,Brampton,Peel,2013,October,Studio,4.9,d,Poor (use with caution)
3521010,Brampton,Peel,2013,October,Total,2.5,a,Excellent
3521010,Brampton,Peel,2014,October,1 Bedroom,1.4,a,Excellent
3521010,Brampton,Peel,2014,October,2 Bedroom,1.9,b,Very good
3521010,Brampton,Peel,2014,October,3 Bedroom,1.7,c,Good
3521010,Brampton,Peel,2014,October,Studio,5.8,d,Poor (use with caution)
3521010,Brampton,Peel,2014,October,Total,1.8,b,Very good
3521010,Brampton,Peel,2015,October,1 Bedroom,1.4,a,Excellent
3521010,Brampton,Peel,2015,October,2 Bedroom,0.9,a,Excellent
3521010,Brampton,Peel,2015,October,3 Bedroom,1.7,c,Good
3521010,Brampton,Peel,2015,October,Studio,4.8,d,Poor (use with caution)
3521010,Brampton,Peel,2015,October,Total,1.2,a,Excellent
3521010,Brampton,Peel,2016,October,1 Bedroom,1.2,a,Excellent
3521010,Brampton,Peel,2016,October,2 Bedroom,1.2,a,Excellent
3521010,Brampton,Peel,2016,October,3 Bedroom,1.4,a,Excellent
3521010,Brampton,Peel,2016,October,Studio,2.3,c,Good
3521010,Brampton,Peel,2016,October,Total,1.2,a,Excellent
3521010,Brampton,Peel,2017,October,1 Bedroom,1.3,a,Excellent
3521010,Brampton,Peel,2017,October,2 Bedroom,1.3,a,Excellent
3521010,Brampton,Peel,2017,October,3 Bedroom,1.2,a,Excellent
3521010,Brampton,Peel,2017,October,Studio,0.0,c,Good
3521010,Brampton,Peel,2017,October,Total,1.3,a,Excellent
3521010,Brampton,Peel,2018,October,1 Bedroom,1.2,a,Excellent
3521010,Brampton,Peel,2018,October,2 Bedroom,1.2,a,Excellent
3521010,Brampton,Peel,2018,October,3 Bedroom,0.8,a,Excellent
3521010,Brampton,Peel,2018,October,Studio,0.0,c,Good
3521010,Brampton,Peel,2018,October,Total,1.1,a,Excellent
3521010,Brampton,Peel,2019,October,1 Bedroom,1.0,a,Excellent
3521010,Brampton,Peel,2019,October,2 Bedroom,1.3,a,Excellent
3521010,Brampton,Peel,2019,October,3 Bedroom,1.5,a,Excellent
3521010,Brampton,Peel,2019,October,Total,1.3,a,Excellent
3521010,Brampton,Peel,2020,October,1 Bedroom,2.8,a,Excellent
3521010,Brampton,Peel,2020,October,2 Bedroom,2.4,a,Excellent
3521010,Brampton,Peel,2020,October,3 Bedroom,1.2,a,Excellent
3521010,Brampton,Peel,2020,October,Total,2.4,a,Excellent
3521010,Brampton,Peel,2021,October,1 Bedroom,2.9,a,Excellent
3521010,Brampton,Peel,2021,October,2 Bedroom,3.2,b,Very good
3521010,Brampton,Peel,2021,October,3 Bedroom,3.2,c,Good
3521010,Brampton,Peel,2021,October,Studio,0.9,d,Poor (use with caution)
3521010,Brampton,Peel,2021,October,Total,3.0,b,Very good
3521010,Brampton,Peel,2022,October,1 Bedroom,1.6,a,Excellent
3521010,Brampton,Peel,2022,October,2 Bedroom,1.8,a,Excellent
3521010,Brampton,Peel,2022,October,3 Bedroom,1.2,a,Excellent
3521010,Brampton,Peel,2022,October,Total,1.6,a,Excellent
3521010,Brampton,Peel,2023,October,1 Bedroom,1.4,a,Excellent
3521010,Brampton,Peel,2023,October,2 Bedroom,2.1,b,Very good
3521010,Brampton,Peel,2023,October,3 Bedroom,1.2,a,Excellent
3521010,Brampton,Peel,2023,October,Total,1.7,b,Very good
3521010,Brampton,Peel,2024,October,1 Bedroom,2.7,a,Excellent
3521010,Brampton,Peel,2024,October,2 Bedroom,3.3,c,Good
3521010,Brampton,Peel,2024,October,3 Bedroom,0.9,a,Excellent
3521010,Brampton,Peel,2024,October,Total,2.8,a,Excellent
3521010,Brampton,Peel,2025,October,1 Bedroom,4.8,b,Very good
3521010,Brampton,Peel,2025,October,2 Bedroom,4.6,b,Very good
3521010,Brampton,Peel,2025,October,3 Bedroom,1.6,a,Excellent
3521010,Brampton,Peel,2025,October,Studio,4.3,d,Poor (use with caution)
3521010,Brampton,Peel,2025,October,Total,4.3,b,Very good
3521024,Caledon,Peel,1991,October,2 Bedroom,3.1,c,Good
3521024,Caledon,Peel,1991,October,Total,1.6,c,Good
3521024,Caledon,Peel,1992,October,Total,4.2,a,Excellent
3521024,Caledon,Peel,1993,October,Total,3.6,d,Poor (use with caution)
3521024,Caledon,Peel,1994,October,2 Bedroom,8.0,c,Good
3521024,Caledon,Peel,1995,October,1 Bedroom,4.3,a,Excellent
3521024,Caledon,Peel,1995,October,2 Bedroom,5.1,a,Excellent
3521024,Caledon,Peel,1995,October,Total,3.8,a,Excellent
3521024,Caledon,Peel,1996,October,2 Bedroom,5.0,d,Poor (use with caution)
3521024,Caledon,Peel,1998,October,2 Bedroom,3.3,b,Very good
3521024,Caledon,Peel,1998,October,Total,1.7,a,Excellent
3521024,Caledon,Peel,1999,October,2 Bedroom,5.7,b,Very good
3521024,Caledon,Peel,1999,October,Total,5.1,a,Excellent
3521024,Caledon,Peel,2004,October,2 Bedroom,5.0,c,Good
3521024,Caledon,Peel,2004,October,Total,5.8,d,Poor (use with caution)
3521024,Caledon,Peel,2006,October,2 Bedroom,3.0,d,Poor (use with caution)
3521024,Caledon,Peel,2006,October,Total,3.6,d,Poor (use with caution)
3521024,Caledon,Peel,2007,October,1 Bedroom,0.0,a,Excellent
3521024,Caledon,Peel,2007,October,2 Bedroom,0.0,a,Excellent
3521024,Caledon,Peel,2007,October,Total,0.0,a,Excellent
3521024,Caledon,Peel,2011,October,1 Bedroom,21.9,a,Excellent
3521024,Caledon,Peel,2011,October,Total,7.9,b,Very good
3521024,Caledon,Peel,2012,October,2 Bedroom,2.2,c,Good
3521024,Caledon,Peel,2012,October,Total,1.2,d,Poor (use with caution)
3521024,Caledon,Peel,2014,October,1 Bedroom,3.8,a,Excellent
3521024,Caledon,Peel,2014,October,Total,1.3,a,Excellent
3521024,Caledon,Peel,2023,October,Total,6.3,a,Excellent
3524001,Oakville,Halton,1990,October,1 Bedroom,0.2,a,Excellent
3524001,Oakville,Halton,1990,October,2 Bedroom,0.7,a,Excellent
3524001,Oakville,Halton,1990,October,3 Bedroom,1.2,a,Excellent
3524001,Oakville,Halton,1990,October,Total,0.7,a,Excellent
3524001,Oakville,Halton,1991,October,1 Bedroom,1.0,a,Excellent
3524001,Oakville,Halton,1991,October,2 Bedroom,1.1,a,Excellent
3524001,Oakville,Halton,1991,October,3 Bedroom,0.6,a,Excellent
3524001,Oakville,Halton,1991,October,Studio,0.9,a,Excellent
3524001,Oakville,Halton,1991,October,Total,1.0,a,Excellent
3524001,Oakville,Halton,1992,October,1 Bedroom,2.7,b,Very good
3524001,Oakville,Halton,1992,October,2 Bedroom,1.7,b,Very good
3524001,Oakville,Halton,1992,October,3 Bedroom,1.7,a,Excellent
3524001,Oakville,Halton,1992,October,Total,2.0,a,Excellent
3524001,Oakville,Halton,1993,October,1 Bedroom,0.4,a,Excellent
3524001,Oakville,Halton,1993,October,2 Bedroom,1.7,a,Excellent
3524001,Oakville,Halton,1993,October,3 Bedroom,1.5,a,Excellent
3524001,Oakville,Halton,1993,October,Studio,1.5,a,Excellent
3524001,Oakville,Halton,1993,October,Total,1.3,a,Excellent
3524001,Oakville,Halton,1994,October,1 Bedroom,0.8,a,Excellent
3524001,Oakville,Halton,1994,October,2 Bedroom,0.8,a,Excellent
3524001,Oakville,Halton,1994,October,3 Bedroom,0.1,a,Excellent
3524001,Oakville,Halton,1994,October,Studio,2.1,c,Good
3524001,Oakville,Halton,1994,October,Total,0.8,a,Excellent
3524001,Oakville,Halton,1995,October,1 Bedroom,0.6,a,Excellent
3524001,Oakville,Halton,1995,October,2 Bedroom,0.4,a,Excellent
3524001,Oakville,Halton,1995,October,3 Bedroom,0.3,a,Excellent
3524001,Oakville,Halton,1995,October,Studio,1.3,a,Excellent
3524001,Oakville,Halton,1995,October,Total,0.4,a,Excellent
3524001,Oakville,Halton,1996,October,1 Bedroom,0.4,a,Excellent
3524001,Oakville,Halton,1996,October,2 Bedroom,0.7,a,Excellent
3524001,Oakville,Halton,1996,October,3 Bedroom,0.6,a,Excellent
3524001,Oakville,Halton,1996,October,Total,0.6,a,Excellent
3524001,Oakville,Halton,1997,October,1 Bedroom,0.3,a,Excellent
3524001,Oakville,Halton,1997,October,2 Bedroom,0.5,a,Excellent
3524001,Oakville,Halton,1997,October,3 Bedroom,0.3,a,Excellent
3524001,Oakville,Halton,1997,October,Studio,0.6,a,Excellent
3524001,Oakville,Halton,1997,October,Total,0.4,a,Excellent
3524001,Oakville,Halton,1998,October,1 Bedroom,0.8,a,Excellent
3524001,Oakville,Halton,1998,October,2 Bedroom,0.9,a,Excellent
3524001,Oakville,Halton,1998,October,3 Bedroom,0.3,a,Excellent
3524001,Oakville,Halton,1998,October,Studio,3.3,c,Good
3524001,Oakville,Halton,1998,October,Total,0.9,a,Excellent
3524001,Oakville,Halton,1999,October,1 Bedroom,0.8,a,Excellent
3524001,Oakville,Halton,1999,October,2 Bedroom,0.9,a,Excellent
3524001,Oakville,Halton,1999,October,3 Bedroom,0.3,b,Very good
3524001,Oakville,Halton,1999,October,Studio,1.3,a,Excellent
3524001,Oakville,Halton,1999,October,Total,0.8,a,Excellent
3524001,Oakville,Halton,2000,October,1 Bedroom,0.4,a,Excellent
3524001,Oakville,Halton,2000,October,2 Bedroom,0.4,a,Excellent
3524001,Oakville,Halton,2000,October,3 Bedroom,0.3,a,Excellent
3524001,Oakville,Halton,2000,October,Studio,0.0,b,Very good
3524001,Oakville,Halton,2000,October,Total,0.4,a,Excellent
3524001,Oakville,Halton,2001,October,1 Bedroom,1.5,a,Excellent
3524001,Oakville,Halton,2001,October,2 Bedroom,1.6,a,Excellent
3524001,Oakville,Halton,2001,October,3 Bedroom,0.6,a,Excellent
3524001,Oakville,Halton,2001,October,Studio,3.4,d,Poor (use with caution)
3524001,Oakville,Halton,2001,October,Total,1.5,a,Excellent
3524001,Oakville,Halton,2002,October,1 Bedroom,2.2,a,Excellent
3524001,Oakville,Halton,2002,October,2 Bedroom,2.4,a,Excellent
3524001,Oakville,Halton,2002,October,3 Bedroom,0.9,a,Excellent
3524001,Oakville,Halton,2002,October,Studio,3.6,c,Good
3524001,Oakville,Halton,2002,October,Total,2.2,a,Excellent
3524001,Oakville,Halton,2003,October,1 Bedroom,2.8,a,Excellent
3524001,Oakville,Halton,2003,October,2 Bedroom,2.5,a,Excellent
3524001,Oakville,Halton,2003,October,3 Bedroom,1.9,a,Excellent
3524001,Oakville,Halton,2003,October,Total,2.5,a,Excellent
3524001,Oakville,Halton,2004,October,1 Bedroom,3.8,d,Poor (use with caution)
3524001,Oakville,Halton,2004,October,2 Bedroom,3.0,b,Very good
3524001,Oakville,Halton,2004,October,Total,3.3,c,Good
3524001,Oakville,Halton,2005,October,1 Bedroom,1.5,b,Very good
3524001,Oakville,Halton,2005,October,2 Bedroom,2.0,a,Excellent
3524001,Oakville,Halton,2005,October,3 Bedroom,1.1,a,Excellent
3524001,Oakville,Halton,2005,October,Total,1.9,a,Excellent
3524001,Oakville,Halton,2006,October,1 Bedroom,1.8,c,Good
3524001,Oakville,Halton,2006,October,2 Bedroom,0.8,a,Excellent
3524001,Oakville,Halton,2006,October,3 Bedroom,1.1,a,Excellent
3524001,Oakville,Halton,2006,October,Studio,0.0,c,Good
3524001,Oakville,Halton,2006,October,Total,1.1,a,Excellent
3524001,Oakville,Halton,2007,October,1 Bedroom,1.3,a,Excellent
3524001,Oakville,Halton,2007,October,2 Bedroom,3.0,a,Excellent
3524001,Oakville,Halton,2007,October,3 Bedroom,2.0,c,Good
3524001,Oakville,Halton,2007,October,Studio,1.4,a,Excellent
3524001,Oakville,Halton,2007,October,Total,2.3,a,Excellent
3524001,Oakville,Halton,2008,October,1 Bedroom,1.0,a,Excellent
3524001,Oakville,Halton,2008,October,2 Bedroom,1.0,a,Excellent
3524001,Oakville,Halton,2008,October,3 Bedroom,0.0,c,Good
3524001,Oakville,Halton,2008,October,Studio,5.9,d,Poor (use with caution)
3524001,Oakville,Halton,2008,October,Total,1.0,a,Excellent
3524001,Oakville,Halton,2009,October,1 Bedroom,1.4,a,Excellent
3524001,Oakville,Halton,2009,October,2 Bedroom,2.3,a,Excellent
3524001,Oakville,Halton,2009,October,3 Bedroom,3.1,c,Good
3524001,Oakville,Halton,2009,October,Studio,3.6,d,Poor (use with caution)
3524001,Oakville,Halton,2009,October,Total,2.2,a,Excellent
3524001,Oakville,Halton,2010,October,1 Bedroom,0.6,a,Excellent
3524001,Oakville,Halton,2010,October,2 Bedroom,2.3,a,Excellent
3524001,Oakville,Halton,2010,October,3 Bedroom,0.0,d,Poor (use with caution)
3524001,Oakville,Halton,2010,October,Total,1.6,a,Excellent
3524001,Oakville,Halton,2011,October,1 Bedroom,1.0,a,Excellent
3524001,Oakville,Halton,2011,October,2 Bedroom,1.3,a,Excellent
3524001,Oakville,Halton,2011,October,3 Bedroom,0.4,b,Very good
3524001,Oakville,Halton,2011,October,Total,1.1,a,Excellent
3524001,Oakville,Halton,2012,October,1 Bedroom,0.6,a,Excellent
3524001,Oakville,Halton,2012,October,2 Bedroom,1.1,a,Excellent
3524001,Oakville,Halton,2012,October,3 Bedroom,2.1,c,Good
3524001,Oakville,Halton,2012,October,Studio,0.0,c,Good
3524001,Oakville,Halton,2012,October,Total,1.0,a,Excellent
3524001,Oakville,Halton,2013,October,1 Bedroom,1.4,a,Excellent
3524001,Oakville,Halton,2013,October,2 Bedroom,1.3,a,Excellent
3524001,Oakville,Halton,2013,October,3 Bedroom,1.6,c,Good
3524001,Oakville,Halton,2013,October,Studio,0.0,c,Good
3524001,Oakville,Halton,2013,October,Total,1.3,a,Excellent
3524001,Oakville,Halton,2014,October,1 Bedroom,1.2,a,Excellent
3524001,Oakville,Halton,2014,October,2 Bedroom,1.5,a,Excellent
3524001,Oakville,Halton,2014,October,3 Bedroom,1.2,d,Poor (use with caution)
3524001,Oakville,Halton,2014,October,Studio,3.0,c,Good
3524001,Oakville,Halton,2014,October,Total,1.4,a,Excellent
3524001,Oakville,Halton,2015,October,1 Bedroom,0.6,a,Excellent
3524001,Oakville,Halton,2015,October,2 Bedroom,0.7,a,Excellent
3524001,Oakville,Halton,2015,October,3 Bedroom,1.6,c,Good
3524001,Oakville,Halton,2015,October,Studio,1.6,c,Good
3524001,Oakville,Halton,2015,October,Total,0.8,a,Excellent
3524001,Oakville,Halton,2016,October,1 Bedroom,1.0,a,Excellent
3524001,Oakville,Halton,2016,October,2 Bedroom,1.9,a,Excellent
3524001,Oakville,Halton,2016,October,3 Bedroom,2.9,a,Excellent
3524001,Oakville,Halton,2016,October,Total,1.7,a,Excellent
3524001,Oakville,Halton,2017,October,1 Bedroom,0.6,a,Excellent
3524001,Oakville,Halton,2017,October,2 Bedroom,1.3,a,Excellent
3524001,Oakville,Halton,2017,October,3 Bedroom,0.1,b,Very good
3524001,Oakville,Halton,2017,October,Studio,0.6,a,Excellent
3524001,Oakville,Halton,2017,October,Total,0.9,a,Excellent
3524001,Oakville,Halton,2018,October,1 Bedroom,1.1,a,Excellent
3524001,Oakville,Halton,2018,October,2 Bedroom,1.2,a,Excellent
3524001,Oakville,Halton,2018,October,3 Bedroom,0.7,b,Very good
3524001,Oakville,Halton,2018,October,Studio,5.1,d,Poor (use with caution)
3524001,Oakville,Halton,2018,October,Total,1.2,a,Excellent
3524001,Oakville,Halton,2019,October,1 Bedroom,2.1,b,Very good
3524001,Oakville,Halton,2019,October,2 Bedroom,2.6,a,Excellent
3524001,Oakville,Halton,2019,October,3 Bedroom,0.8,a,Excellent
3524001,Oakville,Halton,2019,October,Total,2.2,a,Excellent
3524001,Oakville,Halton,2020,October,1 Bedroom,2.4,b,Very good
3524001,Oakville,Halton,2020,October,2 Bedroom,3.9,c,Good
3524001,Oakville,Halton,2020,October,3 Bedroom,0.7,a,Excellent
3524001,Oakville,Halton,2020,October,Total,3.0,c,Good
3524001,Oakville,Halton,2021,October,1 Bedroom,2.7,a,Excellent
3524001,Oakville,Halton,2021,October,2 Bedroom,2.0,a,Excellent
3524001,Oakville,Halton,2021,October,3 Bedroom,0.3,a,Excellent
3524001,Oakville,Halton,2021,October,Studio,3.0,c,Good
3524001,Oakville,Halton,2021,October,Total,2.0,a,Excellent
3524001,Oakville,Halton,2022,October,1 Bedroom,1.1,a,Excellent
3524001,Oakville,Halton,2022,October,2 Bedroom,1.0,a,Excellent
3524001,Oakville,Halton,2022,October,3 Bedroom,0.2,b,Very good
3524001,Oakville,Halton,2022,October,Total,1.0,a,Excellent
3524001,Oakville,Halton,2023,October,1 Bedroom,2.9,b,Very good
3524001,Oakville,Halton,2023,October,2 Bedroom,1.2,a,Excellent
3524001,Oakville,Halton,2023,October,3 Bedroom,0.2,b,Very good
3524001,Oakville,Halton,2023,October,Studio,1.5,d,Poor (use with caution)
3524001,Oakville,Halton,2023,October,Total,1.6,b,Very good
3524001,Oakville,Halton,2024,October,1 Bedroom,5.4,c,Good
3524001,Oakville,Halton,2024,October,2 Bedroom,2.4,b,Very good
3524001,Oakville,Halton,2024,October,3 Bedroom,1.1,d,Poor (use with caution)
3524001,Oakville,Halton,2024,October,Studio,5.4,d,Poor (use with caution)
3524001,Oakville,Halton,2024,October,Total,3.2,b,Very good
3524001,Oakville,Halton,2025,October,1 Bedroom,2.5,b,Very good
3524001,Oakville,Halton,2025,October,2 Bedroom,4.1,d,Poor (use with caution)
3524001,Oakville,Halton,2025,October,Total,3.3,d,Poor (use with caution)
3524002,Burlington,Halton,1990,October,1 Bedroom,1.0,a,Excellent
3524002,Burlington,Halton,1990,October,2 Bedroom,0.6,a,Excellent
3524002,Burlington,Halton,1990,October,3 Bedroom,1.3,a,Excellent
3524002,Burlington,Halton,1990,October,Studio,2.3,c,Good
3524002,Burlington,Halton,1990,October,Total,0.9,a,Excellent
3524002,Burlington,Halton,1991,October,1 Bedroom,1.0,a,Excellent
3524002,Burlington,Halton,1991,October,2 Bedroom,0.6,a,Excellent
3524002,Burlington,Halton,1991,October,3 Bedroom,1.5,a,Excellent
3524002,Burlington,Halton,1991,October,Studio,0.0,c,Good
3524002,Burlington,Halton,1991,October,Total,0.9,a,Excellent
3524002,Burlington,Halton,1992,October,1 Bedroom,0.6,a,Excellent
3524002,Burlington,Halton,1992,October,2 Bedroom,1.4,a,Excellent
3524002,Burlington,Halton,1992,October,3 Bedroom,1.5,b,Very good
3524002,Burlington,Halton,1992,October,Studio,0.0,c,Good
3524002,Burlington,Halton,1992,October,Total,1.2,a,Excellent
3524002,Burlington,Halton,1993,October,1 Bedroom,1.5,a,Excellent
3524002,Burlington,Halton,1993,October,2 Bedroom,2.0,a,Excellent
3524002,Burlington,Halton,1993,October,3 Bedroom,3.7,b,Very good
3524002,Burlington,Halton,1993,October,Studio,0.0,c,Good
3524002,Burlington,Halton,1993,October,Total,2.2,a,Excellent
3524002,Burlington,Halton,1994,October,1 Bedroom,1.1,a,Excellent
3524002,Burlington,Halton,1994,October,2 Bedroom,1.4,a,Excellent
3524002,Burlington,Halton,1994,October,3 Bedroom,1.9,a,Excellent
3524002,Burlington,Halton,1994,October,Total,1.4,a,Excellent
3524002,Burlington,Halton,1995,October,1 Bedroom,0.8,a,Excellent
3524002,Burlington,Halton,1995,October,2 Bedroom,0.8,a,Excellent
3524002,Burlington,Halton,1995,October,3 Bedroom,1.8,a,Excellent
3524002,Burlington,Halton,1995,October,Studio,0.0,c,Good
3524002,Burlington,Halton,1995,October,Total,1.0,a,Excellent
3524002,Burlington,Halton,1996,October,1 Bedroom,1.1,a,Excellent
3524002,Burlington,Halton,1996,October,2 Bedroom,1.0,a,Excellent
3524002,Burlington,Halton,1996,October,3 Bedroom,1.4,a,Excellent
3524002,Burlington,Halton,1996,October,Total,1.1,a,Excellent
3524002,Burlington,Halton,1997,October,1 Bedroom,1.9,b,Very good
3524002,Burlington,Halton,1997,October,2 Bedroom,1.1,a,Excellent
3524002,Burlington,Halton,1997,October,3 Bedroom,1.9,a,Excellent
3524002,Burlington,Halton,1997,October,Studio,0.0,d,Poor (use with caution)
3524002,Burlington,Halton,1997,October,Total,1.5,a,Excellent
3524002,Burlington,Halton,1998,October,1 Bedroom,0.2,a,Excellent
3524002,Burlington,Halton,1998,October,2 Bedroom,0.4,a,Excellent
3524002,Burlington,Halton,1998,October,3 Bedroom,0.6,a,Excellent
3524002,Burlington,Halton,1998,October,Studio,0.0,d,Poor (use with caution)
3524002,Burlington,Halton,1998,October,Total,0.4,a,Excellent
3524002,Burlington,Halton,1999,October,1 Bedroom,0.9,a,Excellent
3524002,Burlington,Halton,1999,October,2 Bedroom,0.8,a,Excellent
3524002,Burlington,Halton,1999,October,3 Bedroom,0.6,a,Excellent
3524002,Burlington,Halton,1999,October,Studio,0.0,d,Poor (use with caution)
3524002,Burlington,Halton,1999,October,Total,0.8,a,Excellent
3524002,Burlington,Halton,2000,October,1 Bedroom,0.4,a,Excellent
3524002,Burlington,Halton,2000,October,2 Bedroom,0.3,a,Excellent
3524002,Burlington,Halton,2000,October,3 Bedroom,0.5,a,Excellent
3524002,Burlington,Halton,2000,October,Studio,0.0,d,Poor (use with caution)
3524002,Burlington,Halton,2000,October,Total,0.4,a,Excellent
3524002,Burlington,Halton,2001,October,1 Bedroom,0.1,a,Excellent
3524002,Burlington,Halton,2001,October,2 Bedroom,0.3,a,Excellent
3524002,Burlington,Halton,2001,October,3 Bedroom,0.1,a,Excellent
3524002,Burlington,Halton,2001,October,Total,0.2,a,Excellent
3524002,Burlington,Halton,2002,October,1 Bedroom,0.7,a,Excellent
3524002,Burlington,Halton,2002,October,2 Bedroom,0.4,a,Excellent
3524002,Burlington,Halton,2002,October,3 Bedroom,1.3,a,Excellent
3524002,Burlington,Halton,2002,October,Total,0.7,a,Excellent
3524002,Burlington,Halton,2003,October,1 Bedroom,0.5,a,Excellent
3524002,Burlington,Halton,2003,October,2 Bedroom,0.7,a,Excellent
3524002,Burlington,Halton,2003,October,3 Bedroom,1.1,a,Excellent
3524002,Burlington,Halton,2003,October,Studio,0.0,c,Good
3524002,Burlington,Halton,2003,October,Total,0.7,a,Excellent
3524002,Burlington,Halton,2004,October,1 Bedroom,1.3,a,Excellent
3524002,Burlington,Halton,2004,October,2 Bedroom,1.3,a,Excellent
3524002,Burlington,Halton,2004,October,3 Bedroom,4.4,c,Good
3524002,Burlington,Halton,2004,October,Total,1.9,a,Excellent
3524002,Burlington,Halton,2005,October,1 Bedroom,2.4,c,Good
3524002,Burlington,Halton,2005,October,2 Bedroom,1.3,a,Excellent
3524002,Burlington,Halton,2005,October,3 Bedroom,2.8,b,Very good
3524002,Burlington,Halton,2005,October,Total,1.9,a,Excellent
3524002,Burlington,Halton,2006,October,1 Bedroom,2.1,b,Very good
3524002,Burlington,Halton,2006,October,2 Bedroom,1.8,b,Very good
3524002,Burlington,Halton,2006,October,3 Bedroom,2.8,b,Very good
3524002,Burlington,Halton,2006,October,Total,2.1,b,Very good
3524002,Burlington,Halton,2007,October,1 Bedroom,1.6,b,Very good
3524002,Burlington,Halton,2007,October,2 Bedroom,2.0,a,Excellent
3524002,Burlington,Halton,2007,October,3 Bedroom,1.6,b,Very good
3524002,Burlington,Halton,2007,October,Studio,0.0,d,Poor (use with caution)
3524002,Burlington,Halton,2007,October,Total,1.8,a,Excellent
3524002,Burlington,Halton,2008,October,1 Bedroom,1.0,a,Excellent
3524002,Burlington,Halton,2008,October,2 Bedroom,1.6,b,Very good
3524002,Burlington,Halton,2008,October,3 Bedroom,1.3,a,Excellent
3524002,Burlington,Halton,2008,October,Studio,1.0,d,Poor (use with caution)
3524002,Burlington,Halton,2008,October,Total,1.4,a,Excellent
3524002,Burlington,Halton,2009,October,1 Bedroom,2.9,b,Very good
3524002,Burlington,Halton,2009,October,2 Bedroom,2.3,a,Excellent
3524002,Burlington,Halton,2009,October,3 Bedroom,2.2,b,Very good
3524002,Burlington,Halton,2009,October,Studio,3.0,c,Good
3524002,Burlington,Halton,2009,October,Total,2.4,a,Excellent
3524002,Burlington,Halton,2010,October,1 Bedroom,0.9,a,Excellent
3524002,Burlington,Halton,2010,October,2 Bedroom,1.4,a,Excellent
3524002,Burlington,Halton,2010,October,3 Bedroom,2.2,c,Good
3524002,Burlington,Halton,2010,October,Total,1.4,a,Excellent
3524002,Burlington,Halton,2011,October,1 Bedroom,0.6,a,Excellent
3524002,Burlington,Halton,2011,October,2 Bedroom,1.3,a,Excellent
3524002,Burlington,Halton,2011,October,3 Bedroom,0.4,a,Excellent
3524002,Burlington,Halton,2011,October,Total,0.9,a,Excellent
3524002,Burlington,Halton,2012,October,1 Bedroom,1.3,a,Excellent
3524002,Burlington,Halton,2012,October,2 Bedroom,1.2,a,Excellent
3524002,Burlington,Halton,2012,October,3 Bedroom,1.6,b,Very good
3524002,Burlington,Halton,2012,October,Total,1.3,a,Excellent
3524002,Burlington,Halton,2013,October,1 Bedroom,1.7,b,Very good
3524002,Burlington,Halton,2013,October,2 Bedroom,1.8,b,Very good
3524002,Burlington,Halton,2013,October,3 Bedroom,1.8,c,Good
3524002,Burlington,Halton,2013,October,Total,1.8,b,Very good
3524002,Burlington,Halton,2014,October,1 Bedroom,2.1,b,Very good
3524002,Burlington,Halton,2014,October,2 Bedroom,1.2,a,Excellent
3524002,Burlington,Halton,2014,October,3 Bedroom,0.4,a,Excellent
3524002,Burlington,Halton,2014,October,Total,1.3,a,Excellent
3524002,Burlington,Halton,2015,October,1 Bedroom,1.4,a,Excellent
3524002,Burlington,Halton,2015,October,2 Bedroom,1.9,a,Excellent
3524002,Burlington,Halton,2015,October,3 Bedroom,1.1,a,Excellent
3524002,Burlington,Halton,2015,October,Total,1.7,a,Excellent
3524002,Burlington,Halton,2016,October,1 Bedroom,1.1,a,Excellent
3524002,Burlington,Halton,2016,October,2 Bedroom,1.2,a,Excellent
3524002,Burlington,Halton,2016,October,3 Bedroom,0.7,b,Very good
3524002,Burlington,Halton,2016,October,Studio,0.6,b,Very good
3524002,Burlington,Halton,2016,October,Total,1.1,a,Excellent
3524002,Burlington,Halton,2017,October,1 Bedroom,1.3,a,Excellent
3524002,Burlington,Halton,2017,October,2 Bedroom,1.4,a,Excellent
3524002,Burlington,Halton,2017,October,3 Bedroom,0.9,a,Excellent
3524002,Burlington,Halton,2017,October,Studio,3.0,d,Poor (use with caution)
3524002,Burlington,Halton,2017,October,Total,1.3,a,Excellent
3524002,Burlington,Halton,2018,October,1 Bedroom,1.0,a,Excellent
3524002,Burlington,Halton,2018,October,2 Bedroom,2.2,b,Very good
3524002,Burlington,Halton,2018,October,3 Bedroom,1.6,b,Very good
3524002,Burlington,Halton,2018,October,Total,1.7,b,Very good
3524002,Burlington,Halton,2019,October,1 Bedroom,1.3,a,Excellent
3524002,Burlington,Halton,2019,October,2 Bedroom,2.0,b,Very good
3524002,Burlington,Halton,2019,October,3 Bedroom,1.2,a,Excellent
3524002,Burlington,Halton,2019,October,Total,1.7,a,Excellent
3524002,Burlington,Halton,2020,October,1 Bedroom,1.7,b,Very good
3524002,Burlington,Halton,2020,October,2 Bedroom,2.1,a,Excellent
3524002,Burlington,Halton,2020,October,3 Bedroom,1.5,a,Excellent
3524002,Burlington,Halton,2020,October,Total,2.0,a,Excellent
3524002,Burlington,Halton,2021,October,1 Bedroom,0.9,a,Excellent
3524002,Burlington,Halton,2021,October,2 Bedroom,1.2,a,Excellent
3524002,Burlington,Halton,2021,October,3 Bedroom,1.6,b,Very good
3524002,Burlington,Halton,2021,October,Total,1.2,a,Excellent
3524002,Burlington,Halton,2022,October,1 Bedroom,1.1,a,Excellent
3524002,Burlington,Halton,2022,October,2 Bedroom,1.1,a,Excellent
3524002,Burlington,Halton,2022,October,3 Bedroom,1.6,b,Very good
3524002,Burlington,Halton,2022,October,Total,1.2,a,Excellent
3524002,Burlington,Halton,2023,October,1 Bedroom,1.3,a,Excellent
3524002,Burlington,Halton,2023,October,2 Bedroom,1.9,b,Very good
3524002,Burlington,Halton,2023,October,3 Bedroom,0.7,a,Excellent
3524002,Burlington,Halton,2023,October,Total,1.6,b,Very good
3524002,Burlington,Halton,2024,October,1 Bedroom,1.5,b,Very good
3524002,Burlington,Halton,2024,October,2 Bedroom,2.2,a,Excellent
3524002,Burlington,Halton,2024,October,3 Bedroom,0.9,a,Excellent
3524002,Burlington,Halton,2024,October,Total,1.8,a,Excellent
3524002,Burlington,Halton,2025,October,1 Bedroom,2.6,a,Excellent
3524002,Burlington,Halton,2025,October,2 Bedroom,1.8,a,Excellent
3524002,Burlington,Halton,2025,October,3 Bedroom,1.2,a,Excellent
3524002,Burlington,Halton,2025,October,Total,2.0,a,Excellent
3524009,Milton,Halton,1990,October,1 Bedroom,0.0,c,Good
3524009,Milton,Halton,1990,October,2 Bedroom,0.0,c,Good
3524009,Milton,Halton,1990,October,3 Bedroom,0.0,a,Excellent
3524009,Milton,Halton,1990,October,Studio,0.0,a,Excellent
3524009,Milton,Halton,1990,October,Total,0.0,c,Good
3524009,Milton,Halton,1991,October,1 Bedroom,0.0,c,Good
3524009,Milton,Halton,1991,October,2 Bedroom,0.0,d,Poor (use with caution)
3524009,Milton,Halton,1991,October,3 Bedroom,0.0,a,Excellent
3524009,Milton,Halton,1991,October,Total,0.0,d,Poor (use with caution)
3524009,Milton,Halton,1992,October,1 Bedroom,0.7,a,Excellent
3524009,Milton,Halton,1992,October,2 Bedroom,0.0,c,Good
3524009,Milton,Halton,1992,October,Studio,0.0,a,Excellent
3524009,Milton,Halton,1992,October,Total,0.3,a,Excellent
3524009,Milton,Halton,1993,October,1 Bedroom,1.2,a,Excellent
3524009,Milton,Halton,1993,October,2 Bedroom,0.0,c,Good
3524009,Milton,Halton,1993,October,3 Bedroom,0.0,a,Excellent
3524009,Milton,Halton,1993,October,Studio,7.4,a,Excellent
3524009,Milton,Halton,1993,October,Total,0.7,a,Excellent
3524009,Milton,Halton,1994,October,1 Bedroom,0.3,a,Excellent
3524009,Milton,Halton,1994,October,2 Bedroom,0.3,a,Excellent
3524009,Milton,Halton,1994,October,3 Bedroom,0.0,a,Excellent
3524009,Milton,Halton,1994,October,Studio,0.0,a,Excellent
3524009,Milton,Halton,1994,October,Total,0.3,a,Excellent
3524009,Milton,Halton,1995,October,1 Bedroom,2.5,b,Very good
3524009,Milton,Halton,1995,October,2 Bedroom,0.4,b,Very good
3524009,Milton,Halton,1995,October,3 Bedroom,12.9,a,Excellent
3524009,Milton,Halton,1995,October,Studio,18.9,a,Excellent
3524009,Milton,Halton,1995,October,Total,1.9,c,Good
3524009,Milton,Halton,1996,October,1 Bedroom,0.4,a,Excellent
3524009,Milton,Halton,1996,October,2 Bedroom,0.0,d,Poor (use with caution)
3524009,Milton,Halton,1996,October,Total,0.2,b,Very good
3524009,Milton,Halton,1997,October,1 Bedroom,0.4,a,Excellent
3524009,Milton,Halton,1997,October,2 Bedroom,1.1,a,Excellent
3524009,Milton,Halton,1997,October,Total,1.0,a,Excellent
3524009,Milton,Halton,1998,October,1 Bedroom,0.0,c,Good
3524009,Milton,Halton,1998,October,2 Bedroom,0.0,d,Poor (use with caution)
3524009,Milton,Halton,1998,October,Studio,0.0,a,Excellent
3524009,Milton,Halton,1998,October,Total,0.0,d,Poor (use with caution)
3524009,Milton,Halton,1999,October,1 Bedroom,0.0,c,Good
3524009,Milton,Halton,1999,October,2 Bedroom,0.0,d,Poor (use with caution)
3524009,Milton,Halton,1999,October,Studio,0.0,a,Excellent
3524009,Milton,Halton,1999,October,Total,0.0,d,Poor (use with caution)
3524009,Milton,Halton,2000,October,1 Bedroom,0.0,c,Good
3524009,Milton,Halton,2000,October,2 Bedroom,0.3,a,Excellent
3524009,Milton,Halton,2000,October,Total,0.2,a,Excellent
3524009,Milton,Halton,2001,October,1 Bedroom,0.4,a,Excellent
3524009,Milton,Halton,2001,October,2 Bedroom,0.0,d,Poor (use with caution)
3524009,Milton,Halton,2001,October,Total,0.2,b,Very good
3524009,Milton,Halton,2002,October,1 Bedroom,1.5,a,Excellent
3524009,Milton,Halton,2002,October,2 Bedroom,2.5,c,Good
3524009,Milton,Halton,2002,October,Total,2.0,c,Good
3524009,Milton,Halton,2003,October,1 Bedroom,1.0,d,Poor (use with caution)
3524009,Milton,Halton,2003,October,2 Bedroom,0.4,b,Very good
3524009,Milton,Halton,2003,October,Total,0.7,b,Very good
3524009,Milton,Halton,2004,October,1 Bedroom,1.5,b,Very good
3524009,Milton,Halton,2004,October,2 Bedroom,1.9,c,Good
3524009,Milton,Halton,2004,October,Total,1.7,b,Very good
3524009,Milton,Halton,2005,October,1 Bedroom,0.0,c,Good
3524009,Milton,Halton,2005,October,2 Bedroom,0.8,a,Excellent
3524009,Milton,Halton,2005,October,Studio,0.0,a,Excellent
3524009,Milton,Halton,2005,October,Total,0.4,a,Excellent
3524009,Milton,Halton,2006,October,1 Bedroom,1.4,a,Excellent
3524009,Milton,Halton,2006,October,2 Bedroom,1.1,a,Excellent
3524009,Milton,Halton,2006,October,Total,1.3,a,Excellent
3524009,Milton,Halton,2007,October,1 Bedroom,2.1,a,Excellent
3524009,Milton,Halton,2007,October,2 Bedroom,0.5,a,Excellent
3524009,Milton,Halton,2007,October,Total,1.3,a,Excellent
3524009,Milton,Halton,2008,October,1 Bedroom,1.3,a,Excellent
3524009,Milton,Halton,2008,October,2 Bedroom,0.5,a,Excellent
3524009,Milton,Halton,2008,October,Total,0.8,a,Excellent
3524009,Milton,Halton,2009,October,1 Bedroom,3.9,d,Poor (use with caution)
3524009,Milton,Halton,2009,October,2 Bedroom,1.7,c,Good
3524009,Milton,Halton,2009,October,Total,2.7,c,Good
3524009,Milton,Halton,2010,October,1 Bedroom,1.3,a,Excellent
3524009,Milton,Halton,2010,October,2 Bedroom,1.4,a,Excellent
3524009,Milton,Halton,2010,October,Total,1.3,a,Excellent
3524009,Milton,Halton,2011,October,1 Bedroom,0.9,a,Excellent
3524009,Milton,Halton,2011,October,2 Bedroom,0.0,d,Poor (use with caution)
3524009,Milton,Halton,2011,October,Total,0.4,a,Excellent
3524009,Milton,Halton,2012,October,1 Bedroom,1.4,a,Excellent
3524009,Milton,Halton,2012,October,2 Bedroom,0.3,a,Excellent
3524009,Milton,Halton,2012,October,Total,0.8,a,Excellent
3524009,Milton,Halton,2013,October,1 Bedroom,1.8,c,Good
3524009,Milton,Halton,2013,October,2 Bedroom,1.2,a,Excellent
3524009,Milton,Halton,2013,October,Total,1.5,a,Excellent
3524009,Milton,Halton,2014,October,1 Bedroom,2.1,b,Very good
3524009,Milton,Halton,2014,October,2 Bedroom,0.6,a,Excellent
3524009,Milton,Halton,2014,October,Total,1.2,a,Excellent
3524009,Milton,Halton,2015,October,1 Bedroom,1.3,a,Excellent
3524009,Milton,Halton,2015,October,2 Bedroom,1.4,a,Excellent
3524009,Milton,Halton,2015,October,Total,1.3,a,Excellent
3524009,Milton,Halton,2016,October,1 Bedroom,2.2,b,Very good
3524009,Milton,Halton,2016,October,2 Bedroom,1.5,c,Good
3524009,Milton,Halton,2016,October,Total,1.8,c,Good
3524009,Milton,Halton,2017,October,1 Bedroom,0.5,b,Very good
3524009,Milton,Halton,2017,October,Total,0.7,b,Very good
3524009,Milton,Halton,2018,October,2 Bedroom,0.3,b,Very good
3524009,Milton,Halton,2018,October,Total,0.9,a,Excellent
3524009,Milton,Halton,2019,October,1 Bedroom,2.0,c,Good
3524009,Milton,Halton,2019,October,2 Bedroom,1.3,a,Excellent
3524009,Milton,Halton,2019,October,Total,1.6,c,Good
3524009,Milton,Halton,2020,October,1 Bedroom,1.7,c,Good
3524009,Milton,Halton,2020,October,2 Bedroom,0.3,b,Very good
3524009,Milton,Halton,2020,October,Total,0.9,a,Excellent
3524009,Milton,Halton,2021,October,1 Bedroom,2.2,b,Very good
3524009,Milton,Halton,2021,October,2 Bedroom,0.8,a,Excellent
3524009,Milton,Halton,2021,October,Total,1.5,b,Very good
3524009,Milton,Halton,2022,October,1 Bedroom,1.0,a,Excellent
3524009,Milton,Halton,2022,October,2 Bedroom,0.3,b,Very good
3524009,Milton,Halton,2022,October,Total,0.6,a,Excellent
3524009,Milton,Halton,2023,October,1 Bedroom,3.6,c,Good
3524009,Milton,Halton,2023,October,2 Bedroom,1.3,d,Poor (use with caution)
3524009,Milton,Halton,2023,October,Total,2.4,c,Good
3524009,Milton,Halton,2024,October,2 Bedroom,2.6,c,Good
3524009,Milton,Halton,2024,October,Total,4.2,d,Poor (use with caution)
3524009,Milton,Halton,2025,October,1 Bedroom,5.0,d,Poor (use with caution)
3524009,Milton,Halton,2025,October,2 Bedroom,1.8,c,Good
3524009,Milton,Halton,2025,October,Total,3.2,c,Good
3524015,Halton Hills,Halton,1990,October,1 Bedroom,0.0,c,Good
3524015,Halton Hills,Halton,1990,October,2 Bedroom,0.7,a,Excellent
3524015,Halton Hills,Halton,1990,October,Total,0.5,a,Excellent
3524015,Halton Hills,Halton,1991,October,1 Bedroom,2.8,b,Very good
3524015,Halton Hills,Halton,1991,October,2 Bedroom,1.8,a,Excellent
3524015,Halton Hills,Halton,1991,October,3 Bedroom,2.2,a,Excellent
3524015,Halton Hills,Halton,1991,October,Studio,5.0,d,Poor (use with caution)
3524015,Halton Hills,Halton,1991,October,Total,2.2,a,Excellent
3524015,Halton Hills,Halton,1992,October,1 Bedroom,4.9,b,Very good
3524015,Halton Hills,Halton,1992,October,2 Bedroom,4.3,b,Very good
3524015,Halton Hills,Halton,1992,October,3 Bedroom,2.2,a,Excellent
3524015,Halton Hills,Halton,1992,October,Studio,4.3,d,Poor (use with caution)
3524015,Halton Hills,Halton,1992,October,Total,4.3,b,Very good
3524015,Halton Hills,Halton,1993,October,1 Bedroom,3.8,c,Good
3524015,Halton Hills,Halton,1993,October,2 Bedroom,1.5,a,Excellent
3524015,Halton Hills,Halton,1993,October,3 Bedroom,1.0,a,Excellent
3524015,Halton Hills,Halton,1993,October,Total,2.2,b,Very good
3524015,Halton Hills,Halton,1994,October,1 Bedroom,2.9,b,Very good
3524015,Halton Hills,Halton,1994,October,2 Bedroom,1.0,a,Excellent
3524015,Halton Hills,Halton,1994,October,3 Bedroom,3.1,a,Excellent
3524015,Halton Hills,Halton,1994,October,Total,1.8,a,Excellent
3524015,Halton Hills,Halton,1995,October,1 Bedroom,0.0,b,Very good
3524015,Halton Hills,Halton,1995,October,2 Bedroom,0.3,a,Excellent
3524015,Halton Hills,Halton,1995,October,3 Bedroom,2.0,a,Excellent
3524015,Halton Hills,Halton,1995,October,Total,0.4,a,Excellent
3524015,Halton Hills,Halton,1996,October,1 Bedroom,1.0,a,Excellent
3524015,Halton Hills,Halton,1996,October,2 Bedroom,3.1,a,Excellent
3524015,Halton Hills,Halton,1996,October,3 Bedroom,2.0,a,Excellent
3524015,Halton Hills,Halton,1996,October,Total,2.5,a,Excellent
3524015,Halton Hills,Halton,1997,October,1 Bedroom,0.4,a,Excellent
3524015,Halton Hills,Halton,1997,October,2 Bedroom,1.1,a,Excellent
3524015,Halton Hills,Halton,1997,October,3 Bedroom,1.0,a,Excellent
3524015,Halton Hills,Halton,1997,October,Total,1.2,a,Excellent
3524015,Halton Hills,Halton,1998,October,1 Bedroom,2.0,c,Good
3524015,Halton Hills,Halton,1998,October,2 Bedroom,0.4,a,Excellent
3524015,Halton Hills,Halton,1998,October,3 Bedroom,0.0,a,Excellent
3524015,Halton Hills,Halton,1998,October,Total,0.8,a,Excellent
3524015,Halton Hills,Halton,1999,October,1 Bedroom,1.3,a,Excellent
3524015,Halton Hills,Halton,1999,October,2 Bedroom,0.2,a,Excellent
3524015,Halton Hills,Halton,1999,October,3 Bedroom,0.0,a,Excellent
3524015,Halton Hills,Halton,1999,October,Studio,0.0,a,Excellent
3524015,Halton Hills,Halton,1999,October,Total,0.4,a,Excellent
3524015,Halton Hills,Halton,2000,October,1 Bedroom,0.9,a,Excellent
3524015,Halton Hills,Halton,2000,October,2 Bedroom,0.6,a,Excellent
3524015,Halton Hills,Halton,2000,October,3 Bedroom,0.0,c,Good
3524015,Halton Hills,Halton,2000,October,Total,0.6,a,Excellent
3524015,Halton Hills,Halton,2001,October,1 Bedroom,0.0,b,Very good
3524015,Halton Hills,Halton,2001,October,2 Bedroom,0.0,b,Very good
3524015,Halton Hills,Halton,2001,October,3 Bedroom,0.0,c,Good
3524015,Halton Hills,Halton,2001,October,Studio,0.0,a,Excellent
3524015,Halton Hills,Halton,2001,October,Total,0.0,b,Very good
3524015,Halton Hills,Halton,2002,October,1 Bedroom,1.6,c,Good
3524015,Halton Hills,Halton,2002,October,2 Bedroom,0.3,b,Very good
3524015,Halton Hills,Halton,2002,October,3 Bedroom,3.5,c,Good
3524015,Halton Hills,Halton,2002,October,Total,1.3,a,Excellent
3524015,Halton Hills,Halton,2003,October,1 Bedroom,3.5,a,Excellent
3524015,Halton Hills,Halton,2003,October,2 Bedroom,1.2,a,Excellent
3524015,Halton Hills,Halton,2003,October,3 Bedroom,0.8,a,Excellent
3524015,Halton Hills,Halton,2003,October,Studio,4.0,a,Excellent
3524015,Halton Hills,Halton,2003,October,Total,1.9,a,Excellent
3524015,Halton Hills,Halton,2004,October,1 Bedroom,3.6,b,Very good
3524015,Halton Hills,Halton,2004,October,2 Bedroom,2.0,a,Excellent
3524015,Halton Hills,Halton,2004,October,3 Bedroom,3.1,a,Excellent
3524015,Halton Hills,Halton,2004,October,Total,2.5,a,Excellent
3524015,Halton Hills,Halton,2005,October,1 Bedroom,2.8,a,Excellent
3524015,Halton Hills,Halton,2005,October,2 Bedroom,1.4,a,Excellent
3524015,Halton Hills,Halton,2005,October,3 Bedroom,2.2,a,Excellent
3524015,Halton Hills,Halton,2005,October,Total,2.3,a,Excellent
3524015,Halton Hills,Halton,2006,October,1 Bedroom,2.2,a,Excellent
3524015,Halton Hills,Halton,2006,October,2 Bedroom,0.8,a,Excellent
3524015,Halton Hills,Halton,2006,October,3 Bedroom,0.6,a,Excellent
3524015,Halton Hills,Halton,2006,October,Total,1.9,a,Excellent
3524015,Halton Hills,Halton,2007,October,1 Bedroom,0.5,b,Very good
3524015,Halton Hills,Halton,2007,October,2 Bedroom,2.1,c,Good
3524015,Halton Hills,Halton,2007,October,Total,1.7,b,Very good
3524015,Halton Hills,Halton,2008,October,1 Bedroom,6.4,c,Good
3524015,Halton Hills,Halton,2008,October,2 Bedroom,2.4,b,Very good
3524015,Halton Hills,Halton,2008,October,Total,4.0,c,Good
3524015,Halton Hills,Halton,2009,October,1 Bedroom,6.4,c,Good
3524015,Halton Hills,Halton,2009,October,2 Bedroom,2.9,b,Very good
3524015,Halton Hills,Halton,2009,October,Studio,6.8,c,Good
3524015,Halton Hills,Halton,2009,October,Total,4.0,c,Good
3524015,Halton Hills,Halton,2010,October,1 Bedroom,4.4,b,Very good
3524015,Halton Hills,Halton,2010,October,2 Bedroom,1.2,a,Excellent
3524015,Halton Hills,Halton,2010,October,3 Bedroom,1.5,a,Excellent
3524015,Halton Hills,Halton,2010,October,Studio,4.1,a,Excellent
3524015,Halton Hills,Halton,2010,October,Total,2.3,a,Excellent
3524015,Halton Hills,Halton,2011,October,1 Bedroom,3.0,c,Good
3524015,Halton Hills,Halton,2011,October,2 Bedroom,1.4,a,Excellent
3524015,Halton Hills,Halton,2011,October,3 Bedroom,4.2,d,Poor (use with caution)
3524015,Halton Hills,Halton,2011,October,Total,2.4,a,Excellent
3524015,Halton Hills,Halton,2012,October,1 Bedroom,6.8,c,Good
3524015,Halton Hills,Halton,2012,October,2 Bedroom,2.5,b,Very good
3524015,Halton Hills,Halton,2012,October,3 Bedroom,5.1,c,Good
3524015,Halton Hills,Halton,2012,October,Total,4.3,b,Very good
3524015,Halton Hills,Halton,2013,October,1 Bedroom,3.3,d,Poor (use with caution)
3524015,Halton Hills,Halton,2013,October,2 Bedroom,0.4,a,Excellent
3524015,Halton Hills,Halton,2013,October,Total,1.3,a,Excellent
3524015,Halton Hills,Halton,2014,October,1 Bedroom,4.2,d,Poor (use with caution)
3524015,Halton Hills,Halton,2014,October,2 Bedroom,3.1,c,Good
3524015,Halton Hills,Halton,2014,October,3 Bedroom,1.6,b,Very good
3524015,Halton Hills,Halton,2014,October,Total,3.6,c,Good
3524015,Halton Hills,Halton,2015,October,1 Bedroom,3.3,d,Poor (use with caution)
3524015,Halton Hills,Halton,2015,October,2 Bedroom,0.6,a,Excellent
3524015,Halton Hills,Halton,2015,October,3 Bedroom,5.0,b,Very good
3524015,Halton Hills,Halton,2015,October,Total,1.8,c,Good
3524015,Halton Hills,Halton,2016,October,2 Bedroom,0.0,c,Good
3524015,Halton Hills,Halton,2016,October,Total,0.6,b,Very good
3524015,Halton Hills,Halton,2017,October,1 Bedroom,0.0,c,Good
3524015,Halton Hills,Halton,2017,October,2 Bedroom,0.2,a,Excellent
3524015,Halton Hills,Halton,2017,October,Total,0.1,b,Very good
3524015,Halton Hills,Halton,2018,October,2 Bedroom,0.5,a,Excellent
3524015,Halton Hills,Halton,2018,October,Total,0.9,a,Excellent
3524015,Halton Hills,Halton,2019,October,1 Bedroom,0.9,a,Excellent
3524015,Halton Hills,Halton,2019,October,2 Bedroom,1.9,c,Good
3524015,Halton Hills,Halton,2019,October,3 Bedroom,1.8,c,Good
3524015,Halton Hills,Halton,2019,October,Total,1.5,a,Excellent
3524015,Halton Hills,Halton,2020,October,1 Bedroom,3.6,d,Poor (use with caution)
3524015,Halton Hills,Halton,2020,October,2 Bedroom,1.0,a,Excellent
3524015,Halton Hills,Halton,2020,October,Total,1.9,b,Very good
3524015,Halton Hills,Halton,2021,October,1 Bedroom,1.4,d,Poor (use with caution)
3524015,Halton Hills,Halton,2021,October,2 Bedroom,0.3,b,Very good
3524015,Halton Hills,Halton,2021,October,Total,0.7,b,Very good
3524015,Halton Hills,Halton,2022,October,2 Bedroom,2.7,c,Good
3524015,Halton Hills,Halton,2022,October,Total,2.8,c,Good
3524015,Halton Hills,Halton,2024,October,1 Bedroom,0.0,d,Poor (use with caution)
3524015,Halton Hills,Halton,2024,October,2 Bedroom,0.0,d,Poor (use with caution)
3524015,Halton Hills,Halton,2024,October,Total,0.0,d,Poor (use with caution)
